ARM GAS  /tmp/ccMSGEvU.s 			page 1


   1              		.cpu cortex-m4
   2              		.arch armv7e-m
   3              		.fpu fpv4-sp-d16
   4              		.eabi_attribute 27, 1
   5              		.eabi_attribute 28, 1
   6              		.eabi_attribute 20, 1
   7              		.eabi_attribute 21, 1
   8              		.eabi_attribute 23, 3
   9              		.eabi_attribute 24, 1
  10              		.eabi_attribute 25, 1
  11              		.eabi_attribute 26, 1
  12              		.eabi_attribute 30, 1
  13              		.eabi_attribute 34, 1
  14              		.eabi_attribute 18, 4
  15              		.file	"os_core.c"
  16              		.text
  17              	.Ltext0:
  18              		.cfi_sections	.debug_frame
  19              		.file 1 "./ucos/Core/os_core.c"
  20              		.section	.text.OS_InitMisc,"ax",%progbits
  21              		.align	1
  22              		.syntax unified
  23              		.thumb
  24              		.thumb_func
  26              	OS_InitMisc:
  27              	.LFB20:
   1:./ucos/Core/os_core.c **** /*
   2:./ucos/Core/os_core.c **** ***************************************************************************************************
   3:./ucos/Core/os_core.c **** *                                              uC/OS-II
   4:./ucos/Core/os_core.c **** *                                        The Real-Time Kernel
   5:./ucos/Core/os_core.c **** *
   6:./ucos/Core/os_core.c **** *                    Copyright 1992-2021 Silicon Laboratories Inc. www.silabs.com
   7:./ucos/Core/os_core.c **** *
   8:./ucos/Core/os_core.c **** *                                 SPDX-License-Identifier: APACHE-2.0
   9:./ucos/Core/os_core.c **** *
  10:./ucos/Core/os_core.c **** *               This software is subject to an open source license and is distributed by
  11:./ucos/Core/os_core.c **** *                Silicon Laboratories Inc. pursuant to the terms of the Apache License,
  12:./ucos/Core/os_core.c **** *                    Version 2.0 available at www.apache.org/licenses/LICENSE-2.0.
  13:./ucos/Core/os_core.c **** *
  14:./ucos/Core/os_core.c **** ***************************************************************************************************
  15:./ucos/Core/os_core.c **** */
  16:./ucos/Core/os_core.c **** 
  17:./ucos/Core/os_core.c **** 
  18:./ucos/Core/os_core.c **** /*
  19:./ucos/Core/os_core.c **** ***************************************************************************************************
  20:./ucos/Core/os_core.c **** *
  21:./ucos/Core/os_core.c **** *                                            CORE FUNCTIONS
  22:./ucos/Core/os_core.c **** *
  23:./ucos/Core/os_core.c **** * Filename : os_core.c
  24:./ucos/Core/os_core.c **** * Version  : V2.93.01
  25:./ucos/Core/os_core.c **** ***************************************************************************************************
  26:./ucos/Core/os_core.c **** */
  27:./ucos/Core/os_core.c **** 
  28:./ucos/Core/os_core.c **** #ifndef  OS_CORE_C
  29:./ucos/Core/os_core.c **** #define  OS_CORE_C
  30:./ucos/Core/os_core.c **** 
  31:./ucos/Core/os_core.c **** #define  MICRIUM_SOURCE
ARM GAS  /tmp/ccMSGEvU.s 			page 2


  32:./ucos/Core/os_core.c **** 
  33:./ucos/Core/os_core.c **** #ifndef  OS_MASTER_FILE
  34:./ucos/Core/os_core.c **** #define  OS_GLOBALS
  35:./ucos/Core/os_core.c **** #include <ucos_ii.h>
  36:./ucos/Core/os_core.c **** #endif
  37:./ucos/Core/os_core.c **** 
  38:./ucos/Core/os_core.c **** /*
  39:./ucos/Core/os_core.c **** ***************************************************************************************************
  40:./ucos/Core/os_core.c **** *                                      PRIORITY RESOLUTION TABLE
  41:./ucos/Core/os_core.c **** *
  42:./ucos/Core/os_core.c **** * Note: Index into table is bit pattern to resolve highest priority
  43:./ucos/Core/os_core.c **** *       Indexed value corresponds to highest priority bit position (i.e. 0..7)
  44:./ucos/Core/os_core.c **** ***************************************************************************************************
  45:./ucos/Core/os_core.c **** */
  46:./ucos/Core/os_core.c **** 
  47:./ucos/Core/os_core.c **** INT8U  const  OSUnMapTbl[256] = {
  48:./ucos/Core/os_core.c ****     0u, 0u, 1u, 0u, 2u, 0u, 1u, 0u, 3u, 0u, 1u, 0u, 2u, 0u, 1u, 0u, /* 0x00 to 0x0F                
  49:./ucos/Core/os_core.c ****     4u, 0u, 1u, 0u, 2u, 0u, 1u, 0u, 3u, 0u, 1u, 0u, 2u, 0u, 1u, 0u, /* 0x10 to 0x1F                
  50:./ucos/Core/os_core.c ****     5u, 0u, 1u, 0u, 2u, 0u, 1u, 0u, 3u, 0u, 1u, 0u, 2u, 0u, 1u, 0u, /* 0x20 to 0x2F                
  51:./ucos/Core/os_core.c ****     4u, 0u, 1u, 0u, 2u, 0u, 1u, 0u, 3u, 0u, 1u, 0u, 2u, 0u, 1u, 0u, /* 0x30 to 0x3F                
  52:./ucos/Core/os_core.c ****     6u, 0u, 1u, 0u, 2u, 0u, 1u, 0u, 3u, 0u, 1u, 0u, 2u, 0u, 1u, 0u, /* 0x40 to 0x4F                
  53:./ucos/Core/os_core.c ****     4u, 0u, 1u, 0u, 2u, 0u, 1u, 0u, 3u, 0u, 1u, 0u, 2u, 0u, 1u, 0u, /* 0x50 to 0x5F                
  54:./ucos/Core/os_core.c ****     5u, 0u, 1u, 0u, 2u, 0u, 1u, 0u, 3u, 0u, 1u, 0u, 2u, 0u, 1u, 0u, /* 0x60 to 0x6F                
  55:./ucos/Core/os_core.c ****     4u, 0u, 1u, 0u, 2u, 0u, 1u, 0u, 3u, 0u, 1u, 0u, 2u, 0u, 1u, 0u, /* 0x70 to 0x7F                
  56:./ucos/Core/os_core.c ****     7u, 0u, 1u, 0u, 2u, 0u, 1u, 0u, 3u, 0u, 1u, 0u, 2u, 0u, 1u, 0u, /* 0x80 to 0x8F                
  57:./ucos/Core/os_core.c ****     4u, 0u, 1u, 0u, 2u, 0u, 1u, 0u, 3u, 0u, 1u, 0u, 2u, 0u, 1u, 0u, /* 0x90 to 0x9F                
  58:./ucos/Core/os_core.c ****     5u, 0u, 1u, 0u, 2u, 0u, 1u, 0u, 3u, 0u, 1u, 0u, 2u, 0u, 1u, 0u, /* 0xA0 to 0xAF                
  59:./ucos/Core/os_core.c ****     4u, 0u, 1u, 0u, 2u, 0u, 1u, 0u, 3u, 0u, 1u, 0u, 2u, 0u, 1u, 0u, /* 0xB0 to 0xBF                
  60:./ucos/Core/os_core.c ****     6u, 0u, 1u, 0u, 2u, 0u, 1u, 0u, 3u, 0u, 1u, 0u, 2u, 0u, 1u, 0u, /* 0xC0 to 0xCF                
  61:./ucos/Core/os_core.c ****     4u, 0u, 1u, 0u, 2u, 0u, 1u, 0u, 3u, 0u, 1u, 0u, 2u, 0u, 1u, 0u, /* 0xD0 to 0xDF                
  62:./ucos/Core/os_core.c ****     5u, 0u, 1u, 0u, 2u, 0u, 1u, 0u, 3u, 0u, 1u, 0u, 2u, 0u, 1u, 0u, /* 0xE0 to 0xEF                
  63:./ucos/Core/os_core.c ****     4u, 0u, 1u, 0u, 2u, 0u, 1u, 0u, 3u, 0u, 1u, 0u, 2u, 0u, 1u, 0u  /* 0xF0 to 0xFF                
  64:./ucos/Core/os_core.c **** };
  65:./ucos/Core/os_core.c **** 
  66:./ucos/Core/os_core.c **** 
  67:./ucos/Core/os_core.c **** /*
  68:./ucos/Core/os_core.c **** ***************************************************************************************************
  69:./ucos/Core/os_core.c **** *                                         FUNCTION PROTOTYPES
  70:./ucos/Core/os_core.c **** ***************************************************************************************************
  71:./ucos/Core/os_core.c **** */
  72:./ucos/Core/os_core.c **** 
  73:./ucos/Core/os_core.c **** static  void  OS_InitEventList(void);
  74:./ucos/Core/os_core.c **** 
  75:./ucos/Core/os_core.c **** static  void  OS_InitMisc(void);
  76:./ucos/Core/os_core.c **** 
  77:./ucos/Core/os_core.c **** static  void  OS_InitRdyList(void);
  78:./ucos/Core/os_core.c **** 
  79:./ucos/Core/os_core.c **** static  void  OS_InitTaskIdle(void);
  80:./ucos/Core/os_core.c **** 
  81:./ucos/Core/os_core.c **** #if OS_TASK_STAT_EN > 0u
  82:./ucos/Core/os_core.c **** static  void  OS_InitTaskStat(void);
  83:./ucos/Core/os_core.c **** #endif
  84:./ucos/Core/os_core.c **** 
  85:./ucos/Core/os_core.c **** static  void  OS_InitTCBList(void);
  86:./ucos/Core/os_core.c **** 
  87:./ucos/Core/os_core.c **** static  void  OS_SchedNew(void);
  88:./ucos/Core/os_core.c **** 
ARM GAS  /tmp/ccMSGEvU.s 			page 3


  89:./ucos/Core/os_core.c **** 
  90:./ucos/Core/os_core.c **** /*
  91:./ucos/Core/os_core.c **** ***************************************************************************************************
  92:./ucos/Core/os_core.c **** *                        GET THE NAME OF A SEMAPHORE, MUTEX, MAILBOX or QUEUE
  93:./ucos/Core/os_core.c **** *
  94:./ucos/Core/os_core.c **** * Description: This function is used to obtain the name assigned to a semaphore, mutex, mailbox or 
  95:./ucos/Core/os_core.c **** *
  96:./ucos/Core/os_core.c **** * Arguments  : pevent    is a pointer to the event group.  'pevent' can point either to a semaphore
  97:./ucos/Core/os_core.c **** *                        a mutex, a mailbox or a queue.  Where this function is concerned, the actu
  98:./ucos/Core/os_core.c **** *                        type is irrelevant.
  99:./ucos/Core/os_core.c **** *
 100:./ucos/Core/os_core.c **** *              pname     is a pointer to a pointer to an ASCII string that will receive the name of
 101:./ucos/Core/os_core.c **** *                        mutex, mailbox or queue.
 102:./ucos/Core/os_core.c **** *
 103:./ucos/Core/os_core.c **** *              perr      is a pointer to an error code that can contain one of the following values
 104:./ucos/Core/os_core.c **** *
 105:./ucos/Core/os_core.c **** *                        OS_ERR_NONE                if the name was copied to 'pname'
 106:./ucos/Core/os_core.c **** *                        OS_ERR_EVENT_TYPE          if 'pevent' is not pointing to the proper event
 107:./ucos/Core/os_core.c **** *                                                   control block type.
 108:./ucos/Core/os_core.c **** *                        OS_ERR_PNAME_NULL          You passed a NULL pointer for 'pname'
 109:./ucos/Core/os_core.c **** *                        OS_ERR_PEVENT_NULL         if you passed a NULL pointer for 'pevent'
 110:./ucos/Core/os_core.c **** *                        OS_ERR_NAME_GET_ISR        if you are trying to call this function from an
 111:./ucos/Core/os_core.c **** *
 112:./ucos/Core/os_core.c **** * Returns    : The length of the string or 0 if the 'pevent' is a NULL pointer.
 113:./ucos/Core/os_core.c **** ***************************************************************************************************
 114:./ucos/Core/os_core.c **** */
 115:./ucos/Core/os_core.c **** 
 116:./ucos/Core/os_core.c **** #if (OS_EVENT_EN) && (OS_EVENT_NAME_EN > 0u)
 117:./ucos/Core/os_core.c **** INT8U  OSEventNameGet (OS_EVENT   *pevent,
 118:./ucos/Core/os_core.c ****                        INT8U     **pname,
 119:./ucos/Core/os_core.c ****                        INT8U      *perr)
 120:./ucos/Core/os_core.c **** {
 121:./ucos/Core/os_core.c ****     INT8U      len;
 122:./ucos/Core/os_core.c **** #if OS_CRITICAL_METHOD == 3u                     /* Allocate storage for CPU status register       
 123:./ucos/Core/os_core.c ****     OS_CPU_SR  cpu_sr = 0u;
 124:./ucos/Core/os_core.c **** #endif
 125:./ucos/Core/os_core.c **** 
 126:./ucos/Core/os_core.c **** 
 127:./ucos/Core/os_core.c **** 
 128:./ucos/Core/os_core.c **** #ifdef OS_SAFETY_CRITICAL
 129:./ucos/Core/os_core.c ****     if (perr == (INT8U *)0) {
 130:./ucos/Core/os_core.c ****         OS_SAFETY_CRITICAL_EXCEPTION();
 131:./ucos/Core/os_core.c ****         return (0u);
 132:./ucos/Core/os_core.c ****     }
 133:./ucos/Core/os_core.c **** #endif
 134:./ucos/Core/os_core.c **** 
 135:./ucos/Core/os_core.c **** #if OS_ARG_CHK_EN > 0u
 136:./ucos/Core/os_core.c ****     if (pevent == (OS_EVENT *)0) {               /* Is 'pevent' a NULL pointer?                    
 137:./ucos/Core/os_core.c ****         *perr = OS_ERR_PEVENT_NULL;
 138:./ucos/Core/os_core.c ****         return (0u);
 139:./ucos/Core/os_core.c ****     }
 140:./ucos/Core/os_core.c ****     if (pname == (INT8U **)0) {                   /* Is 'pname' a NULL pointer?                    
 141:./ucos/Core/os_core.c ****         *perr = OS_ERR_PNAME_NULL;
 142:./ucos/Core/os_core.c ****         return (0u);
 143:./ucos/Core/os_core.c ****     }
 144:./ucos/Core/os_core.c **** #endif
 145:./ucos/Core/os_core.c ****     if (OSIntNesting > 0u) {                     /* See if trying to call from an ISR              
ARM GAS  /tmp/ccMSGEvU.s 			page 4


 146:./ucos/Core/os_core.c ****         *perr  = OS_ERR_NAME_GET_ISR;
 147:./ucos/Core/os_core.c ****         return (0u);
 148:./ucos/Core/os_core.c ****     }
 149:./ucos/Core/os_core.c ****     switch (pevent->OSEventType) {
 150:./ucos/Core/os_core.c ****         case OS_EVENT_TYPE_SEM:
 151:./ucos/Core/os_core.c ****         case OS_EVENT_TYPE_MUTEX:
 152:./ucos/Core/os_core.c ****         case OS_EVENT_TYPE_MBOX:
 153:./ucos/Core/os_core.c ****         case OS_EVENT_TYPE_Q:
 154:./ucos/Core/os_core.c ****              break;
 155:./ucos/Core/os_core.c **** 
 156:./ucos/Core/os_core.c ****         default:
 157:./ucos/Core/os_core.c ****              *perr = OS_ERR_EVENT_TYPE;
 158:./ucos/Core/os_core.c ****              return (0u);
 159:./ucos/Core/os_core.c ****     }
 160:./ucos/Core/os_core.c ****     OS_ENTER_CRITICAL();
 161:./ucos/Core/os_core.c ****     *pname = pevent->OSEventName;
 162:./ucos/Core/os_core.c ****     len    = OS_StrLen(*pname);
 163:./ucos/Core/os_core.c ****     OS_EXIT_CRITICAL();
 164:./ucos/Core/os_core.c ****     *perr  = OS_ERR_NONE;
 165:./ucos/Core/os_core.c ****     return (len);
 166:./ucos/Core/os_core.c **** }
 167:./ucos/Core/os_core.c **** #endif
 168:./ucos/Core/os_core.c **** 
 169:./ucos/Core/os_core.c **** 
 170:./ucos/Core/os_core.c **** /*
 171:./ucos/Core/os_core.c **** ***************************************************************************************************
 172:./ucos/Core/os_core.c **** *                        ASSIGN A NAME TO A SEMAPHORE, MUTEX, MAILBOX or QUEUE
 173:./ucos/Core/os_core.c **** *
 174:./ucos/Core/os_core.c **** * Description: This function assigns a name to a semaphore, mutex, mailbox or queue.
 175:./ucos/Core/os_core.c **** *
 176:./ucos/Core/os_core.c **** * Arguments  : pevent    is a pointer to the event group.  'pevent' can point either to a semaphore
 177:./ucos/Core/os_core.c **** *                        a mutex, a mailbox or a queue.  Where this function is concerned, it doesn
 178:./ucos/Core/os_core.c **** *                        matter the actual type.
 179:./ucos/Core/os_core.c **** *
 180:./ucos/Core/os_core.c **** *              pname     is a pointer to an ASCII string that will be used as the name of the semap
 181:./ucos/Core/os_core.c **** *                        mutex, mailbox or queue.
 182:./ucos/Core/os_core.c **** *
 183:./ucos/Core/os_core.c **** *              perr      is a pointer to an error code that can contain one of the following values
 184:./ucos/Core/os_core.c **** *
 185:./ucos/Core/os_core.c **** *                        OS_ERR_NONE                if the requested task is resumed
 186:./ucos/Core/os_core.c **** *                        OS_ERR_EVENT_TYPE          if 'pevent' is not pointing to the proper event
 187:./ucos/Core/os_core.c **** *                                                   control block type.
 188:./ucos/Core/os_core.c **** *                        OS_ERR_PNAME_NULL          You passed a NULL pointer for 'pname'
 189:./ucos/Core/os_core.c **** *                        OS_ERR_PEVENT_NULL         if you passed a NULL pointer for 'pevent'
 190:./ucos/Core/os_core.c **** *                        OS_ERR_NAME_SET_ISR        if you called this function from an ISR
 191:./ucos/Core/os_core.c **** *
 192:./ucos/Core/os_core.c **** * Returns    : None
 193:./ucos/Core/os_core.c **** ***************************************************************************************************
 194:./ucos/Core/os_core.c **** */
 195:./ucos/Core/os_core.c **** 
 196:./ucos/Core/os_core.c **** #if (OS_EVENT_EN) && (OS_EVENT_NAME_EN > 0u)
 197:./ucos/Core/os_core.c **** void  OSEventNameSet (OS_EVENT  *pevent,
 198:./ucos/Core/os_core.c ****                       INT8U     *pname,
 199:./ucos/Core/os_core.c ****                       INT8U     *perr)
 200:./ucos/Core/os_core.c **** {
 201:./ucos/Core/os_core.c **** #if OS_CRITICAL_METHOD == 3u                     /* Allocate storage for CPU status register       
 202:./ucos/Core/os_core.c ****     OS_CPU_SR  cpu_sr = 0u;
ARM GAS  /tmp/ccMSGEvU.s 			page 5


 203:./ucos/Core/os_core.c **** #endif
 204:./ucos/Core/os_core.c **** 
 205:./ucos/Core/os_core.c **** 
 206:./ucos/Core/os_core.c **** 
 207:./ucos/Core/os_core.c **** #ifdef OS_SAFETY_CRITICAL
 208:./ucos/Core/os_core.c ****     if (perr == (INT8U *)0) {
 209:./ucos/Core/os_core.c ****         OS_SAFETY_CRITICAL_EXCEPTION();
 210:./ucos/Core/os_core.c ****         return;
 211:./ucos/Core/os_core.c ****     }
 212:./ucos/Core/os_core.c **** #endif
 213:./ucos/Core/os_core.c **** 
 214:./ucos/Core/os_core.c **** #if OS_ARG_CHK_EN > 0u
 215:./ucos/Core/os_core.c ****     if (pevent == (OS_EVENT *)0) {               /* Is 'pevent' a NULL pointer?                    
 216:./ucos/Core/os_core.c ****         *perr = OS_ERR_PEVENT_NULL;
 217:./ucos/Core/os_core.c ****         return;
 218:./ucos/Core/os_core.c ****     }
 219:./ucos/Core/os_core.c ****     if (pname == (INT8U *)0) {                   /* Is 'pname' a NULL pointer?                     
 220:./ucos/Core/os_core.c ****         *perr = OS_ERR_PNAME_NULL;
 221:./ucos/Core/os_core.c ****         return;
 222:./ucos/Core/os_core.c ****     }
 223:./ucos/Core/os_core.c **** #endif
 224:./ucos/Core/os_core.c ****     if (OSIntNesting > 0u) {                     /* See if trying to call from an ISR              
 225:./ucos/Core/os_core.c ****         *perr = OS_ERR_NAME_SET_ISR;
 226:./ucos/Core/os_core.c ****         return;
 227:./ucos/Core/os_core.c ****     }
 228:./ucos/Core/os_core.c ****     switch (pevent->OSEventType) {
 229:./ucos/Core/os_core.c ****         case OS_EVENT_TYPE_SEM:
 230:./ucos/Core/os_core.c ****         case OS_EVENT_TYPE_MUTEX:
 231:./ucos/Core/os_core.c ****         case OS_EVENT_TYPE_MBOX:
 232:./ucos/Core/os_core.c ****         case OS_EVENT_TYPE_Q:
 233:./ucos/Core/os_core.c ****              break;
 234:./ucos/Core/os_core.c **** 
 235:./ucos/Core/os_core.c ****         default:
 236:./ucos/Core/os_core.c ****              *perr = OS_ERR_EVENT_TYPE;
 237:./ucos/Core/os_core.c ****              return;
 238:./ucos/Core/os_core.c ****     }
 239:./ucos/Core/os_core.c ****     OS_ENTER_CRITICAL();
 240:./ucos/Core/os_core.c ****     pevent->OSEventName = pname;
 241:./ucos/Core/os_core.c ****     OS_EXIT_CRITICAL();
 242:./ucos/Core/os_core.c ****     OS_TRACE_EVENT_NAME_SET(pevent, pname);
 243:./ucos/Core/os_core.c ****     *perr = OS_ERR_NONE;
 244:./ucos/Core/os_core.c **** }
 245:./ucos/Core/os_core.c **** #endif
 246:./ucos/Core/os_core.c **** 
 247:./ucos/Core/os_core.c **** 
 248:./ucos/Core/os_core.c **** /*
 249:./ucos/Core/os_core.c **** ***************************************************************************************************
 250:./ucos/Core/os_core.c **** *                                       PEND ON MULTIPLE EVENTS
 251:./ucos/Core/os_core.c **** *
 252:./ucos/Core/os_core.c **** * Description: This function waits for multiple events.  If multiple events are ready at the start 
 253:./ucos/Core/os_core.c **** *              pend call, then all available events are returned as ready.  If the task must pend o
 254:./ucos/Core/os_core.c **** *              multiple events, then only the first posted or aborted event is returned as ready.
 255:./ucos/Core/os_core.c **** *
 256:./ucos/Core/os_core.c **** * Arguments  : pevents_pend  is a pointer to a NULL-terminated array of event control blocks to wai
 257:./ucos/Core/os_core.c **** *
 258:./ucos/Core/os_core.c **** *              pevents_rdy   is a pointer to an array to return which event control blocks are avai
 259:./ucos/Core/os_core.c **** *                            or ready.  The size of the array MUST be greater than or equal to the 
ARM GAS  /tmp/ccMSGEvU.s 			page 6


 260:./ucos/Core/os_core.c **** *                            of the 'pevents_pend' array, including terminating NULL.
 261:./ucos/Core/os_core.c **** *
 262:./ucos/Core/os_core.c **** *              pmsgs_rdy     is a pointer to an array to return messages from any available message
 263:./ucos/Core/os_core.c **** *                            events.  The size of the array MUST be greater than or equal to the si
 264:./ucos/Core/os_core.c **** *                            the 'pevents_pend' array, excluding the terminating NULL.  Since NULL
 265:./ucos/Core/os_core.c **** *                            messages are valid messages, this array cannot be NULL-terminated.  In
 266:./ucos/Core/os_core.c **** *                            every available message-type event returns its messages in the 'pmsgs_
 267:./ucos/Core/os_core.c **** *                            array at the same index as the event is returned in the 'pevents_rdy' 
 268:./ucos/Core/os_core.c **** *                            All other 'pmsgs_rdy' array indices are filled with NULL messages.
 269:./ucos/Core/os_core.c **** *
 270:./ucos/Core/os_core.c **** *              timeout       is an optional timeout period (in clock ticks).  If non-zero, your tas
 271:./ucos/Core/os_core.c **** *                            wait for the resources up to the amount of time specified by this argu
 272:./ucos/Core/os_core.c **** *                            If you specify 0, however, your task will wait forever for the specifi
 273:./ucos/Core/os_core.c **** *                            events or, until the resources becomes available (or the events occur)
 274:./ucos/Core/os_core.c **** *
 275:./ucos/Core/os_core.c **** *              perr          is a pointer to where an error message will be deposited.  Possible er
 276:./ucos/Core/os_core.c **** *                            messages are:
 277:./ucos/Core/os_core.c **** *
 278:./ucos/Core/os_core.c **** *                            OS_ERR_NONE         The call was successful and your task owns the res
 279:./ucos/Core/os_core.c **** *                                                or, the events you are waiting for occurred; check
 280:./ucos/Core/os_core.c **** *                                                'pevents_rdy' array for which events are available
 281:./ucos/Core/os_core.c **** *                            OS_ERR_PEND_ABORT   The wait on the events was aborted; check the
 282:./ucos/Core/os_core.c **** *                                                'pevents_rdy' array for which events were aborted.
 283:./ucos/Core/os_core.c **** *                            OS_ERR_TIMEOUT      The events were not received within the specified
 284:./ucos/Core/os_core.c **** *                                                'timeout'.
 285:./ucos/Core/os_core.c **** *                            OS_ERR_PEVENT_NULL  If 'pevents_pend', 'pevents_rdy', or 'pmsgs_rdy' i
 286:./ucos/Core/os_core.c **** *                                                NULL pointer.
 287:./ucos/Core/os_core.c **** *                            OS_ERR_EVENT_TYPE   If you didn't pass a pointer to an array of semaph
 288:./ucos/Core/os_core.c **** *                                                mailboxes, and/or queues.
 289:./ucos/Core/os_core.c **** *                            OS_ERR_PEND_ISR     If you called this function from an ISR and the re
 290:./ucos/Core/os_core.c **** *                                                would lead to a suspension.
 291:./ucos/Core/os_core.c **** *                            OS_ERR_PEND_LOCKED  If you called this function when the scheduler is 
 292:./ucos/Core/os_core.c **** *
 293:./ucos/Core/os_core.c **** * Returns    : >  0          the number of events returned as ready or aborted.
 294:./ucos/Core/os_core.c **** *              == 0          if no events are returned as ready because of timeout or upon error.
 295:./ucos/Core/os_core.c **** *
 296:./ucos/Core/os_core.c **** * Notes      : 1) a. Validate 'pevents_pend' array as valid OS_EVENTs :
 297:./ucos/Core/os_core.c **** *
 298:./ucos/Core/os_core.c **** *                        semaphores, mailboxes, queues
 299:./ucos/Core/os_core.c **** *
 300:./ucos/Core/os_core.c **** *                 b. Return ALL available events and messages, if any
 301:./ucos/Core/os_core.c **** *
 302:./ucos/Core/os_core.c **** *                 c. Add    current task priority as pending to   each events's wait list
 303:./ucos/Core/os_core.c **** *                      Performed in OS_EventTaskWaitMulti()
 304:./ucos/Core/os_core.c **** *
 305:./ucos/Core/os_core.c **** *                 d. Wait on any of multiple events
 306:./ucos/Core/os_core.c **** *
 307:./ucos/Core/os_core.c **** *                 e. Remove current task priority as pending from each events's wait list
 308:./ucos/Core/os_core.c **** *                      Performed in OS_EventTaskRdy(), if events posted or aborted
 309:./ucos/Core/os_core.c **** *
 310:./ucos/Core/os_core.c **** *                 f. Return any event posted or aborted, if any
 311:./ucos/Core/os_core.c **** *                      else
 312:./ucos/Core/os_core.c **** *                    Return timeout
 313:./ucos/Core/os_core.c **** *
 314:./ucos/Core/os_core.c **** *              2) 'pevents_rdy' initialized to NULL PRIOR to all other validation or function handl
 315:./ucos/Core/os_core.c **** *                 case of any error(s).
 316:./ucos/Core/os_core.c **** ***************************************************************************************************
ARM GAS  /tmp/ccMSGEvU.s 			page 7


 317:./ucos/Core/os_core.c **** */
 318:./ucos/Core/os_core.c **** 
 319:./ucos/Core/os_core.c **** #if ((OS_EVENT_EN) && (OS_EVENT_MULTI_EN > 0u))
 320:./ucos/Core/os_core.c **** INT16U  OSEventPendMulti (OS_EVENT  **pevents_pend,
 321:./ucos/Core/os_core.c ****                           OS_EVENT  **pevents_rdy,
 322:./ucos/Core/os_core.c ****                           void      **pmsgs_rdy,
 323:./ucos/Core/os_core.c ****                           INT32U      timeout,
 324:./ucos/Core/os_core.c ****                           INT8U      *perr)
 325:./ucos/Core/os_core.c **** {
 326:./ucos/Core/os_core.c ****     OS_EVENT  **pevents;
 327:./ucos/Core/os_core.c ****     OS_EVENT   *pevent;
 328:./ucos/Core/os_core.c **** #if ((OS_Q_EN > 0u) && (OS_MAX_QS > 0u))
 329:./ucos/Core/os_core.c ****     OS_Q       *pq;
 330:./ucos/Core/os_core.c **** #endif
 331:./ucos/Core/os_core.c ****     BOOLEAN     events_rdy;
 332:./ucos/Core/os_core.c ****     INT16U      events_rdy_nbr;
 333:./ucos/Core/os_core.c ****     INT8U       events_stat;
 334:./ucos/Core/os_core.c **** #if (OS_CRITICAL_METHOD == 3u)                          /* Allocate storage for CPU status register
 335:./ucos/Core/os_core.c ****     OS_CPU_SR   cpu_sr = 0u;
 336:./ucos/Core/os_core.c **** #endif
 337:./ucos/Core/os_core.c **** 
 338:./ucos/Core/os_core.c **** 
 339:./ucos/Core/os_core.c **** 
 340:./ucos/Core/os_core.c **** #ifdef OS_SAFETY_CRITICAL
 341:./ucos/Core/os_core.c ****     if (perr == (INT8U *)0) {
 342:./ucos/Core/os_core.c ****         OS_SAFETY_CRITICAL_EXCEPTION();
 343:./ucos/Core/os_core.c ****         return (0u);
 344:./ucos/Core/os_core.c ****     }
 345:./ucos/Core/os_core.c **** #endif
 346:./ucos/Core/os_core.c **** 
 347:./ucos/Core/os_core.c **** #if (OS_ARG_CHK_EN > 0u)
 348:./ucos/Core/os_core.c ****     if (pevents_pend == (OS_EVENT **)0) {               /* Validate 'pevents_pend'                 
 349:./ucos/Core/os_core.c ****        *perr =  OS_ERR_PEVENT_NULL;
 350:./ucos/Core/os_core.c ****         return (0u);
 351:./ucos/Core/os_core.c ****     }
 352:./ucos/Core/os_core.c ****     if (*pevents_pend  == (OS_EVENT *)0) {              /* Validate 'pevents_pend'                 
 353:./ucos/Core/os_core.c ****        *perr =  OS_ERR_PEVENT_NULL;
 354:./ucos/Core/os_core.c ****         return (0u);
 355:./ucos/Core/os_core.c ****     }
 356:./ucos/Core/os_core.c ****     if (pevents_rdy  == (OS_EVENT **)0) {               /* Validate 'pevents_rdy'                  
 357:./ucos/Core/os_core.c ****        *perr =  OS_ERR_PEVENT_NULL;
 358:./ucos/Core/os_core.c ****         return (0u);
 359:./ucos/Core/os_core.c ****     }
 360:./ucos/Core/os_core.c ****     if (pmsgs_rdy == (void **)0) {                      /* Validate 'pmsgs_rdy'                    
 361:./ucos/Core/os_core.c ****        *perr =  OS_ERR_PEVENT_NULL;
 362:./ucos/Core/os_core.c ****         return (0u);
 363:./ucos/Core/os_core.c ****     }
 364:./ucos/Core/os_core.c **** #endif
 365:./ucos/Core/os_core.c **** 
 366:./ucos/Core/os_core.c ****    *pevents_rdy = (OS_EVENT *)0;                        /* Init array to NULL in case of errors    
 367:./ucos/Core/os_core.c **** 
 368:./ucos/Core/os_core.c ****     pevents     =  pevents_pend;
 369:./ucos/Core/os_core.c ****     pevent      = *pevents;
 370:./ucos/Core/os_core.c ****     while  (pevent != (OS_EVENT *)0) {
 371:./ucos/Core/os_core.c ****         switch (pevent->OSEventType) {                  /* Validate event block types              
 372:./ucos/Core/os_core.c **** #if (OS_SEM_EN  > 0u)
 373:./ucos/Core/os_core.c ****             case OS_EVENT_TYPE_SEM:
ARM GAS  /tmp/ccMSGEvU.s 			page 8


 374:./ucos/Core/os_core.c ****                  break;
 375:./ucos/Core/os_core.c **** #endif
 376:./ucos/Core/os_core.c **** #if (OS_MBOX_EN > 0u)
 377:./ucos/Core/os_core.c ****             case OS_EVENT_TYPE_MBOX:
 378:./ucos/Core/os_core.c ****                  break;
 379:./ucos/Core/os_core.c **** #endif
 380:./ucos/Core/os_core.c **** #if ((OS_Q_EN   > 0u) && (OS_MAX_QS > 0u))
 381:./ucos/Core/os_core.c ****             case OS_EVENT_TYPE_Q:
 382:./ucos/Core/os_core.c ****                  break;
 383:./ucos/Core/os_core.c **** #endif
 384:./ucos/Core/os_core.c **** 
 385:./ucos/Core/os_core.c ****             case OS_EVENT_TYPE_MUTEX:
 386:./ucos/Core/os_core.c ****             case OS_EVENT_TYPE_FLAG:
 387:./ucos/Core/os_core.c ****             default:
 388:./ucos/Core/os_core.c ****                 *perr = OS_ERR_EVENT_TYPE;
 389:./ucos/Core/os_core.c ****                  return (0u);
 390:./ucos/Core/os_core.c ****         }
 391:./ucos/Core/os_core.c ****         pevents++;
 392:./ucos/Core/os_core.c ****         pevent = *pevents;
 393:./ucos/Core/os_core.c ****     }
 394:./ucos/Core/os_core.c **** 
 395:./ucos/Core/os_core.c ****     if (OSIntNesting  > 0u) {                           /* See if called from ISR ...              
 396:./ucos/Core/os_core.c ****        *perr =  OS_ERR_PEND_ISR;                        /* ... can't PEND from an ISR              
 397:./ucos/Core/os_core.c ****         return (0u);
 398:./ucos/Core/os_core.c ****     }
 399:./ucos/Core/os_core.c ****     if (OSLockNesting > 0u) {                           /* See if called with scheduler locked ... 
 400:./ucos/Core/os_core.c ****        *perr =  OS_ERR_PEND_LOCKED;                     /* ... can't PEND when locked              
 401:./ucos/Core/os_core.c ****         return (0u);
 402:./ucos/Core/os_core.c ****     }
 403:./ucos/Core/os_core.c **** 
 404:./ucos/Core/os_core.c ****     events_rdy     =  OS_FALSE;
 405:./ucos/Core/os_core.c ****     events_rdy_nbr =  0u;
 406:./ucos/Core/os_core.c ****     events_stat    =  OS_STAT_RDY;
 407:./ucos/Core/os_core.c ****     pevents        =  pevents_pend;
 408:./ucos/Core/os_core.c ****     pevent         = *pevents;
 409:./ucos/Core/os_core.c ****     OS_ENTER_CRITICAL();
 410:./ucos/Core/os_core.c ****     while (pevent != (OS_EVENT *)0) {                   /* See if any events already available     
 411:./ucos/Core/os_core.c ****         switch (pevent->OSEventType) {
 412:./ucos/Core/os_core.c **** #if (OS_SEM_EN > 0u)
 413:./ucos/Core/os_core.c ****             case OS_EVENT_TYPE_SEM:
 414:./ucos/Core/os_core.c ****                  if (pevent->OSEventCnt > 0u) {         /* If semaphore count > 0, resource availab
 415:./ucos/Core/os_core.c ****                      pevent->OSEventCnt--;              /* ... decrement semaphore,                
 416:./ucos/Core/os_core.c ****                     *pevents_rdy++ =  pevent;           /* ... and return available semaphore event
 417:./ucos/Core/os_core.c ****                       events_rdy   =  OS_TRUE;
 418:./ucos/Core/os_core.c ****                     *pmsgs_rdy++   = (void *)0;         /* NO message returned  for semaphores     
 419:./ucos/Core/os_core.c ****                       events_rdy_nbr++;
 420:./ucos/Core/os_core.c **** 
 421:./ucos/Core/os_core.c ****                  } else {
 422:./ucos/Core/os_core.c ****                       events_stat |=  OS_STAT_SEM;      /* Configure multi-pend for semaphore event
 423:./ucos/Core/os_core.c ****                  }
 424:./ucos/Core/os_core.c ****                  break;
 425:./ucos/Core/os_core.c **** #endif
 426:./ucos/Core/os_core.c **** 
 427:./ucos/Core/os_core.c **** #if (OS_MBOX_EN > 0u)
 428:./ucos/Core/os_core.c ****             case OS_EVENT_TYPE_MBOX:
 429:./ucos/Core/os_core.c ****                  if (pevent->OSEventPtr != (void *)0) { /* If mailbox NOT empty;                   
 430:./ucos/Core/os_core.c ****                                                         /* ... return available message,           
ARM GAS  /tmp/ccMSGEvU.s 			page 9


 431:./ucos/Core/os_core.c ****                     *pmsgs_rdy++         = (void *)pevent->OSEventPtr;
 432:./ucos/Core/os_core.c ****                      pevent->OSEventPtr  = (void *)0;
 433:./ucos/Core/os_core.c ****                     *pevents_rdy++       =  pevent;     /* ... and return available mailbox event  
 434:./ucos/Core/os_core.c ****                       events_rdy         =  OS_TRUE;
 435:./ucos/Core/os_core.c ****                       events_rdy_nbr++;
 436:./ucos/Core/os_core.c **** 
 437:./ucos/Core/os_core.c ****                  } else {
 438:./ucos/Core/os_core.c ****                       events_stat |= OS_STAT_MBOX;      /* Configure multi-pend for mailbox events 
 439:./ucos/Core/os_core.c ****                  }
 440:./ucos/Core/os_core.c ****                  break;
 441:./ucos/Core/os_core.c **** #endif
 442:./ucos/Core/os_core.c **** 
 443:./ucos/Core/os_core.c **** #if ((OS_Q_EN > 0u) && (OS_MAX_QS > 0u))
 444:./ucos/Core/os_core.c ****             case OS_EVENT_TYPE_Q:
 445:./ucos/Core/os_core.c ****                  pq = (OS_Q *)pevent->OSEventPtr;
 446:./ucos/Core/os_core.c ****                  if (pq->OSQEntries > 0u) {             /* If queue NOT empty;                     
 447:./ucos/Core/os_core.c ****                                                         /* ... return available message,           
 448:./ucos/Core/os_core.c ****                     *pmsgs_rdy++ = (void *)*pq->OSQOut++;
 449:./ucos/Core/os_core.c ****                      if (pq->OSQOut == pq->OSQEnd) {    /* If OUT ptr at queue end, ...            
 450:./ucos/Core/os_core.c ****                          pq->OSQOut  = pq->OSQStart;    /* ... wrap   to queue start               
 451:./ucos/Core/os_core.c ****                      }
 452:./ucos/Core/os_core.c ****                      pq->OSQEntries--;                  /* Update number of queue entries          
 453:./ucos/Core/os_core.c ****                     *pevents_rdy++ = pevent;            /* ... and return available queue event    
 454:./ucos/Core/os_core.c ****                       events_rdy   = OS_TRUE;
 455:./ucos/Core/os_core.c ****                       events_rdy_nbr++;
 456:./ucos/Core/os_core.c **** 
 457:./ucos/Core/os_core.c ****                  } else {
 458:./ucos/Core/os_core.c ****                       events_stat |= OS_STAT_Q;         /* Configure multi-pend for queue events   
 459:./ucos/Core/os_core.c ****                  }
 460:./ucos/Core/os_core.c ****                  break;
 461:./ucos/Core/os_core.c **** #endif
 462:./ucos/Core/os_core.c **** 
 463:./ucos/Core/os_core.c ****             case OS_EVENT_TYPE_MUTEX:
 464:./ucos/Core/os_core.c ****             case OS_EVENT_TYPE_FLAG:
 465:./ucos/Core/os_core.c ****             default:
 466:./ucos/Core/os_core.c ****                  OS_EXIT_CRITICAL();
 467:./ucos/Core/os_core.c ****                 *pevents_rdy = (OS_EVENT *)0;           /* NULL terminate return event array       
 468:./ucos/Core/os_core.c ****                 *perr        =  OS_ERR_EVENT_TYPE;
 469:./ucos/Core/os_core.c ****                  return (events_rdy_nbr);
 470:./ucos/Core/os_core.c ****         }
 471:./ucos/Core/os_core.c ****         pevents++;
 472:./ucos/Core/os_core.c ****         pevent = *pevents;
 473:./ucos/Core/os_core.c ****     }
 474:./ucos/Core/os_core.c **** 
 475:./ucos/Core/os_core.c ****     if ( events_rdy == OS_TRUE) {                       /* Return any events already available     
 476:./ucos/Core/os_core.c ****        *pevents_rdy = (OS_EVENT *)0;                    /* NULL terminate return event array       
 477:./ucos/Core/os_core.c ****         OS_EXIT_CRITICAL();
 478:./ucos/Core/os_core.c ****        *perr        =  OS_ERR_NONE;
 479:./ucos/Core/os_core.c ****         return (events_rdy_nbr);
 480:./ucos/Core/os_core.c ****     }
 481:./ucos/Core/os_core.c **** 
 482:./ucos/Core/os_core.c ****                                                         /* Otherwise, must wait until any event occ
 483:./ucos/Core/os_core.c ****     OSTCBCur->OSTCBStat     |= events_stat  |           /* Resource not available, ...             
 484:./ucos/Core/os_core.c ****                                OS_STAT_MULTI;           /* ... pend on multiple events             
 485:./ucos/Core/os_core.c ****     OSTCBCur->OSTCBStatPend  = OS_STAT_PEND_OK;
 486:./ucos/Core/os_core.c ****     OSTCBCur->OSTCBDly       = timeout;                 /* Store pend timeout in TCB               
 487:./ucos/Core/os_core.c ****     OS_EventTaskWaitMulti(pevents_pend);                /* Suspend task until events or timeout occ
ARM GAS  /tmp/ccMSGEvU.s 			page 10


 488:./ucos/Core/os_core.c **** 
 489:./ucos/Core/os_core.c ****     OS_EXIT_CRITICAL();
 490:./ucos/Core/os_core.c ****     OS_Sched();                                         /* Find next highest priority task ready   
 491:./ucos/Core/os_core.c ****     OS_ENTER_CRITICAL();
 492:./ucos/Core/os_core.c **** 
 493:./ucos/Core/os_core.c ****     switch (OSTCBCur->OSTCBStatPend) {                  /* Handle event posted, aborted, or timed-o
 494:./ucos/Core/os_core.c ****         case OS_STAT_PEND_OK:
 495:./ucos/Core/os_core.c ****         case OS_STAT_PEND_ABORT:
 496:./ucos/Core/os_core.c ****              pevent = OSTCBCur->OSTCBEventMultiRdy;
 497:./ucos/Core/os_core.c ****              if (pevent != (OS_EVENT *)0) {             /* If task event ptr != NULL, ...          
 498:./ucos/Core/os_core.c ****                 *pevents_rdy++   =  pevent;             /* ... return available event ...          
 499:./ucos/Core/os_core.c ****                 *pevents_rdy     = (OS_EVENT *)0;       /* ... & NULL terminate return event array 
 500:./ucos/Core/os_core.c ****                   events_rdy_nbr =  1;
 501:./ucos/Core/os_core.c **** 
 502:./ucos/Core/os_core.c ****              } else {                                   /* Else NO event available, handle as timeo
 503:./ucos/Core/os_core.c ****                  OSTCBCur->OSTCBStatPend = OS_STAT_PEND_TO;
 504:./ucos/Core/os_core.c ****                  OS_EventTaskRemoveMulti(OSTCBCur, pevents_pend);
 505:./ucos/Core/os_core.c ****              }
 506:./ucos/Core/os_core.c ****              break;
 507:./ucos/Core/os_core.c **** 
 508:./ucos/Core/os_core.c ****         case OS_STAT_PEND_TO:                           /* If events timed out, ...                
 509:./ucos/Core/os_core.c ****         default:                                        /* ... remove task from events' wait lists 
 510:./ucos/Core/os_core.c ****              OS_EventTaskRemoveMulti(OSTCBCur, pevents_pend);
 511:./ucos/Core/os_core.c ****              break;
 512:./ucos/Core/os_core.c ****     }
 513:./ucos/Core/os_core.c **** 
 514:./ucos/Core/os_core.c ****     switch (OSTCBCur->OSTCBStatPend) {
 515:./ucos/Core/os_core.c ****         case OS_STAT_PEND_OK:
 516:./ucos/Core/os_core.c ****              switch (pevent->OSEventType) {             /* Return event's message                  
 517:./ucos/Core/os_core.c **** #if (OS_SEM_EN > 0u)
 518:./ucos/Core/os_core.c ****                  case OS_EVENT_TYPE_SEM:
 519:./ucos/Core/os_core.c ****                      *pmsgs_rdy++ = (void *)0;          /* NO message returned for semaphores      
 520:./ucos/Core/os_core.c ****                       break;
 521:./ucos/Core/os_core.c **** #endif
 522:./ucos/Core/os_core.c **** 
 523:./ucos/Core/os_core.c **** #if ((OS_MBOX_EN > 0u) ||                 \
 524:./ucos/Core/os_core.c ****     ((OS_Q_EN    > 0u) && (OS_MAX_QS > 0u)))
 525:./ucos/Core/os_core.c ****                  case OS_EVENT_TYPE_MBOX:
 526:./ucos/Core/os_core.c ****                  case OS_EVENT_TYPE_Q:
 527:./ucos/Core/os_core.c ****                      *pmsgs_rdy++ = (void *)OSTCBCur->OSTCBMsg;     /* Return received message     
 528:./ucos/Core/os_core.c ****                       break;
 529:./ucos/Core/os_core.c **** #endif
 530:./ucos/Core/os_core.c **** 
 531:./ucos/Core/os_core.c ****                  case OS_EVENT_TYPE_MUTEX:
 532:./ucos/Core/os_core.c ****                  case OS_EVENT_TYPE_FLAG:
 533:./ucos/Core/os_core.c ****                  default:
 534:./ucos/Core/os_core.c ****                       OS_EXIT_CRITICAL();
 535:./ucos/Core/os_core.c ****                      *pevents_rdy = (OS_EVENT *)0;      /* NULL terminate return event array       
 536:./ucos/Core/os_core.c ****                      *perr        =  OS_ERR_EVENT_TYPE;
 537:./ucos/Core/os_core.c ****                       return (events_rdy_nbr);
 538:./ucos/Core/os_core.c ****              }
 539:./ucos/Core/os_core.c ****             *perr = OS_ERR_NONE;
 540:./ucos/Core/os_core.c ****              break;
 541:./ucos/Core/os_core.c **** 
 542:./ucos/Core/os_core.c ****         case OS_STAT_PEND_ABORT:
 543:./ucos/Core/os_core.c ****             *pmsgs_rdy++ = (void *)0;                   /* NO message returned for abort           
 544:./ucos/Core/os_core.c ****             *perr        =  OS_ERR_PEND_ABORT;          /* Indicate that event  aborted            
ARM GAS  /tmp/ccMSGEvU.s 			page 11


 545:./ucos/Core/os_core.c ****              break;
 546:./ucos/Core/os_core.c **** 
 547:./ucos/Core/os_core.c ****         case OS_STAT_PEND_TO:
 548:./ucos/Core/os_core.c ****         default:
 549:./ucos/Core/os_core.c ****             *pmsgs_rdy++ = (void *)0;                   /* NO message returned for timeout         
 550:./ucos/Core/os_core.c ****             *perr        =  OS_ERR_TIMEOUT;             /* Indicate that events timed out          
 551:./ucos/Core/os_core.c ****              break;
 552:./ucos/Core/os_core.c ****     }
 553:./ucos/Core/os_core.c **** 
 554:./ucos/Core/os_core.c ****     OSTCBCur->OSTCBStat          =  OS_STAT_RDY;        /* Set   task  status to ready             
 555:./ucos/Core/os_core.c ****     OSTCBCur->OSTCBStatPend      =  OS_STAT_PEND_OK;    /* Clear pend  status                      
 556:./ucos/Core/os_core.c ****     OSTCBCur->OSTCBEventMultiPtr = (OS_EVENT **)0;      /* Clear event pointers                    
 557:./ucos/Core/os_core.c ****     OSTCBCur->OSTCBEventMultiRdy = (OS_EVENT  *)0;
 558:./ucos/Core/os_core.c **** #if ((OS_MBOX_EN > 0u) ||                 \
 559:./ucos/Core/os_core.c ****     ((OS_Q_EN    > 0u) && (OS_MAX_QS > 0u)))
 560:./ucos/Core/os_core.c ****     OSTCBCur->OSTCBMsg           = (void      *)0;      /* Clear task  message                     
 561:./ucos/Core/os_core.c **** #endif
 562:./ucos/Core/os_core.c ****     OS_EXIT_CRITICAL();
 563:./ucos/Core/os_core.c **** 
 564:./ucos/Core/os_core.c ****     return (events_rdy_nbr);
 565:./ucos/Core/os_core.c **** }
 566:./ucos/Core/os_core.c **** #endif
 567:./ucos/Core/os_core.c **** 
 568:./ucos/Core/os_core.c **** 
 569:./ucos/Core/os_core.c **** /*
 570:./ucos/Core/os_core.c **** ***************************************************************************************************
 571:./ucos/Core/os_core.c **** *                                           INITIALIZATION
 572:./ucos/Core/os_core.c **** *
 573:./ucos/Core/os_core.c **** * Description: This function is used to initialize the internals of uC/OS-II and MUST be called pri
 574:./ucos/Core/os_core.c **** *              creating any uC/OS-II object and, prior to calling OSStart().
 575:./ucos/Core/os_core.c **** *
 576:./ucos/Core/os_core.c **** * Arguments  : none
 577:./ucos/Core/os_core.c **** *
 578:./ucos/Core/os_core.c **** * Returns    : none
 579:./ucos/Core/os_core.c **** ***************************************************************************************************
 580:./ucos/Core/os_core.c **** */
 581:./ucos/Core/os_core.c **** 
 582:./ucos/Core/os_core.c **** void  OSInit (void)
 583:./ucos/Core/os_core.c **** {
 584:./ucos/Core/os_core.c **** #if OS_TASK_CREATE_EXT_EN > 0u
 585:./ucos/Core/os_core.c **** #if defined(OS_TLS_TBL_SIZE) && (OS_TLS_TBL_SIZE > 0u)
 586:./ucos/Core/os_core.c ****     INT8U  err;
 587:./ucos/Core/os_core.c **** #endif
 588:./ucos/Core/os_core.c **** #endif
 589:./ucos/Core/os_core.c **** 
 590:./ucos/Core/os_core.c ****     OSInitHookBegin();                                           /* Call port specific initializati
 591:./ucos/Core/os_core.c **** 
 592:./ucos/Core/os_core.c ****     OS_InitMisc();                                               /* Initialize miscellaneous variab
 593:./ucos/Core/os_core.c **** 
 594:./ucos/Core/os_core.c ****     OS_InitRdyList();                                            /* Initialize the Ready List      
 595:./ucos/Core/os_core.c **** 
 596:./ucos/Core/os_core.c ****     OS_InitTCBList();                                            /* Initialize the free list of OS_
 597:./ucos/Core/os_core.c **** 
 598:./ucos/Core/os_core.c ****     OS_InitEventList();                                          /* Initialize the free list of OS_
 599:./ucos/Core/os_core.c **** 
 600:./ucos/Core/os_core.c **** #if (OS_FLAG_EN > 0u) && (OS_MAX_FLAGS > 0u)
 601:./ucos/Core/os_core.c ****     OS_FlagInit();                                               /* Initialize the event flag struc
ARM GAS  /tmp/ccMSGEvU.s 			page 12


 602:./ucos/Core/os_core.c **** #endif
 603:./ucos/Core/os_core.c **** 
 604:./ucos/Core/os_core.c **** #if (OS_MEM_EN > 0u) && (OS_MAX_MEM_PART > 0u)
 605:./ucos/Core/os_core.c ****     OS_MemInit();                                                /* Initialize the memory manager  
 606:./ucos/Core/os_core.c **** #endif
 607:./ucos/Core/os_core.c **** 
 608:./ucos/Core/os_core.c **** #if (OS_Q_EN > 0u) && (OS_MAX_QS > 0u)
 609:./ucos/Core/os_core.c ****     OS_QInit();                                                  /* Initialize the message queue st
 610:./ucos/Core/os_core.c **** #endif
 611:./ucos/Core/os_core.c **** 
 612:./ucos/Core/os_core.c **** #if OS_TASK_CREATE_EXT_EN > 0u
 613:./ucos/Core/os_core.c **** #if defined(OS_TLS_TBL_SIZE) && (OS_TLS_TBL_SIZE > 0u)
 614:./ucos/Core/os_core.c ****     OS_TLS_Init(&err);                                           /* Initialize TLS, before creating
 615:./ucos/Core/os_core.c ****     if (err != OS_ERR_NONE) {
 616:./ucos/Core/os_core.c ****         return;
 617:./ucos/Core/os_core.c ****     }
 618:./ucos/Core/os_core.c **** #endif
 619:./ucos/Core/os_core.c **** #endif
 620:./ucos/Core/os_core.c **** 
 621:./ucos/Core/os_core.c ****     OS_InitTaskIdle();                                           /* Create the Idle Task           
 622:./ucos/Core/os_core.c **** #if OS_TASK_STAT_EN > 0u
 623:./ucos/Core/os_core.c ****     OS_InitTaskStat();                                           /* Create the Statistic Task      
 624:./ucos/Core/os_core.c **** #endif
 625:./ucos/Core/os_core.c **** 
 626:./ucos/Core/os_core.c **** #if OS_TMR_EN > 0u
 627:./ucos/Core/os_core.c ****     OSTmr_Init();                                                /* Initialize the Timer Manager   
 628:./ucos/Core/os_core.c **** #endif
 629:./ucos/Core/os_core.c **** 
 630:./ucos/Core/os_core.c ****     OSInitHookEnd();                                             /* Call port specific init. code  
 631:./ucos/Core/os_core.c **** 
 632:./ucos/Core/os_core.c **** #if OS_DEBUG_EN > 0u
 633:./ucos/Core/os_core.c ****     OSDebugInit();
 634:./ucos/Core/os_core.c **** #endif
 635:./ucos/Core/os_core.c **** }
 636:./ucos/Core/os_core.c **** 
 637:./ucos/Core/os_core.c **** 
 638:./ucos/Core/os_core.c **** /*
 639:./ucos/Core/os_core.c **** ***************************************************************************************************
 640:./ucos/Core/os_core.c **** *                                              ENTER ISR
 641:./ucos/Core/os_core.c **** *
 642:./ucos/Core/os_core.c **** * Description: This function is used to notify uC/OS-II that you are about to service an interrupt
 643:./ucos/Core/os_core.c **** *              service routine (ISR).  This allows uC/OS-II to keep track of interrupt nesting and 
 644:./ucos/Core/os_core.c **** *              only perform rescheduling at the last nested ISR.
 645:./ucos/Core/os_core.c **** *
 646:./ucos/Core/os_core.c **** * Arguments  : none
 647:./ucos/Core/os_core.c **** *
 648:./ucos/Core/os_core.c **** * Returns    : none
 649:./ucos/Core/os_core.c **** *
 650:./ucos/Core/os_core.c **** * Notes      : 1) This function should be called with interrupts already disabled
 651:./ucos/Core/os_core.c **** *              2) Your ISR can directly increment OSIntNesting without calling this function becaus
 652:./ucos/Core/os_core.c **** *                 OSIntNesting has been declared 'global'.
 653:./ucos/Core/os_core.c **** *              3) You MUST still call OSIntExit() even though you increment OSIntNesting directly.
 654:./ucos/Core/os_core.c **** *              4) You MUST invoke OSIntEnter() and OSIntExit() in pair.  In other words, for every 
 655:./ucos/Core/os_core.c **** *                 to OSIntEnter() at the beginning of the ISR you MUST have a call to OSIntExit() a
 656:./ucos/Core/os_core.c **** *                 end of the ISR.
 657:./ucos/Core/os_core.c **** *              5) You are allowed to nest interrupts up to 255 levels deep.
 658:./ucos/Core/os_core.c **** *              6) I removed the OS_ENTER_CRITICAL() and OS_EXIT_CRITICAL() around the increment bec
ARM GAS  /tmp/ccMSGEvU.s 			page 13


 659:./ucos/Core/os_core.c **** *                 OSIntEnter() is always called with interrupts disabled.
 660:./ucos/Core/os_core.c **** ***************************************************************************************************
 661:./ucos/Core/os_core.c **** */
 662:./ucos/Core/os_core.c **** 
 663:./ucos/Core/os_core.c **** void  OSIntEnter (void)
 664:./ucos/Core/os_core.c **** {
 665:./ucos/Core/os_core.c ****     if (OSRunning == OS_TRUE) {
 666:./ucos/Core/os_core.c ****         if (OSIntNesting < 255u) {
 667:./ucos/Core/os_core.c ****             OSIntNesting++;                      /* Increment ISR nesting level                    
 668:./ucos/Core/os_core.c ****         }
 669:./ucos/Core/os_core.c ****         OS_TRACE_ISR_ENTER();
 670:./ucos/Core/os_core.c ****     }
 671:./ucos/Core/os_core.c **** }
 672:./ucos/Core/os_core.c **** 
 673:./ucos/Core/os_core.c **** 
 674:./ucos/Core/os_core.c **** /*
 675:./ucos/Core/os_core.c **** ***************************************************************************************************
 676:./ucos/Core/os_core.c **** *                                              EXIT ISR
 677:./ucos/Core/os_core.c **** *
 678:./ucos/Core/os_core.c **** * Description: This function is used to notify uC/OS-II that you have completed servicing an ISR.  
 679:./ucos/Core/os_core.c **** *              the last nested ISR has completed, uC/OS-II will call the scheduler to determine whe
 680:./ucos/Core/os_core.c **** *              a new, high-priority task, is ready to run.
 681:./ucos/Core/os_core.c **** *
 682:./ucos/Core/os_core.c **** * Arguments  : none
 683:./ucos/Core/os_core.c **** *
 684:./ucos/Core/os_core.c **** * Returns    : none
 685:./ucos/Core/os_core.c **** *
 686:./ucos/Core/os_core.c **** * Notes      : 1) You MUST invoke OSIntEnter() and OSIntExit() in pair.  In other words, for every 
 687:./ucos/Core/os_core.c **** *                 to OSIntEnter() at the beginning of the ISR you MUST have a call to OSIntExit() a
 688:./ucos/Core/os_core.c **** *                 end of the ISR.
 689:./ucos/Core/os_core.c **** *              2) Rescheduling is prevented when the scheduler is locked (see OS_SchedLock())
 690:./ucos/Core/os_core.c **** ***************************************************************************************************
 691:./ucos/Core/os_core.c **** */
 692:./ucos/Core/os_core.c **** 
 693:./ucos/Core/os_core.c **** void  OSIntExit (void)
 694:./ucos/Core/os_core.c **** {
 695:./ucos/Core/os_core.c **** #if OS_CRITICAL_METHOD == 3u                               /* Allocate storage for CPU status regis
 696:./ucos/Core/os_core.c ****     OS_CPU_SR  cpu_sr = 0u;
 697:./ucos/Core/os_core.c **** #endif
 698:./ucos/Core/os_core.c **** 
 699:./ucos/Core/os_core.c **** 
 700:./ucos/Core/os_core.c **** 
 701:./ucos/Core/os_core.c ****     if (OSRunning == OS_TRUE) {
 702:./ucos/Core/os_core.c ****         OS_ENTER_CRITICAL();
 703:./ucos/Core/os_core.c ****         if (OSIntNesting > 0u) {                           /* Prevent OSIntNesting from wrapping   
 704:./ucos/Core/os_core.c ****             OSIntNesting--;
 705:./ucos/Core/os_core.c ****         }
 706:./ucos/Core/os_core.c ****         if (OSIntNesting == 0u) {                          /* Reschedule only if all ISRs complete 
 707:./ucos/Core/os_core.c ****             if (OSLockNesting == 0u) {                     /* ... and not locked.                  
 708:./ucos/Core/os_core.c ****                 OS_SchedNew();
 709:./ucos/Core/os_core.c ****                 OSTCBHighRdy = OSTCBPrioTbl[OSPrioHighRdy];
 710:./ucos/Core/os_core.c ****                 if (OSPrioHighRdy != OSPrioCur) {          /* No Ctx Sw if current task is highest 
 711:./ucos/Core/os_core.c **** #if OS_TASK_PROFILE_EN > 0u
 712:./ucos/Core/os_core.c ****                     OSTCBHighRdy->OSTCBCtxSwCtr++;         /* Inc. # of context switches to this ta
 713:./ucos/Core/os_core.c **** #endif
 714:./ucos/Core/os_core.c ****                     OSCtxSwCtr++;                          /* Keep track of the number of ctx switc
 715:./ucos/Core/os_core.c **** 
ARM GAS  /tmp/ccMSGEvU.s 			page 14


 716:./ucos/Core/os_core.c **** #if OS_TASK_CREATE_EXT_EN > 0u
 717:./ucos/Core/os_core.c **** #if defined(OS_TLS_TBL_SIZE) && (OS_TLS_TBL_SIZE > 0u)
 718:./ucos/Core/os_core.c ****                     OS_TLS_TaskSw();
 719:./ucos/Core/os_core.c **** #endif
 720:./ucos/Core/os_core.c **** #endif
 721:./ucos/Core/os_core.c ****                     OS_TRACE_ISR_EXIT_TO_SCHEDULER();
 722:./ucos/Core/os_core.c **** 
 723:./ucos/Core/os_core.c ****                     OSIntCtxSw();                          /* Perform interrupt level ctx switch   
 724:./ucos/Core/os_core.c ****                 } else {
 725:./ucos/Core/os_core.c ****                     OS_TRACE_ISR_EXIT();
 726:./ucos/Core/os_core.c ****                 }
 727:./ucos/Core/os_core.c ****             } else {
 728:./ucos/Core/os_core.c ****                 OS_TRACE_ISR_EXIT();
 729:./ucos/Core/os_core.c ****             }
 730:./ucos/Core/os_core.c ****         } else {
 731:./ucos/Core/os_core.c ****             OS_TRACE_ISR_EXIT();
 732:./ucos/Core/os_core.c ****         }
 733:./ucos/Core/os_core.c **** 
 734:./ucos/Core/os_core.c ****         OS_EXIT_CRITICAL();
 735:./ucos/Core/os_core.c ****     }
 736:./ucos/Core/os_core.c **** }
 737:./ucos/Core/os_core.c **** 
 738:./ucos/Core/os_core.c **** 
 739:./ucos/Core/os_core.c **** /*
 740:./ucos/Core/os_core.c **** ***************************************************************************************************
 741:./ucos/Core/os_core.c **** *                         INDICATE THAT IT'S NO LONGER SAFE TO CREATE OBJECTS
 742:./ucos/Core/os_core.c **** *
 743:./ucos/Core/os_core.c **** * Description: This function is called by the application code to indicate that all initialization 
 744:./ucos/Core/os_core.c **** *              been completed and that kernel objects are no longer allowed to be created.
 745:./ucos/Core/os_core.c **** *
 746:./ucos/Core/os_core.c **** * Arguments  : none
 747:./ucos/Core/os_core.c **** *
 748:./ucos/Core/os_core.c **** * Returns    : none
 749:./ucos/Core/os_core.c **** *
 750:./ucos/Core/os_core.c **** * Note(s)    : 1) You should call this function when you no longer want to allow application code t
 751:./ucos/Core/os_core.c **** *                 create kernel objects.
 752:./ucos/Core/os_core.c **** *              2) You need to define the macro 'OS_SAFETY_CRITICAL_IEC61508'
 753:./ucos/Core/os_core.c **** ***************************************************************************************************
 754:./ucos/Core/os_core.c **** */
 755:./ucos/Core/os_core.c **** 
 756:./ucos/Core/os_core.c **** #ifdef OS_SAFETY_CRITICAL_IEC61508
 757:./ucos/Core/os_core.c **** void  OSSafetyCriticalStart (void)
 758:./ucos/Core/os_core.c **** {
 759:./ucos/Core/os_core.c ****     OSSafetyCriticalStartFlag = OS_TRUE;
 760:./ucos/Core/os_core.c **** }
 761:./ucos/Core/os_core.c **** 
 762:./ucos/Core/os_core.c **** #endif
 763:./ucos/Core/os_core.c **** 
 764:./ucos/Core/os_core.c **** 
 765:./ucos/Core/os_core.c **** /*
 766:./ucos/Core/os_core.c **** ***************************************************************************************************
 767:./ucos/Core/os_core.c **** *                                         PREVENT SCHEDULING
 768:./ucos/Core/os_core.c **** *
 769:./ucos/Core/os_core.c **** * Description: This function is used to prevent rescheduling to take place.  This allows your appli
 770:./ucos/Core/os_core.c **** *              to prevent context switches until you are ready to permit context switching.
 771:./ucos/Core/os_core.c **** *
 772:./ucos/Core/os_core.c **** * Arguments  : none
ARM GAS  /tmp/ccMSGEvU.s 			page 15


 773:./ucos/Core/os_core.c **** *
 774:./ucos/Core/os_core.c **** * Returns    : none
 775:./ucos/Core/os_core.c **** *
 776:./ucos/Core/os_core.c **** * Notes      : 1) You MUST invoke OSSchedLock() and OSSchedUnlock() in pair.  In other words, for e
 777:./ucos/Core/os_core.c **** *                 call to OSSchedLock() you MUST have a call to OSSchedUnlock().
 778:./ucos/Core/os_core.c **** ***************************************************************************************************
 779:./ucos/Core/os_core.c **** */
 780:./ucos/Core/os_core.c **** 
 781:./ucos/Core/os_core.c **** #if OS_SCHED_LOCK_EN > 0u
 782:./ucos/Core/os_core.c **** void  OSSchedLock (void)
 783:./ucos/Core/os_core.c **** {
 784:./ucos/Core/os_core.c **** #if OS_CRITICAL_METHOD == 3u                     /* Allocate storage for CPU status register       
 785:./ucos/Core/os_core.c ****     OS_CPU_SR  cpu_sr = 0u;
 786:./ucos/Core/os_core.c **** #endif
 787:./ucos/Core/os_core.c **** 
 788:./ucos/Core/os_core.c **** 
 789:./ucos/Core/os_core.c **** 
 790:./ucos/Core/os_core.c ****     if (OSRunning == OS_TRUE) {                  /* Make sure multitasking is running              
 791:./ucos/Core/os_core.c ****         OS_ENTER_CRITICAL();
 792:./ucos/Core/os_core.c ****         if (OSIntNesting == 0u) {                /* Can't call from an ISR                         
 793:./ucos/Core/os_core.c ****             if (OSLockNesting < 255u) {          /* Prevent OSLockNesting from wrapping back to 0  
 794:./ucos/Core/os_core.c ****                 OSLockNesting++;                 /* Increment lock nesting level                   
 795:./ucos/Core/os_core.c ****             }
 796:./ucos/Core/os_core.c ****         }
 797:./ucos/Core/os_core.c ****         OS_EXIT_CRITICAL();
 798:./ucos/Core/os_core.c ****     }
 799:./ucos/Core/os_core.c **** }
 800:./ucos/Core/os_core.c **** #endif
 801:./ucos/Core/os_core.c **** 
 802:./ucos/Core/os_core.c **** 
 803:./ucos/Core/os_core.c **** /*
 804:./ucos/Core/os_core.c **** ***************************************************************************************************
 805:./ucos/Core/os_core.c **** *                                          ENABLE SCHEDULING
 806:./ucos/Core/os_core.c **** *
 807:./ucos/Core/os_core.c **** * Description: This function is used to re-allow rescheduling.
 808:./ucos/Core/os_core.c **** *
 809:./ucos/Core/os_core.c **** * Arguments  : none
 810:./ucos/Core/os_core.c **** *
 811:./ucos/Core/os_core.c **** * Returns    : none
 812:./ucos/Core/os_core.c **** *
 813:./ucos/Core/os_core.c **** * Notes      : 1) You MUST invoke OSSchedLock() and OSSchedUnlock() in pair.  In other words, for e
 814:./ucos/Core/os_core.c **** *                 call to OSSchedLock() you MUST have a call to OSSchedUnlock().
 815:./ucos/Core/os_core.c **** ***************************************************************************************************
 816:./ucos/Core/os_core.c **** */
 817:./ucos/Core/os_core.c **** 
 818:./ucos/Core/os_core.c **** #if OS_SCHED_LOCK_EN > 0u
 819:./ucos/Core/os_core.c **** void  OSSchedUnlock (void)
 820:./ucos/Core/os_core.c **** {
 821:./ucos/Core/os_core.c **** #if OS_CRITICAL_METHOD == 3u                               /* Allocate storage for CPU status regis
 822:./ucos/Core/os_core.c ****     OS_CPU_SR  cpu_sr = 0u;
 823:./ucos/Core/os_core.c **** #endif
 824:./ucos/Core/os_core.c **** 
 825:./ucos/Core/os_core.c **** 
 826:./ucos/Core/os_core.c **** 
 827:./ucos/Core/os_core.c ****     if (OSRunning == OS_TRUE) {                            /* Make sure multitasking is running    
 828:./ucos/Core/os_core.c ****         OS_ENTER_CRITICAL();
 829:./ucos/Core/os_core.c ****         if (OSIntNesting == 0u) {                          /* Can't call from an ISR               
ARM GAS  /tmp/ccMSGEvU.s 			page 16


 830:./ucos/Core/os_core.c ****             if (OSLockNesting > 0u) {                      /* Do not decrement if already 0        
 831:./ucos/Core/os_core.c ****                 OSLockNesting--;                           /* Decrement lock nesting level         
 832:./ucos/Core/os_core.c ****                 if (OSLockNesting == 0u) {                 /* See if scheduler is enabled          
 833:./ucos/Core/os_core.c ****                     OS_EXIT_CRITICAL();
 834:./ucos/Core/os_core.c ****                     OS_Sched();                            /* See if a HPT is ready                
 835:./ucos/Core/os_core.c ****                 } else {
 836:./ucos/Core/os_core.c ****                     OS_EXIT_CRITICAL();
 837:./ucos/Core/os_core.c ****                 }
 838:./ucos/Core/os_core.c ****             } else {
 839:./ucos/Core/os_core.c ****                 OS_EXIT_CRITICAL();
 840:./ucos/Core/os_core.c ****             }
 841:./ucos/Core/os_core.c ****         } else {
 842:./ucos/Core/os_core.c ****             OS_EXIT_CRITICAL();
 843:./ucos/Core/os_core.c ****         }
 844:./ucos/Core/os_core.c ****     }
 845:./ucos/Core/os_core.c **** }
 846:./ucos/Core/os_core.c **** #endif
 847:./ucos/Core/os_core.c **** 
 848:./ucos/Core/os_core.c **** 
 849:./ucos/Core/os_core.c **** /*
 850:./ucos/Core/os_core.c **** ***************************************************************************************************
 851:./ucos/Core/os_core.c **** *                                         START MULTITASKING
 852:./ucos/Core/os_core.c **** *
 853:./ucos/Core/os_core.c **** * Description: This function is used to start the multitasking process which lets uC/OS-II manages 
 854:./ucos/Core/os_core.c **** *              task that you have created.  Before you can call OSStart(), you MUST have called OSI
 855:./ucos/Core/os_core.c **** *              and you MUST have created at least one task.
 856:./ucos/Core/os_core.c **** *
 857:./ucos/Core/os_core.c **** * Arguments  : none
 858:./ucos/Core/os_core.c **** *
 859:./ucos/Core/os_core.c **** * Returns    : none
 860:./ucos/Core/os_core.c **** *
 861:./ucos/Core/os_core.c **** * Note       : OSStartHighRdy() MUST:
 862:./ucos/Core/os_core.c **** *                 a) Call OSTaskSwHook() then,
 863:./ucos/Core/os_core.c **** *                 b) Set OSRunning to OS_TRUE.
 864:./ucos/Core/os_core.c **** *                 c) Load the context of the task pointed to by OSTCBHighRdy.
 865:./ucos/Core/os_core.c **** *                 d_ Execute the task.
 866:./ucos/Core/os_core.c **** ***************************************************************************************************
 867:./ucos/Core/os_core.c **** */
 868:./ucos/Core/os_core.c **** 
 869:./ucos/Core/os_core.c **** void  OSStart (void)
 870:./ucos/Core/os_core.c **** {
 871:./ucos/Core/os_core.c ****     if (OSRunning == OS_FALSE) {
 872:./ucos/Core/os_core.c ****         OS_SchedNew();                               /* Find highest priority's task priority numbe
 873:./ucos/Core/os_core.c ****         OSPrioCur     = OSPrioHighRdy;
 874:./ucos/Core/os_core.c ****         OSTCBHighRdy  = OSTCBPrioTbl[OSPrioHighRdy]; /* Point to highest priority task ready to run
 875:./ucos/Core/os_core.c ****         OSTCBCur      = OSTCBHighRdy;
 876:./ucos/Core/os_core.c ****         OSStartHighRdy();                            /* Execute target specific code to start task 
 877:./ucos/Core/os_core.c ****     }
 878:./ucos/Core/os_core.c **** }
 879:./ucos/Core/os_core.c **** 
 880:./ucos/Core/os_core.c **** 
 881:./ucos/Core/os_core.c **** /*
 882:./ucos/Core/os_core.c **** ***************************************************************************************************
 883:./ucos/Core/os_core.c **** *                                      STATISTICS INITIALIZATION
 884:./ucos/Core/os_core.c **** *
 885:./ucos/Core/os_core.c **** * Description: This function is called by your application to establish CPU usage by first determin
 886:./ucos/Core/os_core.c **** *              how high a 32-bit counter would count to in 1 second if no other tasks were to execu
ARM GAS  /tmp/ccMSGEvU.s 			page 17


 887:./ucos/Core/os_core.c **** *              during that time.  CPU usage is then determined by a low priority task which keeps t
 888:./ucos/Core/os_core.c **** *              of this 32-bit counter every second but this time, with other tasks running.  CPU us
 889:./ucos/Core/os_core.c **** *              determined by:
 890:./ucos/Core/os_core.c **** *
 891:./ucos/Core/os_core.c **** *                                             OSIdleCtr
 892:./ucos/Core/os_core.c **** *                 CPU Usage (%) = 100 * (1 - ------------)
 893:./ucos/Core/os_core.c **** *                                            OSIdleCtrMax
 894:./ucos/Core/os_core.c **** *
 895:./ucos/Core/os_core.c **** * Arguments  : none
 896:./ucos/Core/os_core.c **** *
 897:./ucos/Core/os_core.c **** * Returns    : none
 898:./ucos/Core/os_core.c **** ***************************************************************************************************
 899:./ucos/Core/os_core.c **** */
 900:./ucos/Core/os_core.c **** 
 901:./ucos/Core/os_core.c **** #if OS_TASK_STAT_EN > 0u
 902:./ucos/Core/os_core.c **** void  OSStatInit (void)
 903:./ucos/Core/os_core.c **** {
 904:./ucos/Core/os_core.c **** #if OS_CRITICAL_METHOD == 3u                     /* Allocate storage for CPU status register       
 905:./ucos/Core/os_core.c ****     OS_CPU_SR  cpu_sr = 0u;
 906:./ucos/Core/os_core.c **** #endif
 907:./ucos/Core/os_core.c **** 
 908:./ucos/Core/os_core.c **** 
 909:./ucos/Core/os_core.c **** 
 910:./ucos/Core/os_core.c ****     OSTimeDly(2u);                               /* Synchronize with clock tick                    
 911:./ucos/Core/os_core.c ****     OS_ENTER_CRITICAL();
 912:./ucos/Core/os_core.c ****     OSIdleCtr    = 0uL;                          /* Clear idle counter                             
 913:./ucos/Core/os_core.c ****     OS_EXIT_CRITICAL();
 914:./ucos/Core/os_core.c ****     OSTimeDly(OS_TICKS_PER_SEC / 10u);           /* Determine MAX. idle counter value for 1/10 seco
 915:./ucos/Core/os_core.c ****     OS_ENTER_CRITICAL();
 916:./ucos/Core/os_core.c ****     OSIdleCtrMax = OSIdleCtr;                    /* Store maximum idle counter count in 1/10 second
 917:./ucos/Core/os_core.c ****     OSStatRdy    = OS_TRUE;
 918:./ucos/Core/os_core.c ****     OS_EXIT_CRITICAL();
 919:./ucos/Core/os_core.c **** }
 920:./ucos/Core/os_core.c **** #endif
 921:./ucos/Core/os_core.c **** 
 922:./ucos/Core/os_core.c **** 
 923:./ucos/Core/os_core.c **** /*
 924:./ucos/Core/os_core.c **** ***************************************************************************************************
 925:./ucos/Core/os_core.c **** *                                         PROCESS SYSTEM TICK
 926:./ucos/Core/os_core.c **** *
 927:./ucos/Core/os_core.c **** * Description: This function is used to signal to uC/OS-II the occurrence of a 'system tick' (also 
 928:./ucos/Core/os_core.c **** *              as a 'clock tick').  This function should be called by the ticker ISR but, can also 
 929:./ucos/Core/os_core.c **** *              called by a high priority task.
 930:./ucos/Core/os_core.c **** *
 931:./ucos/Core/os_core.c **** * Arguments  : none
 932:./ucos/Core/os_core.c **** *
 933:./ucos/Core/os_core.c **** * Returns    : none
 934:./ucos/Core/os_core.c **** ***************************************************************************************************
 935:./ucos/Core/os_core.c **** */
 936:./ucos/Core/os_core.c **** 
 937:./ucos/Core/os_core.c **** void  OSTimeTick (void)
 938:./ucos/Core/os_core.c **** {
 939:./ucos/Core/os_core.c ****     OS_TCB    *ptcb;
 940:./ucos/Core/os_core.c **** #if OS_TICK_STEP_EN > 0u
 941:./ucos/Core/os_core.c ****     BOOLEAN    step;
 942:./ucos/Core/os_core.c **** #endif
 943:./ucos/Core/os_core.c **** #if OS_CRITICAL_METHOD == 3u                               /* Allocate storage for CPU status regis
ARM GAS  /tmp/ccMSGEvU.s 			page 18


 944:./ucos/Core/os_core.c ****     OS_CPU_SR  cpu_sr = 0u;
 945:./ucos/Core/os_core.c **** #endif
 946:./ucos/Core/os_core.c **** 
 947:./ucos/Core/os_core.c **** 
 948:./ucos/Core/os_core.c **** 
 949:./ucos/Core/os_core.c **** #if OS_TIME_TICK_HOOK_EN > 0u
 950:./ucos/Core/os_core.c ****     OSTimeTickHook();                                      /* Call user definable hook             
 951:./ucos/Core/os_core.c **** #endif
 952:./ucos/Core/os_core.c **** #if OS_TIME_GET_SET_EN > 0u
 953:./ucos/Core/os_core.c ****     OS_ENTER_CRITICAL();                                   /* Update the 32-bit tick counter       
 954:./ucos/Core/os_core.c ****     OSTime++;
 955:./ucos/Core/os_core.c ****     OS_TRACE_TICK_INCREMENT(OSTime);
 956:./ucos/Core/os_core.c ****     OS_EXIT_CRITICAL();
 957:./ucos/Core/os_core.c **** #endif
 958:./ucos/Core/os_core.c ****     if (OSRunning == OS_TRUE) {
 959:./ucos/Core/os_core.c **** #if OS_TICK_STEP_EN > 0u
 960:./ucos/Core/os_core.c ****         switch (OSTickStepState) {                         /* Determine whether we need to process 
 961:./ucos/Core/os_core.c ****             case OS_TICK_STEP_DIS:                         /* Yes, stepping is disabled            
 962:./ucos/Core/os_core.c ****                  step = OS_TRUE;
 963:./ucos/Core/os_core.c ****                  break;
 964:./ucos/Core/os_core.c **** 
 965:./ucos/Core/os_core.c ****             case OS_TICK_STEP_WAIT:                        /* No,  waiting for uC/OS-View to set ..
 966:./ucos/Core/os_core.c ****                  step = OS_FALSE;                          /*      .. OSTickStepState to OS_TICK_ST
 967:./ucos/Core/os_core.c ****                  break;
 968:./ucos/Core/os_core.c **** 
 969:./ucos/Core/os_core.c ****             case OS_TICK_STEP_ONCE:                        /* Yes, process tick once and wait for n
 970:./ucos/Core/os_core.c ****                  step            = OS_TRUE;                /*      ... step command from uC/OS-View
 971:./ucos/Core/os_core.c ****                  OSTickStepState = OS_TICK_STEP_WAIT;
 972:./ucos/Core/os_core.c ****                  break;
 973:./ucos/Core/os_core.c **** 
 974:./ucos/Core/os_core.c ****             default:                                       /* Invalid case, correct situation      
 975:./ucos/Core/os_core.c ****                  step            = OS_TRUE;
 976:./ucos/Core/os_core.c ****                  OSTickStepState = OS_TICK_STEP_DIS;
 977:./ucos/Core/os_core.c ****                  break;
 978:./ucos/Core/os_core.c ****         }
 979:./ucos/Core/os_core.c ****         if (step == OS_FALSE) {                            /* Return if waiting for step command   
 980:./ucos/Core/os_core.c ****             return;
 981:./ucos/Core/os_core.c ****         }
 982:./ucos/Core/os_core.c **** #endif
 983:./ucos/Core/os_core.c ****         ptcb = OSTCBList;                                  /* Point at first TCB in TCB list       
 984:./ucos/Core/os_core.c ****         while (ptcb->OSTCBPrio != OS_TASK_IDLE_PRIO) {     /* Go through all TCBs in TCB list      
 985:./ucos/Core/os_core.c ****             OS_ENTER_CRITICAL();
 986:./ucos/Core/os_core.c ****             if (ptcb->OSTCBDly != 0u) {                    /* No, Delayed or waiting for event with
 987:./ucos/Core/os_core.c ****                 ptcb->OSTCBDly--;                          /* Decrement nbr of ticks to end of dela
 988:./ucos/Core/os_core.c ****                 if (ptcb->OSTCBDly == 0u) {                /* Check for timeout                    
 989:./ucos/Core/os_core.c **** 
 990:./ucos/Core/os_core.c ****                     if ((ptcb->OSTCBStat & OS_STAT_PEND_ANY) != OS_STAT_RDY) {
 991:./ucos/Core/os_core.c ****                         ptcb->OSTCBStat  &= (INT8U)~(INT8U)OS_STAT_PEND_ANY;   /* Yes, Clear status
 992:./ucos/Core/os_core.c ****                         ptcb->OSTCBStatPend = OS_STAT_PEND_TO;                 /* Indicate PEND tim
 993:./ucos/Core/os_core.c ****                     } else {
 994:./ucos/Core/os_core.c ****                         ptcb->OSTCBStatPend = OS_STAT_PEND_OK;
 995:./ucos/Core/os_core.c ****                     }
 996:./ucos/Core/os_core.c **** 
 997:./ucos/Core/os_core.c ****                     if ((ptcb->OSTCBStat & OS_STAT_SUSPEND) == OS_STAT_RDY) {  /* Is task suspended
 998:./ucos/Core/os_core.c ****                         OSRdyGrp               |= ptcb->OSTCBBitY;             /* No,  Make ready  
 999:./ucos/Core/os_core.c ****                         OSRdyTbl[ptcb->OSTCBY] |= ptcb->OSTCBBitX;
1000:./ucos/Core/os_core.c ****                         OS_TRACE_TASK_READY(ptcb);
ARM GAS  /tmp/ccMSGEvU.s 			page 19


1001:./ucos/Core/os_core.c ****                     }
1002:./ucos/Core/os_core.c ****                 }
1003:./ucos/Core/os_core.c ****             }
1004:./ucos/Core/os_core.c ****             ptcb = ptcb->OSTCBNext;                        /* Point at next TCB in TCB list        
1005:./ucos/Core/os_core.c ****             OS_EXIT_CRITICAL();
1006:./ucos/Core/os_core.c ****         }
1007:./ucos/Core/os_core.c ****     }
1008:./ucos/Core/os_core.c **** }
1009:./ucos/Core/os_core.c **** 
1010:./ucos/Core/os_core.c **** 
1011:./ucos/Core/os_core.c **** /*
1012:./ucos/Core/os_core.c **** ***************************************************************************************************
1013:./ucos/Core/os_core.c **** *                                             GET VERSION
1014:./ucos/Core/os_core.c **** *
1015:./ucos/Core/os_core.c **** * Description: This function is used to return the version number of uC/OS-II.  The returned value
1016:./ucos/Core/os_core.c **** *              corresponds to uC/OS-II's version number multiplied by 10000.  In other words, versi
1017:./ucos/Core/os_core.c **** *              2.01.00 would be returned as 20100.
1018:./ucos/Core/os_core.c **** *
1019:./ucos/Core/os_core.c **** * Arguments  : none
1020:./ucos/Core/os_core.c **** *
1021:./ucos/Core/os_core.c **** * Returns    : The version number of uC/OS-II multiplied by 10000.
1022:./ucos/Core/os_core.c **** ***************************************************************************************************
1023:./ucos/Core/os_core.c **** */
1024:./ucos/Core/os_core.c **** 
1025:./ucos/Core/os_core.c **** INT16U  OSVersion (void)
1026:./ucos/Core/os_core.c **** {
1027:./ucos/Core/os_core.c ****     return (OS_VERSION);
1028:./ucos/Core/os_core.c **** }
1029:./ucos/Core/os_core.c **** 
1030:./ucos/Core/os_core.c **** 
1031:./ucos/Core/os_core.c **** /*
1032:./ucos/Core/os_core.c **** ***************************************************************************************************
1033:./ucos/Core/os_core.c **** *                                           DUMMY FUNCTION
1034:./ucos/Core/os_core.c **** *
1035:./ucos/Core/os_core.c **** * Description: This function doesn't do anything.  It is called by OSTaskDel().
1036:./ucos/Core/os_core.c **** *
1037:./ucos/Core/os_core.c **** * Arguments  : none
1038:./ucos/Core/os_core.c **** *
1039:./ucos/Core/os_core.c **** * Returns    : none
1040:./ucos/Core/os_core.c **** ***************************************************************************************************
1041:./ucos/Core/os_core.c **** */
1042:./ucos/Core/os_core.c **** 
1043:./ucos/Core/os_core.c **** #if OS_TASK_DEL_EN > 0u
1044:./ucos/Core/os_core.c **** void  OS_Dummy (void)
1045:./ucos/Core/os_core.c **** {
1046:./ucos/Core/os_core.c **** }
1047:./ucos/Core/os_core.c **** #endif
1048:./ucos/Core/os_core.c **** 
1049:./ucos/Core/os_core.c **** 
1050:./ucos/Core/os_core.c **** /*
1051:./ucos/Core/os_core.c **** ***************************************************************************************************
1052:./ucos/Core/os_core.c **** *                           MAKE TASK READY TO RUN BASED ON EVENT OCCURING
1053:./ucos/Core/os_core.c **** *
1054:./ucos/Core/os_core.c **** * Description: This function is called by other uC/OS-II services and is used to ready a task that 
1055:./ucos/Core/os_core.c **** *              waiting for an event to occur.
1056:./ucos/Core/os_core.c **** *
1057:./ucos/Core/os_core.c **** * Arguments  : pevent      is a pointer to the event control block corresponding to the event.
ARM GAS  /tmp/ccMSGEvU.s 			page 20


1058:./ucos/Core/os_core.c **** *
1059:./ucos/Core/os_core.c **** *              pmsg        is a pointer to a message.  This pointer is used by message oriented ser
1060:./ucos/Core/os_core.c **** *                          such as MAILBOXEs and QUEUEs.  The pointer is not used when called by ot
1061:./ucos/Core/os_core.c **** *                          service functions.
1062:./ucos/Core/os_core.c **** *
1063:./ucos/Core/os_core.c **** *              msk         is a mask that is used to clear the status byte of the TCB.  For example
1064:./ucos/Core/os_core.c **** *                          OSSemPost() will pass OS_STAT_SEM, OSMboxPost() will pass OS_STAT_MBOX e
1065:./ucos/Core/os_core.c **** *
1066:./ucos/Core/os_core.c **** *              pend_stat   is used to indicate the readied task's pending status:
1067:./ucos/Core/os_core.c **** *
1068:./ucos/Core/os_core.c **** *                          OS_STAT_PEND_OK      Task ready due to a post (or delete), not a timeout
1069:./ucos/Core/os_core.c **** *                                               an abort.
1070:./ucos/Core/os_core.c **** *                          OS_STAT_PEND_ABORT   Task ready due to an abort.
1071:./ucos/Core/os_core.c **** *
1072:./ucos/Core/os_core.c **** * Returns    : none
1073:./ucos/Core/os_core.c **** *
1074:./ucos/Core/os_core.c **** * Note       : This function is INTERNAL to uC/OS-II and your application should not call it.
1075:./ucos/Core/os_core.c **** ***************************************************************************************************
1076:./ucos/Core/os_core.c **** */
1077:./ucos/Core/os_core.c **** #if (OS_EVENT_EN)
1078:./ucos/Core/os_core.c **** INT8U  OS_EventTaskRdy (OS_EVENT  *pevent,
1079:./ucos/Core/os_core.c ****                         void      *pmsg,
1080:./ucos/Core/os_core.c ****                         INT8U      msk,
1081:./ucos/Core/os_core.c ****                         INT8U      pend_stat)
1082:./ucos/Core/os_core.c **** {
1083:./ucos/Core/os_core.c ****     OS_TCB   *ptcb;
1084:./ucos/Core/os_core.c ****     INT8U     y;
1085:./ucos/Core/os_core.c ****     INT8U     x;
1086:./ucos/Core/os_core.c ****     INT8U     prio;
1087:./ucos/Core/os_core.c **** #if OS_LOWEST_PRIO > 63u
1088:./ucos/Core/os_core.c ****     OS_PRIO  *ptbl;
1089:./ucos/Core/os_core.c **** #endif
1090:./ucos/Core/os_core.c **** 
1091:./ucos/Core/os_core.c **** 
1092:./ucos/Core/os_core.c **** #if OS_LOWEST_PRIO <= 63u
1093:./ucos/Core/os_core.c ****     y    = OSUnMapTbl[pevent->OSEventGrp];              /* Find HPT waiting for message            
1094:./ucos/Core/os_core.c ****     x    = OSUnMapTbl[pevent->OSEventTbl[y]];
1095:./ucos/Core/os_core.c ****     prio = (INT8U)((y << 3u) + x);                      /* Find priority of task getting the msg   
1096:./ucos/Core/os_core.c **** #else
1097:./ucos/Core/os_core.c ****     if ((pevent->OSEventGrp & 0xFFu) != 0u) {           /* Find HPT waiting for message            
1098:./ucos/Core/os_core.c ****         y = OSUnMapTbl[ pevent->OSEventGrp & 0xFFu];
1099:./ucos/Core/os_core.c ****     } else {
1100:./ucos/Core/os_core.c ****         y = OSUnMapTbl[(OS_PRIO)(pevent->OSEventGrp >> 8u) & 0xFFu] + 8u;
1101:./ucos/Core/os_core.c ****     }
1102:./ucos/Core/os_core.c ****     ptbl = &pevent->OSEventTbl[y];
1103:./ucos/Core/os_core.c ****     if ((*ptbl & 0xFFu) != 0u) {
1104:./ucos/Core/os_core.c ****         x = OSUnMapTbl[*ptbl & 0xFFu];
1105:./ucos/Core/os_core.c ****     } else {
1106:./ucos/Core/os_core.c ****         x = OSUnMapTbl[(OS_PRIO)(*ptbl >> 8u) & 0xFFu] + 8u;
1107:./ucos/Core/os_core.c ****     }
1108:./ucos/Core/os_core.c ****     prio = (INT8U)((y << 4u) + x);                      /* Find priority of task getting the msg   
1109:./ucos/Core/os_core.c **** #endif
1110:./ucos/Core/os_core.c **** 
1111:./ucos/Core/os_core.c ****     ptcb                  =  OSTCBPrioTbl[prio];        /* Point to this task's OS_TCB             
1112:./ucos/Core/os_core.c ****     ptcb->OSTCBDly        =  0u;                        /* Prevent OSTimeTick() from readying task 
1113:./ucos/Core/os_core.c **** #if ((OS_Q_EN > 0u) && (OS_MAX_QS > 0u)) || (OS_MBOX_EN > 0u)
1114:./ucos/Core/os_core.c ****     ptcb->OSTCBMsg        =  pmsg;                      /* Send message directly to waiting task   
ARM GAS  /tmp/ccMSGEvU.s 			page 21


1115:./ucos/Core/os_core.c **** #else
1116:./ucos/Core/os_core.c ****     pmsg                  =  pmsg;                      /* Prevent compiler warning if not used    
1117:./ucos/Core/os_core.c **** #endif
1118:./ucos/Core/os_core.c ****     ptcb->OSTCBStat      &= (INT8U)~msk;                /* Clear bit associated with event type    
1119:./ucos/Core/os_core.c ****     ptcb->OSTCBStatPend   =  pend_stat;                 /* Set pend status of post or abort        
1120:./ucos/Core/os_core.c ****                                                         /* See if task is ready (could be susp'd)  
1121:./ucos/Core/os_core.c ****     if ((ptcb->OSTCBStat &   OS_STAT_SUSPEND) == OS_STAT_RDY) {
1122:./ucos/Core/os_core.c ****         OSRdyGrp         |=  ptcb->OSTCBBitY;           /* Put task in the ready to run list       
1123:./ucos/Core/os_core.c ****         OSRdyTbl[y]      |=  ptcb->OSTCBBitX;
1124:./ucos/Core/os_core.c ****         OS_TRACE_TASK_READY(ptcb);
1125:./ucos/Core/os_core.c ****     }
1126:./ucos/Core/os_core.c **** 
1127:./ucos/Core/os_core.c ****     OS_EventTaskRemove(ptcb, pevent);                   /* Remove this task from event   wait list 
1128:./ucos/Core/os_core.c **** #if (OS_EVENT_MULTI_EN > 0u)
1129:./ucos/Core/os_core.c ****     if (ptcb->OSTCBEventMultiPtr != (OS_EVENT **)0) {   /* Remove this task from events' wait lists
1130:./ucos/Core/os_core.c ****         OS_EventTaskRemoveMulti(ptcb, ptcb->OSTCBEventMultiPtr);
1131:./ucos/Core/os_core.c ****         ptcb->OSTCBEventMultiPtr  = (OS_EVENT **)0;     /* No longer pending on multi list         
1132:./ucos/Core/os_core.c ****         ptcb->OSTCBEventMultiRdy  = (OS_EVENT  *)pevent;/* Return event as first multi-pend event r
1133:./ucos/Core/os_core.c ****     }
1134:./ucos/Core/os_core.c **** #endif
1135:./ucos/Core/os_core.c **** 
1136:./ucos/Core/os_core.c ****     return (prio);
1137:./ucos/Core/os_core.c **** }
1138:./ucos/Core/os_core.c **** #endif
1139:./ucos/Core/os_core.c **** 
1140:./ucos/Core/os_core.c **** 
1141:./ucos/Core/os_core.c **** /*
1142:./ucos/Core/os_core.c **** ***************************************************************************************************
1143:./ucos/Core/os_core.c **** *                                  MAKE TASK WAIT FOR EVENT TO OCCUR
1144:./ucos/Core/os_core.c **** *
1145:./ucos/Core/os_core.c **** * Description: This function is called by other uC/OS-II services to suspend a task because an even
1146:./ucos/Core/os_core.c **** *              not occurred.
1147:./ucos/Core/os_core.c **** *
1148:./ucos/Core/os_core.c **** * Arguments  : pevent   is a pointer to the event control block for which the task will be waiting 
1149:./ucos/Core/os_core.c **** *
1150:./ucos/Core/os_core.c **** * Returns    : none
1151:./ucos/Core/os_core.c **** *
1152:./ucos/Core/os_core.c **** * Note       : This function is INTERNAL to uC/OS-II and your application should not call it.
1153:./ucos/Core/os_core.c **** ***************************************************************************************************
1154:./ucos/Core/os_core.c **** */
1155:./ucos/Core/os_core.c **** #if (OS_EVENT_EN)
1156:./ucos/Core/os_core.c **** void  OS_EventTaskWait (OS_EVENT *pevent)
1157:./ucos/Core/os_core.c **** {
1158:./ucos/Core/os_core.c ****     INT8U  y;
1159:./ucos/Core/os_core.c **** 
1160:./ucos/Core/os_core.c **** 
1161:./ucos/Core/os_core.c ****     OSTCBCur->OSTCBEventPtr               = pevent;                 /* Store ptr to ECB in TCB     
1162:./ucos/Core/os_core.c **** 
1163:./ucos/Core/os_core.c ****     pevent->OSEventTbl[OSTCBCur->OSTCBY] |= OSTCBCur->OSTCBBitX;    /* Put task in waiting list    
1164:./ucos/Core/os_core.c ****     pevent->OSEventGrp                   |= OSTCBCur->OSTCBBitY;
1165:./ucos/Core/os_core.c **** 
1166:./ucos/Core/os_core.c ****     y             =  OSTCBCur->OSTCBY;            /* Task no longer ready                          
1167:./ucos/Core/os_core.c ****     OSRdyTbl[y]  &= (OS_PRIO)~OSTCBCur->OSTCBBitX;
1168:./ucos/Core/os_core.c ****     OS_TRACE_TASK_SUSPENDED(OSTCBCur);
1169:./ucos/Core/os_core.c ****     if (OSRdyTbl[y] == 0u) {                      /* Clear event grp bit if this was only task pend
1170:./ucos/Core/os_core.c ****         OSRdyGrp &= (OS_PRIO)~OSTCBCur->OSTCBBitY;
1171:./ucos/Core/os_core.c ****     }
ARM GAS  /tmp/ccMSGEvU.s 			page 22


1172:./ucos/Core/os_core.c **** }
1173:./ucos/Core/os_core.c **** #endif
1174:./ucos/Core/os_core.c **** 
1175:./ucos/Core/os_core.c **** 
1176:./ucos/Core/os_core.c **** /*
1177:./ucos/Core/os_core.c **** ***************************************************************************************************
1178:./ucos/Core/os_core.c **** *                         MAKE TASK WAIT FOR ANY OF MULTIPLE EVENTS TO OCCUR
1179:./ucos/Core/os_core.c **** *
1180:./ucos/Core/os_core.c **** * Description: This function is called by other uC/OS-II services to suspend a task because any one
1181:./ucos/Core/os_core.c **** *              multiple events has not occurred.
1182:./ucos/Core/os_core.c **** *
1183:./ucos/Core/os_core.c **** * Arguments  : pevents_wait     is a pointer to an array of event control blocks, NULL-terminated, 
1184:./ucos/Core/os_core.c **** *                               which the task will be waiting for.
1185:./ucos/Core/os_core.c **** *
1186:./ucos/Core/os_core.c **** * Returns    : none.
1187:./ucos/Core/os_core.c **** *
1188:./ucos/Core/os_core.c **** * Note       : This function is INTERNAL to uC/OS-II and your application should not call it.
1189:./ucos/Core/os_core.c **** ***************************************************************************************************
1190:./ucos/Core/os_core.c **** */
1191:./ucos/Core/os_core.c **** #if ((OS_EVENT_EN) && (OS_EVENT_MULTI_EN > 0u))
1192:./ucos/Core/os_core.c **** void  OS_EventTaskWaitMulti (OS_EVENT **pevents_wait)
1193:./ucos/Core/os_core.c **** {
1194:./ucos/Core/os_core.c ****     OS_EVENT **pevents;
1195:./ucos/Core/os_core.c ****     OS_EVENT  *pevent;
1196:./ucos/Core/os_core.c ****     INT8U      y;
1197:./ucos/Core/os_core.c **** 
1198:./ucos/Core/os_core.c **** 
1199:./ucos/Core/os_core.c ****     OSTCBCur->OSTCBEventMultiPtr = (OS_EVENT **)pevents_wait;       /* Store ptr to ECBs in TCB    
1200:./ucos/Core/os_core.c ****     OSTCBCur->OSTCBEventMultiRdy = (OS_EVENT  *)0;
1201:./ucos/Core/os_core.c **** 
1202:./ucos/Core/os_core.c ****     pevents =  pevents_wait;
1203:./ucos/Core/os_core.c ****     pevent  = *pevents;
1204:./ucos/Core/os_core.c ****     while (pevent != (OS_EVENT *)0) {                               /* Put task in waiting lists   
1205:./ucos/Core/os_core.c ****         pevent->OSEventTbl[OSTCBCur->OSTCBY] |= OSTCBCur->OSTCBBitX;
1206:./ucos/Core/os_core.c ****         pevent->OSEventGrp                   |= OSTCBCur->OSTCBBitY;
1207:./ucos/Core/os_core.c ****         pevents++;
1208:./ucos/Core/os_core.c ****         pevent = *pevents;
1209:./ucos/Core/os_core.c ****     }
1210:./ucos/Core/os_core.c **** 
1211:./ucos/Core/os_core.c ****     y             =  OSTCBCur->OSTCBY;            /* Task no longer ready                          
1212:./ucos/Core/os_core.c ****     OSRdyTbl[y]  &= (OS_PRIO)~OSTCBCur->OSTCBBitX;
1213:./ucos/Core/os_core.c ****     OS_TRACE_TASK_SUSPENDED(OSTCBCur);
1214:./ucos/Core/os_core.c ****     if (OSRdyTbl[y] == 0u) {                      /* Clear event grp bit if this was only task pend
1215:./ucos/Core/os_core.c ****         OSRdyGrp &= (OS_PRIO)~OSTCBCur->OSTCBBitY;
1216:./ucos/Core/os_core.c ****     }
1217:./ucos/Core/os_core.c **** }
1218:./ucos/Core/os_core.c **** #endif
1219:./ucos/Core/os_core.c **** 
1220:./ucos/Core/os_core.c **** 
1221:./ucos/Core/os_core.c **** /*
1222:./ucos/Core/os_core.c **** ***************************************************************************************************
1223:./ucos/Core/os_core.c **** *                                  REMOVE TASK FROM EVENT WAIT LIST
1224:./ucos/Core/os_core.c **** *
1225:./ucos/Core/os_core.c **** * Description: Remove a task from an event's wait list.
1226:./ucos/Core/os_core.c **** *
1227:./ucos/Core/os_core.c **** * Arguments  : ptcb     is a pointer to the task to remove.
1228:./ucos/Core/os_core.c **** *
ARM GAS  /tmp/ccMSGEvU.s 			page 23


1229:./ucos/Core/os_core.c **** *              pevent   is a pointer to the event control block.
1230:./ucos/Core/os_core.c **** *
1231:./ucos/Core/os_core.c **** * Returns    : none
1232:./ucos/Core/os_core.c **** *
1233:./ucos/Core/os_core.c **** * Note       : This function is INTERNAL to uC/OS-II and your application should not call it.
1234:./ucos/Core/os_core.c **** ***************************************************************************************************
1235:./ucos/Core/os_core.c **** */
1236:./ucos/Core/os_core.c **** #if (OS_EVENT_EN)
1237:./ucos/Core/os_core.c **** void  OS_EventTaskRemove (OS_TCB   *ptcb,
1238:./ucos/Core/os_core.c ****                           OS_EVENT *pevent)
1239:./ucos/Core/os_core.c **** {
1240:./ucos/Core/os_core.c ****     INT8U  y;
1241:./ucos/Core/os_core.c **** 
1242:./ucos/Core/os_core.c **** 
1243:./ucos/Core/os_core.c ****     y                       =  ptcb->OSTCBY;
1244:./ucos/Core/os_core.c ****     pevent->OSEventTbl[y]  &= (OS_PRIO)~ptcb->OSTCBBitX;    /* Remove task from wait list          
1245:./ucos/Core/os_core.c ****     if (pevent->OSEventTbl[y] == 0u) {
1246:./ucos/Core/os_core.c ****         pevent->OSEventGrp &= (OS_PRIO)~ptcb->OSTCBBitY;
1247:./ucos/Core/os_core.c ****     }
1248:./ucos/Core/os_core.c ****     ptcb->OSTCBEventPtr     = (OS_EVENT  *)0;               /* Unlink OS_EVENT from OS_TCB         
1249:./ucos/Core/os_core.c **** }
1250:./ucos/Core/os_core.c **** #endif
1251:./ucos/Core/os_core.c **** 
1252:./ucos/Core/os_core.c **** 
1253:./ucos/Core/os_core.c **** /*
1254:./ucos/Core/os_core.c **** ***************************************************************************************************
1255:./ucos/Core/os_core.c **** *                             REMOVE TASK FROM MULTIPLE EVENTS WAIT LISTS
1256:./ucos/Core/os_core.c **** *
1257:./ucos/Core/os_core.c **** * Description: Remove a task from multiple events' wait lists.
1258:./ucos/Core/os_core.c **** *
1259:./ucos/Core/os_core.c **** * Arguments  : ptcb             is a pointer to the task to remove.
1260:./ucos/Core/os_core.c **** *
1261:./ucos/Core/os_core.c **** *              pevents_multi    is a pointer to the array of event control blocks, NULL-terminated.
1262:./ucos/Core/os_core.c **** *
1263:./ucos/Core/os_core.c **** * Returns    : none
1264:./ucos/Core/os_core.c **** *
1265:./ucos/Core/os_core.c **** * Note       : This function is INTERNAL to uC/OS-II and your application should not call it.
1266:./ucos/Core/os_core.c **** ***************************************************************************************************
1267:./ucos/Core/os_core.c **** */
1268:./ucos/Core/os_core.c **** #if ((OS_EVENT_EN) && (OS_EVENT_MULTI_EN > 0u))
1269:./ucos/Core/os_core.c **** void  OS_EventTaskRemoveMulti (OS_TCB    *ptcb,
1270:./ucos/Core/os_core.c ****                                OS_EVENT **pevents_multi)
1271:./ucos/Core/os_core.c **** {
1272:./ucos/Core/os_core.c ****     OS_EVENT **pevents;
1273:./ucos/Core/os_core.c ****     OS_EVENT  *pevent;
1274:./ucos/Core/os_core.c ****     INT8U      y;
1275:./ucos/Core/os_core.c ****     OS_PRIO    bity;
1276:./ucos/Core/os_core.c ****     OS_PRIO    bitx;
1277:./ucos/Core/os_core.c **** 
1278:./ucos/Core/os_core.c **** 
1279:./ucos/Core/os_core.c ****     y       =  ptcb->OSTCBY;
1280:./ucos/Core/os_core.c ****     bity    =  ptcb->OSTCBBitY;
1281:./ucos/Core/os_core.c ****     bitx    =  ptcb->OSTCBBitX;
1282:./ucos/Core/os_core.c ****     pevents =  pevents_multi;
1283:./ucos/Core/os_core.c ****     pevent  = *pevents;
1284:./ucos/Core/os_core.c ****     while (pevent != (OS_EVENT *)0) {                   /* Remove task from all events' wait lists 
1285:./ucos/Core/os_core.c ****         pevent->OSEventTbl[y]  &= (OS_PRIO)~bitx;
ARM GAS  /tmp/ccMSGEvU.s 			page 24


1286:./ucos/Core/os_core.c ****         if (pevent->OSEventTbl[y] == 0u) {
1287:./ucos/Core/os_core.c ****             pevent->OSEventGrp &= (OS_PRIO)~bity;
1288:./ucos/Core/os_core.c ****         }
1289:./ucos/Core/os_core.c ****         pevents++;
1290:./ucos/Core/os_core.c ****         pevent = *pevents;
1291:./ucos/Core/os_core.c ****     }
1292:./ucos/Core/os_core.c **** }
1293:./ucos/Core/os_core.c **** #endif
1294:./ucos/Core/os_core.c **** 
1295:./ucos/Core/os_core.c **** 
1296:./ucos/Core/os_core.c **** /*
1297:./ucos/Core/os_core.c **** ***************************************************************************************************
1298:./ucos/Core/os_core.c **** *                             INITIALIZE EVENT CONTROL BLOCK'S WAIT LIST
1299:./ucos/Core/os_core.c **** *
1300:./ucos/Core/os_core.c **** * Description: This function is called by other uC/OS-II services to initialize the event wait list
1301:./ucos/Core/os_core.c **** *
1302:./ucos/Core/os_core.c **** * Arguments  : pevent    is a pointer to the event control block allocated to the event.
1303:./ucos/Core/os_core.c **** *
1304:./ucos/Core/os_core.c **** * Returns    : none
1305:./ucos/Core/os_core.c **** *
1306:./ucos/Core/os_core.c **** * Note       : This function is INTERNAL to uC/OS-II and your application should not call it.
1307:./ucos/Core/os_core.c **** ***************************************************************************************************
1308:./ucos/Core/os_core.c **** */
1309:./ucos/Core/os_core.c **** #if (OS_EVENT_EN)
1310:./ucos/Core/os_core.c **** void  OS_EventWaitListInit (OS_EVENT *pevent)
1311:./ucos/Core/os_core.c **** {
1312:./ucos/Core/os_core.c ****     INT8U  i;
1313:./ucos/Core/os_core.c **** 
1314:./ucos/Core/os_core.c **** 
1315:./ucos/Core/os_core.c ****     pevent->OSEventGrp = 0u;                     /* No task waiting on event                       
1316:./ucos/Core/os_core.c ****     for (i = 0u; i < OS_EVENT_TBL_SIZE; i++) {
1317:./ucos/Core/os_core.c ****         pevent->OSEventTbl[i] = 0u;
1318:./ucos/Core/os_core.c ****     }
1319:./ucos/Core/os_core.c **** }
1320:./ucos/Core/os_core.c **** #endif
1321:./ucos/Core/os_core.c **** 
1322:./ucos/Core/os_core.c **** 
1323:./ucos/Core/os_core.c **** /*
1324:./ucos/Core/os_core.c **** ***************************************************************************************************
1325:./ucos/Core/os_core.c **** *                                             INITIALIZATION
1326:./ucos/Core/os_core.c **** *                           INITIALIZE THE FREE LIST OF EVENT CONTROL BLOCKS
1327:./ucos/Core/os_core.c **** *
1328:./ucos/Core/os_core.c **** * Description: This function is called by OSInit() to initialize the free list of event control blo
1329:./ucos/Core/os_core.c **** *
1330:./ucos/Core/os_core.c **** * Arguments  : none
1331:./ucos/Core/os_core.c **** *
1332:./ucos/Core/os_core.c **** * Returns    : none
1333:./ucos/Core/os_core.c **** ***************************************************************************************************
1334:./ucos/Core/os_core.c **** */
1335:./ucos/Core/os_core.c **** 
1336:./ucos/Core/os_core.c **** static  void  OS_InitEventList (void)
1337:./ucos/Core/os_core.c **** {
1338:./ucos/Core/os_core.c **** #if (OS_EVENT_EN) && (OS_MAX_EVENTS > 0u)
1339:./ucos/Core/os_core.c **** #if (OS_MAX_EVENTS > 1u)
1340:./ucos/Core/os_core.c ****     INT16U     ix;
1341:./ucos/Core/os_core.c ****     INT16U     ix_next;
1342:./ucos/Core/os_core.c ****     OS_EVENT  *pevent1;
ARM GAS  /tmp/ccMSGEvU.s 			page 25


1343:./ucos/Core/os_core.c ****     OS_EVENT  *pevent2;
1344:./ucos/Core/os_core.c **** 
1345:./ucos/Core/os_core.c **** 
1346:./ucos/Core/os_core.c ****     OS_MemClr((INT8U *)&OSEventTbl[0], sizeof(OSEventTbl)); /* Clear the event table               
1347:./ucos/Core/os_core.c ****     for (ix = 0u; ix < (OS_MAX_EVENTS - 1u); ix++) {        /* Init. list of free EVENT control blo
1348:./ucos/Core/os_core.c ****         ix_next = ix + 1u;
1349:./ucos/Core/os_core.c ****         pevent1 = &OSEventTbl[ix];
1350:./ucos/Core/os_core.c ****         pevent2 = &OSEventTbl[ix_next];
1351:./ucos/Core/os_core.c ****         pevent1->OSEventType    = OS_EVENT_TYPE_UNUSED;
1352:./ucos/Core/os_core.c ****         pevent1->OSEventPtr     = pevent2;
1353:./ucos/Core/os_core.c **** #if OS_EVENT_NAME_EN > 0u
1354:./ucos/Core/os_core.c ****         pevent1->OSEventName    = (INT8U *)(void *)"?";     /* Unknown name                        
1355:./ucos/Core/os_core.c **** #endif
1356:./ucos/Core/os_core.c ****     }
1357:./ucos/Core/os_core.c ****     pevent1                         = &OSEventTbl[ix];
1358:./ucos/Core/os_core.c ****     pevent1->OSEventType            = OS_EVENT_TYPE_UNUSED;
1359:./ucos/Core/os_core.c ****     pevent1->OSEventPtr             = (OS_EVENT *)0;
1360:./ucos/Core/os_core.c **** #if OS_EVENT_NAME_EN > 0u
1361:./ucos/Core/os_core.c ****     pevent1->OSEventName            = (INT8U *)(void *)"?"; /* Unknown name                        
1362:./ucos/Core/os_core.c **** #endif
1363:./ucos/Core/os_core.c ****     OSEventFreeList                 = &OSEventTbl[0];
1364:./ucos/Core/os_core.c **** #else
1365:./ucos/Core/os_core.c ****     OSEventFreeList                 = &OSEventTbl[0];       /* Only have ONE event control block   
1366:./ucos/Core/os_core.c ****     OSEventFreeList->OSEventType    = OS_EVENT_TYPE_UNUSED;
1367:./ucos/Core/os_core.c ****     OSEventFreeList->OSEventPtr     = (OS_EVENT *)0;
1368:./ucos/Core/os_core.c **** #if OS_EVENT_NAME_EN > 0u
1369:./ucos/Core/os_core.c ****     OSEventFreeList->OSEventName    = (INT8U *)"?";         /* Unknown name                        
1370:./ucos/Core/os_core.c **** #endif
1371:./ucos/Core/os_core.c **** #endif
1372:./ucos/Core/os_core.c **** #endif
1373:./ucos/Core/os_core.c **** }
1374:./ucos/Core/os_core.c **** 
1375:./ucos/Core/os_core.c **** 
1376:./ucos/Core/os_core.c **** /*
1377:./ucos/Core/os_core.c **** ***************************************************************************************************
1378:./ucos/Core/os_core.c **** *                                             INITIALIZATION
1379:./ucos/Core/os_core.c **** *                                    INITIALIZE MISCELLANEOUS VARIABLES
1380:./ucos/Core/os_core.c **** *
1381:./ucos/Core/os_core.c **** * Description: This function is called by OSInit() to initialize miscellaneous variables.
1382:./ucos/Core/os_core.c **** *
1383:./ucos/Core/os_core.c **** * Arguments  : none
1384:./ucos/Core/os_core.c **** *
1385:./ucos/Core/os_core.c **** * Returns    : none
1386:./ucos/Core/os_core.c **** ***************************************************************************************************
1387:./ucos/Core/os_core.c **** */
1388:./ucos/Core/os_core.c **** 
1389:./ucos/Core/os_core.c **** static  void  OS_InitMisc (void)
1390:./ucos/Core/os_core.c **** {
  28              		.loc 1 1390 1 view -0
  29              		.cfi_startproc
  30              		@ args = 0, pretend = 0, frame = 0
  31              		@ frame_needed = 0, uses_anonymous_args = 0
  32              		@ link register save eliminated.
1391:./ucos/Core/os_core.c **** #if OS_TIME_GET_SET_EN > 0u
1392:./ucos/Core/os_core.c ****     OSTime                    = 0uL;                       /* Clear the 32-bit system clock        
  33              		.loc 1 1392 5 view .LVU1
  34              		.loc 1 1392 31 is_stmt 0 view .LVU2
ARM GAS  /tmp/ccMSGEvU.s 			page 26


  35 0000 0023     		movs	r3, #0
  36 0002 0B4A     		ldr	r2, .L2
  37 0004 1360     		str	r3, [r2]
1393:./ucos/Core/os_core.c **** #endif
1394:./ucos/Core/os_core.c **** 
1395:./ucos/Core/os_core.c ****     OSIntNesting              = 0u;                        /* Clear the interrupt nesting counter  
  38              		.loc 1 1395 5 is_stmt 1 view .LVU3
  39              		.loc 1 1395 31 is_stmt 0 view .LVU4
  40 0006 0B4A     		ldr	r2, .L2+4
  41 0008 1370     		strb	r3, [r2]
1396:./ucos/Core/os_core.c ****     OSLockNesting             = 0u;                        /* Clear the scheduling lock counter    
  42              		.loc 1 1396 5 is_stmt 1 view .LVU5
  43              		.loc 1 1396 31 is_stmt 0 view .LVU6
  44 000a 0B4A     		ldr	r2, .L2+8
  45 000c 1370     		strb	r3, [r2]
1397:./ucos/Core/os_core.c **** 
1398:./ucos/Core/os_core.c ****     OSTaskCtr                 = 0u;                        /* Clear the number of tasks            
  46              		.loc 1 1398 5 is_stmt 1 view .LVU7
  47              		.loc 1 1398 31 is_stmt 0 view .LVU8
  48 000e 0B4A     		ldr	r2, .L2+12
  49 0010 1370     		strb	r3, [r2]
1399:./ucos/Core/os_core.c **** 
1400:./ucos/Core/os_core.c ****     OSRunning                 = OS_FALSE;                  /* Indicate that multitasking not starte
  50              		.loc 1 1400 5 is_stmt 1 view .LVU9
  51              		.loc 1 1400 31 is_stmt 0 view .LVU10
  52 0012 0B4A     		ldr	r2, .L2+16
  53 0014 1370     		strb	r3, [r2]
1401:./ucos/Core/os_core.c **** 
1402:./ucos/Core/os_core.c ****     OSCtxSwCtr                = 0u;                        /* Clear the context switch counter     
  54              		.loc 1 1402 5 is_stmt 1 view .LVU11
  55              		.loc 1 1402 31 is_stmt 0 view .LVU12
  56 0016 0B4A     		ldr	r2, .L2+20
  57 0018 1360     		str	r3, [r2]
1403:./ucos/Core/os_core.c ****     OSIdleCtr                 = 0uL;                       /* Clear the 32-bit idle counter        
  58              		.loc 1 1403 5 is_stmt 1 view .LVU13
  59              		.loc 1 1403 31 is_stmt 0 view .LVU14
  60 001a 0B4A     		ldr	r2, .L2+24
  61 001c 1360     		str	r3, [r2]
1404:./ucos/Core/os_core.c **** 
1405:./ucos/Core/os_core.c **** #if OS_TASK_STAT_EN > 0u
1406:./ucos/Core/os_core.c ****     OSIdleCtrRun              = 0uL;
  62              		.loc 1 1406 5 is_stmt 1 view .LVU15
  63              		.loc 1 1406 31 is_stmt 0 view .LVU16
  64 001e 0B4A     		ldr	r2, .L2+28
  65 0020 1360     		str	r3, [r2]
1407:./ucos/Core/os_core.c ****     OSIdleCtrMax              = 0uL;
  66              		.loc 1 1407 5 is_stmt 1 view .LVU17
  67              		.loc 1 1407 31 is_stmt 0 view .LVU18
  68 0022 0B4A     		ldr	r2, .L2+32
  69 0024 1360     		str	r3, [r2]
1408:./ucos/Core/os_core.c ****     OSStatRdy                 = OS_FALSE;                  /* Statistic task is not ready          
  70              		.loc 1 1408 5 is_stmt 1 view .LVU19
  71              		.loc 1 1408 31 is_stmt 0 view .LVU20
  72 0026 0B4A     		ldr	r2, .L2+36
  73 0028 1370     		strb	r3, [r2]
1409:./ucos/Core/os_core.c **** #endif
1410:./ucos/Core/os_core.c **** 
ARM GAS  /tmp/ccMSGEvU.s 			page 27


1411:./ucos/Core/os_core.c **** #ifdef OS_SAFETY_CRITICAL_IEC61508
1412:./ucos/Core/os_core.c ****     OSSafetyCriticalStartFlag = OS_FALSE;                  /* Still allow creation of objects      
1413:./ucos/Core/os_core.c **** #endif
1414:./ucos/Core/os_core.c **** 
1415:./ucos/Core/os_core.c **** #if OS_TASK_REG_TBL_SIZE > 0u
1416:./ucos/Core/os_core.c ****     OSTaskRegNextAvailID      = 0u;                        /* Initialize the task register ID      
  74              		.loc 1 1416 5 is_stmt 1 view .LVU21
  75              		.loc 1 1416 31 is_stmt 0 view .LVU22
  76 002a 0B4A     		ldr	r2, .L2+40
  77 002c 1370     		strb	r3, [r2]
1417:./ucos/Core/os_core.c **** #endif
1418:./ucos/Core/os_core.c **** }
  78              		.loc 1 1418 1 view .LVU23
  79 002e 7047     		bx	lr
  80              	.L3:
  81              		.align	2
  82              	.L2:
  83 0030 00000000 		.word	OSTime
  84 0034 00000000 		.word	OSIntNesting
  85 0038 00000000 		.word	OSLockNesting
  86 003c 00000000 		.word	OSTaskCtr
  87 0040 00000000 		.word	OSRunning
  88 0044 00000000 		.word	OSCtxSwCtr
  89 0048 00000000 		.word	OSIdleCtr
  90 004c 00000000 		.word	OSIdleCtrRun
  91 0050 00000000 		.word	OSIdleCtrMax
  92 0054 00000000 		.word	OSStatRdy
  93 0058 00000000 		.word	OSTaskRegNextAvailID
  94              		.cfi_endproc
  95              	.LFE20:
  97              		.section	.text.OS_InitRdyList,"ax",%progbits
  98              		.align	1
  99              		.syntax unified
 100              		.thumb
 101              		.thumb_func
 103              	OS_InitRdyList:
 104              	.LFB21:
1419:./ucos/Core/os_core.c **** 
1420:./ucos/Core/os_core.c **** 
1421:./ucos/Core/os_core.c **** /*
1422:./ucos/Core/os_core.c **** ***************************************************************************************************
1423:./ucos/Core/os_core.c **** *                                             INITIALIZATION
1424:./ucos/Core/os_core.c **** *                                       INITIALIZE THE READY LIST
1425:./ucos/Core/os_core.c **** *
1426:./ucos/Core/os_core.c **** * Description: This function is called by OSInit() to initialize the Ready List.
1427:./ucos/Core/os_core.c **** *
1428:./ucos/Core/os_core.c **** * Arguments  : none
1429:./ucos/Core/os_core.c **** *
1430:./ucos/Core/os_core.c **** * Returns    : none
1431:./ucos/Core/os_core.c **** ***************************************************************************************************
1432:./ucos/Core/os_core.c **** */
1433:./ucos/Core/os_core.c **** 
1434:./ucos/Core/os_core.c **** static  void  OS_InitRdyList (void)
1435:./ucos/Core/os_core.c **** {
 105              		.loc 1 1435 1 is_stmt 1 view -0
 106              		.cfi_startproc
 107              		@ args = 0, pretend = 0, frame = 0
ARM GAS  /tmp/ccMSGEvU.s 			page 28


 108              		@ frame_needed = 0, uses_anonymous_args = 0
 109              		@ link register save eliminated.
1436:./ucos/Core/os_core.c ****     INT8U  i;
 110              		.loc 1 1436 5 view .LVU25
1437:./ucos/Core/os_core.c **** 
1438:./ucos/Core/os_core.c **** 
1439:./ucos/Core/os_core.c ****     OSRdyGrp      = 0u;                                    /* Clear the ready list                 
 111              		.loc 1 1439 5 view .LVU26
 112              		.loc 1 1439 19 is_stmt 0 view .LVU27
 113 0000 0023     		movs	r3, #0
 114 0002 0A4A     		ldr	r2, .L7
 115 0004 1370     		strb	r3, [r2]
1440:./ucos/Core/os_core.c ****     for (i = 0u; i < OS_RDY_TBL_SIZE; i++) {
 116              		.loc 1 1440 5 is_stmt 1 view .LVU28
 117              	.LVL0:
 118              		.loc 1 1440 5 is_stmt 0 view .LVU29
 119 0006 04E0     		b	.L5
 120              	.LVL1:
 121              	.L6:
1441:./ucos/Core/os_core.c ****         OSRdyTbl[i] = 0u;
 122              		.loc 1 1441 9 is_stmt 1 view .LVU30
 123              		.loc 1 1441 21 is_stmt 0 view .LVU31
 124 0008 094A     		ldr	r2, .L7+4
 125 000a 0021     		movs	r1, #0
 126 000c D154     		strb	r1, [r2, r3]
1440:./ucos/Core/os_core.c ****     for (i = 0u; i < OS_RDY_TBL_SIZE; i++) {
 127              		.loc 1 1440 40 is_stmt 1 discriminator 3 view .LVU32
 128 000e 0133     		adds	r3, r3, #1
 129              	.LVL2:
1440:./ucos/Core/os_core.c ****     for (i = 0u; i < OS_RDY_TBL_SIZE; i++) {
 130              		.loc 1 1440 40 is_stmt 0 discriminator 3 view .LVU33
 131 0010 DBB2     		uxtb	r3, r3
 132              	.LVL3:
 133              	.L5:
1440:./ucos/Core/os_core.c ****     for (i = 0u; i < OS_RDY_TBL_SIZE; i++) {
 134              		.loc 1 1440 20 is_stmt 1 discriminator 1 view .LVU34
 135 0012 072B     		cmp	r3, #7
 136 0014 F8D9     		bls	.L6
1442:./ucos/Core/os_core.c ****     }
1443:./ucos/Core/os_core.c **** 
1444:./ucos/Core/os_core.c ****     OSPrioCur     = 0u;
 137              		.loc 1 1444 5 view .LVU35
 138              		.loc 1 1444 19 is_stmt 0 view .LVU36
 139 0016 0023     		movs	r3, #0
 140              	.LVL4:
 141              		.loc 1 1444 19 view .LVU37
 142 0018 064A     		ldr	r2, .L7+8
 143 001a 1370     		strb	r3, [r2]
1445:./ucos/Core/os_core.c ****     OSPrioHighRdy = 0u;
 144              		.loc 1 1445 5 is_stmt 1 view .LVU38
 145              		.loc 1 1445 19 is_stmt 0 view .LVU39
 146 001c 064A     		ldr	r2, .L7+12
 147 001e 1370     		strb	r3, [r2]
1446:./ucos/Core/os_core.c **** 
1447:./ucos/Core/os_core.c ****     OSTCBHighRdy  = (OS_TCB *)0;
 148              		.loc 1 1447 5 is_stmt 1 view .LVU40
 149              		.loc 1 1447 19 is_stmt 0 view .LVU41
ARM GAS  /tmp/ccMSGEvU.s 			page 29


 150 0020 064A     		ldr	r2, .L7+16
 151 0022 1360     		str	r3, [r2]
1448:./ucos/Core/os_core.c ****     OSTCBCur      = (OS_TCB *)0;
 152              		.loc 1 1448 5 is_stmt 1 view .LVU42
 153              		.loc 1 1448 19 is_stmt 0 view .LVU43
 154 0024 064A     		ldr	r2, .L7+20
 155 0026 1360     		str	r3, [r2]
1449:./ucos/Core/os_core.c **** }
 156              		.loc 1 1449 1 view .LVU44
 157 0028 7047     		bx	lr
 158              	.L8:
 159 002a 00BF     		.align	2
 160              	.L7:
 161 002c 00000000 		.word	OSRdyGrp
 162 0030 00000000 		.word	OSRdyTbl
 163 0034 00000000 		.word	OSPrioCur
 164 0038 00000000 		.word	OSPrioHighRdy
 165 003c 00000000 		.word	OSTCBHighRdy
 166 0040 00000000 		.word	OSTCBCur
 167              		.cfi_endproc
 168              	.LFE21:
 170              		.section	.text.OS_SchedNew,"ax",%progbits
 171              		.align	1
 172              		.syntax unified
 173              		.thumb
 174              		.thumb_func
 176              	OS_SchedNew:
 177              	.LFB28:
1450:./ucos/Core/os_core.c **** 
1451:./ucos/Core/os_core.c **** 
1452:./ucos/Core/os_core.c **** /*
1453:./ucos/Core/os_core.c **** ***************************************************************************************************
1454:./ucos/Core/os_core.c **** *                                             INITIALIZATION
1455:./ucos/Core/os_core.c **** *                                         CREATING THE IDLE TASK
1456:./ucos/Core/os_core.c **** *
1457:./ucos/Core/os_core.c **** * Description: This function creates the Idle Task.
1458:./ucos/Core/os_core.c **** *
1459:./ucos/Core/os_core.c **** * Arguments  : none
1460:./ucos/Core/os_core.c **** *
1461:./ucos/Core/os_core.c **** * Returns    : none
1462:./ucos/Core/os_core.c **** ***************************************************************************************************
1463:./ucos/Core/os_core.c **** */
1464:./ucos/Core/os_core.c **** 
1465:./ucos/Core/os_core.c **** static  void  OS_InitTaskIdle (void)
1466:./ucos/Core/os_core.c **** {
1467:./ucos/Core/os_core.c **** #if OS_TASK_NAME_EN > 0u
1468:./ucos/Core/os_core.c ****     INT8U  err;
1469:./ucos/Core/os_core.c **** #endif
1470:./ucos/Core/os_core.c **** 
1471:./ucos/Core/os_core.c **** 
1472:./ucos/Core/os_core.c **** #if OS_TASK_CREATE_EXT_EN > 0u
1473:./ucos/Core/os_core.c ****     #if OS_STK_GROWTH == 1u
1474:./ucos/Core/os_core.c ****     (void)OSTaskCreateExt(OS_TaskIdle,
1475:./ucos/Core/os_core.c ****                           (void *)0,                                 /* No arguments passed to OS_T
1476:./ucos/Core/os_core.c ****                           &OSTaskIdleStk[OS_TASK_IDLE_STK_SIZE - 1u],/* Set Top-Of-Stack           
1477:./ucos/Core/os_core.c ****                           OS_TASK_IDLE_PRIO,                         /* Lowest priority level      
1478:./ucos/Core/os_core.c ****                           OS_TASK_IDLE_ID,
ARM GAS  /tmp/ccMSGEvU.s 			page 30


1479:./ucos/Core/os_core.c ****                           &OSTaskIdleStk[0],                         /* Set Bottom-Of-Stack        
1480:./ucos/Core/os_core.c ****                           OS_TASK_IDLE_STK_SIZE,
1481:./ucos/Core/os_core.c ****                           (void *)0,                                 /* No TCB extension           
1482:./ucos/Core/os_core.c ****                           OS_TASK_OPT_STK_CHK | OS_TASK_OPT_STK_CLR);/* Enable stack checking + cle
1483:./ucos/Core/os_core.c ****     #else
1484:./ucos/Core/os_core.c ****     (void)OSTaskCreateExt(OS_TaskIdle,
1485:./ucos/Core/os_core.c ****                           (void *)0,                                 /* No arguments passed to OS_T
1486:./ucos/Core/os_core.c ****                           &OSTaskIdleStk[0],                         /* Set Top-Of-Stack           
1487:./ucos/Core/os_core.c ****                           OS_TASK_IDLE_PRIO,                         /* Lowest priority level      
1488:./ucos/Core/os_core.c ****                           OS_TASK_IDLE_ID,
1489:./ucos/Core/os_core.c ****                           &OSTaskIdleStk[OS_TASK_IDLE_STK_SIZE - 1u],/* Set Bottom-Of-Stack        
1490:./ucos/Core/os_core.c ****                           OS_TASK_IDLE_STK_SIZE,
1491:./ucos/Core/os_core.c ****                           (void *)0,                                 /* No TCB extension           
1492:./ucos/Core/os_core.c ****                           OS_TASK_OPT_STK_CHK | OS_TASK_OPT_STK_CLR);/* Enable stack checking + cle
1493:./ucos/Core/os_core.c ****     #endif
1494:./ucos/Core/os_core.c **** #else
1495:./ucos/Core/os_core.c ****     #if OS_STK_GROWTH == 1u
1496:./ucos/Core/os_core.c ****     (void)OSTaskCreate(OS_TaskIdle,
1497:./ucos/Core/os_core.c ****                        (void *)0,
1498:./ucos/Core/os_core.c ****                        &OSTaskIdleStk[OS_TASK_IDLE_STK_SIZE - 1u],
1499:./ucos/Core/os_core.c ****                        OS_TASK_IDLE_PRIO);
1500:./ucos/Core/os_core.c ****     #else
1501:./ucos/Core/os_core.c ****     (void)OSTaskCreate(OS_TaskIdle,
1502:./ucos/Core/os_core.c ****                        (void *)0,
1503:./ucos/Core/os_core.c ****                        &OSTaskIdleStk[0],
1504:./ucos/Core/os_core.c ****                        OS_TASK_IDLE_PRIO);
1505:./ucos/Core/os_core.c ****     #endif
1506:./ucos/Core/os_core.c **** #endif
1507:./ucos/Core/os_core.c **** 
1508:./ucos/Core/os_core.c **** #if OS_TASK_NAME_EN > 0u
1509:./ucos/Core/os_core.c ****     OSTaskNameSet(OS_TASK_IDLE_PRIO, (INT8U *)(void *)"uC/OS-II Idle", &err);
1510:./ucos/Core/os_core.c **** #endif
1511:./ucos/Core/os_core.c **** }
1512:./ucos/Core/os_core.c **** 
1513:./ucos/Core/os_core.c **** 
1514:./ucos/Core/os_core.c **** /*
1515:./ucos/Core/os_core.c **** ***************************************************************************************************
1516:./ucos/Core/os_core.c **** *                                             INITIALIZATION
1517:./ucos/Core/os_core.c **** *                                      CREATING THE STATISTIC TASK
1518:./ucos/Core/os_core.c **** *
1519:./ucos/Core/os_core.c **** * Description: This function creates the Statistic Task.
1520:./ucos/Core/os_core.c **** *
1521:./ucos/Core/os_core.c **** * Arguments  : none
1522:./ucos/Core/os_core.c **** *
1523:./ucos/Core/os_core.c **** * Returns    : none
1524:./ucos/Core/os_core.c **** ***************************************************************************************************
1525:./ucos/Core/os_core.c **** */
1526:./ucos/Core/os_core.c **** 
1527:./ucos/Core/os_core.c **** #if OS_TASK_STAT_EN > 0u
1528:./ucos/Core/os_core.c **** static  void  OS_InitTaskStat (void)
1529:./ucos/Core/os_core.c **** {
1530:./ucos/Core/os_core.c **** #if OS_TASK_NAME_EN > 0u
1531:./ucos/Core/os_core.c ****     INT8U  err;
1532:./ucos/Core/os_core.c **** #endif
1533:./ucos/Core/os_core.c **** 
1534:./ucos/Core/os_core.c **** 
1535:./ucos/Core/os_core.c **** #if OS_TASK_CREATE_EXT_EN > 0u
ARM GAS  /tmp/ccMSGEvU.s 			page 31


1536:./ucos/Core/os_core.c ****     #if OS_STK_GROWTH == 1u
1537:./ucos/Core/os_core.c ****     (void)OSTaskCreateExt(OS_TaskStat,
1538:./ucos/Core/os_core.c ****                           (void *)0,                                   /* No args passed to OS_Task
1539:./ucos/Core/os_core.c ****                           &OSTaskStatStk[OS_TASK_STAT_STK_SIZE - 1u],  /* Set Top-Of-Stack         
1540:./ucos/Core/os_core.c ****                           OS_TASK_STAT_PRIO,                           /* One higher than the idle 
1541:./ucos/Core/os_core.c ****                           OS_TASK_STAT_ID,
1542:./ucos/Core/os_core.c ****                           &OSTaskStatStk[0],                           /* Set Bottom-Of-Stack      
1543:./ucos/Core/os_core.c ****                           OS_TASK_STAT_STK_SIZE,
1544:./ucos/Core/os_core.c ****                           (void *)0,                                   /* No TCB extension         
1545:./ucos/Core/os_core.c ****                           OS_TASK_OPT_STK_CHK | OS_TASK_OPT_STK_CLR);  /* Enable stack checking + c
1546:./ucos/Core/os_core.c ****     #else
1547:./ucos/Core/os_core.c ****     (void)OSTaskCreateExt(OS_TaskStat,
1548:./ucos/Core/os_core.c ****                           (void *)0,                                   /* No args passed to OS_Task
1549:./ucos/Core/os_core.c ****                           &OSTaskStatStk[0],                           /* Set Top-Of-Stack         
1550:./ucos/Core/os_core.c ****                           OS_TASK_STAT_PRIO,                           /* One higher than the idle 
1551:./ucos/Core/os_core.c ****                           OS_TASK_STAT_ID,
1552:./ucos/Core/os_core.c ****                           &OSTaskStatStk[OS_TASK_STAT_STK_SIZE - 1u],  /* Set Bottom-Of-Stack      
1553:./ucos/Core/os_core.c ****                           OS_TASK_STAT_STK_SIZE,
1554:./ucos/Core/os_core.c ****                           (void *)0,                                   /* No TCB extension         
1555:./ucos/Core/os_core.c ****                           OS_TASK_OPT_STK_CHK | OS_TASK_OPT_STK_CLR);  /* Enable stack checking + c
1556:./ucos/Core/os_core.c ****     #endif
1557:./ucos/Core/os_core.c **** #else
1558:./ucos/Core/os_core.c ****     #if OS_STK_GROWTH == 1u
1559:./ucos/Core/os_core.c ****     (void)OSTaskCreate(OS_TaskStat,
1560:./ucos/Core/os_core.c ****                        (void *)0,                                      /* No args passed to OS_Task
1561:./ucos/Core/os_core.c ****                        &OSTaskStatStk[OS_TASK_STAT_STK_SIZE - 1u],     /* Set Top-Of-Stack         
1562:./ucos/Core/os_core.c ****                        OS_TASK_STAT_PRIO);                             /* One higher than the idle 
1563:./ucos/Core/os_core.c ****     #else
1564:./ucos/Core/os_core.c ****     (void)OSTaskCreate(OS_TaskStat,
1565:./ucos/Core/os_core.c ****                        (void *)0,                                      /* No args passed to OS_Task
1566:./ucos/Core/os_core.c ****                        &OSTaskStatStk[0],                              /* Set Top-Of-Stack         
1567:./ucos/Core/os_core.c ****                        OS_TASK_STAT_PRIO);                             /* One higher than the idle 
1568:./ucos/Core/os_core.c ****     #endif
1569:./ucos/Core/os_core.c **** #endif
1570:./ucos/Core/os_core.c **** 
1571:./ucos/Core/os_core.c **** #if OS_TASK_NAME_EN > 0u
1572:./ucos/Core/os_core.c ****     OSTaskNameSet(OS_TASK_STAT_PRIO, (INT8U *)(void *)"uC/OS-II Stat", &err);
1573:./ucos/Core/os_core.c **** #endif
1574:./ucos/Core/os_core.c **** }
1575:./ucos/Core/os_core.c **** #endif
1576:./ucos/Core/os_core.c **** 
1577:./ucos/Core/os_core.c **** 
1578:./ucos/Core/os_core.c **** /*
1579:./ucos/Core/os_core.c **** ***************************************************************************************************
1580:./ucos/Core/os_core.c **** *                                             INITIALIZATION
1581:./ucos/Core/os_core.c **** *                            INITIALIZE THE FREE LIST OF TASK CONTROL BLOCKS
1582:./ucos/Core/os_core.c **** *
1583:./ucos/Core/os_core.c **** * Description: This function is called by OSInit() to initialize the free list of OS_TCBs.
1584:./ucos/Core/os_core.c **** *
1585:./ucos/Core/os_core.c **** * Arguments  : none
1586:./ucos/Core/os_core.c **** *
1587:./ucos/Core/os_core.c **** * Returns    : none
1588:./ucos/Core/os_core.c **** ***************************************************************************************************
1589:./ucos/Core/os_core.c **** */
1590:./ucos/Core/os_core.c **** 
1591:./ucos/Core/os_core.c **** static  void  OS_InitTCBList (void)
1592:./ucos/Core/os_core.c **** {
ARM GAS  /tmp/ccMSGEvU.s 			page 32


1593:./ucos/Core/os_core.c ****     INT8U    ix;
1594:./ucos/Core/os_core.c ****     INT8U    ix_next;
1595:./ucos/Core/os_core.c ****     OS_TCB  *ptcb1;
1596:./ucos/Core/os_core.c ****     OS_TCB  *ptcb2;
1597:./ucos/Core/os_core.c **** 
1598:./ucos/Core/os_core.c **** 
1599:./ucos/Core/os_core.c ****     OS_MemClr((INT8U *)&OSTCBTbl[0],     sizeof(OSTCBTbl));      /* Clear all the TCBs             
1600:./ucos/Core/os_core.c ****     OS_MemClr((INT8U *)&OSTCBPrioTbl[0], sizeof(OSTCBPrioTbl));  /* Clear the priority table       
1601:./ucos/Core/os_core.c ****     for (ix = 0u; ix < (OS_MAX_TASKS + OS_N_SYS_TASKS - 1u); ix++) {    /* Init. list of free TCBs 
1602:./ucos/Core/os_core.c ****         ix_next =  ix + 1u;
1603:./ucos/Core/os_core.c ****         ptcb1   = &OSTCBTbl[ix];
1604:./ucos/Core/os_core.c ****         ptcb2   = &OSTCBTbl[ix_next];
1605:./ucos/Core/os_core.c ****         ptcb1->OSTCBNext = ptcb2;
1606:./ucos/Core/os_core.c **** #if OS_TASK_NAME_EN > 0u
1607:./ucos/Core/os_core.c ****         ptcb1->OSTCBTaskName = (INT8U *)(void *)"?";             /* Unknown name                   
1608:./ucos/Core/os_core.c **** #endif
1609:./ucos/Core/os_core.c ****     }
1610:./ucos/Core/os_core.c ****     ptcb1                   = &OSTCBTbl[ix];
1611:./ucos/Core/os_core.c ****     ptcb1->OSTCBNext        = (OS_TCB *)0;                       /* Last OS_TCB                    
1612:./ucos/Core/os_core.c **** #if OS_TASK_NAME_EN > 0u
1613:./ucos/Core/os_core.c ****     ptcb1->OSTCBTaskName    = (INT8U *)(void *)"?";              /* Unknown name                   
1614:./ucos/Core/os_core.c **** #endif
1615:./ucos/Core/os_core.c ****     OSTCBList               = (OS_TCB *)0;                       /* TCB lists initializations      
1616:./ucos/Core/os_core.c ****     OSTCBFreeList           = &OSTCBTbl[0];
1617:./ucos/Core/os_core.c **** }
1618:./ucos/Core/os_core.c **** 
1619:./ucos/Core/os_core.c **** 
1620:./ucos/Core/os_core.c **** /*
1621:./ucos/Core/os_core.c **** ***************************************************************************************************
1622:./ucos/Core/os_core.c **** *                                      CLEAR A SECTION OF MEMORY
1623:./ucos/Core/os_core.c **** *
1624:./ucos/Core/os_core.c **** * Description: This function is called by other uC/OS-II services to clear a contiguous block of RA
1625:./ucos/Core/os_core.c **** *
1626:./ucos/Core/os_core.c **** * Arguments  : pdest    is the start of the RAM to clear (i.e. write 0x00 to)
1627:./ucos/Core/os_core.c **** *
1628:./ucos/Core/os_core.c **** *              size     is the number of bytes to clear.
1629:./ucos/Core/os_core.c **** *
1630:./ucos/Core/os_core.c **** * Returns    : none
1631:./ucos/Core/os_core.c **** *
1632:./ucos/Core/os_core.c **** * Notes      : 1) This function is INTERNAL to uC/OS-II and your application should not call it.
1633:./ucos/Core/os_core.c **** *              2) Note that we can only clear up to 64K bytes of RAM.  This is not an issue because
1634:./ucos/Core/os_core.c **** *                 of the uses of this function gets close to this limit.
1635:./ucos/Core/os_core.c **** *              3) The clear is done one byte at a time since this will work on any processor irresp
1636:./ucos/Core/os_core.c **** *                 of the alignment of the destination.
1637:./ucos/Core/os_core.c **** ***************************************************************************************************
1638:./ucos/Core/os_core.c **** */
1639:./ucos/Core/os_core.c **** 
1640:./ucos/Core/os_core.c **** void  OS_MemClr (INT8U  *pdest,
1641:./ucos/Core/os_core.c ****                  INT16U  size)
1642:./ucos/Core/os_core.c **** {
1643:./ucos/Core/os_core.c ****     while (size > 0u) {
1644:./ucos/Core/os_core.c ****         *pdest++ = (INT8U)0;
1645:./ucos/Core/os_core.c ****         size--;
1646:./ucos/Core/os_core.c ****     }
1647:./ucos/Core/os_core.c **** }
1648:./ucos/Core/os_core.c **** 
1649:./ucos/Core/os_core.c **** 
ARM GAS  /tmp/ccMSGEvU.s 			page 33


1650:./ucos/Core/os_core.c **** /*
1651:./ucos/Core/os_core.c **** ***************************************************************************************************
1652:./ucos/Core/os_core.c **** *                                       COPY A BLOCK OF MEMORY
1653:./ucos/Core/os_core.c **** *
1654:./ucos/Core/os_core.c **** * Description: This function is called by other uC/OS-II services to copy a block of memory from on
1655:./ucos/Core/os_core.c **** *              location to another.
1656:./ucos/Core/os_core.c **** *
1657:./ucos/Core/os_core.c **** * Arguments  : pdest    is a pointer to the 'destination' memory block
1658:./ucos/Core/os_core.c **** *
1659:./ucos/Core/os_core.c **** *              psrc     is a pointer to the 'source'      memory block
1660:./ucos/Core/os_core.c **** *
1661:./ucos/Core/os_core.c **** *              size     is the number of bytes to copy.
1662:./ucos/Core/os_core.c **** *
1663:./ucos/Core/os_core.c **** * Returns    : none
1664:./ucos/Core/os_core.c **** *
1665:./ucos/Core/os_core.c **** * Notes      : 1) This function is INTERNAL to uC/OS-II and your application should not call it.  T
1666:./ucos/Core/os_core.c **** *                 no provision to handle overlapping memory copy.  However, that's not a problem si
1667:./ucos/Core/os_core.c **** *                 is not a situation that will happen.
1668:./ucos/Core/os_core.c **** *              2) Note that we can only copy up to 64K bytes of RAM
1669:./ucos/Core/os_core.c **** *              3) The copy is done one byte at a time since this will work on any processor irrespe
1670:./ucos/Core/os_core.c **** *                 of the alignment of the source and destination.
1671:./ucos/Core/os_core.c **** ***************************************************************************************************
1672:./ucos/Core/os_core.c **** */
1673:./ucos/Core/os_core.c **** 
1674:./ucos/Core/os_core.c **** void  OS_MemCopy (INT8U  *pdest,
1675:./ucos/Core/os_core.c ****                   INT8U  *psrc,
1676:./ucos/Core/os_core.c ****                   INT16U  size)
1677:./ucos/Core/os_core.c **** {
1678:./ucos/Core/os_core.c ****     while (size > 0u) {
1679:./ucos/Core/os_core.c ****         *pdest++ = *psrc++;
1680:./ucos/Core/os_core.c ****         size--;
1681:./ucos/Core/os_core.c ****     }
1682:./ucos/Core/os_core.c **** }
1683:./ucos/Core/os_core.c **** 
1684:./ucos/Core/os_core.c **** 
1685:./ucos/Core/os_core.c **** /*
1686:./ucos/Core/os_core.c **** ***************************************************************************************************
1687:./ucos/Core/os_core.c **** *                                              SCHEDULER
1688:./ucos/Core/os_core.c **** *
1689:./ucos/Core/os_core.c **** * Description: This function is called by other uC/OS-II services to determine whether a new, high
1690:./ucos/Core/os_core.c **** *              priority task has been made ready to run.  This function is invoked by TASK level co
1691:./ucos/Core/os_core.c **** *              and is not used to reschedule tasks from ISRs (see OSIntExit() for ISR rescheduling)
1692:./ucos/Core/os_core.c **** *
1693:./ucos/Core/os_core.c **** * Arguments  : none
1694:./ucos/Core/os_core.c **** *
1695:./ucos/Core/os_core.c **** * Returns    : none
1696:./ucos/Core/os_core.c **** *
1697:./ucos/Core/os_core.c **** * Notes      : 1) This function is INTERNAL to uC/OS-II and your application should not call it.
1698:./ucos/Core/os_core.c **** *              2) Rescheduling is prevented when the scheduler is locked (see OS_SchedLock())
1699:./ucos/Core/os_core.c **** ***************************************************************************************************
1700:./ucos/Core/os_core.c **** */
1701:./ucos/Core/os_core.c **** 
1702:./ucos/Core/os_core.c **** extern void OSCtxSw(void); 
1703:./ucos/Core/os_core.c **** 
1704:./ucos/Core/os_core.c **** void  OS_Sched (void)
1705:./ucos/Core/os_core.c **** {
1706:./ucos/Core/os_core.c **** #if OS_CRITICAL_METHOD == 3u                           /* Allocate storage for CPU status register 
ARM GAS  /tmp/ccMSGEvU.s 			page 34


1707:./ucos/Core/os_core.c ****     OS_CPU_SR  cpu_sr = 0u;
1708:./ucos/Core/os_core.c **** #endif
1709:./ucos/Core/os_core.c **** 
1710:./ucos/Core/os_core.c **** 
1711:./ucos/Core/os_core.c **** 
1712:./ucos/Core/os_core.c ****     OS_ENTER_CRITICAL();
1713:./ucos/Core/os_core.c ****     if (OSIntNesting == 0u) {                          /* Schedule only if all ISRs done and ...   
1714:./ucos/Core/os_core.c ****         if (OSLockNesting == 0u) {                     /* ... scheduler is not locked              
1715:./ucos/Core/os_core.c ****             OS_SchedNew();
1716:./ucos/Core/os_core.c ****             OSTCBHighRdy = OSTCBPrioTbl[OSPrioHighRdy];
1717:./ucos/Core/os_core.c ****             if (OSPrioHighRdy != OSPrioCur) {          /* No Ctx Sw if current task is highest rdy 
1718:./ucos/Core/os_core.c **** #if OS_TASK_PROFILE_EN > 0u
1719:./ucos/Core/os_core.c ****                 OSTCBHighRdy->OSTCBCtxSwCtr++;         /* Inc. # of context switches to this task  
1720:./ucos/Core/os_core.c **** #endif
1721:./ucos/Core/os_core.c ****                 OSCtxSwCtr++;                          /* Increment context switch counter         
1722:./ucos/Core/os_core.c **** 
1723:./ucos/Core/os_core.c **** #if OS_TASK_CREATE_EXT_EN > 0u
1724:./ucos/Core/os_core.c **** #if defined(OS_TLS_TBL_SIZE) && (OS_TLS_TBL_SIZE > 0u)
1725:./ucos/Core/os_core.c ****                 OS_TLS_TaskSw();
1726:./ucos/Core/os_core.c **** #endif
1727:./ucos/Core/os_core.c **** #endif
1728:./ucos/Core/os_core.c **** 
1729:./ucos/Core/os_core.c ****                 OSCtxSw();                          /* Perform a context switch                    
1730:./ucos/Core/os_core.c ****             }
1731:./ucos/Core/os_core.c ****         }
1732:./ucos/Core/os_core.c ****     }
1733:./ucos/Core/os_core.c ****     OS_EXIT_CRITICAL();
1734:./ucos/Core/os_core.c **** }
1735:./ucos/Core/os_core.c **** 
1736:./ucos/Core/os_core.c **** 
1737:./ucos/Core/os_core.c **** /*
1738:./ucos/Core/os_core.c **** ***************************************************************************************************
1739:./ucos/Core/os_core.c **** *                               FIND HIGHEST PRIORITY TASK READY TO RUN
1740:./ucos/Core/os_core.c **** *
1741:./ucos/Core/os_core.c **** * Description: This function is called by other uC/OS-II services to determine the highest priority
1742:./ucos/Core/os_core.c **** *              that is ready to run.  The global variable 'OSPrioHighRdy' is changed accordingly.
1743:./ucos/Core/os_core.c **** *
1744:./ucos/Core/os_core.c **** * Arguments  : none
1745:./ucos/Core/os_core.c **** *
1746:./ucos/Core/os_core.c **** * Returns    : none
1747:./ucos/Core/os_core.c **** *
1748:./ucos/Core/os_core.c **** * Notes      : 1) This function is INTERNAL to uC/OS-II and your application should not call it.
1749:./ucos/Core/os_core.c **** *              2) Interrupts are assumed to be disabled when this function is called.
1750:./ucos/Core/os_core.c **** ***************************************************************************************************
1751:./ucos/Core/os_core.c **** */
1752:./ucos/Core/os_core.c **** 
1753:./ucos/Core/os_core.c **** static  void  OS_SchedNew (void)
1754:./ucos/Core/os_core.c **** {
 178              		.loc 1 1754 1 is_stmt 1 view -0
 179              		.cfi_startproc
 180              		@ args = 0, pretend = 0, frame = 0
 181              		@ frame_needed = 0, uses_anonymous_args = 0
 182              		@ link register save eliminated.
1755:./ucos/Core/os_core.c **** #if OS_LOWEST_PRIO <= 63u                        /* See if we support up to 64 tasks               
1756:./ucos/Core/os_core.c ****     INT8U   y;
 183              		.loc 1 1756 5 view .LVU46
1757:./ucos/Core/os_core.c **** 
ARM GAS  /tmp/ccMSGEvU.s 			page 35


1758:./ucos/Core/os_core.c **** 
1759:./ucos/Core/os_core.c ****     y             = OSUnMapTbl[OSRdyGrp];
 184              		.loc 1 1759 5 view .LVU47
 185              		.loc 1 1759 31 is_stmt 0 view .LVU48
 186 0000 064B     		ldr	r3, .L10
 187 0002 1B78     		ldrb	r3, [r3]	@ zero_extendqisi2
 188              		.loc 1 1759 19 view .LVU49
 189 0004 064A     		ldr	r2, .L10+4
 190 0006 D15C     		ldrb	r1, [r2, r3]	@ zero_extendqisi2
 191              	.LVL5:
1760:./ucos/Core/os_core.c ****     OSPrioHighRdy = (INT8U)((y << 3u) + OSUnMapTbl[OSRdyTbl[y]]);
 192              		.loc 1 1760 5 is_stmt 1 view .LVU50
 193              		.loc 1 1760 32 is_stmt 0 view .LVU51
 194 0008 CB00     		lsls	r3, r1, #3
 195 000a DBB2     		uxtb	r3, r3
 196              		.loc 1 1760 60 view .LVU52
 197 000c 0548     		ldr	r0, .L10+8
 198 000e 415C     		ldrb	r1, [r0, r1]	@ zero_extendqisi2
 199              	.LVL6:
 200              		.loc 1 1760 51 view .LVU53
 201 0010 525C     		ldrb	r2, [r2, r1]	@ zero_extendqisi2
 202              	.LVL7:
 203              		.loc 1 1760 21 view .LVU54
 204 0012 1344     		add	r3, r3, r2
 205              		.loc 1 1760 19 view .LVU55
 206 0014 044A     		ldr	r2, .L10+12
 207 0016 1370     		strb	r3, [r2]
1761:./ucos/Core/os_core.c **** #else                                            /* We support up to 256 tasks                     
1762:./ucos/Core/os_core.c ****     INT8U     y;
1763:./ucos/Core/os_core.c ****     OS_PRIO  *ptbl;
1764:./ucos/Core/os_core.c **** 
1765:./ucos/Core/os_core.c **** 
1766:./ucos/Core/os_core.c ****     if ((OSRdyGrp & 0xFFu) != 0u) {
1767:./ucos/Core/os_core.c ****         y = OSUnMapTbl[OSRdyGrp & 0xFFu];
1768:./ucos/Core/os_core.c ****     } else {
1769:./ucos/Core/os_core.c ****         y = OSUnMapTbl[(OS_PRIO)(OSRdyGrp >> 8u) & 0xFFu] + 8u;
1770:./ucos/Core/os_core.c ****     }
1771:./ucos/Core/os_core.c ****     ptbl = &OSRdyTbl[y];
1772:./ucos/Core/os_core.c ****     if ((*ptbl & 0xFFu) != 0u) {
1773:./ucos/Core/os_core.c ****         OSPrioHighRdy = (INT8U)((y << 4u) + OSUnMapTbl[(*ptbl & 0xFFu)]);
1774:./ucos/Core/os_core.c ****     } else {
1775:./ucos/Core/os_core.c ****         OSPrioHighRdy = (INT8U)((y << 4u) + OSUnMapTbl[(OS_PRIO)(*ptbl >> 8u) & 0xFFu] + 8u);
1776:./ucos/Core/os_core.c ****     }
1777:./ucos/Core/os_core.c **** #endif
1778:./ucos/Core/os_core.c **** }
 208              		.loc 1 1778 1 view .LVU56
 209 0018 7047     		bx	lr
 210              	.L11:
 211 001a 00BF     		.align	2
 212              	.L10:
 213 001c 00000000 		.word	OSRdyGrp
 214 0020 00000000 		.word	OSUnMapTbl
 215 0024 00000000 		.word	OSRdyTbl
 216 0028 00000000 		.word	OSPrioHighRdy
 217              		.cfi_endproc
 218              	.LFE28:
 220              		.section	.rodata.OS_InitTaskIdle.str1.4,"aMS",%progbits,1
ARM GAS  /tmp/ccMSGEvU.s 			page 36


 221              		.align	2
 222              	.LC0:
 223 0000 75432F4F 		.ascii	"uC/OS-II Idle\000"
 223      532D4949 
 223      2049646C 
 223      6500
 224              		.section	.text.OS_InitTaskIdle,"ax",%progbits
 225              		.align	1
 226              		.syntax unified
 227              		.thumb
 228              		.thumb_func
 230              	OS_InitTaskIdle:
 231              	.LFB22:
1466:./ucos/Core/os_core.c **** #if OS_TASK_NAME_EN > 0u
 232              		.loc 1 1466 1 is_stmt 1 view -0
 233              		.cfi_startproc
 234              		@ args = 0, pretend = 0, frame = 8
 235              		@ frame_needed = 0, uses_anonymous_args = 0
 236 0000 00B5     		push	{lr}
 237              	.LCFI0:
 238              		.cfi_def_cfa_offset 4
 239              		.cfi_offset 14, -4
 240 0002 89B0     		sub	sp, sp, #36
 241              	.LCFI1:
 242              		.cfi_def_cfa_offset 40
1468:./ucos/Core/os_core.c **** #endif
 243              		.loc 1 1468 5 view .LVU58
1474:./ucos/Core/os_core.c ****                           (void *)0,                                 /* No arguments passed to OS_T
 244              		.loc 1 1474 5 view .LVU59
1474:./ucos/Core/os_core.c ****                           (void *)0,                                 /* No arguments passed to OS_T
 245              		.loc 1 1474 11 is_stmt 0 view .LVU60
 246 0004 0C4A     		ldr	r2, .L14
 247 0006 0323     		movs	r3, #3
 248 0008 0493     		str	r3, [sp, #16]
 249 000a 0021     		movs	r1, #0
 250 000c 0391     		str	r1, [sp, #12]
 251 000e 8023     		movs	r3, #128
 252 0010 0293     		str	r3, [sp, #8]
 253 0012 A2F5FE73 		sub	r3, r2, #508
 254 0016 0193     		str	r3, [sp, #4]
 255 0018 4FF6FF73 		movw	r3, #65535
 256 001c 0093     		str	r3, [sp]
 257 001e 3F23     		movs	r3, #63
 258 0020 0648     		ldr	r0, .L14+4
 259 0022 FFF7FEFF 		bl	OSTaskCreateExt
 260              	.LVL8:
1509:./ucos/Core/os_core.c **** #endif
 261              		.loc 1 1509 5 is_stmt 1 view .LVU61
 262 0026 0DF11F02 		add	r2, sp, #31
 263 002a 0549     		ldr	r1, .L14+8
 264 002c 3F20     		movs	r0, #63
 265 002e FFF7FEFF 		bl	OSTaskNameSet
 266              	.LVL9:
1511:./ucos/Core/os_core.c **** 
 267              		.loc 1 1511 1 is_stmt 0 view .LVU62
 268 0032 09B0     		add	sp, sp, #36
 269              	.LCFI2:
ARM GAS  /tmp/ccMSGEvU.s 			page 37


 270              		.cfi_def_cfa_offset 4
 271              		@ sp needed
 272 0034 5DF804FB 		ldr	pc, [sp], #4
 273              	.L15:
 274              		.align	2
 275              	.L14:
 276 0038 FC010000 		.word	OSTaskIdleStk+508
 277 003c 00000000 		.word	OS_TaskIdle
 278 0040 00000000 		.word	.LC0
 279              		.cfi_endproc
 280              	.LFE22:
 282              		.section	.rodata.OS_InitTaskStat.str1.4,"aMS",%progbits,1
 283              		.align	2
 284              	.LC1:
 285 0000 75432F4F 		.ascii	"uC/OS-II Stat\000"
 285      532D4949 
 285      20537461 
 285      7400
 286              		.section	.text.OS_InitTaskStat,"ax",%progbits
 287              		.align	1
 288              		.syntax unified
 289              		.thumb
 290              		.thumb_func
 292              	OS_InitTaskStat:
 293              	.LFB23:
1529:./ucos/Core/os_core.c **** #if OS_TASK_NAME_EN > 0u
 294              		.loc 1 1529 1 is_stmt 1 view -0
 295              		.cfi_startproc
 296              		@ args = 0, pretend = 0, frame = 8
 297              		@ frame_needed = 0, uses_anonymous_args = 0
 298 0000 00B5     		push	{lr}
 299              	.LCFI3:
 300              		.cfi_def_cfa_offset 4
 301              		.cfi_offset 14, -4
 302 0002 89B0     		sub	sp, sp, #36
 303              	.LCFI4:
 304              		.cfi_def_cfa_offset 40
1531:./ucos/Core/os_core.c **** #endif
 305              		.loc 1 1531 5 view .LVU64
1537:./ucos/Core/os_core.c ****                           (void *)0,                                   /* No args passed to OS_Task
 306              		.loc 1 1537 5 view .LVU65
1537:./ucos/Core/os_core.c ****                           (void *)0,                                   /* No args passed to OS_Task
 307              		.loc 1 1537 11 is_stmt 0 view .LVU66
 308 0004 0C4A     		ldr	r2, .L18
 309 0006 0323     		movs	r3, #3
 310 0008 0493     		str	r3, [sp, #16]
 311 000a 0021     		movs	r1, #0
 312 000c 0391     		str	r1, [sp, #12]
 313 000e 8023     		movs	r3, #128
 314 0010 0293     		str	r3, [sp, #8]
 315 0012 A2F5FE73 		sub	r3, r2, #508
 316 0016 0193     		str	r3, [sp, #4]
 317 0018 4FF6FE73 		movw	r3, #65534
 318 001c 0093     		str	r3, [sp]
 319 001e 3E23     		movs	r3, #62
 320 0020 0648     		ldr	r0, .L18+4
 321 0022 FFF7FEFF 		bl	OSTaskCreateExt
ARM GAS  /tmp/ccMSGEvU.s 			page 38


 322              	.LVL10:
1572:./ucos/Core/os_core.c **** #endif
 323              		.loc 1 1572 5 is_stmt 1 view .LVU67
 324 0026 0DF11F02 		add	r2, sp, #31
 325 002a 0549     		ldr	r1, .L18+8
 326 002c 3E20     		movs	r0, #62
 327 002e FFF7FEFF 		bl	OSTaskNameSet
 328              	.LVL11:
1574:./ucos/Core/os_core.c **** #endif
 329              		.loc 1 1574 1 is_stmt 0 view .LVU68
 330 0032 09B0     		add	sp, sp, #36
 331              	.LCFI5:
 332              		.cfi_def_cfa_offset 4
 333              		@ sp needed
 334 0034 5DF804FB 		ldr	pc, [sp], #4
 335              	.L19:
 336              		.align	2
 337              	.L18:
 338 0038 FC010000 		.word	OSTaskStatStk+508
 339 003c 00000000 		.word	OS_TaskStat
 340 0040 00000000 		.word	.LC1
 341              		.cfi_endproc
 342              	.LFE23:
 344              		.section	.text.OS_TaskIdle,"ax",%progbits
 345              		.align	1
 346              		.global	OS_TaskIdle
 347              		.syntax unified
 348              		.thumb
 349              		.thumb_func
 351              	OS_TaskIdle:
 352              	.LFB30:
1779:./ucos/Core/os_core.c **** 
1780:./ucos/Core/os_core.c **** 
1781:./ucos/Core/os_core.c **** /*
1782:./ucos/Core/os_core.c **** ***************************************************************************************************
1783:./ucos/Core/os_core.c **** *                               DETERMINE THE LENGTH OF AN ASCII STRING
1784:./ucos/Core/os_core.c **** *
1785:./ucos/Core/os_core.c **** * Description: This function is called by other uC/OS-II services to determine the size of an ASCII
1786:./ucos/Core/os_core.c **** *              (excluding the NUL character).
1787:./ucos/Core/os_core.c **** *
1788:./ucos/Core/os_core.c **** * Arguments  : psrc     is a pointer to the string for which we need to know the size.
1789:./ucos/Core/os_core.c **** *
1790:./ucos/Core/os_core.c **** * Returns    : The size of the string (excluding the NUL terminating character)
1791:./ucos/Core/os_core.c **** *
1792:./ucos/Core/os_core.c **** * Notes      : 1) This function is INTERNAL to uC/OS-II and your application should not call it.
1793:./ucos/Core/os_core.c **** *              2) The string to check must be less than 255 characters long.
1794:./ucos/Core/os_core.c **** ***************************************************************************************************
1795:./ucos/Core/os_core.c **** */
1796:./ucos/Core/os_core.c **** 
1797:./ucos/Core/os_core.c **** #if (OS_EVENT_NAME_EN > 0u) || (OS_FLAG_NAME_EN > 0u) || (OS_MEM_NAME_EN > 0u) || (OS_TASK_NAME_EN 
1798:./ucos/Core/os_core.c **** INT8U  OS_StrLen (INT8U *psrc)
1799:./ucos/Core/os_core.c **** {
1800:./ucos/Core/os_core.c ****     INT8U  len;
1801:./ucos/Core/os_core.c **** 
1802:./ucos/Core/os_core.c **** 
1803:./ucos/Core/os_core.c **** #if OS_ARG_CHK_EN > 0u
1804:./ucos/Core/os_core.c ****     if (psrc == (INT8U *)0) {
ARM GAS  /tmp/ccMSGEvU.s 			page 39


1805:./ucos/Core/os_core.c ****         return (0u);
1806:./ucos/Core/os_core.c ****     }
1807:./ucos/Core/os_core.c **** #endif
1808:./ucos/Core/os_core.c **** 
1809:./ucos/Core/os_core.c ****     len = 0u;
1810:./ucos/Core/os_core.c ****     while (*psrc != OS_ASCII_NUL) {
1811:./ucos/Core/os_core.c ****         psrc++;
1812:./ucos/Core/os_core.c ****         len++;
1813:./ucos/Core/os_core.c ****     }
1814:./ucos/Core/os_core.c ****     return (len);
1815:./ucos/Core/os_core.c **** }
1816:./ucos/Core/os_core.c **** #endif
1817:./ucos/Core/os_core.c **** 
1818:./ucos/Core/os_core.c **** 
1819:./ucos/Core/os_core.c **** /*
1820:./ucos/Core/os_core.c **** ***************************************************************************************************
1821:./ucos/Core/os_core.c **** *                                              IDLE TASK
1822:./ucos/Core/os_core.c **** *
1823:./ucos/Core/os_core.c **** * Description: This task is internal to uC/OS-II and executes whenever no other higher priority tas
1824:./ucos/Core/os_core.c **** *              executes because they are ALL waiting for event(s) to occur.
1825:./ucos/Core/os_core.c **** *
1826:./ucos/Core/os_core.c **** * Arguments  : none
1827:./ucos/Core/os_core.c **** *
1828:./ucos/Core/os_core.c **** * Returns    : none
1829:./ucos/Core/os_core.c **** *
1830:./ucos/Core/os_core.c **** * Note(s)    : 1) OSTaskIdleHook() is called after the critical section to ensure that interrupts w
1831:./ucos/Core/os_core.c **** *                 enabled for at least a few instructions.  On some processors (ex. Philips XA), en
1832:./ucos/Core/os_core.c **** *                 and then disabling interrupts didn't allow the processor enough time to have inte
1833:./ucos/Core/os_core.c **** *                 enabled before they were disabled again.  uC/OS-II would thus never recognize
1834:./ucos/Core/os_core.c **** *                 interrupts.
1835:./ucos/Core/os_core.c **** *              2) This hook has been added to allow you to do such things as STOP the CPU to conser
1836:./ucos/Core/os_core.c **** *                 power.
1837:./ucos/Core/os_core.c **** ***************************************************************************************************
1838:./ucos/Core/os_core.c **** */
1839:./ucos/Core/os_core.c **** 
1840:./ucos/Core/os_core.c **** void  OS_TaskIdle (void *p_arg)
1841:./ucos/Core/os_core.c **** {
 353              		.loc 1 1841 1 is_stmt 1 view -0
 354              		.cfi_startproc
 355              		@ args = 0, pretend = 0, frame = 0
 356              		@ frame_needed = 0, uses_anonymous_args = 0
 357              	.LVL12:
 358              		.loc 1 1841 1 is_stmt 0 view .LVU70
 359 0000 08B5     		push	{r3, lr}
 360              	.LCFI6:
 361              		.cfi_def_cfa_offset 8
 362              		.cfi_offset 3, -8
 363              		.cfi_offset 14, -4
 364              	.LVL13:
 365              	.L21:
1842:./ucos/Core/os_core.c **** #if OS_CRITICAL_METHOD == 3u                     /* Allocate storage for CPU status register       
1843:./ucos/Core/os_core.c ****     OS_CPU_SR  cpu_sr = 0u;
1844:./ucos/Core/os_core.c **** #endif
1845:./ucos/Core/os_core.c **** 
1846:./ucos/Core/os_core.c ****     (void)p_arg;                                 /* Prevent compiler warning for not using 'p_arg' 
 366              		.loc 1 1846 5 is_stmt 1 view .LVU71
1847:./ucos/Core/os_core.c ****     for (;;) {
ARM GAS  /tmp/ccMSGEvU.s 			page 40


 367              		.loc 1 1847 5 view .LVU72
1848:./ucos/Core/os_core.c ****         OS_ENTER_CRITICAL();
 368              		.loc 1 1848 9 view .LVU73
 369              		.loc 1 1848 9 view .LVU74
 370 0002 FFF7FEFF 		bl	OS_CPU_SR_Save
 371              	.LVL14:
 372              		.loc 1 1848 9 discriminator 1 view .LVU75
1849:./ucos/Core/os_core.c ****         OSIdleCtr++;
 373              		.loc 1 1849 9 view .LVU76
 374              		.loc 1 1849 18 is_stmt 0 view .LVU77
 375 0006 044A     		ldr	r2, .L23
 376 0008 1368     		ldr	r3, [r2]
 377 000a 0133     		adds	r3, r3, #1
 378 000c 1360     		str	r3, [r2]
1850:./ucos/Core/os_core.c ****         OS_EXIT_CRITICAL();
 379              		.loc 1 1850 9 is_stmt 1 view .LVU78
 380              		.loc 1 1850 9 view .LVU79
 381 000e FFF7FEFF 		bl	OS_CPU_SR_Restore
 382              	.LVL15:
 383              		.loc 1 1850 9 discriminator 1 view .LVU80
1851:./ucos/Core/os_core.c ****         OSTaskIdleHook();                        /* Call user definable HOOK                       
 384              		.loc 1 1851 9 discriminator 1 view .LVU81
 385 0012 FFF7FEFF 		bl	OSTaskIdleHook
 386              	.LVL16:
1847:./ucos/Core/os_core.c ****         OS_ENTER_CRITICAL();
 387              		.loc 1 1847 5 view .LVU82
 388 0016 F4E7     		b	.L21
 389              	.L24:
 390              		.align	2
 391              	.L23:
 392 0018 00000000 		.word	OSIdleCtr
 393              		.cfi_endproc
 394              	.LFE30:
 396              		.section	.text.OSEventNameSet,"ax",%progbits
 397              		.align	1
 398              		.global	OSEventNameSet
 399              		.syntax unified
 400              		.thumb
 401              		.thumb_func
 403              	OSEventNameSet:
 404              	.LVL17:
 405              	.LFB1:
 200:./ucos/Core/os_core.c **** #if OS_CRITICAL_METHOD == 3u                     /* Allocate storage for CPU status register       
 406              		.loc 1 200 1 view -0
 407              		.cfi_startproc
 408              		@ args = 0, pretend = 0, frame = 0
 409              		@ frame_needed = 0, uses_anonymous_args = 0
 200:./ucos/Core/os_core.c **** #if OS_CRITICAL_METHOD == 3u                     /* Allocate storage for CPU status register       
 410              		.loc 1 200 1 is_stmt 0 view .LVU84
 411 0000 70B5     		push	{r4, r5, r6, lr}
 412              	.LCFI7:
 413              		.cfi_def_cfa_offset 16
 414              		.cfi_offset 4, -16
 415              		.cfi_offset 5, -12
 416              		.cfi_offset 6, -8
 417              		.cfi_offset 14, -4
 418 0002 1546     		mov	r5, r2
ARM GAS  /tmp/ccMSGEvU.s 			page 41


 202:./ucos/Core/os_core.c **** #endif
 419              		.loc 1 202 5 is_stmt 1 view .LVU85
 420              	.LVL18:
 215:./ucos/Core/os_core.c ****         *perr = OS_ERR_PEVENT_NULL;
 421              		.loc 1 215 5 view .LVU86
 215:./ucos/Core/os_core.c ****         *perr = OS_ERR_PEVENT_NULL;
 422              		.loc 1 215 8 is_stmt 0 view .LVU87
 423 0004 60B1     		cbz	r0, .L32
 424 0006 0C46     		mov	r4, r1
 425 0008 0646     		mov	r6, r0
 219:./ucos/Core/os_core.c ****         *perr = OS_ERR_PNAME_NULL;
 426              		.loc 1 219 5 is_stmt 1 view .LVU88
 219:./ucos/Core/os_core.c ****         *perr = OS_ERR_PNAME_NULL;
 427              		.loc 1 219 8 is_stmt 0 view .LVU89
 428 000a 61B1     		cbz	r1, .L33
 224:./ucos/Core/os_core.c ****         *perr = OS_ERR_NAME_SET_ISR;
 429              		.loc 1 224 5 is_stmt 1 view .LVU90
 224:./ucos/Core/os_core.c ****         *perr = OS_ERR_NAME_SET_ISR;
 430              		.loc 1 224 22 is_stmt 0 view .LVU91
 431 000c 0F4B     		ldr	r3, .L35
 432 000e 1B78     		ldrb	r3, [r3]	@ zero_extendqisi2
 224:./ucos/Core/os_core.c ****         *perr = OS_ERR_NAME_SET_ISR;
 433              		.loc 1 224 8 view .LVU92
 434 0010 63B9     		cbnz	r3, .L34
 228:./ucos/Core/os_core.c ****         case OS_EVENT_TYPE_SEM:
 435              		.loc 1 228 5 is_stmt 1 view .LVU93
 228:./ucos/Core/os_core.c ****         case OS_EVENT_TYPE_SEM:
 436              		.loc 1 228 19 is_stmt 0 view .LVU94
 437 0012 0378     		ldrb	r3, [r0]	@ zero_extendqisi2
 228:./ucos/Core/os_core.c ****         case OS_EVENT_TYPE_SEM:
 438              		.loc 1 228 5 view .LVU95
 439 0014 013B     		subs	r3, r3, #1
 440 0016 032B     		cmp	r3, #3
 441 0018 0BD9     		bls	.L30
 236:./ucos/Core/os_core.c ****              return;
 442              		.loc 1 236 14 is_stmt 1 view .LVU96
 236:./ucos/Core/os_core.c ****              return;
 443              		.loc 1 236 20 is_stmt 0 view .LVU97
 444 001a 0123     		movs	r3, #1
 445 001c 1370     		strb	r3, [r2]
 237:./ucos/Core/os_core.c ****     }
 446              		.loc 1 237 14 is_stmt 1 view .LVU98
 447              	.LVL19:
 448              	.L25:
 244:./ucos/Core/os_core.c **** #endif
 449              		.loc 1 244 1 is_stmt 0 view .LVU99
 450 001e 70BD     		pop	{r4, r5, r6, pc}
 451              	.LVL20:
 452              	.L32:
 216:./ucos/Core/os_core.c ****         return;
 453              		.loc 1 216 9 is_stmt 1 view .LVU100
 216:./ucos/Core/os_core.c ****         return;
 454              		.loc 1 216 15 is_stmt 0 view .LVU101
 455 0020 0423     		movs	r3, #4
 456 0022 1370     		strb	r3, [r2]
 217:./ucos/Core/os_core.c ****     }
 457              		.loc 1 217 9 is_stmt 1 view .LVU102
ARM GAS  /tmp/ccMSGEvU.s 			page 42


 458 0024 FBE7     		b	.L25
 459              	.L33:
 220:./ucos/Core/os_core.c ****         return;
 460              		.loc 1 220 9 view .LVU103
 220:./ucos/Core/os_core.c ****         return;
 461              		.loc 1 220 15 is_stmt 0 view .LVU104
 462 0026 0C23     		movs	r3, #12
 463 0028 1370     		strb	r3, [r2]
 221:./ucos/Core/os_core.c ****     }
 464              		.loc 1 221 9 is_stmt 1 view .LVU105
 465 002a F8E7     		b	.L25
 466              	.L34:
 225:./ucos/Core/os_core.c ****         return;
 467              		.loc 1 225 9 view .LVU106
 225:./ucos/Core/os_core.c ****         return;
 468              		.loc 1 225 15 is_stmt 0 view .LVU107
 469 002c 1223     		movs	r3, #18
 470 002e 1370     		strb	r3, [r2]
 226:./ucos/Core/os_core.c ****     }
 471              		.loc 1 226 9 is_stmt 1 view .LVU108
 472 0030 F5E7     		b	.L25
 473              	.L30:
 233:./ucos/Core/os_core.c **** 
 474              		.loc 1 233 14 view .LVU109
 239:./ucos/Core/os_core.c ****     pevent->OSEventName = pname;
 475              		.loc 1 239 5 view .LVU110
 239:./ucos/Core/os_core.c ****     pevent->OSEventName = pname;
 476              		.loc 1 239 5 view .LVU111
 477 0032 FFF7FEFF 		bl	OS_CPU_SR_Save
 478              	.LVL21:
 239:./ucos/Core/os_core.c ****     pevent->OSEventName = pname;
 479              		.loc 1 239 5 discriminator 1 view .LVU112
 240:./ucos/Core/os_core.c ****     OS_EXIT_CRITICAL();
 480              		.loc 1 240 5 view .LVU113
 240:./ucos/Core/os_core.c ****     OS_EXIT_CRITICAL();
 481              		.loc 1 240 25 is_stmt 0 view .LVU114
 482 0036 7461     		str	r4, [r6, #20]
 241:./ucos/Core/os_core.c ****     OS_TRACE_EVENT_NAME_SET(pevent, pname);
 483              		.loc 1 241 5 is_stmt 1 view .LVU115
 241:./ucos/Core/os_core.c ****     OS_TRACE_EVENT_NAME_SET(pevent, pname);
 484              		.loc 1 241 5 view .LVU116
 485 0038 FFF7FEFF 		bl	OS_CPU_SR_Restore
 486              	.LVL22:
 241:./ucos/Core/os_core.c ****     OS_TRACE_EVENT_NAME_SET(pevent, pname);
 487              		.loc 1 241 5 discriminator 1 view .LVU117
 242:./ucos/Core/os_core.c ****     *perr = OS_ERR_NONE;
 488              		.loc 1 242 5 view .LVU118
 242:./ucos/Core/os_core.c ****     *perr = OS_ERR_NONE;
 489              		.loc 1 242 5 discriminator 3 view .LVU119
 490 003c 2146     		mov	r1, r4
 491 003e 3046     		mov	r0, r6
 492 0040 FFF7FEFF 		bl	SYSVIEW_UpdateResource
 493              	.LVL23:
 242:./ucos/Core/os_core.c ****     *perr = OS_ERR_NONE;
 494              		.loc 1 242 43 discriminator 5 view .LVU120
 243:./ucos/Core/os_core.c **** }
 495              		.loc 1 243 5 view .LVU121
ARM GAS  /tmp/ccMSGEvU.s 			page 43


 243:./ucos/Core/os_core.c **** }
 496              		.loc 1 243 11 is_stmt 0 view .LVU122
 497 0044 0023     		movs	r3, #0
 498 0046 2B70     		strb	r3, [r5]
 499 0048 E9E7     		b	.L25
 500              	.L36:
 501 004a 00BF     		.align	2
 502              	.L35:
 503 004c 00000000 		.word	OSIntNesting
 504              		.cfi_endproc
 505              	.LFE1:
 507              		.section	.text.OSIntEnter,"ax",%progbits
 508              		.align	1
 509              		.global	OSIntEnter
 510              		.syntax unified
 511              		.thumb
 512              		.thumb_func
 514              	OSIntEnter:
 515              	.LFB4:
 664:./ucos/Core/os_core.c ****     if (OSRunning == OS_TRUE) {
 516              		.loc 1 664 1 is_stmt 1 view -0
 517              		.cfi_startproc
 518              		@ args = 0, pretend = 0, frame = 0
 519              		@ frame_needed = 0, uses_anonymous_args = 0
 520 0000 08B5     		push	{r3, lr}
 521              	.LCFI8:
 522              		.cfi_def_cfa_offset 8
 523              		.cfi_offset 3, -8
 524              		.cfi_offset 14, -4
 665:./ucos/Core/os_core.c ****         if (OSIntNesting < 255u) {
 525              		.loc 1 665 5 view .LVU124
 665:./ucos/Core/os_core.c ****         if (OSIntNesting < 255u) {
 526              		.loc 1 665 19 is_stmt 0 view .LVU125
 527 0002 074B     		ldr	r3, .L42
 528 0004 1B78     		ldrb	r3, [r3]	@ zero_extendqisi2
 665:./ucos/Core/os_core.c ****         if (OSIntNesting < 255u) {
 529              		.loc 1 665 8 view .LVU126
 530 0006 012B     		cmp	r3, #1
 531 0008 00D0     		beq	.L41
 532              	.L37:
 671:./ucos/Core/os_core.c **** 
 533              		.loc 1 671 1 view .LVU127
 534 000a 08BD     		pop	{r3, pc}
 535              	.L41:
 666:./ucos/Core/os_core.c ****             OSIntNesting++;                      /* Increment ISR nesting level                    
 536              		.loc 1 666 9 is_stmt 1 view .LVU128
 666:./ucos/Core/os_core.c ****             OSIntNesting++;                      /* Increment ISR nesting level                    
 537              		.loc 1 666 26 is_stmt 0 view .LVU129
 538 000c 054B     		ldr	r3, .L42+4
 539 000e 1B78     		ldrb	r3, [r3]	@ zero_extendqisi2
 666:./ucos/Core/os_core.c ****             OSIntNesting++;                      /* Increment ISR nesting level                    
 540              		.loc 1 666 12 view .LVU130
 541 0010 FF2B     		cmp	r3, #255
 542 0012 02D0     		beq	.L39
 667:./ucos/Core/os_core.c ****         }
 543              		.loc 1 667 13 is_stmt 1 view .LVU131
 667:./ucos/Core/os_core.c ****         }
ARM GAS  /tmp/ccMSGEvU.s 			page 44


 544              		.loc 1 667 25 is_stmt 0 view .LVU132
 545 0014 0133     		adds	r3, r3, #1
 546 0016 034A     		ldr	r2, .L42+4
 547 0018 1370     		strb	r3, [r2]
 548              	.L39:
 669:./ucos/Core/os_core.c ****     }
 549              		.loc 1 669 9 is_stmt 1 view .LVU133
 550 001a FFF7FEFF 		bl	SEGGER_SYSVIEW_RecordEnterISR
 551              	.LVL24:
 671:./ucos/Core/os_core.c **** 
 552              		.loc 1 671 1 is_stmt 0 view .LVU134
 553 001e F4E7     		b	.L37
 554              	.L43:
 555              		.align	2
 556              	.L42:
 557 0020 00000000 		.word	OSRunning
 558 0024 00000000 		.word	OSIntNesting
 559              		.cfi_endproc
 560              	.LFE4:
 562              		.section	.text.OSIntExit,"ax",%progbits
 563              		.align	1
 564              		.global	OSIntExit
 565              		.syntax unified
 566              		.thumb
 567              		.thumb_func
 569              	OSIntExit:
 570              	.LFB5:
 694:./ucos/Core/os_core.c **** #if OS_CRITICAL_METHOD == 3u                               /* Allocate storage for CPU status regis
 571              		.loc 1 694 1 is_stmt 1 view -0
 572              		.cfi_startproc
 573              		@ args = 0, pretend = 0, frame = 0
 574              		@ frame_needed = 0, uses_anonymous_args = 0
 696:./ucos/Core/os_core.c **** #endif
 575              		.loc 1 696 5 view .LVU136
 576              	.LVL25:
 701:./ucos/Core/os_core.c ****         OS_ENTER_CRITICAL();
 577              		.loc 1 701 5 view .LVU137
 701:./ucos/Core/os_core.c ****         OS_ENTER_CRITICAL();
 578              		.loc 1 701 19 is_stmt 0 view .LVU138
 579 0000 1C4B     		ldr	r3, .L56
 580 0002 1B78     		ldrb	r3, [r3]	@ zero_extendqisi2
 701:./ucos/Core/os_core.c ****         OS_ENTER_CRITICAL();
 581              		.loc 1 701 8 view .LVU139
 582 0004 012B     		cmp	r3, #1
 583 0006 00D0     		beq	.L55
 584 0008 7047     		bx	lr
 585              	.L55:
 694:./ucos/Core/os_core.c **** #if OS_CRITICAL_METHOD == 3u                               /* Allocate storage for CPU status regis
 586              		.loc 1 694 1 view .LVU140
 587 000a 10B5     		push	{r4, lr}
 588              	.LCFI9:
 589              		.cfi_def_cfa_offset 8
 590              		.cfi_offset 4, -8
 591              		.cfi_offset 14, -4
 702:./ucos/Core/os_core.c ****         if (OSIntNesting > 0u) {                           /* Prevent OSIntNesting from wrapping   
 592              		.loc 1 702 9 is_stmt 1 view .LVU141
 702:./ucos/Core/os_core.c ****         if (OSIntNesting > 0u) {                           /* Prevent OSIntNesting from wrapping   
ARM GAS  /tmp/ccMSGEvU.s 			page 45


 593              		.loc 1 702 9 view .LVU142
 594 000c FFF7FEFF 		bl	OS_CPU_SR_Save
 595              	.LVL26:
 596 0010 0446     		mov	r4, r0
 597              	.LVL27:
 702:./ucos/Core/os_core.c ****         if (OSIntNesting > 0u) {                           /* Prevent OSIntNesting from wrapping   
 598              		.loc 1 702 9 discriminator 1 view .LVU143
 703:./ucos/Core/os_core.c ****             OSIntNesting--;
 599              		.loc 1 703 9 view .LVU144
 703:./ucos/Core/os_core.c ****             OSIntNesting--;
 600              		.loc 1 703 26 is_stmt 0 view .LVU145
 601 0012 194B     		ldr	r3, .L56+4
 602 0014 1B78     		ldrb	r3, [r3]	@ zero_extendqisi2
 703:./ucos/Core/os_core.c ****             OSIntNesting--;
 603              		.loc 1 703 12 view .LVU146
 604 0016 13B1     		cbz	r3, .L46
 704:./ucos/Core/os_core.c ****         }
 605              		.loc 1 704 13 is_stmt 1 view .LVU147
 704:./ucos/Core/os_core.c ****         }
 606              		.loc 1 704 25 is_stmt 0 view .LVU148
 607 0018 013B     		subs	r3, r3, #1
 608 001a 174A     		ldr	r2, .L56+4
 609 001c 1370     		strb	r3, [r2]
 610              	.L46:
 706:./ucos/Core/os_core.c ****             if (OSLockNesting == 0u) {                     /* ... and not locked.                  
 611              		.loc 1 706 9 is_stmt 1 view .LVU149
 706:./ucos/Core/os_core.c ****             if (OSLockNesting == 0u) {                     /* ... and not locked.                  
 612              		.loc 1 706 26 is_stmt 0 view .LVU150
 613 001e 164B     		ldr	r3, .L56+4
 614 0020 1B78     		ldrb	r3, [r3]	@ zero_extendqisi2
 706:./ucos/Core/os_core.c ****             if (OSLockNesting == 0u) {                     /* ... and not locked.                  
 615              		.loc 1 706 12 view .LVU151
 616 0022 23BB     		cbnz	r3, .L47
 707:./ucos/Core/os_core.c ****                 OS_SchedNew();
 617              		.loc 1 707 13 is_stmt 1 view .LVU152
 707:./ucos/Core/os_core.c ****                 OS_SchedNew();
 618              		.loc 1 707 31 is_stmt 0 view .LVU153
 619 0024 154B     		ldr	r3, .L56+8
 620 0026 1B78     		ldrb	r3, [r3]	@ zero_extendqisi2
 707:./ucos/Core/os_core.c ****                 OS_SchedNew();
 621              		.loc 1 707 16 view .LVU154
 622 0028 DBB9     		cbnz	r3, .L48
 708:./ucos/Core/os_core.c ****                 OSTCBHighRdy = OSTCBPrioTbl[OSPrioHighRdy];
 623              		.loc 1 708 17 is_stmt 1 view .LVU155
 624 002a FFF7FEFF 		bl	OS_SchedNew
 625              	.LVL28:
 709:./ucos/Core/os_core.c ****                 if (OSPrioHighRdy != OSPrioCur) {          /* No Ctx Sw if current task is highest 
 626              		.loc 1 709 17 view .LVU156
 709:./ucos/Core/os_core.c ****                 if (OSPrioHighRdy != OSPrioCur) {          /* No Ctx Sw if current task is highest 
 627              		.loc 1 709 44 is_stmt 0 view .LVU157
 628 002e 144B     		ldr	r3, .L56+12
 629 0030 1A78     		ldrb	r2, [r3]	@ zero_extendqisi2
 630 0032 144B     		ldr	r3, .L56+16
 631 0034 53F82230 		ldr	r3, [r3, r2, lsl #2]
 709:./ucos/Core/os_core.c ****                 if (OSPrioHighRdy != OSPrioCur) {          /* No Ctx Sw if current task is highest 
 632              		.loc 1 709 30 view .LVU158
 633 0038 1349     		ldr	r1, .L56+20
ARM GAS  /tmp/ccMSGEvU.s 			page 46


 634 003a 0B60     		str	r3, [r1]
 710:./ucos/Core/os_core.c **** #if OS_TASK_PROFILE_EN > 0u
 635              		.loc 1 710 17 is_stmt 1 view .LVU159
 710:./ucos/Core/os_core.c **** #if OS_TASK_PROFILE_EN > 0u
 636              		.loc 1 710 35 is_stmt 0 view .LVU160
 637 003c 1349     		ldr	r1, .L56+24
 638 003e 0978     		ldrb	r1, [r1]	@ zero_extendqisi2
 710:./ucos/Core/os_core.c **** #if OS_TASK_PROFILE_EN > 0u
 639              		.loc 1 710 20 view .LVU161
 640 0040 8A42     		cmp	r2, r1
 641 0042 0BD0     		beq	.L49
 712:./ucos/Core/os_core.c **** #endif
 642              		.loc 1 712 21 is_stmt 1 view .LVU162
 712:./ucos/Core/os_core.c **** #endif
 643              		.loc 1 712 33 is_stmt 0 view .LVU163
 644 0044 1A6C     		ldr	r2, [r3, #64]
 712:./ucos/Core/os_core.c **** #endif
 645              		.loc 1 712 48 view .LVU164
 646 0046 0132     		adds	r2, r2, #1
 647 0048 1A64     		str	r2, [r3, #64]
 714:./ucos/Core/os_core.c **** 
 648              		.loc 1 714 21 is_stmt 1 view .LVU165
 714:./ucos/Core/os_core.c **** 
 649              		.loc 1 714 31 is_stmt 0 view .LVU166
 650 004a 114A     		ldr	r2, .L56+28
 651 004c 1368     		ldr	r3, [r2]
 652 004e 0133     		adds	r3, r3, #1
 653 0050 1360     		str	r3, [r2]
 721:./ucos/Core/os_core.c **** 
 654              		.loc 1 721 21 is_stmt 1 view .LVU167
 655 0052 FFF7FEFF 		bl	SEGGER_SYSVIEW_RecordExitISRToScheduler
 656              	.LVL29:
 723:./ucos/Core/os_core.c ****                 } else {
 657              		.loc 1 723 21 view .LVU168
 658 0056 FFF7FEFF 		bl	OSIntCtxSw
 659              	.LVL30:
 660 005a 04E0     		b	.L50
 661              	.L49:
 725:./ucos/Core/os_core.c ****                 }
 662              		.loc 1 725 21 view .LVU169
 663 005c FFF7FEFF 		bl	SEGGER_SYSVIEW_RecordExitISR
 664              	.LVL31:
 665 0060 01E0     		b	.L50
 666              	.LVL32:
 667              	.L48:
 728:./ucos/Core/os_core.c ****             }
 668              		.loc 1 728 17 view .LVU170
 669 0062 FFF7FEFF 		bl	SEGGER_SYSVIEW_RecordExitISR
 670              	.LVL33:
 671              	.L50:
 734:./ucos/Core/os_core.c ****     }
 672              		.loc 1 734 9 view .LVU171
 734:./ucos/Core/os_core.c ****     }
 673              		.loc 1 734 9 view .LVU172
 674 0066 2046     		mov	r0, r4
 675 0068 FFF7FEFF 		bl	OS_CPU_SR_Restore
 676              	.LVL34:
ARM GAS  /tmp/ccMSGEvU.s 			page 47


 734:./ucos/Core/os_core.c ****     }
 677              		.loc 1 734 9 discriminator 1 view .LVU173
 736:./ucos/Core/os_core.c **** 
 678              		.loc 1 736 1 is_stmt 0 view .LVU174
 679 006c 10BD     		pop	{r4, pc}
 680              	.LVL35:
 681              	.L47:
 731:./ucos/Core/os_core.c ****         }
 682              		.loc 1 731 13 is_stmt 1 view .LVU175
 683 006e FFF7FEFF 		bl	SEGGER_SYSVIEW_RecordExitISR
 684              	.LVL36:
 731:./ucos/Core/os_core.c ****         }
 685              		.loc 1 731 13 is_stmt 0 view .LVU176
 686 0072 F8E7     		b	.L50
 687              	.L57:
 688              		.align	2
 689              	.L56:
 690 0074 00000000 		.word	OSRunning
 691 0078 00000000 		.word	OSIntNesting
 692 007c 00000000 		.word	OSLockNesting
 693 0080 00000000 		.word	OSPrioHighRdy
 694 0084 00000000 		.word	OSTCBPrioTbl
 695 0088 00000000 		.word	OSTCBHighRdy
 696 008c 00000000 		.word	OSPrioCur
 697 0090 00000000 		.word	OSCtxSwCtr
 698              		.cfi_endproc
 699              	.LFE5:
 701              		.section	.text.OSSchedLock,"ax",%progbits
 702              		.align	1
 703              		.global	OSSchedLock
 704              		.syntax unified
 705              		.thumb
 706              		.thumb_func
 708              	OSSchedLock:
 709              	.LFB6:
 783:./ucos/Core/os_core.c **** #if OS_CRITICAL_METHOD == 3u                     /* Allocate storage for CPU status register       
 710              		.loc 1 783 1 is_stmt 1 view -0
 711              		.cfi_startproc
 712              		@ args = 0, pretend = 0, frame = 0
 713              		@ frame_needed = 0, uses_anonymous_args = 0
 714 0000 08B5     		push	{r3, lr}
 715              	.LCFI10:
 716              		.cfi_def_cfa_offset 8
 717              		.cfi_offset 3, -8
 718              		.cfi_offset 14, -4
 785:./ucos/Core/os_core.c **** #endif
 719              		.loc 1 785 5 view .LVU178
 720              	.LVL37:
 790:./ucos/Core/os_core.c ****         OS_ENTER_CRITICAL();
 721              		.loc 1 790 5 view .LVU179
 790:./ucos/Core/os_core.c ****         OS_ENTER_CRITICAL();
 722              		.loc 1 790 19 is_stmt 0 view .LVU180
 723 0002 0A4B     		ldr	r3, .L63
 724 0004 1B78     		ldrb	r3, [r3]	@ zero_extendqisi2
 790:./ucos/Core/os_core.c ****         OS_ENTER_CRITICAL();
 725              		.loc 1 790 8 view .LVU181
 726 0006 012B     		cmp	r3, #1
ARM GAS  /tmp/ccMSGEvU.s 			page 48


 727 0008 00D0     		beq	.L62
 728              	.LVL38:
 729              	.L58:
 799:./ucos/Core/os_core.c **** #endif
 730              		.loc 1 799 1 view .LVU182
 731 000a 08BD     		pop	{r3, pc}
 732              	.LVL39:
 733              	.L62:
 791:./ucos/Core/os_core.c ****         if (OSIntNesting == 0u) {                /* Can't call from an ISR                         
 734              		.loc 1 791 9 is_stmt 1 view .LVU183
 791:./ucos/Core/os_core.c ****         if (OSIntNesting == 0u) {                /* Can't call from an ISR                         
 735              		.loc 1 791 9 view .LVU184
 736 000c FFF7FEFF 		bl	OS_CPU_SR_Save
 737              	.LVL40:
 791:./ucos/Core/os_core.c ****         if (OSIntNesting == 0u) {                /* Can't call from an ISR                         
 738              		.loc 1 791 9 discriminator 1 view .LVU185
 792:./ucos/Core/os_core.c ****             if (OSLockNesting < 255u) {          /* Prevent OSLockNesting from wrapping back to 0  
 739              		.loc 1 792 9 view .LVU186
 792:./ucos/Core/os_core.c ****             if (OSLockNesting < 255u) {          /* Prevent OSLockNesting from wrapping back to 0  
 740              		.loc 1 792 26 is_stmt 0 view .LVU187
 741 0010 074B     		ldr	r3, .L63+4
 742 0012 1B78     		ldrb	r3, [r3]	@ zero_extendqisi2
 792:./ucos/Core/os_core.c ****             if (OSLockNesting < 255u) {          /* Prevent OSLockNesting from wrapping back to 0  
 743              		.loc 1 792 12 view .LVU188
 744 0014 33B9     		cbnz	r3, .L60
 793:./ucos/Core/os_core.c ****                 OSLockNesting++;                 /* Increment lock nesting level                   
 745              		.loc 1 793 13 is_stmt 1 view .LVU189
 793:./ucos/Core/os_core.c ****                 OSLockNesting++;                 /* Increment lock nesting level                   
 746              		.loc 1 793 31 is_stmt 0 view .LVU190
 747 0016 074B     		ldr	r3, .L63+8
 748 0018 1B78     		ldrb	r3, [r3]	@ zero_extendqisi2
 793:./ucos/Core/os_core.c ****                 OSLockNesting++;                 /* Increment lock nesting level                   
 749              		.loc 1 793 16 view .LVU191
 750 001a FF2B     		cmp	r3, #255
 751 001c 02D0     		beq	.L60
 794:./ucos/Core/os_core.c ****             }
 752              		.loc 1 794 17 is_stmt 1 view .LVU192
 794:./ucos/Core/os_core.c ****             }
 753              		.loc 1 794 30 is_stmt 0 view .LVU193
 754 001e 0133     		adds	r3, r3, #1
 755 0020 044A     		ldr	r2, .L63+8
 756 0022 1370     		strb	r3, [r2]
 757              	.L60:
 797:./ucos/Core/os_core.c ****     }
 758              		.loc 1 797 9 is_stmt 1 view .LVU194
 797:./ucos/Core/os_core.c ****     }
 759              		.loc 1 797 9 view .LVU195
 760 0024 FFF7FEFF 		bl	OS_CPU_SR_Restore
 761              	.LVL41:
 797:./ucos/Core/os_core.c ****     }
 762              		.loc 1 797 9 discriminator 1 view .LVU196
 799:./ucos/Core/os_core.c **** #endif
 763              		.loc 1 799 1 is_stmt 0 view .LVU197
 764 0028 EFE7     		b	.L58
 765              	.L64:
 766 002a 00BF     		.align	2
 767              	.L63:
ARM GAS  /tmp/ccMSGEvU.s 			page 49


 768 002c 00000000 		.word	OSRunning
 769 0030 00000000 		.word	OSIntNesting
 770 0034 00000000 		.word	OSLockNesting
 771              		.cfi_endproc
 772              	.LFE6:
 774              		.section	.text.OSStart,"ax",%progbits
 775              		.align	1
 776              		.global	OSStart
 777              		.syntax unified
 778              		.thumb
 779              		.thumb_func
 781              	OSStart:
 782              	.LFB8:
 870:./ucos/Core/os_core.c ****     if (OSRunning == OS_FALSE) {
 783              		.loc 1 870 1 is_stmt 1 view -0
 784              		.cfi_startproc
 785              		@ args = 0, pretend = 0, frame = 0
 786              		@ frame_needed = 0, uses_anonymous_args = 0
 787 0000 08B5     		push	{r3, lr}
 788              	.LCFI11:
 789              		.cfi_def_cfa_offset 8
 790              		.cfi_offset 3, -8
 791              		.cfi_offset 14, -4
 871:./ucos/Core/os_core.c ****         OS_SchedNew();                               /* Find highest priority's task priority numbe
 792              		.loc 1 871 5 view .LVU199
 871:./ucos/Core/os_core.c ****         OS_SchedNew();                               /* Find highest priority's task priority numbe
 793              		.loc 1 871 19 is_stmt 0 view .LVU200
 794 0002 0A4B     		ldr	r3, .L69
 795 0004 1B78     		ldrb	r3, [r3]	@ zero_extendqisi2
 871:./ucos/Core/os_core.c ****         OS_SchedNew();                               /* Find highest priority's task priority numbe
 796              		.loc 1 871 8 view .LVU201
 797 0006 03B1     		cbz	r3, .L68
 798              	.L65:
 878:./ucos/Core/os_core.c **** 
 799              		.loc 1 878 1 view .LVU202
 800 0008 08BD     		pop	{r3, pc}
 801              	.L68:
 872:./ucos/Core/os_core.c ****         OSPrioCur     = OSPrioHighRdy;
 802              		.loc 1 872 9 is_stmt 1 view .LVU203
 803 000a FFF7FEFF 		bl	OS_SchedNew
 804              	.LVL42:
 873:./ucos/Core/os_core.c ****         OSTCBHighRdy  = OSTCBPrioTbl[OSPrioHighRdy]; /* Point to highest priority task ready to run
 805              		.loc 1 873 9 view .LVU204
 873:./ucos/Core/os_core.c ****         OSTCBHighRdy  = OSTCBPrioTbl[OSPrioHighRdy]; /* Point to highest priority task ready to run
 806              		.loc 1 873 23 is_stmt 0 view .LVU205
 807 000e 084B     		ldr	r3, .L69+4
 808 0010 1B78     		ldrb	r3, [r3]	@ zero_extendqisi2
 809 0012 084A     		ldr	r2, .L69+8
 810 0014 1370     		strb	r3, [r2]
 874:./ucos/Core/os_core.c ****         OSTCBCur      = OSTCBHighRdy;
 811              		.loc 1 874 9 is_stmt 1 view .LVU206
 874:./ucos/Core/os_core.c ****         OSTCBCur      = OSTCBHighRdy;
 812              		.loc 1 874 37 is_stmt 0 view .LVU207
 813 0016 084A     		ldr	r2, .L69+12
 814 0018 52F82330 		ldr	r3, [r2, r3, lsl #2]
 874:./ucos/Core/os_core.c ****         OSTCBCur      = OSTCBHighRdy;
 815              		.loc 1 874 23 view .LVU208
ARM GAS  /tmp/ccMSGEvU.s 			page 50


 816 001c 074A     		ldr	r2, .L69+16
 817 001e 1360     		str	r3, [r2]
 875:./ucos/Core/os_core.c ****         OSStartHighRdy();                            /* Execute target specific code to start task 
 818              		.loc 1 875 9 is_stmt 1 view .LVU209
 875:./ucos/Core/os_core.c ****         OSStartHighRdy();                            /* Execute target specific code to start task 
 819              		.loc 1 875 23 is_stmt 0 view .LVU210
 820 0020 074A     		ldr	r2, .L69+20
 821 0022 1360     		str	r3, [r2]
 876:./ucos/Core/os_core.c ****     }
 822              		.loc 1 876 9 is_stmt 1 view .LVU211
 823 0024 FFF7FEFF 		bl	OSStartHighRdy
 824              	.LVL43:
 878:./ucos/Core/os_core.c **** 
 825              		.loc 1 878 1 is_stmt 0 view .LVU212
 826 0028 EEE7     		b	.L65
 827              	.L70:
 828 002a 00BF     		.align	2
 829              	.L69:
 830 002c 00000000 		.word	OSRunning
 831 0030 00000000 		.word	OSPrioHighRdy
 832 0034 00000000 		.word	OSPrioCur
 833 0038 00000000 		.word	OSTCBPrioTbl
 834 003c 00000000 		.word	OSTCBHighRdy
 835 0040 00000000 		.word	OSTCBCur
 836              		.cfi_endproc
 837              	.LFE8:
 839              		.section	.text.OSStatInit,"ax",%progbits
 840              		.align	1
 841              		.global	OSStatInit
 842              		.syntax unified
 843              		.thumb
 844              		.thumb_func
 846              	OSStatInit:
 847              	.LFB9:
 903:./ucos/Core/os_core.c **** #if OS_CRITICAL_METHOD == 3u                     /* Allocate storage for CPU status register       
 848              		.loc 1 903 1 is_stmt 1 view -0
 849              		.cfi_startproc
 850              		@ args = 0, pretend = 0, frame = 0
 851              		@ frame_needed = 0, uses_anonymous_args = 0
 852 0000 10B5     		push	{r4, lr}
 853              	.LCFI12:
 854              		.cfi_def_cfa_offset 8
 855              		.cfi_offset 4, -8
 856              		.cfi_offset 14, -4
 905:./ucos/Core/os_core.c **** #endif
 857              		.loc 1 905 5 view .LVU214
 858              	.LVL44:
 910:./ucos/Core/os_core.c ****     OS_ENTER_CRITICAL();
 859              		.loc 1 910 5 view .LVU215
 860 0002 0220     		movs	r0, #2
 861 0004 FFF7FEFF 		bl	OSTimeDly
 862              	.LVL45:
 911:./ucos/Core/os_core.c ****     OSIdleCtr    = 0uL;                          /* Clear idle counter                             
 863              		.loc 1 911 5 view .LVU216
 911:./ucos/Core/os_core.c ****     OSIdleCtr    = 0uL;                          /* Clear idle counter                             
 864              		.loc 1 911 5 view .LVU217
 865 0008 FFF7FEFF 		bl	OS_CPU_SR_Save
ARM GAS  /tmp/ccMSGEvU.s 			page 51


 866              	.LVL46:
 911:./ucos/Core/os_core.c ****     OSIdleCtr    = 0uL;                          /* Clear idle counter                             
 867              		.loc 1 911 5 discriminator 1 view .LVU218
 912:./ucos/Core/os_core.c ****     OS_EXIT_CRITICAL();
 868              		.loc 1 912 5 view .LVU219
 912:./ucos/Core/os_core.c ****     OS_EXIT_CRITICAL();
 869              		.loc 1 912 18 is_stmt 0 view .LVU220
 870 000c 094C     		ldr	r4, .L73
 871 000e 0023     		movs	r3, #0
 872 0010 2360     		str	r3, [r4]
 913:./ucos/Core/os_core.c ****     OSTimeDly(OS_TICKS_PER_SEC / 10u);           /* Determine MAX. idle counter value for 1/10 seco
 873              		.loc 1 913 5 is_stmt 1 view .LVU221
 913:./ucos/Core/os_core.c ****     OSTimeDly(OS_TICKS_PER_SEC / 10u);           /* Determine MAX. idle counter value for 1/10 seco
 874              		.loc 1 913 5 view .LVU222
 875 0012 FFF7FEFF 		bl	OS_CPU_SR_Restore
 876              	.LVL47:
 913:./ucos/Core/os_core.c ****     OSTimeDly(OS_TICKS_PER_SEC / 10u);           /* Determine MAX. idle counter value for 1/10 seco
 877              		.loc 1 913 5 discriminator 1 view .LVU223
 914:./ucos/Core/os_core.c ****     OS_ENTER_CRITICAL();
 878              		.loc 1 914 5 view .LVU224
 879 0016 0A20     		movs	r0, #10
 880 0018 FFF7FEFF 		bl	OSTimeDly
 881              	.LVL48:
 915:./ucos/Core/os_core.c ****     OSIdleCtrMax = OSIdleCtr;                    /* Store maximum idle counter count in 1/10 second
 882              		.loc 1 915 5 view .LVU225
 915:./ucos/Core/os_core.c ****     OSIdleCtrMax = OSIdleCtr;                    /* Store maximum idle counter count in 1/10 second
 883              		.loc 1 915 5 view .LVU226
 884 001c FFF7FEFF 		bl	OS_CPU_SR_Save
 885              	.LVL49:
 915:./ucos/Core/os_core.c ****     OSIdleCtrMax = OSIdleCtr;                    /* Store maximum idle counter count in 1/10 second
 886              		.loc 1 915 5 discriminator 1 view .LVU227
 916:./ucos/Core/os_core.c ****     OSStatRdy    = OS_TRUE;
 887              		.loc 1 916 5 view .LVU228
 916:./ucos/Core/os_core.c ****     OSStatRdy    = OS_TRUE;
 888              		.loc 1 916 18 is_stmt 0 view .LVU229
 889 0020 2268     		ldr	r2, [r4]
 890 0022 054B     		ldr	r3, .L73+4
 891 0024 1A60     		str	r2, [r3]
 917:./ucos/Core/os_core.c ****     OS_EXIT_CRITICAL();
 892              		.loc 1 917 5 is_stmt 1 view .LVU230
 917:./ucos/Core/os_core.c ****     OS_EXIT_CRITICAL();
 893              		.loc 1 917 18 is_stmt 0 view .LVU231
 894 0026 054B     		ldr	r3, .L73+8
 895 0028 0122     		movs	r2, #1
 896 002a 1A70     		strb	r2, [r3]
 918:./ucos/Core/os_core.c **** }
 897              		.loc 1 918 5 is_stmt 1 view .LVU232
 918:./ucos/Core/os_core.c **** }
 898              		.loc 1 918 5 view .LVU233
 899 002c FFF7FEFF 		bl	OS_CPU_SR_Restore
 900              	.LVL50:
 918:./ucos/Core/os_core.c **** }
 901              		.loc 1 918 5 discriminator 1 view .LVU234
 919:./ucos/Core/os_core.c **** #endif
 902              		.loc 1 919 1 is_stmt 0 view .LVU235
 903 0030 10BD     		pop	{r4, pc}
 904              	.L74:
ARM GAS  /tmp/ccMSGEvU.s 			page 52


 905 0032 00BF     		.align	2
 906              	.L73:
 907 0034 00000000 		.word	OSIdleCtr
 908 0038 00000000 		.word	OSIdleCtrMax
 909 003c 00000000 		.word	OSStatRdy
 910              		.cfi_endproc
 911              	.LFE9:
 913              		.section	.text.OSTimeTick,"ax",%progbits
 914              		.align	1
 915              		.global	OSTimeTick
 916              		.syntax unified
 917              		.thumb
 918              		.thumb_func
 920              	OSTimeTick:
 921              	.LFB10:
 938:./ucos/Core/os_core.c ****     OS_TCB    *ptcb;
 922              		.loc 1 938 1 is_stmt 1 view -0
 923              		.cfi_startproc
 924              		@ args = 0, pretend = 0, frame = 0
 925              		@ frame_needed = 0, uses_anonymous_args = 0
 926 0000 38B5     		push	{r3, r4, r5, lr}
 927              	.LCFI13:
 928              		.cfi_def_cfa_offset 16
 929              		.cfi_offset 3, -16
 930              		.cfi_offset 4, -12
 931              		.cfi_offset 5, -8
 932              		.cfi_offset 14, -4
 939:./ucos/Core/os_core.c **** #if OS_TICK_STEP_EN > 0u
 933              		.loc 1 939 5 view .LVU237
 941:./ucos/Core/os_core.c **** #endif
 934              		.loc 1 941 5 view .LVU238
 944:./ucos/Core/os_core.c **** #endif
 935              		.loc 1 944 5 view .LVU239
 936              	.LVL51:
 950:./ucos/Core/os_core.c **** #endif
 937              		.loc 1 950 5 view .LVU240
 938 0002 FFF7FEFF 		bl	OSTimeTickHook
 939              	.LVL52:
 953:./ucos/Core/os_core.c ****     OSTime++;
 940              		.loc 1 953 5 view .LVU241
 953:./ucos/Core/os_core.c ****     OSTime++;
 941              		.loc 1 953 5 view .LVU242
 942 0006 FFF7FEFF 		bl	OS_CPU_SR_Save
 943              	.LVL53:
 944 000a 0446     		mov	r4, r0
 945              	.LVL54:
 953:./ucos/Core/os_core.c ****     OSTime++;
 946              		.loc 1 953 5 discriminator 1 view .LVU243
 954:./ucos/Core/os_core.c ****     OS_TRACE_TICK_INCREMENT(OSTime);
 947              		.loc 1 954 5 view .LVU244
 954:./ucos/Core/os_core.c ****     OS_TRACE_TICK_INCREMENT(OSTime);
 948              		.loc 1 954 11 is_stmt 0 view .LVU245
 949 000c 2C4B     		ldr	r3, .L89
 950 000e 1A68     		ldr	r2, [r3]
 951 0010 0132     		adds	r2, r2, #1
 952 0012 1A60     		str	r2, [r3]
 955:./ucos/Core/os_core.c ****     OS_EXIT_CRITICAL();
ARM GAS  /tmp/ccMSGEvU.s 			page 53


 953              		.loc 1 955 5 is_stmt 1 view .LVU246
 954 0014 1968     		ldr	r1, [r3]
 955 0016 2120     		movs	r0, #33
 956              	.LVL55:
 955:./ucos/Core/os_core.c ****     OS_EXIT_CRITICAL();
 957              		.loc 1 955 5 is_stmt 0 view .LVU247
 958 0018 FFF7FEFF 		bl	SEGGER_SYSVIEW_RecordU32
 959              	.LVL56:
 956:./ucos/Core/os_core.c **** #endif
 960              		.loc 1 956 5 is_stmt 1 view .LVU248
 956:./ucos/Core/os_core.c **** #endif
 961              		.loc 1 956 5 view .LVU249
 962 001c 2046     		mov	r0, r4
 963 001e FFF7FEFF 		bl	OS_CPU_SR_Restore
 964              	.LVL57:
 956:./ucos/Core/os_core.c **** #endif
 965              		.loc 1 956 5 discriminator 1 view .LVU250
 958:./ucos/Core/os_core.c **** #if OS_TICK_STEP_EN > 0u
 966              		.loc 1 958 5 view .LVU251
 958:./ucos/Core/os_core.c **** #if OS_TICK_STEP_EN > 0u
 967              		.loc 1 958 19 is_stmt 0 view .LVU252
 968 0022 284B     		ldr	r3, .L89+4
 969 0024 1B78     		ldrb	r3, [r3]	@ zero_extendqisi2
 958:./ucos/Core/os_core.c **** #if OS_TICK_STEP_EN > 0u
 970              		.loc 1 958 8 view .LVU253
 971 0026 012B     		cmp	r3, #1
 972 0028 00D0     		beq	.L87
 973              	.LVL58:
 974              	.L75:
1008:./ucos/Core/os_core.c **** 
 975              		.loc 1 1008 1 view .LVU254
 976 002a 38BD     		pop	{r3, r4, r5, pc}
 977              	.LVL59:
 978              	.L87:
 960:./ucos/Core/os_core.c ****             case OS_TICK_STEP_DIS:                         /* Yes, stepping is disabled            
 979              		.loc 1 960 9 is_stmt 1 view .LVU255
 980 002c 264B     		ldr	r3, .L89+8
 981 002e 1B78     		ldrb	r3, [r3]	@ zero_extendqisi2
 982 0030 012B     		cmp	r3, #1
 983 0032 FAD0     		beq	.L75
 984 0034 022B     		cmp	r3, #2
 985 0036 04D0     		beq	.L77
 986 0038 33B1     		cbz	r3, .L78
 975:./ucos/Core/os_core.c ****                  OSTickStepState = OS_TICK_STEP_DIS;
 987              		.loc 1 975 18 view .LVU256
 988              	.LVL60:
 976:./ucos/Core/os_core.c ****                  break;
 989              		.loc 1 976 18 view .LVU257
 976:./ucos/Core/os_core.c ****                  break;
 990              		.loc 1 976 34 is_stmt 0 view .LVU258
 991 003a 234B     		ldr	r3, .L89+8
 992 003c 0022     		movs	r2, #0
 993 003e 1A70     		strb	r2, [r3]
 977:./ucos/Core/os_core.c ****         }
 994              		.loc 1 977 18 is_stmt 1 view .LVU259
 979:./ucos/Core/os_core.c ****             return;
 995              		.loc 1 979 9 view .LVU260
ARM GAS  /tmp/ccMSGEvU.s 			page 54


 996 0040 02E0     		b	.L78
 997              	.LVL61:
 998              	.L77:
 970:./ucos/Core/os_core.c ****                  OSTickStepState = OS_TICK_STEP_WAIT;
 999              		.loc 1 970 18 view .LVU261
 971:./ucos/Core/os_core.c ****                  break;
 1000              		.loc 1 971 18 view .LVU262
 971:./ucos/Core/os_core.c ****                  break;
 1001              		.loc 1 971 34 is_stmt 0 view .LVU263
 1002 0042 214B     		ldr	r3, .L89+8
 1003 0044 0122     		movs	r2, #1
 1004 0046 1A70     		strb	r2, [r3]
 972:./ucos/Core/os_core.c **** 
 1005              		.loc 1 972 18 is_stmt 1 view .LVU264
 979:./ucos/Core/os_core.c ****             return;
 1006              		.loc 1 979 9 view .LVU265
 1007              	.LVL62:
 1008              	.L78:
 983:./ucos/Core/os_core.c ****         while (ptcb->OSTCBPrio != OS_TASK_IDLE_PRIO) {     /* Go through all TCBs in TCB list      
 1009              		.loc 1 983 9 view .LVU266
 983:./ucos/Core/os_core.c ****         while (ptcb->OSTCBPrio != OS_TASK_IDLE_PRIO) {     /* Go through all TCBs in TCB list      
 1010              		.loc 1 983 14 is_stmt 0 view .LVU267
 1011 0048 204B     		ldr	r3, .L89+12
 1012 004a 1C68     		ldr	r4, [r3]
 1013              	.LVL63:
 984:./ucos/Core/os_core.c ****             OS_ENTER_CRITICAL();
 1014              		.loc 1 984 9 is_stmt 1 view .LVU268
 984:./ucos/Core/os_core.c ****             OS_ENTER_CRITICAL();
 1015              		.loc 1 984 15 is_stmt 0 view .LVU269
 1016 004c 0BE0     		b	.L80
 1017              	.LVL64:
 1018              	.L82:
 994:./ucos/Core/os_core.c ****                     }
 1019              		.loc 1 994 25 is_stmt 1 view .LVU270
 994:./ucos/Core/os_core.c ****                     }
 1020              		.loc 1 994 45 is_stmt 0 view .LVU271
 1021 004e 0023     		movs	r3, #0
 1022 0050 84F83930 		strb	r3, [r4, #57]
 1023              	.L83:
 997:./ucos/Core/os_core.c ****                         OSRdyGrp               |= ptcb->OSTCBBitY;             /* No,  Make ready  
 1024              		.loc 1 997 21 is_stmt 1 view .LVU272
 997:./ucos/Core/os_core.c ****                         OSRdyGrp               |= ptcb->OSTCBBitY;             /* No,  Make ready  
 1025              		.loc 1 997 30 is_stmt 0 view .LVU273
 1026 0054 94F83830 		ldrb	r3, [r4, #56]	@ zero_extendqisi2
 997:./ucos/Core/os_core.c ****                         OSRdyGrp               |= ptcb->OSTCBBitY;             /* No,  Make ready  
 1027              		.loc 1 997 24 view .LVU274
 1028 0058 13F0080F 		tst	r3, #8
 1029 005c 1ED0     		beq	.L88
 1030              	.LVL65:
 1031              	.L81:
1004:./ucos/Core/os_core.c ****             OS_EXIT_CRITICAL();
 1032              		.loc 1 1004 13 is_stmt 1 view .LVU275
1004:./ucos/Core/os_core.c ****             OS_EXIT_CRITICAL();
 1033              		.loc 1 1004 18 is_stmt 0 view .LVU276
 1034 005e 6469     		ldr	r4, [r4, #20]
 1035              	.LVL66:
1005:./ucos/Core/os_core.c ****         }
ARM GAS  /tmp/ccMSGEvU.s 			page 55


 1036              		.loc 1 1005 13 is_stmt 1 view .LVU277
1005:./ucos/Core/os_core.c ****         }
 1037              		.loc 1 1005 13 view .LVU278
 1038 0060 2846     		mov	r0, r5
 1039 0062 FFF7FEFF 		bl	OS_CPU_SR_Restore
 1040              	.LVL67:
 1041              	.L80:
1005:./ucos/Core/os_core.c ****         }
 1042              		.loc 1 1005 13 discriminator 1 view .LVU279
 984:./ucos/Core/os_core.c ****             OS_ENTER_CRITICAL();
 1043              		.loc 1 984 32 view .LVU280
 984:./ucos/Core/os_core.c ****             OS_ENTER_CRITICAL();
 1044              		.loc 1 984 20 is_stmt 0 view .LVU281
 1045 0066 94F83A30 		ldrb	r3, [r4, #58]	@ zero_extendqisi2
 984:./ucos/Core/os_core.c ****             OS_ENTER_CRITICAL();
 1046              		.loc 1 984 32 view .LVU282
 1047 006a 3F2B     		cmp	r3, #63
 1048 006c DDD0     		beq	.L75
 985:./ucos/Core/os_core.c ****             if (ptcb->OSTCBDly != 0u) {                    /* No, Delayed or waiting for event with
 1049              		.loc 1 985 13 is_stmt 1 view .LVU283
 985:./ucos/Core/os_core.c ****             if (ptcb->OSTCBDly != 0u) {                    /* No, Delayed or waiting for event with
 1050              		.loc 1 985 13 view .LVU284
 1051 006e FFF7FEFF 		bl	OS_CPU_SR_Save
 1052              	.LVL68:
 1053 0072 0546     		mov	r5, r0
 1054              	.LVL69:
 985:./ucos/Core/os_core.c ****             if (ptcb->OSTCBDly != 0u) {                    /* No, Delayed or waiting for event with
 1055              		.loc 1 985 13 discriminator 1 view .LVU285
 986:./ucos/Core/os_core.c ****                 ptcb->OSTCBDly--;                          /* Decrement nbr of ticks to end of dela
 1056              		.loc 1 986 13 view .LVU286
 986:./ucos/Core/os_core.c ****                 ptcb->OSTCBDly--;                          /* Decrement nbr of ticks to end of dela
 1057              		.loc 1 986 21 is_stmt 0 view .LVU287
 1058 0074 636B     		ldr	r3, [r4, #52]
 986:./ucos/Core/os_core.c ****                 ptcb->OSTCBDly--;                          /* Decrement nbr of ticks to end of dela
 1059              		.loc 1 986 16 view .LVU288
 1060 0076 002B     		cmp	r3, #0
 1061 0078 F1D0     		beq	.L81
 987:./ucos/Core/os_core.c ****                 if (ptcb->OSTCBDly == 0u) {                /* Check for timeout                    
 1062              		.loc 1 987 17 is_stmt 1 view .LVU289
 987:./ucos/Core/os_core.c ****                 if (ptcb->OSTCBDly == 0u) {                /* Check for timeout                    
 1063              		.loc 1 987 31 is_stmt 0 view .LVU290
 1064 007a 013B     		subs	r3, r3, #1
 1065 007c 6363     		str	r3, [r4, #52]
 988:./ucos/Core/os_core.c **** 
 1066              		.loc 1 988 17 is_stmt 1 view .LVU291
 988:./ucos/Core/os_core.c **** 
 1067              		.loc 1 988 20 is_stmt 0 view .LVU292
 1068 007e 002B     		cmp	r3, #0
 1069 0080 EDD1     		bne	.L81
 990:./ucos/Core/os_core.c ****                         ptcb->OSTCBStat  &= (INT8U)~(INT8U)OS_STAT_PEND_ANY;   /* Yes, Clear status
 1070              		.loc 1 990 21 is_stmt 1 view .LVU293
 990:./ucos/Core/os_core.c ****                         ptcb->OSTCBStat  &= (INT8U)~(INT8U)OS_STAT_PEND_ANY;   /* Yes, Clear status
 1071              		.loc 1 990 30 is_stmt 0 view .LVU294
 1072 0082 94F83830 		ldrb	r3, [r4, #56]	@ zero_extendqisi2
 990:./ucos/Core/os_core.c ****                         ptcb->OSTCBStat  &= (INT8U)~(INT8U)OS_STAT_PEND_ANY;   /* Yes, Clear status
 1073              		.loc 1 990 24 view .LVU295
 1074 0086 13F0370F 		tst	r3, #55
ARM GAS  /tmp/ccMSGEvU.s 			page 56


 1075 008a E0D0     		beq	.L82
 991:./ucos/Core/os_core.c ****                         ptcb->OSTCBStatPend = OS_STAT_PEND_TO;                 /* Indicate PEND tim
 1076              		.loc 1 991 25 is_stmt 1 view .LVU296
 991:./ucos/Core/os_core.c ****                         ptcb->OSTCBStatPend = OS_STAT_PEND_TO;                 /* Indicate PEND tim
 1077              		.loc 1 991 42 is_stmt 0 view .LVU297
 1078 008c 23F03703 		bic	r3, r3, #55
 1079 0090 84F83830 		strb	r3, [r4, #56]
 992:./ucos/Core/os_core.c ****                     } else {
 1080              		.loc 1 992 25 is_stmt 1 view .LVU298
 992:./ucos/Core/os_core.c ****                     } else {
 1081              		.loc 1 992 45 is_stmt 0 view .LVU299
 1082 0094 0123     		movs	r3, #1
 1083 0096 84F83930 		strb	r3, [r4, #57]
 1084 009a DBE7     		b	.L83
 1085              	.L88:
 998:./ucos/Core/os_core.c ****                         OSRdyTbl[ptcb->OSTCBY] |= ptcb->OSTCBBitX;
 1086              		.loc 1 998 25 is_stmt 1 view .LVU300
 998:./ucos/Core/os_core.c ****                         OSRdyTbl[ptcb->OSTCBY] |= ptcb->OSTCBBitX;
 1087              		.loc 1 998 55 is_stmt 0 view .LVU301
 1088 009c 94F83E30 		ldrb	r3, [r4, #62]	@ zero_extendqisi2
 998:./ucos/Core/os_core.c ****                         OSRdyTbl[ptcb->OSTCBY] |= ptcb->OSTCBBitX;
 1089              		.loc 1 998 48 view .LVU302
 1090 00a0 0B4A     		ldr	r2, .L89+16
 1091 00a2 1178     		ldrb	r1, [r2]	@ zero_extendqisi2
 1092 00a4 0B43     		orrs	r3, r3, r1
 1093 00a6 1370     		strb	r3, [r2]
 999:./ucos/Core/os_core.c ****                         OS_TRACE_TASK_READY(ptcb);
 1094              		.loc 1 999 25 is_stmt 1 view .LVU303
 999:./ucos/Core/os_core.c ****                         OS_TRACE_TASK_READY(ptcb);
 1095              		.loc 1 999 38 is_stmt 0 view .LVU304
 1096 00a8 94F83C20 		ldrb	r2, [r4, #60]	@ zero_extendqisi2
 999:./ucos/Core/os_core.c ****                         OS_TRACE_TASK_READY(ptcb);
 1097              		.loc 1 999 33 view .LVU305
 1098 00ac 0949     		ldr	r1, .L89+20
 1099 00ae 8B5C     		ldrb	r3, [r1, r2]	@ zero_extendqisi2
 999:./ucos/Core/os_core.c ****                         OS_TRACE_TASK_READY(ptcb);
 1100              		.loc 1 999 55 view .LVU306
 1101 00b0 94F83D00 		ldrb	r0, [r4, #61]	@ zero_extendqisi2
 1102              	.LVL70:
 999:./ucos/Core/os_core.c ****                         OS_TRACE_TASK_READY(ptcb);
 1103              		.loc 1 999 48 view .LVU307
 1104 00b4 0343     		orrs	r3, r3, r0
 1105 00b6 8B54     		strb	r3, [r1, r2]
1000:./ucos/Core/os_core.c ****                     }
 1106              		.loc 1 1000 25 is_stmt 1 view .LVU308
 1107 00b8 2046     		mov	r0, r4
 1108 00ba FFF7FEFF 		bl	SYSVIEW_TaskReady
 1109              	.LVL71:
 1110 00be CEE7     		b	.L81
 1111              	.L90:
 1112              		.align	2
 1113              	.L89:
 1114 00c0 00000000 		.word	OSTime
 1115 00c4 00000000 		.word	OSRunning
 1116 00c8 00000000 		.word	OSTickStepState
 1117 00cc 00000000 		.word	OSTCBList
 1118 00d0 00000000 		.word	OSRdyGrp
ARM GAS  /tmp/ccMSGEvU.s 			page 57


 1119 00d4 00000000 		.word	OSRdyTbl
 1120              		.cfi_endproc
 1121              	.LFE10:
 1123              		.section	.text.OSVersion,"ax",%progbits
 1124              		.align	1
 1125              		.global	OSVersion
 1126              		.syntax unified
 1127              		.thumb
 1128              		.thumb_func
 1130              	OSVersion:
 1131              	.LFB11:
1026:./ucos/Core/os_core.c ****     return (OS_VERSION);
 1132              		.loc 1 1026 1 view -0
 1133              		.cfi_startproc
 1134              		@ args = 0, pretend = 0, frame = 0
 1135              		@ frame_needed = 0, uses_anonymous_args = 0
 1136              		@ link register save eliminated.
1027:./ucos/Core/os_core.c **** }
 1137              		.loc 1 1027 5 view .LVU310
1028:./ucos/Core/os_core.c **** 
 1138              		.loc 1 1028 1 is_stmt 0 view .LVU311
 1139 0000 47F27420 		movw	r0, #29300
 1140 0004 7047     		bx	lr
 1141              		.cfi_endproc
 1142              	.LFE11:
 1144              		.section	.text.OS_Dummy,"ax",%progbits
 1145              		.align	1
 1146              		.global	OS_Dummy
 1147              		.syntax unified
 1148              		.thumb
 1149              		.thumb_func
 1151              	OS_Dummy:
 1152              	.LFB12:
1045:./ucos/Core/os_core.c **** }
 1153              		.loc 1 1045 1 is_stmt 1 view -0
 1154              		.cfi_startproc
 1155              		@ args = 0, pretend = 0, frame = 0
 1156              		@ frame_needed = 0, uses_anonymous_args = 0
 1157              		@ link register save eliminated.
1046:./ucos/Core/os_core.c **** #endif
 1158              		.loc 1 1046 1 view .LVU313
 1159 0000 7047     		bx	lr
 1160              		.cfi_endproc
 1161              	.LFE12:
 1163              		.section	.text.OS_EventTaskWait,"ax",%progbits
 1164              		.align	1
 1165              		.global	OS_EventTaskWait
 1166              		.syntax unified
 1167              		.thumb
 1168              		.thumb_func
 1170              	OS_EventTaskWait:
 1171              	.LVL72:
 1172              	.LFB14:
1157:./ucos/Core/os_core.c ****     INT8U  y;
 1173              		.loc 1 1157 1 view -0
 1174              		.cfi_startproc
 1175              		@ args = 0, pretend = 0, frame = 0
ARM GAS  /tmp/ccMSGEvU.s 			page 58


 1176              		@ frame_needed = 0, uses_anonymous_args = 0
1157:./ucos/Core/os_core.c ****     INT8U  y;
 1177              		.loc 1 1157 1 is_stmt 0 view .LVU315
 1178 0000 38B5     		push	{r3, r4, r5, lr}
 1179              	.LCFI14:
 1180              		.cfi_def_cfa_offset 16
 1181              		.cfi_offset 3, -16
 1182              		.cfi_offset 4, -12
 1183              		.cfi_offset 5, -8
 1184              		.cfi_offset 14, -4
 1185 0002 0346     		mov	r3, r0
1158:./ucos/Core/os_core.c **** 
 1186              		.loc 1 1158 5 is_stmt 1 view .LVU316
1161:./ucos/Core/os_core.c **** 
 1187              		.loc 1 1161 5 view .LVU317
1161:./ucos/Core/os_core.c **** 
 1188              		.loc 1 1161 13 is_stmt 0 view .LVU318
 1189 0004 134A     		ldr	r2, .L96
 1190 0006 1068     		ldr	r0, [r2]
 1191              	.LVL73:
1161:./ucos/Core/os_core.c **** 
 1192              		.loc 1 1161 43 view .LVU319
 1193 0008 C361     		str	r3, [r0, #28]
1163:./ucos/Core/os_core.c ****     pevent->OSEventGrp                   |= OSTCBCur->OSTCBBitY;
 1194              		.loc 1 1163 5 is_stmt 1 view .LVU320
1163:./ucos/Core/os_core.c ****     pevent->OSEventGrp                   |= OSTCBCur->OSTCBBitY;
 1195              		.loc 1 1163 32 is_stmt 0 view .LVU321
 1196 000a 90F83C20 		ldrb	r2, [r0, #60]	@ zero_extendqisi2
1163:./ucos/Core/os_core.c ****     pevent->OSEventGrp                   |= OSTCBCur->OSTCBBitY;
 1197              		.loc 1 1163 23 view .LVU322
 1198 000e 1A44     		add	r2, r2, r3
 1199 0010 D17A     		ldrb	r1, [r2, #11]	@ zero_extendqisi2
1163:./ucos/Core/os_core.c ****     pevent->OSEventGrp                   |= OSTCBCur->OSTCBBitY;
 1200              		.loc 1 1163 53 view .LVU323
 1201 0012 90F83D40 		ldrb	r4, [r0, #61]	@ zero_extendqisi2
1163:./ucos/Core/os_core.c ****     pevent->OSEventGrp                   |= OSTCBCur->OSTCBBitY;
 1202              		.loc 1 1163 42 view .LVU324
 1203 0016 2143     		orrs	r1, r1, r4
 1204 0018 D172     		strb	r1, [r2, #11]
1164:./ucos/Core/os_core.c **** 
 1205              		.loc 1 1164 5 is_stmt 1 view .LVU325
1164:./ucos/Core/os_core.c **** 
 1206              		.loc 1 1164 11 is_stmt 0 view .LVU326
 1207 001a 9A7A     		ldrb	r2, [r3, #10]	@ zero_extendqisi2
1164:./ucos/Core/os_core.c **** 
 1208              		.loc 1 1164 53 view .LVU327
 1209 001c 90F83E10 		ldrb	r1, [r0, #62]	@ zero_extendqisi2
1164:./ucos/Core/os_core.c **** 
 1210              		.loc 1 1164 42 view .LVU328
 1211 0020 0A43     		orrs	r2, r2, r1
 1212 0022 9A72     		strb	r2, [r3, #10]
1166:./ucos/Core/os_core.c ****     OSRdyTbl[y]  &= (OS_PRIO)~OSTCBCur->OSTCBBitX;
 1213              		.loc 1 1166 5 is_stmt 1 view .LVU329
1166:./ucos/Core/os_core.c ****     OSRdyTbl[y]  &= (OS_PRIO)~OSTCBCur->OSTCBBitX;
 1214              		.loc 1 1166 19 is_stmt 0 view .LVU330
 1215 0024 90F83C40 		ldrb	r4, [r0, #60]	@ zero_extendqisi2
 1216              	.LVL74:
ARM GAS  /tmp/ccMSGEvU.s 			page 59


1167:./ucos/Core/os_core.c ****     OS_TRACE_TASK_SUSPENDED(OSTCBCur);
 1217              		.loc 1 1167 5 is_stmt 1 view .LVU331
1167:./ucos/Core/os_core.c ****     OS_TRACE_TASK_SUSPENDED(OSTCBCur);
 1218              		.loc 1 1167 13 is_stmt 0 view .LVU332
 1219 0028 0B4D     		ldr	r5, .L96+4
 1220 002a 2B5D     		ldrb	r3, [r5, r4]	@ zero_extendqisi2
 1221              	.LVL75:
1167:./ucos/Core/os_core.c ****     OS_TRACE_TASK_SUSPENDED(OSTCBCur);
 1222              		.loc 1 1167 39 view .LVU333
 1223 002c 90F83D20 		ldrb	r2, [r0, #61]	@ zero_extendqisi2
1167:./ucos/Core/os_core.c ****     OS_TRACE_TASK_SUSPENDED(OSTCBCur);
 1224              		.loc 1 1167 18 view .LVU334
 1225 0030 23EA0203 		bic	r3, r3, r2
 1226 0034 2B55     		strb	r3, [r5, r4]
1168:./ucos/Core/os_core.c ****     if (OSRdyTbl[y] == 0u) {                      /* Clear event grp bit if this was only task pend
 1227              		.loc 1 1168 5 is_stmt 1 view .LVU335
 1228 0036 FFF7FEFF 		bl	SYSVIEW_TaskSuspend
 1229              	.LVL76:
1169:./ucos/Core/os_core.c ****         OSRdyGrp &= (OS_PRIO)~OSTCBCur->OSTCBBitY;
 1230              		.loc 1 1169 5 view .LVU336
1169:./ucos/Core/os_core.c ****         OSRdyGrp &= (OS_PRIO)~OSTCBCur->OSTCBBitY;
 1231              		.loc 1 1169 17 is_stmt 0 view .LVU337
 1232 003a 2B5D     		ldrb	r3, [r5, r4]	@ zero_extendqisi2
1169:./ucos/Core/os_core.c ****         OSRdyGrp &= (OS_PRIO)~OSTCBCur->OSTCBBitY;
 1233              		.loc 1 1169 8 view .LVU338
 1234 003c 43B9     		cbnz	r3, .L93
1170:./ucos/Core/os_core.c ****     }
 1235              		.loc 1 1170 9 is_stmt 1 view .LVU339
1170:./ucos/Core/os_core.c ****     }
 1236              		.loc 1 1170 39 is_stmt 0 view .LVU340
 1237 003e 054B     		ldr	r3, .L96
 1238 0040 1B68     		ldr	r3, [r3]
 1239 0042 93F83E10 		ldrb	r1, [r3, #62]	@ zero_extendqisi2
1170:./ucos/Core/os_core.c ****     }
 1240              		.loc 1 1170 18 view .LVU341
 1241 0046 054A     		ldr	r2, .L96+8
 1242 0048 1378     		ldrb	r3, [r2]	@ zero_extendqisi2
 1243 004a 23EA0103 		bic	r3, r3, r1
 1244 004e 1370     		strb	r3, [r2]
 1245              	.L93:
1172:./ucos/Core/os_core.c **** #endif
 1246              		.loc 1 1172 1 view .LVU342
 1247 0050 38BD     		pop	{r3, r4, r5, pc}
 1248              	.LVL77:
 1249              	.L97:
1172:./ucos/Core/os_core.c **** #endif
 1250              		.loc 1 1172 1 view .LVU343
 1251 0052 00BF     		.align	2
 1252              	.L96:
 1253 0054 00000000 		.word	OSTCBCur
 1254 0058 00000000 		.word	OSRdyTbl
 1255 005c 00000000 		.word	OSRdyGrp
 1256              		.cfi_endproc
 1257              	.LFE14:
 1259              		.section	.text.OS_EventTaskWaitMulti,"ax",%progbits
 1260              		.align	1
 1261              		.global	OS_EventTaskWaitMulti
ARM GAS  /tmp/ccMSGEvU.s 			page 60


 1262              		.syntax unified
 1263              		.thumb
 1264              		.thumb_func
 1266              	OS_EventTaskWaitMulti:
 1267              	.LVL78:
 1268              	.LFB15:
1193:./ucos/Core/os_core.c ****     OS_EVENT **pevents;
 1269              		.loc 1 1193 1 is_stmt 1 view -0
 1270              		.cfi_startproc
 1271              		@ args = 0, pretend = 0, frame = 0
 1272              		@ frame_needed = 0, uses_anonymous_args = 0
1193:./ucos/Core/os_core.c ****     OS_EVENT **pevents;
 1273              		.loc 1 1193 1 is_stmt 0 view .LVU345
 1274 0000 38B5     		push	{r3, r4, r5, lr}
 1275              	.LCFI15:
 1276              		.cfi_def_cfa_offset 16
 1277              		.cfi_offset 3, -16
 1278              		.cfi_offset 4, -12
 1279              		.cfi_offset 5, -8
 1280              		.cfi_offset 14, -4
 1281 0002 0446     		mov	r4, r0
1194:./ucos/Core/os_core.c ****     OS_EVENT  *pevent;
 1282              		.loc 1 1194 5 is_stmt 1 view .LVU346
1195:./ucos/Core/os_core.c ****     INT8U      y;
 1283              		.loc 1 1195 5 view .LVU347
1196:./ucos/Core/os_core.c **** 
 1284              		.loc 1 1196 5 view .LVU348
1199:./ucos/Core/os_core.c ****     OSTCBCur->OSTCBEventMultiRdy = (OS_EVENT  *)0;
 1285              		.loc 1 1199 5 view .LVU349
1199:./ucos/Core/os_core.c ****     OSTCBCur->OSTCBEventMultiRdy = (OS_EVENT  *)0;
 1286              		.loc 1 1199 13 is_stmt 0 view .LVU350
 1287 0004 174B     		ldr	r3, .L103
 1288 0006 1868     		ldr	r0, [r3]
 1289              	.LVL79:
1199:./ucos/Core/os_core.c ****     OSTCBCur->OSTCBEventMultiRdy = (OS_EVENT  *)0;
 1290              		.loc 1 1199 34 view .LVU351
 1291 0008 0462     		str	r4, [r0, #32]
1200:./ucos/Core/os_core.c **** 
 1292              		.loc 1 1200 5 is_stmt 1 view .LVU352
1200:./ucos/Core/os_core.c **** 
 1293              		.loc 1 1200 34 is_stmt 0 view .LVU353
 1294 000a 0023     		movs	r3, #0
 1295 000c 4362     		str	r3, [r0, #36]
1202:./ucos/Core/os_core.c ****     pevent  = *pevents;
 1296              		.loc 1 1202 5 is_stmt 1 view .LVU354
 1297              	.LVL80:
1203:./ucos/Core/os_core.c ****     while (pevent != (OS_EVENT *)0) {                               /* Put task in waiting lists   
 1298              		.loc 1 1203 5 view .LVU355
1203:./ucos/Core/os_core.c ****     while (pevent != (OS_EVENT *)0) {                               /* Put task in waiting lists   
 1299              		.loc 1 1203 13 is_stmt 0 view .LVU356
 1300 000e 2368     		ldr	r3, [r4]
 1301              	.LVL81:
1204:./ucos/Core/os_core.c ****         pevent->OSEventTbl[OSTCBCur->OSTCBY] |= OSTCBCur->OSTCBBitX;
 1302              		.loc 1 1204 5 is_stmt 1 view .LVU357
1204:./ucos/Core/os_core.c ****         pevent->OSEventTbl[OSTCBCur->OSTCBY] |= OSTCBCur->OSTCBBitX;
 1303              		.loc 1 1204 11 is_stmt 0 view .LVU358
 1304 0010 0FE0     		b	.L99
ARM GAS  /tmp/ccMSGEvU.s 			page 61


 1305              	.LVL82:
 1306              	.L100:
1205:./ucos/Core/os_core.c ****         pevent->OSEventGrp                   |= OSTCBCur->OSTCBBitY;
 1307              		.loc 1 1205 9 is_stmt 1 view .LVU359
1205:./ucos/Core/os_core.c ****         pevent->OSEventGrp                   |= OSTCBCur->OSTCBBitY;
 1308              		.loc 1 1205 36 is_stmt 0 view .LVU360
 1309 0012 90F83C20 		ldrb	r2, [r0, #60]	@ zero_extendqisi2
1205:./ucos/Core/os_core.c ****         pevent->OSEventGrp                   |= OSTCBCur->OSTCBBitY;
 1310              		.loc 1 1205 27 view .LVU361
 1311 0016 1A44     		add	r2, r2, r3
 1312 0018 D17A     		ldrb	r1, [r2, #11]	@ zero_extendqisi2
1205:./ucos/Core/os_core.c ****         pevent->OSEventGrp                   |= OSTCBCur->OSTCBBitY;
 1313              		.loc 1 1205 57 view .LVU362
 1314 001a 90F83DC0 		ldrb	ip, [r0, #61]	@ zero_extendqisi2
1205:./ucos/Core/os_core.c ****         pevent->OSEventGrp                   |= OSTCBCur->OSTCBBitY;
 1315              		.loc 1 1205 46 view .LVU363
 1316 001e 41EA0C01 		orr	r1, r1, ip
 1317 0022 D172     		strb	r1, [r2, #11]
1206:./ucos/Core/os_core.c ****         pevents++;
 1318              		.loc 1 1206 9 is_stmt 1 view .LVU364
1206:./ucos/Core/os_core.c ****         pevents++;
 1319              		.loc 1 1206 15 is_stmt 0 view .LVU365
 1320 0024 9A7A     		ldrb	r2, [r3, #10]	@ zero_extendqisi2
1206:./ucos/Core/os_core.c ****         pevents++;
 1321              		.loc 1 1206 57 view .LVU366
 1322 0026 90F83E10 		ldrb	r1, [r0, #62]	@ zero_extendqisi2
1206:./ucos/Core/os_core.c ****         pevents++;
 1323              		.loc 1 1206 46 view .LVU367
 1324 002a 0A43     		orrs	r2, r2, r1
 1325 002c 9A72     		strb	r2, [r3, #10]
1207:./ucos/Core/os_core.c ****         pevent = *pevents;
 1326              		.loc 1 1207 9 is_stmt 1 view .LVU368
 1327              	.LVL83:
1208:./ucos/Core/os_core.c ****     }
 1328              		.loc 1 1208 9 view .LVU369
1208:./ucos/Core/os_core.c ****     }
 1329              		.loc 1 1208 16 is_stmt 0 view .LVU370
 1330 002e 54F8043F 		ldr	r3, [r4, #4]!
 1331              	.LVL84:
 1332              	.L99:
1204:./ucos/Core/os_core.c ****         pevent->OSEventTbl[OSTCBCur->OSTCBY] |= OSTCBCur->OSTCBBitX;
 1333              		.loc 1 1204 19 is_stmt 1 view .LVU371
 1334 0032 002B     		cmp	r3, #0
 1335 0034 EDD1     		bne	.L100
1211:./ucos/Core/os_core.c ****     OSRdyTbl[y]  &= (OS_PRIO)~OSTCBCur->OSTCBBitX;
 1336              		.loc 1 1211 5 view .LVU372
1211:./ucos/Core/os_core.c ****     OSRdyTbl[y]  &= (OS_PRIO)~OSTCBCur->OSTCBBitX;
 1337              		.loc 1 1211 19 is_stmt 0 view .LVU373
 1338 0036 90F83C40 		ldrb	r4, [r0, #60]	@ zero_extendqisi2
 1339              	.LVL85:
1212:./ucos/Core/os_core.c ****     OS_TRACE_TASK_SUSPENDED(OSTCBCur);
 1340              		.loc 1 1212 5 is_stmt 1 view .LVU374
1212:./ucos/Core/os_core.c ****     OS_TRACE_TASK_SUSPENDED(OSTCBCur);
 1341              		.loc 1 1212 13 is_stmt 0 view .LVU375
 1342 003a 0B4D     		ldr	r5, .L103+4
 1343 003c 2B5D     		ldrb	r3, [r5, r4]	@ zero_extendqisi2
 1344              	.LVL86:
ARM GAS  /tmp/ccMSGEvU.s 			page 62


1212:./ucos/Core/os_core.c ****     OS_TRACE_TASK_SUSPENDED(OSTCBCur);
 1345              		.loc 1 1212 39 view .LVU376
 1346 003e 90F83D20 		ldrb	r2, [r0, #61]	@ zero_extendqisi2
1212:./ucos/Core/os_core.c ****     OS_TRACE_TASK_SUSPENDED(OSTCBCur);
 1347              		.loc 1 1212 18 view .LVU377
 1348 0042 23EA0203 		bic	r3, r3, r2
 1349 0046 2B55     		strb	r3, [r5, r4]
1213:./ucos/Core/os_core.c ****     if (OSRdyTbl[y] == 0u) {                      /* Clear event grp bit if this was only task pend
 1350              		.loc 1 1213 5 is_stmt 1 view .LVU378
 1351 0048 FFF7FEFF 		bl	SYSVIEW_TaskSuspend
 1352              	.LVL87:
1214:./ucos/Core/os_core.c ****         OSRdyGrp &= (OS_PRIO)~OSTCBCur->OSTCBBitY;
 1353              		.loc 1 1214 5 view .LVU379
1214:./ucos/Core/os_core.c ****         OSRdyGrp &= (OS_PRIO)~OSTCBCur->OSTCBBitY;
 1354              		.loc 1 1214 17 is_stmt 0 view .LVU380
 1355 004c 2B5D     		ldrb	r3, [r5, r4]	@ zero_extendqisi2
1214:./ucos/Core/os_core.c ****         OSRdyGrp &= (OS_PRIO)~OSTCBCur->OSTCBBitY;
 1356              		.loc 1 1214 8 view .LVU381
 1357 004e 43B9     		cbnz	r3, .L98
1215:./ucos/Core/os_core.c ****     }
 1358              		.loc 1 1215 9 is_stmt 1 view .LVU382
1215:./ucos/Core/os_core.c ****     }
 1359              		.loc 1 1215 39 is_stmt 0 view .LVU383
 1360 0050 044B     		ldr	r3, .L103
 1361 0052 1B68     		ldr	r3, [r3]
 1362 0054 93F83E10 		ldrb	r1, [r3, #62]	@ zero_extendqisi2
1215:./ucos/Core/os_core.c ****     }
 1363              		.loc 1 1215 18 view .LVU384
 1364 0058 044A     		ldr	r2, .L103+8
 1365 005a 1378     		ldrb	r3, [r2]	@ zero_extendqisi2
 1366 005c 23EA0103 		bic	r3, r3, r1
 1367 0060 1370     		strb	r3, [r2]
 1368              	.L98:
1217:./ucos/Core/os_core.c **** #endif
 1369              		.loc 1 1217 1 view .LVU385
 1370 0062 38BD     		pop	{r3, r4, r5, pc}
 1371              	.LVL88:
 1372              	.L104:
1217:./ucos/Core/os_core.c **** #endif
 1373              		.loc 1 1217 1 view .LVU386
 1374              		.align	2
 1375              	.L103:
 1376 0064 00000000 		.word	OSTCBCur
 1377 0068 00000000 		.word	OSRdyTbl
 1378 006c 00000000 		.word	OSRdyGrp
 1379              		.cfi_endproc
 1380              	.LFE15:
 1382              		.section	.text.OS_EventTaskRemove,"ax",%progbits
 1383              		.align	1
 1384              		.global	OS_EventTaskRemove
 1385              		.syntax unified
 1386              		.thumb
 1387              		.thumb_func
 1389              	OS_EventTaskRemove:
 1390              	.LVL89:
 1391              	.LFB16:
1239:./ucos/Core/os_core.c ****     INT8U  y;
ARM GAS  /tmp/ccMSGEvU.s 			page 63


 1392              		.loc 1 1239 1 is_stmt 1 view -0
 1393              		.cfi_startproc
 1394              		@ args = 0, pretend = 0, frame = 0
 1395              		@ frame_needed = 0, uses_anonymous_args = 0
 1396              		@ link register save eliminated.
1240:./ucos/Core/os_core.c **** 
 1397              		.loc 1 1240 5 view .LVU388
1243:./ucos/Core/os_core.c ****     pevent->OSEventTbl[y]  &= (OS_PRIO)~ptcb->OSTCBBitX;    /* Remove task from wait list          
 1398              		.loc 1 1243 5 view .LVU389
1243:./ucos/Core/os_core.c ****     pevent->OSEventTbl[y]  &= (OS_PRIO)~ptcb->OSTCBBitX;    /* Remove task from wait list          
 1399              		.loc 1 1243 29 is_stmt 0 view .LVU390
 1400 0000 90F83C20 		ldrb	r2, [r0, #60]	@ zero_extendqisi2
 1401              	.LVL90:
1244:./ucos/Core/os_core.c ****     if (pevent->OSEventTbl[y] == 0u) {
 1402              		.loc 1 1244 5 is_stmt 1 view .LVU391
1244:./ucos/Core/os_core.c ****     if (pevent->OSEventTbl[y] == 0u) {
 1403              		.loc 1 1244 23 is_stmt 0 view .LVU392
 1404 0004 0A44     		add	r2, r2, r1
 1405              	.LVL91:
1244:./ucos/Core/os_core.c ****     if (pevent->OSEventTbl[y] == 0u) {
 1406              		.loc 1 1244 23 view .LVU393
 1407 0006 D37A     		ldrb	r3, [r2, #11]	@ zero_extendqisi2
1244:./ucos/Core/os_core.c ****     if (pevent->OSEventTbl[y] == 0u) {
 1408              		.loc 1 1244 45 view .LVU394
 1409 0008 90F83DC0 		ldrb	ip, [r0, #61]	@ zero_extendqisi2
1244:./ucos/Core/os_core.c ****     if (pevent->OSEventTbl[y] == 0u) {
 1410              		.loc 1 1244 28 view .LVU395
 1411 000c 23EA0C03 		bic	r3, r3, ip
 1412 0010 D372     		strb	r3, [r2, #11]
 1413              	.LVL92:
1245:./ucos/Core/os_core.c ****         pevent->OSEventGrp &= (OS_PRIO)~ptcb->OSTCBBitY;
 1414              		.loc 1 1245 5 is_stmt 1 view .LVU396
1245:./ucos/Core/os_core.c ****         pevent->OSEventGrp &= (OS_PRIO)~ptcb->OSTCBBitY;
 1415              		.loc 1 1245 8 is_stmt 0 view .LVU397
 1416 0012 2BB9     		cbnz	r3, .L106
1246:./ucos/Core/os_core.c ****     }
 1417              		.loc 1 1246 9 is_stmt 1 view .LVU398
1246:./ucos/Core/os_core.c ****     }
 1418              		.loc 1 1246 15 is_stmt 0 view .LVU399
 1419 0014 8B7A     		ldrb	r3, [r1, #10]	@ zero_extendqisi2
1246:./ucos/Core/os_core.c ****     }
 1420              		.loc 1 1246 45 view .LVU400
 1421 0016 90F83E20 		ldrb	r2, [r0, #62]	@ zero_extendqisi2
1246:./ucos/Core/os_core.c ****     }
 1422              		.loc 1 1246 28 view .LVU401
 1423 001a 23EA0203 		bic	r3, r3, r2
 1424 001e 8B72     		strb	r3, [r1, #10]
 1425              	.L106:
1248:./ucos/Core/os_core.c **** }
 1426              		.loc 1 1248 5 is_stmt 1 view .LVU402
1248:./ucos/Core/os_core.c **** }
 1427              		.loc 1 1248 29 is_stmt 0 view .LVU403
 1428 0020 0023     		movs	r3, #0
 1429 0022 C361     		str	r3, [r0, #28]
1249:./ucos/Core/os_core.c **** #endif
 1430              		.loc 1 1249 1 view .LVU404
 1431 0024 7047     		bx	lr
ARM GAS  /tmp/ccMSGEvU.s 			page 64


 1432              		.cfi_endproc
 1433              	.LFE16:
 1435              		.section	.text.OS_EventTaskRemoveMulti,"ax",%progbits
 1436              		.align	1
 1437              		.global	OS_EventTaskRemoveMulti
 1438              		.syntax unified
 1439              		.thumb
 1440              		.thumb_func
 1442              	OS_EventTaskRemoveMulti:
 1443              	.LVL93:
 1444              	.LFB17:
1271:./ucos/Core/os_core.c ****     OS_EVENT **pevents;
 1445              		.loc 1 1271 1 is_stmt 1 view -0
 1446              		.cfi_startproc
 1447              		@ args = 0, pretend = 0, frame = 0
 1448              		@ frame_needed = 0, uses_anonymous_args = 0
1271:./ucos/Core/os_core.c ****     OS_EVENT **pevents;
 1449              		.loc 1 1271 1 is_stmt 0 view .LVU406
 1450 0000 10B5     		push	{r4, lr}
 1451              	.LCFI16:
 1452              		.cfi_def_cfa_offset 8
 1453              		.cfi_offset 4, -8
 1454              		.cfi_offset 14, -4
1272:./ucos/Core/os_core.c ****     OS_EVENT  *pevent;
 1455              		.loc 1 1272 5 is_stmt 1 view .LVU407
1273:./ucos/Core/os_core.c ****     INT8U      y;
 1456              		.loc 1 1273 5 view .LVU408
1274:./ucos/Core/os_core.c ****     OS_PRIO    bity;
 1457              		.loc 1 1274 5 view .LVU409
1275:./ucos/Core/os_core.c ****     OS_PRIO    bitx;
 1458              		.loc 1 1275 5 view .LVU410
1276:./ucos/Core/os_core.c **** 
 1459              		.loc 1 1276 5 view .LVU411
1279:./ucos/Core/os_core.c ****     bity    =  ptcb->OSTCBBitY;
 1460              		.loc 1 1279 5 view .LVU412
1279:./ucos/Core/os_core.c ****     bity    =  ptcb->OSTCBBitY;
 1461              		.loc 1 1279 13 is_stmt 0 view .LVU413
 1462 0002 90F83CE0 		ldrb	lr, [r0, #60]	@ zero_extendqisi2
 1463              	.LVL94:
1280:./ucos/Core/os_core.c ****     bitx    =  ptcb->OSTCBBitX;
 1464              		.loc 1 1280 5 is_stmt 1 view .LVU414
1280:./ucos/Core/os_core.c ****     bitx    =  ptcb->OSTCBBitX;
 1465              		.loc 1 1280 13 is_stmt 0 view .LVU415
 1466 0006 90F83E40 		ldrb	r4, [r0, #62]	@ zero_extendqisi2
 1467              	.LVL95:
1281:./ucos/Core/os_core.c ****     pevents =  pevents_multi;
 1468              		.loc 1 1281 5 is_stmt 1 view .LVU416
1281:./ucos/Core/os_core.c ****     pevents =  pevents_multi;
 1469              		.loc 1 1281 13 is_stmt 0 view .LVU417
 1470 000a 90F83DC0 		ldrb	ip, [r0, #61]	@ zero_extendqisi2
 1471              	.LVL96:
1282:./ucos/Core/os_core.c ****     pevent  = *pevents;
 1472              		.loc 1 1282 5 is_stmt 1 view .LVU418
1283:./ucos/Core/os_core.c ****     while (pevent != (OS_EVENT *)0) {                   /* Remove task from all events' wait lists 
 1473              		.loc 1 1283 5 view .LVU419
1283:./ucos/Core/os_core.c ****     while (pevent != (OS_EVENT *)0) {                   /* Remove task from all events' wait lists 
 1474              		.loc 1 1283 13 is_stmt 0 view .LVU420
ARM GAS  /tmp/ccMSGEvU.s 			page 65


 1475 000e 0A68     		ldr	r2, [r1]
 1476              	.LVL97:
1284:./ucos/Core/os_core.c ****         pevent->OSEventTbl[y]  &= (OS_PRIO)~bitx;
 1477              		.loc 1 1284 5 is_stmt 1 view .LVU421
1284:./ucos/Core/os_core.c ****         pevent->OSEventTbl[y]  &= (OS_PRIO)~bitx;
 1478              		.loc 1 1284 11 is_stmt 0 view .LVU422
 1479 0010 01E0     		b	.L108
 1480              	.LVL98:
 1481              	.L109:
1289:./ucos/Core/os_core.c ****         pevent = *pevents;
 1482              		.loc 1 1289 9 is_stmt 1 view .LVU423
1290:./ucos/Core/os_core.c ****     }
 1483              		.loc 1 1290 9 view .LVU424
1290:./ucos/Core/os_core.c ****     }
 1484              		.loc 1 1290 16 is_stmt 0 view .LVU425
 1485 0012 51F8042F 		ldr	r2, [r1, #4]!
 1486              	.LVL99:
 1487              	.L108:
1284:./ucos/Core/os_core.c ****         pevent->OSEventTbl[y]  &= (OS_PRIO)~bitx;
 1488              		.loc 1 1284 19 is_stmt 1 view .LVU426
 1489 0016 62B1     		cbz	r2, .L112
1285:./ucos/Core/os_core.c ****         if (pevent->OSEventTbl[y] == 0u) {
 1490              		.loc 1 1285 9 view .LVU427
1285:./ucos/Core/os_core.c ****         if (pevent->OSEventTbl[y] == 0u) {
 1491              		.loc 1 1285 27 is_stmt 0 view .LVU428
 1492 0018 02EB0E00 		add	r0, r2, lr
 1493 001c C37A     		ldrb	r3, [r0, #11]	@ zero_extendqisi2
1285:./ucos/Core/os_core.c ****         if (pevent->OSEventTbl[y] == 0u) {
 1494              		.loc 1 1285 32 view .LVU429
 1495 001e 23EA0C03 		bic	r3, r3, ip
 1496 0022 C372     		strb	r3, [r0, #11]
1286:./ucos/Core/os_core.c ****             pevent->OSEventGrp &= (OS_PRIO)~bity;
 1497              		.loc 1 1286 9 is_stmt 1 view .LVU430
1286:./ucos/Core/os_core.c ****             pevent->OSEventGrp &= (OS_PRIO)~bity;
 1498              		.loc 1 1286 12 is_stmt 0 view .LVU431
 1499 0024 002B     		cmp	r3, #0
 1500 0026 F4D1     		bne	.L109
1287:./ucos/Core/os_core.c ****         }
 1501              		.loc 1 1287 13 is_stmt 1 view .LVU432
1287:./ucos/Core/os_core.c ****         }
 1502              		.loc 1 1287 19 is_stmt 0 view .LVU433
 1503 0028 937A     		ldrb	r3, [r2, #10]	@ zero_extendqisi2
1287:./ucos/Core/os_core.c ****         }
 1504              		.loc 1 1287 32 view .LVU434
 1505 002a 23EA0403 		bic	r3, r3, r4
 1506 002e 9372     		strb	r3, [r2, #10]
 1507 0030 EFE7     		b	.L109
 1508              	.L112:
1292:./ucos/Core/os_core.c **** #endif
 1509              		.loc 1 1292 1 view .LVU435
 1510 0032 10BD     		pop	{r4, pc}
1292:./ucos/Core/os_core.c **** #endif
 1511              		.loc 1 1292 1 view .LVU436
 1512              		.cfi_endproc
 1513              	.LFE17:
 1515              		.section	.text.OS_EventTaskRdy,"ax",%progbits
 1516              		.align	1
ARM GAS  /tmp/ccMSGEvU.s 			page 66


 1517              		.global	OS_EventTaskRdy
 1518              		.syntax unified
 1519              		.thumb
 1520              		.thumb_func
 1522              	OS_EventTaskRdy:
 1523              	.LVL100:
 1524              	.LFB13:
1082:./ucos/Core/os_core.c ****     OS_TCB   *ptcb;
 1525              		.loc 1 1082 1 is_stmt 1 view -0
 1526              		.cfi_startproc
 1527              		@ args = 0, pretend = 0, frame = 0
 1528              		@ frame_needed = 0, uses_anonymous_args = 0
1082:./ucos/Core/os_core.c ****     OS_TCB   *ptcb;
 1529              		.loc 1 1082 1 is_stmt 0 view .LVU438
 1530 0000 F8B5     		push	{r3, r4, r5, r6, r7, lr}
 1531              	.LCFI17:
 1532              		.cfi_def_cfa_offset 24
 1533              		.cfi_offset 3, -24
 1534              		.cfi_offset 4, -20
 1535              		.cfi_offset 5, -16
 1536              		.cfi_offset 6, -12
 1537              		.cfi_offset 7, -8
 1538              		.cfi_offset 14, -4
 1539 0002 0646     		mov	r6, r0
1083:./ucos/Core/os_core.c ****     INT8U     y;
 1540              		.loc 1 1083 5 is_stmt 1 view .LVU439
1084:./ucos/Core/os_core.c ****     INT8U     x;
 1541              		.loc 1 1084 5 view .LVU440
1085:./ucos/Core/os_core.c ****     INT8U     prio;
 1542              		.loc 1 1085 5 view .LVU441
1086:./ucos/Core/os_core.c **** #if OS_LOWEST_PRIO > 63u
 1543              		.loc 1 1086 5 view .LVU442
1093:./ucos/Core/os_core.c ****     x    = OSUnMapTbl[pevent->OSEventTbl[y]];
 1544              		.loc 1 1093 5 view .LVU443
1093:./ucos/Core/os_core.c ****     x    = OSUnMapTbl[pevent->OSEventTbl[y]];
 1545              		.loc 1 1093 29 is_stmt 0 view .LVU444
 1546 0004 807A     		ldrb	r0, [r0, #10]	@ zero_extendqisi2
 1547              	.LVL101:
1093:./ucos/Core/os_core.c ****     x    = OSUnMapTbl[pevent->OSEventTbl[y]];
 1548              		.loc 1 1093 10 view .LVU445
 1549 0006 1C4C     		ldr	r4, .L118
 1550 0008 205C     		ldrb	r0, [r4, r0]	@ zero_extendqisi2
 1551              	.LVL102:
1094:./ucos/Core/os_core.c ****     prio = (INT8U)((y << 3u) + x);                      /* Find priority of task getting the msg   
 1552              		.loc 1 1094 5 is_stmt 1 view .LVU446
1094:./ucos/Core/os_core.c ****     prio = (INT8U)((y << 3u) + x);                      /* Find priority of task getting the msg   
 1553              		.loc 1 1094 41 is_stmt 0 view .LVU447
 1554 000a 3518     		adds	r5, r6, r0
 1555 000c ED7A     		ldrb	r5, [r5, #11]	@ zero_extendqisi2
1094:./ucos/Core/os_core.c ****     prio = (INT8U)((y << 3u) + x);                      /* Find priority of task getting the msg   
 1556              		.loc 1 1094 10 view .LVU448
 1557 000e 645D     		ldrb	r4, [r4, r5]	@ zero_extendqisi2
 1558              	.LVL103:
1095:./ucos/Core/os_core.c **** #else
 1559              		.loc 1 1095 5 is_stmt 1 view .LVU449
1095:./ucos/Core/os_core.c **** #else
 1560              		.loc 1 1095 23 is_stmt 0 view .LVU450
ARM GAS  /tmp/ccMSGEvU.s 			page 67


 1561 0010 C500     		lsls	r5, r0, #3
 1562              	.LVL104:
1095:./ucos/Core/os_core.c **** #else
 1563              		.loc 1 1095 23 view .LVU451
 1564 0012 EDB2     		uxtb	r5, r5
1095:./ucos/Core/os_core.c **** #else
 1565              		.loc 1 1095 10 view .LVU452
 1566 0014 2544     		add	r5, r5, r4
 1567 0016 EDB2     		uxtb	r5, r5
 1568              	.LVL105:
1111:./ucos/Core/os_core.c ****     ptcb->OSTCBDly        =  0u;                        /* Prevent OSTimeTick() from readying task 
 1569              		.loc 1 1111 5 is_stmt 1 view .LVU453
1111:./ucos/Core/os_core.c ****     ptcb->OSTCBDly        =  0u;                        /* Prevent OSTimeTick() from readying task 
 1570              		.loc 1 1111 27 is_stmt 0 view .LVU454
 1571 0018 184C     		ldr	r4, .L118+4
 1572 001a 54F82540 		ldr	r4, [r4, r5, lsl #2]
 1573              	.LVL106:
1112:./ucos/Core/os_core.c **** #if ((OS_Q_EN > 0u) && (OS_MAX_QS > 0u)) || (OS_MBOX_EN > 0u)
 1574              		.loc 1 1112 5 is_stmt 1 view .LVU455
1112:./ucos/Core/os_core.c **** #if ((OS_Q_EN > 0u) && (OS_MAX_QS > 0u)) || (OS_MBOX_EN > 0u)
 1575              		.loc 1 1112 27 is_stmt 0 view .LVU456
 1576 001e 0027     		movs	r7, #0
 1577 0020 6763     		str	r7, [r4, #52]
 1578              	.LVL107:
1114:./ucos/Core/os_core.c **** #else
 1579              		.loc 1 1114 5 is_stmt 1 view .LVU457
1114:./ucos/Core/os_core.c **** #else
 1580              		.loc 1 1114 27 is_stmt 0 view .LVU458
 1581 0022 A162     		str	r1, [r4, #40]
1118:./ucos/Core/os_core.c ****     ptcb->OSTCBStatPend   =  pend_stat;                 /* Set pend status of post or abort        
 1582              		.loc 1 1118 5 is_stmt 1 view .LVU459
1118:./ucos/Core/os_core.c ****     ptcb->OSTCBStatPend   =  pend_stat;                 /* Set pend status of post or abort        
 1583              		.loc 1 1118 9 is_stmt 0 view .LVU460
 1584 0024 94F83810 		ldrb	r1, [r4, #56]	@ zero_extendqisi2
 1585              	.LVL108:
1118:./ucos/Core/os_core.c ****     ptcb->OSTCBStatPend   =  pend_stat;                 /* Set pend status of post or abort        
 1586              		.loc 1 1118 26 view .LVU461
 1587 0028 21EA0202 		bic	r2, r1, r2
 1588              	.LVL109:
1118:./ucos/Core/os_core.c ****     ptcb->OSTCBStatPend   =  pend_stat;                 /* Set pend status of post or abort        
 1589              		.loc 1 1118 26 view .LVU462
 1590 002c 84F83820 		strb	r2, [r4, #56]
1119:./ucos/Core/os_core.c ****                                                         /* See if task is ready (could be susp'd)  
 1591              		.loc 1 1119 5 is_stmt 1 view .LVU463
1119:./ucos/Core/os_core.c ****                                                         /* See if task is ready (could be susp'd)  
 1592              		.loc 1 1119 27 is_stmt 0 view .LVU464
 1593 0030 84F83930 		strb	r3, [r4, #57]
1121:./ucos/Core/os_core.c ****         OSRdyGrp         |=  ptcb->OSTCBBitY;           /* Put task in the ready to run list       
 1594              		.loc 1 1121 5 is_stmt 1 view .LVU465
1121:./ucos/Core/os_core.c ****         OSRdyGrp         |=  ptcb->OSTCBBitY;           /* Put task in the ready to run list       
 1595              		.loc 1 1121 8 is_stmt 0 view .LVU466
 1596 0034 12F0080F 		tst	r2, #8
 1597 0038 0DD0     		beq	.L117
 1598              	.LVL110:
 1599              	.L114:
1127:./ucos/Core/os_core.c **** #if (OS_EVENT_MULTI_EN > 0u)
 1600              		.loc 1 1127 5 is_stmt 1 view .LVU467
ARM GAS  /tmp/ccMSGEvU.s 			page 68


 1601 003a 3146     		mov	r1, r6
 1602 003c 2046     		mov	r0, r4
 1603 003e FFF7FEFF 		bl	OS_EventTaskRemove
 1604              	.LVL111:
1129:./ucos/Core/os_core.c ****         OS_EventTaskRemoveMulti(ptcb, ptcb->OSTCBEventMultiPtr);
 1605              		.loc 1 1129 5 view .LVU468
1129:./ucos/Core/os_core.c ****         OS_EventTaskRemoveMulti(ptcb, ptcb->OSTCBEventMultiPtr);
 1606              		.loc 1 1129 13 is_stmt 0 view .LVU469
 1607 0042 216A     		ldr	r1, [r4, #32]
1129:./ucos/Core/os_core.c ****         OS_EventTaskRemoveMulti(ptcb, ptcb->OSTCBEventMultiPtr);
 1608              		.loc 1 1129 8 view .LVU470
 1609 0044 29B1     		cbz	r1, .L115
1130:./ucos/Core/os_core.c ****         ptcb->OSTCBEventMultiPtr  = (OS_EVENT **)0;     /* No longer pending on multi list         
 1610              		.loc 1 1130 9 is_stmt 1 view .LVU471
 1611 0046 2046     		mov	r0, r4
 1612 0048 FFF7FEFF 		bl	OS_EventTaskRemoveMulti
 1613              	.LVL112:
1131:./ucos/Core/os_core.c ****         ptcb->OSTCBEventMultiRdy  = (OS_EVENT  *)pevent;/* Return event as first multi-pend event r
 1614              		.loc 1 1131 9 view .LVU472
1131:./ucos/Core/os_core.c ****         ptcb->OSTCBEventMultiRdy  = (OS_EVENT  *)pevent;/* Return event as first multi-pend event r
 1615              		.loc 1 1131 35 is_stmt 0 view .LVU473
 1616 004c 0023     		movs	r3, #0
 1617 004e 2362     		str	r3, [r4, #32]
1132:./ucos/Core/os_core.c ****     }
 1618              		.loc 1 1132 9 is_stmt 1 view .LVU474
1132:./ucos/Core/os_core.c ****     }
 1619              		.loc 1 1132 35 is_stmt 0 view .LVU475
 1620 0050 6662     		str	r6, [r4, #36]
 1621              	.L115:
1136:./ucos/Core/os_core.c **** }
 1622              		.loc 1 1136 5 is_stmt 1 view .LVU476
1137:./ucos/Core/os_core.c **** #endif
 1623              		.loc 1 1137 1 is_stmt 0 view .LVU477
 1624 0052 2846     		mov	r0, r5
 1625 0054 F8BD     		pop	{r3, r4, r5, r6, r7, pc}
 1626              	.LVL113:
 1627              	.L117:
1122:./ucos/Core/os_core.c ****         OSRdyTbl[y]      |=  ptcb->OSTCBBitX;
 1628              		.loc 1 1122 9 is_stmt 1 view .LVU478
1122:./ucos/Core/os_core.c ****         OSRdyTbl[y]      |=  ptcb->OSTCBBitX;
 1629              		.loc 1 1122 34 is_stmt 0 view .LVU479
 1630 0056 94F83E30 		ldrb	r3, [r4, #62]	@ zero_extendqisi2
 1631              	.LVL114:
1122:./ucos/Core/os_core.c ****         OSRdyTbl[y]      |=  ptcb->OSTCBBitX;
 1632              		.loc 1 1122 26 view .LVU480
 1633 005a 094A     		ldr	r2, .L118+8
 1634 005c 1178     		ldrb	r1, [r2]	@ zero_extendqisi2
 1635 005e 0B43     		orrs	r3, r3, r1
 1636 0060 1370     		strb	r3, [r2]
1123:./ucos/Core/os_core.c ****         OS_TRACE_TASK_READY(ptcb);
 1637              		.loc 1 1123 9 is_stmt 1 view .LVU481
1123:./ucos/Core/os_core.c ****         OS_TRACE_TASK_READY(ptcb);
 1638              		.loc 1 1123 17 is_stmt 0 view .LVU482
 1639 0062 084A     		ldr	r2, .L118+12
 1640 0064 135C     		ldrb	r3, [r2, r0]	@ zero_extendqisi2
1123:./ucos/Core/os_core.c ****         OS_TRACE_TASK_READY(ptcb);
 1641              		.loc 1 1123 34 view .LVU483
ARM GAS  /tmp/ccMSGEvU.s 			page 69


 1642 0066 94F83D10 		ldrb	r1, [r4, #61]	@ zero_extendqisi2
1123:./ucos/Core/os_core.c ****         OS_TRACE_TASK_READY(ptcb);
 1643              		.loc 1 1123 26 view .LVU484
 1644 006a 0B43     		orrs	r3, r3, r1
 1645 006c 1354     		strb	r3, [r2, r0]
1124:./ucos/Core/os_core.c ****     }
 1646              		.loc 1 1124 9 is_stmt 1 view .LVU485
 1647 006e 2046     		mov	r0, r4
 1648              	.LVL115:
1124:./ucos/Core/os_core.c ****     }
 1649              		.loc 1 1124 9 is_stmt 0 view .LVU486
 1650 0070 FFF7FEFF 		bl	SYSVIEW_TaskReady
 1651              	.LVL116:
1124:./ucos/Core/os_core.c ****     }
 1652              		.loc 1 1124 9 view .LVU487
 1653 0074 E1E7     		b	.L114
 1654              	.L119:
 1655 0076 00BF     		.align	2
 1656              	.L118:
 1657 0078 00000000 		.word	OSUnMapTbl
 1658 007c 00000000 		.word	OSTCBPrioTbl
 1659 0080 00000000 		.word	OSRdyGrp
 1660 0084 00000000 		.word	OSRdyTbl
 1661              		.cfi_endproc
 1662              	.LFE13:
 1664              		.section	.text.OS_EventWaitListInit,"ax",%progbits
 1665              		.align	1
 1666              		.global	OS_EventWaitListInit
 1667              		.syntax unified
 1668              		.thumb
 1669              		.thumb_func
 1671              	OS_EventWaitListInit:
 1672              	.LVL117:
 1673              	.LFB18:
1311:./ucos/Core/os_core.c ****     INT8U  i;
 1674              		.loc 1 1311 1 is_stmt 1 view -0
 1675              		.cfi_startproc
 1676              		@ args = 0, pretend = 0, frame = 0
 1677              		@ frame_needed = 0, uses_anonymous_args = 0
 1678              		@ link register save eliminated.
1312:./ucos/Core/os_core.c **** 
 1679              		.loc 1 1312 5 view .LVU489
1315:./ucos/Core/os_core.c ****     for (i = 0u; i < OS_EVENT_TBL_SIZE; i++) {
 1680              		.loc 1 1315 5 view .LVU490
1315:./ucos/Core/os_core.c ****     for (i = 0u; i < OS_EVENT_TBL_SIZE; i++) {
 1681              		.loc 1 1315 24 is_stmt 0 view .LVU491
 1682 0000 0023     		movs	r3, #0
 1683 0002 8372     		strb	r3, [r0, #10]
1316:./ucos/Core/os_core.c ****         pevent->OSEventTbl[i] = 0u;
 1684              		.loc 1 1316 5 is_stmt 1 view .LVU492
 1685              	.LVL118:
1316:./ucos/Core/os_core.c ****         pevent->OSEventTbl[i] = 0u;
 1686              		.loc 1 1316 5 is_stmt 0 view .LVU493
 1687 0004 04E0     		b	.L121
 1688              	.LVL119:
 1689              	.L122:
1317:./ucos/Core/os_core.c ****     }
ARM GAS  /tmp/ccMSGEvU.s 			page 70


 1690              		.loc 1 1317 9 is_stmt 1 view .LVU494
1317:./ucos/Core/os_core.c ****     }
 1691              		.loc 1 1317 31 is_stmt 0 view .LVU495
 1692 0006 C218     		adds	r2, r0, r3
 1693 0008 0021     		movs	r1, #0
 1694 000a D172     		strb	r1, [r2, #11]
1316:./ucos/Core/os_core.c ****         pevent->OSEventTbl[i] = 0u;
 1695              		.loc 1 1316 42 is_stmt 1 discriminator 3 view .LVU496
 1696 000c 0133     		adds	r3, r3, #1
 1697              	.LVL120:
1316:./ucos/Core/os_core.c ****         pevent->OSEventTbl[i] = 0u;
 1698              		.loc 1 1316 42 is_stmt 0 discriminator 3 view .LVU497
 1699 000e DBB2     		uxtb	r3, r3
 1700              	.LVL121:
 1701              	.L121:
1316:./ucos/Core/os_core.c ****         pevent->OSEventTbl[i] = 0u;
 1702              		.loc 1 1316 20 is_stmt 1 discriminator 1 view .LVU498
 1703 0010 072B     		cmp	r3, #7
 1704 0012 F8D9     		bls	.L122
1319:./ucos/Core/os_core.c **** #endif
 1705              		.loc 1 1319 1 is_stmt 0 view .LVU499
 1706 0014 7047     		bx	lr
 1707              		.cfi_endproc
 1708              	.LFE18:
 1710              		.section	.text.OS_MemClr,"ax",%progbits
 1711              		.align	1
 1712              		.global	OS_MemClr
 1713              		.syntax unified
 1714              		.thumb
 1715              		.thumb_func
 1717              	OS_MemClr:
 1718              	.LVL122:
 1719              	.LFB25:
1642:./ucos/Core/os_core.c ****     while (size > 0u) {
 1720              		.loc 1 1642 1 is_stmt 1 view -0
 1721              		.cfi_startproc
 1722              		@ args = 0, pretend = 0, frame = 0
 1723              		@ frame_needed = 0, uses_anonymous_args = 0
 1724              		@ link register save eliminated.
1643:./ucos/Core/os_core.c ****         *pdest++ = (INT8U)0;
 1725              		.loc 1 1643 5 view .LVU501
1643:./ucos/Core/os_core.c ****         *pdest++ = (INT8U)0;
 1726              		.loc 1 1643 11 is_stmt 0 view .LVU502
 1727 0000 04E0     		b	.L124
 1728              	.L125:
1644:./ucos/Core/os_core.c ****         size--;
 1729              		.loc 1 1644 9 is_stmt 1 view .LVU503
 1730              	.LVL123:
1644:./ucos/Core/os_core.c ****         size--;
 1731              		.loc 1 1644 18 is_stmt 0 view .LVU504
 1732 0002 0023     		movs	r3, #0
 1733 0004 00F8013B 		strb	r3, [r0], #1
 1734              	.LVL124:
1645:./ucos/Core/os_core.c ****     }
 1735              		.loc 1 1645 9 is_stmt 1 view .LVU505
1645:./ucos/Core/os_core.c ****     }
 1736              		.loc 1 1645 13 is_stmt 0 view .LVU506
ARM GAS  /tmp/ccMSGEvU.s 			page 71


 1737 0008 0139     		subs	r1, r1, #1
 1738              	.LVL125:
1645:./ucos/Core/os_core.c ****     }
 1739              		.loc 1 1645 13 view .LVU507
 1740 000a 89B2     		uxth	r1, r1
 1741              	.LVL126:
 1742              	.L124:
1643:./ucos/Core/os_core.c ****         *pdest++ = (INT8U)0;
 1743              		.loc 1 1643 17 is_stmt 1 view .LVU508
 1744 000c 0029     		cmp	r1, #0
 1745 000e F8D1     		bne	.L125
1647:./ucos/Core/os_core.c **** 
 1746              		.loc 1 1647 1 is_stmt 0 view .LVU509
 1747 0010 7047     		bx	lr
 1748              		.cfi_endproc
 1749              	.LFE25:
 1751              		.section	.rodata.OS_InitTCBList.str1.4,"aMS",%progbits,1
 1752              		.align	2
 1753              	.LC2:
 1754 0000 3F00     		.ascii	"?\000"
 1755              		.section	.text.OS_InitTCBList,"ax",%progbits
 1756              		.align	1
 1757              		.syntax unified
 1758              		.thumb
 1759              		.thumb_func
 1761              	OS_InitTCBList:
 1762              	.LFB24:
1592:./ucos/Core/os_core.c ****     INT8U    ix;
 1763              		.loc 1 1592 1 is_stmt 1 view -0
 1764              		.cfi_startproc
 1765              		@ args = 0, pretend = 0, frame = 0
 1766              		@ frame_needed = 0, uses_anonymous_args = 0
 1767 0000 10B5     		push	{r4, lr}
 1768              	.LCFI18:
 1769              		.cfi_def_cfa_offset 8
 1770              		.cfi_offset 4, -8
 1771              		.cfi_offset 14, -4
1593:./ucos/Core/os_core.c ****     INT8U    ix_next;
 1772              		.loc 1 1593 5 view .LVU511
1594:./ucos/Core/os_core.c ****     OS_TCB  *ptcb1;
 1773              		.loc 1 1594 5 view .LVU512
1595:./ucos/Core/os_core.c ****     OS_TCB  *ptcb2;
 1774              		.loc 1 1595 5 view .LVU513
1596:./ucos/Core/os_core.c **** 
 1775              		.loc 1 1596 5 view .LVU514
1599:./ucos/Core/os_core.c ****     OS_MemClr((INT8U *)&OSTCBPrioTbl[0], sizeof(OSTCBPrioTbl));  /* Clear the priority table       
 1776              		.loc 1 1599 5 view .LVU515
 1777 0002 4FF4FD61 		mov	r1, #2024
 1778 0006 1248     		ldr	r0, .L130
 1779 0008 FFF7FEFF 		bl	OS_MemClr
 1780              	.LVL127:
1600:./ucos/Core/os_core.c ****     for (ix = 0u; ix < (OS_MAX_TASKS + OS_N_SYS_TASKS - 1u); ix++) {    /* Init. list of free TCBs 
 1781              		.loc 1 1600 5 view .LVU516
 1782 000c 4FF48071 		mov	r1, #256
 1783 0010 1048     		ldr	r0, .L130+4
 1784 0012 FFF7FEFF 		bl	OS_MemClr
 1785              	.LVL128:
ARM GAS  /tmp/ccMSGEvU.s 			page 72


1601:./ucos/Core/os_core.c ****         ix_next =  ix + 1u;
 1786              		.loc 1 1601 5 view .LVU517
1601:./ucos/Core/os_core.c ****         ix_next =  ix + 1u;
 1787              		.loc 1 1601 13 is_stmt 0 view .LVU518
 1788 0016 0021     		movs	r1, #0
1601:./ucos/Core/os_core.c ****         ix_next =  ix + 1u;
 1789              		.loc 1 1601 5 view .LVU519
 1790 0018 0BE0     		b	.L127
 1791              	.LVL129:
 1792              	.L128:
1602:./ucos/Core/os_core.c ****         ptcb1   = &OSTCBTbl[ix];
 1793              		.loc 1 1602 9 is_stmt 1 view .LVU520
1602:./ucos/Core/os_core.c ****         ptcb1   = &OSTCBTbl[ix];
 1794              		.loc 1 1602 17 is_stmt 0 view .LVU521
 1795 001a 4A1C     		adds	r2, r1, #1
 1796 001c D2B2     		uxtb	r2, r2
 1797              	.LVL130:
1603:./ucos/Core/os_core.c ****         ptcb2   = &OSTCBTbl[ix_next];
 1798              		.loc 1 1603 9 is_stmt 1 view .LVU522
1604:./ucos/Core/os_core.c ****         ptcb1->OSTCBNext = ptcb2;
 1799              		.loc 1 1604 9 view .LVU523
1604:./ucos/Core/os_core.c ****         ptcb1->OSTCBNext = ptcb2;
 1800              		.loc 1 1604 17 is_stmt 0 view .LVU524
 1801 001e 5C20     		movs	r0, #92
 1802 0020 0B4B     		ldr	r3, .L130
 1803 0022 00FB0234 		mla	r4, r0, r2, r3
 1804              	.LVL131:
1605:./ucos/Core/os_core.c **** #if OS_TASK_NAME_EN > 0u
 1805              		.loc 1 1605 9 is_stmt 1 view .LVU525
1605:./ucos/Core/os_core.c **** #if OS_TASK_NAME_EN > 0u
 1806              		.loc 1 1605 26 is_stmt 0 view .LVU526
 1807 0026 00FB0133 		mla	r3, r0, r1, r3
 1808              	.LVL132:
1605:./ucos/Core/os_core.c **** #if OS_TASK_NAME_EN > 0u
 1809              		.loc 1 1605 26 view .LVU527
 1810 002a 5C61     		str	r4, [r3, #20]
1607:./ucos/Core/os_core.c **** #endif
 1811              		.loc 1 1607 9 is_stmt 1 view .LVU528
1607:./ucos/Core/os_core.c **** #endif
 1812              		.loc 1 1607 30 is_stmt 0 view .LVU529
 1813 002c 0A49     		ldr	r1, .L130+8
 1814              	.LVL133:
1607:./ucos/Core/os_core.c **** #endif
 1815              		.loc 1 1607 30 view .LVU530
 1816 002e 5965     		str	r1, [r3, #84]
1601:./ucos/Core/os_core.c ****         ix_next =  ix + 1u;
 1817              		.loc 1 1601 64 is_stmt 1 discriminator 3 view .LVU531
 1818              	.LVL134:
1601:./ucos/Core/os_core.c ****         ix_next =  ix + 1u;
 1819              		.loc 1 1601 64 is_stmt 0 discriminator 3 view .LVU532
 1820 0030 1146     		mov	r1, r2
 1821              	.LVL135:
 1822              	.L127:
1601:./ucos/Core/os_core.c ****         ix_next =  ix + 1u;
 1823              		.loc 1 1601 22 is_stmt 1 discriminator 1 view .LVU533
 1824 0032 1429     		cmp	r1, #20
 1825 0034 F1D9     		bls	.L128
ARM GAS  /tmp/ccMSGEvU.s 			page 73


1610:./ucos/Core/os_core.c ****     ptcb1->OSTCBNext        = (OS_TCB *)0;                       /* Last OS_TCB                    
 1826              		.loc 1 1610 5 view .LVU534
 1827              	.LVL136:
1611:./ucos/Core/os_core.c **** #if OS_TASK_NAME_EN > 0u
 1828              		.loc 1 1611 5 view .LVU535
1611:./ucos/Core/os_core.c **** #if OS_TASK_NAME_EN > 0u
 1829              		.loc 1 1611 29 is_stmt 0 view .LVU536
 1830 0036 064B     		ldr	r3, .L130
 1831 0038 5C22     		movs	r2, #92
 1832 003a 02FB0131 		mla	r1, r2, r1, r3
 1833              	.LVL137:
1611:./ucos/Core/os_core.c **** #if OS_TASK_NAME_EN > 0u
 1834              		.loc 1 1611 29 view .LVU537
 1835 003e 0022     		movs	r2, #0
 1836 0040 4A61     		str	r2, [r1, #20]
1613:./ucos/Core/os_core.c **** #endif
 1837              		.loc 1 1613 5 is_stmt 1 view .LVU538
1613:./ucos/Core/os_core.c **** #endif
 1838              		.loc 1 1613 29 is_stmt 0 view .LVU539
 1839 0042 0548     		ldr	r0, .L130+8
 1840 0044 4865     		str	r0, [r1, #84]
1615:./ucos/Core/os_core.c ****     OSTCBFreeList           = &OSTCBTbl[0];
 1841              		.loc 1 1615 5 is_stmt 1 view .LVU540
1615:./ucos/Core/os_core.c ****     OSTCBFreeList           = &OSTCBTbl[0];
 1842              		.loc 1 1615 29 is_stmt 0 view .LVU541
 1843 0046 0549     		ldr	r1, .L130+12
 1844              	.LVL138:
1615:./ucos/Core/os_core.c ****     OSTCBFreeList           = &OSTCBTbl[0];
 1845              		.loc 1 1615 29 view .LVU542
 1846 0048 0A60     		str	r2, [r1]
1616:./ucos/Core/os_core.c **** }
 1847              		.loc 1 1616 5 is_stmt 1 view .LVU543
1616:./ucos/Core/os_core.c **** }
 1848              		.loc 1 1616 29 is_stmt 0 view .LVU544
 1849 004a 054A     		ldr	r2, .L130+16
 1850 004c 1360     		str	r3, [r2]
1617:./ucos/Core/os_core.c **** 
 1851              		.loc 1 1617 1 view .LVU545
 1852 004e 10BD     		pop	{r4, pc}
 1853              	.L131:
 1854              		.align	2
 1855              	.L130:
 1856 0050 00000000 		.word	OSTCBTbl
 1857 0054 00000000 		.word	OSTCBPrioTbl
 1858 0058 00000000 		.word	.LC2
 1859 005c 00000000 		.word	OSTCBList
 1860 0060 00000000 		.word	OSTCBFreeList
 1861              		.cfi_endproc
 1862              	.LFE24:
 1864              		.section	.text.OS_InitEventList,"ax",%progbits
 1865              		.align	1
 1866              		.syntax unified
 1867              		.thumb
 1868              		.thumb_func
 1870              	OS_InitEventList:
 1871              	.LFB19:
1337:./ucos/Core/os_core.c **** #if (OS_EVENT_EN) && (OS_MAX_EVENTS > 0u)
ARM GAS  /tmp/ccMSGEvU.s 			page 74


 1872              		.loc 1 1337 1 is_stmt 1 view -0
 1873              		.cfi_startproc
 1874              		@ args = 0, pretend = 0, frame = 0
 1875              		@ frame_needed = 0, uses_anonymous_args = 0
 1876 0000 10B5     		push	{r4, lr}
 1877              	.LCFI19:
 1878              		.cfi_def_cfa_offset 8
 1879              		.cfi_offset 4, -8
 1880              		.cfi_offset 14, -4
1340:./ucos/Core/os_core.c ****     INT16U     ix_next;
 1881              		.loc 1 1340 5 view .LVU547
1341:./ucos/Core/os_core.c ****     OS_EVENT  *pevent1;
 1882              		.loc 1 1341 5 view .LVU548
1342:./ucos/Core/os_core.c ****     OS_EVENT  *pevent2;
 1883              		.loc 1 1342 5 view .LVU549
1343:./ucos/Core/os_core.c **** 
 1884              		.loc 1 1343 5 view .LVU550
1346:./ucos/Core/os_core.c ****     for (ix = 0u; ix < (OS_MAX_EVENTS - 1u); ix++) {        /* Init. list of free EVENT control blo
 1885              		.loc 1 1346 5 view .LVU551
 1886 0002 F021     		movs	r1, #240
 1887 0004 1448     		ldr	r0, .L136
 1888 0006 FFF7FEFF 		bl	OS_MemClr
 1889              	.LVL139:
1347:./ucos/Core/os_core.c ****         ix_next = ix + 1u;
 1890              		.loc 1 1347 5 view .LVU552
1347:./ucos/Core/os_core.c ****         ix_next = ix + 1u;
 1891              		.loc 1 1347 13 is_stmt 0 view .LVU553
 1892 000a 0023     		movs	r3, #0
1347:./ucos/Core/os_core.c ****         ix_next = ix + 1u;
 1893              		.loc 1 1347 5 view .LVU554
 1894 000c 15E0     		b	.L133
 1895              	.LVL140:
 1896              	.L134:
1348:./ucos/Core/os_core.c ****         pevent1 = &OSEventTbl[ix];
 1897              		.loc 1 1348 9 is_stmt 1 view .LVU555
1348:./ucos/Core/os_core.c ****         pevent1 = &OSEventTbl[ix];
 1898              		.loc 1 1348 17 is_stmt 0 view .LVU556
 1899 000e 591C     		adds	r1, r3, #1
 1900 0010 89B2     		uxth	r1, r1
 1901              	.LVL141:
1349:./ucos/Core/os_core.c ****         pevent2 = &OSEventTbl[ix_next];
 1902              		.loc 1 1349 9 is_stmt 1 view .LVU557
1350:./ucos/Core/os_core.c ****         pevent1->OSEventType    = OS_EVENT_TYPE_UNUSED;
 1903              		.loc 1 1350 9 view .LVU558
1350:./ucos/Core/os_core.c ****         pevent1->OSEventType    = OS_EVENT_TYPE_UNUSED;
 1904              		.loc 1 1350 17 is_stmt 0 view .LVU559
 1905 0012 01EB4102 		add	r2, r1, r1, lsl #1
 1906 0016 D000     		lsls	r0, r2, #3
 1907 0018 0F4A     		ldr	r2, .L136
 1908 001a 1044     		add	r0, r0, r2
 1909              	.LVL142:
1351:./ucos/Core/os_core.c ****         pevent1->OSEventPtr     = pevent2;
 1910              		.loc 1 1351 9 is_stmt 1 view .LVU560
1351:./ucos/Core/os_core.c ****         pevent1->OSEventPtr     = pevent2;
 1911              		.loc 1 1351 33 is_stmt 0 view .LVU561
 1912 001c 03EB430E 		add	lr, r3, r3, lsl #1
 1913 0020 4FEACE0C 		lsl	ip, lr, #3
ARM GAS  /tmp/ccMSGEvU.s 			page 75


 1914 0024 02EB0C0E 		add	lr, r2, ip
 1915 0028 0024     		movs	r4, #0
 1916 002a 02F80C40 		strb	r4, [r2, ip]
1352:./ucos/Core/os_core.c **** #if OS_EVENT_NAME_EN > 0u
 1917              		.loc 1 1352 9 is_stmt 1 view .LVU562
1352:./ucos/Core/os_core.c **** #if OS_EVENT_NAME_EN > 0u
 1918              		.loc 1 1352 33 is_stmt 0 view .LVU563
 1919 002e CEF80400 		str	r0, [lr, #4]
1354:./ucos/Core/os_core.c **** #endif
 1920              		.loc 1 1354 9 is_stmt 1 view .LVU564
1354:./ucos/Core/os_core.c **** #endif
 1921              		.loc 1 1354 33 is_stmt 0 view .LVU565
 1922 0032 0A4B     		ldr	r3, .L136+4
 1923              	.LVL143:
1354:./ucos/Core/os_core.c **** #endif
 1924              		.loc 1 1354 33 view .LVU566
 1925 0034 CEF81430 		str	r3, [lr, #20]
1347:./ucos/Core/os_core.c ****         ix_next = ix + 1u;
 1926              		.loc 1 1347 48 is_stmt 1 discriminator 3 view .LVU567
 1927              	.LVL144:
1347:./ucos/Core/os_core.c ****         ix_next = ix + 1u;
 1928              		.loc 1 1347 48 is_stmt 0 discriminator 3 view .LVU568
 1929 0038 0B46     		mov	r3, r1
 1930              	.LVL145:
 1931              	.L133:
1347:./ucos/Core/os_core.c ****         ix_next = ix + 1u;
 1932              		.loc 1 1347 22 is_stmt 1 discriminator 1 view .LVU569
 1933 003a 082B     		cmp	r3, #8
 1934 003c E7D9     		bls	.L134
1357:./ucos/Core/os_core.c ****     pevent1->OSEventType            = OS_EVENT_TYPE_UNUSED;
 1935              		.loc 1 1357 5 view .LVU570
 1936              	.LVL146:
1358:./ucos/Core/os_core.c ****     pevent1->OSEventPtr             = (OS_EVENT *)0;
 1937              		.loc 1 1358 5 view .LVU571
1358:./ucos/Core/os_core.c ****     pevent1->OSEventPtr             = (OS_EVENT *)0;
 1938              		.loc 1 1358 37 is_stmt 0 view .LVU572
 1939 003e 064A     		ldr	r2, .L136
 1940 0040 03EB4300 		add	r0, r3, r3, lsl #1
 1941 0044 C100     		lsls	r1, r0, #3
 1942 0046 5418     		adds	r4, r2, r1
 1943 0048 0020     		movs	r0, #0
 1944 004a 5054     		strb	r0, [r2, r1]
1359:./ucos/Core/os_core.c **** #if OS_EVENT_NAME_EN > 0u
 1945              		.loc 1 1359 5 is_stmt 1 view .LVU573
1359:./ucos/Core/os_core.c **** #if OS_EVENT_NAME_EN > 0u
 1946              		.loc 1 1359 37 is_stmt 0 view .LVU574
 1947 004c 6060     		str	r0, [r4, #4]
1361:./ucos/Core/os_core.c **** #endif
 1948              		.loc 1 1361 5 is_stmt 1 view .LVU575
1361:./ucos/Core/os_core.c **** #endif
 1949              		.loc 1 1361 37 is_stmt 0 view .LVU576
 1950 004e 034B     		ldr	r3, .L136+4
 1951              	.LVL147:
1361:./ucos/Core/os_core.c **** #endif
 1952              		.loc 1 1361 37 view .LVU577
 1953 0050 6361     		str	r3, [r4, #20]
1363:./ucos/Core/os_core.c **** #else
ARM GAS  /tmp/ccMSGEvU.s 			page 76


 1954              		.loc 1 1363 5 is_stmt 1 view .LVU578
1363:./ucos/Core/os_core.c **** #else
 1955              		.loc 1 1363 37 is_stmt 0 view .LVU579
 1956 0052 034B     		ldr	r3, .L136+8
 1957 0054 1A60     		str	r2, [r3]
1373:./ucos/Core/os_core.c **** 
 1958              		.loc 1 1373 1 view .LVU580
 1959 0056 10BD     		pop	{r4, pc}
 1960              	.L137:
 1961              		.align	2
 1962              	.L136:
 1963 0058 00000000 		.word	OSEventTbl
 1964 005c 00000000 		.word	.LC2
 1965 0060 00000000 		.word	OSEventFreeList
 1966              		.cfi_endproc
 1967              	.LFE19:
 1969              		.section	.text.OSInit,"ax",%progbits
 1970              		.align	1
 1971              		.global	OSInit
 1972              		.syntax unified
 1973              		.thumb
 1974              		.thumb_func
 1976              	OSInit:
 1977              	.LFB3:
 583:./ucos/Core/os_core.c **** #if OS_TASK_CREATE_EXT_EN > 0u
 1978              		.loc 1 583 1 is_stmt 1 view -0
 1979              		.cfi_startproc
 1980              		@ args = 0, pretend = 0, frame = 0
 1981              		@ frame_needed = 0, uses_anonymous_args = 0
 1982 0000 08B5     		push	{r3, lr}
 1983              	.LCFI20:
 1984              		.cfi_def_cfa_offset 8
 1985              		.cfi_offset 3, -8
 1986              		.cfi_offset 14, -4
 590:./ucos/Core/os_core.c **** 
 1987              		.loc 1 590 5 view .LVU582
 1988 0002 FFF7FEFF 		bl	OSInitHookBegin
 1989              	.LVL148:
 592:./ucos/Core/os_core.c **** 
 1990              		.loc 1 592 5 view .LVU583
 1991 0006 FFF7FEFF 		bl	OS_InitMisc
 1992              	.LVL149:
 594:./ucos/Core/os_core.c **** 
 1993              		.loc 1 594 5 view .LVU584
 1994 000a FFF7FEFF 		bl	OS_InitRdyList
 1995              	.LVL150:
 596:./ucos/Core/os_core.c **** 
 1996              		.loc 1 596 5 view .LVU585
 1997 000e FFF7FEFF 		bl	OS_InitTCBList
 1998              	.LVL151:
 598:./ucos/Core/os_core.c **** 
 1999              		.loc 1 598 5 view .LVU586
 2000 0012 FFF7FEFF 		bl	OS_InitEventList
 2001              	.LVL152:
 601:./ucos/Core/os_core.c **** #endif
 2002              		.loc 1 601 5 view .LVU587
 2003 0016 FFF7FEFF 		bl	OS_FlagInit
ARM GAS  /tmp/ccMSGEvU.s 			page 77


 2004              	.LVL153:
 605:./ucos/Core/os_core.c **** #endif
 2005              		.loc 1 605 5 view .LVU588
 2006 001a FFF7FEFF 		bl	OS_MemInit
 2007              	.LVL154:
 609:./ucos/Core/os_core.c **** #endif
 2008              		.loc 1 609 5 view .LVU589
 2009 001e FFF7FEFF 		bl	OS_QInit
 2010              	.LVL155:
 621:./ucos/Core/os_core.c **** #if OS_TASK_STAT_EN > 0u
 2011              		.loc 1 621 5 view .LVU590
 2012 0022 FFF7FEFF 		bl	OS_InitTaskIdle
 2013              	.LVL156:
 623:./ucos/Core/os_core.c **** #endif
 2014              		.loc 1 623 5 view .LVU591
 2015 0026 FFF7FEFF 		bl	OS_InitTaskStat
 2016              	.LVL157:
 627:./ucos/Core/os_core.c **** #endif
 2017              		.loc 1 627 5 view .LVU592
 2018 002a FFF7FEFF 		bl	OSTmr_Init
 2019              	.LVL158:
 630:./ucos/Core/os_core.c **** 
 2020              		.loc 1 630 5 view .LVU593
 2021 002e FFF7FEFF 		bl	OSInitHookEnd
 2022              	.LVL159:
 633:./ucos/Core/os_core.c **** #endif
 2023              		.loc 1 633 5 view .LVU594
 2024 0032 FFF7FEFF 		bl	OSDebugInit
 2025              	.LVL160:
 635:./ucos/Core/os_core.c **** 
 2026              		.loc 1 635 1 is_stmt 0 view .LVU595
 2027 0036 08BD     		pop	{r3, pc}
 2028              		.cfi_endproc
 2029              	.LFE3:
 2031              		.section	.text.OS_MemCopy,"ax",%progbits
 2032              		.align	1
 2033              		.global	OS_MemCopy
 2034              		.syntax unified
 2035              		.thumb
 2036              		.thumb_func
 2038              	OS_MemCopy:
 2039              	.LVL161:
 2040              	.LFB26:
1677:./ucos/Core/os_core.c ****     while (size > 0u) {
 2041              		.loc 1 1677 1 is_stmt 1 view -0
 2042              		.cfi_startproc
 2043              		@ args = 0, pretend = 0, frame = 0
 2044              		@ frame_needed = 0, uses_anonymous_args = 0
 2045              		@ link register save eliminated.
1678:./ucos/Core/os_core.c ****         *pdest++ = *psrc++;
 2046              		.loc 1 1678 5 view .LVU597
1678:./ucos/Core/os_core.c ****         *pdest++ = *psrc++;
 2047              		.loc 1 1678 11 is_stmt 0 view .LVU598
 2048 0000 05E0     		b	.L141
 2049              	.L142:
1679:./ucos/Core/os_core.c ****         size--;
 2050              		.loc 1 1679 9 is_stmt 1 view .LVU599
ARM GAS  /tmp/ccMSGEvU.s 			page 78


 2051              	.LVL162:
1679:./ucos/Core/os_core.c ****         size--;
 2052              		.loc 1 1679 20 is_stmt 0 view .LVU600
 2053 0002 11F8013B 		ldrb	r3, [r1], #1	@ zero_extendqisi2
 2054              	.LVL163:
1679:./ucos/Core/os_core.c ****         size--;
 2055              		.loc 1 1679 18 view .LVU601
 2056 0006 00F8013B 		strb	r3, [r0], #1
 2057              	.LVL164:
1680:./ucos/Core/os_core.c ****     }
 2058              		.loc 1 1680 9 is_stmt 1 view .LVU602
1680:./ucos/Core/os_core.c ****     }
 2059              		.loc 1 1680 13 is_stmt 0 view .LVU603
 2060 000a 013A     		subs	r2, r2, #1
 2061              	.LVL165:
1680:./ucos/Core/os_core.c ****     }
 2062              		.loc 1 1680 13 view .LVU604
 2063 000c 92B2     		uxth	r2, r2
 2064              	.LVL166:
 2065              	.L141:
1678:./ucos/Core/os_core.c ****         *pdest++ = *psrc++;
 2066              		.loc 1 1678 17 is_stmt 1 view .LVU605
 2067 000e 002A     		cmp	r2, #0
 2068 0010 F7D1     		bne	.L142
1682:./ucos/Core/os_core.c **** 
 2069              		.loc 1 1682 1 is_stmt 0 view .LVU606
 2070 0012 7047     		bx	lr
 2071              		.cfi_endproc
 2072              	.LFE26:
 2074              		.section	.text.OS_Sched,"ax",%progbits
 2075              		.align	1
 2076              		.global	OS_Sched
 2077              		.syntax unified
 2078              		.thumb
 2079              		.thumb_func
 2081              	OS_Sched:
 2082              	.LFB27:
1705:./ucos/Core/os_core.c **** #if OS_CRITICAL_METHOD == 3u                           /* Allocate storage for CPU status register 
 2083              		.loc 1 1705 1 is_stmt 1 view -0
 2084              		.cfi_startproc
 2085              		@ args = 0, pretend = 0, frame = 0
 2086              		@ frame_needed = 0, uses_anonymous_args = 0
 2087 0000 10B5     		push	{r4, lr}
 2088              	.LCFI21:
 2089              		.cfi_def_cfa_offset 8
 2090              		.cfi_offset 4, -8
 2091              		.cfi_offset 14, -4
1707:./ucos/Core/os_core.c **** #endif
 2092              		.loc 1 1707 5 view .LVU608
 2093              	.LVL167:
1712:./ucos/Core/os_core.c ****     if (OSIntNesting == 0u) {                          /* Schedule only if all ISRs done and ...   
 2094              		.loc 1 1712 5 view .LVU609
1712:./ucos/Core/os_core.c ****     if (OSIntNesting == 0u) {                          /* Schedule only if all ISRs done and ...   
 2095              		.loc 1 1712 5 view .LVU610
 2096 0002 FFF7FEFF 		bl	OS_CPU_SR_Save
 2097              	.LVL168:
 2098 0006 0446     		mov	r4, r0
ARM GAS  /tmp/ccMSGEvU.s 			page 79


 2099              	.LVL169:
1712:./ucos/Core/os_core.c ****     if (OSIntNesting == 0u) {                          /* Schedule only if all ISRs done and ...   
 2100              		.loc 1 1712 5 discriminator 1 view .LVU611
1713:./ucos/Core/os_core.c ****         if (OSLockNesting == 0u) {                     /* ... scheduler is not locked              
 2101              		.loc 1 1713 5 view .LVU612
1713:./ucos/Core/os_core.c ****         if (OSLockNesting == 0u) {                     /* ... scheduler is not locked              
 2102              		.loc 1 1713 22 is_stmt 0 view .LVU613
 2103 0008 104B     		ldr	r3, .L147
 2104 000a 1B78     		ldrb	r3, [r3]	@ zero_extendqisi2
1713:./ucos/Core/os_core.c ****         if (OSLockNesting == 0u) {                     /* ... scheduler is not locked              
 2105              		.loc 1 1713 8 view .LVU614
 2106 000c 13B9     		cbnz	r3, .L144
1714:./ucos/Core/os_core.c ****             OS_SchedNew();
 2107              		.loc 1 1714 9 is_stmt 1 view .LVU615
1714:./ucos/Core/os_core.c ****             OS_SchedNew();
 2108              		.loc 1 1714 27 is_stmt 0 view .LVU616
 2109 000e 104B     		ldr	r3, .L147+4
 2110 0010 1B78     		ldrb	r3, [r3]	@ zero_extendqisi2
1714:./ucos/Core/os_core.c ****             OS_SchedNew();
 2111              		.loc 1 1714 12 view .LVU617
 2112 0012 1BB1     		cbz	r3, .L146
 2113              	.LVL170:
 2114              	.L144:
1733:./ucos/Core/os_core.c **** }
 2115              		.loc 1 1733 5 is_stmt 1 view .LVU618
1733:./ucos/Core/os_core.c **** }
 2116              		.loc 1 1733 5 view .LVU619
 2117 0014 2046     		mov	r0, r4
 2118 0016 FFF7FEFF 		bl	OS_CPU_SR_Restore
 2119              	.LVL171:
1733:./ucos/Core/os_core.c **** }
 2120              		.loc 1 1733 5 discriminator 1 view .LVU620
1734:./ucos/Core/os_core.c **** 
 2121              		.loc 1 1734 1 is_stmt 0 view .LVU621
 2122 001a 10BD     		pop	{r4, pc}
 2123              	.LVL172:
 2124              	.L146:
1715:./ucos/Core/os_core.c ****             OSTCBHighRdy = OSTCBPrioTbl[OSPrioHighRdy];
 2125              		.loc 1 1715 13 is_stmt 1 view .LVU622
 2126 001c FFF7FEFF 		bl	OS_SchedNew
 2127              	.LVL173:
1716:./ucos/Core/os_core.c ****             if (OSPrioHighRdy != OSPrioCur) {          /* No Ctx Sw if current task is highest rdy 
 2128              		.loc 1 1716 13 view .LVU623
1716:./ucos/Core/os_core.c ****             if (OSPrioHighRdy != OSPrioCur) {          /* No Ctx Sw if current task is highest rdy 
 2129              		.loc 1 1716 40 is_stmt 0 view .LVU624
 2130 0020 0C4B     		ldr	r3, .L147+8
 2131 0022 1B78     		ldrb	r3, [r3]	@ zero_extendqisi2
 2132 0024 0C4A     		ldr	r2, .L147+12
 2133 0026 52F82320 		ldr	r2, [r2, r3, lsl #2]
1716:./ucos/Core/os_core.c ****             if (OSPrioHighRdy != OSPrioCur) {          /* No Ctx Sw if current task is highest rdy 
 2134              		.loc 1 1716 26 view .LVU625
 2135 002a 0C49     		ldr	r1, .L147+16
 2136 002c 0A60     		str	r2, [r1]
1717:./ucos/Core/os_core.c **** #if OS_TASK_PROFILE_EN > 0u
 2137              		.loc 1 1717 13 is_stmt 1 view .LVU626
1717:./ucos/Core/os_core.c **** #if OS_TASK_PROFILE_EN > 0u
 2138              		.loc 1 1717 31 is_stmt 0 view .LVU627
ARM GAS  /tmp/ccMSGEvU.s 			page 80


 2139 002e 0C49     		ldr	r1, .L147+20
 2140 0030 0978     		ldrb	r1, [r1]	@ zero_extendqisi2
1717:./ucos/Core/os_core.c **** #if OS_TASK_PROFILE_EN > 0u
 2141              		.loc 1 1717 16 view .LVU628
 2142 0032 8B42     		cmp	r3, r1
 2143 0034 EED0     		beq	.L144
1719:./ucos/Core/os_core.c **** #endif
 2144              		.loc 1 1719 17 is_stmt 1 view .LVU629
1719:./ucos/Core/os_core.c **** #endif
 2145              		.loc 1 1719 29 is_stmt 0 view .LVU630
 2146 0036 136C     		ldr	r3, [r2, #64]
1719:./ucos/Core/os_core.c **** #endif
 2147              		.loc 1 1719 44 view .LVU631
 2148 0038 0133     		adds	r3, r3, #1
 2149 003a 1364     		str	r3, [r2, #64]
1721:./ucos/Core/os_core.c **** 
 2150              		.loc 1 1721 17 is_stmt 1 view .LVU632
1721:./ucos/Core/os_core.c **** 
 2151              		.loc 1 1721 27 is_stmt 0 view .LVU633
 2152 003c 094A     		ldr	r2, .L147+24
 2153 003e 1368     		ldr	r3, [r2]
 2154 0040 0133     		adds	r3, r3, #1
 2155 0042 1360     		str	r3, [r2]
1729:./ucos/Core/os_core.c ****             }
 2156              		.loc 1 1729 17 is_stmt 1 view .LVU634
 2157 0044 FFF7FEFF 		bl	OSCtxSw
 2158              	.LVL174:
 2159 0048 E4E7     		b	.L144
 2160              	.L148:
 2161 004a 00BF     		.align	2
 2162              	.L147:
 2163 004c 00000000 		.word	OSIntNesting
 2164 0050 00000000 		.word	OSLockNesting
 2165 0054 00000000 		.word	OSPrioHighRdy
 2166 0058 00000000 		.word	OSTCBPrioTbl
 2167 005c 00000000 		.word	OSTCBHighRdy
 2168 0060 00000000 		.word	OSPrioCur
 2169 0064 00000000 		.word	OSCtxSwCtr
 2170              		.cfi_endproc
 2171              	.LFE27:
 2173              		.section	.text.OSEventPendMulti,"ax",%progbits
 2174              		.align	1
 2175              		.global	OSEventPendMulti
 2176              		.syntax unified
 2177              		.thumb
 2178              		.thumb_func
 2180              	OSEventPendMulti:
 2181              	.LVL175:
 2182              	.LFB2:
 325:./ucos/Core/os_core.c ****     OS_EVENT  **pevents;
 2183              		.loc 1 325 1 view -0
 2184              		.cfi_startproc
 2185              		@ args = 4, pretend = 0, frame = 0
 2186              		@ frame_needed = 0, uses_anonymous_args = 0
 325:./ucos/Core/os_core.c ****     OS_EVENT  **pevents;
 2187              		.loc 1 325 1 is_stmt 0 view .LVU636
 2188 0000 2DE9F84F 		push	{r3, r4, r5, r6, r7, r8, r9, r10, fp, lr}
ARM GAS  /tmp/ccMSGEvU.s 			page 81


 2189              	.LCFI22:
 2190              		.cfi_def_cfa_offset 40
 2191              		.cfi_offset 3, -40
 2192              		.cfi_offset 4, -36
 2193              		.cfi_offset 5, -32
 2194              		.cfi_offset 6, -28
 2195              		.cfi_offset 7, -24
 2196              		.cfi_offset 8, -20
 2197              		.cfi_offset 9, -16
 2198              		.cfi_offset 10, -12
 2199              		.cfi_offset 11, -8
 2200              		.cfi_offset 14, -4
 326:./ucos/Core/os_core.c ****     OS_EVENT   *pevent;
 2201              		.loc 1 326 5 is_stmt 1 view .LVU637
 327:./ucos/Core/os_core.c **** #if ((OS_Q_EN > 0u) && (OS_MAX_QS > 0u))
 2202              		.loc 1 327 5 view .LVU638
 329:./ucos/Core/os_core.c **** #endif
 2203              		.loc 1 329 5 view .LVU639
 331:./ucos/Core/os_core.c ****     INT16U      events_rdy_nbr;
 2204              		.loc 1 331 5 view .LVU640
 332:./ucos/Core/os_core.c ****     INT8U       events_stat;
 2205              		.loc 1 332 5 view .LVU641
 333:./ucos/Core/os_core.c **** #if (OS_CRITICAL_METHOD == 3u)                          /* Allocate storage for CPU status register
 2206              		.loc 1 333 5 view .LVU642
 335:./ucos/Core/os_core.c **** #endif
 2207              		.loc 1 335 5 view .LVU643
 2208              	.LVL176:
 348:./ucos/Core/os_core.c ****        *perr =  OS_ERR_PEVENT_NULL;
 2209              		.loc 1 348 5 view .LVU644
 348:./ucos/Core/os_core.c ****        *perr =  OS_ERR_PEVENT_NULL;
 2210              		.loc 1 348 8 is_stmt 0 view .LVU645
 2211 0004 68B1     		cbz	r0, .L187
 2212 0006 0C46     		mov	r4, r1
 2213 0008 1546     		mov	r5, r2
 2214 000a 9846     		mov	r8, r3
 2215 000c 0746     		mov	r7, r0
 352:./ucos/Core/os_core.c ****        *perr =  OS_ERR_PEVENT_NULL;
 2216              		.loc 1 352 5 is_stmt 1 view .LVU646
 352:./ucos/Core/os_core.c ****        *perr =  OS_ERR_PEVENT_NULL;
 2217              		.loc 1 352 9 is_stmt 0 view .LVU647
 2218 000e 0368     		ldr	r3, [r0]
 2219              	.LVL177:
 352:./ucos/Core/os_core.c ****        *perr =  OS_ERR_PEVENT_NULL;
 2220              		.loc 1 352 8 view .LVU648
 2221 0010 6BB1     		cbz	r3, .L188
 356:./ucos/Core/os_core.c ****        *perr =  OS_ERR_PEVENT_NULL;
 2222              		.loc 1 356 5 is_stmt 1 view .LVU649
 356:./ucos/Core/os_core.c ****        *perr =  OS_ERR_PEVENT_NULL;
 2223              		.loc 1 356 8 is_stmt 0 view .LVU650
 2224 0012 91B1     		cbz	r1, .L189
 360:./ucos/Core/os_core.c ****        *perr =  OS_ERR_PEVENT_NULL;
 2225              		.loc 1 360 5 is_stmt 1 view .LVU651
 360:./ucos/Core/os_core.c ****        *perr =  OS_ERR_PEVENT_NULL;
 2226              		.loc 1 360 8 is_stmt 0 view .LVU652
 2227 0014 BAB1     		cbz	r2, .L190
 366:./ucos/Core/os_core.c **** 
 2228              		.loc 1 366 4 is_stmt 1 view .LVU653
ARM GAS  /tmp/ccMSGEvU.s 			page 82


 366:./ucos/Core/os_core.c **** 
 2229              		.loc 1 366 17 is_stmt 0 view .LVU654
 2230 0016 0023     		movs	r3, #0
 2231 0018 0B60     		str	r3, [r1]
 368:./ucos/Core/os_core.c ****     pevent      = *pevents;
 2232              		.loc 1 368 5 is_stmt 1 view .LVU655
 2233              	.LVL178:
 369:./ucos/Core/os_core.c ****     while  (pevent != (OS_EVENT *)0) {
 2234              		.loc 1 369 5 view .LVU656
 369:./ucos/Core/os_core.c ****     while  (pevent != (OS_EVENT *)0) {
 2235              		.loc 1 369 17 is_stmt 0 view .LVU657
 2236 001a 0668     		ldr	r6, [r0]
 2237              	.LVL179:
 370:./ucos/Core/os_core.c ****         switch (pevent->OSEventType) {                  /* Validate event block types              
 2238              		.loc 1 370 5 is_stmt 1 view .LVU658
 369:./ucos/Core/os_core.c ****     while  (pevent != (OS_EVENT *)0) {
 2239              		.loc 1 369 17 is_stmt 0 view .LVU659
 2240 001c 3046     		mov	r0, r6
 2241              	.LVL180:
 368:./ucos/Core/os_core.c ****     pevent      = *pevents;
 2242              		.loc 1 368 17 view .LVU660
 2243 001e 3B46     		mov	r3, r7
 370:./ucos/Core/os_core.c ****         switch (pevent->OSEventType) {                  /* Validate event block types              
 2244              		.loc 1 370 12 view .LVU661
 2245 0020 19E0     		b	.L155
 2246              	.LVL181:
 2247              	.L187:
 349:./ucos/Core/os_core.c ****         return (0u);
 2248              		.loc 1 349 8 is_stmt 1 view .LVU662
 349:./ucos/Core/os_core.c ****         return (0u);
 2249              		.loc 1 349 14 is_stmt 0 view .LVU663
 2250 0022 0423     		movs	r3, #4
 2251              	.LVL182:
 349:./ucos/Core/os_core.c ****         return (0u);
 2252              		.loc 1 349 14 view .LVU664
 2253 0024 0A9A     		ldr	r2, [sp, #40]
 2254              	.LVL183:
 349:./ucos/Core/os_core.c ****         return (0u);
 2255              		.loc 1 349 14 view .LVU665
 2256 0026 1370     		strb	r3, [r2]
 350:./ucos/Core/os_core.c ****     }
 2257              		.loc 1 350 9 is_stmt 1 view .LVU666
 350:./ucos/Core/os_core.c ****     }
 2258              		.loc 1 350 16 is_stmt 0 view .LVU667
 2259 0028 4FF00009 		mov	r9, #0
 2260 002c 1DE0     		b	.L151
 2261              	.LVL184:
 2262              	.L188:
 353:./ucos/Core/os_core.c ****         return (0u);
 2263              		.loc 1 353 8 is_stmt 1 view .LVU668
 353:./ucos/Core/os_core.c ****         return (0u);
 2264              		.loc 1 353 14 is_stmt 0 view .LVU669
 2265 002e 0423     		movs	r3, #4
 2266 0030 0A9A     		ldr	r2, [sp, #40]
 2267              	.LVL185:
 353:./ucos/Core/os_core.c ****         return (0u);
 2268              		.loc 1 353 14 view .LVU670
ARM GAS  /tmp/ccMSGEvU.s 			page 83


 2269 0032 1370     		strb	r3, [r2]
 354:./ucos/Core/os_core.c ****     }
 2270              		.loc 1 354 9 is_stmt 1 view .LVU671
 354:./ucos/Core/os_core.c ****     }
 2271              		.loc 1 354 16 is_stmt 0 view .LVU672
 2272 0034 4FF00009 		mov	r9, #0
 2273 0038 17E0     		b	.L151
 2274              	.LVL186:
 2275              	.L189:
 357:./ucos/Core/os_core.c ****         return (0u);
 2276              		.loc 1 357 8 is_stmt 1 view .LVU673
 357:./ucos/Core/os_core.c ****         return (0u);
 2277              		.loc 1 357 14 is_stmt 0 view .LVU674
 2278 003a 0423     		movs	r3, #4
 2279 003c 0A9A     		ldr	r2, [sp, #40]
 2280              	.LVL187:
 357:./ucos/Core/os_core.c ****         return (0u);
 2281              		.loc 1 357 14 view .LVU675
 2282 003e 1370     		strb	r3, [r2]
 358:./ucos/Core/os_core.c ****     }
 2283              		.loc 1 358 9 is_stmt 1 view .LVU676
 358:./ucos/Core/os_core.c ****     }
 2284              		.loc 1 358 16 is_stmt 0 view .LVU677
 2285 0040 4FF00009 		mov	r9, #0
 2286 0044 11E0     		b	.L151
 2287              	.LVL188:
 2288              	.L190:
 361:./ucos/Core/os_core.c ****         return (0u);
 2289              		.loc 1 361 8 is_stmt 1 view .LVU678
 361:./ucos/Core/os_core.c ****         return (0u);
 2290              		.loc 1 361 14 is_stmt 0 view .LVU679
 2291 0046 0423     		movs	r3, #4
 2292 0048 0A9A     		ldr	r2, [sp, #40]
 2293              	.LVL189:
 361:./ucos/Core/os_core.c ****         return (0u);
 2294              		.loc 1 361 14 view .LVU680
 2295 004a 1370     		strb	r3, [r2]
 362:./ucos/Core/os_core.c ****     }
 2296              		.loc 1 362 9 is_stmt 1 view .LVU681
 362:./ucos/Core/os_core.c ****     }
 2297              		.loc 1 362 16 is_stmt 0 view .LVU682
 2298 004c 4FF00009 		mov	r9, #0
 2299 0050 0BE0     		b	.L151
 2300              	.LVL190:
 2301              	.L156:
 391:./ucos/Core/os_core.c ****         pevent = *pevents;
 2302              		.loc 1 391 9 is_stmt 1 view .LVU683
 392:./ucos/Core/os_core.c ****     }
 2303              		.loc 1 392 9 view .LVU684
 392:./ucos/Core/os_core.c ****     }
 2304              		.loc 1 392 16 is_stmt 0 view .LVU685
 2305 0052 53F8040F 		ldr	r0, [r3, #4]!
 2306              	.LVL191:
 2307              	.L155:
 370:./ucos/Core/os_core.c ****         switch (pevent->OSEventType) {                  /* Validate event block types              
 2308              		.loc 1 370 20 is_stmt 1 view .LVU686
 2309 0056 58B1     		cbz	r0, .L191
ARM GAS  /tmp/ccMSGEvU.s 			page 84


 371:./ucos/Core/os_core.c **** #if (OS_SEM_EN  > 0u)
 2310              		.loc 1 371 9 view .LVU687
 371:./ucos/Core/os_core.c **** #if (OS_SEM_EN  > 0u)
 2311              		.loc 1 371 23 is_stmt 0 view .LVU688
 2312 0058 0078     		ldrb	r0, [r0]	@ zero_extendqisi2
 2313              	.LVL192:
 371:./ucos/Core/os_core.c **** #if (OS_SEM_EN  > 0u)
 2314              		.loc 1 371 9 view .LVU689
 2315 005a 0138     		subs	r0, r0, #1
 2316 005c 0228     		cmp	r0, #2
 2317 005e F8D9     		bls	.L156
 388:./ucos/Core/os_core.c ****                  return (0u);
 2318              		.loc 1 388 17 is_stmt 1 view .LVU690
 388:./ucos/Core/os_core.c ****                  return (0u);
 2319              		.loc 1 388 23 is_stmt 0 view .LVU691
 2320 0060 0123     		movs	r3, #1
 2321              	.LVL193:
 388:./ucos/Core/os_core.c ****                  return (0u);
 2322              		.loc 1 388 23 view .LVU692
 2323 0062 0A9A     		ldr	r2, [sp, #40]
 2324              	.LVL194:
 388:./ucos/Core/os_core.c ****                  return (0u);
 2325              		.loc 1 388 23 view .LVU693
 2326 0064 1370     		strb	r3, [r2]
 389:./ucos/Core/os_core.c ****         }
 2327              		.loc 1 389 18 is_stmt 1 view .LVU694
 389:./ucos/Core/os_core.c ****         }
 2328              		.loc 1 389 25 is_stmt 0 view .LVU695
 2329 0066 4FF00009 		mov	r9, #0
 2330              	.LVL195:
 2331              	.L151:
 565:./ucos/Core/os_core.c **** #endif
 2332              		.loc 1 565 1 view .LVU696
 2333 006a 4846     		mov	r0, r9
 2334 006c BDE8F88F 		pop	{r3, r4, r5, r6, r7, r8, r9, r10, fp, pc}
 2335              	.LVL196:
 2336              	.L191:
 395:./ucos/Core/os_core.c ****        *perr =  OS_ERR_PEND_ISR;                        /* ... can't PEND from an ISR              
 2337              		.loc 1 395 5 is_stmt 1 view .LVU697
 395:./ucos/Core/os_core.c ****        *perr =  OS_ERR_PEND_ISR;                        /* ... can't PEND from an ISR              
 2338              		.loc 1 395 23 is_stmt 0 view .LVU698
 2339 0070 7D4B     		ldr	r3, .L197
 2340              	.LVL197:
 395:./ucos/Core/os_core.c ****        *perr =  OS_ERR_PEND_ISR;                        /* ... can't PEND from an ISR              
 2341              		.loc 1 395 23 view .LVU699
 2342 0072 1B78     		ldrb	r3, [r3]	@ zero_extendqisi2
 395:./ucos/Core/os_core.c ****        *perr =  OS_ERR_PEND_ISR;                        /* ... can't PEND from an ISR              
 2343              		.loc 1 395 8 view .LVU700
 2344 0074 5BB9     		cbnz	r3, .L192
 399:./ucos/Core/os_core.c ****        *perr =  OS_ERR_PEND_LOCKED;                     /* ... can't PEND when locked              
 2345              		.loc 1 399 5 is_stmt 1 view .LVU701
 399:./ucos/Core/os_core.c ****        *perr =  OS_ERR_PEND_LOCKED;                     /* ... can't PEND when locked              
 2346              		.loc 1 399 23 is_stmt 0 view .LVU702
 2347 0076 7D4B     		ldr	r3, .L197+4
 2348 0078 93F800A0 		ldrb	r10, [r3]	@ zero_extendqisi2
 399:./ucos/Core/os_core.c ****        *perr =  OS_ERR_PEND_LOCKED;                     /* ... can't PEND when locked              
 2349              		.loc 1 399 8 view .LVU703
ARM GAS  /tmp/ccMSGEvU.s 			page 85


 2350 007c BAF1000F 		cmp	r10, #0
 2351 0080 0BD0     		beq	.L159
 400:./ucos/Core/os_core.c ****         return (0u);
 2352              		.loc 1 400 8 is_stmt 1 view .LVU704
 400:./ucos/Core/os_core.c ****         return (0u);
 2353              		.loc 1 400 14 is_stmt 0 view .LVU705
 2354 0082 0D23     		movs	r3, #13
 2355 0084 0A9A     		ldr	r2, [sp, #40]
 2356              	.LVL198:
 400:./ucos/Core/os_core.c ****         return (0u);
 2357              		.loc 1 400 14 view .LVU706
 2358 0086 1370     		strb	r3, [r2]
 401:./ucos/Core/os_core.c ****     }
 2359              		.loc 1 401 9 is_stmt 1 view .LVU707
 401:./ucos/Core/os_core.c ****     }
 2360              		.loc 1 401 16 is_stmt 0 view .LVU708
 2361 0088 4FF00009 		mov	r9, #0
 2362 008c EDE7     		b	.L151
 2363              	.LVL199:
 2364              	.L192:
 396:./ucos/Core/os_core.c ****         return (0u);
 2365              		.loc 1 396 8 is_stmt 1 view .LVU709
 396:./ucos/Core/os_core.c ****         return (0u);
 2366              		.loc 1 396 14 is_stmt 0 view .LVU710
 2367 008e 0223     		movs	r3, #2
 2368 0090 0A9A     		ldr	r2, [sp, #40]
 2369              	.LVL200:
 396:./ucos/Core/os_core.c ****         return (0u);
 2370              		.loc 1 396 14 view .LVU711
 2371 0092 1370     		strb	r3, [r2]
 397:./ucos/Core/os_core.c ****     }
 2372              		.loc 1 397 9 is_stmt 1 view .LVU712
 397:./ucos/Core/os_core.c ****     }
 2373              		.loc 1 397 16 is_stmt 0 view .LVU713
 2374 0094 4FF00009 		mov	r9, #0
 2375 0098 E7E7     		b	.L151
 2376              	.LVL201:
 2377              	.L159:
 404:./ucos/Core/os_core.c ****     events_rdy_nbr =  0u;
 2378              		.loc 1 404 5 is_stmt 1 view .LVU714
 405:./ucos/Core/os_core.c ****     events_stat    =  OS_STAT_RDY;
 2379              		.loc 1 405 5 view .LVU715
 406:./ucos/Core/os_core.c ****     pevents        =  pevents_pend;
 2380              		.loc 1 406 5 view .LVU716
 407:./ucos/Core/os_core.c ****     pevent         = *pevents;
 2381              		.loc 1 407 5 view .LVU717
 408:./ucos/Core/os_core.c ****     OS_ENTER_CRITICAL();
 2382              		.loc 1 408 5 view .LVU718
 409:./ucos/Core/os_core.c ****     while (pevent != (OS_EVENT *)0) {                   /* See if any events already available     
 2383              		.loc 1 409 5 view .LVU719
 409:./ucos/Core/os_core.c ****     while (pevent != (OS_EVENT *)0) {                   /* See if any events already available     
 2384              		.loc 1 409 5 view .LVU720
 2385 009a FFF7FEFF 		bl	OS_CPU_SR_Save
 2386              	.LVL202:
 409:./ucos/Core/os_core.c ****     while (pevent != (OS_EVENT *)0) {                   /* See if any events already available     
 2387              		.loc 1 409 5 is_stmt 0 view .LVU721
 2388 009e 8346     		mov	fp, r0
ARM GAS  /tmp/ccMSGEvU.s 			page 86


 2389              	.LVL203:
 409:./ucos/Core/os_core.c ****     while (pevent != (OS_EVENT *)0) {                   /* See if any events already available     
 2390              		.loc 1 409 5 is_stmt 1 discriminator 1 view .LVU722
 410:./ucos/Core/os_core.c ****         switch (pevent->OSEventType) {
 2391              		.loc 1 410 5 view .LVU723
 406:./ucos/Core/os_core.c ****     pevents        =  pevents_pend;
 2392              		.loc 1 406 20 is_stmt 0 view .LVU724
 2393 00a0 5146     		mov	r1, r10
 407:./ucos/Core/os_core.c ****     pevent         = *pevents;
 2394              		.loc 1 407 20 view .LVU725
 2395 00a2 3A46     		mov	r2, r7
 405:./ucos/Core/os_core.c ****     events_stat    =  OS_STAT_RDY;
 2396              		.loc 1 405 20 view .LVU726
 2397 00a4 4FF00009 		mov	r9, #0
 410:./ucos/Core/os_core.c ****         switch (pevent->OSEventType) {
 2398              		.loc 1 410 11 view .LVU727
 2399 00a8 22E0     		b	.L160
 2400              	.LVL204:
 2401              	.L162:
 414:./ucos/Core/os_core.c ****                      pevent->OSEventCnt--;              /* ... decrement semaphore,                
 2402              		.loc 1 414 18 is_stmt 1 view .LVU728
 414:./ucos/Core/os_core.c ****                      pevent->OSEventCnt--;              /* ... decrement semaphore,                
 2403              		.loc 1 414 28 is_stmt 0 view .LVU729
 2404 00aa 3389     		ldrh	r3, [r6, #8]
 414:./ucos/Core/os_core.c ****                      pevent->OSEventCnt--;              /* ... decrement semaphore,                
 2405              		.loc 1 414 21 view .LVU730
 2406 00ac 6BB1     		cbz	r3, .L165
 415:./ucos/Core/os_core.c ****                     *pevents_rdy++ =  pevent;           /* ... and return available semaphore event
 2407              		.loc 1 415 22 is_stmt 1 view .LVU731
 415:./ucos/Core/os_core.c ****                     *pevents_rdy++ =  pevent;           /* ... and return available semaphore event
 2408              		.loc 1 415 40 is_stmt 0 view .LVU732
 2409 00ae 013B     		subs	r3, r3, #1
 2410 00b0 3381     		strh	r3, [r6, #8]	@ movhi
 416:./ucos/Core/os_core.c ****                       events_rdy   =  OS_TRUE;
 2411              		.loc 1 416 21 is_stmt 1 view .LVU733
 2412              	.LVL205:
 416:./ucos/Core/os_core.c ****                       events_rdy   =  OS_TRUE;
 2413              		.loc 1 416 36 is_stmt 0 view .LVU734
 2414 00b2 44F8046B 		str	r6, [r4], #4
 2415              	.LVL206:
 417:./ucos/Core/os_core.c ****                     *pmsgs_rdy++   = (void *)0;         /* NO message returned  for semaphores     
 2416              		.loc 1 417 23 is_stmt 1 view .LVU735
 418:./ucos/Core/os_core.c ****                       events_rdy_nbr++;
 2417              		.loc 1 418 21 view .LVU736
 418:./ucos/Core/os_core.c ****                       events_rdy_nbr++;
 2418              		.loc 1 418 36 is_stmt 0 view .LVU737
 2419 00b6 0023     		movs	r3, #0
 2420 00b8 45F8043B 		str	r3, [r5], #4
 2421              	.LVL207:
 419:./ucos/Core/os_core.c **** 
 2422              		.loc 1 419 23 is_stmt 1 view .LVU738
 419:./ucos/Core/os_core.c **** 
 2423              		.loc 1 419 37 is_stmt 0 view .LVU739
 2424 00bc 09F10109 		add	r9, r9, #1
 2425              	.LVL208:
 419:./ucos/Core/os_core.c **** 
 2426              		.loc 1 419 37 view .LVU740
ARM GAS  /tmp/ccMSGEvU.s 			page 87


 2427 00c0 1FFA89F9 		uxth	r9, r9
 2428              	.LVL209:
 417:./ucos/Core/os_core.c ****                     *pmsgs_rdy++   = (void *)0;         /* NO message returned  for semaphores     
 2429              		.loc 1 417 36 view .LVU741
 2430 00c4 4FF0010A 		mov	r10, #1
 2431 00c8 10E0     		b	.L166
 2432              	.LVL210:
 2433              	.L165:
 422:./ucos/Core/os_core.c ****                  }
 2434              		.loc 1 422 23 is_stmt 1 view .LVU742
 422:./ucos/Core/os_core.c ****                  }
 2435              		.loc 1 422 35 is_stmt 0 view .LVU743
 2436 00ca 41F00101 		orr	r1, r1, #1
 2437              	.LVL211:
 422:./ucos/Core/os_core.c ****                  }
 2438              		.loc 1 422 35 view .LVU744
 2439 00ce C9B2     		uxtb	r1, r1
 2440              	.LVL212:
 422:./ucos/Core/os_core.c ****                  }
 2441              		.loc 1 422 35 view .LVU745
 2442 00d0 0CE0     		b	.L166
 2443              	.L163:
 429:./ucos/Core/os_core.c ****                                                         /* ... return available message,           
 2444              		.loc 1 429 18 is_stmt 1 view .LVU746
 429:./ucos/Core/os_core.c ****                                                         /* ... return available message,           
 2445              		.loc 1 429 28 is_stmt 0 view .LVU747
 2446 00d2 7068     		ldr	r0, [r6, #4]
 429:./ucos/Core/os_core.c ****                                                         /* ... return available message,           
 2447              		.loc 1 429 21 view .LVU748
 2448 00d4 F0B1     		cbz	r0, .L167
 431:./ucos/Core/os_core.c ****                      pevent->OSEventPtr  = (void *)0;
 2449              		.loc 1 431 21 is_stmt 1 view .LVU749
 2450              	.LVL213:
 431:./ucos/Core/os_core.c ****                      pevent->OSEventPtr  = (void *)0;
 2451              		.loc 1 431 42 is_stmt 0 view .LVU750
 2452 00d6 45F8040B 		str	r0, [r5], #4
 2453              	.LVL214:
 432:./ucos/Core/os_core.c ****                     *pevents_rdy++       =  pevent;     /* ... and return available mailbox event  
 2454              		.loc 1 432 22 is_stmt 1 view .LVU751
 432:./ucos/Core/os_core.c ****                     *pevents_rdy++       =  pevent;     /* ... and return available mailbox event  
 2455              		.loc 1 432 42 is_stmt 0 view .LVU752
 2456 00da 0020     		movs	r0, #0
 2457 00dc 7060     		str	r0, [r6, #4]
 433:./ucos/Core/os_core.c ****                       events_rdy         =  OS_TRUE;
 2458              		.loc 1 433 21 is_stmt 1 view .LVU753
 2459              	.LVL215:
 433:./ucos/Core/os_core.c ****                       events_rdy         =  OS_TRUE;
 2460              		.loc 1 433 42 is_stmt 0 view .LVU754
 2461 00de 44F8046B 		str	r6, [r4], #4
 2462              	.LVL216:
 434:./ucos/Core/os_core.c ****                       events_rdy_nbr++;
 2463              		.loc 1 434 23 is_stmt 1 view .LVU755
 435:./ucos/Core/os_core.c **** 
 2464              		.loc 1 435 23 view .LVU756
 435:./ucos/Core/os_core.c **** 
 2465              		.loc 1 435 37 is_stmt 0 view .LVU757
 2466 00e2 09F10109 		add	r9, r9, #1
ARM GAS  /tmp/ccMSGEvU.s 			page 88


 2467              	.LVL217:
 435:./ucos/Core/os_core.c **** 
 2468              		.loc 1 435 37 view .LVU758
 2469 00e6 1FFA89F9 		uxth	r9, r9
 2470              	.LVL218:
 434:./ucos/Core/os_core.c ****                       events_rdy_nbr++;
 2471              		.loc 1 434 42 view .LVU759
 2472 00ea 9A46     		mov	r10, r3
 2473              	.LVL219:
 2474              	.L166:
 471:./ucos/Core/os_core.c ****         pevent = *pevents;
 2475              		.loc 1 471 9 is_stmt 1 view .LVU760
 472:./ucos/Core/os_core.c ****     }
 2476              		.loc 1 472 9 view .LVU761
 472:./ucos/Core/os_core.c ****     }
 2477              		.loc 1 472 16 is_stmt 0 view .LVU762
 2478 00ec 52F8046F 		ldr	r6, [r2, #4]!
 2479              	.LVL220:
 2480              	.L160:
 410:./ucos/Core/os_core.c ****         switch (pevent->OSEventType) {
 2481              		.loc 1 410 19 is_stmt 1 view .LVU763
 2482 00f0 002E     		cmp	r6, #0
 2483 00f2 3DD0     		beq	.L193
 411:./ucos/Core/os_core.c **** #if (OS_SEM_EN > 0u)
 2484              		.loc 1 411 9 view .LVU764
 411:./ucos/Core/os_core.c **** #if (OS_SEM_EN > 0u)
 2485              		.loc 1 411 23 is_stmt 0 view .LVU765
 2486 00f4 3378     		ldrb	r3, [r6]	@ zero_extendqisi2
 411:./ucos/Core/os_core.c **** #if (OS_SEM_EN > 0u)
 2487              		.loc 1 411 9 view .LVU766
 2488 00f6 022B     		cmp	r3, #2
 2489 00f8 10D0     		beq	.L161
 2490 00fa 032B     		cmp	r3, #3
 2491 00fc D5D0     		beq	.L162
 2492 00fe 012B     		cmp	r3, #1
 2493 0100 E7D0     		beq	.L163
 466:./ucos/Core/os_core.c ****                 *pevents_rdy = (OS_EVENT *)0;           /* NULL terminate return event array       
 2494              		.loc 1 466 18 is_stmt 1 view .LVU767
 466:./ucos/Core/os_core.c ****                 *pevents_rdy = (OS_EVENT *)0;           /* NULL terminate return event array       
 2495              		.loc 1 466 18 view .LVU768
 2496 0102 5846     		mov	r0, fp
 2497 0104 FFF7FEFF 		bl	OS_CPU_SR_Restore
 2498              	.LVL221:
 466:./ucos/Core/os_core.c ****                 *pevents_rdy = (OS_EVENT *)0;           /* NULL terminate return event array       
 2499              		.loc 1 466 18 discriminator 1 view .LVU769
 467:./ucos/Core/os_core.c ****                 *perr        =  OS_ERR_EVENT_TYPE;
 2500              		.loc 1 467 17 view .LVU770
 467:./ucos/Core/os_core.c ****                 *perr        =  OS_ERR_EVENT_TYPE;
 2501              		.loc 1 467 30 is_stmt 0 view .LVU771
 2502 0108 0023     		movs	r3, #0
 2503 010a 2360     		str	r3, [r4]
 468:./ucos/Core/os_core.c ****                  return (events_rdy_nbr);
 2504              		.loc 1 468 17 is_stmt 1 view .LVU772
 468:./ucos/Core/os_core.c ****                  return (events_rdy_nbr);
 2505              		.loc 1 468 30 is_stmt 0 view .LVU773
 2506 010c 0123     		movs	r3, #1
 2507 010e 0A9A     		ldr	r2, [sp, #40]
ARM GAS  /tmp/ccMSGEvU.s 			page 89


 2508 0110 1370     		strb	r3, [r2]
 469:./ucos/Core/os_core.c ****         }
 2509              		.loc 1 469 18 is_stmt 1 view .LVU774
 469:./ucos/Core/os_core.c ****         }
 2510              		.loc 1 469 25 is_stmt 0 view .LVU775
 2511 0112 AAE7     		b	.L151
 2512              	.LVL222:
 2513              	.L167:
 438:./ucos/Core/os_core.c ****                  }
 2514              		.loc 1 438 23 is_stmt 1 view .LVU776
 438:./ucos/Core/os_core.c ****                  }
 2515              		.loc 1 438 35 is_stmt 0 view .LVU777
 2516 0114 41F00201 		orr	r1, r1, #2
 2517              	.LVL223:
 438:./ucos/Core/os_core.c ****                  }
 2518              		.loc 1 438 35 view .LVU778
 2519 0118 C9B2     		uxtb	r1, r1
 2520              	.LVL224:
 438:./ucos/Core/os_core.c ****                  }
 2521              		.loc 1 438 35 view .LVU779
 2522 011a E7E7     		b	.L166
 2523              	.L161:
 445:./ucos/Core/os_core.c ****                  if (pq->OSQEntries > 0u) {             /* If queue NOT empty;                     
 2524              		.loc 1 445 18 is_stmt 1 view .LVU780
 445:./ucos/Core/os_core.c ****                  if (pq->OSQEntries > 0u) {             /* If queue NOT empty;                     
 2525              		.loc 1 445 21 is_stmt 0 view .LVU781
 2526 011c D6F804C0 		ldr	ip, [r6, #4]
 2527              	.LVL225:
 446:./ucos/Core/os_core.c ****                                                         /* ... return available message,           
 2528              		.loc 1 446 18 is_stmt 1 view .LVU782
 446:./ucos/Core/os_core.c ****                                                         /* ... return available message,           
 2529              		.loc 1 446 24 is_stmt 0 view .LVU783
 2530 0120 BCF81630 		ldrh	r3, [ip, #22]
 446:./ucos/Core/os_core.c ****                                                         /* ... return available message,           
 2531              		.loc 1 446 21 view .LVU784
 2532 0124 03B3     		cbz	r3, .L168
 448:./ucos/Core/os_core.c ****                      if (pq->OSQOut == pq->OSQEnd) {    /* If OUT ptr at queue end, ...            
 2533              		.loc 1 448 21 is_stmt 1 view .LVU785
 448:./ucos/Core/os_core.c ****                      if (pq->OSQOut == pq->OSQEnd) {    /* If OUT ptr at queue end, ...            
 2534              		.loc 1 448 47 is_stmt 0 view .LVU786
 2535 0126 DCF81030 		ldr	r3, [ip, #16]
 448:./ucos/Core/os_core.c ****                      if (pq->OSQOut == pq->OSQEnd) {    /* If OUT ptr at queue end, ...            
 2536              		.loc 1 448 55 view .LVU787
 2537 012a 181D     		adds	r0, r3, #4
 2538 012c CCF81000 		str	r0, [ip, #16]
 2539              	.LVL226:
 448:./ucos/Core/os_core.c ****                      if (pq->OSQOut == pq->OSQEnd) {    /* If OUT ptr at queue end, ...            
 2540              		.loc 1 448 36 view .LVU788
 2541 0130 1B68     		ldr	r3, [r3]
 448:./ucos/Core/os_core.c ****                      if (pq->OSQOut == pq->OSQEnd) {    /* If OUT ptr at queue end, ...            
 2542              		.loc 1 448 34 view .LVU789
 2543 0132 45F8043B 		str	r3, [r5], #4
 2544              	.LVL227:
 449:./ucos/Core/os_core.c ****                          pq->OSQOut  = pq->OSQStart;    /* ... wrap   to queue start               
 2545              		.loc 1 449 22 is_stmt 1 view .LVU790
 449:./ucos/Core/os_core.c ****                          pq->OSQOut  = pq->OSQStart;    /* ... wrap   to queue start               
 2546              		.loc 1 449 28 is_stmt 0 view .LVU791
ARM GAS  /tmp/ccMSGEvU.s 			page 90


 2547 0136 DCF81000 		ldr	r0, [ip, #16]
 449:./ucos/Core/os_core.c ****                          pq->OSQOut  = pq->OSQStart;    /* ... wrap   to queue start               
 2548              		.loc 1 449 42 view .LVU792
 2549 013a DCF80830 		ldr	r3, [ip, #8]
 449:./ucos/Core/os_core.c ****                          pq->OSQOut  = pq->OSQStart;    /* ... wrap   to queue start               
 2550              		.loc 1 449 25 view .LVU793
 2551 013e 9842     		cmp	r0, r3
 2552 0140 0DD0     		beq	.L194
 2553              	.L169:
 452:./ucos/Core/os_core.c ****                     *pevents_rdy++ = pevent;            /* ... and return available queue event    
 2554              		.loc 1 452 22 is_stmt 1 view .LVU794
 452:./ucos/Core/os_core.c ****                     *pevents_rdy++ = pevent;            /* ... and return available queue event    
 2555              		.loc 1 452 24 is_stmt 0 view .LVU795
 2556 0142 BCF81630 		ldrh	r3, [ip, #22]
 452:./ucos/Core/os_core.c ****                     *pevents_rdy++ = pevent;            /* ... and return available queue event    
 2557              		.loc 1 452 36 view .LVU796
 2558 0146 013B     		subs	r3, r3, #1
 2559 0148 ACF81630 		strh	r3, [ip, #22]	@ movhi
 453:./ucos/Core/os_core.c ****                       events_rdy   = OS_TRUE;
 2560              		.loc 1 453 21 is_stmt 1 view .LVU797
 2561              	.LVL228:
 453:./ucos/Core/os_core.c ****                       events_rdy   = OS_TRUE;
 2562              		.loc 1 453 36 is_stmt 0 view .LVU798
 2563 014c 44F8046B 		str	r6, [r4], #4
 2564              	.LVL229:
 454:./ucos/Core/os_core.c ****                       events_rdy_nbr++;
 2565              		.loc 1 454 23 is_stmt 1 view .LVU799
 455:./ucos/Core/os_core.c **** 
 2566              		.loc 1 455 23 view .LVU800
 455:./ucos/Core/os_core.c **** 
 2567              		.loc 1 455 37 is_stmt 0 view .LVU801
 2568 0150 09F10109 		add	r9, r9, #1
 2569              	.LVL230:
 455:./ucos/Core/os_core.c **** 
 2570              		.loc 1 455 37 view .LVU802
 2571 0154 1FFA89F9 		uxth	r9, r9
 2572              	.LVL231:
 454:./ucos/Core/os_core.c ****                       events_rdy_nbr++;
 2573              		.loc 1 454 36 view .LVU803
 2574 0158 4FF0010A 		mov	r10, #1
 2575 015c C6E7     		b	.L166
 2576              	.LVL232:
 2577              	.L194:
 450:./ucos/Core/os_core.c ****                      }
 2578              		.loc 1 450 26 is_stmt 1 view .LVU804
 450:./ucos/Core/os_core.c ****                      }
 2579              		.loc 1 450 42 is_stmt 0 view .LVU805
 2580 015e DCF80430 		ldr	r3, [ip, #4]
 450:./ucos/Core/os_core.c ****                      }
 2581              		.loc 1 450 38 view .LVU806
 2582 0162 CCF81030 		str	r3, [ip, #16]
 2583 0166 ECE7     		b	.L169
 2584              	.L168:
 458:./ucos/Core/os_core.c ****                  }
 2585              		.loc 1 458 23 is_stmt 1 view .LVU807
 458:./ucos/Core/os_core.c ****                  }
 2586              		.loc 1 458 35 is_stmt 0 view .LVU808
ARM GAS  /tmp/ccMSGEvU.s 			page 91


 2587 0168 41F00401 		orr	r1, r1, #4
 2588              	.LVL233:
 458:./ucos/Core/os_core.c ****                  }
 2589              		.loc 1 458 35 view .LVU809
 2590 016c C9B2     		uxtb	r1, r1
 2591              	.LVL234:
 458:./ucos/Core/os_core.c ****                  }
 2592              		.loc 1 458 35 view .LVU810
 2593 016e BDE7     		b	.L166
 2594              	.LVL235:
 2595              	.L193:
 475:./ucos/Core/os_core.c ****        *pevents_rdy = (OS_EVENT *)0;                    /* NULL terminate return event array       
 2596              		.loc 1 475 5 is_stmt 1 view .LVU811
 475:./ucos/Core/os_core.c ****        *pevents_rdy = (OS_EVENT *)0;                    /* NULL terminate return event array       
 2597              		.loc 1 475 8 is_stmt 0 view .LVU812
 2598 0170 BAF1010F 		cmp	r10, #1
 2599 0174 37D0     		beq	.L195
 483:./ucos/Core/os_core.c ****                                OS_STAT_MULTI;           /* ... pend on multiple events             
 2600              		.loc 1 483 5 is_stmt 1 view .LVU813
 483:./ucos/Core/os_core.c ****                                OS_STAT_MULTI;           /* ... pend on multiple events             
 2601              		.loc 1 483 13 is_stmt 0 view .LVU814
 2602 0176 DFF8F8A0 		ldr	r10, .L197+8
 2603              	.LVL236:
 483:./ucos/Core/os_core.c ****                                OS_STAT_MULTI;           /* ... pend on multiple events             
 2604              		.loc 1 483 13 view .LVU815
 2605 017a DAF80020 		ldr	r2, [r10]
 2606              	.LVL237:
 483:./ucos/Core/os_core.c ****                                OS_STAT_MULTI;           /* ... pend on multiple events             
 2607              		.loc 1 483 13 view .LVU816
 2608 017e 92F83830 		ldrb	r3, [r2, #56]	@ zero_extendqisi2
 483:./ucos/Core/os_core.c ****                                OS_STAT_MULTI;           /* ... pend on multiple events             
 2609              		.loc 1 483 29 view .LVU817
 2610 0182 0B43     		orrs	r3, r3, r1
 2611 0184 63F07F03 		orn	r3, r3, #127
 2612 0188 82F83830 		strb	r3, [r2, #56]
 485:./ucos/Core/os_core.c ****     OSTCBCur->OSTCBDly       = timeout;                 /* Store pend timeout in TCB               
 2613              		.loc 1 485 5 is_stmt 1 view .LVU818
 485:./ucos/Core/os_core.c ****     OSTCBCur->OSTCBDly       = timeout;                 /* Store pend timeout in TCB               
 2614              		.loc 1 485 30 is_stmt 0 view .LVU819
 2615 018c 0023     		movs	r3, #0
 2616 018e 82F83930 		strb	r3, [r2, #57]
 486:./ucos/Core/os_core.c ****     OS_EventTaskWaitMulti(pevents_pend);                /* Suspend task until events or timeout occ
 2617              		.loc 1 486 5 is_stmt 1 view .LVU820
 486:./ucos/Core/os_core.c ****     OS_EventTaskWaitMulti(pevents_pend);                /* Suspend task until events or timeout occ
 2618              		.loc 1 486 30 is_stmt 0 view .LVU821
 2619 0192 C2F83480 		str	r8, [r2, #52]
 487:./ucos/Core/os_core.c **** 
 2620              		.loc 1 487 5 is_stmt 1 view .LVU822
 2621 0196 3846     		mov	r0, r7
 2622 0198 FFF7FEFF 		bl	OS_EventTaskWaitMulti
 2623              	.LVL238:
 489:./ucos/Core/os_core.c ****     OS_Sched();                                         /* Find next highest priority task ready   
 2624              		.loc 1 489 5 view .LVU823
 489:./ucos/Core/os_core.c ****     OS_Sched();                                         /* Find next highest priority task ready   
 2625              		.loc 1 489 5 view .LVU824
 2626 019c 5846     		mov	r0, fp
 2627 019e FFF7FEFF 		bl	OS_CPU_SR_Restore
ARM GAS  /tmp/ccMSGEvU.s 			page 92


 2628              	.LVL239:
 489:./ucos/Core/os_core.c ****     OS_Sched();                                         /* Find next highest priority task ready   
 2629              		.loc 1 489 5 discriminator 1 view .LVU825
 490:./ucos/Core/os_core.c ****     OS_ENTER_CRITICAL();
 2630              		.loc 1 490 5 view .LVU826
 2631 01a2 FFF7FEFF 		bl	OS_Sched
 2632              	.LVL240:
 491:./ucos/Core/os_core.c **** 
 2633              		.loc 1 491 5 view .LVU827
 491:./ucos/Core/os_core.c **** 
 2634              		.loc 1 491 5 view .LVU828
 2635 01a6 FFF7FEFF 		bl	OS_CPU_SR_Save
 2636              	.LVL241:
 2637 01aa 8046     		mov	r8, r0
 2638              	.LVL242:
 491:./ucos/Core/os_core.c **** 
 2639              		.loc 1 491 5 discriminator 1 view .LVU829
 493:./ucos/Core/os_core.c ****         case OS_STAT_PEND_OK:
 2640              		.loc 1 493 5 view .LVU830
 493:./ucos/Core/os_core.c ****         case OS_STAT_PEND_OK:
 2641              		.loc 1 493 21 is_stmt 0 view .LVU831
 2642 01ac DAF80000 		ldr	r0, [r10]
 2643              	.LVL243:
 493:./ucos/Core/os_core.c ****         case OS_STAT_PEND_OK:
 2644              		.loc 1 493 21 view .LVU832
 2645 01b0 90F83930 		ldrb	r3, [r0, #57]	@ zero_extendqisi2
 493:./ucos/Core/os_core.c ****         case OS_STAT_PEND_OK:
 2646              		.loc 1 493 5 view .LVU833
 2647 01b4 0BB1     		cbz	r3, .L172
 2648 01b6 022B     		cmp	r3, #2
 2649 01b8 25D1     		bne	.L173
 2650              	.L172:
 496:./ucos/Core/os_core.c ****              if (pevent != (OS_EVENT *)0) {             /* If task event ptr != NULL, ...          
 2651              		.loc 1 496 14 is_stmt 1 view .LVU834
 496:./ucos/Core/os_core.c ****              if (pevent != (OS_EVENT *)0) {             /* If task event ptr != NULL, ...          
 2652              		.loc 1 496 21 is_stmt 0 view .LVU835
 2653 01ba 466A     		ldr	r6, [r0, #36]
 2654              	.LVL244:
 497:./ucos/Core/os_core.c ****                 *pevents_rdy++   =  pevent;             /* ... return available event ...          
 2655              		.loc 1 497 14 is_stmt 1 view .LVU836
 497:./ucos/Core/os_core.c ****                 *pevents_rdy++   =  pevent;             /* ... return available event ...          
 2656              		.loc 1 497 17 is_stmt 0 view .LVU837
 2657 01bc DEB1     		cbz	r6, .L174
 498:./ucos/Core/os_core.c ****                 *pevents_rdy     = (OS_EVENT *)0;       /* ... & NULL terminate return event array 
 2658              		.loc 1 498 17 is_stmt 1 view .LVU838
 498:./ucos/Core/os_core.c ****                 *pevents_rdy     = (OS_EVENT *)0;       /* ... & NULL terminate return event array 
 2659              		.loc 1 498 29 is_stmt 0 view .LVU839
 2660 01be 2746     		mov	r7, r4
 2661              	.LVL245:
 498:./ucos/Core/os_core.c ****                 *pevents_rdy     = (OS_EVENT *)0;       /* ... & NULL terminate return event array 
 2662              		.loc 1 498 34 view .LVU840
 2663 01c0 47F8046B 		str	r6, [r7], #4
 2664              	.LVL246:
 499:./ucos/Core/os_core.c ****                   events_rdy_nbr =  1;
 2665              		.loc 1 499 17 is_stmt 1 view .LVU841
 499:./ucos/Core/os_core.c ****                   events_rdy_nbr =  1;
 2666              		.loc 1 499 34 is_stmt 0 view .LVU842
ARM GAS  /tmp/ccMSGEvU.s 			page 93


 2667 01c4 0023     		movs	r3, #0
 2668 01c6 6360     		str	r3, [r4, #4]
 500:./ucos/Core/os_core.c **** 
 2669              		.loc 1 500 19 is_stmt 1 view .LVU843
 2670              	.LVL247:
 500:./ucos/Core/os_core.c **** 
 2671              		.loc 1 500 34 is_stmt 0 view .LVU844
 2672 01c8 4FF00109 		mov	r9, #1
 2673              	.LVL248:
 2674              	.L175:
 514:./ucos/Core/os_core.c ****         case OS_STAT_PEND_OK:
 2675              		.loc 1 514 5 is_stmt 1 view .LVU845
 514:./ucos/Core/os_core.c ****         case OS_STAT_PEND_OK:
 2676              		.loc 1 514 21 is_stmt 0 view .LVU846
 2677 01cc 284B     		ldr	r3, .L197+8
 2678 01ce 1A68     		ldr	r2, [r3]
 2679 01d0 92F83930 		ldrb	r3, [r2, #57]	@ zero_extendqisi2
 514:./ucos/Core/os_core.c ****         case OS_STAT_PEND_OK:
 2680              		.loc 1 514 5 view .LVU847
 2681 01d4 E3B1     		cbz	r3, .L176
 514:./ucos/Core/os_core.c ****         case OS_STAT_PEND_OK:
 2682              		.loc 1 514 5 view .LVU848
 2683 01d6 022B     		cmp	r3, #2
 2684 01d8 33D0     		beq	.L177
 549:./ucos/Core/os_core.c ****             *perr        =  OS_ERR_TIMEOUT;             /* Indicate that events timed out          
 2685              		.loc 1 549 13 is_stmt 1 view .LVU849
 2686              	.LVL249:
 549:./ucos/Core/os_core.c ****             *perr        =  OS_ERR_TIMEOUT;             /* Indicate that events timed out          
 2687              		.loc 1 549 26 is_stmt 0 view .LVU850
 2688 01da 0023     		movs	r3, #0
 2689 01dc 2B60     		str	r3, [r5]
 550:./ucos/Core/os_core.c ****              break;
 2690              		.loc 1 550 13 is_stmt 1 view .LVU851
 550:./ucos/Core/os_core.c ****              break;
 2691              		.loc 1 550 26 is_stmt 0 view .LVU852
 2692 01de 0A23     		movs	r3, #10
 2693 01e0 0A9A     		ldr	r2, [sp, #40]
 2694 01e2 1370     		strb	r3, [r2]
 551:./ucos/Core/os_core.c ****     }
 2695              		.loc 1 551 14 is_stmt 1 view .LVU853
 2696 01e4 32E0     		b	.L183
 2697              	.LVL250:
 2698              	.L195:
 476:./ucos/Core/os_core.c ****         OS_EXIT_CRITICAL();
 2699              		.loc 1 476 8 view .LVU854
 476:./ucos/Core/os_core.c ****         OS_EXIT_CRITICAL();
 2700              		.loc 1 476 21 is_stmt 0 view .LVU855
 2701 01e6 0025     		movs	r5, #0
 2702              	.LVL251:
 476:./ucos/Core/os_core.c ****         OS_EXIT_CRITICAL();
 2703              		.loc 1 476 21 view .LVU856
 2704 01e8 2560     		str	r5, [r4]
 477:./ucos/Core/os_core.c ****        *perr        =  OS_ERR_NONE;
 2705              		.loc 1 477 9 is_stmt 1 view .LVU857
 477:./ucos/Core/os_core.c ****        *perr        =  OS_ERR_NONE;
 2706              		.loc 1 477 9 view .LVU858
 2707 01ea 5846     		mov	r0, fp
ARM GAS  /tmp/ccMSGEvU.s 			page 94


 2708 01ec FFF7FEFF 		bl	OS_CPU_SR_Restore
 2709              	.LVL252:
 477:./ucos/Core/os_core.c ****        *perr        =  OS_ERR_NONE;
 2710              		.loc 1 477 9 discriminator 1 view .LVU859
 478:./ucos/Core/os_core.c ****         return (events_rdy_nbr);
 2711              		.loc 1 478 8 view .LVU860
 478:./ucos/Core/os_core.c ****         return (events_rdy_nbr);
 2712              		.loc 1 478 21 is_stmt 0 view .LVU861
 2713 01f0 0A9B     		ldr	r3, [sp, #40]
 2714 01f2 1D70     		strb	r5, [r3]
 479:./ucos/Core/os_core.c ****     }
 2715              		.loc 1 479 9 is_stmt 1 view .LVU862
 479:./ucos/Core/os_core.c ****     }
 2716              		.loc 1 479 16 is_stmt 0 view .LVU863
 2717 01f4 39E7     		b	.L151
 2718              	.LVL253:
 2719              	.L174:
 503:./ucos/Core/os_core.c ****                  OS_EventTaskRemoveMulti(OSTCBCur, pevents_pend);
 2720              		.loc 1 503 18 is_stmt 1 view .LVU864
 503:./ucos/Core/os_core.c ****                  OS_EventTaskRemoveMulti(OSTCBCur, pevents_pend);
 2721              		.loc 1 503 42 is_stmt 0 view .LVU865
 2722 01f6 0123     		movs	r3, #1
 2723 01f8 80F83930 		strb	r3, [r0, #57]
 504:./ucos/Core/os_core.c ****              }
 2724              		.loc 1 504 18 is_stmt 1 view .LVU866
 2725 01fc 3946     		mov	r1, r7
 2726 01fe FFF7FEFF 		bl	OS_EventTaskRemoveMulti
 2727              	.LVL254:
 2728 0202 2746     		mov	r7, r4
 2729              	.LVL255:
 504:./ucos/Core/os_core.c ****              }
 2730              		.loc 1 504 18 is_stmt 0 view .LVU867
 2731 0204 E2E7     		b	.L175
 2732              	.LVL256:
 2733              	.L173:
 510:./ucos/Core/os_core.c ****              break;
 2734              		.loc 1 510 14 is_stmt 1 view .LVU868
 2735 0206 3946     		mov	r1, r7
 2736 0208 FFF7FEFF 		bl	OS_EventTaskRemoveMulti
 2737              	.LVL257:
 511:./ucos/Core/os_core.c ****     }
 2738              		.loc 1 511 14 view .LVU869
 2739 020c 2746     		mov	r7, r4
 2740              	.LVL258:
 511:./ucos/Core/os_core.c ****     }
 2741              		.loc 1 511 14 is_stmt 0 view .LVU870
 2742 020e DDE7     		b	.L175
 2743              	.LVL259:
 2744              	.L176:
 516:./ucos/Core/os_core.c **** #if (OS_SEM_EN > 0u)
 2745              		.loc 1 516 14 is_stmt 1 view .LVU871
 516:./ucos/Core/os_core.c **** #if (OS_SEM_EN > 0u)
 2746              		.loc 1 516 28 is_stmt 0 view .LVU872
 2747 0210 3378     		ldrb	r3, [r6]	@ zero_extendqisi2
 516:./ucos/Core/os_core.c **** #if (OS_SEM_EN > 0u)
 2748              		.loc 1 516 14 view .LVU873
 2749 0212 022B     		cmp	r3, #2
ARM GAS  /tmp/ccMSGEvU.s 			page 95


 2750 0214 07D9     		bls	.L196
 2751 0216 032B     		cmp	r3, #3
 2752 0218 0AD1     		bne	.L181
 519:./ucos/Core/os_core.c ****                       break;
 2753              		.loc 1 519 22 is_stmt 1 view .LVU874
 2754              	.LVL260:
 519:./ucos/Core/os_core.c ****                       break;
 2755              		.loc 1 519 35 is_stmt 0 view .LVU875
 2756 021a 0023     		movs	r3, #0
 2757 021c 2B60     		str	r3, [r5]
 520:./ucos/Core/os_core.c **** #endif
 2758              		.loc 1 520 23 is_stmt 1 view .LVU876
 2759              	.LVL261:
 2760              	.L182:
 539:./ucos/Core/os_core.c ****              break;
 2761              		.loc 1 539 13 view .LVU877
 539:./ucos/Core/os_core.c ****              break;
 2762              		.loc 1 539 19 is_stmt 0 view .LVU878
 2763 021e 0023     		movs	r3, #0
 2764 0220 0A9A     		ldr	r2, [sp, #40]
 2765 0222 1370     		strb	r3, [r2]
 540:./ucos/Core/os_core.c **** 
 2766              		.loc 1 540 14 is_stmt 1 view .LVU879
 2767 0224 12E0     		b	.L183
 2768              	.LVL262:
 2769              	.L196:
 516:./ucos/Core/os_core.c **** #if (OS_SEM_EN > 0u)
 2770              		.loc 1 516 14 is_stmt 0 view .LVU880
 2771 0226 5BB2     		sxtb	r3, r3
 2772 0228 13B1     		cbz	r3, .L181
 527:./ucos/Core/os_core.c ****                       break;
 2773              		.loc 1 527 22 is_stmt 1 view .LVU881
 2774              	.LVL263:
 527:./ucos/Core/os_core.c ****                       break;
 2775              		.loc 1 527 37 is_stmt 0 view .LVU882
 2776 022a 936A     		ldr	r3, [r2, #40]
 527:./ucos/Core/os_core.c ****                       break;
 2777              		.loc 1 527 35 view .LVU883
 2778 022c 2B60     		str	r3, [r5]
 528:./ucos/Core/os_core.c **** #endif
 2779              		.loc 1 528 23 is_stmt 1 view .LVU884
 2780 022e F6E7     		b	.L182
 2781              	.LVL264:
 2782              	.L181:
 534:./ucos/Core/os_core.c ****                      *pevents_rdy = (OS_EVENT *)0;      /* NULL terminate return event array       
 2783              		.loc 1 534 23 view .LVU885
 534:./ucos/Core/os_core.c ****                      *pevents_rdy = (OS_EVENT *)0;      /* NULL terminate return event array       
 2784              		.loc 1 534 23 view .LVU886
 2785 0230 4046     		mov	r0, r8
 2786 0232 FFF7FEFF 		bl	OS_CPU_SR_Restore
 2787              	.LVL265:
 534:./ucos/Core/os_core.c ****                      *pevents_rdy = (OS_EVENT *)0;      /* NULL terminate return event array       
 2788              		.loc 1 534 23 discriminator 1 view .LVU887
 535:./ucos/Core/os_core.c ****                      *perr        =  OS_ERR_EVENT_TYPE;
 2789              		.loc 1 535 22 view .LVU888
 535:./ucos/Core/os_core.c ****                      *perr        =  OS_ERR_EVENT_TYPE;
 2790              		.loc 1 535 35 is_stmt 0 view .LVU889
ARM GAS  /tmp/ccMSGEvU.s 			page 96


 2791 0236 0023     		movs	r3, #0
 2792 0238 3B60     		str	r3, [r7]
 536:./ucos/Core/os_core.c ****                       return (events_rdy_nbr);
 2793              		.loc 1 536 22 is_stmt 1 view .LVU890
 536:./ucos/Core/os_core.c ****                       return (events_rdy_nbr);
 2794              		.loc 1 536 35 is_stmt 0 view .LVU891
 2795 023a 0123     		movs	r3, #1
 2796 023c 0A9A     		ldr	r2, [sp, #40]
 2797 023e 1370     		strb	r3, [r2]
 537:./ucos/Core/os_core.c ****              }
 2798              		.loc 1 537 23 is_stmt 1 view .LVU892
 537:./ucos/Core/os_core.c ****              }
 2799              		.loc 1 537 30 is_stmt 0 view .LVU893
 2800 0240 13E7     		b	.L151
 2801              	.L177:
 543:./ucos/Core/os_core.c ****             *perr        =  OS_ERR_PEND_ABORT;          /* Indicate that event  aborted            
 2802              		.loc 1 543 13 is_stmt 1 view .LVU894
 2803              	.LVL266:
 543:./ucos/Core/os_core.c ****             *perr        =  OS_ERR_PEND_ABORT;          /* Indicate that event  aborted            
 2804              		.loc 1 543 26 is_stmt 0 view .LVU895
 2805 0242 0023     		movs	r3, #0
 2806 0244 2B60     		str	r3, [r5]
 544:./ucos/Core/os_core.c ****              break;
 2807              		.loc 1 544 13 is_stmt 1 view .LVU896
 544:./ucos/Core/os_core.c ****              break;
 2808              		.loc 1 544 26 is_stmt 0 view .LVU897
 2809 0246 0E23     		movs	r3, #14
 2810 0248 0A9A     		ldr	r2, [sp, #40]
 2811 024a 1370     		strb	r3, [r2]
 545:./ucos/Core/os_core.c **** 
 2812              		.loc 1 545 14 is_stmt 1 view .LVU898
 2813              	.LVL267:
 2814              	.L183:
 554:./ucos/Core/os_core.c ****     OSTCBCur->OSTCBStatPend      =  OS_STAT_PEND_OK;    /* Clear pend  status                      
 2815              		.loc 1 554 5 view .LVU899
 554:./ucos/Core/os_core.c ****     OSTCBCur->OSTCBStatPend      =  OS_STAT_PEND_OK;    /* Clear pend  status                      
 2816              		.loc 1 554 13 is_stmt 0 view .LVU900
 2817 024c 084B     		ldr	r3, .L197+8
 2818 024e 1B68     		ldr	r3, [r3]
 554:./ucos/Core/os_core.c ****     OSTCBCur->OSTCBStatPend      =  OS_STAT_PEND_OK;    /* Clear pend  status                      
 2819              		.loc 1 554 34 view .LVU901
 2820 0250 0022     		movs	r2, #0
 2821 0252 83F83820 		strb	r2, [r3, #56]
 555:./ucos/Core/os_core.c ****     OSTCBCur->OSTCBEventMultiPtr = (OS_EVENT **)0;      /* Clear event pointers                    
 2822              		.loc 1 555 5 is_stmt 1 view .LVU902
 555:./ucos/Core/os_core.c ****     OSTCBCur->OSTCBEventMultiPtr = (OS_EVENT **)0;      /* Clear event pointers                    
 2823              		.loc 1 555 34 is_stmt 0 view .LVU903
 2824 0256 83F83920 		strb	r2, [r3, #57]
 556:./ucos/Core/os_core.c ****     OSTCBCur->OSTCBEventMultiRdy = (OS_EVENT  *)0;
 2825              		.loc 1 556 5 is_stmt 1 view .LVU904
 556:./ucos/Core/os_core.c ****     OSTCBCur->OSTCBEventMultiRdy = (OS_EVENT  *)0;
 2826              		.loc 1 556 34 is_stmt 0 view .LVU905
 2827 025a 1A62     		str	r2, [r3, #32]
 557:./ucos/Core/os_core.c **** #if ((OS_MBOX_EN > 0u) ||                 \
 2828              		.loc 1 557 5 is_stmt 1 view .LVU906
 557:./ucos/Core/os_core.c **** #if ((OS_MBOX_EN > 0u) ||                 \
 2829              		.loc 1 557 34 is_stmt 0 view .LVU907
ARM GAS  /tmp/ccMSGEvU.s 			page 97


 2830 025c 5A62     		str	r2, [r3, #36]
 560:./ucos/Core/os_core.c **** #endif
 2831              		.loc 1 560 5 is_stmt 1 view .LVU908
 560:./ucos/Core/os_core.c **** #endif
 2832              		.loc 1 560 34 is_stmt 0 view .LVU909
 2833 025e 9A62     		str	r2, [r3, #40]
 562:./ucos/Core/os_core.c **** 
 2834              		.loc 1 562 5 is_stmt 1 view .LVU910
 562:./ucos/Core/os_core.c **** 
 2835              		.loc 1 562 5 view .LVU911
 2836 0260 4046     		mov	r0, r8
 2837 0262 FFF7FEFF 		bl	OS_CPU_SR_Restore
 2838              	.LVL268:
 562:./ucos/Core/os_core.c **** 
 2839              		.loc 1 562 5 discriminator 1 view .LVU912
 564:./ucos/Core/os_core.c **** }
 2840              		.loc 1 564 5 view .LVU913
 564:./ucos/Core/os_core.c **** }
 2841              		.loc 1 564 12 is_stmt 0 view .LVU914
 2842 0266 00E7     		b	.L151
 2843              	.L198:
 2844              		.align	2
 2845              	.L197:
 2846 0268 00000000 		.word	OSIntNesting
 2847 026c 00000000 		.word	OSLockNesting
 2848 0270 00000000 		.word	OSTCBCur
 2849              		.cfi_endproc
 2850              	.LFE2:
 2852              		.section	.text.OSSchedUnlock,"ax",%progbits
 2853              		.align	1
 2854              		.global	OSSchedUnlock
 2855              		.syntax unified
 2856              		.thumb
 2857              		.thumb_func
 2859              	OSSchedUnlock:
 2860              	.LFB7:
 820:./ucos/Core/os_core.c **** #if OS_CRITICAL_METHOD == 3u                               /* Allocate storage for CPU status regis
 2861              		.loc 1 820 1 is_stmt 1 view -0
 2862              		.cfi_startproc
 2863              		@ args = 0, pretend = 0, frame = 0
 2864              		@ frame_needed = 0, uses_anonymous_args = 0
 2865 0000 08B5     		push	{r3, lr}
 2866              	.LCFI23:
 2867              		.cfi_def_cfa_offset 8
 2868              		.cfi_offset 3, -8
 2869              		.cfi_offset 14, -4
 822:./ucos/Core/os_core.c **** #endif
 2870              		.loc 1 822 5 view .LVU916
 2871              	.LVL269:
 827:./ucos/Core/os_core.c ****         OS_ENTER_CRITICAL();
 2872              		.loc 1 827 5 view .LVU917
 827:./ucos/Core/os_core.c ****         OS_ENTER_CRITICAL();
 2873              		.loc 1 827 19 is_stmt 0 view .LVU918
 2874 0002 104B     		ldr	r3, .L206
 2875 0004 1B78     		ldrb	r3, [r3]	@ zero_extendqisi2
 827:./ucos/Core/os_core.c ****         OS_ENTER_CRITICAL();
 2876              		.loc 1 827 8 view .LVU919
ARM GAS  /tmp/ccMSGEvU.s 			page 98


 2877 0006 012B     		cmp	r3, #1
 2878 0008 00D0     		beq	.L205
 2879              	.LVL270:
 2880              	.L199:
 845:./ucos/Core/os_core.c **** #endif
 2881              		.loc 1 845 1 view .LVU920
 2882 000a 08BD     		pop	{r3, pc}
 2883              	.LVL271:
 2884              	.L205:
 828:./ucos/Core/os_core.c ****         if (OSIntNesting == 0u) {                          /* Can't call from an ISR               
 2885              		.loc 1 828 9 is_stmt 1 view .LVU921
 828:./ucos/Core/os_core.c ****         if (OSIntNesting == 0u) {                          /* Can't call from an ISR               
 2886              		.loc 1 828 9 view .LVU922
 2887 000c FFF7FEFF 		bl	OS_CPU_SR_Save
 2888              	.LVL272:
 828:./ucos/Core/os_core.c ****         if (OSIntNesting == 0u) {                          /* Can't call from an ISR               
 2889              		.loc 1 828 9 discriminator 1 view .LVU923
 829:./ucos/Core/os_core.c ****             if (OSLockNesting > 0u) {                      /* Do not decrement if already 0        
 2890              		.loc 1 829 9 view .LVU924
 829:./ucos/Core/os_core.c ****             if (OSLockNesting > 0u) {                      /* Do not decrement if already 0        
 2891              		.loc 1 829 26 is_stmt 0 view .LVU925
 2892 0010 0D4B     		ldr	r3, .L206+4
 2893 0012 1B78     		ldrb	r3, [r3]	@ zero_extendqisi2
 829:./ucos/Core/os_core.c ****             if (OSLockNesting > 0u) {                      /* Do not decrement if already 0        
 2894              		.loc 1 829 12 view .LVU926
 2895 0014 93B9     		cbnz	r3, .L201
 830:./ucos/Core/os_core.c ****                 OSLockNesting--;                           /* Decrement lock nesting level         
 2896              		.loc 1 830 13 is_stmt 1 view .LVU927
 830:./ucos/Core/os_core.c ****                 OSLockNesting--;                           /* Decrement lock nesting level         
 2897              		.loc 1 830 31 is_stmt 0 view .LVU928
 2898 0016 0D4B     		ldr	r3, .L206+8
 2899 0018 1B78     		ldrb	r3, [r3]	@ zero_extendqisi2
 830:./ucos/Core/os_core.c ****                 OSLockNesting--;                           /* Decrement lock nesting level         
 2900              		.loc 1 830 16 view .LVU929
 2901 001a 63B1     		cbz	r3, .L202
 831:./ucos/Core/os_core.c ****                 if (OSLockNesting == 0u) {                 /* See if scheduler is enabled          
 2902              		.loc 1 831 17 is_stmt 1 view .LVU930
 831:./ucos/Core/os_core.c ****                 if (OSLockNesting == 0u) {                 /* See if scheduler is enabled          
 2903              		.loc 1 831 30 is_stmt 0 view .LVU931
 2904 001c 013B     		subs	r3, r3, #1
 2905 001e DBB2     		uxtb	r3, r3
 2906 0020 0A4A     		ldr	r2, .L206+8
 2907 0022 1370     		strb	r3, [r2]
 832:./ucos/Core/os_core.c ****                     OS_EXIT_CRITICAL();
 2908              		.loc 1 832 17 is_stmt 1 view .LVU932
 832:./ucos/Core/os_core.c ****                     OS_EXIT_CRITICAL();
 2909              		.loc 1 832 20 is_stmt 0 view .LVU933
 2910 0024 23B9     		cbnz	r3, .L203
 833:./ucos/Core/os_core.c ****                     OS_Sched();                            /* See if a HPT is ready                
 2911              		.loc 1 833 21 is_stmt 1 view .LVU934
 833:./ucos/Core/os_core.c ****                     OS_Sched();                            /* See if a HPT is ready                
 2912              		.loc 1 833 21 view .LVU935
 2913 0026 FFF7FEFF 		bl	OS_CPU_SR_Restore
 2914              	.LVL273:
 833:./ucos/Core/os_core.c ****                     OS_Sched();                            /* See if a HPT is ready                
 2915              		.loc 1 833 21 discriminator 1 view .LVU936
 834:./ucos/Core/os_core.c ****                 } else {
ARM GAS  /tmp/ccMSGEvU.s 			page 99


 2916              		.loc 1 834 21 view .LVU937
 2917 002a FFF7FEFF 		bl	OS_Sched
 2918              	.LVL274:
 2919 002e ECE7     		b	.L199
 2920              	.LVL275:
 2921              	.L203:
 836:./ucos/Core/os_core.c ****                 }
 2922              		.loc 1 836 21 view .LVU938
 836:./ucos/Core/os_core.c ****                 }
 2923              		.loc 1 836 21 view .LVU939
 2924 0030 FFF7FEFF 		bl	OS_CPU_SR_Restore
 2925              	.LVL276:
 836:./ucos/Core/os_core.c ****                 }
 2926              		.loc 1 836 21 is_stmt 0 view .LVU940
 2927 0034 E9E7     		b	.L199
 2928              	.LVL277:
 2929              	.L202:
 839:./ucos/Core/os_core.c ****             }
 2930              		.loc 1 839 17 is_stmt 1 view .LVU941
 839:./ucos/Core/os_core.c ****             }
 2931              		.loc 1 839 17 view .LVU942
 2932 0036 FFF7FEFF 		bl	OS_CPU_SR_Restore
 2933              	.LVL278:
 839:./ucos/Core/os_core.c ****             }
 2934              		.loc 1 839 17 is_stmt 0 view .LVU943
 2935 003a E6E7     		b	.L199
 2936              	.LVL279:
 2937              	.L201:
 842:./ucos/Core/os_core.c ****         }
 2938              		.loc 1 842 13 is_stmt 1 view .LVU944
 842:./ucos/Core/os_core.c ****         }
 2939              		.loc 1 842 13 view .LVU945
 2940 003c FFF7FEFF 		bl	OS_CPU_SR_Restore
 2941              	.LVL280:
 842:./ucos/Core/os_core.c ****         }
 2942              		.loc 1 842 13 discriminator 1 view .LVU946
 845:./ucos/Core/os_core.c **** #endif
 2943              		.loc 1 845 1 is_stmt 0 view .LVU947
 2944 0040 E3E7     		b	.L199
 2945              	.L207:
 2946 0042 00BF     		.align	2
 2947              	.L206:
 2948 0044 00000000 		.word	OSRunning
 2949 0048 00000000 		.word	OSIntNesting
 2950 004c 00000000 		.word	OSLockNesting
 2951              		.cfi_endproc
 2952              	.LFE7:
 2954              		.section	.text.OS_StrLen,"ax",%progbits
 2955              		.align	1
 2956              		.global	OS_StrLen
 2957              		.syntax unified
 2958              		.thumb
 2959              		.thumb_func
 2961              	OS_StrLen:
 2962              	.LVL281:
 2963              	.LFB29:
1799:./ucos/Core/os_core.c ****     INT8U  len;
ARM GAS  /tmp/ccMSGEvU.s 			page 100


 2964              		.loc 1 1799 1 is_stmt 1 view -0
 2965              		.cfi_startproc
 2966              		@ args = 0, pretend = 0, frame = 0
 2967              		@ frame_needed = 0, uses_anonymous_args = 0
 2968              		@ link register save eliminated.
1800:./ucos/Core/os_core.c **** 
 2969              		.loc 1 1800 5 view .LVU949
1804:./ucos/Core/os_core.c ****         return (0u);
 2970              		.loc 1 1804 5 view .LVU950
1804:./ucos/Core/os_core.c ****         return (0u);
 2971              		.loc 1 1804 8 is_stmt 0 view .LVU951
 2972 0000 0346     		mov	r3, r0
 2973 0002 40B1     		cbz	r0, .L212
1809:./ucos/Core/os_core.c ****     while (*psrc != OS_ASCII_NUL) {
 2974              		.loc 1 1809 9 view .LVU952
 2975 0004 0020     		movs	r0, #0
 2976              	.LVL282:
1809:./ucos/Core/os_core.c ****     while (*psrc != OS_ASCII_NUL) {
 2977              		.loc 1 1809 9 view .LVU953
 2978 0006 02E0     		b	.L210
 2979              	.LVL283:
 2980              	.L211:
1811:./ucos/Core/os_core.c ****         len++;
 2981              		.loc 1 1811 9 is_stmt 1 view .LVU954
1811:./ucos/Core/os_core.c ****         len++;
 2982              		.loc 1 1811 13 is_stmt 0 view .LVU955
 2983 0008 0133     		adds	r3, r3, #1
 2984              	.LVL284:
1812:./ucos/Core/os_core.c ****     }
 2985              		.loc 1 1812 9 is_stmt 1 view .LVU956
1812:./ucos/Core/os_core.c ****     }
 2986              		.loc 1 1812 12 is_stmt 0 view .LVU957
 2987 000a 0130     		adds	r0, r0, #1
 2988              	.LVL285:
1812:./ucos/Core/os_core.c ****     }
 2989              		.loc 1 1812 12 view .LVU958
 2990 000c C0B2     		uxtb	r0, r0
 2991              	.LVL286:
 2992              	.L210:
1810:./ucos/Core/os_core.c ****         psrc++;
 2993              		.loc 1 1810 18 is_stmt 1 view .LVU959
1810:./ucos/Core/os_core.c ****         psrc++;
 2994              		.loc 1 1810 12 is_stmt 0 view .LVU960
 2995 000e 1A78     		ldrb	r2, [r3]	@ zero_extendqisi2
1810:./ucos/Core/os_core.c ****         psrc++;
 2996              		.loc 1 1810 18 view .LVU961
 2997 0010 002A     		cmp	r2, #0
 2998 0012 F9D1     		bne	.L211
1810:./ucos/Core/os_core.c ****         psrc++;
 2999              		.loc 1 1810 18 view .LVU962
 3000 0014 7047     		bx	lr
 3001              	.LVL287:
 3002              	.L212:
1805:./ucos/Core/os_core.c ****     }
 3003              		.loc 1 1805 16 view .LVU963
 3004 0016 0020     		movs	r0, #0
 3005              	.LVL288:
ARM GAS  /tmp/ccMSGEvU.s 			page 101


1815:./ucos/Core/os_core.c **** #endif
 3006              		.loc 1 1815 1 view .LVU964
 3007 0018 7047     		bx	lr
 3008              		.cfi_endproc
 3009              	.LFE29:
 3011              		.section	.text.OSEventNameGet,"ax",%progbits
 3012              		.align	1
 3013              		.global	OSEventNameGet
 3014              		.syntax unified
 3015              		.thumb
 3016              		.thumb_func
 3018              	OSEventNameGet:
 3019              	.LVL289:
 3020              	.LFB0:
 120:./ucos/Core/os_core.c ****     INT8U      len;
 3021              		.loc 1 120 1 is_stmt 1 view -0
 3022              		.cfi_startproc
 3023              		@ args = 0, pretend = 0, frame = 0
 3024              		@ frame_needed = 0, uses_anonymous_args = 0
 120:./ucos/Core/os_core.c ****     INT8U      len;
 3025              		.loc 1 120 1 is_stmt 0 view .LVU966
 3026 0000 2DE9F041 		push	{r4, r5, r6, r7, r8, lr}
 3027              	.LCFI24:
 3028              		.cfi_def_cfa_offset 24
 3029              		.cfi_offset 4, -24
 3030              		.cfi_offset 5, -20
 3031              		.cfi_offset 6, -16
 3032              		.cfi_offset 7, -12
 3033              		.cfi_offset 8, -8
 3034              		.cfi_offset 14, -4
 3035 0004 1546     		mov	r5, r2
 121:./ucos/Core/os_core.c **** #if OS_CRITICAL_METHOD == 3u                     /* Allocate storage for CPU status register       
 3036              		.loc 1 121 5 is_stmt 1 view .LVU967
 123:./ucos/Core/os_core.c **** #endif
 3037              		.loc 1 123 5 view .LVU968
 3038              	.LVL290:
 136:./ucos/Core/os_core.c ****         *perr = OS_ERR_PEVENT_NULL;
 3039              		.loc 1 136 5 view .LVU969
 136:./ucos/Core/os_core.c ****         *perr = OS_ERR_PEVENT_NULL;
 3040              		.loc 1 136 8 is_stmt 0 view .LVU970
 3041 0006 70B1     		cbz	r0, .L220
 3042 0008 0E46     		mov	r6, r1
 3043 000a 0746     		mov	r7, r0
 140:./ucos/Core/os_core.c ****         *perr = OS_ERR_PNAME_NULL;
 3044              		.loc 1 140 5 is_stmt 1 view .LVU971
 140:./ucos/Core/os_core.c ****         *perr = OS_ERR_PNAME_NULL;
 3045              		.loc 1 140 8 is_stmt 0 view .LVU972
 3046 000c 79B1     		cbz	r1, .L221
 145:./ucos/Core/os_core.c ****         *perr  = OS_ERR_NAME_GET_ISR;
 3047              		.loc 1 145 5 is_stmt 1 view .LVU973
 145:./ucos/Core/os_core.c ****         *perr  = OS_ERR_NAME_GET_ISR;
 3048              		.loc 1 145 22 is_stmt 0 view .LVU974
 3049 000e 134B     		ldr	r3, .L223
 3050 0010 1C78     		ldrb	r4, [r3]	@ zero_extendqisi2
 145:./ucos/Core/os_core.c ****         *perr  = OS_ERR_NAME_GET_ISR;
 3051              		.loc 1 145 8 view .LVU975
 3052 0012 84B9     		cbnz	r4, .L222
ARM GAS  /tmp/ccMSGEvU.s 			page 102


 149:./ucos/Core/os_core.c ****         case OS_EVENT_TYPE_SEM:
 3053              		.loc 1 149 5 is_stmt 1 view .LVU976
 149:./ucos/Core/os_core.c ****         case OS_EVENT_TYPE_SEM:
 3054              		.loc 1 149 19 is_stmt 0 view .LVU977
 3055 0014 0378     		ldrb	r3, [r0]	@ zero_extendqisi2
 149:./ucos/Core/os_core.c ****         case OS_EVENT_TYPE_SEM:
 3056              		.loc 1 149 5 view .LVU978
 3057 0016 013B     		subs	r3, r3, #1
 3058 0018 032B     		cmp	r3, #3
 3059 001a 10D9     		bls	.L218
 157:./ucos/Core/os_core.c ****              return (0u);
 3060              		.loc 1 157 14 is_stmt 1 view .LVU979
 157:./ucos/Core/os_core.c ****              return (0u);
 3061              		.loc 1 157 20 is_stmt 0 view .LVU980
 3062 001c 0123     		movs	r3, #1
 3063 001e 1370     		strb	r3, [r2]
 158:./ucos/Core/os_core.c ****     }
 3064              		.loc 1 158 14 is_stmt 1 view .LVU981
 3065              	.LVL291:
 3066              	.L215:
 166:./ucos/Core/os_core.c **** #endif
 3067              		.loc 1 166 1 is_stmt 0 view .LVU982
 3068 0020 2046     		mov	r0, r4
 3069 0022 BDE8F081 		pop	{r4, r5, r6, r7, r8, pc}
 3070              	.LVL292:
 3071              	.L220:
 137:./ucos/Core/os_core.c ****         return (0u);
 3072              		.loc 1 137 9 is_stmt 1 view .LVU983
 137:./ucos/Core/os_core.c ****         return (0u);
 3073              		.loc 1 137 15 is_stmt 0 view .LVU984
 3074 0026 0423     		movs	r3, #4
 3075 0028 1370     		strb	r3, [r2]
 138:./ucos/Core/os_core.c ****     }
 3076              		.loc 1 138 9 is_stmt 1 view .LVU985
 138:./ucos/Core/os_core.c ****     }
 3077              		.loc 1 138 16 is_stmt 0 view .LVU986
 3078 002a 0024     		movs	r4, #0
 3079 002c F8E7     		b	.L215
 3080              	.L221:
 141:./ucos/Core/os_core.c ****         return (0u);
 3081              		.loc 1 141 9 is_stmt 1 view .LVU987
 141:./ucos/Core/os_core.c ****         return (0u);
 3082              		.loc 1 141 15 is_stmt 0 view .LVU988
 3083 002e 0C23     		movs	r3, #12
 3084 0030 1370     		strb	r3, [r2]
 142:./ucos/Core/os_core.c ****     }
 3085              		.loc 1 142 9 is_stmt 1 view .LVU989
 142:./ucos/Core/os_core.c ****     }
 3086              		.loc 1 142 16 is_stmt 0 view .LVU990
 3087 0032 0024     		movs	r4, #0
 3088 0034 F4E7     		b	.L215
 3089              	.L222:
 146:./ucos/Core/os_core.c ****         return (0u);
 3090              		.loc 1 146 9 is_stmt 1 view .LVU991
 146:./ucos/Core/os_core.c ****         return (0u);
 3091              		.loc 1 146 16 is_stmt 0 view .LVU992
 3092 0036 1123     		movs	r3, #17
ARM GAS  /tmp/ccMSGEvU.s 			page 103


 3093 0038 1370     		strb	r3, [r2]
 147:./ucos/Core/os_core.c ****     }
 3094              		.loc 1 147 9 is_stmt 1 view .LVU993
 147:./ucos/Core/os_core.c ****     }
 3095              		.loc 1 147 16 is_stmt 0 view .LVU994
 3096 003a 0024     		movs	r4, #0
 3097 003c F0E7     		b	.L215
 3098              	.L218:
 154:./ucos/Core/os_core.c **** 
 3099              		.loc 1 154 14 is_stmt 1 view .LVU995
 160:./ucos/Core/os_core.c ****     *pname = pevent->OSEventName;
 3100              		.loc 1 160 5 view .LVU996
 160:./ucos/Core/os_core.c ****     *pname = pevent->OSEventName;
 3101              		.loc 1 160 5 view .LVU997
 3102 003e FFF7FEFF 		bl	OS_CPU_SR_Save
 3103              	.LVL293:
 160:./ucos/Core/os_core.c ****     *pname = pevent->OSEventName;
 3104              		.loc 1 160 5 is_stmt 0 view .LVU998
 3105 0042 8046     		mov	r8, r0
 3106              	.LVL294:
 160:./ucos/Core/os_core.c ****     *pname = pevent->OSEventName;
 3107              		.loc 1 160 5 is_stmt 1 discriminator 1 view .LVU999
 161:./ucos/Core/os_core.c ****     len    = OS_StrLen(*pname);
 3108              		.loc 1 161 5 view .LVU1000
 161:./ucos/Core/os_core.c ****     len    = OS_StrLen(*pname);
 3109              		.loc 1 161 20 is_stmt 0 view .LVU1001
 3110 0044 7869     		ldr	r0, [r7, #20]
 3111              	.LVL295:
 161:./ucos/Core/os_core.c ****     len    = OS_StrLen(*pname);
 3112              		.loc 1 161 12 view .LVU1002
 3113 0046 3060     		str	r0, [r6]
 162:./ucos/Core/os_core.c ****     OS_EXIT_CRITICAL();
 3114              		.loc 1 162 5 is_stmt 1 view .LVU1003
 162:./ucos/Core/os_core.c ****     OS_EXIT_CRITICAL();
 3115              		.loc 1 162 14 is_stmt 0 view .LVU1004
 3116 0048 FFF7FEFF 		bl	OS_StrLen
 3117              	.LVL296:
 3118 004c 0446     		mov	r4, r0
 3119              	.LVL297:
 163:./ucos/Core/os_core.c ****     *perr  = OS_ERR_NONE;
 3120              		.loc 1 163 5 is_stmt 1 view .LVU1005
 163:./ucos/Core/os_core.c ****     *perr  = OS_ERR_NONE;
 3121              		.loc 1 163 5 view .LVU1006
 3122 004e 4046     		mov	r0, r8
 3123 0050 FFF7FEFF 		bl	OS_CPU_SR_Restore
 3124              	.LVL298:
 163:./ucos/Core/os_core.c ****     *perr  = OS_ERR_NONE;
 3125              		.loc 1 163 5 discriminator 1 view .LVU1007
 164:./ucos/Core/os_core.c ****     return (len);
 3126              		.loc 1 164 5 view .LVU1008
 164:./ucos/Core/os_core.c ****     return (len);
 3127              		.loc 1 164 12 is_stmt 0 view .LVU1009
 3128 0054 0023     		movs	r3, #0
 3129 0056 2B70     		strb	r3, [r5]
 165:./ucos/Core/os_core.c **** }
 3130              		.loc 1 165 5 is_stmt 1 view .LVU1010
 165:./ucos/Core/os_core.c **** }
ARM GAS  /tmp/ccMSGEvU.s 			page 104


 3131              		.loc 1 165 12 is_stmt 0 view .LVU1011
 3132 0058 E2E7     		b	.L215
 3133              	.L224:
 3134 005a 00BF     		.align	2
 3135              	.L223:
 3136 005c 00000000 		.word	OSIntNesting
 3137              		.cfi_endproc
 3138              	.LFE0:
 3140              		.section	.text.OS_TaskStatStkChk,"ax",%progbits
 3141              		.align	1
 3142              		.global	OS_TaskStatStkChk
 3143              		.syntax unified
 3144              		.thumb
 3145              		.thumb_func
 3147              	OS_TaskStatStkChk:
 3148              	.LFB32:
1852:./ucos/Core/os_core.c ****     }
1853:./ucos/Core/os_core.c **** }
1854:./ucos/Core/os_core.c **** 
1855:./ucos/Core/os_core.c **** 
1856:./ucos/Core/os_core.c **** /*
1857:./ucos/Core/os_core.c **** ***************************************************************************************************
1858:./ucos/Core/os_core.c **** *                                           STATISTICS TASK
1859:./ucos/Core/os_core.c **** *
1860:./ucos/Core/os_core.c **** * Description: This task is internal to uC/OS-II and is used to compute some statistics about the
1861:./ucos/Core/os_core.c **** *              multitasking environment.  Specifically, OS_TaskStat() computes the CPU usage.
1862:./ucos/Core/os_core.c **** *              CPU usage is determined by:
1863:./ucos/Core/os_core.c **** *
1864:./ucos/Core/os_core.c **** *                                          OSIdleCtr
1865:./ucos/Core/os_core.c **** *                 OSCPUUsage = 100 * (1 - ------------)     (units are in %)
1866:./ucos/Core/os_core.c **** *                                         OSIdleCtrMax
1867:./ucos/Core/os_core.c **** *
1868:./ucos/Core/os_core.c **** * Arguments  : parg     this pointer is not used at this time.
1869:./ucos/Core/os_core.c **** *
1870:./ucos/Core/os_core.c **** * Returns    : none
1871:./ucos/Core/os_core.c **** *
1872:./ucos/Core/os_core.c **** * Notes      : 1) This task runs at a priority level higher than the idle task.  In fact, it runs a
1873:./ucos/Core/os_core.c **** *                 next higher priority, OS_TASK_IDLE_PRIO-1.
1874:./ucos/Core/os_core.c **** *              2) You can disable this task by setting the configuration #define OS_TASK_STAT_EN to
1875:./ucos/Core/os_core.c **** *              3) You MUST have at least a delay of 2/10 seconds to allow for the system to establi
1876:./ucos/Core/os_core.c **** *                 maximum value for the idle counter.
1877:./ucos/Core/os_core.c **** ***************************************************************************************************
1878:./ucos/Core/os_core.c **** */
1879:./ucos/Core/os_core.c **** 
1880:./ucos/Core/os_core.c **** #if OS_TASK_STAT_EN > 0u
1881:./ucos/Core/os_core.c **** void  OS_TaskStat (void *p_arg)
1882:./ucos/Core/os_core.c **** {
1883:./ucos/Core/os_core.c ****     INT8S  usage;
1884:./ucos/Core/os_core.c **** #if OS_CRITICAL_METHOD == 3u                     /* Allocate storage for CPU status register       
1885:./ucos/Core/os_core.c ****     OS_CPU_SR  cpu_sr = 0u;
1886:./ucos/Core/os_core.c **** #endif
1887:./ucos/Core/os_core.c **** 
1888:./ucos/Core/os_core.c **** 
1889:./ucos/Core/os_core.c **** 
1890:./ucos/Core/os_core.c ****     p_arg = p_arg;                               /* Prevent compiler warning for not using 'p_arg' 
1891:./ucos/Core/os_core.c ****     while (OSStatRdy == OS_FALSE) {
1892:./ucos/Core/os_core.c ****         OSTimeDly(2u * OS_TICKS_PER_SEC / 10u);  /* Wait until statistic task is ready             
ARM GAS  /tmp/ccMSGEvU.s 			page 105


1893:./ucos/Core/os_core.c ****     }
1894:./ucos/Core/os_core.c ****     OSIdleCtrMax /= 100uL;
1895:./ucos/Core/os_core.c ****     if (OSIdleCtrMax == 0uL) {
1896:./ucos/Core/os_core.c ****         OSCPUUsage = 0u;
1897:./ucos/Core/os_core.c **** #if OS_TASK_SUSPEND_EN > 0u
1898:./ucos/Core/os_core.c ****         (void)OSTaskSuspend(OS_PRIO_SELF);
1899:./ucos/Core/os_core.c **** #else
1900:./ucos/Core/os_core.c ****         for (;;) {
1901:./ucos/Core/os_core.c ****             OSTimeDly(OS_TICKS_PER_SEC);
1902:./ucos/Core/os_core.c ****         }
1903:./ucos/Core/os_core.c **** #endif
1904:./ucos/Core/os_core.c ****     }
1905:./ucos/Core/os_core.c ****     OS_ENTER_CRITICAL();
1906:./ucos/Core/os_core.c ****     OSIdleCtr = OSIdleCtrMax * 100uL;            /* Set initial CPU usage as 0%                    
1907:./ucos/Core/os_core.c ****     OS_EXIT_CRITICAL();
1908:./ucos/Core/os_core.c ****     for (;;) {
1909:./ucos/Core/os_core.c ****         OSTimeDly(1);                            /* Synchronize with clock tick                    
1910:./ucos/Core/os_core.c **** 
1911:./ucos/Core/os_core.c ****         OS_ENTER_CRITICAL();
1912:./ucos/Core/os_core.c ****         OSIdleCtr = 0uL;                        /* Reset the idle counter for the next second      
1913:./ucos/Core/os_core.c ****         OS_EXIT_CRITICAL();
1914:./ucos/Core/os_core.c **** 
1915:./ucos/Core/os_core.c ****         OSTimeDly(OS_TICKS_PER_SEC / 10u);       /* Accumulate OSIdleCtr for the next 1/10 second  
1916:./ucos/Core/os_core.c **** 
1917:./ucos/Core/os_core.c ****         OS_ENTER_CRITICAL();
1918:./ucos/Core/os_core.c ****         OSIdleCtrRun = OSIdleCtr;                /* Store number of cycles which elapsed while idle
1919:./ucos/Core/os_core.c ****         OS_EXIT_CRITICAL();
1920:./ucos/Core/os_core.c **** 
1921:./ucos/Core/os_core.c ****         usage            = 100 - (INT8S)(OSIdleCtrRun / OSIdleCtrMax);
1922:./ucos/Core/os_core.c ****         if (usage >= 0) {                        /* Make sure we don't have a negative percentage  
1923:./ucos/Core/os_core.c ****             OSCPUUsage   = (INT8U)usage;
1924:./ucos/Core/os_core.c ****         } else {
1925:./ucos/Core/os_core.c ****             OSCPUUsage   = 0u;
1926:./ucos/Core/os_core.c ****             OSIdleCtrMax = OSIdleCtrRun / 100uL; /* Update max counter value to current one        
1927:./ucos/Core/os_core.c ****         }
1928:./ucos/Core/os_core.c **** 
1929:./ucos/Core/os_core.c ****         OSTaskStatHook();                        /* Invoke user definable hook                     
1930:./ucos/Core/os_core.c **** #if (OS_TASK_STAT_STK_CHK_EN > 0u) && (OS_TASK_CREATE_EXT_EN > 0u)
1931:./ucos/Core/os_core.c ****         OS_TaskStatStkChk();                     /* Check the stacks for each task                 
1932:./ucos/Core/os_core.c **** #endif
1933:./ucos/Core/os_core.c ****     }
1934:./ucos/Core/os_core.c **** }
1935:./ucos/Core/os_core.c **** #endif
1936:./ucos/Core/os_core.c **** 
1937:./ucos/Core/os_core.c **** 
1938:./ucos/Core/os_core.c **** /*
1939:./ucos/Core/os_core.c **** ***************************************************************************************************
1940:./ucos/Core/os_core.c **** *                                        CHECK ALL TASK STACKS
1941:./ucos/Core/os_core.c **** *
1942:./ucos/Core/os_core.c **** * Description: This function is called by OS_TaskStat() to check the stacks of each active task.
1943:./ucos/Core/os_core.c **** *
1944:./ucos/Core/os_core.c **** * Arguments  : none
1945:./ucos/Core/os_core.c **** *
1946:./ucos/Core/os_core.c **** * Returns    : none
1947:./ucos/Core/os_core.c **** ***************************************************************************************************
1948:./ucos/Core/os_core.c **** */
1949:./ucos/Core/os_core.c **** 
ARM GAS  /tmp/ccMSGEvU.s 			page 106


1950:./ucos/Core/os_core.c **** #if (OS_TASK_STAT_STK_CHK_EN > 0u) && (OS_TASK_CREATE_EXT_EN > 0u)
1951:./ucos/Core/os_core.c **** void  OS_TaskStatStkChk (void)
1952:./ucos/Core/os_core.c **** {
 3149              		.loc 1 1952 1 is_stmt 1 view -0
 3150              		.cfi_startproc
 3151              		@ args = 0, pretend = 0, frame = 8
 3152              		@ frame_needed = 0, uses_anonymous_args = 0
 3153 0000 10B5     		push	{r4, lr}
 3154              	.LCFI25:
 3155              		.cfi_def_cfa_offset 8
 3156              		.cfi_offset 4, -8
 3157              		.cfi_offset 14, -4
 3158 0002 82B0     		sub	sp, sp, #8
 3159              	.LCFI26:
 3160              		.cfi_def_cfa_offset 16
1953:./ucos/Core/os_core.c ****     OS_TCB      *ptcb;
 3161              		.loc 1 1953 5 view .LVU1013
1954:./ucos/Core/os_core.c ****     OS_STK_DATA  stk_data;
 3162              		.loc 1 1954 5 view .LVU1014
1955:./ucos/Core/os_core.c ****     INT8U        err;
 3163              		.loc 1 1955 5 view .LVU1015
1956:./ucos/Core/os_core.c ****     INT8U        prio;
 3164              		.loc 1 1956 5 view .LVU1016
1957:./ucos/Core/os_core.c **** 
1958:./ucos/Core/os_core.c **** 
1959:./ucos/Core/os_core.c ****     for (prio = 0u; prio <= OS_TASK_IDLE_PRIO; prio++) {
 3165              		.loc 1 1959 5 view .LVU1017
 3166              	.LVL299:
 3167              		.loc 1 1959 15 is_stmt 0 view .LVU1018
 3168 0004 0024     		movs	r4, #0
 3169              		.loc 1 1959 5 view .LVU1019
 3170 0006 01E0     		b	.L226
 3171              	.LVL300:
 3172              	.L227:
 3173              		.loc 1 1959 52 is_stmt 1 discriminator 2 view .LVU1020
 3174 0008 0134     		adds	r4, r4, #1
 3175              	.LVL301:
 3176              		.loc 1 1959 52 is_stmt 0 discriminator 2 view .LVU1021
 3177 000a E4B2     		uxtb	r4, r4
 3178              	.LVL302:
 3179              	.L226:
 3180              		.loc 1 1959 26 is_stmt 1 discriminator 1 view .LVU1022
 3181 000c 3F2C     		cmp	r4, #63
 3182 000e 14D8     		bhi	.L230
1960:./ucos/Core/os_core.c ****         err = OSTaskStkChk(prio, &stk_data);
 3183              		.loc 1 1960 9 view .LVU1023
 3184              		.loc 1 1960 15 is_stmt 0 view .LVU1024
 3185 0010 6946     		mov	r1, sp
 3186 0012 2046     		mov	r0, r4
 3187 0014 FFF7FEFF 		bl	OSTaskStkChk
 3188              	.LVL303:
1961:./ucos/Core/os_core.c ****         if (err == OS_ERR_NONE) {
 3189              		.loc 1 1961 9 is_stmt 1 view .LVU1025
 3190              		.loc 1 1961 12 is_stmt 0 view .LVU1026
 3191 0018 0028     		cmp	r0, #0
 3192 001a F5D1     		bne	.L227
1962:./ucos/Core/os_core.c ****             ptcb = OSTCBPrioTbl[prio];
ARM GAS  /tmp/ccMSGEvU.s 			page 107


 3193              		.loc 1 1962 13 is_stmt 1 view .LVU1027
 3194              		.loc 1 1962 18 is_stmt 0 view .LVU1028
 3195 001c 084B     		ldr	r3, .L231
 3196 001e 53F82430 		ldr	r3, [r3, r4, lsl #2]
 3197              	.LVL304:
1963:./ucos/Core/os_core.c ****             if (ptcb != (OS_TCB *)0) {                               /* Make sure task 'ptcb' is ..
 3198              		.loc 1 1963 13 is_stmt 1 view .LVU1029
 3199              		.loc 1 1963 16 is_stmt 0 view .LVU1030
 3200 0022 002B     		cmp	r3, #0
 3201 0024 F0D0     		beq	.L227
1964:./ucos/Core/os_core.c ****                 if (ptcb != OS_TCB_RESERVED) {                       /* ... still valid.           
 3202              		.loc 1 1964 17 is_stmt 1 view .LVU1031
 3203              		.loc 1 1964 20 is_stmt 0 view .LVU1032
 3204 0026 012B     		cmp	r3, #1
 3205 0028 EED0     		beq	.L227
1965:./ucos/Core/os_core.c **** #if OS_TASK_PROFILE_EN > 0u
1966:./ucos/Core/os_core.c ****                     #if OS_STK_GROWTH == 1u
1967:./ucos/Core/os_core.c ****                     ptcb->OSTCBStkBase = ptcb->OSTCBStkBottom + ptcb->OSTCBStkSize;
 3206              		.loc 1 1967 21 is_stmt 1 view .LVU1033
 3207              		.loc 1 1967 46 is_stmt 0 view .LVU1034
 3208 002a 9A68     		ldr	r2, [r3, #8]
 3209              		.loc 1 1967 69 view .LVU1035
 3210 002c D968     		ldr	r1, [r3, #12]
 3211              		.loc 1 1967 63 view .LVU1036
 3212 002e 02EB8102 		add	r2, r2, r1, lsl #2
 3213              		.loc 1 1967 40 view .LVU1037
 3214 0032 DA64     		str	r2, [r3, #76]
1968:./ucos/Core/os_core.c ****                     #else
1969:./ucos/Core/os_core.c ****                     ptcb->OSTCBStkBase = ptcb->OSTCBStkBottom - ptcb->OSTCBStkSize;
1970:./ucos/Core/os_core.c ****                     #endif
1971:./ucos/Core/os_core.c ****                     ptcb->OSTCBStkUsed = stk_data.OSUsed;            /* Store number of entries use
 3215              		.loc 1 1971 21 is_stmt 1 view .LVU1038
 3216              		.loc 1 1971 50 is_stmt 0 view .LVU1039
 3217 0034 019A     		ldr	r2, [sp, #4]
 3218              		.loc 1 1971 40 view .LVU1040
 3219 0036 1A65     		str	r2, [r3, #80]
 3220 0038 E6E7     		b	.L227
 3221              	.LVL305:
 3222              	.L230:
1972:./ucos/Core/os_core.c **** #endif
1973:./ucos/Core/os_core.c ****                 }
1974:./ucos/Core/os_core.c ****             }
1975:./ucos/Core/os_core.c ****         }
1976:./ucos/Core/os_core.c ****     }
1977:./ucos/Core/os_core.c **** }
 3223              		.loc 1 1977 1 view .LVU1041
 3224 003a 02B0     		add	sp, sp, #8
 3225              	.LCFI27:
 3226              		.cfi_def_cfa_offset 8
 3227              		@ sp needed
 3228 003c 10BD     		pop	{r4, pc}
 3229              	.LVL306:
 3230              	.L232:
 3231              		.loc 1 1977 1 view .LVU1042
 3232 003e 00BF     		.align	2
 3233              	.L231:
 3234 0040 00000000 		.word	OSTCBPrioTbl
ARM GAS  /tmp/ccMSGEvU.s 			page 108


 3235              		.cfi_endproc
 3236              	.LFE32:
 3238              		.section	.text.OS_TaskStat,"ax",%progbits
 3239              		.align	1
 3240              		.global	OS_TaskStat
 3241              		.syntax unified
 3242              		.thumb
 3243              		.thumb_func
 3245              	OS_TaskStat:
 3246              	.LVL307:
 3247              	.LFB31:
1882:./ucos/Core/os_core.c ****     INT8S  usage;
 3248              		.loc 1 1882 1 is_stmt 1 view -0
 3249              		.cfi_startproc
 3250              		@ args = 0, pretend = 0, frame = 0
 3251              		@ frame_needed = 0, uses_anonymous_args = 0
1882:./ucos/Core/os_core.c ****     INT8S  usage;
 3252              		.loc 1 1882 1 is_stmt 0 view .LVU1044
 3253 0000 10B5     		push	{r4, lr}
 3254              	.LCFI28:
 3255              		.cfi_def_cfa_offset 8
 3256              		.cfi_offset 4, -8
 3257              		.cfi_offset 14, -4
1883:./ucos/Core/os_core.c **** #if OS_CRITICAL_METHOD == 3u                     /* Allocate storage for CPU status register       
 3258              		.loc 1 1883 5 is_stmt 1 view .LVU1045
1885:./ucos/Core/os_core.c **** #endif
 3259              		.loc 1 1885 5 view .LVU1046
 3260              	.LVL308:
1890:./ucos/Core/os_core.c ****     while (OSStatRdy == OS_FALSE) {
 3261              		.loc 1 1890 5 view .LVU1047
1891:./ucos/Core/os_core.c ****         OSTimeDly(2u * OS_TICKS_PER_SEC / 10u);  /* Wait until statistic task is ready             
 3262              		.loc 1 1891 5 view .LVU1048
1891:./ucos/Core/os_core.c ****         OSTimeDly(2u * OS_TICKS_PER_SEC / 10u);  /* Wait until statistic task is ready             
 3263              		.loc 1 1891 11 is_stmt 0 view .LVU1049
 3264 0002 02E0     		b	.L234
 3265              	.LVL309:
 3266              	.L235:
1892:./ucos/Core/os_core.c ****     }
 3267              		.loc 1 1892 9 is_stmt 1 view .LVU1050
 3268 0004 1420     		movs	r0, #20
 3269 0006 FFF7FEFF 		bl	OSTimeDly
 3270              	.LVL310:
 3271              	.L234:
1891:./ucos/Core/os_core.c ****         OSTimeDly(2u * OS_TICKS_PER_SEC / 10u);  /* Wait until statistic task is ready             
 3272              		.loc 1 1891 22 view .LVU1051
 3273 000a 284B     		ldr	r3, .L242
 3274 000c 1B78     		ldrb	r3, [r3]	@ zero_extendqisi2
 3275 000e 002B     		cmp	r3, #0
 3276 0010 F8D0     		beq	.L235
1894:./ucos/Core/os_core.c ****     if (OSIdleCtrMax == 0uL) {
 3277              		.loc 1 1894 5 view .LVU1052
1894:./ucos/Core/os_core.c ****     if (OSIdleCtrMax == 0uL) {
 3278              		.loc 1 1894 18 is_stmt 0 view .LVU1053
 3279 0012 2749     		ldr	r1, .L242+4
 3280 0014 0A68     		ldr	r2, [r1]
 3281 0016 274B     		ldr	r3, .L242+8
 3282 0018 A3FB0203 		umull	r0, r3, r3, r2
ARM GAS  /tmp/ccMSGEvU.s 			page 109


 3283 001c 5B09     		lsrs	r3, r3, #5
 3284 001e 0B60     		str	r3, [r1]
1895:./ucos/Core/os_core.c ****         OSCPUUsage = 0u;
 3285              		.loc 1 1895 5 is_stmt 1 view .LVU1054
1895:./ucos/Core/os_core.c ****         OSCPUUsage = 0u;
 3286              		.loc 1 1895 8 is_stmt 0 view .LVU1055
 3287 0020 632A     		cmp	r2, #99
 3288 0022 0BD9     		bls	.L241
 3289              	.L236:
1905:./ucos/Core/os_core.c ****     OSIdleCtr = OSIdleCtrMax * 100uL;            /* Set initial CPU usage as 0%                    
 3290              		.loc 1 1905 5 is_stmt 1 view .LVU1056
1905:./ucos/Core/os_core.c ****     OSIdleCtr = OSIdleCtrMax * 100uL;            /* Set initial CPU usage as 0%                    
 3291              		.loc 1 1905 5 view .LVU1057
 3292 0024 FFF7FEFF 		bl	OS_CPU_SR_Save
 3293              	.LVL311:
1905:./ucos/Core/os_core.c ****     OSIdleCtr = OSIdleCtrMax * 100uL;            /* Set initial CPU usage as 0%                    
 3294              		.loc 1 1905 5 discriminator 1 view .LVU1058
1906:./ucos/Core/os_core.c ****     OS_EXIT_CRITICAL();
 3295              		.loc 1 1906 5 view .LVU1059
1906:./ucos/Core/os_core.c ****     OS_EXIT_CRITICAL();
 3296              		.loc 1 1906 30 is_stmt 0 view .LVU1060
 3297 0028 214B     		ldr	r3, .L242+4
 3298 002a 1B68     		ldr	r3, [r3]
 3299 002c 6422     		movs	r2, #100
 3300 002e 02FB03F3 		mul	r3, r2, r3
1906:./ucos/Core/os_core.c ****     OS_EXIT_CRITICAL();
 3301              		.loc 1 1906 15 view .LVU1061
 3302 0032 214A     		ldr	r2, .L242+12
 3303 0034 1360     		str	r3, [r2]
1907:./ucos/Core/os_core.c ****     for (;;) {
 3304              		.loc 1 1907 5 is_stmt 1 view .LVU1062
1907:./ucos/Core/os_core.c ****     for (;;) {
 3305              		.loc 1 1907 5 view .LVU1063
 3306 0036 FFF7FEFF 		bl	OS_CPU_SR_Restore
 3307              	.LVL312:
1907:./ucos/Core/os_core.c ****     for (;;) {
 3308              		.loc 1 1907 5 is_stmt 0 view .LVU1064
 3309 003a 13E0     		b	.L239
 3310              	.LVL313:
 3311              	.L241:
1896:./ucos/Core/os_core.c **** #if OS_TASK_SUSPEND_EN > 0u
 3312              		.loc 1 1896 9 is_stmt 1 view .LVU1065
1896:./ucos/Core/os_core.c **** #if OS_TASK_SUSPEND_EN > 0u
 3313              		.loc 1 1896 20 is_stmt 0 view .LVU1066
 3314 003c 1F4B     		ldr	r3, .L242+16
 3315 003e 0022     		movs	r2, #0
 3316 0040 1A70     		strb	r2, [r3]
1898:./ucos/Core/os_core.c **** #else
 3317              		.loc 1 1898 9 is_stmt 1 view .LVU1067
1898:./ucos/Core/os_core.c **** #else
 3318              		.loc 1 1898 15 is_stmt 0 view .LVU1068
 3319 0042 FF20     		movs	r0, #255
 3320 0044 FFF7FEFF 		bl	OSTaskSuspend
 3321              	.LVL314:
 3322 0048 ECE7     		b	.L236
 3323              	.LVL315:
 3324              	.L237:
ARM GAS  /tmp/ccMSGEvU.s 			page 110


1925:./ucos/Core/os_core.c ****             OSIdleCtrMax = OSIdleCtrRun / 100uL; /* Update max counter value to current one        
 3325              		.loc 1 1925 13 is_stmt 1 view .LVU1069
1925:./ucos/Core/os_core.c ****             OSIdleCtrMax = OSIdleCtrRun / 100uL; /* Update max counter value to current one        
 3326              		.loc 1 1925 26 is_stmt 0 view .LVU1070
 3327 004a 1C4B     		ldr	r3, .L242+16
 3328              	.LVL316:
1925:./ucos/Core/os_core.c ****             OSIdleCtrMax = OSIdleCtrRun / 100uL; /* Update max counter value to current one        
 3329              		.loc 1 1925 26 view .LVU1071
 3330 004c 0021     		movs	r1, #0
 3331              	.LVL317:
1925:./ucos/Core/os_core.c ****             OSIdleCtrMax = OSIdleCtrRun / 100uL; /* Update max counter value to current one        
 3332              		.loc 1 1925 26 view .LVU1072
 3333 004e 1970     		strb	r1, [r3]
1926:./ucos/Core/os_core.c ****         }
 3334              		.loc 1 1926 13 is_stmt 1 view .LVU1073
1926:./ucos/Core/os_core.c ****         }
 3335              		.loc 1 1926 41 is_stmt 0 view .LVU1074
 3336 0050 184B     		ldr	r3, .L242+8
 3337 0052 A3FB0232 		umull	r3, r2, r3, r2
 3338              	.LVL318:
1926:./ucos/Core/os_core.c ****         }
 3339              		.loc 1 1926 41 view .LVU1075
 3340 0056 5209     		lsrs	r2, r2, #5
1926:./ucos/Core/os_core.c ****         }
 3341              		.loc 1 1926 26 view .LVU1076
 3342 0058 154B     		ldr	r3, .L242+4
 3343              	.LVL319:
1926:./ucos/Core/os_core.c ****         }
 3344              		.loc 1 1926 26 view .LVU1077
 3345 005a 1A60     		str	r2, [r3]
 3346              	.LVL320:
 3347              	.L238:
1929:./ucos/Core/os_core.c **** #if (OS_TASK_STAT_STK_CHK_EN > 0u) && (OS_TASK_CREATE_EXT_EN > 0u)
 3348              		.loc 1 1929 9 is_stmt 1 view .LVU1078
 3349 005c FFF7FEFF 		bl	OSTaskStatHook
 3350              	.LVL321:
1931:./ucos/Core/os_core.c **** #endif
 3351              		.loc 1 1931 9 view .LVU1079
 3352 0060 FFF7FEFF 		bl	OS_TaskStatStkChk
 3353              	.LVL322:
1908:./ucos/Core/os_core.c ****         OSTimeDly(1);                            /* Synchronize with clock tick                    
 3354              		.loc 1 1908 5 view .LVU1080
 3355              	.L239:
1907:./ucos/Core/os_core.c ****     for (;;) {
 3356              		.loc 1 1907 5 discriminator 1 view .LVU1081
1908:./ucos/Core/os_core.c ****         OSTimeDly(1);                            /* Synchronize with clock tick                    
 3357              		.loc 1 1908 5 view .LVU1082
1909:./ucos/Core/os_core.c **** 
 3358              		.loc 1 1909 9 view .LVU1083
 3359 0064 0120     		movs	r0, #1
 3360 0066 FFF7FEFF 		bl	OSTimeDly
 3361              	.LVL323:
1911:./ucos/Core/os_core.c ****         OSIdleCtr = 0uL;                        /* Reset the idle counter for the next second      
 3362              		.loc 1 1911 9 view .LVU1084
1911:./ucos/Core/os_core.c ****         OSIdleCtr = 0uL;                        /* Reset the idle counter for the next second      
 3363              		.loc 1 1911 9 view .LVU1085
 3364 006a FFF7FEFF 		bl	OS_CPU_SR_Save
ARM GAS  /tmp/ccMSGEvU.s 			page 111


 3365              	.LVL324:
1911:./ucos/Core/os_core.c ****         OSIdleCtr = 0uL;                        /* Reset the idle counter for the next second      
 3366              		.loc 1 1911 9 discriminator 1 view .LVU1086
1912:./ucos/Core/os_core.c ****         OS_EXIT_CRITICAL();
 3367              		.loc 1 1912 9 view .LVU1087
1912:./ucos/Core/os_core.c ****         OS_EXIT_CRITICAL();
 3368              		.loc 1 1912 19 is_stmt 0 view .LVU1088
 3369 006e 124C     		ldr	r4, .L242+12
 3370 0070 0023     		movs	r3, #0
 3371 0072 2360     		str	r3, [r4]
1913:./ucos/Core/os_core.c **** 
 3372              		.loc 1 1913 9 is_stmt 1 view .LVU1089
1913:./ucos/Core/os_core.c **** 
 3373              		.loc 1 1913 9 view .LVU1090
 3374 0074 FFF7FEFF 		bl	OS_CPU_SR_Restore
 3375              	.LVL325:
1913:./ucos/Core/os_core.c **** 
 3376              		.loc 1 1913 9 discriminator 1 view .LVU1091
1915:./ucos/Core/os_core.c **** 
 3377              		.loc 1 1915 9 view .LVU1092
 3378 0078 0A20     		movs	r0, #10
 3379 007a FFF7FEFF 		bl	OSTimeDly
 3380              	.LVL326:
1917:./ucos/Core/os_core.c ****         OSIdleCtrRun = OSIdleCtr;                /* Store number of cycles which elapsed while idle
 3381              		.loc 1 1917 9 view .LVU1093
1917:./ucos/Core/os_core.c ****         OSIdleCtrRun = OSIdleCtr;                /* Store number of cycles which elapsed while idle
 3382              		.loc 1 1917 9 view .LVU1094
 3383 007e FFF7FEFF 		bl	OS_CPU_SR_Save
 3384              	.LVL327:
1917:./ucos/Core/os_core.c ****         OSIdleCtrRun = OSIdleCtr;                /* Store number of cycles which elapsed while idle
 3385              		.loc 1 1917 9 discriminator 1 view .LVU1095
1918:./ucos/Core/os_core.c ****         OS_EXIT_CRITICAL();
 3386              		.loc 1 1918 9 view .LVU1096
1918:./ucos/Core/os_core.c ****         OS_EXIT_CRITICAL();
 3387              		.loc 1 1918 22 is_stmt 0 view .LVU1097
 3388 0082 2368     		ldr	r3, [r4]
 3389 0084 0E4C     		ldr	r4, .L242+20
 3390 0086 2360     		str	r3, [r4]
1919:./ucos/Core/os_core.c **** 
 3391              		.loc 1 1919 9 is_stmt 1 view .LVU1098
1919:./ucos/Core/os_core.c **** 
 3392              		.loc 1 1919 9 view .LVU1099
 3393 0088 FFF7FEFF 		bl	OS_CPU_SR_Restore
 3394              	.LVL328:
1919:./ucos/Core/os_core.c **** 
 3395              		.loc 1 1919 9 discriminator 1 view .LVU1100
1921:./ucos/Core/os_core.c ****         if (usage >= 0) {                        /* Make sure we don't have a negative percentage  
 3396              		.loc 1 1921 9 view .LVU1101
1921:./ucos/Core/os_core.c ****         if (usage >= 0) {                        /* Make sure we don't have a negative percentage  
 3397              		.loc 1 1921 55 is_stmt 0 view .LVU1102
 3398 008c 2268     		ldr	r2, [r4]
 3399 008e 084B     		ldr	r3, .L242+4
 3400 0090 1B68     		ldr	r3, [r3]
 3401 0092 B2FBF3F3 		udiv	r3, r2, r3
1921:./ucos/Core/os_core.c ****         if (usage >= 0) {                        /* Make sure we don't have a negative percentage  
 3402              		.loc 1 1921 34 view .LVU1103
 3403 0096 DBB2     		uxtb	r3, r3
ARM GAS  /tmp/ccMSGEvU.s 			page 112


1921:./ucos/Core/os_core.c ****         if (usage >= 0) {                        /* Make sure we don't have a negative percentage  
 3404              		.loc 1 1921 32 view .LVU1104
 3405 0098 C3F16403 		rsb	r3, r3, #100
 3406 009c D9B2     		uxtb	r1, r3
 3407              	.LVL329:
1922:./ucos/Core/os_core.c ****             OSCPUUsage   = (INT8U)usage;
 3408              		.loc 1 1922 9 is_stmt 1 view .LVU1105
1922:./ucos/Core/os_core.c ****             OSCPUUsage   = (INT8U)usage;
 3409              		.loc 1 1922 12 is_stmt 0 view .LVU1106
 3410 009e 13F0800F 		tst	r3, #128
 3411 00a2 D2D1     		bne	.L237
1923:./ucos/Core/os_core.c ****         } else {
 3412              		.loc 1 1923 13 is_stmt 1 view .LVU1107
1923:./ucos/Core/os_core.c ****         } else {
 3413              		.loc 1 1923 26 is_stmt 0 view .LVU1108
 3414 00a4 054B     		ldr	r3, .L242+16
 3415              	.LVL330:
1923:./ucos/Core/os_core.c ****         } else {
 3416              		.loc 1 1923 26 view .LVU1109
 3417 00a6 1970     		strb	r1, [r3]
 3418 00a8 D8E7     		b	.L238
 3419              	.L243:
 3420 00aa 00BF     		.align	2
 3421              	.L242:
 3422 00ac 00000000 		.word	OSStatRdy
 3423 00b0 00000000 		.word	OSIdleCtrMax
 3424 00b4 1F85EB51 		.word	1374389535
 3425 00b8 00000000 		.word	OSIdleCtr
 3426 00bc 00000000 		.word	OSCPUUsage
 3427 00c0 00000000 		.word	OSIdleCtrRun
 3428              		.cfi_endproc
 3429              	.LFE31:
 3431              		.section	.text.OS_TCBInit,"ax",%progbits
 3432              		.align	1
 3433              		.global	OS_TCBInit
 3434              		.syntax unified
 3435              		.thumb
 3436              		.thumb_func
 3438              	OS_TCBInit:
 3439              	.LVL331:
 3440              	.LFB33:
1978:./ucos/Core/os_core.c **** #endif
1979:./ucos/Core/os_core.c **** 
1980:./ucos/Core/os_core.c **** 
1981:./ucos/Core/os_core.c **** /*
1982:./ucos/Core/os_core.c **** ***************************************************************************************************
1983:./ucos/Core/os_core.c **** *                                           INITIALIZE TCB
1984:./ucos/Core/os_core.c **** *
1985:./ucos/Core/os_core.c **** * Description: This function is internal to uC/OS-II and is used to initialize a Task Control Block
1986:./ucos/Core/os_core.c **** *              a task is created (see OSTaskCreate() and OSTaskCreateExt()).
1987:./ucos/Core/os_core.c **** *
1988:./ucos/Core/os_core.c **** * Arguments  : prio          is the priority of the task being created
1989:./ucos/Core/os_core.c **** *
1990:./ucos/Core/os_core.c **** *              ptos          is a pointer to the task's top-of-stack assuming that the CPU register
1991:./ucos/Core/os_core.c **** *                            have been placed on the stack.  Note that the top-of-stack corresponds
1992:./ucos/Core/os_core.c **** *                            'high' memory location is OS_STK_GROWTH is set to 1 and a 'low' memory
1993:./ucos/Core/os_core.c **** *                            location if OS_STK_GROWTH is set to 0.  Note that stack growth is CPU
ARM GAS  /tmp/ccMSGEvU.s 			page 113


1994:./ucos/Core/os_core.c **** *                            specific.
1995:./ucos/Core/os_core.c **** *
1996:./ucos/Core/os_core.c **** *              pbos          is a pointer to the bottom of stack.  A NULL pointer is passed if call
1997:./ucos/Core/os_core.c **** *                            'OSTaskCreate()'.
1998:./ucos/Core/os_core.c **** *
1999:./ucos/Core/os_core.c **** *              id            is the task's ID (0..65535)
2000:./ucos/Core/os_core.c **** *
2001:./ucos/Core/os_core.c **** *              stk_size      is the size of the stack (in 'stack units').  If the stack units are I
2002:./ucos/Core/os_core.c **** *                            then, 'stk_size' contains the number of bytes for the stack.  If the s
2003:./ucos/Core/os_core.c **** *                            units are INT32Us then, the stack contains '4 * stk_size' bytes.  The 
2004:./ucos/Core/os_core.c **** *                            units are established by the #define constant OS_STK which is CPU
2005:./ucos/Core/os_core.c **** *                            specific.  'stk_size' is 0 if called by 'OSTaskCreate()'.
2006:./ucos/Core/os_core.c **** *
2007:./ucos/Core/os_core.c **** *              pext          is a pointer to a user supplied memory area that is used to extend the
2008:./ucos/Core/os_core.c **** *                            control block.  This allows you to store the contents of floating-poin
2009:./ucos/Core/os_core.c **** *                            registers, MMU registers or anything else you could find useful during
2010:./ucos/Core/os_core.c **** *                            context switch.  You can even assign a name to each task and store thi
2011:./ucos/Core/os_core.c **** *                            in this TCB extension.  A NULL pointer is passed if called by OSTaskCr
2012:./ucos/Core/os_core.c **** *
2013:./ucos/Core/os_core.c **** *              opt           options as passed to 'OSTaskCreateExt()' or,
2014:./ucos/Core/os_core.c **** *                            0 if called from 'OSTaskCreate()'.
2015:./ucos/Core/os_core.c **** *
2016:./ucos/Core/os_core.c **** * Returns    : OS_ERR_NONE              if the call was successful
2017:./ucos/Core/os_core.c **** *              OS_ERR_TASK_NO_MORE_TCB  if there are no more free TCBs to be allocated and thus, th
2018:./ucos/Core/os_core.c **** *                                       cannot be created.
2019:./ucos/Core/os_core.c **** *
2020:./ucos/Core/os_core.c **** * Note       : This function is INTERNAL to uC/OS-II and your application should not call it.
2021:./ucos/Core/os_core.c **** ***************************************************************************************************
2022:./ucos/Core/os_core.c **** */
2023:./ucos/Core/os_core.c **** 
2024:./ucos/Core/os_core.c **** INT8U  OS_TCBInit (INT8U    prio,
2025:./ucos/Core/os_core.c ****                    OS_STK  *ptos,
2026:./ucos/Core/os_core.c ****                    OS_STK  *pbos,
2027:./ucos/Core/os_core.c ****                    INT16U   id,
2028:./ucos/Core/os_core.c ****                    INT32U   stk_size,
2029:./ucos/Core/os_core.c ****                    void    *pext,
2030:./ucos/Core/os_core.c ****                    INT16U   opt)
2031:./ucos/Core/os_core.c **** {
 3441              		.loc 1 2031 1 is_stmt 1 view -0
 3442              		.cfi_startproc
 3443              		@ args = 12, pretend = 0, frame = 0
 3444              		@ frame_needed = 0, uses_anonymous_args = 0
 3445              		.loc 1 2031 1 is_stmt 0 view .LVU1111
 3446 0000 2DE9F041 		push	{r4, r5, r6, r7, r8, lr}
 3447              	.LCFI29:
 3448              		.cfi_def_cfa_offset 24
 3449              		.cfi_offset 4, -24
 3450              		.cfi_offset 5, -20
 3451              		.cfi_offset 6, -16
 3452              		.cfi_offset 7, -12
 3453              		.cfi_offset 8, -8
 3454              		.cfi_offset 14, -4
 3455 0004 0546     		mov	r5, r0
 3456 0006 8846     		mov	r8, r1
 3457 0008 1746     		mov	r7, r2
 3458 000a 1E46     		mov	r6, r3
2032:./ucos/Core/os_core.c ****     OS_TCB    *ptcb;
ARM GAS  /tmp/ccMSGEvU.s 			page 114


 3459              		.loc 1 2032 5 is_stmt 1 view .LVU1112
2033:./ucos/Core/os_core.c **** #if OS_CRITICAL_METHOD == 3u                               /* Allocate storage for CPU status regis
2034:./ucos/Core/os_core.c ****     OS_CPU_SR  cpu_sr = 0u;
 3460              		.loc 1 2034 5 view .LVU1113
 3461              	.LVL332:
2035:./ucos/Core/os_core.c **** #endif
2036:./ucos/Core/os_core.c **** #if OS_TASK_REG_TBL_SIZE > 0u
2037:./ucos/Core/os_core.c ****     INT8U      i;
 3462              		.loc 1 2037 5 view .LVU1114
2038:./ucos/Core/os_core.c **** #endif
2039:./ucos/Core/os_core.c **** #if OS_TASK_CREATE_EXT_EN > 0u
2040:./ucos/Core/os_core.c **** #if defined(OS_TLS_TBL_SIZE) && (OS_TLS_TBL_SIZE > 0u)
2041:./ucos/Core/os_core.c ****     INT8U      j;
2042:./ucos/Core/os_core.c **** #endif
2043:./ucos/Core/os_core.c **** #endif
2044:./ucos/Core/os_core.c **** 
2045:./ucos/Core/os_core.c **** 
2046:./ucos/Core/os_core.c ****     OS_ENTER_CRITICAL();
 3463              		.loc 1 2046 5 view .LVU1115
 3464              		.loc 1 2046 5 view .LVU1116
 3465 000c FFF7FEFF 		bl	OS_CPU_SR_Save
 3466              	.LVL333:
 3467              		.loc 1 2046 5 discriminator 1 view .LVU1117
2047:./ucos/Core/os_core.c ****     ptcb = OSTCBFreeList;                                  /* Get a free TCB from the free TCB list
 3468              		.loc 1 2047 5 view .LVU1118
 3469              		.loc 1 2047 10 is_stmt 0 view .LVU1119
 3470 0010 3C4B     		ldr	r3, .L251
 3471 0012 1C68     		ldr	r4, [r3]
 3472              	.LVL334:
2048:./ucos/Core/os_core.c ****     if (ptcb != (OS_TCB *)0) {
 3473              		.loc 1 2048 5 is_stmt 1 view .LVU1120
 3474              		.loc 1 2048 8 is_stmt 0 view .LVU1121
 3475 0014 002C     		cmp	r4, #0
 3476 0016 71D0     		beq	.L245
2049:./ucos/Core/os_core.c ****         OSTCBFreeList            = ptcb->OSTCBNext;        /* Update pointer to free TCB list      
 3477              		.loc 1 2049 9 is_stmt 1 view .LVU1122
 3478              		.loc 1 2049 40 is_stmt 0 view .LVU1123
 3479 0018 6269     		ldr	r2, [r4, #20]
 3480              		.loc 1 2049 34 view .LVU1124
 3481 001a 1A60     		str	r2, [r3]
2050:./ucos/Core/os_core.c ****         OS_EXIT_CRITICAL();
 3482              		.loc 1 2050 9 is_stmt 1 view .LVU1125
 3483              		.loc 1 2050 9 view .LVU1126
 3484 001c FFF7FEFF 		bl	OS_CPU_SR_Restore
 3485              	.LVL335:
 3486              		.loc 1 2050 9 discriminator 1 view .LVU1127
2051:./ucos/Core/os_core.c ****         ptcb->OSTCBStkPtr        = ptos;                   /* Load Stack pointer in TCB            
 3487              		.loc 1 2051 9 view .LVU1128
 3488              		.loc 1 2051 34 is_stmt 0 view .LVU1129
 3489 0020 C4F80080 		str	r8, [r4]
2052:./ucos/Core/os_core.c ****         ptcb->OSTCBPrio          = prio;                   /* Load task priority into TCB          
 3490              		.loc 1 2052 9 is_stmt 1 view .LVU1130
 3491              		.loc 1 2052 34 is_stmt 0 view .LVU1131
 3492 0024 84F83A50 		strb	r5, [r4, #58]
2053:./ucos/Core/os_core.c ****         ptcb->OSTCBStat          = OS_STAT_RDY;            /* Task is ready to run                 
 3493              		.loc 1 2053 9 is_stmt 1 view .LVU1132
 3494              		.loc 1 2053 34 is_stmt 0 view .LVU1133
ARM GAS  /tmp/ccMSGEvU.s 			page 115


 3495 0028 0021     		movs	r1, #0
 3496 002a 84F83810 		strb	r1, [r4, #56]
2054:./ucos/Core/os_core.c ****         ptcb->OSTCBStatPend      = OS_STAT_PEND_OK;        /* Clear pend status                    
 3497              		.loc 1 2054 9 is_stmt 1 view .LVU1134
 3498              		.loc 1 2054 34 is_stmt 0 view .LVU1135
 3499 002e 84F83910 		strb	r1, [r4, #57]
2055:./ucos/Core/os_core.c ****         ptcb->OSTCBDly           = 0u;                     /* Task is not delayed                  
 3500              		.loc 1 2055 9 is_stmt 1 view .LVU1136
 3501              		.loc 1 2055 34 is_stmt 0 view .LVU1137
 3502 0032 6163     		str	r1, [r4, #52]
2056:./ucos/Core/os_core.c **** 
2057:./ucos/Core/os_core.c **** #if OS_TASK_CREATE_EXT_EN > 0u
2058:./ucos/Core/os_core.c ****         ptcb->OSTCBExtPtr        = pext;                   /* Store pointer to TCB extension       
 3503              		.loc 1 2058 9 is_stmt 1 view .LVU1138
 3504              		.loc 1 2058 34 is_stmt 0 view .LVU1139
 3505 0034 079B     		ldr	r3, [sp, #28]
 3506 0036 6360     		str	r3, [r4, #4]
2059:./ucos/Core/os_core.c ****         ptcb->OSTCBStkSize       = stk_size;               /* Store stack size                     
 3507              		.loc 1 2059 9 is_stmt 1 view .LVU1140
 3508              		.loc 1 2059 34 is_stmt 0 view .LVU1141
 3509 0038 069B     		ldr	r3, [sp, #24]
 3510 003a E360     		str	r3, [r4, #12]
2060:./ucos/Core/os_core.c ****         ptcb->OSTCBStkBottom     = pbos;                   /* Store pointer to bottom of stack     
 3511              		.loc 1 2060 9 is_stmt 1 view .LVU1142
 3512              		.loc 1 2060 34 is_stmt 0 view .LVU1143
 3513 003c A760     		str	r7, [r4, #8]
2061:./ucos/Core/os_core.c ****         ptcb->OSTCBOpt           = opt;                    /* Store task options                   
 3514              		.loc 1 2061 9 is_stmt 1 view .LVU1144
 3515              		.loc 1 2061 34 is_stmt 0 view .LVU1145
 3516 003e BDF82030 		ldrh	r3, [sp, #32]
 3517 0042 2382     		strh	r3, [r4, #16]	@ movhi
2062:./ucos/Core/os_core.c ****         ptcb->OSTCBId            = id;                     /* Store task ID                        
 3518              		.loc 1 2062 9 is_stmt 1 view .LVU1146
 3519              		.loc 1 2062 34 is_stmt 0 view .LVU1147
 3520 0044 6682     		strh	r6, [r4, #18]	@ movhi
2063:./ucos/Core/os_core.c **** #else
2064:./ucos/Core/os_core.c ****         pext                     = pext;                   /* Prevent compiler warning if not used 
2065:./ucos/Core/os_core.c ****         stk_size                 = stk_size;
2066:./ucos/Core/os_core.c ****         pbos                     = pbos;
2067:./ucos/Core/os_core.c ****         opt                      = opt;
2068:./ucos/Core/os_core.c ****         id                       = id;
2069:./ucos/Core/os_core.c **** #endif
2070:./ucos/Core/os_core.c **** 
2071:./ucos/Core/os_core.c **** #if OS_TASK_DEL_EN > 0u
2072:./ucos/Core/os_core.c ****         ptcb->OSTCBDelReq        = OS_ERR_NONE;
 3521              		.loc 1 2072 9 is_stmt 1 view .LVU1148
 3522              		.loc 1 2072 34 is_stmt 0 view .LVU1149
 3523 0046 84F83F10 		strb	r1, [r4, #63]
2073:./ucos/Core/os_core.c **** #endif
2074:./ucos/Core/os_core.c **** 
2075:./ucos/Core/os_core.c **** #if OS_LOWEST_PRIO <= 63u                                         /* Pre-compute X, Y              
2076:./ucos/Core/os_core.c ****         ptcb->OSTCBY             = (INT8U)(prio >> 3u);
 3524              		.loc 1 2076 9 is_stmt 1 view .LVU1150
 3525              		.loc 1 2076 36 is_stmt 0 view .LVU1151
 3526 004a EA08     		lsrs	r2, r5, #3
 3527              		.loc 1 2076 34 view .LVU1152
 3528 004c 84F83C20 		strb	r2, [r4, #60]
ARM GAS  /tmp/ccMSGEvU.s 			page 116


2077:./ucos/Core/os_core.c ****         ptcb->OSTCBX             = (INT8U)(prio & 0x07u);
 3529              		.loc 1 2077 9 is_stmt 1 view .LVU1153
 3530              		.loc 1 2077 36 is_stmt 0 view .LVU1154
 3531 0050 05F00700 		and	r0, r5, #7
 3532              		.loc 1 2077 34 view .LVU1155
 3533 0054 84F83B00 		strb	r0, [r4, #59]
2078:./ucos/Core/os_core.c **** #else                                                             /* Pre-compute X, Y              
2079:./ucos/Core/os_core.c ****         ptcb->OSTCBY             = (INT8U)((INT8U)(prio >> 4u) & 0xFFu);
2080:./ucos/Core/os_core.c ****         ptcb->OSTCBX             = (INT8U) (prio & 0x0Fu);
2081:./ucos/Core/os_core.c **** #endif
2082:./ucos/Core/os_core.c ****                                                                   /* Pre-compute BitX and BitY     
2083:./ucos/Core/os_core.c ****         ptcb->OSTCBBitY          = (OS_PRIO)(1uL << ptcb->OSTCBY);
 3534              		.loc 1 2083 9 is_stmt 1 view .LVU1156
 3535              		.loc 1 2083 50 is_stmt 0 view .LVU1157
 3536 0058 0123     		movs	r3, #1
 3537 005a 03FA02F2 		lsl	r2, r3, r2
 3538              		.loc 1 2083 34 view .LVU1158
 3539 005e 84F83E20 		strb	r2, [r4, #62]
2084:./ucos/Core/os_core.c ****         ptcb->OSTCBBitX          = (OS_PRIO)(1uL << ptcb->OSTCBX);
 3540              		.loc 1 2084 9 is_stmt 1 view .LVU1159
 3541              		.loc 1 2084 50 is_stmt 0 view .LVU1160
 3542 0062 8340     		lsls	r3, r3, r0
 3543              		.loc 1 2084 34 view .LVU1161
 3544 0064 84F83D30 		strb	r3, [r4, #61]
2085:./ucos/Core/os_core.c **** 
2086:./ucos/Core/os_core.c **** #if (OS_EVENT_EN)
2087:./ucos/Core/os_core.c ****         ptcb->OSTCBEventPtr      = (OS_EVENT  *)0;         /* Task is not pending on an  event     
 3545              		.loc 1 2087 9 is_stmt 1 view .LVU1162
 3546              		.loc 1 2087 34 is_stmt 0 view .LVU1163
 3547 0068 E161     		str	r1, [r4, #28]
2088:./ucos/Core/os_core.c **** #if (OS_EVENT_MULTI_EN > 0u)
2089:./ucos/Core/os_core.c ****         ptcb->OSTCBEventMultiPtr = (OS_EVENT **)0;         /* Task is not pending on any events    
 3548              		.loc 1 2089 9 is_stmt 1 view .LVU1164
 3549              		.loc 1 2089 34 is_stmt 0 view .LVU1165
 3550 006a 2162     		str	r1, [r4, #32]
2090:./ucos/Core/os_core.c ****         ptcb->OSTCBEventMultiRdy = (OS_EVENT  *)0;         /* No events readied for Multipend      
 3551              		.loc 1 2090 9 is_stmt 1 view .LVU1166
 3552              		.loc 1 2090 34 is_stmt 0 view .LVU1167
 3553 006c 6162     		str	r1, [r4, #36]
2091:./ucos/Core/os_core.c **** #endif
2092:./ucos/Core/os_core.c **** #endif
2093:./ucos/Core/os_core.c **** 
2094:./ucos/Core/os_core.c **** #if (OS_FLAG_EN > 0u) && (OS_MAX_FLAGS > 0u) && (OS_TASK_DEL_EN > 0u)
2095:./ucos/Core/os_core.c ****         ptcb->OSTCBFlagNode      = (OS_FLAG_NODE *)0;      /* Task is not pending on an event flag 
 3554              		.loc 1 2095 9 is_stmt 1 view .LVU1168
 3555              		.loc 1 2095 34 is_stmt 0 view .LVU1169
 3556 006e E162     		str	r1, [r4, #44]
2096:./ucos/Core/os_core.c **** #endif
2097:./ucos/Core/os_core.c **** 
2098:./ucos/Core/os_core.c **** #if (OS_MBOX_EN > 0u) || ((OS_Q_EN > 0u) && (OS_MAX_QS > 0u))
2099:./ucos/Core/os_core.c ****         ptcb->OSTCBMsg           = (void *)0;              /* No message received                  
 3557              		.loc 1 2099 9 is_stmt 1 view .LVU1170
 3558              		.loc 1 2099 34 is_stmt 0 view .LVU1171
 3559 0070 A162     		str	r1, [r4, #40]
2100:./ucos/Core/os_core.c **** #endif
2101:./ucos/Core/os_core.c **** 
2102:./ucos/Core/os_core.c **** #if OS_TASK_PROFILE_EN > 0u
ARM GAS  /tmp/ccMSGEvU.s 			page 117


2103:./ucos/Core/os_core.c ****         ptcb->OSTCBCtxSwCtr      = 0uL;                    /* Initialize profiling variables       
 3560              		.loc 1 2103 9 is_stmt 1 view .LVU1172
 3561              		.loc 1 2103 34 is_stmt 0 view .LVU1173
 3562 0072 2164     		str	r1, [r4, #64]
2104:./ucos/Core/os_core.c ****         ptcb->OSTCBCyclesStart   = 0uL;
 3563              		.loc 1 2104 9 is_stmt 1 view .LVU1174
 3564              		.loc 1 2104 34 is_stmt 0 view .LVU1175
 3565 0074 A164     		str	r1, [r4, #72]
2105:./ucos/Core/os_core.c ****         ptcb->OSTCBCyclesTot     = 0uL;
 3566              		.loc 1 2105 9 is_stmt 1 view .LVU1176
 3567              		.loc 1 2105 34 is_stmt 0 view .LVU1177
 3568 0076 6164     		str	r1, [r4, #68]
2106:./ucos/Core/os_core.c ****         ptcb->OSTCBStkBase       = (OS_STK *)0;
 3569              		.loc 1 2106 9 is_stmt 1 view .LVU1178
 3570              		.loc 1 2106 34 is_stmt 0 view .LVU1179
 3571 0078 E164     		str	r1, [r4, #76]
2107:./ucos/Core/os_core.c ****         ptcb->OSTCBStkUsed       = 0uL;
 3572              		.loc 1 2107 9 is_stmt 1 view .LVU1180
 3573              		.loc 1 2107 34 is_stmt 0 view .LVU1181
 3574 007a 2165     		str	r1, [r4, #80]
2108:./ucos/Core/os_core.c **** #endif
2109:./ucos/Core/os_core.c **** 
2110:./ucos/Core/os_core.c **** #if OS_TASK_NAME_EN > 0u
2111:./ucos/Core/os_core.c ****         ptcb->OSTCBTaskName      = (INT8U *)(void *)"?";
 3575              		.loc 1 2111 9 is_stmt 1 view .LVU1182
 3576              		.loc 1 2111 34 is_stmt 0 view .LVU1183
 3577 007c 224B     		ldr	r3, .L251+4
 3578 007e 6365     		str	r3, [r4, #84]
2112:./ucos/Core/os_core.c **** #endif
2113:./ucos/Core/os_core.c **** 
2114:./ucos/Core/os_core.c **** #if OS_TASK_REG_TBL_SIZE > 0u                              /* Initialize the task variables        
2115:./ucos/Core/os_core.c ****         for (i = 0u; i < OS_TASK_REG_TBL_SIZE; i++) {
 3579              		.loc 1 2115 9 is_stmt 1 view .LVU1184
 3580              	.LVL336:
 3581              	.L246:
 3582              		.loc 1 2115 24 discriminator 1 view .LVU1185
 3583 0080 0029     		cmp	r1, #0
 3584 0082 33D0     		beq	.L247
2116:./ucos/Core/os_core.c ****             ptcb->OSTCBRegTbl[i] = 0u;
2117:./ucos/Core/os_core.c ****         }
2118:./ucos/Core/os_core.c **** #endif
2119:./ucos/Core/os_core.c **** 
2120:./ucos/Core/os_core.c ****         OSTCBInitHook(ptcb);
 3585              		.loc 1 2120 9 view .LVU1186
 3586 0084 2046     		mov	r0, r4
 3587 0086 FFF7FEFF 		bl	OSTCBInitHook
 3588              	.LVL337:
2121:./ucos/Core/os_core.c **** 
2122:./ucos/Core/os_core.c ****         OS_ENTER_CRITICAL();
 3589              		.loc 1 2122 9 view .LVU1187
 3590              		.loc 1 2122 9 view .LVU1188
 3591 008a FFF7FEFF 		bl	OS_CPU_SR_Save
 3592              	.LVL338:
 3593              		.loc 1 2122 9 discriminator 1 view .LVU1189
2123:./ucos/Core/os_core.c ****         OSTCBPrioTbl[prio] = ptcb;
 3594              		.loc 1 2123 9 view .LVU1190
 3595              		.loc 1 2123 28 is_stmt 0 view .LVU1191
ARM GAS  /tmp/ccMSGEvU.s 			page 118


 3596 008e 1F4B     		ldr	r3, .L251+8
 3597 0090 43F82540 		str	r4, [r3, r5, lsl #2]
2124:./ucos/Core/os_core.c ****         OS_EXIT_CRITICAL();
 3598              		.loc 1 2124 9 is_stmt 1 view .LVU1192
 3599              		.loc 1 2124 9 view .LVU1193
 3600 0094 FFF7FEFF 		bl	OS_CPU_SR_Restore
 3601              	.LVL339:
 3602              		.loc 1 2124 9 discriminator 1 view .LVU1194
2125:./ucos/Core/os_core.c **** 
2126:./ucos/Core/os_core.c ****         OSTaskCreateHook(ptcb);                            /* Call user defined hook               
 3603              		.loc 1 2126 9 view .LVU1195
 3604 0098 2046     		mov	r0, r4
 3605 009a FFF7FEFF 		bl	OSTaskCreateHook
 3606              	.LVL340:
2127:./ucos/Core/os_core.c **** 
2128:./ucos/Core/os_core.c **** #if OS_TASK_CREATE_EXT_EN > 0u
2129:./ucos/Core/os_core.c **** #if defined(OS_TLS_TBL_SIZE) && (OS_TLS_TBL_SIZE > 0u)
2130:./ucos/Core/os_core.c ****         for (j = 0u; j < OS_TLS_TBL_SIZE; j++) {
2131:./ucos/Core/os_core.c ****             ptcb->OSTCBTLSTbl[j] = (OS_TLS)0;
2132:./ucos/Core/os_core.c ****         }
2133:./ucos/Core/os_core.c ****         OS_TLS_TaskCreate(ptcb);                           /* Call TLS hook                        
2134:./ucos/Core/os_core.c **** #endif
2135:./ucos/Core/os_core.c **** #endif
2136:./ucos/Core/os_core.c **** 
2137:./ucos/Core/os_core.c ****         OS_ENTER_CRITICAL();
 3607              		.loc 1 2137 9 view .LVU1196
 3608              		.loc 1 2137 9 view .LVU1197
 3609 009e FFF7FEFF 		bl	OS_CPU_SR_Save
 3610              	.LVL341:
 3611 00a2 0546     		mov	r5, r0
 3612              	.LVL342:
 3613              		.loc 1 2137 9 discriminator 1 view .LVU1198
2138:./ucos/Core/os_core.c ****         ptcb->OSTCBNext = OSTCBList;                       /* Link into TCB chain                  
 3614              		.loc 1 2138 9 view .LVU1199
 3615              		.loc 1 2138 25 is_stmt 0 view .LVU1200
 3616 00a4 1A4B     		ldr	r3, .L251+12
 3617 00a6 1B68     		ldr	r3, [r3]
 3618 00a8 6361     		str	r3, [r4, #20]
2139:./ucos/Core/os_core.c ****         ptcb->OSTCBPrev = (OS_TCB *)0;
 3619              		.loc 1 2139 9 is_stmt 1 view .LVU1201
 3620              		.loc 1 2139 25 is_stmt 0 view .LVU1202
 3621 00aa 0022     		movs	r2, #0
 3622 00ac A261     		str	r2, [r4, #24]
2140:./ucos/Core/os_core.c ****         if (OSTCBList != (OS_TCB *)0) {
 3623              		.loc 1 2140 9 is_stmt 1 view .LVU1203
 3624              		.loc 1 2140 12 is_stmt 0 view .LVU1204
 3625 00ae 03B1     		cbz	r3, .L248
2141:./ucos/Core/os_core.c ****             OSTCBList->OSTCBPrev = ptcb;
 3626              		.loc 1 2141 13 is_stmt 1 view .LVU1205
 3627              		.loc 1 2141 34 is_stmt 0 view .LVU1206
 3628 00b0 9C61     		str	r4, [r3, #24]
 3629              	.L248:
2142:./ucos/Core/os_core.c ****         }
2143:./ucos/Core/os_core.c ****         OSTCBList               = ptcb;
 3630              		.loc 1 2143 9 is_stmt 1 view .LVU1207
 3631              		.loc 1 2143 33 is_stmt 0 view .LVU1208
 3632 00b2 174B     		ldr	r3, .L251+12
ARM GAS  /tmp/ccMSGEvU.s 			page 119


 3633 00b4 1C60     		str	r4, [r3]
2144:./ucos/Core/os_core.c ****         OSRdyGrp               |= ptcb->OSTCBBitY;         /* Make task ready to run               
 3634              		.loc 1 2144 9 is_stmt 1 view .LVU1209
 3635              		.loc 1 2144 39 is_stmt 0 view .LVU1210
 3636 00b6 94F83E30 		ldrb	r3, [r4, #62]	@ zero_extendqisi2
 3637              		.loc 1 2144 32 view .LVU1211
 3638 00ba 164A     		ldr	r2, .L251+16
 3639 00bc 1178     		ldrb	r1, [r2]	@ zero_extendqisi2
 3640 00be 0B43     		orrs	r3, r3, r1
 3641 00c0 1370     		strb	r3, [r2]
2145:./ucos/Core/os_core.c ****         OSRdyTbl[ptcb->OSTCBY] |= ptcb->OSTCBBitX;
 3642              		.loc 1 2145 9 is_stmt 1 view .LVU1212
 3643              		.loc 1 2145 22 is_stmt 0 view .LVU1213
 3644 00c2 94F83C20 		ldrb	r2, [r4, #60]	@ zero_extendqisi2
 3645              		.loc 1 2145 17 view .LVU1214
 3646 00c6 1449     		ldr	r1, .L251+20
 3647 00c8 8B5C     		ldrb	r3, [r1, r2]	@ zero_extendqisi2
 3648              		.loc 1 2145 39 view .LVU1215
 3649 00ca 94F83D00 		ldrb	r0, [r4, #61]	@ zero_extendqisi2
 3650              	.LVL343:
 3651              		.loc 1 2145 32 view .LVU1216
 3652 00ce 0343     		orrs	r3, r3, r0
 3653 00d0 8B54     		strb	r3, [r1, r2]
2146:./ucos/Core/os_core.c ****         OSTaskCtr++;                                       /* Increment the #tasks counter         
 3654              		.loc 1 2146 9 is_stmt 1 view .LVU1217
 3655              		.loc 1 2146 18 is_stmt 0 view .LVU1218
 3656 00d2 124A     		ldr	r2, .L251+24
 3657 00d4 1378     		ldrb	r3, [r2]	@ zero_extendqisi2
 3658 00d6 0133     		adds	r3, r3, #1
 3659 00d8 1370     		strb	r3, [r2]
2147:./ucos/Core/os_core.c ****         OS_TRACE_TASK_READY(ptcb);
 3660              		.loc 1 2147 9 is_stmt 1 view .LVU1219
 3661 00da 2046     		mov	r0, r4
 3662 00dc FFF7FEFF 		bl	SYSVIEW_TaskReady
 3663              	.LVL344:
2148:./ucos/Core/os_core.c ****         OS_EXIT_CRITICAL();
 3664              		.loc 1 2148 9 view .LVU1220
 3665              		.loc 1 2148 9 view .LVU1221
 3666 00e0 2846     		mov	r0, r5
 3667 00e2 FFF7FEFF 		bl	OS_CPU_SR_Restore
 3668              	.LVL345:
 3669              		.loc 1 2148 9 discriminator 1 view .LVU1222
2149:./ucos/Core/os_core.c ****         return (OS_ERR_NONE);
 3670              		.loc 1 2149 9 view .LVU1223
 3671              		.loc 1 2149 16 is_stmt 0 view .LVU1224
 3672 00e6 0020     		movs	r0, #0
 3673              	.LVL346:
 3674              	.L249:
2150:./ucos/Core/os_core.c ****     }
2151:./ucos/Core/os_core.c ****     OS_EXIT_CRITICAL();
2152:./ucos/Core/os_core.c ****     return (OS_ERR_TASK_NO_MORE_TCB);
2153:./ucos/Core/os_core.c **** }
 3675              		.loc 1 2153 1 view .LVU1225
 3676 00e8 BDE8F081 		pop	{r4, r5, r6, r7, r8, pc}
 3677              	.LVL347:
 3678              	.L247:
2116:./ucos/Core/os_core.c ****         }
ARM GAS  /tmp/ccMSGEvU.s 			page 120


 3679              		.loc 1 2116 13 is_stmt 1 view .LVU1226
2116:./ucos/Core/os_core.c ****         }
 3680              		.loc 1 2116 34 is_stmt 0 view .LVU1227
 3681 00ec 01F11603 		add	r3, r1, #22
 3682 00f0 0022     		movs	r2, #0
 3683 00f2 44F82320 		str	r2, [r4, r3, lsl #2]
2115:./ucos/Core/os_core.c ****             ptcb->OSTCBRegTbl[i] = 0u;
 3684              		.loc 1 2115 49 is_stmt 1 discriminator 3 view .LVU1228
 3685 00f6 0131     		adds	r1, r1, #1
 3686              	.LVL348:
2115:./ucos/Core/os_core.c ****             ptcb->OSTCBRegTbl[i] = 0u;
 3687              		.loc 1 2115 49 is_stmt 0 discriminator 3 view .LVU1229
 3688 00f8 C9B2     		uxtb	r1, r1
 3689 00fa C1E7     		b	.L246
 3690              	.LVL349:
 3691              	.L245:
2151:./ucos/Core/os_core.c ****     return (OS_ERR_TASK_NO_MORE_TCB);
 3692              		.loc 1 2151 5 is_stmt 1 view .LVU1230
2151:./ucos/Core/os_core.c ****     return (OS_ERR_TASK_NO_MORE_TCB);
 3693              		.loc 1 2151 5 view .LVU1231
 3694 00fc FFF7FEFF 		bl	OS_CPU_SR_Restore
 3695              	.LVL350:
2151:./ucos/Core/os_core.c ****     return (OS_ERR_TASK_NO_MORE_TCB);
 3696              		.loc 1 2151 5 discriminator 1 view .LVU1232
2152:./ucos/Core/os_core.c **** }
 3697              		.loc 1 2152 5 view .LVU1233
2152:./ucos/Core/os_core.c **** }
 3698              		.loc 1 2152 12 is_stmt 0 view .LVU1234
 3699 0100 4220     		movs	r0, #66
 3700 0102 F1E7     		b	.L249
 3701              	.L252:
 3702              		.align	2
 3703              	.L251:
 3704 0104 00000000 		.word	OSTCBFreeList
 3705 0108 00000000 		.word	.LC2
 3706 010c 00000000 		.word	OSTCBPrioTbl
 3707 0110 00000000 		.word	OSTCBList
 3708 0114 00000000 		.word	OSRdyGrp
 3709 0118 00000000 		.word	OSRdyTbl
 3710 011c 00000000 		.word	OSTaskCtr
 3711              		.cfi_endproc
 3712              	.LFE33:
 3714              		.global	OSUnMapTbl
 3715              		.section	.rodata.OSUnMapTbl,"a"
 3716              		.align	2
 3719              	OSUnMapTbl:
 3720 0000 00000100 		.ascii	"\000\000\001\000\002\000\001\000\003\000\001\000\002"
 3720      02000100 
 3720      03000100 
 3720      02
 3721 000d 00010004 		.ascii	"\000\001\000\004\000\001\000\002\000\001\000\003\000"
 3721      00010002 
 3721      00010003 
 3721      00
 3722 001a 01000200 		.ascii	"\001\000\002\000\001\000\005\000\001\000\002\000\001"
 3722      01000500 
 3722      01000200 
ARM GAS  /tmp/ccMSGEvU.s 			page 121


 3722      01
 3723 0027 00030001 		.ascii	"\000\003\000\001\000\002\000\001\000\004\000\001\000"
 3723      00020001 
 3723      00040001 
 3723      00
 3724 0034 02000100 		.ascii	"\002\000\001\000\003\000\001\000\002\000\001\000\006"
 3724      03000100 
 3724      02000100 
 3724      06
 3725 0041 00010002 		.ascii	"\000\001\000\002\000\001\000\003\000\001\000\002\000"
 3725      00010003 
 3725      00010002 
 3725      00
 3726 004e 01000400 		.ascii	"\001\000\004\000\001\000\002\000\001\000\003\000\001"
 3726      01000200 
 3726      01000300 
 3726      01
 3727 005b 00020001 		.ascii	"\000\002\000\001\000\005\000\001\000\002\000\001\000"
 3727      00050001 
 3727      00020001 
 3727      00
 3728 0068 03000100 		.ascii	"\003\000\001\000\002\000\001\000\004\000\001\000\002"
 3728      02000100 
 3728      04000100 
 3728      02
 3729 0075 00010003 		.ascii	"\000\001\000\003\000\001\000\002\000\001\000\007\000"
 3729      00010002 
 3729      00010007 
 3729      00
 3730 0082 01000200 		.ascii	"\001\000\002\000\001\000\003\000\001\000\002\000\001"
 3730      01000300 
 3730      01000200 
 3730      01
 3731 008f 00040001 		.ascii	"\000\004\000\001\000\002\000\001\000\003\000\001\000"
 3731      00020001 
 3731      00030001 
 3731      00
 3732 009c 02000100 		.ascii	"\002\000\001\000\005\000\001\000\002\000\001\000\003"
 3732      05000100 
 3732      02000100 
 3732      03
 3733 00a9 00010002 		.ascii	"\000\001\000\002\000\001\000\004\000\001\000\002\000"
 3733      00010004 
 3733      00010002 
 3733      00
 3734 00b6 01000300 		.ascii	"\001\000\003\000\001\000\002\000\001\000\006\000\001"
 3734      01000200 
 3734      01000600 
 3734      01
 3735 00c3 00020001 		.ascii	"\000\002\000\001\000\003\000\001\000\002\000\001\000"
 3735      00030001 
 3735      00020001 
 3735      00
 3736 00d0 04000100 		.ascii	"\004\000\001\000\002\000\001\000\003\000\001\000\002"
 3736      02000100 
 3736      03000100 
 3736      02
ARM GAS  /tmp/ccMSGEvU.s 			page 122


 3737 00dd 00010005 		.ascii	"\000\001\000\005\000\001\000\002\000\001\000\003\000"
 3737      00010002 
 3737      00010003 
 3737      00
 3738 00ea 01000200 		.ascii	"\001\000\002\000\001\000\004\000\001\000\002\000\001"
 3738      01000400 
 3738      01000200 
 3738      01
 3739 00f7 00030001 		.ascii	"\000\003\000\001\000\002\000\001\000"
 3739      00020001 
 3739      00
 3740              		.global	OSTmrWheelTbl
 3741              		.section	.bss.OSTmrWheelTbl,"aw",%nobits
 3742              		.align	2
 3745              	OSTmrWheelTbl:
 3746 0000 00000000 		.space	56
 3746      00000000 
 3746      00000000 
 3746      00000000 
 3746      00000000 
 3747              		.global	OSTmrTaskStk
 3748              		.section	.bss.OSTmrTaskStk,"aw",%nobits
 3749              		.align	2
 3752              	OSTmrTaskStk:
 3753 0000 00000000 		.space	512
 3753      00000000 
 3753      00000000 
 3753      00000000 
 3753      00000000 
 3754              		.global	OSTmrFreeList
 3755              		.section	.bss.OSTmrFreeList,"aw",%nobits
 3756              		.align	2
 3759              	OSTmrFreeList:
 3760 0000 00000000 		.space	4
 3761              		.global	OSTmrTbl
 3762              		.section	.bss.OSTmrTbl,"aw",%nobits
 3763              		.align	2
 3766              	OSTmrTbl:
 3767 0000 00000000 		.space	640
 3767      00000000 
 3767      00000000 
 3767      00000000 
 3767      00000000 
 3768              		.global	OSTmrSemSignal
 3769              		.section	.bss.OSTmrSemSignal,"aw",%nobits
 3770              		.align	2
 3773              	OSTmrSemSignal:
 3774 0000 00000000 		.space	4
 3775              		.global	OSTmrSem
 3776              		.section	.bss.OSTmrSem,"aw",%nobits
 3777              		.align	2
 3780              	OSTmrSem:
 3781 0000 00000000 		.space	4
 3782              		.global	OSTmrTime
 3783              		.section	.bss.OSTmrTime,"aw",%nobits
 3784              		.align	2
 3787              	OSTmrTime:
ARM GAS  /tmp/ccMSGEvU.s 			page 123


 3788 0000 00000000 		.space	4
 3789              		.global	OSTmrUsed
 3790              		.section	.bss.OSTmrUsed,"aw",%nobits
 3791              		.align	1
 3794              	OSTmrUsed:
 3795 0000 0000     		.space	2
 3796              		.global	OSTmrFree
 3797              		.section	.bss.OSTmrFree,"aw",%nobits
 3798              		.align	1
 3801              	OSTmrFree:
 3802 0000 0000     		.space	2
 3803              		.global	OSTime
 3804              		.section	.bss.OSTime,"aw",%nobits
 3805              		.align	2
 3808              	OSTime:
 3809 0000 00000000 		.space	4
 3810              		.global	OSTaskRegNextAvailID
 3811              		.section	.bss.OSTaskRegNextAvailID,"aw",%nobits
 3814              	OSTaskRegNextAvailID:
 3815 0000 00       		.space	1
 3816              		.global	OSQTbl
 3817              		.section	.bss.OSQTbl,"aw",%nobits
 3818              		.align	2
 3821              	OSQTbl:
 3822 0000 00000000 		.space	96
 3822      00000000 
 3822      00000000 
 3822      00000000 
 3822      00000000 
 3823              		.global	OSQFreeList
 3824              		.section	.bss.OSQFreeList,"aw",%nobits
 3825              		.align	2
 3828              	OSQFreeList:
 3829 0000 00000000 		.space	4
 3830              		.global	OSMemTbl
 3831              		.section	.bss.OSMemTbl,"aw",%nobits
 3832              		.align	2
 3835              	OSMemTbl:
 3836 0000 00000000 		.space	120
 3836      00000000 
 3836      00000000 
 3836      00000000 
 3836      00000000 
 3837              		.global	OSMemFreeList
 3838              		.section	.bss.OSMemFreeList,"aw",%nobits
 3839              		.align	2
 3842              	OSMemFreeList:
 3843 0000 00000000 		.space	4
 3844              		.global	OSTickStepState
 3845              		.section	.bss.OSTickStepState,"aw",%nobits
 3848              	OSTickStepState:
 3849 0000 00       		.space	1
 3850              		.global	OSTCBTbl
 3851              		.section	.bss.OSTCBTbl,"aw",%nobits
 3852              		.align	2
 3855              	OSTCBTbl:
 3856 0000 00000000 		.space	2024
ARM GAS  /tmp/ccMSGEvU.s 			page 124


 3856      00000000 
 3856      00000000 
 3856      00000000 
 3856      00000000 
 3857              		.global	OSTCBPrioTbl
 3858              		.section	.bss.OSTCBPrioTbl,"aw",%nobits
 3859              		.align	2
 3862              	OSTCBPrioTbl:
 3863 0000 00000000 		.space	256
 3863      00000000 
 3863      00000000 
 3863      00000000 
 3863      00000000 
 3864              		.global	OSTCBList
 3865              		.section	.bss.OSTCBList,"aw",%nobits
 3866              		.align	2
 3869              	OSTCBList:
 3870 0000 00000000 		.space	4
 3871              		.global	OSTCBHighRdy
 3872              		.section	.bss.OSTCBHighRdy,"aw",%nobits
 3873              		.align	2
 3876              	OSTCBHighRdy:
 3877 0000 00000000 		.space	4
 3878              		.global	OSTCBFreeList
 3879              		.section	.bss.OSTCBFreeList,"aw",%nobits
 3880              		.align	2
 3883              	OSTCBFreeList:
 3884 0000 00000000 		.space	4
 3885              		.global	OSTCBCur
 3886              		.section	.bss.OSTCBCur,"aw",%nobits
 3887              		.align	2
 3890              	OSTCBCur:
 3891 0000 00000000 		.space	4
 3892              		.global	OSTaskIdleStk
 3893              		.section	.bss.OSTaskIdleStk,"aw",%nobits
 3894              		.align	2
 3897              	OSTaskIdleStk:
 3898 0000 00000000 		.space	512
 3898      00000000 
 3898      00000000 
 3898      00000000 
 3898      00000000 
 3899              		.global	OSIdleCtr
 3900              		.section	.bss.OSIdleCtr,"aw",%nobits
 3901              		.align	2
 3904              	OSIdleCtr:
 3905 0000 00000000 		.space	4
 3906              		.global	OSTaskCtr
 3907              		.section	.bss.OSTaskCtr,"aw",%nobits
 3910              	OSTaskCtr:
 3911 0000 00       		.space	1
 3912              		.global	OSRunning
 3913              		.section	.bss.OSRunning,"aw",%nobits
 3916              	OSRunning:
 3917 0000 00       		.space	1
 3918              		.global	OSRdyTbl
 3919              		.section	.bss.OSRdyTbl,"aw",%nobits
ARM GAS  /tmp/ccMSGEvU.s 			page 125


 3920              		.align	2
 3923              	OSRdyTbl:
 3924 0000 00000000 		.space	8
 3924      00000000 
 3925              		.global	OSRdyGrp
 3926              		.section	.bss.OSRdyGrp,"aw",%nobits
 3929              	OSRdyGrp:
 3930 0000 00       		.space	1
 3931              		.global	OSPrioHighRdy
 3932              		.section	.bss.OSPrioHighRdy,"aw",%nobits
 3935              	OSPrioHighRdy:
 3936 0000 00       		.space	1
 3937              		.global	OSPrioCur
 3938              		.section	.bss.OSPrioCur,"aw",%nobits
 3941              	OSPrioCur:
 3942 0000 00       		.space	1
 3943              		.global	OSLockNesting
 3944              		.section	.bss.OSLockNesting,"aw",%nobits
 3947              	OSLockNesting:
 3948 0000 00       		.space	1
 3949              		.global	OSIntNesting
 3950              		.section	.bss.OSIntNesting,"aw",%nobits
 3953              	OSIntNesting:
 3954 0000 00       		.space	1
 3955              		.global	OSTaskStatStk
 3956              		.section	.bss.OSTaskStatStk,"aw",%nobits
 3957              		.align	2
 3960              	OSTaskStatStk:
 3961 0000 00000000 		.space	512
 3961      00000000 
 3961      00000000 
 3961      00000000 
 3961      00000000 
 3962              		.global	OSStatRdy
 3963              		.section	.bss.OSStatRdy,"aw",%nobits
 3966              	OSStatRdy:
 3967 0000 00       		.space	1
 3968              		.global	OSIdleCtrRun
 3969              		.section	.bss.OSIdleCtrRun,"aw",%nobits
 3970              		.align	2
 3973              	OSIdleCtrRun:
 3974 0000 00000000 		.space	4
 3975              		.global	OSIdleCtrMax
 3976              		.section	.bss.OSIdleCtrMax,"aw",%nobits
 3977              		.align	2
 3980              	OSIdleCtrMax:
 3981 0000 00000000 		.space	4
 3982              		.global	OSCPUUsage
 3983              		.section	.bss.OSCPUUsage,"aw",%nobits
 3986              	OSCPUUsage:
 3987 0000 00       		.space	1
 3988              		.global	OSFlagFreeList
 3989              		.section	.bss.OSFlagFreeList,"aw",%nobits
 3990              		.align	2
 3993              	OSFlagFreeList:
 3994 0000 00000000 		.space	4
 3995              		.global	OSFlagTbl
ARM GAS  /tmp/ccMSGEvU.s 			page 126


 3996              		.section	.bss.OSFlagTbl,"aw",%nobits
 3997              		.align	2
 4000              	OSFlagTbl:
 4001 0000 00000000 		.space	80
 4001      00000000 
 4001      00000000 
 4001      00000000 
 4001      00000000 
 4002              		.global	OSEventTbl
 4003              		.section	.bss.OSEventTbl,"aw",%nobits
 4004              		.align	2
 4007              	OSEventTbl:
 4008 0000 00000000 		.space	240
 4008      00000000 
 4008      00000000 
 4008      00000000 
 4008      00000000 
 4009              		.global	OSEventFreeList
 4010              		.section	.bss.OSEventFreeList,"aw",%nobits
 4011              		.align	2
 4014              	OSEventFreeList:
 4015 0000 00000000 		.space	4
 4016              		.global	OSCtxSwCtr
 4017              		.section	.bss.OSCtxSwCtr,"aw",%nobits
 4018              		.align	2
 4021              	OSCtxSwCtr:
 4022 0000 00000000 		.space	4
 4023              		.text
 4024              	.Letext0:
 4025              		.file 2 "./ucos/Ports/os_cpu.h"
 4026              		.file 3 "./ucos/Core/ucos_ii.h"
 4027              		.file 4 "./trace/uCOS-II/os_trace_events.h"
 4028              		.file 5 "./trace/SEGGER/SEGGER_SYSVIEW.h"
ARM GAS  /tmp/ccMSGEvU.s 			page 127


DEFINED SYMBOLS
                            *ABS*:00000000 os_core.c
     /tmp/ccMSGEvU.s:21     .text.OS_InitMisc:00000000 $t
     /tmp/ccMSGEvU.s:26     .text.OS_InitMisc:00000000 OS_InitMisc
     /tmp/ccMSGEvU.s:83     .text.OS_InitMisc:00000030 $d
     /tmp/ccMSGEvU.s:3808   .bss.OSTime:00000000 OSTime
     /tmp/ccMSGEvU.s:3953   .bss.OSIntNesting:00000000 OSIntNesting
     /tmp/ccMSGEvU.s:3947   .bss.OSLockNesting:00000000 OSLockNesting
     /tmp/ccMSGEvU.s:3910   .bss.OSTaskCtr:00000000 OSTaskCtr
     /tmp/ccMSGEvU.s:3916   .bss.OSRunning:00000000 OSRunning
     /tmp/ccMSGEvU.s:4021   .bss.OSCtxSwCtr:00000000 OSCtxSwCtr
     /tmp/ccMSGEvU.s:3904   .bss.OSIdleCtr:00000000 OSIdleCtr
     /tmp/ccMSGEvU.s:3973   .bss.OSIdleCtrRun:00000000 OSIdleCtrRun
     /tmp/ccMSGEvU.s:3980   .bss.OSIdleCtrMax:00000000 OSIdleCtrMax
     /tmp/ccMSGEvU.s:3966   .bss.OSStatRdy:00000000 OSStatRdy
     /tmp/ccMSGEvU.s:3814   .bss.OSTaskRegNextAvailID:00000000 OSTaskRegNextAvailID
     /tmp/ccMSGEvU.s:98     .text.OS_InitRdyList:00000000 $t
     /tmp/ccMSGEvU.s:103    .text.OS_InitRdyList:00000000 OS_InitRdyList
     /tmp/ccMSGEvU.s:161    .text.OS_InitRdyList:0000002c $d
     /tmp/ccMSGEvU.s:3929   .bss.OSRdyGrp:00000000 OSRdyGrp
     /tmp/ccMSGEvU.s:3923   .bss.OSRdyTbl:00000000 OSRdyTbl
     /tmp/ccMSGEvU.s:3941   .bss.OSPrioCur:00000000 OSPrioCur
     /tmp/ccMSGEvU.s:3935   .bss.OSPrioHighRdy:00000000 OSPrioHighRdy
     /tmp/ccMSGEvU.s:3876   .bss.OSTCBHighRdy:00000000 OSTCBHighRdy
     /tmp/ccMSGEvU.s:3890   .bss.OSTCBCur:00000000 OSTCBCur
     /tmp/ccMSGEvU.s:171    .text.OS_SchedNew:00000000 $t
     /tmp/ccMSGEvU.s:176    .text.OS_SchedNew:00000000 OS_SchedNew
     /tmp/ccMSGEvU.s:213    .text.OS_SchedNew:0000001c $d
     /tmp/ccMSGEvU.s:3719   .rodata.OSUnMapTbl:00000000 OSUnMapTbl
     /tmp/ccMSGEvU.s:221    .rodata.OS_InitTaskIdle.str1.4:00000000 $d
     /tmp/ccMSGEvU.s:225    .text.OS_InitTaskIdle:00000000 $t
     /tmp/ccMSGEvU.s:230    .text.OS_InitTaskIdle:00000000 OS_InitTaskIdle
     /tmp/ccMSGEvU.s:276    .text.OS_InitTaskIdle:00000038 $d
     /tmp/ccMSGEvU.s:3897   .bss.OSTaskIdleStk:00000000 OSTaskIdleStk
     /tmp/ccMSGEvU.s:351    .text.OS_TaskIdle:00000000 OS_TaskIdle
     /tmp/ccMSGEvU.s:283    .rodata.OS_InitTaskStat.str1.4:00000000 $d
     /tmp/ccMSGEvU.s:287    .text.OS_InitTaskStat:00000000 $t
     /tmp/ccMSGEvU.s:292    .text.OS_InitTaskStat:00000000 OS_InitTaskStat
     /tmp/ccMSGEvU.s:338    .text.OS_InitTaskStat:00000038 $d
     /tmp/ccMSGEvU.s:3960   .bss.OSTaskStatStk:00000000 OSTaskStatStk
     /tmp/ccMSGEvU.s:3245   .text.OS_TaskStat:00000000 OS_TaskStat
     /tmp/ccMSGEvU.s:345    .text.OS_TaskIdle:00000000 $t
     /tmp/ccMSGEvU.s:392    .text.OS_TaskIdle:00000018 $d
     /tmp/ccMSGEvU.s:397    .text.OSEventNameSet:00000000 $t
     /tmp/ccMSGEvU.s:403    .text.OSEventNameSet:00000000 OSEventNameSet
     /tmp/ccMSGEvU.s:503    .text.OSEventNameSet:0000004c $d
     /tmp/ccMSGEvU.s:508    .text.OSIntEnter:00000000 $t
     /tmp/ccMSGEvU.s:514    .text.OSIntEnter:00000000 OSIntEnter
     /tmp/ccMSGEvU.s:557    .text.OSIntEnter:00000020 $d
     /tmp/ccMSGEvU.s:563    .text.OSIntExit:00000000 $t
     /tmp/ccMSGEvU.s:569    .text.OSIntExit:00000000 OSIntExit
     /tmp/ccMSGEvU.s:690    .text.OSIntExit:00000074 $d
     /tmp/ccMSGEvU.s:3862   .bss.OSTCBPrioTbl:00000000 OSTCBPrioTbl
     /tmp/ccMSGEvU.s:702    .text.OSSchedLock:00000000 $t
     /tmp/ccMSGEvU.s:708    .text.OSSchedLock:00000000 OSSchedLock
     /tmp/ccMSGEvU.s:768    .text.OSSchedLock:0000002c $d
     /tmp/ccMSGEvU.s:775    .text.OSStart:00000000 $t
ARM GAS  /tmp/ccMSGEvU.s 			page 128


     /tmp/ccMSGEvU.s:781    .text.OSStart:00000000 OSStart
     /tmp/ccMSGEvU.s:830    .text.OSStart:0000002c $d
     /tmp/ccMSGEvU.s:840    .text.OSStatInit:00000000 $t
     /tmp/ccMSGEvU.s:846    .text.OSStatInit:00000000 OSStatInit
     /tmp/ccMSGEvU.s:907    .text.OSStatInit:00000034 $d
     /tmp/ccMSGEvU.s:914    .text.OSTimeTick:00000000 $t
     /tmp/ccMSGEvU.s:920    .text.OSTimeTick:00000000 OSTimeTick
     /tmp/ccMSGEvU.s:1114   .text.OSTimeTick:000000c0 $d
     /tmp/ccMSGEvU.s:3848   .bss.OSTickStepState:00000000 OSTickStepState
     /tmp/ccMSGEvU.s:3869   .bss.OSTCBList:00000000 OSTCBList
     /tmp/ccMSGEvU.s:1124   .text.OSVersion:00000000 $t
     /tmp/ccMSGEvU.s:1130   .text.OSVersion:00000000 OSVersion
     /tmp/ccMSGEvU.s:1145   .text.OS_Dummy:00000000 $t
     /tmp/ccMSGEvU.s:1151   .text.OS_Dummy:00000000 OS_Dummy
     /tmp/ccMSGEvU.s:1164   .text.OS_EventTaskWait:00000000 $t
     /tmp/ccMSGEvU.s:1170   .text.OS_EventTaskWait:00000000 OS_EventTaskWait
     /tmp/ccMSGEvU.s:1253   .text.OS_EventTaskWait:00000054 $d
     /tmp/ccMSGEvU.s:1260   .text.OS_EventTaskWaitMulti:00000000 $t
     /tmp/ccMSGEvU.s:1266   .text.OS_EventTaskWaitMulti:00000000 OS_EventTaskWaitMulti
     /tmp/ccMSGEvU.s:1376   .text.OS_EventTaskWaitMulti:00000064 $d
     /tmp/ccMSGEvU.s:1383   .text.OS_EventTaskRemove:00000000 $t
     /tmp/ccMSGEvU.s:1389   .text.OS_EventTaskRemove:00000000 OS_EventTaskRemove
     /tmp/ccMSGEvU.s:1436   .text.OS_EventTaskRemoveMulti:00000000 $t
     /tmp/ccMSGEvU.s:1442   .text.OS_EventTaskRemoveMulti:00000000 OS_EventTaskRemoveMulti
     /tmp/ccMSGEvU.s:1516   .text.OS_EventTaskRdy:00000000 $t
     /tmp/ccMSGEvU.s:1522   .text.OS_EventTaskRdy:00000000 OS_EventTaskRdy
     /tmp/ccMSGEvU.s:1657   .text.OS_EventTaskRdy:00000078 $d
     /tmp/ccMSGEvU.s:1665   .text.OS_EventWaitListInit:00000000 $t
     /tmp/ccMSGEvU.s:1671   .text.OS_EventWaitListInit:00000000 OS_EventWaitListInit
     /tmp/ccMSGEvU.s:1711   .text.OS_MemClr:00000000 $t
     /tmp/ccMSGEvU.s:1717   .text.OS_MemClr:00000000 OS_MemClr
     /tmp/ccMSGEvU.s:1752   .rodata.OS_InitTCBList.str1.4:00000000 $d
     /tmp/ccMSGEvU.s:1756   .text.OS_InitTCBList:00000000 $t
     /tmp/ccMSGEvU.s:1761   .text.OS_InitTCBList:00000000 OS_InitTCBList
     /tmp/ccMSGEvU.s:1856   .text.OS_InitTCBList:00000050 $d
     /tmp/ccMSGEvU.s:3855   .bss.OSTCBTbl:00000000 OSTCBTbl
     /tmp/ccMSGEvU.s:3883   .bss.OSTCBFreeList:00000000 OSTCBFreeList
     /tmp/ccMSGEvU.s:1865   .text.OS_InitEventList:00000000 $t
     /tmp/ccMSGEvU.s:1870   .text.OS_InitEventList:00000000 OS_InitEventList
     /tmp/ccMSGEvU.s:1963   .text.OS_InitEventList:00000058 $d
     /tmp/ccMSGEvU.s:4007   .bss.OSEventTbl:00000000 OSEventTbl
     /tmp/ccMSGEvU.s:4014   .bss.OSEventFreeList:00000000 OSEventFreeList
     /tmp/ccMSGEvU.s:1970   .text.OSInit:00000000 $t
     /tmp/ccMSGEvU.s:1976   .text.OSInit:00000000 OSInit
     /tmp/ccMSGEvU.s:2032   .text.OS_MemCopy:00000000 $t
     /tmp/ccMSGEvU.s:2038   .text.OS_MemCopy:00000000 OS_MemCopy
     /tmp/ccMSGEvU.s:2075   .text.OS_Sched:00000000 $t
     /tmp/ccMSGEvU.s:2081   .text.OS_Sched:00000000 OS_Sched
     /tmp/ccMSGEvU.s:2163   .text.OS_Sched:0000004c $d
     /tmp/ccMSGEvU.s:2174   .text.OSEventPendMulti:00000000 $t
     /tmp/ccMSGEvU.s:2180   .text.OSEventPendMulti:00000000 OSEventPendMulti
     /tmp/ccMSGEvU.s:2846   .text.OSEventPendMulti:00000268 $d
     /tmp/ccMSGEvU.s:2853   .text.OSSchedUnlock:00000000 $t
     /tmp/ccMSGEvU.s:2859   .text.OSSchedUnlock:00000000 OSSchedUnlock
     /tmp/ccMSGEvU.s:2948   .text.OSSchedUnlock:00000044 $d
     /tmp/ccMSGEvU.s:2955   .text.OS_StrLen:00000000 $t
     /tmp/ccMSGEvU.s:2961   .text.OS_StrLen:00000000 OS_StrLen
ARM GAS  /tmp/ccMSGEvU.s 			page 129


     /tmp/ccMSGEvU.s:3012   .text.OSEventNameGet:00000000 $t
     /tmp/ccMSGEvU.s:3018   .text.OSEventNameGet:00000000 OSEventNameGet
     /tmp/ccMSGEvU.s:3136   .text.OSEventNameGet:0000005c $d
     /tmp/ccMSGEvU.s:3141   .text.OS_TaskStatStkChk:00000000 $t
     /tmp/ccMSGEvU.s:3147   .text.OS_TaskStatStkChk:00000000 OS_TaskStatStkChk
     /tmp/ccMSGEvU.s:3234   .text.OS_TaskStatStkChk:00000040 $d
     /tmp/ccMSGEvU.s:3239   .text.OS_TaskStat:00000000 $t
     /tmp/ccMSGEvU.s:3422   .text.OS_TaskStat:000000ac $d
     /tmp/ccMSGEvU.s:3986   .bss.OSCPUUsage:00000000 OSCPUUsage
     /tmp/ccMSGEvU.s:3432   .text.OS_TCBInit:00000000 $t
     /tmp/ccMSGEvU.s:3438   .text.OS_TCBInit:00000000 OS_TCBInit
     /tmp/ccMSGEvU.s:3704   .text.OS_TCBInit:00000104 $d
     /tmp/ccMSGEvU.s:3716   .rodata.OSUnMapTbl:00000000 $d
     /tmp/ccMSGEvU.s:3745   .bss.OSTmrWheelTbl:00000000 OSTmrWheelTbl
     /tmp/ccMSGEvU.s:3742   .bss.OSTmrWheelTbl:00000000 $d
     /tmp/ccMSGEvU.s:3752   .bss.OSTmrTaskStk:00000000 OSTmrTaskStk
     /tmp/ccMSGEvU.s:3749   .bss.OSTmrTaskStk:00000000 $d
     /tmp/ccMSGEvU.s:3759   .bss.OSTmrFreeList:00000000 OSTmrFreeList
     /tmp/ccMSGEvU.s:3756   .bss.OSTmrFreeList:00000000 $d
     /tmp/ccMSGEvU.s:3766   .bss.OSTmrTbl:00000000 OSTmrTbl
     /tmp/ccMSGEvU.s:3763   .bss.OSTmrTbl:00000000 $d
     /tmp/ccMSGEvU.s:3773   .bss.OSTmrSemSignal:00000000 OSTmrSemSignal
     /tmp/ccMSGEvU.s:3770   .bss.OSTmrSemSignal:00000000 $d
     /tmp/ccMSGEvU.s:3780   .bss.OSTmrSem:00000000 OSTmrSem
     /tmp/ccMSGEvU.s:3777   .bss.OSTmrSem:00000000 $d
     /tmp/ccMSGEvU.s:3787   .bss.OSTmrTime:00000000 OSTmrTime
     /tmp/ccMSGEvU.s:3784   .bss.OSTmrTime:00000000 $d
     /tmp/ccMSGEvU.s:3794   .bss.OSTmrUsed:00000000 OSTmrUsed
     /tmp/ccMSGEvU.s:3791   .bss.OSTmrUsed:00000000 $d
     /tmp/ccMSGEvU.s:3801   .bss.OSTmrFree:00000000 OSTmrFree
     /tmp/ccMSGEvU.s:3798   .bss.OSTmrFree:00000000 $d
     /tmp/ccMSGEvU.s:3805   .bss.OSTime:00000000 $d
     /tmp/ccMSGEvU.s:3815   .bss.OSTaskRegNextAvailID:00000000 $d
     /tmp/ccMSGEvU.s:3821   .bss.OSQTbl:00000000 OSQTbl
     /tmp/ccMSGEvU.s:3818   .bss.OSQTbl:00000000 $d
     /tmp/ccMSGEvU.s:3828   .bss.OSQFreeList:00000000 OSQFreeList
     /tmp/ccMSGEvU.s:3825   .bss.OSQFreeList:00000000 $d
     /tmp/ccMSGEvU.s:3835   .bss.OSMemTbl:00000000 OSMemTbl
     /tmp/ccMSGEvU.s:3832   .bss.OSMemTbl:00000000 $d
     /tmp/ccMSGEvU.s:3842   .bss.OSMemFreeList:00000000 OSMemFreeList
     /tmp/ccMSGEvU.s:3839   .bss.OSMemFreeList:00000000 $d
     /tmp/ccMSGEvU.s:3849   .bss.OSTickStepState:00000000 $d
     /tmp/ccMSGEvU.s:3852   .bss.OSTCBTbl:00000000 $d
     /tmp/ccMSGEvU.s:3859   .bss.OSTCBPrioTbl:00000000 $d
     /tmp/ccMSGEvU.s:3866   .bss.OSTCBList:00000000 $d
     /tmp/ccMSGEvU.s:3873   .bss.OSTCBHighRdy:00000000 $d
     /tmp/ccMSGEvU.s:3880   .bss.OSTCBFreeList:00000000 $d
     /tmp/ccMSGEvU.s:3887   .bss.OSTCBCur:00000000 $d
     /tmp/ccMSGEvU.s:3894   .bss.OSTaskIdleStk:00000000 $d
     /tmp/ccMSGEvU.s:3901   .bss.OSIdleCtr:00000000 $d
     /tmp/ccMSGEvU.s:3911   .bss.OSTaskCtr:00000000 $d
     /tmp/ccMSGEvU.s:3917   .bss.OSRunning:00000000 $d
     /tmp/ccMSGEvU.s:3920   .bss.OSRdyTbl:00000000 $d
     /tmp/ccMSGEvU.s:3930   .bss.OSRdyGrp:00000000 $d
     /tmp/ccMSGEvU.s:3936   .bss.OSPrioHighRdy:00000000 $d
     /tmp/ccMSGEvU.s:3942   .bss.OSPrioCur:00000000 $d
     /tmp/ccMSGEvU.s:3948   .bss.OSLockNesting:00000000 $d
ARM GAS  /tmp/ccMSGEvU.s 			page 130


     /tmp/ccMSGEvU.s:3954   .bss.OSIntNesting:00000000 $d
     /tmp/ccMSGEvU.s:3957   .bss.OSTaskStatStk:00000000 $d
     /tmp/ccMSGEvU.s:3967   .bss.OSStatRdy:00000000 $d
     /tmp/ccMSGEvU.s:3970   .bss.OSIdleCtrRun:00000000 $d
     /tmp/ccMSGEvU.s:3977   .bss.OSIdleCtrMax:00000000 $d
     /tmp/ccMSGEvU.s:3987   .bss.OSCPUUsage:00000000 $d
     /tmp/ccMSGEvU.s:3993   .bss.OSFlagFreeList:00000000 OSFlagFreeList
     /tmp/ccMSGEvU.s:3990   .bss.OSFlagFreeList:00000000 $d
     /tmp/ccMSGEvU.s:4000   .bss.OSFlagTbl:00000000 OSFlagTbl
     /tmp/ccMSGEvU.s:3997   .bss.OSFlagTbl:00000000 $d
     /tmp/ccMSGEvU.s:4004   .bss.OSEventTbl:00000000 $d
     /tmp/ccMSGEvU.s:4011   .bss.OSEventFreeList:00000000 $d
     /tmp/ccMSGEvU.s:4018   .bss.OSCtxSwCtr:00000000 $d

UNDEFINED SYMBOLS
OSTaskCreateExt
OSTaskNameSet
OS_CPU_SR_Save
OS_CPU_SR_Restore
OSTaskIdleHook
SYSVIEW_UpdateResource
SEGGER_SYSVIEW_RecordEnterISR
SEGGER_SYSVIEW_RecordExitISRToScheduler
OSIntCtxSw
SEGGER_SYSVIEW_RecordExitISR
OSStartHighRdy
OSTimeDly
OSTimeTickHook
SEGGER_SYSVIEW_RecordU32
SYSVIEW_TaskReady
SYSVIEW_TaskSuspend
OSInitHookBegin
OS_FlagInit
OS_MemInit
OS_QInit
OSTmr_Init
OSInitHookEnd
OSDebugInit
OSCtxSw
OSTaskStkChk
OSTaskSuspend
OSTaskStatHook
OSTCBInitHook
OSTaskCreateHook
