ARM GAS  /tmp/ccjnSGoX.s 			page 1


   1              		.cpu cortex-m4
   2              		.arch armv7e-m
   3              		.fpu fpv4-sp-d16
   4              		.eabi_attribute 27, 1
   5              		.eabi_attribute 28, 1
   6              		.eabi_attribute 20, 1
   7              		.eabi_attribute 21, 1
   8              		.eabi_attribute 23, 3
   9              		.eabi_attribute 24, 1
  10              		.eabi_attribute 25, 1
  11              		.eabi_attribute 26, 1
  12              		.eabi_attribute 30, 1
  13              		.eabi_attribute 34, 1
  14              		.eabi_attribute 18, 4
  15              		.file	"os_flag.c"
  16              		.text
  17              	.Ltext0:
  18              		.cfi_sections	.debug_frame
  19              		.file 1 "./ucos/Core/os_flag.c"
  20              		.section	.text.OS_FlagBlock,"ax",%progbits
  21              		.align	1
  22              		.syntax unified
  23              		.thumb
  24              		.thumb_func
  26              	OS_FlagBlock:
  27              	.LVL0:
  28              	.LFB9:
   1:./ucos/Core/os_flag.c **** /*
   2:./ucos/Core/os_flag.c **** ***************************************************************************************************
   3:./ucos/Core/os_flag.c **** *                                              uC/OS-II
   4:./ucos/Core/os_flag.c **** *                                        The Real-Time Kernel
   5:./ucos/Core/os_flag.c **** *
   6:./ucos/Core/os_flag.c **** *                    Copyright 1992-2021 Silicon Laboratories Inc. www.silabs.com
   7:./ucos/Core/os_flag.c **** *
   8:./ucos/Core/os_flag.c **** *                                 SPDX-License-Identifier: APACHE-2.0
   9:./ucos/Core/os_flag.c **** *
  10:./ucos/Core/os_flag.c **** *               This software is subject to an open source license and is distributed by
  11:./ucos/Core/os_flag.c **** *                Silicon Laboratories Inc. pursuant to the terms of the Apache License,
  12:./ucos/Core/os_flag.c **** *                    Version 2.0 available at www.apache.org/licenses/LICENSE-2.0.
  13:./ucos/Core/os_flag.c **** *
  14:./ucos/Core/os_flag.c **** ***************************************************************************************************
  15:./ucos/Core/os_flag.c **** */
  16:./ucos/Core/os_flag.c **** 
  17:./ucos/Core/os_flag.c **** 
  18:./ucos/Core/os_flag.c **** /*
  19:./ucos/Core/os_flag.c **** ***************************************************************************************************
  20:./ucos/Core/os_flag.c **** *
  21:./ucos/Core/os_flag.c **** *                                        EVENT FLAG  MANAGEMENT
  22:./ucos/Core/os_flag.c **** *
  23:./ucos/Core/os_flag.c **** * Filename : os_flag.c
  24:./ucos/Core/os_flag.c **** * Version  : V2.93.01
  25:./ucos/Core/os_flag.c **** ***************************************************************************************************
  26:./ucos/Core/os_flag.c **** */
  27:./ucos/Core/os_flag.c **** 
  28:./ucos/Core/os_flag.c **** #ifndef  OS_FLAG_C
  29:./ucos/Core/os_flag.c **** #define  OS_FLAG_C
  30:./ucos/Core/os_flag.c **** 
ARM GAS  /tmp/ccjnSGoX.s 			page 2


  31:./ucos/Core/os_flag.c **** #define  MICRIUM_SOURCE
  32:./ucos/Core/os_flag.c **** 
  33:./ucos/Core/os_flag.c **** #ifndef  OS_MASTER_FILE
  34:./ucos/Core/os_flag.c **** #include <ucos_ii.h>
  35:./ucos/Core/os_flag.c **** #endif
  36:./ucos/Core/os_flag.c **** 
  37:./ucos/Core/os_flag.c **** #if (OS_FLAG_EN > 0u) && (OS_MAX_FLAGS > 0u)
  38:./ucos/Core/os_flag.c **** /*
  39:./ucos/Core/os_flag.c **** ***************************************************************************************************
  40:./ucos/Core/os_flag.c **** *                                          LOCAL PROTOTYPES
  41:./ucos/Core/os_flag.c **** ***************************************************************************************************
  42:./ucos/Core/os_flag.c **** */
  43:./ucos/Core/os_flag.c **** 
  44:./ucos/Core/os_flag.c **** static  void     OS_FlagBlock(OS_FLAG_GRP *pgrp, OS_FLAG_NODE *pnode, OS_FLAGS flags, INT8U wait_ty
  45:./ucos/Core/os_flag.c **** static  BOOLEAN  OS_FlagTaskRdy(OS_FLAG_NODE *pnode, OS_FLAGS flags_rdy, INT8U pend_stat);
  46:./ucos/Core/os_flag.c **** 
  47:./ucos/Core/os_flag.c **** 
  48:./ucos/Core/os_flag.c **** /*
  49:./ucos/Core/os_flag.c **** ***************************************************************************************************
  50:./ucos/Core/os_flag.c **** *                          CHECK THE STATUS OF FLAGS IN AN EVENT FLAG GROUP
  51:./ucos/Core/os_flag.c **** *
  52:./ucos/Core/os_flag.c **** * Description: This function is called to check the status of a combination of bits to be set or cl
  53:./ucos/Core/os_flag.c **** *              in an event flag group.  Your application can check for ANY bit to be set/cleared or
  54:./ucos/Core/os_flag.c **** *              bits to be set/cleared.
  55:./ucos/Core/os_flag.c **** *
  56:./ucos/Core/os_flag.c **** *              This call does not block if the desired flags are not present.
  57:./ucos/Core/os_flag.c **** *
  58:./ucos/Core/os_flag.c **** * Arguments  : pgrp          is a pointer to the desired event flag group.
  59:./ucos/Core/os_flag.c **** *
  60:./ucos/Core/os_flag.c **** *              flags         Is a bit pattern indicating which bit(s) (i.e. flags) you wish to chec
  61:./ucos/Core/os_flag.c **** *                            The bits you want are specified by setting the corresponding bits in
  62:./ucos/Core/os_flag.c **** *                            'flags'.  e.g. if your application wants to wait for bits 0 and 1 then
  63:./ucos/Core/os_flag.c **** *                            'flags' would contain 0x03.
  64:./ucos/Core/os_flag.c **** *
  65:./ucos/Core/os_flag.c **** *              wait_type     specifies whether you want ALL bits to be set/cleared or ANY of the bi
  66:./ucos/Core/os_flag.c **** *                            to be set/cleared.
  67:./ucos/Core/os_flag.c **** *                            You can specify the following argument:
  68:./ucos/Core/os_flag.c **** *
  69:./ucos/Core/os_flag.c **** *                            OS_FLAG_WAIT_CLR_ALL   You will check ALL bits in 'flags' to be clear 
  70:./ucos/Core/os_flag.c **** *                            OS_FLAG_WAIT_CLR_ANY   You will check ANY bit  in 'flags' to be clear 
  71:./ucos/Core/os_flag.c **** *                            OS_FLAG_WAIT_SET_ALL   You will check ALL bits in 'flags' to be set   
  72:./ucos/Core/os_flag.c **** *                            OS_FLAG_WAIT_SET_ANY   You will check ANY bit  in 'flags' to be set   
  73:./ucos/Core/os_flag.c **** *
  74:./ucos/Core/os_flag.c **** *                            NOTE: Add OS_FLAG_CONSUME if you want the event flag to be 'consumed' 
  75:./ucos/Core/os_flag.c **** *                                  the call.  Example, to wait for any flag in a group AND then cle
  76:./ucos/Core/os_flag.c **** *                                  the flags that are present, set 'wait_type' to:
  77:./ucos/Core/os_flag.c **** *
  78:./ucos/Core/os_flag.c **** *                                  OS_FLAG_WAIT_SET_ANY + OS_FLAG_CONSUME
  79:./ucos/Core/os_flag.c **** *
  80:./ucos/Core/os_flag.c **** *              perr          is a pointer to an error code and can be:
  81:./ucos/Core/os_flag.c **** *                            OS_ERR_NONE               No error
  82:./ucos/Core/os_flag.c **** *                            OS_ERR_EVENT_TYPE         You are not pointing to an event flag group
  83:./ucos/Core/os_flag.c **** *                            OS_ERR_FLAG_WAIT_TYPE     You didn't specify a proper 'wait_type' argu
  84:./ucos/Core/os_flag.c **** *                            OS_ERR_FLAG_INVALID_PGRP  You passed a NULL pointer instead of the eve
  85:./ucos/Core/os_flag.c **** *                                                      group handle.
  86:./ucos/Core/os_flag.c **** *                            OS_ERR_FLAG_NOT_RDY       The desired flags you are waiting for are no
  87:./ucos/Core/os_flag.c **** *                                                      available.
ARM GAS  /tmp/ccjnSGoX.s 			page 3


  88:./ucos/Core/os_flag.c **** *
  89:./ucos/Core/os_flag.c **** * Returns    : The flags in the event flag group that made the task ready or, 0 if a timeout or an 
  90:./ucos/Core/os_flag.c **** *              occurred.
  91:./ucos/Core/os_flag.c **** *
  92:./ucos/Core/os_flag.c **** * Called from: Task or ISR
  93:./ucos/Core/os_flag.c **** *
  94:./ucos/Core/os_flag.c **** * Note(s)    : 1) IMPORTANT, the behavior of this function has changed from PREVIOUS versions.  The
  95:./ucos/Core/os_flag.c **** *                 function NOW returns the flags that were ready INSTEAD of the current state of th
  96:./ucos/Core/os_flag.c **** *                 event flags.
  97:./ucos/Core/os_flag.c **** ***************************************************************************************************
  98:./ucos/Core/os_flag.c **** */
  99:./ucos/Core/os_flag.c **** 
 100:./ucos/Core/os_flag.c **** #if OS_FLAG_ACCEPT_EN > 0u
 101:./ucos/Core/os_flag.c **** OS_FLAGS  OSFlagAccept (OS_FLAG_GRP  *pgrp,
 102:./ucos/Core/os_flag.c ****                         OS_FLAGS      flags,
 103:./ucos/Core/os_flag.c ****                         INT8U         wait_type,
 104:./ucos/Core/os_flag.c ****                         INT8U        *perr)
 105:./ucos/Core/os_flag.c **** {
 106:./ucos/Core/os_flag.c ****     OS_FLAGS      flags_rdy;
 107:./ucos/Core/os_flag.c ****     INT8U         result;
 108:./ucos/Core/os_flag.c ****     BOOLEAN       consume;
 109:./ucos/Core/os_flag.c **** #if OS_CRITICAL_METHOD == 3u                               /* Allocate storage for CPU status regis
 110:./ucos/Core/os_flag.c ****     OS_CPU_SR     cpu_sr = 0u;
 111:./ucos/Core/os_flag.c **** #endif
 112:./ucos/Core/os_flag.c **** 
 113:./ucos/Core/os_flag.c **** 
 114:./ucos/Core/os_flag.c **** 
 115:./ucos/Core/os_flag.c **** #ifdef OS_SAFETY_CRITICAL
 116:./ucos/Core/os_flag.c ****     if (perr == (INT8U *)0) {
 117:./ucos/Core/os_flag.c ****         OS_SAFETY_CRITICAL_EXCEPTION();
 118:./ucos/Core/os_flag.c ****         return ((OS_FLAGS)0);
 119:./ucos/Core/os_flag.c ****     }
 120:./ucos/Core/os_flag.c **** #endif
 121:./ucos/Core/os_flag.c **** 
 122:./ucos/Core/os_flag.c **** #if OS_ARG_CHK_EN > 0u
 123:./ucos/Core/os_flag.c ****     if (pgrp == (OS_FLAG_GRP *)0) {                        /* Validate 'pgrp'                      
 124:./ucos/Core/os_flag.c ****         *perr = OS_ERR_FLAG_INVALID_PGRP;
 125:./ucos/Core/os_flag.c ****         return ((OS_FLAGS)0);
 126:./ucos/Core/os_flag.c ****     }
 127:./ucos/Core/os_flag.c **** #endif
 128:./ucos/Core/os_flag.c ****     if (pgrp->OSFlagType != OS_EVENT_TYPE_FLAG) {          /* Validate event block type            
 129:./ucos/Core/os_flag.c ****         *perr = OS_ERR_EVENT_TYPE;
 130:./ucos/Core/os_flag.c ****         return ((OS_FLAGS)0);
 131:./ucos/Core/os_flag.c ****     }
 132:./ucos/Core/os_flag.c ****     result = (INT8U)(wait_type & OS_FLAG_CONSUME);
 133:./ucos/Core/os_flag.c ****     if (result != (INT8U)0) {                              /* See if we need to consume the flags  
 134:./ucos/Core/os_flag.c ****         wait_type &= ~OS_FLAG_CONSUME;
 135:./ucos/Core/os_flag.c ****         consume    = OS_TRUE;
 136:./ucos/Core/os_flag.c ****     } else {
 137:./ucos/Core/os_flag.c ****         consume    = OS_FALSE;
 138:./ucos/Core/os_flag.c ****     }
 139:./ucos/Core/os_flag.c **** 
 140:./ucos/Core/os_flag.c ****     *perr = OS_ERR_NONE;                                   /* Assume NO error until proven otherwis
 141:./ucos/Core/os_flag.c ****     OS_ENTER_CRITICAL();
 142:./ucos/Core/os_flag.c ****     switch (wait_type) {
 143:./ucos/Core/os_flag.c ****         case OS_FLAG_WAIT_SET_ALL:                         /* See if all required flags are set    
 144:./ucos/Core/os_flag.c ****              flags_rdy = (OS_FLAGS)(pgrp->OSFlagFlags & flags);     /* Extract only the bits we wan
ARM GAS  /tmp/ccjnSGoX.s 			page 4


 145:./ucos/Core/os_flag.c ****              if (flags_rdy == flags) {                     /* Must match ALL the bits that we want 
 146:./ucos/Core/os_flag.c ****                  if (consume == OS_TRUE) {                 /* See if we need to consume the flags  
 147:./ucos/Core/os_flag.c ****                      pgrp->OSFlagFlags &= (OS_FLAGS)~flags_rdy;     /* Clear ONLY the flags we want
 148:./ucos/Core/os_flag.c ****                  }
 149:./ucos/Core/os_flag.c ****              } else {
 150:./ucos/Core/os_flag.c ****                  *perr = OS_ERR_FLAG_NOT_RDY;
 151:./ucos/Core/os_flag.c ****              }
 152:./ucos/Core/os_flag.c ****              OS_EXIT_CRITICAL();
 153:./ucos/Core/os_flag.c ****              break;
 154:./ucos/Core/os_flag.c **** 
 155:./ucos/Core/os_flag.c ****         case OS_FLAG_WAIT_SET_ANY:
 156:./ucos/Core/os_flag.c ****              flags_rdy = (OS_FLAGS)(pgrp->OSFlagFlags & flags);     /* Extract only the bits we wan
 157:./ucos/Core/os_flag.c ****              if (flags_rdy != (OS_FLAGS)0) {               /* See if any flag set                  
 158:./ucos/Core/os_flag.c ****                  if (consume == OS_TRUE) {                 /* See if we need to consume the flags  
 159:./ucos/Core/os_flag.c ****                      pgrp->OSFlagFlags &= (OS_FLAGS)~flags_rdy;     /* Clear ONLY the flags we got 
 160:./ucos/Core/os_flag.c ****                  }
 161:./ucos/Core/os_flag.c ****              } else {
 162:./ucos/Core/os_flag.c ****                  *perr = OS_ERR_FLAG_NOT_RDY;
 163:./ucos/Core/os_flag.c ****              }
 164:./ucos/Core/os_flag.c ****              OS_EXIT_CRITICAL();
 165:./ucos/Core/os_flag.c ****              break;
 166:./ucos/Core/os_flag.c **** 
 167:./ucos/Core/os_flag.c **** #if OS_FLAG_WAIT_CLR_EN > 0u
 168:./ucos/Core/os_flag.c ****         case OS_FLAG_WAIT_CLR_ALL:                         /* See if all required flags are cleared
 169:./ucos/Core/os_flag.c ****              flags_rdy = (OS_FLAGS)~pgrp->OSFlagFlags & flags;    /* Extract only the bits we want 
 170:./ucos/Core/os_flag.c ****              if (flags_rdy == flags) {                     /* Must match ALL the bits that we want 
 171:./ucos/Core/os_flag.c ****                  if (consume == OS_TRUE) {                 /* See if we need to consume the flags  
 172:./ucos/Core/os_flag.c ****                      pgrp->OSFlagFlags |= flags_rdy;       /* Set ONLY the flags that we wanted    
 173:./ucos/Core/os_flag.c ****                  }
 174:./ucos/Core/os_flag.c ****              } else {
 175:./ucos/Core/os_flag.c ****                  *perr = OS_ERR_FLAG_NOT_RDY;
 176:./ucos/Core/os_flag.c ****              }
 177:./ucos/Core/os_flag.c ****              OS_EXIT_CRITICAL();
 178:./ucos/Core/os_flag.c ****              break;
 179:./ucos/Core/os_flag.c **** 
 180:./ucos/Core/os_flag.c ****         case OS_FLAG_WAIT_CLR_ANY:
 181:./ucos/Core/os_flag.c ****              flags_rdy = (OS_FLAGS)~pgrp->OSFlagFlags & flags;   /* Extract only the bits we want  
 182:./ucos/Core/os_flag.c ****              if (flags_rdy != (OS_FLAGS)0) {               /* See if any flag cleared              
 183:./ucos/Core/os_flag.c ****                  if (consume == OS_TRUE) {                 /* See if we need to consume the flags  
 184:./ucos/Core/os_flag.c ****                      pgrp->OSFlagFlags |= flags_rdy;       /* Set ONLY the flags that we got       
 185:./ucos/Core/os_flag.c ****                  }
 186:./ucos/Core/os_flag.c ****              } else {
 187:./ucos/Core/os_flag.c ****                  *perr = OS_ERR_FLAG_NOT_RDY;
 188:./ucos/Core/os_flag.c ****              }
 189:./ucos/Core/os_flag.c ****              OS_EXIT_CRITICAL();
 190:./ucos/Core/os_flag.c ****              break;
 191:./ucos/Core/os_flag.c **** #endif
 192:./ucos/Core/os_flag.c **** 
 193:./ucos/Core/os_flag.c ****         default:
 194:./ucos/Core/os_flag.c ****              OS_EXIT_CRITICAL();
 195:./ucos/Core/os_flag.c ****              flags_rdy = (OS_FLAGS)0;
 196:./ucos/Core/os_flag.c ****              *perr     = OS_ERR_FLAG_WAIT_TYPE;
 197:./ucos/Core/os_flag.c ****              break;
 198:./ucos/Core/os_flag.c ****     }
 199:./ucos/Core/os_flag.c ****     return (flags_rdy);
 200:./ucos/Core/os_flag.c **** }
 201:./ucos/Core/os_flag.c **** #endif
ARM GAS  /tmp/ccjnSGoX.s 			page 5


 202:./ucos/Core/os_flag.c **** 
 203:./ucos/Core/os_flag.c **** 
 204:./ucos/Core/os_flag.c **** /*
 205:./ucos/Core/os_flag.c **** ***************************************************************************************************
 206:./ucos/Core/os_flag.c **** *                                        CREATE AN EVENT FLAG
 207:./ucos/Core/os_flag.c **** *
 208:./ucos/Core/os_flag.c **** * Description: This function is called to create an event flag group.
 209:./ucos/Core/os_flag.c **** *
 210:./ucos/Core/os_flag.c **** * Arguments  : flags         Contains the initial value to store in the event flag group.
 211:./ucos/Core/os_flag.c **** *
 212:./ucos/Core/os_flag.c **** *              perr          is a pointer to an error code which will be returned to your applicati
 213:./ucos/Core/os_flag.c **** *                               OS_ERR_NONE                     if the call was successful.
 214:./ucos/Core/os_flag.c **** *                               OS_ERR_CREATE_ISR               if you attempted to create an Event
 215:./ucos/Core/os_flag.c **** *                                                               ISR.
 216:./ucos/Core/os_flag.c **** *                               OS_ERR_FLAG_GRP_DEPLETED        if there are no more event flag gro
 217:./ucos/Core/os_flag.c **** *                               OS_ERR_ILLEGAL_CREATE_RUN_TIME  if you tried to create an event fla
 218:./ucos/Core/os_flag.c **** *                                                               safety critical operation started.
 219:./ucos/Core/os_flag.c **** *
 220:./ucos/Core/os_flag.c **** * Returns    : A pointer to an event flag group or a NULL pointer if no more groups are available.
 221:./ucos/Core/os_flag.c **** *
 222:./ucos/Core/os_flag.c **** * Called from: Task ONLY
 223:./ucos/Core/os_flag.c **** ***************************************************************************************************
 224:./ucos/Core/os_flag.c **** */
 225:./ucos/Core/os_flag.c **** 
 226:./ucos/Core/os_flag.c **** OS_FLAG_GRP  *OSFlagCreate (OS_FLAGS  flags,
 227:./ucos/Core/os_flag.c ****                             INT8U    *perr)
 228:./ucos/Core/os_flag.c **** {
 229:./ucos/Core/os_flag.c ****     OS_FLAG_GRP *pgrp;
 230:./ucos/Core/os_flag.c **** #if OS_CRITICAL_METHOD == 3u                        /* Allocate storage for CPU status register    
 231:./ucos/Core/os_flag.c ****     OS_CPU_SR    cpu_sr = 0u;
 232:./ucos/Core/os_flag.c **** #endif
 233:./ucos/Core/os_flag.c **** 
 234:./ucos/Core/os_flag.c **** 
 235:./ucos/Core/os_flag.c **** 
 236:./ucos/Core/os_flag.c **** #ifdef OS_SAFETY_CRITICAL
 237:./ucos/Core/os_flag.c ****     if (perr == (INT8U *)0) {
 238:./ucos/Core/os_flag.c ****         OS_SAFETY_CRITICAL_EXCEPTION();
 239:./ucos/Core/os_flag.c ****         return ((OS_FLAG_GRP *)0);
 240:./ucos/Core/os_flag.c ****     }
 241:./ucos/Core/os_flag.c **** #endif
 242:./ucos/Core/os_flag.c **** 
 243:./ucos/Core/os_flag.c **** #ifdef OS_SAFETY_CRITICAL_IEC61508
 244:./ucos/Core/os_flag.c ****     if (OSSafetyCriticalStartFlag == OS_TRUE) {
 245:./ucos/Core/os_flag.c ****         OS_SAFETY_CRITICAL_EXCEPTION();
 246:./ucos/Core/os_flag.c ****         *perr = OS_ERR_ILLEGAL_CREATE_RUN_TIME;
 247:./ucos/Core/os_flag.c ****         return ((OS_FLAG_GRP *)0);
 248:./ucos/Core/os_flag.c ****     }
 249:./ucos/Core/os_flag.c **** #endif
 250:./ucos/Core/os_flag.c **** 
 251:./ucos/Core/os_flag.c ****     if (OSIntNesting > 0u) {                        /* See if called from ISR ...                  
 252:./ucos/Core/os_flag.c ****         *perr = OS_ERR_CREATE_ISR;                  /* ... can't CREATE from an ISR                
 253:./ucos/Core/os_flag.c ****         return ((OS_FLAG_GRP *)0);
 254:./ucos/Core/os_flag.c ****     }
 255:./ucos/Core/os_flag.c ****     OS_ENTER_CRITICAL();
 256:./ucos/Core/os_flag.c ****     pgrp = OSFlagFreeList;                          /* Get next free event flag                    
 257:./ucos/Core/os_flag.c ****     if (pgrp != (OS_FLAG_GRP *)0) {                 /* See if we have event flag groups available  
 258:./ucos/Core/os_flag.c ****                                                     /* Adjust free list                            
ARM GAS  /tmp/ccjnSGoX.s 			page 6


 259:./ucos/Core/os_flag.c ****         OSFlagFreeList       = (OS_FLAG_GRP *)OSFlagFreeList->OSFlagWaitList;
 260:./ucos/Core/os_flag.c ****         pgrp->OSFlagType     = OS_EVENT_TYPE_FLAG;  /* Set to event flag group type                
 261:./ucos/Core/os_flag.c ****         pgrp->OSFlagFlags    = flags;               /* Set to desired initial value                
 262:./ucos/Core/os_flag.c ****         pgrp->OSFlagWaitList = (void *)0;           /* Clear list of tasks waiting on flags        
 263:./ucos/Core/os_flag.c **** #if OS_FLAG_NAME_EN > 0u
 264:./ucos/Core/os_flag.c ****         pgrp->OSFlagName     = (INT8U *)(void *)"?";
 265:./ucos/Core/os_flag.c **** #endif
 266:./ucos/Core/os_flag.c ****         OS_TRACE_FLAG_CREATE(pgrp, pgrp->OSFlagName);
 267:./ucos/Core/os_flag.c ****         OS_EXIT_CRITICAL();
 268:./ucos/Core/os_flag.c ****         *perr                = OS_ERR_NONE;
 269:./ucos/Core/os_flag.c ****     } else {
 270:./ucos/Core/os_flag.c ****         OS_EXIT_CRITICAL();
 271:./ucos/Core/os_flag.c ****         *perr                = OS_ERR_FLAG_GRP_DEPLETED;
 272:./ucos/Core/os_flag.c ****     }
 273:./ucos/Core/os_flag.c ****     return (pgrp);                                  /* Return pointer to event flag group          
 274:./ucos/Core/os_flag.c **** }
 275:./ucos/Core/os_flag.c **** 
 276:./ucos/Core/os_flag.c **** 
 277:./ucos/Core/os_flag.c **** /*
 278:./ucos/Core/os_flag.c **** ***************************************************************************************************
 279:./ucos/Core/os_flag.c **** *                                     DELETE AN EVENT FLAG GROUP
 280:./ucos/Core/os_flag.c **** *
 281:./ucos/Core/os_flag.c **** * Description: This function deletes an event flag group and readies all tasks pending on the event
 282:./ucos/Core/os_flag.c **** *              group.
 283:./ucos/Core/os_flag.c **** *
 284:./ucos/Core/os_flag.c **** * Arguments  : pgrp          is a pointer to the desired event flag group.
 285:./ucos/Core/os_flag.c **** *
 286:./ucos/Core/os_flag.c **** *              opt           determines delete options as follows:
 287:./ucos/Core/os_flag.c **** *                            opt == OS_DEL_NO_PEND   Deletes the event flag group ONLY if no task p
 288:./ucos/Core/os_flag.c **** *                            opt == OS_DEL_ALWAYS    Deletes the event flag group even if tasks are
 289:./ucos/Core/os_flag.c **** *                                                    waiting.  In this case, all the tasks pending 
 290:./ucos/Core/os_flag.c **** *                                                    readied.
 291:./ucos/Core/os_flag.c **** *
 292:./ucos/Core/os_flag.c **** *              perr          is a pointer to an error code that can contain one of the following va
 293:./ucos/Core/os_flag.c **** *                            OS_ERR_NONE                  The call was successful and the event fla
 294:./ucos/Core/os_flag.c **** *                                                         deleted
 295:./ucos/Core/os_flag.c **** *                            OS_ERR_DEL_ISR               If you attempted to delete the event flag
 296:./ucos/Core/os_flag.c **** *                                                         an ISR
 297:./ucos/Core/os_flag.c **** *                            OS_ERR_FLAG_INVALID_PGRP     If 'pgrp' is a NULL pointer.
 298:./ucos/Core/os_flag.c **** *                            OS_ERR_EVENT_TYPE            If you didn't pass a pointer to an event 
 299:./ucos/Core/os_flag.c **** *                            OS_ERR_ILLEGAL_DEL_RUN_TIME  If you tried to delete an event flag afte
 300:./ucos/Core/os_flag.c **** *                                                         safety critical operation started.
 301:./ucos/Core/os_flag.c **** *                            OS_ERR_INVALID_OPT           An invalid option was specified
 302:./ucos/Core/os_flag.c **** *                            OS_ERR_TASK_WAITING          One or more tasks were waiting on the eve
 303:./ucos/Core/os_flag.c **** *                                                         group.
 304:./ucos/Core/os_flag.c **** *
 305:./ucos/Core/os_flag.c **** * Returns    : pgrp          upon error
 306:./ucos/Core/os_flag.c **** *              (OS_EVENT *)0 if the event flag group was successfully deleted.
 307:./ucos/Core/os_flag.c **** *
 308:./ucos/Core/os_flag.c **** * Note(s)    : 1) This function must be used with care.  Tasks that would normally expect the prese
 309:./ucos/Core/os_flag.c **** *                 the event flag group MUST check the return code of OSFlagAccept() and OSFlagPend(
 310:./ucos/Core/os_flag.c **** *              2) This call can potentially disable interrupts for a long time.  The interrupt disa
 311:./ucos/Core/os_flag.c **** *                 time is directly proportional to the number of tasks waiting on the event flag gr
 312:./ucos/Core/os_flag.c **** *              3) All tasks that were waiting for the event flag will be readied and returned an
 313:./ucos/Core/os_flag.c **** *                 OS_ERR_PEND_ABORT if OSFlagDel() was called with OS_DEL_ALWAYS
 314:./ucos/Core/os_flag.c **** ***************************************************************************************************
 315:./ucos/Core/os_flag.c **** */
ARM GAS  /tmp/ccjnSGoX.s 			page 7


 316:./ucos/Core/os_flag.c **** 
 317:./ucos/Core/os_flag.c **** #if OS_FLAG_DEL_EN > 0u
 318:./ucos/Core/os_flag.c **** OS_FLAG_GRP  *OSFlagDel (OS_FLAG_GRP  *pgrp,
 319:./ucos/Core/os_flag.c ****                          INT8U         opt,
 320:./ucos/Core/os_flag.c ****                          INT8U        *perr)
 321:./ucos/Core/os_flag.c **** {
 322:./ucos/Core/os_flag.c ****     BOOLEAN       tasks_waiting;
 323:./ucos/Core/os_flag.c ****     OS_FLAG_NODE *pnode;
 324:./ucos/Core/os_flag.c ****     OS_FLAG_GRP  *pgrp_return;
 325:./ucos/Core/os_flag.c **** #if OS_CRITICAL_METHOD == 3u                               /* Allocate storage for CPU status regis
 326:./ucos/Core/os_flag.c ****     OS_CPU_SR     cpu_sr = 0u;
 327:./ucos/Core/os_flag.c **** #endif
 328:./ucos/Core/os_flag.c **** 
 329:./ucos/Core/os_flag.c **** 
 330:./ucos/Core/os_flag.c **** #ifdef OS_SAFETY_CRITICAL
 331:./ucos/Core/os_flag.c ****     if (perr == (INT8U *)0) {
 332:./ucos/Core/os_flag.c ****         OS_SAFETY_CRITICAL_EXCEPTION();
 333:./ucos/Core/os_flag.c ****         return ((OS_FLAG_GRP *)0);
 334:./ucos/Core/os_flag.c ****     }
 335:./ucos/Core/os_flag.c **** #endif
 336:./ucos/Core/os_flag.c **** 
 337:./ucos/Core/os_flag.c **** #ifdef OS_SAFETY_CRITICAL_IEC61508
 338:./ucos/Core/os_flag.c ****     if (OSSafetyCriticalStartFlag == OS_TRUE) {
 339:./ucos/Core/os_flag.c ****         OS_SAFETY_CRITICAL_EXCEPTION();
 340:./ucos/Core/os_flag.c ****         *perr = OS_ERR_ILLEGAL_DEL_RUN_TIME;
 341:./ucos/Core/os_flag.c ****         return ((OS_FLAG_GRP *)0);
 342:./ucos/Core/os_flag.c ****     }
 343:./ucos/Core/os_flag.c **** #endif
 344:./ucos/Core/os_flag.c **** 
 345:./ucos/Core/os_flag.c **** #if OS_ARG_CHK_EN > 0u
 346:./ucos/Core/os_flag.c ****     if (pgrp == (OS_FLAG_GRP *)0) {                        /* Validate 'pgrp'                      
 347:./ucos/Core/os_flag.c ****         *perr = OS_ERR_FLAG_INVALID_PGRP;
 348:./ucos/Core/os_flag.c ****         return (pgrp);
 349:./ucos/Core/os_flag.c ****     }
 350:./ucos/Core/os_flag.c **** #endif
 351:./ucos/Core/os_flag.c **** 
 352:./ucos/Core/os_flag.c ****     OS_TRACE_FLAG_DEL_ENTER(pgrp, opt);
 353:./ucos/Core/os_flag.c **** 
 354:./ucos/Core/os_flag.c ****     if (OSIntNesting > 0u) {                               /* See if called from ISR ...           
 355:./ucos/Core/os_flag.c ****         *perr = OS_ERR_DEL_ISR;                            /* ... can't DELETE from an ISR         
 356:./ucos/Core/os_flag.c ****         OS_TRACE_FLAG_DEL_EXIT(*perr);
 357:./ucos/Core/os_flag.c ****         return (pgrp);
 358:./ucos/Core/os_flag.c ****     }
 359:./ucos/Core/os_flag.c ****     if (pgrp->OSFlagType != OS_EVENT_TYPE_FLAG) {          /* Validate event group type            
 360:./ucos/Core/os_flag.c ****         *perr = OS_ERR_EVENT_TYPE;
 361:./ucos/Core/os_flag.c ****         OS_TRACE_FLAG_DEL_EXIT(*perr);
 362:./ucos/Core/os_flag.c ****         return (pgrp);
 363:./ucos/Core/os_flag.c ****     }
 364:./ucos/Core/os_flag.c ****     OS_ENTER_CRITICAL();
 365:./ucos/Core/os_flag.c ****     if (pgrp->OSFlagWaitList != (void *)0) {               /* See if any tasks waiting on event fla
 366:./ucos/Core/os_flag.c ****         tasks_waiting = OS_TRUE;                           /* Yes                                  
 367:./ucos/Core/os_flag.c ****     } else {
 368:./ucos/Core/os_flag.c ****         tasks_waiting = OS_FALSE;                          /* No                                   
 369:./ucos/Core/os_flag.c ****     }
 370:./ucos/Core/os_flag.c ****     switch (opt) {
 371:./ucos/Core/os_flag.c ****         case OS_DEL_NO_PEND:                               /* Delete group if no task waiting      
 372:./ucos/Core/os_flag.c ****              if (tasks_waiting == OS_FALSE) {
ARM GAS  /tmp/ccjnSGoX.s 			page 8


 373:./ucos/Core/os_flag.c **** #if OS_FLAG_NAME_EN > 0u
 374:./ucos/Core/os_flag.c ****                  pgrp->OSFlagName     = (INT8U *)(void *)"?";
 375:./ucos/Core/os_flag.c **** #endif
 376:./ucos/Core/os_flag.c ****                  pgrp->OSFlagType     = OS_EVENT_TYPE_UNUSED;
 377:./ucos/Core/os_flag.c ****                  pgrp->OSFlagWaitList = (void *)OSFlagFreeList; /* Return group to free list       
 378:./ucos/Core/os_flag.c ****                  pgrp->OSFlagFlags    = (OS_FLAGS)0;
 379:./ucos/Core/os_flag.c ****                  OSFlagFreeList       = pgrp;
 380:./ucos/Core/os_flag.c ****                  OS_EXIT_CRITICAL();
 381:./ucos/Core/os_flag.c ****                  *perr                = OS_ERR_NONE;
 382:./ucos/Core/os_flag.c ****                  pgrp_return          = (OS_FLAG_GRP *)0;  /* Event Flag Group has been deleted    
 383:./ucos/Core/os_flag.c ****              } else {
 384:./ucos/Core/os_flag.c ****                  OS_EXIT_CRITICAL();
 385:./ucos/Core/os_flag.c ****                  *perr                = OS_ERR_TASK_WAITING;
 386:./ucos/Core/os_flag.c ****                  pgrp_return          = pgrp;
 387:./ucos/Core/os_flag.c ****              }
 388:./ucos/Core/os_flag.c ****              break;
 389:./ucos/Core/os_flag.c **** 
 390:./ucos/Core/os_flag.c ****         case OS_DEL_ALWAYS:                                /* Always delete the event flag group   
 391:./ucos/Core/os_flag.c ****              pnode = (OS_FLAG_NODE *)pgrp->OSFlagWaitList;
 392:./ucos/Core/os_flag.c ****              while (pnode != (OS_FLAG_NODE *)0) {          /* Ready ALL tasks waiting for flags    
 393:./ucos/Core/os_flag.c ****                  (void)OS_FlagTaskRdy(pnode, (OS_FLAGS)0, OS_STAT_PEND_ABORT);
 394:./ucos/Core/os_flag.c ****                  pnode = (OS_FLAG_NODE *)pnode->OSFlagNodeNext;
 395:./ucos/Core/os_flag.c ****              }
 396:./ucos/Core/os_flag.c **** #if OS_FLAG_NAME_EN > 0u
 397:./ucos/Core/os_flag.c ****              pgrp->OSFlagName     = (INT8U *)(void *)"?";
 398:./ucos/Core/os_flag.c **** #endif
 399:./ucos/Core/os_flag.c ****              pgrp->OSFlagType     = OS_EVENT_TYPE_UNUSED;
 400:./ucos/Core/os_flag.c ****              pgrp->OSFlagWaitList = (void *)OSFlagFreeList;/* Return group to free list            
 401:./ucos/Core/os_flag.c ****              pgrp->OSFlagFlags    = (OS_FLAGS)0;
 402:./ucos/Core/os_flag.c ****              OSFlagFreeList       = pgrp;
 403:./ucos/Core/os_flag.c ****              OS_EXIT_CRITICAL();
 404:./ucos/Core/os_flag.c ****              if (tasks_waiting == OS_TRUE) {               /* Reschedule only if task(s) were waiti
 405:./ucos/Core/os_flag.c ****                  OS_Sched();                               /* Find highest priority task ready to r
 406:./ucos/Core/os_flag.c ****              }
 407:./ucos/Core/os_flag.c ****              *perr = OS_ERR_NONE;
 408:./ucos/Core/os_flag.c ****              pgrp_return          = (OS_FLAG_GRP *)0;      /* Event Flag Group has been deleted    
 409:./ucos/Core/os_flag.c ****              break;
 410:./ucos/Core/os_flag.c **** 
 411:./ucos/Core/os_flag.c ****         default:
 412:./ucos/Core/os_flag.c ****              OS_EXIT_CRITICAL();
 413:./ucos/Core/os_flag.c ****              *perr                = OS_ERR_INVALID_OPT;
 414:./ucos/Core/os_flag.c ****              pgrp_return          = pgrp;
 415:./ucos/Core/os_flag.c ****              break;
 416:./ucos/Core/os_flag.c ****     }
 417:./ucos/Core/os_flag.c **** 
 418:./ucos/Core/os_flag.c ****     OS_TRACE_FLAG_DEL_EXIT(*perr);
 419:./ucos/Core/os_flag.c **** 
 420:./ucos/Core/os_flag.c ****     return (pgrp_return);
 421:./ucos/Core/os_flag.c **** }
 422:./ucos/Core/os_flag.c **** #endif
 423:./ucos/Core/os_flag.c **** 
 424:./ucos/Core/os_flag.c **** 
 425:./ucos/Core/os_flag.c **** /*
 426:./ucos/Core/os_flag.c **** ***************************************************************************************************
 427:./ucos/Core/os_flag.c **** *                                 GET THE NAME OF AN EVENT FLAG GROUP
 428:./ucos/Core/os_flag.c **** *
 429:./ucos/Core/os_flag.c **** * Description: This function is used to obtain the name assigned to an event flag group
ARM GAS  /tmp/ccjnSGoX.s 			page 9


 430:./ucos/Core/os_flag.c **** *
 431:./ucos/Core/os_flag.c **** * Arguments  : pgrp      is a pointer to the event flag group.
 432:./ucos/Core/os_flag.c **** *
 433:./ucos/Core/os_flag.c **** *              pname     is pointer to a pointer to an ASCII string that will receive the name of t
 434:./ucos/Core/os_flag.c **** *                        group.
 435:./ucos/Core/os_flag.c **** *
 436:./ucos/Core/os_flag.c **** *              perr      is a pointer to an error code that can contain one of the following values
 437:./ucos/Core/os_flag.c **** *
 438:./ucos/Core/os_flag.c **** *                        OS_ERR_NONE                if the requested task is resumed
 439:./ucos/Core/os_flag.c **** *                        OS_ERR_EVENT_TYPE          if 'pevent' is not pointing to an event flag gr
 440:./ucos/Core/os_flag.c **** *                        OS_ERR_PNAME_NULL          You passed a NULL pointer for 'pname'
 441:./ucos/Core/os_flag.c **** *                        OS_ERR_FLAG_INVALID_PGRP   if you passed a NULL pointer for 'pgrp'
 442:./ucos/Core/os_flag.c **** *                        OS_ERR_NAME_GET_ISR        if you called this function from an ISR
 443:./ucos/Core/os_flag.c **** *
 444:./ucos/Core/os_flag.c **** * Returns    : The length of the string or 0 if the 'pgrp' is a NULL pointer.
 445:./ucos/Core/os_flag.c **** ***************************************************************************************************
 446:./ucos/Core/os_flag.c **** */
 447:./ucos/Core/os_flag.c **** 
 448:./ucos/Core/os_flag.c **** #if OS_FLAG_NAME_EN > 0u
 449:./ucos/Core/os_flag.c **** INT8U  OSFlagNameGet (OS_FLAG_GRP   *pgrp,
 450:./ucos/Core/os_flag.c ****                       INT8U        **pname,
 451:./ucos/Core/os_flag.c ****                       INT8U         *perr)
 452:./ucos/Core/os_flag.c **** {
 453:./ucos/Core/os_flag.c ****     INT8U      len;
 454:./ucos/Core/os_flag.c **** #if OS_CRITICAL_METHOD == 3u                     /* Allocate storage for CPU status register       
 455:./ucos/Core/os_flag.c ****     OS_CPU_SR  cpu_sr = 0u;
 456:./ucos/Core/os_flag.c **** #endif
 457:./ucos/Core/os_flag.c **** 
 458:./ucos/Core/os_flag.c **** 
 459:./ucos/Core/os_flag.c **** 
 460:./ucos/Core/os_flag.c **** #ifdef OS_SAFETY_CRITICAL
 461:./ucos/Core/os_flag.c ****     if (perr == (INT8U *)0) {
 462:./ucos/Core/os_flag.c ****         OS_SAFETY_CRITICAL_EXCEPTION();
 463:./ucos/Core/os_flag.c ****         return (0u);
 464:./ucos/Core/os_flag.c ****     }
 465:./ucos/Core/os_flag.c **** #endif
 466:./ucos/Core/os_flag.c **** 
 467:./ucos/Core/os_flag.c **** #if OS_ARG_CHK_EN > 0u
 468:./ucos/Core/os_flag.c ****     if (pgrp == (OS_FLAG_GRP *)0) {              /* Is 'pgrp' a NULL pointer?                      
 469:./ucos/Core/os_flag.c ****         *perr = OS_ERR_FLAG_INVALID_PGRP;
 470:./ucos/Core/os_flag.c ****         return (0u);
 471:./ucos/Core/os_flag.c ****     }
 472:./ucos/Core/os_flag.c ****     if (pname == (INT8U **)0) {                   /* Is 'pname' a NULL pointer?                    
 473:./ucos/Core/os_flag.c ****         *perr = OS_ERR_PNAME_NULL;
 474:./ucos/Core/os_flag.c ****         return (0u);
 475:./ucos/Core/os_flag.c ****     }
 476:./ucos/Core/os_flag.c **** #endif
 477:./ucos/Core/os_flag.c ****     if (OSIntNesting > 0u) {                     /* See if trying to call from an ISR              
 478:./ucos/Core/os_flag.c ****         *perr = OS_ERR_NAME_GET_ISR;
 479:./ucos/Core/os_flag.c ****         return (0u);
 480:./ucos/Core/os_flag.c ****     }
 481:./ucos/Core/os_flag.c ****     OS_ENTER_CRITICAL();
 482:./ucos/Core/os_flag.c ****     if (pgrp->OSFlagType != OS_EVENT_TYPE_FLAG) {
 483:./ucos/Core/os_flag.c ****         OS_EXIT_CRITICAL();
 484:./ucos/Core/os_flag.c ****         *perr = OS_ERR_EVENT_TYPE;
 485:./ucos/Core/os_flag.c ****         return (0u);
 486:./ucos/Core/os_flag.c ****     }
ARM GAS  /tmp/ccjnSGoX.s 			page 10


 487:./ucos/Core/os_flag.c ****     *pname = pgrp->OSFlagName;
 488:./ucos/Core/os_flag.c ****     len    = OS_StrLen(*pname);
 489:./ucos/Core/os_flag.c ****     OS_EXIT_CRITICAL();
 490:./ucos/Core/os_flag.c ****     *perr  = OS_ERR_NONE;
 491:./ucos/Core/os_flag.c ****     return (len);
 492:./ucos/Core/os_flag.c **** }
 493:./ucos/Core/os_flag.c **** #endif
 494:./ucos/Core/os_flag.c **** 
 495:./ucos/Core/os_flag.c **** 
 496:./ucos/Core/os_flag.c **** /*
 497:./ucos/Core/os_flag.c **** ***************************************************************************************************
 498:./ucos/Core/os_flag.c **** *                                ASSIGN A NAME TO AN EVENT FLAG GROUP
 499:./ucos/Core/os_flag.c **** *
 500:./ucos/Core/os_flag.c **** * Description: This function assigns a name to an event flag group.
 501:./ucos/Core/os_flag.c **** *
 502:./ucos/Core/os_flag.c **** * Arguments  : pgrp      is a pointer to the event flag group.
 503:./ucos/Core/os_flag.c **** *
 504:./ucos/Core/os_flag.c **** *              pname     is a pointer to an ASCII string that will be used as the name of the event
 505:./ucos/Core/os_flag.c **** *                        group.
 506:./ucos/Core/os_flag.c **** *
 507:./ucos/Core/os_flag.c **** *              perr      is a pointer to an error code that can contain one of the following values
 508:./ucos/Core/os_flag.c **** *
 509:./ucos/Core/os_flag.c **** *                        OS_ERR_NONE                if the requested task is resumed
 510:./ucos/Core/os_flag.c **** *                        OS_ERR_EVENT_TYPE          if 'pevent' is not pointing to an event flag gr
 511:./ucos/Core/os_flag.c **** *                        OS_ERR_PNAME_NULL          You passed a NULL pointer for 'pname'
 512:./ucos/Core/os_flag.c **** *                        OS_ERR_FLAG_INVALID_PGRP   if you passed a NULL pointer for 'pgrp'
 513:./ucos/Core/os_flag.c **** *                        OS_ERR_NAME_SET_ISR        if you called this function from an ISR
 514:./ucos/Core/os_flag.c **** *
 515:./ucos/Core/os_flag.c **** * Returns    : None
 516:./ucos/Core/os_flag.c **** ***************************************************************************************************
 517:./ucos/Core/os_flag.c **** */
 518:./ucos/Core/os_flag.c **** 
 519:./ucos/Core/os_flag.c **** #if OS_FLAG_NAME_EN > 0u
 520:./ucos/Core/os_flag.c **** void  OSFlagNameSet (OS_FLAG_GRP  *pgrp,
 521:./ucos/Core/os_flag.c ****                      INT8U        *pname,
 522:./ucos/Core/os_flag.c ****                      INT8U        *perr)
 523:./ucos/Core/os_flag.c **** {
 524:./ucos/Core/os_flag.c **** #if OS_CRITICAL_METHOD == 3u                     /* Allocate storage for CPU status register       
 525:./ucos/Core/os_flag.c ****     OS_CPU_SR  cpu_sr = 0u;
 526:./ucos/Core/os_flag.c **** #endif
 527:./ucos/Core/os_flag.c **** 
 528:./ucos/Core/os_flag.c **** 
 529:./ucos/Core/os_flag.c **** 
 530:./ucos/Core/os_flag.c **** #ifdef OS_SAFETY_CRITICAL
 531:./ucos/Core/os_flag.c ****     if (perr == (INT8U *)0) {
 532:./ucos/Core/os_flag.c ****         OS_SAFETY_CRITICAL_EXCEPTION();
 533:./ucos/Core/os_flag.c ****         return;
 534:./ucos/Core/os_flag.c ****     }
 535:./ucos/Core/os_flag.c **** #endif
 536:./ucos/Core/os_flag.c **** 
 537:./ucos/Core/os_flag.c **** #if OS_ARG_CHK_EN > 0u
 538:./ucos/Core/os_flag.c ****     if (pgrp == (OS_FLAG_GRP *)0) {              /* Is 'pgrp' a NULL pointer?                      
 539:./ucos/Core/os_flag.c ****         *perr = OS_ERR_FLAG_INVALID_PGRP;
 540:./ucos/Core/os_flag.c ****         return;
 541:./ucos/Core/os_flag.c ****     }
 542:./ucos/Core/os_flag.c ****     if (pname == (INT8U *)0) {                   /* Is 'pname' a NULL pointer?                     
 543:./ucos/Core/os_flag.c ****         *perr = OS_ERR_PNAME_NULL;
ARM GAS  /tmp/ccjnSGoX.s 			page 11


 544:./ucos/Core/os_flag.c ****         return;
 545:./ucos/Core/os_flag.c ****     }
 546:./ucos/Core/os_flag.c **** #endif
 547:./ucos/Core/os_flag.c ****     if (OSIntNesting > 0u) {                     /* See if trying to call from an ISR              
 548:./ucos/Core/os_flag.c ****         *perr = OS_ERR_NAME_SET_ISR;
 549:./ucos/Core/os_flag.c ****         return;
 550:./ucos/Core/os_flag.c ****     }
 551:./ucos/Core/os_flag.c ****     OS_ENTER_CRITICAL();
 552:./ucos/Core/os_flag.c ****     if (pgrp->OSFlagType != OS_EVENT_TYPE_FLAG) {
 553:./ucos/Core/os_flag.c ****         OS_EXIT_CRITICAL();
 554:./ucos/Core/os_flag.c ****         *perr = OS_ERR_EVENT_TYPE;
 555:./ucos/Core/os_flag.c ****         return;
 556:./ucos/Core/os_flag.c ****     }
 557:./ucos/Core/os_flag.c ****     pgrp->OSFlagName = pname;
 558:./ucos/Core/os_flag.c ****     OS_EXIT_CRITICAL();
 559:./ucos/Core/os_flag.c ****     OS_TRACE_EVENT_NAME_SET(pgrp, pname);
 560:./ucos/Core/os_flag.c ****     *perr            = OS_ERR_NONE;
 561:./ucos/Core/os_flag.c ****     return;
 562:./ucos/Core/os_flag.c **** }
 563:./ucos/Core/os_flag.c **** #endif
 564:./ucos/Core/os_flag.c **** 
 565:./ucos/Core/os_flag.c **** 
 566:./ucos/Core/os_flag.c **** /*
 567:./ucos/Core/os_flag.c **** ***************************************************************************************************
 568:./ucos/Core/os_flag.c **** *                                     WAIT ON AN EVENT FLAG GROUP
 569:./ucos/Core/os_flag.c **** *
 570:./ucos/Core/os_flag.c **** * Description: This function is called to wait for a combination of bits to be set in an event flag
 571:./ucos/Core/os_flag.c **** *              group.  Your application can wait for ANY bit to be set or ALL bits to be set.
 572:./ucos/Core/os_flag.c **** *
 573:./ucos/Core/os_flag.c **** * Arguments  : pgrp          is a pointer to the desired event flag group.
 574:./ucos/Core/os_flag.c **** *
 575:./ucos/Core/os_flag.c **** *              flags         Is a bit pattern indicating which bit(s) (i.e. flags) you wish to wait
 576:./ucos/Core/os_flag.c **** *                            The bits you want are specified by setting the corresponding bits in
 577:./ucos/Core/os_flag.c **** *                            'flags'.  e.g. if your application wants to wait for bits 0 and 1 then
 578:./ucos/Core/os_flag.c **** *                            'flags' would contain 0x03.
 579:./ucos/Core/os_flag.c **** *
 580:./ucos/Core/os_flag.c **** *              wait_type     specifies whether you want ALL bits to be set or ANY of the bits to be
 581:./ucos/Core/os_flag.c **** *                            You can specify the following argument:
 582:./ucos/Core/os_flag.c **** *
 583:./ucos/Core/os_flag.c **** *                            OS_FLAG_WAIT_CLR_ALL   You will wait for ALL bits in 'mask' to be clea
 584:./ucos/Core/os_flag.c **** *                            OS_FLAG_WAIT_SET_ALL   You will wait for ALL bits in 'mask' to be set 
 585:./ucos/Core/os_flag.c **** *                            OS_FLAG_WAIT_CLR_ANY   You will wait for ANY bit  in 'mask' to be clea
 586:./ucos/Core/os_flag.c **** *                            OS_FLAG_WAIT_SET_ANY   You will wait for ANY bit  in 'mask' to be set 
 587:./ucos/Core/os_flag.c **** *
 588:./ucos/Core/os_flag.c **** *                            NOTE: Add OS_FLAG_CONSUME if you want the event flag to be 'consumed' 
 589:./ucos/Core/os_flag.c **** *                                  the call.  Example, to wait for any flag in a group AND then cle
 590:./ucos/Core/os_flag.c **** *                                  the flags that are present, set 'wait_type' to:
 591:./ucos/Core/os_flag.c **** *
 592:./ucos/Core/os_flag.c **** *                                  OS_FLAG_WAIT_SET_ANY + OS_FLAG_CONSUME
 593:./ucos/Core/os_flag.c **** *
 594:./ucos/Core/os_flag.c **** *              timeout       is an optional timeout (in clock ticks) that your task will wait for t
 595:./ucos/Core/os_flag.c **** *                            desired bit combination.  If you specify 0, however, your task will wa
 596:./ucos/Core/os_flag.c **** *                            forever at the specified event flag group or, until a message arrives.
 597:./ucos/Core/os_flag.c **** *
 598:./ucos/Core/os_flag.c **** *              perr          is a pointer to an error code and can be:
 599:./ucos/Core/os_flag.c **** *                            OS_ERR_NONE               The desired bits have been set within the sp
 600:./ucos/Core/os_flag.c **** *                                                      'timeout'.
ARM GAS  /tmp/ccjnSGoX.s 			page 12


 601:./ucos/Core/os_flag.c **** *                            OS_ERR_PEND_ISR           If you tried to PEND from an ISR
 602:./ucos/Core/os_flag.c **** *                            OS_ERR_FLAG_INVALID_PGRP  If 'pgrp' is a NULL pointer.
 603:./ucos/Core/os_flag.c **** *                            OS_ERR_EVENT_TYPE         You are not pointing to an event flag group
 604:./ucos/Core/os_flag.c **** *                            OS_ERR_TIMEOUT            The bit(s) have not been set in the specifie
 605:./ucos/Core/os_flag.c **** *                                                      'timeout'.
 606:./ucos/Core/os_flag.c **** *                            OS_ERR_PEND_ABORT         The wait on the flag was aborted.
 607:./ucos/Core/os_flag.c **** *                            OS_ERR_FLAG_WAIT_TYPE     You didn't specify a proper 'wait_type' argu
 608:./ucos/Core/os_flag.c **** *
 609:./ucos/Core/os_flag.c **** * Returns    : The flags in the event flag group that made the task ready or, 0 if a timeout or an 
 610:./ucos/Core/os_flag.c **** *              occurred.
 611:./ucos/Core/os_flag.c **** *
 612:./ucos/Core/os_flag.c **** * Called from: Task ONLY
 613:./ucos/Core/os_flag.c **** *
 614:./ucos/Core/os_flag.c **** * Note(s)    : 1) IMPORTANT, the behavior of this function has changed from PREVIOUS versions.  The
 615:./ucos/Core/os_flag.c **** *                 function NOW returns the flags that were ready INSTEAD of the current state of th
 616:./ucos/Core/os_flag.c **** *                 event flags.
 617:./ucos/Core/os_flag.c **** ***************************************************************************************************
 618:./ucos/Core/os_flag.c **** */
 619:./ucos/Core/os_flag.c **** 
 620:./ucos/Core/os_flag.c **** OS_FLAGS  OSFlagPend (OS_FLAG_GRP  *pgrp,
 621:./ucos/Core/os_flag.c ****                       OS_FLAGS      flags,
 622:./ucos/Core/os_flag.c ****                       INT8U         wait_type,
 623:./ucos/Core/os_flag.c ****                       INT32U        timeout,
 624:./ucos/Core/os_flag.c ****                       INT8U        *perr)
 625:./ucos/Core/os_flag.c **** {
 626:./ucos/Core/os_flag.c ****     OS_FLAG_NODE  node;
 627:./ucos/Core/os_flag.c ****     OS_FLAGS      flags_rdy;
 628:./ucos/Core/os_flag.c ****     INT8U         result;
 629:./ucos/Core/os_flag.c ****     INT8U         pend_stat;
 630:./ucos/Core/os_flag.c ****     BOOLEAN       consume;
 631:./ucos/Core/os_flag.c **** #if OS_CRITICAL_METHOD == 3u                               /* Allocate storage for CPU status regis
 632:./ucos/Core/os_flag.c ****     OS_CPU_SR     cpu_sr = 0u;
 633:./ucos/Core/os_flag.c **** #endif
 634:./ucos/Core/os_flag.c **** 
 635:./ucos/Core/os_flag.c **** 
 636:./ucos/Core/os_flag.c **** #ifdef OS_SAFETY_CRITICAL
 637:./ucos/Core/os_flag.c ****     if (perr == (INT8U *)0) {
 638:./ucos/Core/os_flag.c ****         OS_SAFETY_CRITICAL_EXCEPTION();
 639:./ucos/Core/os_flag.c ****         return ((OS_FLAGS)0);
 640:./ucos/Core/os_flag.c ****     }
 641:./ucos/Core/os_flag.c **** #endif
 642:./ucos/Core/os_flag.c **** 
 643:./ucos/Core/os_flag.c **** #if OS_ARG_CHK_EN > 0u
 644:./ucos/Core/os_flag.c ****     if (pgrp == (OS_FLAG_GRP *)0) {                        /* Validate 'pgrp'                      
 645:./ucos/Core/os_flag.c ****         *perr = OS_ERR_FLAG_INVALID_PGRP;
 646:./ucos/Core/os_flag.c ****         return ((OS_FLAGS)0);
 647:./ucos/Core/os_flag.c ****     }
 648:./ucos/Core/os_flag.c **** #endif
 649:./ucos/Core/os_flag.c **** 
 650:./ucos/Core/os_flag.c ****     OS_TRACE_FLAG_PEND_ENTER(pgrp, flags, timeout, wait_type);
 651:./ucos/Core/os_flag.c **** 
 652:./ucos/Core/os_flag.c ****     if (OSIntNesting > 0u) {                               /* See if called from ISR ...           
 653:./ucos/Core/os_flag.c ****         *perr = OS_ERR_PEND_ISR;                           /* ... can't PEND from an ISR           
 654:./ucos/Core/os_flag.c ****         OS_TRACE_FLAG_PEND_EXIT(*perr);
 655:./ucos/Core/os_flag.c ****         return ((OS_FLAGS)0);
 656:./ucos/Core/os_flag.c ****     }
 657:./ucos/Core/os_flag.c ****     if (OSLockNesting > 0u) {                              /* See if called with scheduler locked .
ARM GAS  /tmp/ccjnSGoX.s 			page 13


 658:./ucos/Core/os_flag.c ****         *perr = OS_ERR_PEND_LOCKED;                        /* ... can't PEND when locked           
 659:./ucos/Core/os_flag.c ****         OS_TRACE_FLAG_PEND_EXIT(*perr);
 660:./ucos/Core/os_flag.c ****         return ((OS_FLAGS)0);
 661:./ucos/Core/os_flag.c ****     }
 662:./ucos/Core/os_flag.c ****     if (pgrp->OSFlagType != OS_EVENT_TYPE_FLAG) {          /* Validate event block type            
 663:./ucos/Core/os_flag.c ****         *perr = OS_ERR_EVENT_TYPE;
 664:./ucos/Core/os_flag.c ****         OS_TRACE_FLAG_PEND_EXIT(*perr);
 665:./ucos/Core/os_flag.c ****         return ((OS_FLAGS)0);
 666:./ucos/Core/os_flag.c ****     }
 667:./ucos/Core/os_flag.c ****     result = (INT8U)(wait_type & OS_FLAG_CONSUME);
 668:./ucos/Core/os_flag.c ****     if (result != (INT8U)0) {                              /* See if we need to consume the flags  
 669:./ucos/Core/os_flag.c ****         wait_type &= (INT8U)~(INT8U)OS_FLAG_CONSUME;
 670:./ucos/Core/os_flag.c ****         consume    = OS_TRUE;
 671:./ucos/Core/os_flag.c ****     } else {
 672:./ucos/Core/os_flag.c ****         consume    = OS_FALSE;
 673:./ucos/Core/os_flag.c ****     }
 674:./ucos/Core/os_flag.c **** 
 675:./ucos/Core/os_flag.c ****     OS_ENTER_CRITICAL();
 676:./ucos/Core/os_flag.c ****     switch (wait_type) {
 677:./ucos/Core/os_flag.c ****         case OS_FLAG_WAIT_SET_ALL:                         /* See if all required flags are set    
 678:./ucos/Core/os_flag.c ****              flags_rdy = (OS_FLAGS)(pgrp->OSFlagFlags & flags);   /* Extract only the bits we want 
 679:./ucos/Core/os_flag.c ****              if (flags_rdy == flags) {                     /* Must match ALL the bits that we want 
 680:./ucos/Core/os_flag.c ****                  if (consume == OS_TRUE) {                 /* See if we need to consume the flags  
 681:./ucos/Core/os_flag.c ****                      pgrp->OSFlagFlags &= (OS_FLAGS)~flags_rdy;   /* Clear ONLY the flags we wanted
 682:./ucos/Core/os_flag.c ****                  }
 683:./ucos/Core/os_flag.c ****                  OSTCBCur->OSTCBFlagsRdy = flags_rdy;      /* Save flags that were ready           
 684:./ucos/Core/os_flag.c ****                  OS_EXIT_CRITICAL();                       /* Yes, condition met, return to caller 
 685:./ucos/Core/os_flag.c ****                  *perr                   = OS_ERR_NONE;
 686:./ucos/Core/os_flag.c ****                  OS_TRACE_FLAG_PEND_EXIT(*perr);
 687:./ucos/Core/os_flag.c ****                  return (flags_rdy);
 688:./ucos/Core/os_flag.c ****              } else {                                      /* Block task until events occur or time
 689:./ucos/Core/os_flag.c ****                  OS_FlagBlock(pgrp, &node, flags, wait_type, timeout);
 690:./ucos/Core/os_flag.c ****                  OS_EXIT_CRITICAL();
 691:./ucos/Core/os_flag.c ****              }
 692:./ucos/Core/os_flag.c ****              break;
 693:./ucos/Core/os_flag.c **** 
 694:./ucos/Core/os_flag.c ****         case OS_FLAG_WAIT_SET_ANY:
 695:./ucos/Core/os_flag.c ****              flags_rdy = (OS_FLAGS)(pgrp->OSFlagFlags & flags);    /* Extract only the bits we want
 696:./ucos/Core/os_flag.c ****              if (flags_rdy != (OS_FLAGS)0) {               /* See if any flag set                  
 697:./ucos/Core/os_flag.c ****                  if (consume == OS_TRUE) {                 /* See if we need to consume the flags  
 698:./ucos/Core/os_flag.c ****                      pgrp->OSFlagFlags &= (OS_FLAGS)~flags_rdy;    /* Clear ONLY the flags that we 
 699:./ucos/Core/os_flag.c ****                  }
 700:./ucos/Core/os_flag.c ****                  OSTCBCur->OSTCBFlagsRdy = flags_rdy;      /* Save flags that were ready           
 701:./ucos/Core/os_flag.c ****                  OS_EXIT_CRITICAL();                       /* Yes, condition met, return to caller 
 702:./ucos/Core/os_flag.c ****                  *perr                   = OS_ERR_NONE;
 703:./ucos/Core/os_flag.c ****                  OS_TRACE_FLAG_PEND_EXIT(*perr);
 704:./ucos/Core/os_flag.c ****                  return (flags_rdy);
 705:./ucos/Core/os_flag.c ****              } else {                                      /* Block task until events occur or time
 706:./ucos/Core/os_flag.c ****                  OS_FlagBlock(pgrp, &node, flags, wait_type, timeout);
 707:./ucos/Core/os_flag.c ****                  OS_EXIT_CRITICAL();
 708:./ucos/Core/os_flag.c ****              }
 709:./ucos/Core/os_flag.c ****              break;
 710:./ucos/Core/os_flag.c **** 
 711:./ucos/Core/os_flag.c **** #if OS_FLAG_WAIT_CLR_EN > 0u
 712:./ucos/Core/os_flag.c ****         case OS_FLAG_WAIT_CLR_ALL:                         /* See if all required flags are cleared
 713:./ucos/Core/os_flag.c ****              flags_rdy = (OS_FLAGS)~pgrp->OSFlagFlags & flags;    /* Extract only the bits we want 
 714:./ucos/Core/os_flag.c ****              if (flags_rdy == flags) {                     /* Must match ALL the bits that we want 
ARM GAS  /tmp/ccjnSGoX.s 			page 14


 715:./ucos/Core/os_flag.c ****                  if (consume == OS_TRUE) {                 /* See if we need to consume the flags  
 716:./ucos/Core/os_flag.c ****                      pgrp->OSFlagFlags |= flags_rdy;       /* Set ONLY the flags that we wanted    
 717:./ucos/Core/os_flag.c ****                  }
 718:./ucos/Core/os_flag.c ****                  OSTCBCur->OSTCBFlagsRdy = flags_rdy;      /* Save flags that were ready           
 719:./ucos/Core/os_flag.c ****                  OS_EXIT_CRITICAL();                       /* Yes, condition met, return to caller 
 720:./ucos/Core/os_flag.c ****                  *perr                   = OS_ERR_NONE;
 721:./ucos/Core/os_flag.c ****                  OS_TRACE_FLAG_PEND_EXIT(*perr);
 722:./ucos/Core/os_flag.c ****                  return (flags_rdy);
 723:./ucos/Core/os_flag.c ****              } else {                                      /* Block task until events occur or time
 724:./ucos/Core/os_flag.c ****                  OS_FlagBlock(pgrp, &node, flags, wait_type, timeout);
 725:./ucos/Core/os_flag.c ****                  OS_EXIT_CRITICAL();
 726:./ucos/Core/os_flag.c ****              }
 727:./ucos/Core/os_flag.c ****              break;
 728:./ucos/Core/os_flag.c **** 
 729:./ucos/Core/os_flag.c ****         case OS_FLAG_WAIT_CLR_ANY:
 730:./ucos/Core/os_flag.c ****              flags_rdy = (OS_FLAGS)~pgrp->OSFlagFlags & flags;   /* Extract only the bits we want  
 731:./ucos/Core/os_flag.c ****              if (flags_rdy != (OS_FLAGS)0) {               /* See if any flag cleared              
 732:./ucos/Core/os_flag.c ****                  if (consume == OS_TRUE) {                 /* See if we need to consume the flags  
 733:./ucos/Core/os_flag.c ****                      pgrp->OSFlagFlags |= flags_rdy;       /* Set ONLY the flags that we got       
 734:./ucos/Core/os_flag.c ****                  }
 735:./ucos/Core/os_flag.c ****                  OSTCBCur->OSTCBFlagsRdy = flags_rdy;      /* Save flags that were ready           
 736:./ucos/Core/os_flag.c ****                  OS_EXIT_CRITICAL();                       /* Yes, condition met, return to caller 
 737:./ucos/Core/os_flag.c ****                  *perr                   = OS_ERR_NONE;
 738:./ucos/Core/os_flag.c ****                  OS_TRACE_FLAG_PEND_EXIT(*perr);
 739:./ucos/Core/os_flag.c ****                  return (flags_rdy);
 740:./ucos/Core/os_flag.c ****              } else {                                      /* Block task until events occur or time
 741:./ucos/Core/os_flag.c ****                  OS_FlagBlock(pgrp, &node, flags, wait_type, timeout);
 742:./ucos/Core/os_flag.c ****                  OS_EXIT_CRITICAL();
 743:./ucos/Core/os_flag.c ****              }
 744:./ucos/Core/os_flag.c ****              break;
 745:./ucos/Core/os_flag.c **** #endif
 746:./ucos/Core/os_flag.c **** 
 747:./ucos/Core/os_flag.c ****         default:
 748:./ucos/Core/os_flag.c ****              OS_EXIT_CRITICAL();
 749:./ucos/Core/os_flag.c ****              flags_rdy = (OS_FLAGS)0;
 750:./ucos/Core/os_flag.c ****              *perr      = OS_ERR_FLAG_WAIT_TYPE;
 751:./ucos/Core/os_flag.c ****              OS_TRACE_FLAG_PEND_EXIT(*perr);
 752:./ucos/Core/os_flag.c ****              return (flags_rdy);
 753:./ucos/Core/os_flag.c ****     }
 754:./ucos/Core/os_flag.c **** 
 755:./ucos/Core/os_flag.c ****     OS_Sched();                                            /* Find next HPT ready to run           
 756:./ucos/Core/os_flag.c ****     OS_ENTER_CRITICAL();
 757:./ucos/Core/os_flag.c ****     if (OSTCBCur->OSTCBStatPend != OS_STAT_PEND_OK) {      /* Have we timed-out or aborted?        
 758:./ucos/Core/os_flag.c ****         pend_stat                = OSTCBCur->OSTCBStatPend;
 759:./ucos/Core/os_flag.c ****         OSTCBCur->OSTCBStatPend  = OS_STAT_PEND_OK;
 760:./ucos/Core/os_flag.c ****         OS_FlagUnlink(&node);
 761:./ucos/Core/os_flag.c ****         OSTCBCur->OSTCBStat      = OS_STAT_RDY;            /* Yes, make task ready-to-run          
 762:./ucos/Core/os_flag.c ****         OS_EXIT_CRITICAL();
 763:./ucos/Core/os_flag.c ****         flags_rdy                = (OS_FLAGS)0;
 764:./ucos/Core/os_flag.c ****         switch (pend_stat) {
 765:./ucos/Core/os_flag.c ****             case OS_STAT_PEND_ABORT:
 766:./ucos/Core/os_flag.c ****                  *perr = OS_ERR_PEND_ABORT;                /* Indicate that we aborted   waiting   
 767:./ucos/Core/os_flag.c ****                  break;
 768:./ucos/Core/os_flag.c **** 
 769:./ucos/Core/os_flag.c ****             case OS_STAT_PEND_TO:
 770:./ucos/Core/os_flag.c ****             default:
 771:./ucos/Core/os_flag.c ****                  *perr = OS_ERR_TIMEOUT;                   /* Indicate that we timed-out waiting   
ARM GAS  /tmp/ccjnSGoX.s 			page 15


 772:./ucos/Core/os_flag.c ****                  break;
 773:./ucos/Core/os_flag.c ****         }
 774:./ucos/Core/os_flag.c ****         OS_TRACE_FLAG_PEND_EXIT(*perr);
 775:./ucos/Core/os_flag.c ****         return (flags_rdy);
 776:./ucos/Core/os_flag.c ****     }
 777:./ucos/Core/os_flag.c ****     flags_rdy = OSTCBCur->OSTCBFlagsRdy;
 778:./ucos/Core/os_flag.c ****     if (consume == OS_TRUE) {                              /* See if we need to consume the flags  
 779:./ucos/Core/os_flag.c ****         switch (wait_type) {
 780:./ucos/Core/os_flag.c ****             case OS_FLAG_WAIT_SET_ALL:
 781:./ucos/Core/os_flag.c ****             case OS_FLAG_WAIT_SET_ANY:                     /* Clear ONLY the flags we got          
 782:./ucos/Core/os_flag.c ****                  pgrp->OSFlagFlags &= (OS_FLAGS)~flags_rdy;
 783:./ucos/Core/os_flag.c ****                  break;
 784:./ucos/Core/os_flag.c **** 
 785:./ucos/Core/os_flag.c **** #if OS_FLAG_WAIT_CLR_EN > 0u
 786:./ucos/Core/os_flag.c ****             case OS_FLAG_WAIT_CLR_ALL:
 787:./ucos/Core/os_flag.c ****             case OS_FLAG_WAIT_CLR_ANY:                     /* Set   ONLY the flags we got          
 788:./ucos/Core/os_flag.c ****                  pgrp->OSFlagFlags |=  flags_rdy;
 789:./ucos/Core/os_flag.c ****                  break;
 790:./ucos/Core/os_flag.c **** #endif
 791:./ucos/Core/os_flag.c ****             default:
 792:./ucos/Core/os_flag.c ****                  OS_EXIT_CRITICAL();
 793:./ucos/Core/os_flag.c ****                  *perr = OS_ERR_FLAG_WAIT_TYPE;
 794:./ucos/Core/os_flag.c ****                  OS_TRACE_FLAG_PEND_EXIT(*perr);
 795:./ucos/Core/os_flag.c ****                  return ((OS_FLAGS)0);
 796:./ucos/Core/os_flag.c ****         }
 797:./ucos/Core/os_flag.c ****     }
 798:./ucos/Core/os_flag.c ****     OS_EXIT_CRITICAL();
 799:./ucos/Core/os_flag.c ****     *perr = OS_ERR_NONE;                                   /* Event(s) must have occurred          
 800:./ucos/Core/os_flag.c ****     OS_TRACE_FLAG_PEND_EXIT(*perr);
 801:./ucos/Core/os_flag.c ****     return (flags_rdy);
 802:./ucos/Core/os_flag.c **** }
 803:./ucos/Core/os_flag.c **** 
 804:./ucos/Core/os_flag.c **** 
 805:./ucos/Core/os_flag.c **** /*
 806:./ucos/Core/os_flag.c **** ***************************************************************************************************
 807:./ucos/Core/os_flag.c **** *                              GET FLAGS WHO CAUSED TASK TO BECOME READY
 808:./ucos/Core/os_flag.c **** *
 809:./ucos/Core/os_flag.c **** * Description: This function is called to obtain the flags that caused the task to become ready to 
 810:./ucos/Core/os_flag.c **** *              In other words, this function allows you to tell "Who done it!".
 811:./ucos/Core/os_flag.c **** *
 812:./ucos/Core/os_flag.c **** * Arguments  : None
 813:./ucos/Core/os_flag.c **** *
 814:./ucos/Core/os_flag.c **** * Returns    : The flags that caused the task to be ready.
 815:./ucos/Core/os_flag.c **** *
 816:./ucos/Core/os_flag.c **** * Called from: Task ONLY
 817:./ucos/Core/os_flag.c **** ***************************************************************************************************
 818:./ucos/Core/os_flag.c **** */
 819:./ucos/Core/os_flag.c **** 
 820:./ucos/Core/os_flag.c **** OS_FLAGS  OSFlagPendGetFlagsRdy (void)
 821:./ucos/Core/os_flag.c **** {
 822:./ucos/Core/os_flag.c ****     OS_FLAGS      flags;
 823:./ucos/Core/os_flag.c **** #if OS_CRITICAL_METHOD == 3u                               /* Allocate storage for CPU status regis
 824:./ucos/Core/os_flag.c ****     OS_CPU_SR     cpu_sr = 0u;
 825:./ucos/Core/os_flag.c **** #endif
 826:./ucos/Core/os_flag.c **** 
 827:./ucos/Core/os_flag.c **** 
 828:./ucos/Core/os_flag.c **** 
ARM GAS  /tmp/ccjnSGoX.s 			page 16


 829:./ucos/Core/os_flag.c ****     OS_ENTER_CRITICAL();
 830:./ucos/Core/os_flag.c ****     flags = OSTCBCur->OSTCBFlagsRdy;
 831:./ucos/Core/os_flag.c ****     OS_EXIT_CRITICAL();
 832:./ucos/Core/os_flag.c ****     return (flags);
 833:./ucos/Core/os_flag.c **** }
 834:./ucos/Core/os_flag.c **** 
 835:./ucos/Core/os_flag.c **** 
 836:./ucos/Core/os_flag.c **** /*
 837:./ucos/Core/os_flag.c **** ***************************************************************************************************
 838:./ucos/Core/os_flag.c **** *                                       POST EVENT FLAG BIT(S)
 839:./ucos/Core/os_flag.c **** *
 840:./ucos/Core/os_flag.c **** * Description: This function is called to set or clear some bits in an event flag group.  The bits 
 841:./ucos/Core/os_flag.c **** *              set or clear are specified by a 'bit mask'.
 842:./ucos/Core/os_flag.c **** *
 843:./ucos/Core/os_flag.c **** * Arguments  : pgrp          is a pointer to the desired event flag group.
 844:./ucos/Core/os_flag.c **** *
 845:./ucos/Core/os_flag.c **** *              flags         If 'opt' (see below) is OS_FLAG_SET, each bit that is set in 'flags' w
 846:./ucos/Core/os_flag.c **** *                            set the corresponding bit in the event flag group.  e.g. to set bits 0
 847:./ucos/Core/os_flag.c **** *                            and 5 you would set 'flags' to:
 848:./ucos/Core/os_flag.c **** *
 849:./ucos/Core/os_flag.c **** *                                0x31     (note, bit 0 is least significant bit)
 850:./ucos/Core/os_flag.c **** *
 851:./ucos/Core/os_flag.c **** *                            If 'opt' (see below) is OS_FLAG_CLR, each bit that is set in 'flags' w
 852:./ucos/Core/os_flag.c **** *                            CLEAR the corresponding bit in the event flag group.  e.g. to clear bi
 853:./ucos/Core/os_flag.c **** *                            4 and 5 you would specify 'flags' as:
 854:./ucos/Core/os_flag.c **** *
 855:./ucos/Core/os_flag.c **** *                                0x31     (note, bit 0 is least significant bit)
 856:./ucos/Core/os_flag.c **** *
 857:./ucos/Core/os_flag.c **** *              opt           indicates whether the flags will be:
 858:./ucos/Core/os_flag.c **** *                                set     (OS_FLAG_SET) or
 859:./ucos/Core/os_flag.c **** *                                cleared (OS_FLAG_CLR)
 860:./ucos/Core/os_flag.c **** *
 861:./ucos/Core/os_flag.c **** *              perr          is a pointer to an error code and can be:
 862:./ucos/Core/os_flag.c **** *                            OS_ERR_NONE                The call was successfull
 863:./ucos/Core/os_flag.c **** *                            OS_ERR_FLAG_INVALID_PGRP   You passed a NULL pointer
 864:./ucos/Core/os_flag.c **** *                            OS_ERR_EVENT_TYPE          You are not pointing to an event flag group
 865:./ucos/Core/os_flag.c **** *                            OS_ERR_FLAG_INVALID_OPT    You specified an invalid option
 866:./ucos/Core/os_flag.c **** *
 867:./ucos/Core/os_flag.c **** * Returns    : the new value of the event flags bits that are still set.
 868:./ucos/Core/os_flag.c **** *
 869:./ucos/Core/os_flag.c **** * Called From: Task or ISR
 870:./ucos/Core/os_flag.c **** *
 871:./ucos/Core/os_flag.c **** * WARNING(s) : 1) The execution time of this function depends on the number of tasks waiting on the
 872:./ucos/Core/os_flag.c **** *                 flag group.
 873:./ucos/Core/os_flag.c **** *              2) The amount of time interrupts are DISABLED depends on the number of tasks waiting
 874:./ucos/Core/os_flag.c **** *                 the event flag group.
 875:./ucos/Core/os_flag.c **** ***************************************************************************************************
 876:./ucos/Core/os_flag.c **** */
 877:./ucos/Core/os_flag.c **** OS_FLAGS  OSFlagPost (OS_FLAG_GRP  *pgrp,
 878:./ucos/Core/os_flag.c ****                       OS_FLAGS      flags,
 879:./ucos/Core/os_flag.c ****                       INT8U         opt,
 880:./ucos/Core/os_flag.c ****                       INT8U        *perr)
 881:./ucos/Core/os_flag.c **** {
 882:./ucos/Core/os_flag.c ****     OS_FLAG_NODE *pnode;
 883:./ucos/Core/os_flag.c ****     BOOLEAN       sched;
 884:./ucos/Core/os_flag.c ****     OS_FLAGS      flags_cur;
 885:./ucos/Core/os_flag.c ****     OS_FLAGS      flags_rdy;
ARM GAS  /tmp/ccjnSGoX.s 			page 17


 886:./ucos/Core/os_flag.c ****     BOOLEAN       rdy;
 887:./ucos/Core/os_flag.c **** #if OS_CRITICAL_METHOD == 3u                         /* Allocate storage for CPU status register   
 888:./ucos/Core/os_flag.c ****     OS_CPU_SR     cpu_sr = 0u;
 889:./ucos/Core/os_flag.c **** #endif
 890:./ucos/Core/os_flag.c **** 
 891:./ucos/Core/os_flag.c **** 
 892:./ucos/Core/os_flag.c **** #ifdef OS_SAFETY_CRITICAL
 893:./ucos/Core/os_flag.c ****     if (perr == (INT8U *)0) {
 894:./ucos/Core/os_flag.c ****         OS_SAFETY_CRITICAL_EXCEPTION();
 895:./ucos/Core/os_flag.c ****         return ((OS_FLAGS)0);
 896:./ucos/Core/os_flag.c ****     }
 897:./ucos/Core/os_flag.c **** #endif
 898:./ucos/Core/os_flag.c **** 
 899:./ucos/Core/os_flag.c **** #if OS_ARG_CHK_EN > 0u
 900:./ucos/Core/os_flag.c ****     if (pgrp == (OS_FLAG_GRP *)0) {                  /* Validate 'pgrp'                            
 901:./ucos/Core/os_flag.c ****         *perr = OS_ERR_FLAG_INVALID_PGRP;
 902:./ucos/Core/os_flag.c ****         return ((OS_FLAGS)0);
 903:./ucos/Core/os_flag.c ****     }
 904:./ucos/Core/os_flag.c **** #endif
 905:./ucos/Core/os_flag.c **** 
 906:./ucos/Core/os_flag.c ****     OS_TRACE_FLAG_POST_ENTER(pgrp, flags, opt);
 907:./ucos/Core/os_flag.c **** 
 908:./ucos/Core/os_flag.c ****     if (pgrp->OSFlagType != OS_EVENT_TYPE_FLAG) {    /* Make sure we are pointing to an event flag 
 909:./ucos/Core/os_flag.c ****         *perr = OS_ERR_EVENT_TYPE;
 910:./ucos/Core/os_flag.c ****         OS_TRACE_FLAG_POST_EXIT(*perr);
 911:./ucos/Core/os_flag.c ****         return ((OS_FLAGS)0);
 912:./ucos/Core/os_flag.c ****     }
 913:./ucos/Core/os_flag.c **** 
 914:./ucos/Core/os_flag.c ****     OS_ENTER_CRITICAL();
 915:./ucos/Core/os_flag.c ****     switch (opt) {
 916:./ucos/Core/os_flag.c ****         case OS_FLAG_CLR:
 917:./ucos/Core/os_flag.c ****              pgrp->OSFlagFlags &= (OS_FLAGS)~flags;  /* Clear the flags specified in the group     
 918:./ucos/Core/os_flag.c ****              break;
 919:./ucos/Core/os_flag.c **** 
 920:./ucos/Core/os_flag.c ****         case OS_FLAG_SET:
 921:./ucos/Core/os_flag.c ****              pgrp->OSFlagFlags |=  flags;            /* Set   the flags specified in the group     
 922:./ucos/Core/os_flag.c ****              break;
 923:./ucos/Core/os_flag.c **** 
 924:./ucos/Core/os_flag.c ****         default:
 925:./ucos/Core/os_flag.c ****              OS_EXIT_CRITICAL();                     /* INVALID option                             
 926:./ucos/Core/os_flag.c ****              *perr = OS_ERR_FLAG_INVALID_OPT;
 927:./ucos/Core/os_flag.c ****              OS_TRACE_FLAG_POST_EXIT(*perr);
 928:./ucos/Core/os_flag.c ****              return ((OS_FLAGS)0);
 929:./ucos/Core/os_flag.c ****     }
 930:./ucos/Core/os_flag.c ****     sched = OS_FALSE;                                /* Indicate that we don't need rescheduling   
 931:./ucos/Core/os_flag.c ****     pnode = (OS_FLAG_NODE *)pgrp->OSFlagWaitList;
 932:./ucos/Core/os_flag.c ****     while (pnode != (OS_FLAG_NODE *)0) {             /* Go through all tasks waiting on event flag(
 933:./ucos/Core/os_flag.c ****         switch (pnode->OSFlagNodeWaitType) {
 934:./ucos/Core/os_flag.c ****             case OS_FLAG_WAIT_SET_ALL:               /* See if all req. flags are set for current n
 935:./ucos/Core/os_flag.c ****                  flags_rdy = (OS_FLAGS)(pgrp->OSFlagFlags & pnode->OSFlagNodeFlags);
 936:./ucos/Core/os_flag.c ****                  if (flags_rdy == pnode->OSFlagNodeFlags) {   /* Make task RTR, event(s) Rx'd      
 937:./ucos/Core/os_flag.c ****                      rdy = OS_FlagTaskRdy(pnode, flags_rdy, OS_STAT_PEND_OK);
 938:./ucos/Core/os_flag.c ****                      if (rdy == OS_TRUE) {
 939:./ucos/Core/os_flag.c ****                          sched = OS_TRUE;                     /* When done we will reschedule      
 940:./ucos/Core/os_flag.c ****                      }
 941:./ucos/Core/os_flag.c ****                  }
 942:./ucos/Core/os_flag.c ****                  break;
ARM GAS  /tmp/ccjnSGoX.s 			page 18


 943:./ucos/Core/os_flag.c **** 
 944:./ucos/Core/os_flag.c ****             case OS_FLAG_WAIT_SET_ANY:               /* See if any flag set                        
 945:./ucos/Core/os_flag.c ****                  flags_rdy = (OS_FLAGS)(pgrp->OSFlagFlags & pnode->OSFlagNodeFlags);
 946:./ucos/Core/os_flag.c ****                  if (flags_rdy != (OS_FLAGS)0) {              /* Make task RTR, event(s) Rx'd      
 947:./ucos/Core/os_flag.c ****                      rdy = OS_FlagTaskRdy(pnode, flags_rdy, OS_STAT_PEND_OK);
 948:./ucos/Core/os_flag.c ****                      if (rdy == OS_TRUE) {
 949:./ucos/Core/os_flag.c ****                          sched = OS_TRUE;                     /* When done we will reschedule      
 950:./ucos/Core/os_flag.c ****                      }
 951:./ucos/Core/os_flag.c ****                  }
 952:./ucos/Core/os_flag.c ****                  break;
 953:./ucos/Core/os_flag.c **** 
 954:./ucos/Core/os_flag.c **** #if OS_FLAG_WAIT_CLR_EN > 0u
 955:./ucos/Core/os_flag.c ****             case OS_FLAG_WAIT_CLR_ALL:               /* See if all req. flags are set for current n
 956:./ucos/Core/os_flag.c ****                  flags_rdy = (OS_FLAGS)~pgrp->OSFlagFlags & pnode->OSFlagNodeFlags;
 957:./ucos/Core/os_flag.c ****                  if (flags_rdy == pnode->OSFlagNodeFlags) {   /* Make task RTR, event(s) Rx'd      
 958:./ucos/Core/os_flag.c ****                      rdy = OS_FlagTaskRdy(pnode, flags_rdy, OS_STAT_PEND_OK);
 959:./ucos/Core/os_flag.c ****                      if (rdy == OS_TRUE) {
 960:./ucos/Core/os_flag.c ****                          sched = OS_TRUE;                     /* When done we will reschedule      
 961:./ucos/Core/os_flag.c ****                      }
 962:./ucos/Core/os_flag.c ****                  }
 963:./ucos/Core/os_flag.c ****                  break;
 964:./ucos/Core/os_flag.c **** 
 965:./ucos/Core/os_flag.c ****             case OS_FLAG_WAIT_CLR_ANY:               /* See if any flag set                        
 966:./ucos/Core/os_flag.c ****                  flags_rdy = (OS_FLAGS)~pgrp->OSFlagFlags & pnode->OSFlagNodeFlags;
 967:./ucos/Core/os_flag.c ****                  if (flags_rdy != (OS_FLAGS)0) {              /* Make task RTR, event(s) Rx'd      
 968:./ucos/Core/os_flag.c ****                      rdy = OS_FlagTaskRdy(pnode, flags_rdy, OS_STAT_PEND_OK);
 969:./ucos/Core/os_flag.c ****                      if (rdy == OS_TRUE) {
 970:./ucos/Core/os_flag.c ****                          sched = OS_TRUE;                     /* When done we will reschedule      
 971:./ucos/Core/os_flag.c ****                      }
 972:./ucos/Core/os_flag.c ****                  }
 973:./ucos/Core/os_flag.c ****                  break;
 974:./ucos/Core/os_flag.c **** #endif
 975:./ucos/Core/os_flag.c ****             default:
 976:./ucos/Core/os_flag.c ****                  OS_EXIT_CRITICAL();
 977:./ucos/Core/os_flag.c ****                  *perr = OS_ERR_FLAG_WAIT_TYPE;
 978:./ucos/Core/os_flag.c ****                  OS_TRACE_FLAG_POST_EXIT(*perr);
 979:./ucos/Core/os_flag.c ****                  return ((OS_FLAGS)0);
 980:./ucos/Core/os_flag.c ****         }
 981:./ucos/Core/os_flag.c ****         pnode = (OS_FLAG_NODE *)pnode->OSFlagNodeNext; /* Point to next task waiting for event flag
 982:./ucos/Core/os_flag.c ****     }
 983:./ucos/Core/os_flag.c ****     OS_EXIT_CRITICAL();
 984:./ucos/Core/os_flag.c ****     if (sched == OS_TRUE) {
 985:./ucos/Core/os_flag.c ****         OS_Sched();
 986:./ucos/Core/os_flag.c ****     }
 987:./ucos/Core/os_flag.c ****     OS_ENTER_CRITICAL();
 988:./ucos/Core/os_flag.c ****     flags_cur = pgrp->OSFlagFlags;
 989:./ucos/Core/os_flag.c ****     OS_EXIT_CRITICAL();
 990:./ucos/Core/os_flag.c ****     *perr     = OS_ERR_NONE;
 991:./ucos/Core/os_flag.c ****     OS_TRACE_FLAG_POST_EXIT(*perr);
 992:./ucos/Core/os_flag.c **** 
 993:./ucos/Core/os_flag.c ****     return (flags_cur);
 994:./ucos/Core/os_flag.c **** }
 995:./ucos/Core/os_flag.c **** 
 996:./ucos/Core/os_flag.c **** 
 997:./ucos/Core/os_flag.c **** /*
 998:./ucos/Core/os_flag.c **** ***************************************************************************************************
 999:./ucos/Core/os_flag.c **** *                                          QUERY EVENT FLAG
ARM GAS  /tmp/ccjnSGoX.s 			page 19


1000:./ucos/Core/os_flag.c **** *
1001:./ucos/Core/os_flag.c **** * Description: This function is used to check the value of the event flag group.
1002:./ucos/Core/os_flag.c **** *
1003:./ucos/Core/os_flag.c **** * Arguments  : pgrp         is a pointer to the desired event flag group.
1004:./ucos/Core/os_flag.c **** *
1005:./ucos/Core/os_flag.c **** *              perr          is a pointer to an error code returned to the called:
1006:./ucos/Core/os_flag.c **** *                            OS_ERR_NONE                The call was successfull
1007:./ucos/Core/os_flag.c **** *                            OS_ERR_FLAG_INVALID_PGRP   You passed a NULL pointer
1008:./ucos/Core/os_flag.c **** *                            OS_ERR_EVENT_TYPE          You are not pointing to an event flag group
1009:./ucos/Core/os_flag.c **** *
1010:./ucos/Core/os_flag.c **** * Returns    : The current value of the event flag group.
1011:./ucos/Core/os_flag.c **** *
1012:./ucos/Core/os_flag.c **** * Called From: Task or ISR
1013:./ucos/Core/os_flag.c **** ***************************************************************************************************
1014:./ucos/Core/os_flag.c **** */
1015:./ucos/Core/os_flag.c **** 
1016:./ucos/Core/os_flag.c **** #if OS_FLAG_QUERY_EN > 0u
1017:./ucos/Core/os_flag.c **** OS_FLAGS  OSFlagQuery (OS_FLAG_GRP  *pgrp,
1018:./ucos/Core/os_flag.c ****                        INT8U        *perr)
1019:./ucos/Core/os_flag.c **** {
1020:./ucos/Core/os_flag.c ****     OS_FLAGS   flags;
1021:./ucos/Core/os_flag.c **** #if OS_CRITICAL_METHOD == 3u                      /* Allocate storage for CPU status register      
1022:./ucos/Core/os_flag.c ****     OS_CPU_SR  cpu_sr = 0u;
1023:./ucos/Core/os_flag.c **** #endif
1024:./ucos/Core/os_flag.c **** 
1025:./ucos/Core/os_flag.c **** 
1026:./ucos/Core/os_flag.c **** 
1027:./ucos/Core/os_flag.c **** #ifdef OS_SAFETY_CRITICAL
1028:./ucos/Core/os_flag.c ****     if (perr == (INT8U *)0) {
1029:./ucos/Core/os_flag.c ****         OS_SAFETY_CRITICAL_EXCEPTION();
1030:./ucos/Core/os_flag.c ****         return ((OS_FLAGS)0);
1031:./ucos/Core/os_flag.c ****     }
1032:./ucos/Core/os_flag.c **** #endif
1033:./ucos/Core/os_flag.c **** 
1034:./ucos/Core/os_flag.c **** #if OS_ARG_CHK_EN > 0u
1035:./ucos/Core/os_flag.c ****     if (pgrp == (OS_FLAG_GRP *)0) {               /* Validate 'pgrp'                               
1036:./ucos/Core/os_flag.c ****         *perr = OS_ERR_FLAG_INVALID_PGRP;
1037:./ucos/Core/os_flag.c ****         return ((OS_FLAGS)0);
1038:./ucos/Core/os_flag.c ****     }
1039:./ucos/Core/os_flag.c **** #endif
1040:./ucos/Core/os_flag.c ****     if (pgrp->OSFlagType != OS_EVENT_TYPE_FLAG) { /* Validate event block type                     
1041:./ucos/Core/os_flag.c ****         *perr = OS_ERR_EVENT_TYPE;
1042:./ucos/Core/os_flag.c ****         return ((OS_FLAGS)0);
1043:./ucos/Core/os_flag.c ****     }
1044:./ucos/Core/os_flag.c ****     OS_ENTER_CRITICAL();
1045:./ucos/Core/os_flag.c ****     flags = pgrp->OSFlagFlags;
1046:./ucos/Core/os_flag.c ****     OS_EXIT_CRITICAL();
1047:./ucos/Core/os_flag.c ****     *perr = OS_ERR_NONE;
1048:./ucos/Core/os_flag.c ****     return (flags);                               /* Return the current value of the event flags   
1049:./ucos/Core/os_flag.c **** }
1050:./ucos/Core/os_flag.c **** #endif
1051:./ucos/Core/os_flag.c **** 
1052:./ucos/Core/os_flag.c **** 
1053:./ucos/Core/os_flag.c **** /*
1054:./ucos/Core/os_flag.c **** ***************************************************************************************************
1055:./ucos/Core/os_flag.c **** *                     SUSPEND TASK UNTIL EVENT FLAG(s) RECEIVED OR TIMEOUT OCCURS
1056:./ucos/Core/os_flag.c **** *
ARM GAS  /tmp/ccjnSGoX.s 			page 20


1057:./ucos/Core/os_flag.c **** * Description: This function is internal to uC/OS-II and is used to put a task to sleep until the d
1058:./ucos/Core/os_flag.c **** *              event flag bit(s) are set.
1059:./ucos/Core/os_flag.c **** *
1060:./ucos/Core/os_flag.c **** * Arguments  : pgrp          is a pointer to the desired event flag group.
1061:./ucos/Core/os_flag.c **** *
1062:./ucos/Core/os_flag.c **** *              pnode         is a pointer to a structure which contains data about the task waiting
1063:./ucos/Core/os_flag.c **** *                            event flag bit(s) to be set.
1064:./ucos/Core/os_flag.c **** *
1065:./ucos/Core/os_flag.c **** *              flags         Is a bit pattern indicating which bit(s) (i.e. flags) you wish to chec
1066:./ucos/Core/os_flag.c **** *                            The bits you want are specified by setting the corresponding bits in
1067:./ucos/Core/os_flag.c **** *                            'flags'.  e.g. if your application wants to wait for bits 0 and 1 then
1068:./ucos/Core/os_flag.c **** *                            'flags' would contain 0x03.
1069:./ucos/Core/os_flag.c **** *
1070:./ucos/Core/os_flag.c **** *              wait_type     specifies whether you want ALL bits to be set/cleared or ANY of the bi
1071:./ucos/Core/os_flag.c **** *                            to be set/cleared.
1072:./ucos/Core/os_flag.c **** *                            You can specify the following argument:
1073:./ucos/Core/os_flag.c **** *
1074:./ucos/Core/os_flag.c **** *                            OS_FLAG_WAIT_CLR_ALL   You will check ALL bits in 'mask' to be clear (
1075:./ucos/Core/os_flag.c **** *                            OS_FLAG_WAIT_CLR_ANY   You will check ANY bit  in 'mask' to be clear (
1076:./ucos/Core/os_flag.c **** *                            OS_FLAG_WAIT_SET_ALL   You will check ALL bits in 'mask' to be set   (
1077:./ucos/Core/os_flag.c **** *                            OS_FLAG_WAIT_SET_ANY   You will check ANY bit  in 'mask' to be set   (
1078:./ucos/Core/os_flag.c **** *
1079:./ucos/Core/os_flag.c **** *              timeout       is the desired amount of time that the task will wait for the event fl
1080:./ucos/Core/os_flag.c **** *                            bit(s) to be set.
1081:./ucos/Core/os_flag.c **** *
1082:./ucos/Core/os_flag.c **** * Returns    : none
1083:./ucos/Core/os_flag.c **** *
1084:./ucos/Core/os_flag.c **** * Called by  : OSFlagPend()  OS_FLAG.C
1085:./ucos/Core/os_flag.c **** *
1086:./ucos/Core/os_flag.c **** * Note(s)    : This function is INTERNAL to uC/OS-II and your application should not call it.
1087:./ucos/Core/os_flag.c **** ***************************************************************************************************
1088:./ucos/Core/os_flag.c **** */
1089:./ucos/Core/os_flag.c **** 
1090:./ucos/Core/os_flag.c **** static  void  OS_FlagBlock (OS_FLAG_GRP  *pgrp,
1091:./ucos/Core/os_flag.c ****                             OS_FLAG_NODE *pnode,
1092:./ucos/Core/os_flag.c ****                             OS_FLAGS      flags,
1093:./ucos/Core/os_flag.c ****                             INT8U         wait_type,
1094:./ucos/Core/os_flag.c ****                             INT32U        timeout)
1095:./ucos/Core/os_flag.c **** {
  29              		.loc 1 1095 1 view -0
  30              		.cfi_startproc
  31              		@ args = 4, pretend = 0, frame = 0
  32              		@ frame_needed = 0, uses_anonymous_args = 0
  33              		.loc 1 1095 1 is_stmt 0 view .LVU1
  34 0000 70B5     		push	{r4, r5, r6, lr}
  35              	.LCFI0:
  36              		.cfi_def_cfa_offset 16
  37              		.cfi_offset 4, -16
  38              		.cfi_offset 5, -12
  39              		.cfi_offset 6, -8
  40              		.cfi_offset 14, -4
1096:./ucos/Core/os_flag.c ****     OS_FLAG_NODE  *pnode_next;
  41              		.loc 1 1096 5 is_stmt 1 view .LVU2
1097:./ucos/Core/os_flag.c ****     INT8U          y;
  42              		.loc 1 1097 5 view .LVU3
1098:./ucos/Core/os_flag.c **** 
1099:./ucos/Core/os_flag.c **** 
ARM GAS  /tmp/ccjnSGoX.s 			page 21


1100:./ucos/Core/os_flag.c ****     OSTCBCur->OSTCBStat      |= OS_STAT_FLAG;
  43              		.loc 1 1100 5 view .LVU4
  44              		.loc 1 1100 13 is_stmt 0 view .LVU5
  45 0002 194C     		ldr	r4, .L5
  46 0004 2468     		ldr	r4, [r4]
  47 0006 94F83850 		ldrb	r5, [r4, #56]	@ zero_extendqisi2
  48              		.loc 1 1100 30 view .LVU6
  49 000a 45F02005 		orr	r5, r5, #32
  50 000e 84F83850 		strb	r5, [r4, #56]
1101:./ucos/Core/os_flag.c ****     OSTCBCur->OSTCBStatPend   = OS_STAT_PEND_OK;
  51              		.loc 1 1101 5 is_stmt 1 view .LVU7
  52              		.loc 1 1101 31 is_stmt 0 view .LVU8
  53 0012 0025     		movs	r5, #0
  54 0014 84F83950 		strb	r5, [r4, #57]
1102:./ucos/Core/os_flag.c ****     OSTCBCur->OSTCBDly        = timeout;              /* Store timeout in task's TCB               
  55              		.loc 1 1102 5 is_stmt 1 view .LVU9
  56              		.loc 1 1102 31 is_stmt 0 view .LVU10
  57 0018 049E     		ldr	r6, [sp, #16]
  58 001a 6663     		str	r6, [r4, #52]
1103:./ucos/Core/os_flag.c **** #if OS_TASK_DEL_EN > 0u
1104:./ucos/Core/os_flag.c ****     OSTCBCur->OSTCBFlagNode   = pnode;                /* TCB to link to node                       
  59              		.loc 1 1104 5 is_stmt 1 view .LVU11
  60              		.loc 1 1104 31 is_stmt 0 view .LVU12
  61 001c E162     		str	r1, [r4, #44]
1105:./ucos/Core/os_flag.c **** #endif
1106:./ucos/Core/os_flag.c ****     pnode->OSFlagNodeFlags    = flags;                /* Save the flags that we need to wait for   
  62              		.loc 1 1106 5 is_stmt 1 view .LVU13
  63              		.loc 1 1106 31 is_stmt 0 view .LVU14
  64 001e 0A82     		strh	r2, [r1, #16]	@ movhi
1107:./ucos/Core/os_flag.c ****     pnode->OSFlagNodeWaitType = wait_type;            /* Save the type of wait we are doing        
  65              		.loc 1 1107 5 is_stmt 1 view .LVU15
  66              		.loc 1 1107 31 is_stmt 0 view .LVU16
  67 0020 8B74     		strb	r3, [r1, #18]
1108:./ucos/Core/os_flag.c ****     pnode->OSFlagNodeTCB      = (void *)OSTCBCur;     /* Link to task's TCB                        
  68              		.loc 1 1108 5 is_stmt 1 view .LVU17
  69              		.loc 1 1108 31 is_stmt 0 view .LVU18
  70 0022 8C60     		str	r4, [r1, #8]
1109:./ucos/Core/os_flag.c ****     pnode->OSFlagNodeNext     = pgrp->OSFlagWaitList; /* Add node at beginning of event flag wait l
  71              		.loc 1 1109 5 is_stmt 1 view .LVU19
  72              		.loc 1 1109 37 is_stmt 0 view .LVU20
  73 0024 4368     		ldr	r3, [r0, #4]
  74              	.LVL1:
  75              		.loc 1 1109 31 view .LVU21
  76 0026 0B60     		str	r3, [r1]
1110:./ucos/Core/os_flag.c ****     pnode->OSFlagNodePrev     = (void *)0;
  77              		.loc 1 1110 5 is_stmt 1 view .LVU22
  78              		.loc 1 1110 31 is_stmt 0 view .LVU23
  79 0028 4D60     		str	r5, [r1, #4]
1111:./ucos/Core/os_flag.c ****     pnode->OSFlagNodeFlagGrp  = (void *)pgrp;         /* Link to Event Flag Group                  
  80              		.loc 1 1111 5 is_stmt 1 view .LVU24
  81              		.loc 1 1111 31 is_stmt 0 view .LVU25
  82 002a C860     		str	r0, [r1, #12]
1112:./ucos/Core/os_flag.c ****     pnode_next                = (OS_FLAG_NODE *)pgrp->OSFlagWaitList;
  83              		.loc 1 1112 5 is_stmt 1 view .LVU26
  84              		.loc 1 1112 31 is_stmt 0 view .LVU27
  85 002c 4368     		ldr	r3, [r0, #4]
  86              	.LVL2:
ARM GAS  /tmp/ccjnSGoX.s 			page 22


1113:./ucos/Core/os_flag.c ****     if (pnode_next != (void *)0) {                    /* Is this the first NODE to insert?         
  87              		.loc 1 1113 5 is_stmt 1 view .LVU28
  88              		.loc 1 1113 8 is_stmt 0 view .LVU29
  89 002e 03B1     		cbz	r3, .L2
1114:./ucos/Core/os_flag.c ****         pnode_next->OSFlagNodePrev = pnode;           /* No, link in doubly linked list            
  90              		.loc 1 1114 9 is_stmt 1 view .LVU30
  91              		.loc 1 1114 36 is_stmt 0 view .LVU31
  92 0030 5960     		str	r1, [r3, #4]
  93              	.LVL3:
  94              	.L2:
1115:./ucos/Core/os_flag.c ****     }
1116:./ucos/Core/os_flag.c ****     pgrp->OSFlagWaitList = (void *)pnode;
  95              		.loc 1 1116 5 is_stmt 1 view .LVU32
  96              		.loc 1 1116 26 is_stmt 0 view .LVU33
  97 0032 4160     		str	r1, [r0, #4]
1117:./ucos/Core/os_flag.c **** 
1118:./ucos/Core/os_flag.c ****     y            =  OSTCBCur->OSTCBY;                 /* Suspend current task until flag(s) receive
  98              		.loc 1 1118 5 is_stmt 1 view .LVU34
  99              		.loc 1 1118 29 is_stmt 0 view .LVU35
 100 0034 0C4B     		ldr	r3, .L5
 101              	.LVL4:
 102              		.loc 1 1118 29 view .LVU36
 103 0036 1868     		ldr	r0, [r3]
 104              	.LVL5:
 105              		.loc 1 1118 18 view .LVU37
 106 0038 90F83C40 		ldrb	r4, [r0, #60]	@ zero_extendqisi2
 107              	.LVL6:
1119:./ucos/Core/os_flag.c ****     OSRdyTbl[y] &= (OS_PRIO)~OSTCBCur->OSTCBBitX;
 108              		.loc 1 1119 5 is_stmt 1 view .LVU38
 109              		.loc 1 1119 13 is_stmt 0 view .LVU39
 110 003c 0B4D     		ldr	r5, .L5+4
 111 003e 2B5D     		ldrb	r3, [r5, r4]	@ zero_extendqisi2
 112              		.loc 1 1119 38 view .LVU40
 113 0040 90F83D20 		ldrb	r2, [r0, #61]	@ zero_extendqisi2
 114              	.LVL7:
 115              		.loc 1 1119 17 view .LVU41
 116 0044 23EA0203 		bic	r3, r3, r2
 117 0048 2B55     		strb	r3, [r5, r4]
1120:./ucos/Core/os_flag.c ****     OS_TRACE_TASK_SUSPENDED(OSTCBCur);
 118              		.loc 1 1120 5 is_stmt 1 view .LVU42
 119 004a FFF7FEFF 		bl	SYSVIEW_TaskSuspend
 120              	.LVL8:
1121:./ucos/Core/os_flag.c ****     if (OSRdyTbl[y] == 0x00u) {
 121              		.loc 1 1121 5 view .LVU43
 122              		.loc 1 1121 17 is_stmt 0 view .LVU44
 123 004e 2B5D     		ldrb	r3, [r5, r4]	@ zero_extendqisi2
 124              		.loc 1 1121 8 view .LVU45
 125 0050 43B9     		cbnz	r3, .L1
1122:./ucos/Core/os_flag.c ****         OSRdyGrp &= (OS_PRIO)~OSTCBCur->OSTCBBitY;
 126              		.loc 1 1122 9 is_stmt 1 view .LVU46
 127              		.loc 1 1122 39 is_stmt 0 view .LVU47
 128 0052 054B     		ldr	r3, .L5
 129 0054 1B68     		ldr	r3, [r3]
 130 0056 93F83E10 		ldrb	r1, [r3, #62]	@ zero_extendqisi2
 131              		.loc 1 1122 18 view .LVU48
 132 005a 054A     		ldr	r2, .L5+8
 133 005c 1378     		ldrb	r3, [r2]	@ zero_extendqisi2
ARM GAS  /tmp/ccjnSGoX.s 			page 23


 134 005e 23EA0103 		bic	r3, r3, r1
 135 0062 1370     		strb	r3, [r2]
 136              	.L1:
1123:./ucos/Core/os_flag.c ****     }
1124:./ucos/Core/os_flag.c **** }
 137              		.loc 1 1124 1 view .LVU49
 138 0064 70BD     		pop	{r4, r5, r6, pc}
 139              	.LVL9:
 140              	.L6:
 141              		.loc 1 1124 1 view .LVU50
 142 0066 00BF     		.align	2
 143              	.L5:
 144 0068 00000000 		.word	OSTCBCur
 145 006c 00000000 		.word	OSRdyTbl
 146 0070 00000000 		.word	OSRdyGrp
 147              		.cfi_endproc
 148              	.LFE9:
 150              		.section	.text.OSFlagAccept,"ax",%progbits
 151              		.align	1
 152              		.global	OSFlagAccept
 153              		.syntax unified
 154              		.thumb
 155              		.thumb_func
 157              	OSFlagAccept:
 158              	.LVL10:
 159              	.LFB0:
 105:./ucos/Core/os_flag.c ****     OS_FLAGS      flags_rdy;
 160              		.loc 1 105 1 is_stmt 1 view -0
 161              		.cfi_startproc
 162              		@ args = 0, pretend = 0, frame = 0
 163              		@ frame_needed = 0, uses_anonymous_args = 0
 105:./ucos/Core/os_flag.c ****     OS_FLAGS      flags_rdy;
 164              		.loc 1 105 1 is_stmt 0 view .LVU52
 165 0000 2DE9F041 		push	{r4, r5, r6, r7, r8, lr}
 166              	.LCFI1:
 167              		.cfi_def_cfa_offset 24
 168              		.cfi_offset 4, -24
 169              		.cfi_offset 5, -20
 170              		.cfi_offset 6, -16
 171              		.cfi_offset 7, -12
 172              		.cfi_offset 8, -8
 173              		.cfi_offset 14, -4
 174 0004 1D46     		mov	r5, r3
 106:./ucos/Core/os_flag.c ****     INT8U         result;
 175              		.loc 1 106 5 is_stmt 1 view .LVU53
 107:./ucos/Core/os_flag.c ****     BOOLEAN       consume;
 176              		.loc 1 107 5 view .LVU54
 108:./ucos/Core/os_flag.c **** #if OS_CRITICAL_METHOD == 3u                               /* Allocate storage for CPU status regis
 177              		.loc 1 108 5 view .LVU55
 110:./ucos/Core/os_flag.c **** #endif
 178              		.loc 1 110 5 view .LVU56
 179              	.LVL11:
 123:./ucos/Core/os_flag.c ****         *perr = OS_ERR_FLAG_INVALID_PGRP;
 180              		.loc 1 123 5 view .LVU57
 123:./ucos/Core/os_flag.c ****         *perr = OS_ERR_FLAG_INVALID_PGRP;
 181              		.loc 1 123 8 is_stmt 0 view .LVU58
 182 0006 58B1     		cbz	r0, .L28
ARM GAS  /tmp/ccjnSGoX.s 			page 24


 183 0008 0F46     		mov	r7, r1
 184 000a 1446     		mov	r4, r2
 185 000c 0646     		mov	r6, r0
 128:./ucos/Core/os_flag.c ****         *perr = OS_ERR_EVENT_TYPE;
 186              		.loc 1 128 5 is_stmt 1 view .LVU59
 128:./ucos/Core/os_flag.c ****         *perr = OS_ERR_EVENT_TYPE;
 187              		.loc 1 128 13 is_stmt 0 view .LVU60
 188 000e 0378     		ldrb	r3, [r0]	@ zero_extendqisi2
 189              	.LVL12:
 128:./ucos/Core/os_flag.c ****         *perr = OS_ERR_EVENT_TYPE;
 190              		.loc 1 128 8 view .LVU61
 191 0010 052B     		cmp	r3, #5
 192 0012 09D0     		beq	.L10
 129:./ucos/Core/os_flag.c ****         return ((OS_FLAGS)0);
 193              		.loc 1 129 9 is_stmt 1 view .LVU62
 129:./ucos/Core/os_flag.c ****         return ((OS_FLAGS)0);
 194              		.loc 1 129 15 is_stmt 0 view .LVU63
 195 0014 0123     		movs	r3, #1
 196 0016 2B70     		strb	r3, [r5]
 130:./ucos/Core/os_flag.c ****     }
 197              		.loc 1 130 9 is_stmt 1 view .LVU64
 130:./ucos/Core/os_flag.c ****     }
 198              		.loc 1 130 16 is_stmt 0 view .LVU65
 199 0018 0024     		movs	r4, #0
 200              	.LVL13:
 201              	.L9:
 200:./ucos/Core/os_flag.c **** #endif
 202              		.loc 1 200 1 view .LVU66
 203 001a 2046     		mov	r0, r4
 204 001c BDE8F081 		pop	{r4, r5, r6, r7, r8, pc}
 205              	.LVL14:
 206              	.L28:
 124:./ucos/Core/os_flag.c ****         return ((OS_FLAGS)0);
 207              		.loc 1 124 9 is_stmt 1 view .LVU67
 124:./ucos/Core/os_flag.c ****         return ((OS_FLAGS)0);
 208              		.loc 1 124 15 is_stmt 0 view .LVU68
 209 0020 6E23     		movs	r3, #110
 210              	.LVL15:
 124:./ucos/Core/os_flag.c ****         return ((OS_FLAGS)0);
 211              		.loc 1 124 15 view .LVU69
 212 0022 2B70     		strb	r3, [r5]
 125:./ucos/Core/os_flag.c ****     }
 213              		.loc 1 125 9 is_stmt 1 view .LVU70
 125:./ucos/Core/os_flag.c ****     }
 214              		.loc 1 125 16 is_stmt 0 view .LVU71
 215 0024 0024     		movs	r4, #0
 216 0026 F8E7     		b	.L9
 217              	.L10:
 132:./ucos/Core/os_flag.c ****     if (result != (INT8U)0) {                              /* See if we need to consume the flags  
 218              		.loc 1 132 5 is_stmt 1 view .LVU72
 219              	.LVL16:
 133:./ucos/Core/os_flag.c ****         wait_type &= ~OS_FLAG_CONSUME;
 220              		.loc 1 133 5 view .LVU73
 133:./ucos/Core/os_flag.c ****         wait_type &= ~OS_FLAG_CONSUME;
 221              		.loc 1 133 8 is_stmt 0 view .LVU74
 222 0028 12F0800F 		tst	r2, #128
 223 002c 0BD1     		bne	.L29
ARM GAS  /tmp/ccjnSGoX.s 			page 25


 137:./ucos/Core/os_flag.c ****     }
 224              		.loc 1 137 20 view .LVU75
 225 002e 4FF00008 		mov	r8, #0
 226              	.LVL17:
 227              	.L11:
 140:./ucos/Core/os_flag.c ****     OS_ENTER_CRITICAL();
 228              		.loc 1 140 5 is_stmt 1 view .LVU76
 140:./ucos/Core/os_flag.c ****     OS_ENTER_CRITICAL();
 229              		.loc 1 140 11 is_stmt 0 view .LVU77
 230 0032 0023     		movs	r3, #0
 231 0034 2B70     		strb	r3, [r5]
 141:./ucos/Core/os_flag.c ****     switch (wait_type) {
 232              		.loc 1 141 5 is_stmt 1 view .LVU78
 141:./ucos/Core/os_flag.c ****     switch (wait_type) {
 233              		.loc 1 141 5 view .LVU79
 234 0036 FFF7FEFF 		bl	OS_CPU_SR_Save
 235              	.LVL18:
 141:./ucos/Core/os_flag.c ****     switch (wait_type) {
 236              		.loc 1 141 5 discriminator 1 view .LVU80
 142:./ucos/Core/os_flag.c ****         case OS_FLAG_WAIT_SET_ALL:                         /* See if all required flags are set    
 237              		.loc 1 142 5 view .LVU81
 238 003a 032C     		cmp	r4, #3
 239 003c 49D8     		bhi	.L12
 240 003e DFE804F0 		tbb	[pc, r4]
 241              	.L14:
 242 0042 29       		.byte	(.L17-.L14)/2
 243 0043 39       		.byte	(.L16-.L14)/2
 244 0044 07       		.byte	(.L15-.L14)/2
 245 0045 19       		.byte	(.L13-.L14)/2
 246              	.LVL19:
 247              		.p2align 1
 248              	.L29:
 134:./ucos/Core/os_flag.c ****         consume    = OS_TRUE;
 249              		.loc 1 134 9 view .LVU82
 134:./ucos/Core/os_flag.c ****         consume    = OS_TRUE;
 250              		.loc 1 134 19 is_stmt 0 view .LVU83
 251 0046 02F07F04 		and	r4, r2, #127
 252              	.LVL20:
 135:./ucos/Core/os_flag.c ****     } else {
 253              		.loc 1 135 9 is_stmt 1 view .LVU84
 135:./ucos/Core/os_flag.c ****     } else {
 254              		.loc 1 135 20 is_stmt 0 view .LVU85
 255 004a 4FF00108 		mov	r8, #1
 256 004e F0E7     		b	.L11
 257              	.LVL21:
 258              	.L15:
 144:./ucos/Core/os_flag.c ****              if (flags_rdy == flags) {                     /* Must match ALL the bits that we want 
 259              		.loc 1 144 14 is_stmt 1 view .LVU86
 144:./ucos/Core/os_flag.c ****              if (flags_rdy == flags) {                     /* Must match ALL the bits that we want 
 260              		.loc 1 144 41 is_stmt 0 view .LVU87
 261 0050 3389     		ldrh	r3, [r6, #8]
 144:./ucos/Core/os_flag.c ****              if (flags_rdy == flags) {                     /* Must match ALL the bits that we want 
 262              		.loc 1 144 24 view .LVU88
 263 0052 03EA0704 		and	r4, r3, r7
 264              	.LVL22:
 145:./ucos/Core/os_flag.c ****                  if (consume == OS_TRUE) {                 /* See if we need to consume the flags  
 265              		.loc 1 145 14 is_stmt 1 view .LVU89
ARM GAS  /tmp/ccjnSGoX.s 			page 26


 145:./ucos/Core/os_flag.c ****                  if (consume == OS_TRUE) {                 /* See if we need to consume the flags  
 266              		.loc 1 145 17 is_stmt 0 view .LVU90
 267 0056 37EA0301 		bics	r1, r7, r3
 268 005a 04D0     		beq	.L30
 150:./ucos/Core/os_flag.c ****              }
 269              		.loc 1 150 18 is_stmt 1 view .LVU91
 150:./ucos/Core/os_flag.c ****              }
 270              		.loc 1 150 24 is_stmt 0 view .LVU92
 271 005c 7023     		movs	r3, #112
 272 005e 2B70     		strb	r3, [r5]
 273              	.L19:
 152:./ucos/Core/os_flag.c ****              break;
 274              		.loc 1 152 14 is_stmt 1 view .LVU93
 152:./ucos/Core/os_flag.c ****              break;
 275              		.loc 1 152 14 view .LVU94
 276 0060 FFF7FEFF 		bl	OS_CPU_SR_Restore
 277              	.LVL23:
 152:./ucos/Core/os_flag.c ****              break;
 278              		.loc 1 152 14 discriminator 1 view .LVU95
 153:./ucos/Core/os_flag.c **** 
 279              		.loc 1 153 14 view .LVU96
 280 0064 D9E7     		b	.L9
 281              	.LVL24:
 282              	.L30:
 146:./ucos/Core/os_flag.c ****                      pgrp->OSFlagFlags &= (OS_FLAGS)~flags_rdy;     /* Clear ONLY the flags we want
 283              		.loc 1 146 18 view .LVU97
 146:./ucos/Core/os_flag.c ****                      pgrp->OSFlagFlags &= (OS_FLAGS)~flags_rdy;     /* Clear ONLY the flags we want
 284              		.loc 1 146 21 is_stmt 0 view .LVU98
 285 0066 B8F1000F 		cmp	r8, #0
 286 006a F9D0     		beq	.L19
 147:./ucos/Core/os_flag.c ****                  }
 287              		.loc 1 147 22 is_stmt 1 view .LVU99
 147:./ucos/Core/os_flag.c ****                  }
 288              		.loc 1 147 40 is_stmt 0 view .LVU100
 289 006c 23EA0403 		bic	r3, r3, r4
 290 0070 3381     		strh	r3, [r6, #8]	@ movhi
 291 0072 F5E7     		b	.L19
 292              	.LVL25:
 293              	.L13:
 156:./ucos/Core/os_flag.c ****              if (flags_rdy != (OS_FLAGS)0) {               /* See if any flag set                  
 294              		.loc 1 156 14 is_stmt 1 view .LVU101
 156:./ucos/Core/os_flag.c ****              if (flags_rdy != (OS_FLAGS)0) {               /* See if any flag set                  
 295              		.loc 1 156 41 is_stmt 0 view .LVU102
 296 0074 3389     		ldrh	r3, [r6, #8]
 297              	.LVL26:
 157:./ucos/Core/os_flag.c ****                  if (consume == OS_TRUE) {                 /* See if we need to consume the flags  
 298              		.loc 1 157 14 is_stmt 1 view .LVU103
 157:./ucos/Core/os_flag.c ****                  if (consume == OS_TRUE) {                 /* See if we need to consume the flags  
 299              		.loc 1 157 17 is_stmt 0 view .LVU104
 300 0076 13EA0704 		ands	r4, r3, r7
 301              	.LVL27:
 157:./ucos/Core/os_flag.c ****                  if (consume == OS_TRUE) {                 /* See if we need to consume the flags  
 302              		.loc 1 157 17 view .LVU105
 303 007a 06D0     		beq	.L20
 158:./ucos/Core/os_flag.c ****                      pgrp->OSFlagFlags &= (OS_FLAGS)~flags_rdy;     /* Clear ONLY the flags we got 
 304              		.loc 1 158 18 is_stmt 1 view .LVU106
 158:./ucos/Core/os_flag.c ****                      pgrp->OSFlagFlags &= (OS_FLAGS)~flags_rdy;     /* Clear ONLY the flags we got 
ARM GAS  /tmp/ccjnSGoX.s 			page 27


 305              		.loc 1 158 21 is_stmt 0 view .LVU107
 306 007c B8F1000F 		cmp	r8, #0
 307 0080 05D0     		beq	.L21
 159:./ucos/Core/os_flag.c ****                  }
 308              		.loc 1 159 22 is_stmt 1 view .LVU108
 159:./ucos/Core/os_flag.c ****                  }
 309              		.loc 1 159 40 is_stmt 0 view .LVU109
 310 0082 23EA0403 		bic	r3, r3, r4
 311 0086 3381     		strh	r3, [r6, #8]	@ movhi
 312 0088 01E0     		b	.L21
 313              	.L20:
 162:./ucos/Core/os_flag.c ****              }
 314              		.loc 1 162 18 is_stmt 1 view .LVU110
 162:./ucos/Core/os_flag.c ****              }
 315              		.loc 1 162 24 is_stmt 0 view .LVU111
 316 008a 7023     		movs	r3, #112
 317 008c 2B70     		strb	r3, [r5]
 318              	.L21:
 164:./ucos/Core/os_flag.c ****              break;
 319              		.loc 1 164 14 is_stmt 1 view .LVU112
 164:./ucos/Core/os_flag.c ****              break;
 320              		.loc 1 164 14 view .LVU113
 321 008e FFF7FEFF 		bl	OS_CPU_SR_Restore
 322              	.LVL28:
 164:./ucos/Core/os_flag.c ****              break;
 323              		.loc 1 164 14 discriminator 1 view .LVU114
 165:./ucos/Core/os_flag.c **** 
 324              		.loc 1 165 14 view .LVU115
 325 0092 C2E7     		b	.L9
 326              	.LVL29:
 327              	.L17:
 169:./ucos/Core/os_flag.c ****              if (flags_rdy == flags) {                     /* Must match ALL the bits that we want 
 328              		.loc 1 169 14 view .LVU116
 169:./ucos/Core/os_flag.c ****              if (flags_rdy == flags) {                     /* Must match ALL the bits that we want 
 329              		.loc 1 169 41 is_stmt 0 view .LVU117
 330 0094 3389     		ldrh	r3, [r6, #8]
 169:./ucos/Core/os_flag.c ****              if (flags_rdy == flags) {                     /* Must match ALL the bits that we want 
 331              		.loc 1 169 24 view .LVU118
 332 0096 27EA0304 		bic	r4, r7, r3
 333              	.LVL30:
 170:./ucos/Core/os_flag.c ****                  if (consume == OS_TRUE) {                 /* See if we need to consume the flags  
 334              		.loc 1 170 14 is_stmt 1 view .LVU119
 170:./ucos/Core/os_flag.c ****                  if (consume == OS_TRUE) {                 /* See if we need to consume the flags  
 335              		.loc 1 170 17 is_stmt 0 view .LVU120
 336 009a 3B42     		tst	r3, r7
 337 009c 05D1     		bne	.L22
 171:./ucos/Core/os_flag.c ****                      pgrp->OSFlagFlags |= flags_rdy;       /* Set ONLY the flags that we wanted    
 338              		.loc 1 171 18 is_stmt 1 view .LVU121
 171:./ucos/Core/os_flag.c ****                      pgrp->OSFlagFlags |= flags_rdy;       /* Set ONLY the flags that we wanted    
 339              		.loc 1 171 21 is_stmt 0 view .LVU122
 340 009e B8F1000F 		cmp	r8, #0
 341 00a2 04D0     		beq	.L23
 172:./ucos/Core/os_flag.c ****                  }
 342              		.loc 1 172 22 is_stmt 1 view .LVU123
 172:./ucos/Core/os_flag.c ****                  }
 343              		.loc 1 172 40 is_stmt 0 view .LVU124
 344 00a4 3B43     		orrs	r3, r3, r7
ARM GAS  /tmp/ccjnSGoX.s 			page 28


 345 00a6 3381     		strh	r3, [r6, #8]	@ movhi
 346 00a8 01E0     		b	.L23
 347              	.L22:
 175:./ucos/Core/os_flag.c ****              }
 348              		.loc 1 175 18 is_stmt 1 view .LVU125
 175:./ucos/Core/os_flag.c ****              }
 349              		.loc 1 175 24 is_stmt 0 view .LVU126
 350 00aa 7023     		movs	r3, #112
 351 00ac 2B70     		strb	r3, [r5]
 352              	.L23:
 177:./ucos/Core/os_flag.c ****              break;
 353              		.loc 1 177 14 is_stmt 1 view .LVU127
 177:./ucos/Core/os_flag.c ****              break;
 354              		.loc 1 177 14 view .LVU128
 355 00ae FFF7FEFF 		bl	OS_CPU_SR_Restore
 356              	.LVL31:
 177:./ucos/Core/os_flag.c ****              break;
 357              		.loc 1 177 14 discriminator 1 view .LVU129
 178:./ucos/Core/os_flag.c **** 
 358              		.loc 1 178 14 view .LVU130
 359 00b2 B2E7     		b	.L9
 360              	.LVL32:
 361              	.L16:
 181:./ucos/Core/os_flag.c ****              if (flags_rdy != (OS_FLAGS)0) {               /* See if any flag cleared              
 362              		.loc 1 181 14 view .LVU131
 181:./ucos/Core/os_flag.c ****              if (flags_rdy != (OS_FLAGS)0) {               /* See if any flag cleared              
 363              		.loc 1 181 41 is_stmt 0 view .LVU132
 364 00b4 3389     		ldrh	r3, [r6, #8]
 365              	.LVL33:
 182:./ucos/Core/os_flag.c ****                  if (consume == OS_TRUE) {                 /* See if we need to consume the flags  
 366              		.loc 1 182 14 is_stmt 1 view .LVU133
 182:./ucos/Core/os_flag.c ****                  if (consume == OS_TRUE) {                 /* See if we need to consume the flags  
 367              		.loc 1 182 17 is_stmt 0 view .LVU134
 368 00b6 37EA0304 		bics	r4, r7, r3
 369              	.LVL34:
 182:./ucos/Core/os_flag.c ****                  if (consume == OS_TRUE) {                 /* See if we need to consume the flags  
 370              		.loc 1 182 17 view .LVU135
 371 00ba 05D0     		beq	.L24
 183:./ucos/Core/os_flag.c ****                      pgrp->OSFlagFlags |= flags_rdy;       /* Set ONLY the flags that we got       
 372              		.loc 1 183 18 is_stmt 1 view .LVU136
 183:./ucos/Core/os_flag.c ****                      pgrp->OSFlagFlags |= flags_rdy;       /* Set ONLY the flags that we got       
 373              		.loc 1 183 21 is_stmt 0 view .LVU137
 374 00bc B8F1000F 		cmp	r8, #0
 375 00c0 04D0     		beq	.L25
 184:./ucos/Core/os_flag.c ****                  }
 376              		.loc 1 184 22 is_stmt 1 view .LVU138
 184:./ucos/Core/os_flag.c ****                  }
 377              		.loc 1 184 40 is_stmt 0 view .LVU139
 378 00c2 3B43     		orrs	r3, r3, r7
 379 00c4 3381     		strh	r3, [r6, #8]	@ movhi
 380 00c6 01E0     		b	.L25
 381              	.L24:
 187:./ucos/Core/os_flag.c ****              }
 382              		.loc 1 187 18 is_stmt 1 view .LVU140
 187:./ucos/Core/os_flag.c ****              }
 383              		.loc 1 187 24 is_stmt 0 view .LVU141
 384 00c8 7023     		movs	r3, #112
ARM GAS  /tmp/ccjnSGoX.s 			page 29


 385 00ca 2B70     		strb	r3, [r5]
 386              	.L25:
 189:./ucos/Core/os_flag.c ****              break;
 387              		.loc 1 189 14 is_stmt 1 view .LVU142
 189:./ucos/Core/os_flag.c ****              break;
 388              		.loc 1 189 14 view .LVU143
 389 00cc FFF7FEFF 		bl	OS_CPU_SR_Restore
 390              	.LVL35:
 189:./ucos/Core/os_flag.c ****              break;
 391              		.loc 1 189 14 discriminator 1 view .LVU144
 190:./ucos/Core/os_flag.c **** #endif
 392              		.loc 1 190 14 view .LVU145
 393 00d0 A3E7     		b	.L9
 394              	.LVL36:
 395              	.L12:
 194:./ucos/Core/os_flag.c ****              flags_rdy = (OS_FLAGS)0;
 396              		.loc 1 194 14 view .LVU146
 194:./ucos/Core/os_flag.c ****              flags_rdy = (OS_FLAGS)0;
 397              		.loc 1 194 14 view .LVU147
 398 00d2 FFF7FEFF 		bl	OS_CPU_SR_Restore
 399              	.LVL37:
 194:./ucos/Core/os_flag.c ****              flags_rdy = (OS_FLAGS)0;
 400              		.loc 1 194 14 discriminator 1 view .LVU148
 195:./ucos/Core/os_flag.c ****              *perr     = OS_ERR_FLAG_WAIT_TYPE;
 401              		.loc 1 195 14 view .LVU149
 196:./ucos/Core/os_flag.c ****              break;
 402              		.loc 1 196 14 view .LVU150
 196:./ucos/Core/os_flag.c ****              break;
 403              		.loc 1 196 24 is_stmt 0 view .LVU151
 404 00d6 6F23     		movs	r3, #111
 405 00d8 2B70     		strb	r3, [r5]
 197:./ucos/Core/os_flag.c ****     }
 406              		.loc 1 197 14 is_stmt 1 view .LVU152
 195:./ucos/Core/os_flag.c ****              *perr     = OS_ERR_FLAG_WAIT_TYPE;
 407              		.loc 1 195 24 is_stmt 0 view .LVU153
 408 00da 0024     		movs	r4, #0
 409              	.LVL38:
 197:./ucos/Core/os_flag.c ****     }
 410              		.loc 1 197 14 view .LVU154
 411 00dc 9DE7     		b	.L9
 412              		.cfi_endproc
 413              	.LFE0:
 415              		.section	.rodata.OSFlagCreate.str1.4,"aMS",%progbits,1
 416              		.align	2
 417              	.LC0:
 418 0000 3F00     		.ascii	"?\000"
 419              		.section	.text.OSFlagCreate,"ax",%progbits
 420              		.align	1
 421              		.global	OSFlagCreate
 422              		.syntax unified
 423              		.thumb
 424              		.thumb_func
 426              	OSFlagCreate:
 427              	.LVL39:
 428              	.LFB1:
 228:./ucos/Core/os_flag.c ****     OS_FLAG_GRP *pgrp;
 429              		.loc 1 228 1 is_stmt 1 view -0
ARM GAS  /tmp/ccjnSGoX.s 			page 30


 430              		.cfi_startproc
 431              		@ args = 0, pretend = 0, frame = 0
 432              		@ frame_needed = 0, uses_anonymous_args = 0
 228:./ucos/Core/os_flag.c ****     OS_FLAG_GRP *pgrp;
 433              		.loc 1 228 1 is_stmt 0 view .LVU156
 434 0000 F8B5     		push	{r3, r4, r5, r6, r7, lr}
 435              	.LCFI2:
 436              		.cfi_def_cfa_offset 24
 437              		.cfi_offset 3, -24
 438              		.cfi_offset 4, -20
 439              		.cfi_offset 5, -16
 440              		.cfi_offset 6, -12
 441              		.cfi_offset 7, -8
 442              		.cfi_offset 14, -4
 443 0002 0E46     		mov	r6, r1
 229:./ucos/Core/os_flag.c **** #if OS_CRITICAL_METHOD == 3u                        /* Allocate storage for CPU status register    
 444              		.loc 1 229 5 is_stmt 1 view .LVU157
 231:./ucos/Core/os_flag.c **** #endif
 445              		.loc 1 231 5 view .LVU158
 446              	.LVL40:
 251:./ucos/Core/os_flag.c ****         *perr = OS_ERR_CREATE_ISR;                  /* ... can't CREATE from an ISR                
 447              		.loc 1 251 5 view .LVU159
 251:./ucos/Core/os_flag.c ****         *perr = OS_ERR_CREATE_ISR;                  /* ... can't CREATE from an ISR                
 448              		.loc 1 251 22 is_stmt 0 view .LVU160
 449 0004 124B     		ldr	r3, .L37
 450 0006 1B78     		ldrb	r3, [r3]	@ zero_extendqisi2
 251:./ucos/Core/os_flag.c ****         *perr = OS_ERR_CREATE_ISR;                  /* ... can't CREATE from an ISR                
 451              		.loc 1 251 8 view .LVU161
 452 0008 CBB9     		cbnz	r3, .L36
 453 000a 0746     		mov	r7, r0
 255:./ucos/Core/os_flag.c ****     pgrp = OSFlagFreeList;                          /* Get next free event flag                    
 454              		.loc 1 255 5 is_stmt 1 view .LVU162
 255:./ucos/Core/os_flag.c ****     pgrp = OSFlagFreeList;                          /* Get next free event flag                    
 455              		.loc 1 255 5 view .LVU163
 456 000c FFF7FEFF 		bl	OS_CPU_SR_Save
 457              	.LVL41:
 255:./ucos/Core/os_flag.c ****     pgrp = OSFlagFreeList;                          /* Get next free event flag                    
 458              		.loc 1 255 5 is_stmt 0 view .LVU164
 459 0010 0546     		mov	r5, r0
 460              	.LVL42:
 255:./ucos/Core/os_flag.c ****     pgrp = OSFlagFreeList;                          /* Get next free event flag                    
 461              		.loc 1 255 5 is_stmt 1 discriminator 1 view .LVU165
 256:./ucos/Core/os_flag.c ****     if (pgrp != (OS_FLAG_GRP *)0) {                 /* See if we have event flag groups available  
 462              		.loc 1 256 5 view .LVU166
 256:./ucos/Core/os_flag.c ****     if (pgrp != (OS_FLAG_GRP *)0) {                 /* See if we have event flag groups available  
 463              		.loc 1 256 10 is_stmt 0 view .LVU167
 464 0012 104B     		ldr	r3, .L37+4
 465 0014 1C68     		ldr	r4, [r3]
 466              	.LVL43:
 257:./ucos/Core/os_flag.c ****                                                     /* Adjust free list                            
 467              		.loc 1 257 5 is_stmt 1 view .LVU168
 257:./ucos/Core/os_flag.c ****                                                     /* Adjust free list                            
 468              		.loc 1 257 8 is_stmt 0 view .LVU169
 469 0016 B4B1     		cbz	r4, .L34
 259:./ucos/Core/os_flag.c ****         pgrp->OSFlagType     = OS_EVENT_TYPE_FLAG;  /* Set to event flag group type                
 470              		.loc 1 259 9 is_stmt 1 view .LVU170
 259:./ucos/Core/os_flag.c ****         pgrp->OSFlagType     = OS_EVENT_TYPE_FLAG;  /* Set to event flag group type                
ARM GAS  /tmp/ccjnSGoX.s 			page 31


 471              		.loc 1 259 61 is_stmt 0 view .LVU171
 472 0018 6268     		ldr	r2, [r4, #4]
 259:./ucos/Core/os_flag.c ****         pgrp->OSFlagType     = OS_EVENT_TYPE_FLAG;  /* Set to event flag group type                
 473              		.loc 1 259 30 view .LVU172
 474 001a 1A60     		str	r2, [r3]
 260:./ucos/Core/os_flag.c ****         pgrp->OSFlagFlags    = flags;               /* Set to desired initial value                
 475              		.loc 1 260 9 is_stmt 1 view .LVU173
 260:./ucos/Core/os_flag.c ****         pgrp->OSFlagFlags    = flags;               /* Set to desired initial value                
 476              		.loc 1 260 30 is_stmt 0 view .LVU174
 477 001c 0523     		movs	r3, #5
 478 001e 2370     		strb	r3, [r4]
 261:./ucos/Core/os_flag.c ****         pgrp->OSFlagWaitList = (void *)0;           /* Clear list of tasks waiting on flags        
 479              		.loc 1 261 9 is_stmt 1 view .LVU175
 261:./ucos/Core/os_flag.c ****         pgrp->OSFlagWaitList = (void *)0;           /* Clear list of tasks waiting on flags        
 480              		.loc 1 261 30 is_stmt 0 view .LVU176
 481 0020 2781     		strh	r7, [r4, #8]	@ movhi
 262:./ucos/Core/os_flag.c **** #if OS_FLAG_NAME_EN > 0u
 482              		.loc 1 262 9 is_stmt 1 view .LVU177
 262:./ucos/Core/os_flag.c **** #if OS_FLAG_NAME_EN > 0u
 483              		.loc 1 262 30 is_stmt 0 view .LVU178
 484 0022 0027     		movs	r7, #0
 485              	.LVL44:
 262:./ucos/Core/os_flag.c **** #if OS_FLAG_NAME_EN > 0u
 486              		.loc 1 262 30 view .LVU179
 487 0024 6760     		str	r7, [r4, #4]
 264:./ucos/Core/os_flag.c **** #endif
 488              		.loc 1 264 9 is_stmt 1 view .LVU180
 264:./ucos/Core/os_flag.c **** #endif
 489              		.loc 1 264 30 is_stmt 0 view .LVU181
 490 0026 0C4A     		ldr	r2, .L37+8
 491 0028 E260     		str	r2, [r4, #12]
 266:./ucos/Core/os_flag.c ****         OS_EXIT_CRITICAL();
 492              		.loc 1 266 9 is_stmt 1 view .LVU182
 493 002a 2146     		mov	r1, r4
 494 002c 3820     		movs	r0, #56
 495              	.LVL45:
 266:./ucos/Core/os_flag.c ****         OS_EXIT_CRITICAL();
 496              		.loc 1 266 9 is_stmt 0 view .LVU183
 497 002e FFF7FEFF 		bl	SYSVIEW_RecordU32Register
 498              	.LVL46:
 267:./ucos/Core/os_flag.c ****         *perr                = OS_ERR_NONE;
 499              		.loc 1 267 9 is_stmt 1 view .LVU184
 267:./ucos/Core/os_flag.c ****         *perr                = OS_ERR_NONE;
 500              		.loc 1 267 9 view .LVU185
 501 0032 2846     		mov	r0, r5
 502 0034 FFF7FEFF 		bl	OS_CPU_SR_Restore
 503              	.LVL47:
 267:./ucos/Core/os_flag.c ****         *perr                = OS_ERR_NONE;
 504              		.loc 1 267 9 discriminator 1 view .LVU186
 268:./ucos/Core/os_flag.c ****     } else {
 505              		.loc 1 268 9 view .LVU187
 268:./ucos/Core/os_flag.c ****     } else {
 506              		.loc 1 268 30 is_stmt 0 view .LVU188
 507 0038 3770     		strb	r7, [r6]
 508              	.LVL48:
 509              	.L31:
 274:./ucos/Core/os_flag.c **** 
ARM GAS  /tmp/ccjnSGoX.s 			page 32


 510              		.loc 1 274 1 view .LVU189
 511 003a 2046     		mov	r0, r4
 512 003c F8BD     		pop	{r3, r4, r5, r6, r7, pc}
 513              	.LVL49:
 514              	.L36:
 252:./ucos/Core/os_flag.c ****         return ((OS_FLAG_GRP *)0);
 515              		.loc 1 252 9 is_stmt 1 view .LVU190
 252:./ucos/Core/os_flag.c ****         return ((OS_FLAG_GRP *)0);
 516              		.loc 1 252 15 is_stmt 0 view .LVU191
 517 003e 1023     		movs	r3, #16
 518 0040 0B70     		strb	r3, [r1]
 253:./ucos/Core/os_flag.c ****     }
 519              		.loc 1 253 9 is_stmt 1 view .LVU192
 253:./ucos/Core/os_flag.c ****     }
 520              		.loc 1 253 16 is_stmt 0 view .LVU193
 521 0042 0024     		movs	r4, #0
 522 0044 F9E7     		b	.L31
 523              	.LVL50:
 524              	.L34:
 270:./ucos/Core/os_flag.c ****         *perr                = OS_ERR_FLAG_GRP_DEPLETED;
 525              		.loc 1 270 9 is_stmt 1 view .LVU194
 270:./ucos/Core/os_flag.c ****         *perr                = OS_ERR_FLAG_GRP_DEPLETED;
 526              		.loc 1 270 9 view .LVU195
 527 0046 FFF7FEFF 		bl	OS_CPU_SR_Restore
 528              	.LVL51:
 270:./ucos/Core/os_flag.c ****         *perr                = OS_ERR_FLAG_GRP_DEPLETED;
 529              		.loc 1 270 9 discriminator 1 view .LVU196
 271:./ucos/Core/os_flag.c ****     }
 530              		.loc 1 271 9 view .LVU197
 271:./ucos/Core/os_flag.c ****     }
 531              		.loc 1 271 30 is_stmt 0 view .LVU198
 532 004a 7223     		movs	r3, #114
 533 004c 3370     		strb	r3, [r6]
 534 004e F4E7     		b	.L31
 535              	.L38:
 536              		.align	2
 537              	.L37:
 538 0050 00000000 		.word	OSIntNesting
 539 0054 00000000 		.word	OSFlagFreeList
 540 0058 00000000 		.word	.LC0
 541              		.cfi_endproc
 542              	.LFE1:
 544              		.section	.text.OSFlagNameGet,"ax",%progbits
 545              		.align	1
 546              		.global	OSFlagNameGet
 547              		.syntax unified
 548              		.thumb
 549              		.thumb_func
 551              	OSFlagNameGet:
 552              	.LVL52:
 553              	.LFB3:
 452:./ucos/Core/os_flag.c ****     INT8U      len;
 554              		.loc 1 452 1 is_stmt 1 view -0
 555              		.cfi_startproc
 556              		@ args = 0, pretend = 0, frame = 0
 557              		@ frame_needed = 0, uses_anonymous_args = 0
 452:./ucos/Core/os_flag.c ****     INT8U      len;
ARM GAS  /tmp/ccjnSGoX.s 			page 33


 558              		.loc 1 452 1 is_stmt 0 view .LVU200
 559 0000 2DE9F041 		push	{r4, r5, r6, r7, r8, lr}
 560              	.LCFI3:
 561              		.cfi_def_cfa_offset 24
 562              		.cfi_offset 4, -24
 563              		.cfi_offset 5, -20
 564              		.cfi_offset 6, -16
 565              		.cfi_offset 7, -12
 566              		.cfi_offset 8, -8
 567              		.cfi_offset 14, -4
 568 0004 1546     		mov	r5, r2
 453:./ucos/Core/os_flag.c **** #if OS_CRITICAL_METHOD == 3u                     /* Allocate storage for CPU status register       
 569              		.loc 1 453 5 is_stmt 1 view .LVU201
 455:./ucos/Core/os_flag.c **** #endif
 570              		.loc 1 455 5 view .LVU202
 571              	.LVL53:
 468:./ucos/Core/os_flag.c ****         *perr = OS_ERR_FLAG_INVALID_PGRP;
 572              		.loc 1 468 5 view .LVU203
 468:./ucos/Core/os_flag.c ****         *perr = OS_ERR_FLAG_INVALID_PGRP;
 573              		.loc 1 468 8 is_stmt 0 view .LVU204
 574 0006 58B1     		cbz	r0, .L46
 575 0008 0E46     		mov	r6, r1
 576 000a 0746     		mov	r7, r0
 472:./ucos/Core/os_flag.c ****         *perr = OS_ERR_PNAME_NULL;
 577              		.loc 1 472 5 is_stmt 1 view .LVU205
 472:./ucos/Core/os_flag.c ****         *perr = OS_ERR_PNAME_NULL;
 578              		.loc 1 472 8 is_stmt 0 view .LVU206
 579 000c 61B1     		cbz	r1, .L47
 477:./ucos/Core/os_flag.c ****         *perr = OS_ERR_NAME_GET_ISR;
 580              		.loc 1 477 5 is_stmt 1 view .LVU207
 477:./ucos/Core/os_flag.c ****         *perr = OS_ERR_NAME_GET_ISR;
 581              		.loc 1 477 22 is_stmt 0 view .LVU208
 582 000e 134B     		ldr	r3, .L48
 583 0010 1C78     		ldrb	r4, [r3]	@ zero_extendqisi2
 477:./ucos/Core/os_flag.c ****         *perr = OS_ERR_NAME_GET_ISR;
 584              		.loc 1 477 8 view .LVU209
 585 0012 6CB1     		cbz	r4, .L43
 478:./ucos/Core/os_flag.c ****         return (0u);
 586              		.loc 1 478 9 is_stmt 1 view .LVU210
 478:./ucos/Core/os_flag.c ****         return (0u);
 587              		.loc 1 478 15 is_stmt 0 view .LVU211
 588 0014 1123     		movs	r3, #17
 589 0016 1370     		strb	r3, [r2]
 479:./ucos/Core/os_flag.c ****     }
 590              		.loc 1 479 9 is_stmt 1 view .LVU212
 479:./ucos/Core/os_flag.c ****     }
 591              		.loc 1 479 16 is_stmt 0 view .LVU213
 592 0018 0024     		movs	r4, #0
 593              	.LVL54:
 594              	.L41:
 492:./ucos/Core/os_flag.c **** #endif
 595              		.loc 1 492 1 view .LVU214
 596 001a 2046     		mov	r0, r4
 597 001c BDE8F081 		pop	{r4, r5, r6, r7, r8, pc}
 598              	.LVL55:
 599              	.L46:
 469:./ucos/Core/os_flag.c ****         return (0u);
ARM GAS  /tmp/ccjnSGoX.s 			page 34


 600              		.loc 1 469 9 is_stmt 1 view .LVU215
 469:./ucos/Core/os_flag.c ****         return (0u);
 601              		.loc 1 469 15 is_stmt 0 view .LVU216
 602 0020 6E23     		movs	r3, #110
 603 0022 1370     		strb	r3, [r2]
 470:./ucos/Core/os_flag.c ****     }
 604              		.loc 1 470 9 is_stmt 1 view .LVU217
 470:./ucos/Core/os_flag.c ****     }
 605              		.loc 1 470 16 is_stmt 0 view .LVU218
 606 0024 0024     		movs	r4, #0
 607 0026 F8E7     		b	.L41
 608              	.L47:
 473:./ucos/Core/os_flag.c ****         return (0u);
 609              		.loc 1 473 9 is_stmt 1 view .LVU219
 473:./ucos/Core/os_flag.c ****         return (0u);
 610              		.loc 1 473 15 is_stmt 0 view .LVU220
 611 0028 0C23     		movs	r3, #12
 612 002a 1370     		strb	r3, [r2]
 474:./ucos/Core/os_flag.c ****     }
 613              		.loc 1 474 9 is_stmt 1 view .LVU221
 474:./ucos/Core/os_flag.c ****     }
 614              		.loc 1 474 16 is_stmt 0 view .LVU222
 615 002c 0024     		movs	r4, #0
 616 002e F4E7     		b	.L41
 617              	.L43:
 481:./ucos/Core/os_flag.c ****     if (pgrp->OSFlagType != OS_EVENT_TYPE_FLAG) {
 618              		.loc 1 481 5 is_stmt 1 view .LVU223
 481:./ucos/Core/os_flag.c ****     if (pgrp->OSFlagType != OS_EVENT_TYPE_FLAG) {
 619              		.loc 1 481 5 view .LVU224
 620 0030 FFF7FEFF 		bl	OS_CPU_SR_Save
 621              	.LVL56:
 481:./ucos/Core/os_flag.c ****     if (pgrp->OSFlagType != OS_EVENT_TYPE_FLAG) {
 622              		.loc 1 481 5 is_stmt 0 view .LVU225
 623 0034 8046     		mov	r8, r0
 624              	.LVL57:
 481:./ucos/Core/os_flag.c ****     if (pgrp->OSFlagType != OS_EVENT_TYPE_FLAG) {
 625              		.loc 1 481 5 is_stmt 1 discriminator 1 view .LVU226
 482:./ucos/Core/os_flag.c ****         OS_EXIT_CRITICAL();
 626              		.loc 1 482 5 view .LVU227
 482:./ucos/Core/os_flag.c ****         OS_EXIT_CRITICAL();
 627              		.loc 1 482 13 is_stmt 0 view .LVU228
 628 0036 3B78     		ldrb	r3, [r7]	@ zero_extendqisi2
 482:./ucos/Core/os_flag.c ****         OS_EXIT_CRITICAL();
 629              		.loc 1 482 8 view .LVU229
 630 0038 052B     		cmp	r3, #5
 631 003a 04D0     		beq	.L44
 483:./ucos/Core/os_flag.c ****         *perr = OS_ERR_EVENT_TYPE;
 632              		.loc 1 483 9 is_stmt 1 view .LVU230
 483:./ucos/Core/os_flag.c ****         *perr = OS_ERR_EVENT_TYPE;
 633              		.loc 1 483 9 view .LVU231
 634 003c FFF7FEFF 		bl	OS_CPU_SR_Restore
 635              	.LVL58:
 483:./ucos/Core/os_flag.c ****         *perr = OS_ERR_EVENT_TYPE;
 636              		.loc 1 483 9 discriminator 1 view .LVU232
 484:./ucos/Core/os_flag.c ****         return (0u);
 637              		.loc 1 484 9 view .LVU233
 484:./ucos/Core/os_flag.c ****         return (0u);
ARM GAS  /tmp/ccjnSGoX.s 			page 35


 638              		.loc 1 484 15 is_stmt 0 view .LVU234
 639 0040 0123     		movs	r3, #1
 640 0042 2B70     		strb	r3, [r5]
 485:./ucos/Core/os_flag.c ****     }
 641              		.loc 1 485 9 is_stmt 1 view .LVU235
 485:./ucos/Core/os_flag.c ****     }
 642              		.loc 1 485 16 is_stmt 0 view .LVU236
 643 0044 E9E7     		b	.L41
 644              	.LVL59:
 645              	.L44:
 487:./ucos/Core/os_flag.c ****     len    = OS_StrLen(*pname);
 646              		.loc 1 487 5 is_stmt 1 view .LVU237
 487:./ucos/Core/os_flag.c ****     len    = OS_StrLen(*pname);
 647              		.loc 1 487 18 is_stmt 0 view .LVU238
 648 0046 F868     		ldr	r0, [r7, #12]
 649              	.LVL60:
 487:./ucos/Core/os_flag.c ****     len    = OS_StrLen(*pname);
 650              		.loc 1 487 12 view .LVU239
 651 0048 3060     		str	r0, [r6]
 488:./ucos/Core/os_flag.c ****     OS_EXIT_CRITICAL();
 652              		.loc 1 488 5 is_stmt 1 view .LVU240
 488:./ucos/Core/os_flag.c ****     OS_EXIT_CRITICAL();
 653              		.loc 1 488 14 is_stmt 0 view .LVU241
 654 004a FFF7FEFF 		bl	OS_StrLen
 655              	.LVL61:
 656 004e 0446     		mov	r4, r0
 657              	.LVL62:
 489:./ucos/Core/os_flag.c ****     *perr  = OS_ERR_NONE;
 658              		.loc 1 489 5 is_stmt 1 view .LVU242
 489:./ucos/Core/os_flag.c ****     *perr  = OS_ERR_NONE;
 659              		.loc 1 489 5 view .LVU243
 660 0050 4046     		mov	r0, r8
 661 0052 FFF7FEFF 		bl	OS_CPU_SR_Restore
 662              	.LVL63:
 489:./ucos/Core/os_flag.c ****     *perr  = OS_ERR_NONE;
 663              		.loc 1 489 5 discriminator 1 view .LVU244
 490:./ucos/Core/os_flag.c ****     return (len);
 664              		.loc 1 490 5 view .LVU245
 490:./ucos/Core/os_flag.c ****     return (len);
 665              		.loc 1 490 12 is_stmt 0 view .LVU246
 666 0056 0023     		movs	r3, #0
 667 0058 2B70     		strb	r3, [r5]
 491:./ucos/Core/os_flag.c **** }
 668              		.loc 1 491 5 is_stmt 1 view .LVU247
 491:./ucos/Core/os_flag.c **** }
 669              		.loc 1 491 12 is_stmt 0 view .LVU248
 670 005a DEE7     		b	.L41
 671              	.L49:
 672              		.align	2
 673              	.L48:
 674 005c 00000000 		.word	OSIntNesting
 675              		.cfi_endproc
 676              	.LFE3:
 678              		.section	.text.OSFlagNameSet,"ax",%progbits
 679              		.align	1
 680              		.global	OSFlagNameSet
 681              		.syntax unified
ARM GAS  /tmp/ccjnSGoX.s 			page 36


 682              		.thumb
 683              		.thumb_func
 685              	OSFlagNameSet:
 686              	.LVL64:
 687              	.LFB4:
 523:./ucos/Core/os_flag.c **** #if OS_CRITICAL_METHOD == 3u                     /* Allocate storage for CPU status register       
 688              		.loc 1 523 1 is_stmt 1 view -0
 689              		.cfi_startproc
 690              		@ args = 0, pretend = 0, frame = 0
 691              		@ frame_needed = 0, uses_anonymous_args = 0
 523:./ucos/Core/os_flag.c **** #if OS_CRITICAL_METHOD == 3u                     /* Allocate storage for CPU status register       
 692              		.loc 1 523 1 is_stmt 0 view .LVU250
 693 0000 70B5     		push	{r4, r5, r6, lr}
 694              	.LCFI4:
 695              		.cfi_def_cfa_offset 16
 696              		.cfi_offset 4, -16
 697              		.cfi_offset 5, -12
 698              		.cfi_offset 6, -8
 699              		.cfi_offset 14, -4
 700 0002 1546     		mov	r5, r2
 525:./ucos/Core/os_flag.c **** #endif
 701              		.loc 1 525 5 is_stmt 1 view .LVU251
 702              	.LVL65:
 538:./ucos/Core/os_flag.c ****         *perr = OS_ERR_FLAG_INVALID_PGRP;
 703              		.loc 1 538 5 view .LVU252
 538:./ucos/Core/os_flag.c ****         *perr = OS_ERR_FLAG_INVALID_PGRP;
 704              		.loc 1 538 8 is_stmt 0 view .LVU253
 705 0004 40B1     		cbz	r0, .L57
 706 0006 0C46     		mov	r4, r1
 707 0008 0646     		mov	r6, r0
 542:./ucos/Core/os_flag.c ****         *perr = OS_ERR_PNAME_NULL;
 708              		.loc 1 542 5 is_stmt 1 view .LVU254
 542:./ucos/Core/os_flag.c ****         *perr = OS_ERR_PNAME_NULL;
 709              		.loc 1 542 8 is_stmt 0 view .LVU255
 710 000a 41B1     		cbz	r1, .L58
 547:./ucos/Core/os_flag.c ****         *perr = OS_ERR_NAME_SET_ISR;
 711              		.loc 1 547 5 is_stmt 1 view .LVU256
 547:./ucos/Core/os_flag.c ****         *perr = OS_ERR_NAME_SET_ISR;
 712              		.loc 1 547 22 is_stmt 0 view .LVU257
 713 000c 0F4B     		ldr	r3, .L59
 714 000e 1B78     		ldrb	r3, [r3]	@ zero_extendqisi2
 547:./ucos/Core/os_flag.c ****         *perr = OS_ERR_NAME_SET_ISR;
 715              		.loc 1 547 8 view .LVU258
 716 0010 43B1     		cbz	r3, .L54
 548:./ucos/Core/os_flag.c ****         return;
 717              		.loc 1 548 9 is_stmt 1 view .LVU259
 548:./ucos/Core/os_flag.c ****         return;
 718              		.loc 1 548 15 is_stmt 0 view .LVU260
 719 0012 1223     		movs	r3, #18
 720 0014 1370     		strb	r3, [r2]
 549:./ucos/Core/os_flag.c ****     }
 721              		.loc 1 549 9 is_stmt 1 view .LVU261
 722              	.LVL66:
 723              	.L50:
 562:./ucos/Core/os_flag.c **** #endif
 724              		.loc 1 562 1 is_stmt 0 view .LVU262
 725 0016 70BD     		pop	{r4, r5, r6, pc}
ARM GAS  /tmp/ccjnSGoX.s 			page 37


 726              	.LVL67:
 727              	.L57:
 539:./ucos/Core/os_flag.c ****         return;
 728              		.loc 1 539 9 is_stmt 1 view .LVU263
 539:./ucos/Core/os_flag.c ****         return;
 729              		.loc 1 539 15 is_stmt 0 view .LVU264
 730 0018 6E23     		movs	r3, #110
 731 001a 1370     		strb	r3, [r2]
 540:./ucos/Core/os_flag.c ****     }
 732              		.loc 1 540 9 is_stmt 1 view .LVU265
 733 001c FBE7     		b	.L50
 734              	.L58:
 543:./ucos/Core/os_flag.c ****         return;
 735              		.loc 1 543 9 view .LVU266
 543:./ucos/Core/os_flag.c ****         return;
 736              		.loc 1 543 15 is_stmt 0 view .LVU267
 737 001e 0C23     		movs	r3, #12
 738 0020 1370     		strb	r3, [r2]
 544:./ucos/Core/os_flag.c ****     }
 739              		.loc 1 544 9 is_stmt 1 view .LVU268
 740 0022 F8E7     		b	.L50
 741              	.L54:
 551:./ucos/Core/os_flag.c ****     if (pgrp->OSFlagType != OS_EVENT_TYPE_FLAG) {
 742              		.loc 1 551 5 view .LVU269
 551:./ucos/Core/os_flag.c ****     if (pgrp->OSFlagType != OS_EVENT_TYPE_FLAG) {
 743              		.loc 1 551 5 view .LVU270
 744 0024 FFF7FEFF 		bl	OS_CPU_SR_Save
 745              	.LVL68:
 551:./ucos/Core/os_flag.c ****     if (pgrp->OSFlagType != OS_EVENT_TYPE_FLAG) {
 746              		.loc 1 551 5 discriminator 1 view .LVU271
 552:./ucos/Core/os_flag.c ****         OS_EXIT_CRITICAL();
 747              		.loc 1 552 5 view .LVU272
 552:./ucos/Core/os_flag.c ****         OS_EXIT_CRITICAL();
 748              		.loc 1 552 13 is_stmt 0 view .LVU273
 749 0028 3378     		ldrb	r3, [r6]	@ zero_extendqisi2
 552:./ucos/Core/os_flag.c ****         OS_EXIT_CRITICAL();
 750              		.loc 1 552 8 view .LVU274
 751 002a 052B     		cmp	r3, #5
 752 002c 04D0     		beq	.L55
 553:./ucos/Core/os_flag.c ****         *perr = OS_ERR_EVENT_TYPE;
 753              		.loc 1 553 9 is_stmt 1 view .LVU275
 553:./ucos/Core/os_flag.c ****         *perr = OS_ERR_EVENT_TYPE;
 754              		.loc 1 553 9 view .LVU276
 755 002e FFF7FEFF 		bl	OS_CPU_SR_Restore
 756              	.LVL69:
 553:./ucos/Core/os_flag.c ****         *perr = OS_ERR_EVENT_TYPE;
 757              		.loc 1 553 9 discriminator 1 view .LVU277
 554:./ucos/Core/os_flag.c ****         return;
 758              		.loc 1 554 9 view .LVU278
 554:./ucos/Core/os_flag.c ****         return;
 759              		.loc 1 554 15 is_stmt 0 view .LVU279
 760 0032 0123     		movs	r3, #1
 761 0034 2B70     		strb	r3, [r5]
 555:./ucos/Core/os_flag.c ****     }
 762              		.loc 1 555 9 is_stmt 1 view .LVU280
 763 0036 EEE7     		b	.L50
 764              	.LVL70:
ARM GAS  /tmp/ccjnSGoX.s 			page 38


 765              	.L55:
 557:./ucos/Core/os_flag.c ****     OS_EXIT_CRITICAL();
 766              		.loc 1 557 5 view .LVU281
 557:./ucos/Core/os_flag.c ****     OS_EXIT_CRITICAL();
 767              		.loc 1 557 22 is_stmt 0 view .LVU282
 768 0038 F460     		str	r4, [r6, #12]
 558:./ucos/Core/os_flag.c ****     OS_TRACE_EVENT_NAME_SET(pgrp, pname);
 769              		.loc 1 558 5 is_stmt 1 view .LVU283
 558:./ucos/Core/os_flag.c ****     OS_TRACE_EVENT_NAME_SET(pgrp, pname);
 770              		.loc 1 558 5 view .LVU284
 771 003a FFF7FEFF 		bl	OS_CPU_SR_Restore
 772              	.LVL71:
 558:./ucos/Core/os_flag.c ****     OS_TRACE_EVENT_NAME_SET(pgrp, pname);
 773              		.loc 1 558 5 discriminator 1 view .LVU285
 559:./ucos/Core/os_flag.c ****     *perr            = OS_ERR_NONE;
 774              		.loc 1 559 5 view .LVU286
 559:./ucos/Core/os_flag.c ****     *perr            = OS_ERR_NONE;
 775              		.loc 1 559 5 discriminator 3 view .LVU287
 776 003e 2146     		mov	r1, r4
 777 0040 3046     		mov	r0, r6
 778 0042 FFF7FEFF 		bl	SYSVIEW_UpdateResource
 779              	.LVL72:
 559:./ucos/Core/os_flag.c ****     *perr            = OS_ERR_NONE;
 780              		.loc 1 559 41 discriminator 5 view .LVU288
 560:./ucos/Core/os_flag.c ****     return;
 781              		.loc 1 560 5 view .LVU289
 560:./ucos/Core/os_flag.c ****     return;
 782              		.loc 1 560 22 is_stmt 0 view .LVU290
 783 0046 0023     		movs	r3, #0
 784 0048 2B70     		strb	r3, [r5]
 561:./ucos/Core/os_flag.c **** }
 785              		.loc 1 561 5 is_stmt 1 view .LVU291
 786 004a E4E7     		b	.L50
 787              	.L60:
 788              		.align	2
 789              	.L59:
 790 004c 00000000 		.word	OSIntNesting
 791              		.cfi_endproc
 792              	.LFE4:
 794              		.section	.text.OSFlagPendGetFlagsRdy,"ax",%progbits
 795              		.align	1
 796              		.global	OSFlagPendGetFlagsRdy
 797              		.syntax unified
 798              		.thumb
 799              		.thumb_func
 801              	OSFlagPendGetFlagsRdy:
 802              	.LFB6:
 821:./ucos/Core/os_flag.c ****     OS_FLAGS      flags;
 803              		.loc 1 821 1 view -0
 804              		.cfi_startproc
 805              		@ args = 0, pretend = 0, frame = 0
 806              		@ frame_needed = 0, uses_anonymous_args = 0
 807 0000 10B5     		push	{r4, lr}
 808              	.LCFI5:
 809              		.cfi_def_cfa_offset 8
 810              		.cfi_offset 4, -8
 811              		.cfi_offset 14, -4
ARM GAS  /tmp/ccjnSGoX.s 			page 39


 822:./ucos/Core/os_flag.c **** #if OS_CRITICAL_METHOD == 3u                               /* Allocate storage for CPU status regis
 812              		.loc 1 822 5 view .LVU293
 824:./ucos/Core/os_flag.c **** #endif
 813              		.loc 1 824 5 view .LVU294
 814              	.LVL73:
 829:./ucos/Core/os_flag.c ****     flags = OSTCBCur->OSTCBFlagsRdy;
 815              		.loc 1 829 5 view .LVU295
 829:./ucos/Core/os_flag.c ****     flags = OSTCBCur->OSTCBFlagsRdy;
 816              		.loc 1 829 5 view .LVU296
 817 0002 FFF7FEFF 		bl	OS_CPU_SR_Save
 818              	.LVL74:
 829:./ucos/Core/os_flag.c ****     flags = OSTCBCur->OSTCBFlagsRdy;
 819              		.loc 1 829 5 discriminator 1 view .LVU297
 830:./ucos/Core/os_flag.c ****     OS_EXIT_CRITICAL();
 820              		.loc 1 830 5 view .LVU298
 830:./ucos/Core/os_flag.c ****     OS_EXIT_CRITICAL();
 821              		.loc 1 830 21 is_stmt 0 view .LVU299
 822 0006 034B     		ldr	r3, .L63
 823 0008 1B68     		ldr	r3, [r3]
 830:./ucos/Core/os_flag.c ****     OS_EXIT_CRITICAL();
 824              		.loc 1 830 11 view .LVU300
 825 000a 1C8E     		ldrh	r4, [r3, #48]
 826              	.LVL75:
 831:./ucos/Core/os_flag.c ****     return (flags);
 827              		.loc 1 831 5 is_stmt 1 view .LVU301
 831:./ucos/Core/os_flag.c ****     return (flags);
 828              		.loc 1 831 5 view .LVU302
 829 000c FFF7FEFF 		bl	OS_CPU_SR_Restore
 830              	.LVL76:
 831:./ucos/Core/os_flag.c ****     return (flags);
 831              		.loc 1 831 5 discriminator 1 view .LVU303
 832:./ucos/Core/os_flag.c **** }
 832              		.loc 1 832 5 view .LVU304
 833:./ucos/Core/os_flag.c **** 
 833              		.loc 1 833 1 is_stmt 0 view .LVU305
 834 0010 2046     		mov	r0, r4
 835 0012 10BD     		pop	{r4, pc}
 836              	.LVL77:
 837              	.L64:
 833:./ucos/Core/os_flag.c **** 
 838              		.loc 1 833 1 view .LVU306
 839              		.align	2
 840              	.L63:
 841 0014 00000000 		.word	OSTCBCur
 842              		.cfi_endproc
 843              	.LFE6:
 845              		.section	.text.OSFlagQuery,"ax",%progbits
 846              		.align	1
 847              		.global	OSFlagQuery
 848              		.syntax unified
 849              		.thumb
 850              		.thumb_func
 852              	OSFlagQuery:
 853              	.LVL78:
 854              	.LFB8:
1019:./ucos/Core/os_flag.c ****     OS_FLAGS   flags;
 855              		.loc 1 1019 1 is_stmt 1 view -0
ARM GAS  /tmp/ccjnSGoX.s 			page 40


 856              		.cfi_startproc
 857              		@ args = 0, pretend = 0, frame = 0
 858              		@ frame_needed = 0, uses_anonymous_args = 0
1019:./ucos/Core/os_flag.c ****     OS_FLAGS   flags;
 859              		.loc 1 1019 1 is_stmt 0 view .LVU308
 860 0000 38B5     		push	{r3, r4, r5, lr}
 861              	.LCFI6:
 862              		.cfi_def_cfa_offset 16
 863              		.cfi_offset 3, -16
 864              		.cfi_offset 4, -12
 865              		.cfi_offset 5, -8
 866              		.cfi_offset 14, -4
 867 0002 0C46     		mov	r4, r1
1020:./ucos/Core/os_flag.c **** #if OS_CRITICAL_METHOD == 3u                      /* Allocate storage for CPU status register      
 868              		.loc 1 1020 5 is_stmt 1 view .LVU309
1022:./ucos/Core/os_flag.c **** #endif
 869              		.loc 1 1022 5 view .LVU310
 870              	.LVL79:
1035:./ucos/Core/os_flag.c ****         *perr = OS_ERR_FLAG_INVALID_PGRP;
 871              		.loc 1 1035 5 view .LVU311
1035:./ucos/Core/os_flag.c ****         *perr = OS_ERR_FLAG_INVALID_PGRP;
 872              		.loc 1 1035 8 is_stmt 0 view .LVU312
 873 0004 40B1     		cbz	r0, .L70
 874 0006 0546     		mov	r5, r0
1040:./ucos/Core/os_flag.c ****         *perr = OS_ERR_EVENT_TYPE;
 875              		.loc 1 1040 5 is_stmt 1 view .LVU313
1040:./ucos/Core/os_flag.c ****         *perr = OS_ERR_EVENT_TYPE;
 876              		.loc 1 1040 13 is_stmt 0 view .LVU314
 877 0008 0378     		ldrb	r3, [r0]	@ zero_extendqisi2
1040:./ucos/Core/os_flag.c ****         *perr = OS_ERR_EVENT_TYPE;
 878              		.loc 1 1040 8 view .LVU315
 879 000a 052B     		cmp	r3, #5
 880 000c 08D0     		beq	.L68
1041:./ucos/Core/os_flag.c ****         return ((OS_FLAGS)0);
 881              		.loc 1 1041 9 is_stmt 1 view .LVU316
1041:./ucos/Core/os_flag.c ****         return ((OS_FLAGS)0);
 882              		.loc 1 1041 15 is_stmt 0 view .LVU317
 883 000e 0123     		movs	r3, #1
 884 0010 0B70     		strb	r3, [r1]
1042:./ucos/Core/os_flag.c ****     }
 885              		.loc 1 1042 9 is_stmt 1 view .LVU318
1042:./ucos/Core/os_flag.c ****     }
 886              		.loc 1 1042 16 is_stmt 0 view .LVU319
 887 0012 0025     		movs	r5, #0
 888              	.LVL80:
 889              	.L67:
1049:./ucos/Core/os_flag.c **** #endif
 890              		.loc 1 1049 1 view .LVU320
 891 0014 2846     		mov	r0, r5
 892 0016 38BD     		pop	{r3, r4, r5, pc}
 893              	.LVL81:
 894              	.L70:
1036:./ucos/Core/os_flag.c ****         return ((OS_FLAGS)0);
 895              		.loc 1 1036 9 is_stmt 1 view .LVU321
1036:./ucos/Core/os_flag.c ****         return ((OS_FLAGS)0);
 896              		.loc 1 1036 15 is_stmt 0 view .LVU322
 897 0018 6E23     		movs	r3, #110
ARM GAS  /tmp/ccjnSGoX.s 			page 41


 898 001a 0B70     		strb	r3, [r1]
1037:./ucos/Core/os_flag.c ****     }
 899              		.loc 1 1037 9 is_stmt 1 view .LVU323
1037:./ucos/Core/os_flag.c ****     }
 900              		.loc 1 1037 16 is_stmt 0 view .LVU324
 901 001c 0025     		movs	r5, #0
 902 001e F9E7     		b	.L67
 903              	.L68:
1044:./ucos/Core/os_flag.c ****     flags = pgrp->OSFlagFlags;
 904              		.loc 1 1044 5 is_stmt 1 view .LVU325
1044:./ucos/Core/os_flag.c ****     flags = pgrp->OSFlagFlags;
 905              		.loc 1 1044 5 view .LVU326
 906 0020 FFF7FEFF 		bl	OS_CPU_SR_Save
 907              	.LVL82:
1044:./ucos/Core/os_flag.c ****     flags = pgrp->OSFlagFlags;
 908              		.loc 1 1044 5 discriminator 1 view .LVU327
1045:./ucos/Core/os_flag.c ****     OS_EXIT_CRITICAL();
 909              		.loc 1 1045 5 view .LVU328
1045:./ucos/Core/os_flag.c ****     OS_EXIT_CRITICAL();
 910              		.loc 1 1045 11 is_stmt 0 view .LVU329
 911 0024 2D89     		ldrh	r5, [r5, #8]
 912              	.LVL83:
1046:./ucos/Core/os_flag.c ****     *perr = OS_ERR_NONE;
 913              		.loc 1 1046 5 is_stmt 1 view .LVU330
1046:./ucos/Core/os_flag.c ****     *perr = OS_ERR_NONE;
 914              		.loc 1 1046 5 view .LVU331
 915 0026 FFF7FEFF 		bl	OS_CPU_SR_Restore
 916              	.LVL84:
1046:./ucos/Core/os_flag.c ****     *perr = OS_ERR_NONE;
 917              		.loc 1 1046 5 discriminator 1 view .LVU332
1047:./ucos/Core/os_flag.c ****     return (flags);                               /* Return the current value of the event flags   
 918              		.loc 1 1047 5 view .LVU333
1047:./ucos/Core/os_flag.c ****     return (flags);                               /* Return the current value of the event flags   
 919              		.loc 1 1047 11 is_stmt 0 view .LVU334
 920 002a 0023     		movs	r3, #0
 921 002c 2370     		strb	r3, [r4]
1048:./ucos/Core/os_flag.c **** }
 922              		.loc 1 1048 5 is_stmt 1 view .LVU335
1048:./ucos/Core/os_flag.c **** }
 923              		.loc 1 1048 12 is_stmt 0 view .LVU336
 924 002e F1E7     		b	.L67
 925              		.cfi_endproc
 926              	.LFE8:
 928              		.section	.text.OS_FlagInit,"ax",%progbits
 929              		.align	1
 930              		.global	OS_FlagInit
 931              		.syntax unified
 932              		.thumb
 933              		.thumb_func
 935              	OS_FlagInit:
 936              	.LFB10:
1125:./ucos/Core/os_flag.c **** 
1126:./ucos/Core/os_flag.c **** 
1127:./ucos/Core/os_flag.c **** /*
1128:./ucos/Core/os_flag.c **** ***************************************************************************************************
1129:./ucos/Core/os_flag.c **** *                                  INITIALIZE THE EVENT FLAG MODULE
1130:./ucos/Core/os_flag.c **** *
ARM GAS  /tmp/ccjnSGoX.s 			page 42


1131:./ucos/Core/os_flag.c **** * Description: This function is called by uC/OS-II to initialize the event flag module.  Your appli
1132:./ucos/Core/os_flag.c **** *              MUST NOT call this function.  In other words, this function is internal to uC/OS-II.
1133:./ucos/Core/os_flag.c **** *
1134:./ucos/Core/os_flag.c **** * Arguments  : none
1135:./ucos/Core/os_flag.c **** *
1136:./ucos/Core/os_flag.c **** * Returns    : none
1137:./ucos/Core/os_flag.c **** *
1138:./ucos/Core/os_flag.c **** * WARNING    : You MUST NOT call this function from your code.  This is an INTERNAL function to uC/
1139:./ucos/Core/os_flag.c **** ***************************************************************************************************
1140:./ucos/Core/os_flag.c **** */
1141:./ucos/Core/os_flag.c **** 
1142:./ucos/Core/os_flag.c **** void  OS_FlagInit (void)
1143:./ucos/Core/os_flag.c **** {
 937              		.loc 1 1143 1 is_stmt 1 view -0
 938              		.cfi_startproc
 939              		@ args = 0, pretend = 0, frame = 0
 940              		@ frame_needed = 0, uses_anonymous_args = 0
 941 0000 08B5     		push	{r3, lr}
 942              	.LCFI7:
 943              		.cfi_def_cfa_offset 8
 944              		.cfi_offset 3, -8
 945              		.cfi_offset 14, -4
1144:./ucos/Core/os_flag.c **** #if OS_MAX_FLAGS == 1u
1145:./ucos/Core/os_flag.c ****     OSFlagFreeList                 = (OS_FLAG_GRP *)&OSFlagTbl[0];  /* Only ONE event flag group!  
1146:./ucos/Core/os_flag.c ****     OSFlagFreeList->OSFlagType     = OS_EVENT_TYPE_UNUSED;
1147:./ucos/Core/os_flag.c ****     OSFlagFreeList->OSFlagWaitList = (void *)0;
1148:./ucos/Core/os_flag.c ****     OSFlagFreeList->OSFlagFlags    = (OS_FLAGS)0;
1149:./ucos/Core/os_flag.c **** #if OS_FLAG_NAME_EN > 0u
1150:./ucos/Core/os_flag.c ****     OSFlagFreeList->OSFlagName     = (INT8U *)"?";
1151:./ucos/Core/os_flag.c **** #endif
1152:./ucos/Core/os_flag.c **** #endif
1153:./ucos/Core/os_flag.c **** 
1154:./ucos/Core/os_flag.c **** #if OS_MAX_FLAGS >= 2u
1155:./ucos/Core/os_flag.c ****     INT16U        ix;
 946              		.loc 1 1155 5 view .LVU338
1156:./ucos/Core/os_flag.c ****     INT16U        ix_next;
 947              		.loc 1 1156 5 view .LVU339
1157:./ucos/Core/os_flag.c ****     OS_FLAG_GRP  *pgrp1;
 948              		.loc 1 1157 5 view .LVU340
1158:./ucos/Core/os_flag.c ****     OS_FLAG_GRP  *pgrp2;
 949              		.loc 1 1158 5 view .LVU341
1159:./ucos/Core/os_flag.c **** 
1160:./ucos/Core/os_flag.c **** 
1161:./ucos/Core/os_flag.c ****     OS_MemClr((INT8U *)&OSFlagTbl[0], sizeof(OSFlagTbl));           /* Clear the flag group table  
 950              		.loc 1 1161 5 view .LVU342
 951 0002 5021     		movs	r1, #80
 952 0004 1148     		ldr	r0, .L75
 953 0006 FFF7FEFF 		bl	OS_MemClr
 954              	.LVL85:
1162:./ucos/Core/os_flag.c ****     for (ix = 0u; ix < (OS_MAX_FLAGS - 1u); ix++) {                 /* Init. list of free EVENT FLA
 955              		.loc 1 1162 5 view .LVU343
 956              		.loc 1 1162 13 is_stmt 0 view .LVU344
 957 000a 0023     		movs	r3, #0
 958              		.loc 1 1162 5 view .LVU345
 959 000c 10E0     		b	.L72
 960              	.LVL86:
 961              	.L73:
ARM GAS  /tmp/ccjnSGoX.s 			page 43


1163:./ucos/Core/os_flag.c ****         ix_next = ix + 1u;
 962              		.loc 1 1163 9 is_stmt 1 view .LVU346
 963              		.loc 1 1163 17 is_stmt 0 view .LVU347
 964 000e 5A1C     		adds	r2, r3, #1
 965 0010 92B2     		uxth	r2, r2
 966              	.LVL87:
1164:./ucos/Core/os_flag.c ****         pgrp1 = &OSFlagTbl[ix];
 967              		.loc 1 1164 9 is_stmt 1 view .LVU348
1165:./ucos/Core/os_flag.c ****         pgrp2 = &OSFlagTbl[ix_next];
 968              		.loc 1 1165 9 view .LVU349
 969              		.loc 1 1165 15 is_stmt 0 view .LVU350
 970 0012 0E49     		ldr	r1, .L75
 971 0014 01EB0210 		add	r0, r1, r2, lsl #4
 972              	.LVL88:
1166:./ucos/Core/os_flag.c ****         pgrp1->OSFlagType     = OS_EVENT_TYPE_UNUSED;
 973              		.loc 1 1166 9 is_stmt 1 view .LVU351
 974              		.loc 1 1166 31 is_stmt 0 view .LVU352
 975 0018 4FEA031C 		lsl	ip, r3, #4
 976 001c 01EB0313 		add	r3, r1, r3, lsl #4
 977              	.LVL89:
 978              		.loc 1 1166 31 view .LVU353
 979 0020 4FF0000E 		mov	lr, #0
 980 0024 01F80CE0 		strb	lr, [r1, ip]
1167:./ucos/Core/os_flag.c ****         pgrp1->OSFlagWaitList = (void *)pgrp2;
 981              		.loc 1 1167 9 is_stmt 1 view .LVU354
 982              		.loc 1 1167 31 is_stmt 0 view .LVU355
 983 0028 5860     		str	r0, [r3, #4]
1168:./ucos/Core/os_flag.c **** #if OS_FLAG_NAME_EN > 0u
1169:./ucos/Core/os_flag.c ****         pgrp1->OSFlagName     = (INT8U *)(void *)"?";               /* Unknown name                
 984              		.loc 1 1169 9 is_stmt 1 view .LVU356
 985              		.loc 1 1169 31 is_stmt 0 view .LVU357
 986 002a 0949     		ldr	r1, .L75+4
 987 002c D960     		str	r1, [r3, #12]
1162:./ucos/Core/os_flag.c ****         ix_next = ix + 1u;
 988              		.loc 1 1162 47 is_stmt 1 discriminator 3 view .LVU358
 989              	.LVL90:
1162:./ucos/Core/os_flag.c ****         ix_next = ix + 1u;
 990              		.loc 1 1162 47 is_stmt 0 discriminator 3 view .LVU359
 991 002e 1346     		mov	r3, r2
 992              	.LVL91:
 993              	.L72:
1162:./ucos/Core/os_flag.c ****         ix_next = ix + 1u;
 994              		.loc 1 1162 22 is_stmt 1 discriminator 1 view .LVU360
 995 0030 032B     		cmp	r3, #3
 996 0032 ECD9     		bls	.L73
1170:./ucos/Core/os_flag.c **** #endif
1171:./ucos/Core/os_flag.c ****     }
1172:./ucos/Core/os_flag.c ****     pgrp1                 = &OSFlagTbl[ix];
 997              		.loc 1 1172 5 view .LVU361
 998              	.LVL92:
1173:./ucos/Core/os_flag.c ****     pgrp1->OSFlagType     = OS_EVENT_TYPE_UNUSED;
 999              		.loc 1 1173 5 view .LVU362
 1000              		.loc 1 1173 27 is_stmt 0 view .LVU363
 1001 0034 054A     		ldr	r2, .L75
 1002 0036 1801     		lsls	r0, r3, #4
 1003 0038 02EB0313 		add	r3, r2, r3, lsl #4
 1004              	.LVL93:
ARM GAS  /tmp/ccjnSGoX.s 			page 44


 1005              		.loc 1 1173 27 view .LVU364
 1006 003c 0021     		movs	r1, #0
 1007 003e 1154     		strb	r1, [r2, r0]
1174:./ucos/Core/os_flag.c ****     pgrp1->OSFlagWaitList = (void *)0;
 1008              		.loc 1 1174 5 is_stmt 1 view .LVU365
 1009              		.loc 1 1174 27 is_stmt 0 view .LVU366
 1010 0040 5960     		str	r1, [r3, #4]
1175:./ucos/Core/os_flag.c **** #if OS_FLAG_NAME_EN > 0u
1176:./ucos/Core/os_flag.c ****     pgrp1->OSFlagName     = (INT8U *)(void *)"?";                   /* Unknown name                
 1011              		.loc 1 1176 5 is_stmt 1 view .LVU367
 1012              		.loc 1 1176 27 is_stmt 0 view .LVU368
 1013 0042 0349     		ldr	r1, .L75+4
 1014 0044 D960     		str	r1, [r3, #12]
1177:./ucos/Core/os_flag.c **** #endif
1178:./ucos/Core/os_flag.c ****     OSFlagFreeList        = &OSFlagTbl[0];
 1015              		.loc 1 1178 5 is_stmt 1 view .LVU369
 1016              		.loc 1 1178 27 is_stmt 0 view .LVU370
 1017 0046 034B     		ldr	r3, .L75+8
 1018              	.LVL94:
 1019              		.loc 1 1178 27 view .LVU371
 1020 0048 1A60     		str	r2, [r3]
1179:./ucos/Core/os_flag.c **** #endif
1180:./ucos/Core/os_flag.c **** }
 1021              		.loc 1 1180 1 view .LVU372
 1022 004a 08BD     		pop	{r3, pc}
 1023              	.L76:
 1024              		.align	2
 1025              	.L75:
 1026 004c 00000000 		.word	OSFlagTbl
 1027 0050 00000000 		.word	.LC0
 1028 0054 00000000 		.word	OSFlagFreeList
 1029              		.cfi_endproc
 1030              	.LFE10:
 1032              		.section	.text.OS_FlagUnlink,"ax",%progbits
 1033              		.align	1
 1034              		.global	OS_FlagUnlink
 1035              		.syntax unified
 1036              		.thumb
 1037              		.thumb_func
 1039              	OS_FlagUnlink:
 1040              	.LVL95:
 1041              	.LFB12:
1181:./ucos/Core/os_flag.c **** 
1182:./ucos/Core/os_flag.c **** 
1183:./ucos/Core/os_flag.c **** /*
1184:./ucos/Core/os_flag.c **** ***************************************************************************************************
1185:./ucos/Core/os_flag.c **** *                              MAKE TASK READY-TO-RUN, EVENT(s) OCCURRED
1186:./ucos/Core/os_flag.c **** *
1187:./ucos/Core/os_flag.c **** * Description: This function is internal to uC/OS-II and is used to make a task ready-to-run becaus
1188:./ucos/Core/os_flag.c **** *              desired event flag bits have been set.
1189:./ucos/Core/os_flag.c **** *
1190:./ucos/Core/os_flag.c **** * Arguments  : pnode         is a pointer to a structure which contains data about the task waiting
1191:./ucos/Core/os_flag.c **** *                            event flag bit(s) to be set.
1192:./ucos/Core/os_flag.c **** *
1193:./ucos/Core/os_flag.c **** *              flags_rdy     contains the bit pattern of the event flags that cause the task to bec
1194:./ucos/Core/os_flag.c **** *                            ready-to-run.
1195:./ucos/Core/os_flag.c **** *
ARM GAS  /tmp/ccjnSGoX.s 			page 45


1196:./ucos/Core/os_flag.c **** *              pend_stat   is used to indicate the readied task's pending status:
1197:./ucos/Core/os_flag.c **** *
1198:./ucos/Core/os_flag.c **** *
1199:./ucos/Core/os_flag.c **** * Returns    : OS_TRUE       If the task has been placed in the ready list and thus needs schedulin
1200:./ucos/Core/os_flag.c **** *              OS_FALSE      The task is still not ready to run and thus scheduling is not necessar
1201:./ucos/Core/os_flag.c **** *
1202:./ucos/Core/os_flag.c **** * Called by  : OSFlagsPost() OS_FLAG.C
1203:./ucos/Core/os_flag.c **** *
1204:./ucos/Core/os_flag.c **** * Note(s)    : 1) This function assumes that interrupts are disabled.
1205:./ucos/Core/os_flag.c **** *              2) This function is INTERNAL to uC/OS-II and your application should not call it.
1206:./ucos/Core/os_flag.c **** ***************************************************************************************************
1207:./ucos/Core/os_flag.c **** */
1208:./ucos/Core/os_flag.c **** 
1209:./ucos/Core/os_flag.c **** static  BOOLEAN  OS_FlagTaskRdy (OS_FLAG_NODE *pnode,
1210:./ucos/Core/os_flag.c ****                                  OS_FLAGS      flags_rdy,
1211:./ucos/Core/os_flag.c ****                                  INT8U         pend_stat)
1212:./ucos/Core/os_flag.c **** {
1213:./ucos/Core/os_flag.c ****     OS_TCB   *ptcb;
1214:./ucos/Core/os_flag.c ****     BOOLEAN   sched;
1215:./ucos/Core/os_flag.c **** 
1216:./ucos/Core/os_flag.c **** 
1217:./ucos/Core/os_flag.c ****     ptcb                 = (OS_TCB *)pnode->OSFlagNodeTCB; /* Point to TCB of waiting task         
1218:./ucos/Core/os_flag.c ****     ptcb->OSTCBDly       = 0u;
1219:./ucos/Core/os_flag.c ****     ptcb->OSTCBFlagsRdy  = flags_rdy;
1220:./ucos/Core/os_flag.c ****     ptcb->OSTCBStat     &= (INT8U)~(INT8U)OS_STAT_FLAG;
1221:./ucos/Core/os_flag.c ****     ptcb->OSTCBStatPend  = pend_stat;
1222:./ucos/Core/os_flag.c ****     if (ptcb->OSTCBStat == OS_STAT_RDY) {                  /* Task now ready?                      
1223:./ucos/Core/os_flag.c ****         OSRdyGrp               |= ptcb->OSTCBBitY;         /* Put task into ready list             
1224:./ucos/Core/os_flag.c ****         OSRdyTbl[ptcb->OSTCBY] |= ptcb->OSTCBBitX;
1225:./ucos/Core/os_flag.c ****         OS_TRACE_TASK_READY(ptcb);
1226:./ucos/Core/os_flag.c ****         sched                   = OS_TRUE;
1227:./ucos/Core/os_flag.c ****     } else {
1228:./ucos/Core/os_flag.c ****         sched                   = OS_FALSE;
1229:./ucos/Core/os_flag.c ****     }
1230:./ucos/Core/os_flag.c ****     OS_FlagUnlink(pnode);
1231:./ucos/Core/os_flag.c ****     return (sched);
1232:./ucos/Core/os_flag.c **** }
1233:./ucos/Core/os_flag.c **** 
1234:./ucos/Core/os_flag.c **** 
1235:./ucos/Core/os_flag.c **** /*
1236:./ucos/Core/os_flag.c **** ***************************************************************************************************
1237:./ucos/Core/os_flag.c **** *                              UNLINK EVENT FLAG NODE FROM WAITING LIST
1238:./ucos/Core/os_flag.c **** *
1239:./ucos/Core/os_flag.c **** * Description: This function is internal to uC/OS-II and is used to unlink an event flag node from 
1240:./ucos/Core/os_flag.c **** *              list of tasks waiting for the event flag.
1241:./ucos/Core/os_flag.c **** *
1242:./ucos/Core/os_flag.c **** * Arguments  : pnode         is a pointer to a structure which contains data about the task waiting
1243:./ucos/Core/os_flag.c **** *                            event flag bit(s) to be set.
1244:./ucos/Core/os_flag.c **** *
1245:./ucos/Core/os_flag.c **** * Returns    : none
1246:./ucos/Core/os_flag.c **** *
1247:./ucos/Core/os_flag.c **** * Called by  : OS_FlagTaskRdy() OS_FLAG.C
1248:./ucos/Core/os_flag.c **** *              OSFlagPend()     OS_FLAG.C
1249:./ucos/Core/os_flag.c **** *              OSTaskDel()      OS_TASK.C
1250:./ucos/Core/os_flag.c **** *
1251:./ucos/Core/os_flag.c **** * Note(s)    : 1) This function assumes that interrupts are disabled.
1252:./ucos/Core/os_flag.c **** *              2) This function is INTERNAL to uC/OS-II and your application should not call it.
ARM GAS  /tmp/ccjnSGoX.s 			page 46


1253:./ucos/Core/os_flag.c **** ***************************************************************************************************
1254:./ucos/Core/os_flag.c **** */
1255:./ucos/Core/os_flag.c **** 
1256:./ucos/Core/os_flag.c **** void  OS_FlagUnlink (OS_FLAG_NODE *pnode)
1257:./ucos/Core/os_flag.c **** {
 1042              		.loc 1 1257 1 is_stmt 1 view -0
 1043              		.cfi_startproc
 1044              		@ args = 0, pretend = 0, frame = 0
 1045              		@ frame_needed = 0, uses_anonymous_args = 0
 1046              		@ link register save eliminated.
1258:./ucos/Core/os_flag.c **** #if OS_TASK_DEL_EN > 0u
1259:./ucos/Core/os_flag.c ****     OS_TCB       *ptcb;
 1047              		.loc 1 1259 5 view .LVU374
1260:./ucos/Core/os_flag.c **** #endif
1261:./ucos/Core/os_flag.c ****     OS_FLAG_GRP  *pgrp;
 1048              		.loc 1 1261 5 view .LVU375
1262:./ucos/Core/os_flag.c ****     OS_FLAG_NODE *pnode_prev;
 1049              		.loc 1 1262 5 view .LVU376
1263:./ucos/Core/os_flag.c ****     OS_FLAG_NODE *pnode_next;
 1050              		.loc 1 1263 5 view .LVU377
1264:./ucos/Core/os_flag.c **** 
1265:./ucos/Core/os_flag.c **** 
1266:./ucos/Core/os_flag.c ****     pnode_prev = (OS_FLAG_NODE *)pnode->OSFlagNodePrev;
 1051              		.loc 1 1266 5 view .LVU378
 1052              		.loc 1 1266 16 is_stmt 0 view .LVU379
 1053 0000 4268     		ldr	r2, [r0, #4]
 1054              	.LVL96:
1267:./ucos/Core/os_flag.c ****     pnode_next = (OS_FLAG_NODE *)pnode->OSFlagNodeNext;
 1055              		.loc 1 1267 5 is_stmt 1 view .LVU380
 1056              		.loc 1 1267 16 is_stmt 0 view .LVU381
 1057 0002 0368     		ldr	r3, [r0]
 1058              	.LVL97:
1268:./ucos/Core/os_flag.c ****     if (pnode_prev == (OS_FLAG_NODE *)0) {                      /* Is it first node in wait list?  
 1059              		.loc 1 1268 5 is_stmt 1 view .LVU382
 1060              		.loc 1 1268 8 is_stmt 0 view .LVU383
 1061 0004 32B1     		cbz	r2, .L80
1269:./ucos/Core/os_flag.c ****         pgrp                 = (OS_FLAG_GRP *)pnode->OSFlagNodeFlagGrp;
1270:./ucos/Core/os_flag.c ****         pgrp->OSFlagWaitList = (void *)pnode_next;              /*      Update list for new 1st nod
1271:./ucos/Core/os_flag.c ****         if (pnode_next != (OS_FLAG_NODE *)0) {
1272:./ucos/Core/os_flag.c ****             pnode_next->OSFlagNodePrev = (OS_FLAG_NODE *)0;     /*      Link new 1st node PREV to N
1273:./ucos/Core/os_flag.c ****         }
1274:./ucos/Core/os_flag.c ****     } else {                                                    /* No,  A node somewhere in the lis
1275:./ucos/Core/os_flag.c ****         pnode_prev->OSFlagNodeNext = pnode_next;                /*      Link around the node to unl
 1062              		.loc 1 1275 9 is_stmt 1 view .LVU384
 1063              		.loc 1 1275 36 is_stmt 0 view .LVU385
 1064 0006 1360     		str	r3, [r2]
1276:./ucos/Core/os_flag.c ****         if (pnode_next != (OS_FLAG_NODE *)0) {                  /*      Was this the LAST node?    
 1065              		.loc 1 1276 9 is_stmt 1 view .LVU386
 1066              		.loc 1 1276 12 is_stmt 0 view .LVU387
 1067 0008 03B1     		cbz	r3, .L79
1277:./ucos/Core/os_flag.c ****             pnode_next->OSFlagNodePrev = pnode_prev;            /*      No, Link around current nod
 1068              		.loc 1 1277 13 is_stmt 1 view .LVU388
 1069              		.loc 1 1277 40 is_stmt 0 view .LVU389
 1070 000a 5A60     		str	r2, [r3, #4]
 1071              	.LVL98:
 1072              	.L79:
1278:./ucos/Core/os_flag.c ****         }
ARM GAS  /tmp/ccjnSGoX.s 			page 47


1279:./ucos/Core/os_flag.c ****     }
1280:./ucos/Core/os_flag.c **** #if OS_TASK_DEL_EN > 0u
1281:./ucos/Core/os_flag.c ****     ptcb                = (OS_TCB *)pnode->OSFlagNodeTCB;
 1073              		.loc 1 1281 5 is_stmt 1 view .LVU390
 1074              		.loc 1 1281 25 is_stmt 0 view .LVU391
 1075 000c 8368     		ldr	r3, [r0, #8]
 1076              	.LVL99:
1282:./ucos/Core/os_flag.c ****     ptcb->OSTCBFlagNode = (OS_FLAG_NODE *)0;
 1077              		.loc 1 1282 5 is_stmt 1 view .LVU392
 1078              		.loc 1 1282 25 is_stmt 0 view .LVU393
 1079 000e 0022     		movs	r2, #0
 1080 0010 DA62     		str	r2, [r3, #44]
1283:./ucos/Core/os_flag.c **** #endif
1284:./ucos/Core/os_flag.c **** }
 1081              		.loc 1 1284 1 view .LVU394
 1082 0012 7047     		bx	lr
 1083              	.LVL100:
 1084              	.L80:
1269:./ucos/Core/os_flag.c ****         pgrp->OSFlagWaitList = (void *)pnode_next;              /*      Update list for new 1st nod
 1085              		.loc 1 1269 9 is_stmt 1 view .LVU395
1269:./ucos/Core/os_flag.c ****         pgrp->OSFlagWaitList = (void *)pnode_next;              /*      Update list for new 1st nod
 1086              		.loc 1 1269 30 is_stmt 0 view .LVU396
 1087 0014 C268     		ldr	r2, [r0, #12]
 1088              	.LVL101:
1270:./ucos/Core/os_flag.c ****         if (pnode_next != (OS_FLAG_NODE *)0) {
 1089              		.loc 1 1270 9 is_stmt 1 view .LVU397
1270:./ucos/Core/os_flag.c ****         if (pnode_next != (OS_FLAG_NODE *)0) {
 1090              		.loc 1 1270 30 is_stmt 0 view .LVU398
 1091 0016 5360     		str	r3, [r2, #4]
 1092              	.LVL102:
1271:./ucos/Core/os_flag.c ****             pnode_next->OSFlagNodePrev = (OS_FLAG_NODE *)0;     /*      Link new 1st node PREV to N
 1093              		.loc 1 1271 9 is_stmt 1 view .LVU399
1271:./ucos/Core/os_flag.c ****             pnode_next->OSFlagNodePrev = (OS_FLAG_NODE *)0;     /*      Link new 1st node PREV to N
 1094              		.loc 1 1271 12 is_stmt 0 view .LVU400
 1095 0018 002B     		cmp	r3, #0
 1096 001a F7D0     		beq	.L79
1272:./ucos/Core/os_flag.c ****         }
 1097              		.loc 1 1272 13 is_stmt 1 view .LVU401
1272:./ucos/Core/os_flag.c ****         }
 1098              		.loc 1 1272 40 is_stmt 0 view .LVU402
 1099 001c 0022     		movs	r2, #0
 1100              	.LVL103:
1272:./ucos/Core/os_flag.c ****         }
 1101              		.loc 1 1272 40 view .LVU403
 1102 001e 5A60     		str	r2, [r3, #4]
 1103 0020 F4E7     		b	.L79
 1104              		.cfi_endproc
 1105              	.LFE12:
 1107              		.section	.text.OS_FlagTaskRdy,"ax",%progbits
 1108              		.align	1
 1109              		.syntax unified
 1110              		.thumb
 1111              		.thumb_func
 1113              	OS_FlagTaskRdy:
 1114              	.LVL104:
 1115              	.LFB11:
1212:./ucos/Core/os_flag.c ****     OS_TCB   *ptcb;
ARM GAS  /tmp/ccjnSGoX.s 			page 48


 1116              		.loc 1 1212 1 is_stmt 1 view -0
 1117              		.cfi_startproc
 1118              		@ args = 0, pretend = 0, frame = 0
 1119              		@ frame_needed = 0, uses_anonymous_args = 0
1212:./ucos/Core/os_flag.c ****     OS_TCB   *ptcb;
 1120              		.loc 1 1212 1 is_stmt 0 view .LVU405
 1121 0000 38B5     		push	{r3, r4, r5, lr}
 1122              	.LCFI8:
 1123              		.cfi_def_cfa_offset 16
 1124              		.cfi_offset 3, -16
 1125              		.cfi_offset 4, -12
 1126              		.cfi_offset 5, -8
 1127              		.cfi_offset 14, -4
 1128 0002 0446     		mov	r4, r0
1213:./ucos/Core/os_flag.c ****     BOOLEAN   sched;
 1129              		.loc 1 1213 5 is_stmt 1 view .LVU406
1214:./ucos/Core/os_flag.c **** 
 1130              		.loc 1 1214 5 view .LVU407
1217:./ucos/Core/os_flag.c ****     ptcb->OSTCBDly       = 0u;
 1131              		.loc 1 1217 5 view .LVU408
1217:./ucos/Core/os_flag.c ****     ptcb->OSTCBDly       = 0u;
 1132              		.loc 1 1217 26 is_stmt 0 view .LVU409
 1133 0004 8068     		ldr	r0, [r0, #8]
 1134              	.LVL105:
1218:./ucos/Core/os_flag.c ****     ptcb->OSTCBFlagsRdy  = flags_rdy;
 1135              		.loc 1 1218 5 is_stmt 1 view .LVU410
1218:./ucos/Core/os_flag.c ****     ptcb->OSTCBFlagsRdy  = flags_rdy;
 1136              		.loc 1 1218 26 is_stmt 0 view .LVU411
 1137 0006 0023     		movs	r3, #0
 1138 0008 4363     		str	r3, [r0, #52]
1219:./ucos/Core/os_flag.c ****     ptcb->OSTCBStat     &= (INT8U)~(INT8U)OS_STAT_FLAG;
 1139              		.loc 1 1219 5 is_stmt 1 view .LVU412
1219:./ucos/Core/os_flag.c ****     ptcb->OSTCBStat     &= (INT8U)~(INT8U)OS_STAT_FLAG;
 1140              		.loc 1 1219 26 is_stmt 0 view .LVU413
 1141 000a 0186     		strh	r1, [r0, #48]	@ movhi
1220:./ucos/Core/os_flag.c ****     ptcb->OSTCBStatPend  = pend_stat;
 1142              		.loc 1 1220 5 is_stmt 1 view .LVU414
1220:./ucos/Core/os_flag.c ****     ptcb->OSTCBStatPend  = pend_stat;
 1143              		.loc 1 1220 9 is_stmt 0 view .LVU415
 1144 000c 90F83830 		ldrb	r3, [r0, #56]	@ zero_extendqisi2
1220:./ucos/Core/os_flag.c ****     ptcb->OSTCBStatPend  = pend_stat;
 1145              		.loc 1 1220 25 view .LVU416
 1146 0010 03F0DF03 		and	r3, r3, #223
 1147 0014 80F83830 		strb	r3, [r0, #56]
1221:./ucos/Core/os_flag.c ****     if (ptcb->OSTCBStat == OS_STAT_RDY) {                  /* Task now ready?                      
 1148              		.loc 1 1221 5 is_stmt 1 view .LVU417
1221:./ucos/Core/os_flag.c ****     if (ptcb->OSTCBStat == OS_STAT_RDY) {                  /* Task now ready?                      
 1149              		.loc 1 1221 26 is_stmt 0 view .LVU418
 1150 0018 80F83920 		strb	r2, [r0, #57]
1222:./ucos/Core/os_flag.c ****         OSRdyGrp               |= ptcb->OSTCBBitY;         /* Put task into ready list             
 1151              		.loc 1 1222 5 is_stmt 1 view .LVU419
1222:./ucos/Core/os_flag.c ****         OSRdyGrp               |= ptcb->OSTCBBitY;         /* Put task into ready list             
 1152              		.loc 1 1222 8 is_stmt 0 view .LVU420
 1153 001c 2BB1     		cbz	r3, .L85
1228:./ucos/Core/os_flag.c ****     }
 1154              		.loc 1 1228 33 view .LVU421
 1155 001e 0025     		movs	r5, #0
ARM GAS  /tmp/ccjnSGoX.s 			page 49


 1156              	.LVL106:
 1157              	.L82:
1230:./ucos/Core/os_flag.c ****     return (sched);
 1158              		.loc 1 1230 5 is_stmt 1 view .LVU422
 1159 0020 2046     		mov	r0, r4
 1160 0022 FFF7FEFF 		bl	OS_FlagUnlink
 1161              	.LVL107:
1231:./ucos/Core/os_flag.c **** }
 1162              		.loc 1 1231 5 view .LVU423
1232:./ucos/Core/os_flag.c **** 
 1163              		.loc 1 1232 1 is_stmt 0 view .LVU424
 1164 0026 2846     		mov	r0, r5
 1165 0028 38BD     		pop	{r3, r4, r5, pc}
 1166              	.LVL108:
 1167              	.L85:
1223:./ucos/Core/os_flag.c ****         OSRdyTbl[ptcb->OSTCBY] |= ptcb->OSTCBBitX;
 1168              		.loc 1 1223 9 is_stmt 1 view .LVU425
1223:./ucos/Core/os_flag.c ****         OSRdyTbl[ptcb->OSTCBY] |= ptcb->OSTCBBitX;
 1169              		.loc 1 1223 39 is_stmt 0 view .LVU426
 1170 002a 90F83E30 		ldrb	r3, [r0, #62]	@ zero_extendqisi2
1223:./ucos/Core/os_flag.c ****         OSRdyTbl[ptcb->OSTCBY] |= ptcb->OSTCBBitX;
 1171              		.loc 1 1223 32 view .LVU427
 1172 002e 084A     		ldr	r2, .L86
 1173              	.LVL109:
1223:./ucos/Core/os_flag.c ****         OSRdyTbl[ptcb->OSTCBY] |= ptcb->OSTCBBitX;
 1174              		.loc 1 1223 32 view .LVU428
 1175 0030 1178     		ldrb	r1, [r2]	@ zero_extendqisi2
 1176              	.LVL110:
1223:./ucos/Core/os_flag.c ****         OSRdyTbl[ptcb->OSTCBY] |= ptcb->OSTCBBitX;
 1177              		.loc 1 1223 32 view .LVU429
 1178 0032 0B43     		orrs	r3, r3, r1
 1179 0034 1370     		strb	r3, [r2]
1224:./ucos/Core/os_flag.c ****         OS_TRACE_TASK_READY(ptcb);
 1180              		.loc 1 1224 9 is_stmt 1 view .LVU430
1224:./ucos/Core/os_flag.c ****         OS_TRACE_TASK_READY(ptcb);
 1181              		.loc 1 1224 22 is_stmt 0 view .LVU431
 1182 0036 90F83C20 		ldrb	r2, [r0, #60]	@ zero_extendqisi2
1224:./ucos/Core/os_flag.c ****         OS_TRACE_TASK_READY(ptcb);
 1183              		.loc 1 1224 17 view .LVU432
 1184 003a 0649     		ldr	r1, .L86+4
 1185 003c 8B5C     		ldrb	r3, [r1, r2]	@ zero_extendqisi2
1224:./ucos/Core/os_flag.c ****         OS_TRACE_TASK_READY(ptcb);
 1186              		.loc 1 1224 39 view .LVU433
 1187 003e 90F83D50 		ldrb	r5, [r0, #61]	@ zero_extendqisi2
1224:./ucos/Core/os_flag.c ****         OS_TRACE_TASK_READY(ptcb);
 1188              		.loc 1 1224 32 view .LVU434
 1189 0042 2B43     		orrs	r3, r3, r5
 1190 0044 8B54     		strb	r3, [r1, r2]
 1191              	.LVL111:
1225:./ucos/Core/os_flag.c ****         sched                   = OS_TRUE;
 1192              		.loc 1 1225 9 is_stmt 1 view .LVU435
 1193 0046 FFF7FEFF 		bl	SYSVIEW_TaskReady
 1194              	.LVL112:
1226:./ucos/Core/os_flag.c ****     } else {
 1195              		.loc 1 1226 9 view .LVU436
1226:./ucos/Core/os_flag.c ****     } else {
 1196              		.loc 1 1226 33 is_stmt 0 view .LVU437
ARM GAS  /tmp/ccjnSGoX.s 			page 50


 1197 004a 0125     		movs	r5, #1
 1198 004c E8E7     		b	.L82
 1199              	.L87:
 1200 004e 00BF     		.align	2
 1201              	.L86:
 1202 0050 00000000 		.word	OSRdyGrp
 1203 0054 00000000 		.word	OSRdyTbl
 1204              		.cfi_endproc
 1205              	.LFE11:
 1207              		.section	.text.OSFlagDel,"ax",%progbits
 1208              		.align	1
 1209              		.global	OSFlagDel
 1210              		.syntax unified
 1211              		.thumb
 1212              		.thumb_func
 1214              	OSFlagDel:
 1215              	.LVL113:
 1216              	.LFB2:
 321:./ucos/Core/os_flag.c ****     BOOLEAN       tasks_waiting;
 1217              		.loc 1 321 1 is_stmt 1 view -0
 1218              		.cfi_startproc
 1219              		@ args = 0, pretend = 0, frame = 0
 1220              		@ frame_needed = 0, uses_anonymous_args = 0
 321:./ucos/Core/os_flag.c ****     BOOLEAN       tasks_waiting;
 1221              		.loc 1 321 1 is_stmt 0 view .LVU439
 1222 0000 2DE9F843 		push	{r3, r4, r5, r6, r7, r8, r9, lr}
 1223              	.LCFI9:
 1224              		.cfi_def_cfa_offset 32
 1225              		.cfi_offset 3, -32
 1226              		.cfi_offset 4, -28
 1227              		.cfi_offset 5, -24
 1228              		.cfi_offset 6, -20
 1229              		.cfi_offset 7, -16
 1230              		.cfi_offset 8, -12
 1231              		.cfi_offset 9, -8
 1232              		.cfi_offset 14, -4
 1233 0004 1546     		mov	r5, r2
 322:./ucos/Core/os_flag.c ****     OS_FLAG_NODE *pnode;
 1234              		.loc 1 322 5 is_stmt 1 view .LVU440
 323:./ucos/Core/os_flag.c ****     OS_FLAG_GRP  *pgrp_return;
 1235              		.loc 1 323 5 view .LVU441
 324:./ucos/Core/os_flag.c **** #if OS_CRITICAL_METHOD == 3u                               /* Allocate storage for CPU status regis
 1236              		.loc 1 324 5 view .LVU442
 326:./ucos/Core/os_flag.c **** #endif
 1237              		.loc 1 326 5 view .LVU443
 1238              	.LVL114:
 346:./ucos/Core/os_flag.c ****         *perr = OS_ERR_FLAG_INVALID_PGRP;
 1239              		.loc 1 346 5 view .LVU444
 346:./ucos/Core/os_flag.c ****         *perr = OS_ERR_FLAG_INVALID_PGRP;
 1240              		.loc 1 346 8 is_stmt 0 view .LVU445
 1241 0006 0746     		mov	r7, r0
 1242 0008 B8B1     		cbz	r0, .L103
 1243 000a 0E46     		mov	r6, r1
 352:./ucos/Core/os_flag.c **** 
 1244              		.loc 1 352 5 is_stmt 1 view .LVU446
 1245 000c FFF7FEFF 		bl	SEGGER_SYSVIEW_ShrinkId
 1246              	.LVL115:
ARM GAS  /tmp/ccjnSGoX.s 			page 51


 352:./ucos/Core/os_flag.c **** 
 1247              		.loc 1 352 5 is_stmt 0 view .LVU447
 1248 0010 0146     		mov	r1, r0
 352:./ucos/Core/os_flag.c **** 
 1249              		.loc 1 352 5 discriminator 1 view .LVU448
 1250 0012 3246     		mov	r2, r6
 1251 0014 3920     		movs	r0, #57
 1252 0016 FFF7FEFF 		bl	SEGGER_SYSVIEW_RecordU32x2
 1253              	.LVL116:
 354:./ucos/Core/os_flag.c ****         *perr = OS_ERR_DEL_ISR;                            /* ... can't DELETE from an ISR         
 1254              		.loc 1 354 5 is_stmt 1 view .LVU449
 354:./ucos/Core/os_flag.c ****         *perr = OS_ERR_DEL_ISR;                            /* ... can't DELETE from an ISR         
 1255              		.loc 1 354 22 is_stmt 0 view .LVU450
 1256 001a 334B     		ldr	r3, .L106
 1257 001c 93F80080 		ldrb	r8, [r3]	@ zero_extendqisi2
 354:./ucos/Core/os_flag.c ****         *perr = OS_ERR_DEL_ISR;                            /* ... can't DELETE from an ISR         
 1258              		.loc 1 354 8 view .LVU451
 1259 0020 B8F1000F 		cmp	r8, #0
 1260 0024 0FD1     		bne	.L104
 359:./ucos/Core/os_flag.c ****         *perr = OS_ERR_EVENT_TYPE;
 1261              		.loc 1 359 5 is_stmt 1 view .LVU452
 359:./ucos/Core/os_flag.c ****         *perr = OS_ERR_EVENT_TYPE;
 1262              		.loc 1 359 13 is_stmt 0 view .LVU453
 1263 0026 3B78     		ldrb	r3, [r7]	@ zero_extendqisi2
 359:./ucos/Core/os_flag.c ****         *perr = OS_ERR_EVENT_TYPE;
 1264              		.loc 1 359 8 view .LVU454
 1265 0028 052B     		cmp	r3, #5
 1266 002a 13D0     		beq	.L92
 360:./ucos/Core/os_flag.c ****         OS_TRACE_FLAG_DEL_EXIT(*perr);
 1267              		.loc 1 360 9 is_stmt 1 view .LVU455
 360:./ucos/Core/os_flag.c ****         OS_TRACE_FLAG_DEL_EXIT(*perr);
 1268              		.loc 1 360 15 is_stmt 0 view .LVU456
 1269 002c 0121     		movs	r1, #1
 1270 002e 2970     		strb	r1, [r5]
 361:./ucos/Core/os_flag.c ****         return (pgrp);
 1271              		.loc 1 361 9 is_stmt 1 view .LVU457
 1272 0030 3920     		movs	r0, #57
 1273 0032 FFF7FEFF 		bl	SEGGER_SYSVIEW_RecordEndCallU32
 1274              	.LVL117:
 362:./ucos/Core/os_flag.c ****     }
 1275              		.loc 1 362 9 view .LVU458
 362:./ucos/Core/os_flag.c ****     }
 1276              		.loc 1 362 16 is_stmt 0 view .LVU459
 1277 0036 3C46     		mov	r4, r7
 1278 0038 02E0     		b	.L88
 1279              	.LVL118:
 1280              	.L103:
 347:./ucos/Core/os_flag.c ****         return (pgrp);
 1281              		.loc 1 347 9 is_stmt 1 view .LVU460
 347:./ucos/Core/os_flag.c ****         return (pgrp);
 1282              		.loc 1 347 15 is_stmt 0 view .LVU461
 1283 003a 6E23     		movs	r3, #110
 1284 003c 1370     		strb	r3, [r2]
 348:./ucos/Core/os_flag.c ****     }
 1285              		.loc 1 348 9 is_stmt 1 view .LVU462
 348:./ucos/Core/os_flag.c ****     }
 1286              		.loc 1 348 16 is_stmt 0 view .LVU463
ARM GAS  /tmp/ccjnSGoX.s 			page 52


 1287 003e 0446     		mov	r4, r0
 1288              	.LVL119:
 1289              	.L88:
 421:./ucos/Core/os_flag.c **** #endif
 1290              		.loc 1 421 1 view .LVU464
 1291 0040 2046     		mov	r0, r4
 1292 0042 BDE8F883 		pop	{r3, r4, r5, r6, r7, r8, r9, pc}
 1293              	.LVL120:
 1294              	.L104:
 355:./ucos/Core/os_flag.c ****         OS_TRACE_FLAG_DEL_EXIT(*perr);
 1295              		.loc 1 355 9 is_stmt 1 view .LVU465
 355:./ucos/Core/os_flag.c ****         OS_TRACE_FLAG_DEL_EXIT(*perr);
 1296              		.loc 1 355 15 is_stmt 0 view .LVU466
 1297 0046 0F21     		movs	r1, #15
 1298 0048 2970     		strb	r1, [r5]
 356:./ucos/Core/os_flag.c ****         return (pgrp);
 1299              		.loc 1 356 9 is_stmt 1 view .LVU467
 1300 004a 3920     		movs	r0, #57
 1301 004c FFF7FEFF 		bl	SEGGER_SYSVIEW_RecordEndCallU32
 1302              	.LVL121:
 357:./ucos/Core/os_flag.c ****     }
 1303              		.loc 1 357 9 view .LVU468
 357:./ucos/Core/os_flag.c ****     }
 1304              		.loc 1 357 16 is_stmt 0 view .LVU469
 1305 0050 3C46     		mov	r4, r7
 1306 0052 F5E7     		b	.L88
 1307              	.L92:
 364:./ucos/Core/os_flag.c ****     if (pgrp->OSFlagWaitList != (void *)0) {               /* See if any tasks waiting on event fla
 1308              		.loc 1 364 5 is_stmt 1 view .LVU470
 364:./ucos/Core/os_flag.c ****     if (pgrp->OSFlagWaitList != (void *)0) {               /* See if any tasks waiting on event fla
 1309              		.loc 1 364 5 view .LVU471
 1310 0054 FFF7FEFF 		bl	OS_CPU_SR_Save
 1311              	.LVL122:
 1312 0058 8146     		mov	r9, r0
 1313              	.LVL123:
 364:./ucos/Core/os_flag.c ****     if (pgrp->OSFlagWaitList != (void *)0) {               /* See if any tasks waiting on event fla
 1314              		.loc 1 364 5 discriminator 1 view .LVU472
 365:./ucos/Core/os_flag.c ****         tasks_waiting = OS_TRUE;                           /* Yes                                  
 1315              		.loc 1 365 5 view .LVU473
 365:./ucos/Core/os_flag.c ****         tasks_waiting = OS_TRUE;                           /* Yes                                  
 1316              		.loc 1 365 13 is_stmt 0 view .LVU474
 1317 005a 7C68     		ldr	r4, [r7, #4]
 365:./ucos/Core/os_flag.c ****         tasks_waiting = OS_TRUE;                           /* Yes                                  
 1318              		.loc 1 365 8 view .LVU475
 1319 005c 0CB1     		cbz	r4, .L93
 366:./ucos/Core/os_flag.c ****     } else {
 1320              		.loc 1 366 23 view .LVU476
 1321 005e 4FF00108 		mov	r8, #1
 1322              	.L93:
 1323              	.LVL124:
 370:./ucos/Core/os_flag.c ****         case OS_DEL_NO_PEND:                               /* Delete group if no task waiting      
 1324              		.loc 1 370 5 is_stmt 1 view .LVU477
 1325 0062 46B1     		cbz	r6, .L94
 1326 0064 012E     		cmp	r6, #1
 1327 0066 24D0     		beq	.L95
 412:./ucos/Core/os_flag.c ****              *perr                = OS_ERR_INVALID_OPT;
 1328              		.loc 1 412 14 view .LVU478
ARM GAS  /tmp/ccjnSGoX.s 			page 53


 412:./ucos/Core/os_flag.c ****              *perr                = OS_ERR_INVALID_OPT;
 1329              		.loc 1 412 14 view .LVU479
 1330 0068 4846     		mov	r0, r9
 1331              	.LVL125:
 412:./ucos/Core/os_flag.c ****              *perr                = OS_ERR_INVALID_OPT;
 1332              		.loc 1 412 14 is_stmt 0 view .LVU480
 1333 006a FFF7FEFF 		bl	OS_CPU_SR_Restore
 1334              	.LVL126:
 412:./ucos/Core/os_flag.c ****              *perr                = OS_ERR_INVALID_OPT;
 1335              		.loc 1 412 14 is_stmt 1 discriminator 1 view .LVU481
 413:./ucos/Core/os_flag.c ****              pgrp_return          = pgrp;
 1336              		.loc 1 413 14 view .LVU482
 413:./ucos/Core/os_flag.c ****              pgrp_return          = pgrp;
 1337              		.loc 1 413 35 is_stmt 0 view .LVU483
 1338 006e 0723     		movs	r3, #7
 1339 0070 2B70     		strb	r3, [r5]
 414:./ucos/Core/os_flag.c ****              break;
 1340              		.loc 1 414 14 is_stmt 1 view .LVU484
 1341              	.LVL127:
 415:./ucos/Core/os_flag.c ****     }
 1342              		.loc 1 415 14 view .LVU485
 414:./ucos/Core/os_flag.c ****              break;
 1343              		.loc 1 414 35 is_stmt 0 view .LVU486
 1344 0072 3C46     		mov	r4, r7
 415:./ucos/Core/os_flag.c ****     }
 1345              		.loc 1 415 14 view .LVU487
 1346 0074 30E0     		b	.L98
 1347              	.LVL128:
 1348              	.L94:
 372:./ucos/Core/os_flag.c **** #if OS_FLAG_NAME_EN > 0u
 1349              		.loc 1 372 14 is_stmt 1 view .LVU488
 372:./ucos/Core/os_flag.c **** #if OS_FLAG_NAME_EN > 0u
 1350              		.loc 1 372 17 is_stmt 0 view .LVU489
 1351 0076 B8F1000F 		cmp	r8, #0
 1352 007a 0DD1     		bne	.L97
 374:./ucos/Core/os_flag.c **** #endif
 1353              		.loc 1 374 18 is_stmt 1 view .LVU490
 374:./ucos/Core/os_flag.c **** #endif
 1354              		.loc 1 374 39 is_stmt 0 view .LVU491
 1355 007c 1B4B     		ldr	r3, .L106+4
 1356 007e FB60     		str	r3, [r7, #12]
 376:./ucos/Core/os_flag.c ****                  pgrp->OSFlagWaitList = (void *)OSFlagFreeList; /* Return group to free list       
 1357              		.loc 1 376 18 is_stmt 1 view .LVU492
 376:./ucos/Core/os_flag.c ****                  pgrp->OSFlagWaitList = (void *)OSFlagFreeList; /* Return group to free list       
 1358              		.loc 1 376 39 is_stmt 0 view .LVU493
 1359 0080 0024     		movs	r4, #0
 1360 0082 3C70     		strb	r4, [r7]
 377:./ucos/Core/os_flag.c ****                  pgrp->OSFlagFlags    = (OS_FLAGS)0;
 1361              		.loc 1 377 18 is_stmt 1 view .LVU494
 377:./ucos/Core/os_flag.c ****                  pgrp->OSFlagFlags    = (OS_FLAGS)0;
 1362              		.loc 1 377 39 is_stmt 0 view .LVU495
 1363 0084 1A4B     		ldr	r3, .L106+8
 1364 0086 1A68     		ldr	r2, [r3]
 1365 0088 7A60     		str	r2, [r7, #4]
 378:./ucos/Core/os_flag.c ****                  OSFlagFreeList       = pgrp;
 1366              		.loc 1 378 18 is_stmt 1 view .LVU496
 378:./ucos/Core/os_flag.c ****                  OSFlagFreeList       = pgrp;
ARM GAS  /tmp/ccjnSGoX.s 			page 54


 1367              		.loc 1 378 39 is_stmt 0 view .LVU497
 1368 008a 3C81     		strh	r4, [r7, #8]	@ movhi
 379:./ucos/Core/os_flag.c ****                  OS_EXIT_CRITICAL();
 1369              		.loc 1 379 18 is_stmt 1 view .LVU498
 379:./ucos/Core/os_flag.c ****                  OS_EXIT_CRITICAL();
 1370              		.loc 1 379 39 is_stmt 0 view .LVU499
 1371 008c 1F60     		str	r7, [r3]
 380:./ucos/Core/os_flag.c ****                  *perr                = OS_ERR_NONE;
 1372              		.loc 1 380 18 is_stmt 1 view .LVU500
 380:./ucos/Core/os_flag.c ****                  *perr                = OS_ERR_NONE;
 1373              		.loc 1 380 18 view .LVU501
 1374 008e 4846     		mov	r0, r9
 1375              	.LVL129:
 380:./ucos/Core/os_flag.c ****                  *perr                = OS_ERR_NONE;
 1376              		.loc 1 380 18 is_stmt 0 view .LVU502
 1377 0090 FFF7FEFF 		bl	OS_CPU_SR_Restore
 1378              	.LVL130:
 380:./ucos/Core/os_flag.c ****                  *perr                = OS_ERR_NONE;
 1379              		.loc 1 380 18 is_stmt 1 discriminator 1 view .LVU503
 381:./ucos/Core/os_flag.c ****                  pgrp_return          = (OS_FLAG_GRP *)0;  /* Event Flag Group has been deleted    
 1380              		.loc 1 381 18 view .LVU504
 381:./ucos/Core/os_flag.c ****                  pgrp_return          = (OS_FLAG_GRP *)0;  /* Event Flag Group has been deleted    
 1381              		.loc 1 381 39 is_stmt 0 view .LVU505
 1382 0094 2C70     		strb	r4, [r5]
 382:./ucos/Core/os_flag.c ****              } else {
 1383              		.loc 1 382 18 is_stmt 1 view .LVU506
 1384              	.LVL131:
 382:./ucos/Core/os_flag.c ****              } else {
 1385              		.loc 1 382 18 is_stmt 0 view .LVU507
 1386 0096 1FE0     		b	.L98
 1387              	.LVL132:
 1388              	.L97:
 384:./ucos/Core/os_flag.c ****                  *perr                = OS_ERR_TASK_WAITING;
 1389              		.loc 1 384 18 is_stmt 1 view .LVU508
 384:./ucos/Core/os_flag.c ****                  *perr                = OS_ERR_TASK_WAITING;
 1390              		.loc 1 384 18 view .LVU509
 1391 0098 4846     		mov	r0, r9
 1392              	.LVL133:
 384:./ucos/Core/os_flag.c ****                  *perr                = OS_ERR_TASK_WAITING;
 1393              		.loc 1 384 18 is_stmt 0 view .LVU510
 1394 009a FFF7FEFF 		bl	OS_CPU_SR_Restore
 1395              	.LVL134:
 384:./ucos/Core/os_flag.c ****                  *perr                = OS_ERR_TASK_WAITING;
 1396              		.loc 1 384 18 is_stmt 1 discriminator 1 view .LVU511
 385:./ucos/Core/os_flag.c ****                  pgrp_return          = pgrp;
 1397              		.loc 1 385 18 view .LVU512
 385:./ucos/Core/os_flag.c ****                  pgrp_return          = pgrp;
 1398              		.loc 1 385 39 is_stmt 0 view .LVU513
 1399 009e 4923     		movs	r3, #73
 1400 00a0 2B70     		strb	r3, [r5]
 386:./ucos/Core/os_flag.c ****              }
 1401              		.loc 1 386 18 is_stmt 1 view .LVU514
 1402              	.LVL135:
 386:./ucos/Core/os_flag.c ****              }
 1403              		.loc 1 386 39 is_stmt 0 view .LVU515
 1404 00a2 3C46     		mov	r4, r7
 1405 00a4 18E0     		b	.L98
ARM GAS  /tmp/ccjnSGoX.s 			page 55


 1406              	.LVL136:
 1407              	.L99:
 393:./ucos/Core/os_flag.c ****                  pnode = (OS_FLAG_NODE *)pnode->OSFlagNodeNext;
 1408              		.loc 1 393 18 is_stmt 1 view .LVU516
 393:./ucos/Core/os_flag.c ****                  pnode = (OS_FLAG_NODE *)pnode->OSFlagNodeNext;
 1409              		.loc 1 393 24 is_stmt 0 view .LVU517
 1410 00a6 0222     		movs	r2, #2
 1411 00a8 0021     		movs	r1, #0
 1412 00aa 2046     		mov	r0, r4
 1413 00ac FFF7FEFF 		bl	OS_FlagTaskRdy
 1414              	.LVL137:
 394:./ucos/Core/os_flag.c ****              }
 1415              		.loc 1 394 18 is_stmt 1 view .LVU518
 394:./ucos/Core/os_flag.c ****              }
 1416              		.loc 1 394 24 is_stmt 0 view .LVU519
 1417 00b0 2468     		ldr	r4, [r4]
 1418              	.LVL138:
 1419              	.L95:
 392:./ucos/Core/os_flag.c ****                  (void)OS_FlagTaskRdy(pnode, (OS_FLAGS)0, OS_STAT_PEND_ABORT);
 1420              		.loc 1 392 27 is_stmt 1 view .LVU520
 1421 00b2 002C     		cmp	r4, #0
 1422 00b4 F7D1     		bne	.L99
 397:./ucos/Core/os_flag.c **** #endif
 1423              		.loc 1 397 14 view .LVU521
 397:./ucos/Core/os_flag.c **** #endif
 1424              		.loc 1 397 35 is_stmt 0 view .LVU522
 1425 00b6 0D4B     		ldr	r3, .L106+4
 1426 00b8 FB60     		str	r3, [r7, #12]
 399:./ucos/Core/os_flag.c ****              pgrp->OSFlagWaitList = (void *)OSFlagFreeList;/* Return group to free list            
 1427              		.loc 1 399 14 is_stmt 1 view .LVU523
 399:./ucos/Core/os_flag.c ****              pgrp->OSFlagWaitList = (void *)OSFlagFreeList;/* Return group to free list            
 1428              		.loc 1 399 35 is_stmt 0 view .LVU524
 1429 00ba 0022     		movs	r2, #0
 1430 00bc 3A70     		strb	r2, [r7]
 400:./ucos/Core/os_flag.c ****              pgrp->OSFlagFlags    = (OS_FLAGS)0;
 1431              		.loc 1 400 14 is_stmt 1 view .LVU525
 400:./ucos/Core/os_flag.c ****              pgrp->OSFlagFlags    = (OS_FLAGS)0;
 1432              		.loc 1 400 35 is_stmt 0 view .LVU526
 1433 00be 0C4B     		ldr	r3, .L106+8
 1434 00c0 1968     		ldr	r1, [r3]
 1435 00c2 7960     		str	r1, [r7, #4]
 401:./ucos/Core/os_flag.c ****              OSFlagFreeList       = pgrp;
 1436              		.loc 1 401 14 is_stmt 1 view .LVU527
 401:./ucos/Core/os_flag.c ****              OSFlagFreeList       = pgrp;
 1437              		.loc 1 401 35 is_stmt 0 view .LVU528
 1438 00c4 3A81     		strh	r2, [r7, #8]	@ movhi
 402:./ucos/Core/os_flag.c ****              OS_EXIT_CRITICAL();
 1439              		.loc 1 402 14 is_stmt 1 view .LVU529
 402:./ucos/Core/os_flag.c ****              OS_EXIT_CRITICAL();
 1440              		.loc 1 402 35 is_stmt 0 view .LVU530
 1441 00c6 1F60     		str	r7, [r3]
 403:./ucos/Core/os_flag.c ****              if (tasks_waiting == OS_TRUE) {               /* Reschedule only if task(s) were waiti
 1442              		.loc 1 403 14 is_stmt 1 view .LVU531
 403:./ucos/Core/os_flag.c ****              if (tasks_waiting == OS_TRUE) {               /* Reschedule only if task(s) were waiti
 1443              		.loc 1 403 14 view .LVU532
 1444 00c8 4846     		mov	r0, r9
 1445 00ca FFF7FEFF 		bl	OS_CPU_SR_Restore
ARM GAS  /tmp/ccjnSGoX.s 			page 56


 1446              	.LVL139:
 403:./ucos/Core/os_flag.c ****              if (tasks_waiting == OS_TRUE) {               /* Reschedule only if task(s) were waiti
 1447              		.loc 1 403 14 discriminator 1 view .LVU533
 404:./ucos/Core/os_flag.c ****                  OS_Sched();                               /* Find highest priority task ready to r
 1448              		.loc 1 404 14 view .LVU534
 404:./ucos/Core/os_flag.c ****                  OS_Sched();                               /* Find highest priority task ready to r
 1449              		.loc 1 404 17 is_stmt 0 view .LVU535
 1450 00ce B8F1010F 		cmp	r8, #1
 1451 00d2 06D0     		beq	.L105
 1452              	.L100:
 407:./ucos/Core/os_flag.c ****              pgrp_return          = (OS_FLAG_GRP *)0;      /* Event Flag Group has been deleted    
 1453              		.loc 1 407 14 is_stmt 1 view .LVU536
 407:./ucos/Core/os_flag.c ****              pgrp_return          = (OS_FLAG_GRP *)0;      /* Event Flag Group has been deleted    
 1454              		.loc 1 407 20 is_stmt 0 view .LVU537
 1455 00d4 0023     		movs	r3, #0
 1456 00d6 2B70     		strb	r3, [r5]
 408:./ucos/Core/os_flag.c ****              break;
 1457              		.loc 1 408 14 is_stmt 1 view .LVU538
 1458              	.LVL140:
 409:./ucos/Core/os_flag.c **** 
 1459              		.loc 1 409 14 view .LVU539
 1460              	.L98:
 418:./ucos/Core/os_flag.c **** 
 1461              		.loc 1 418 5 view .LVU540
 1462 00d8 2978     		ldrb	r1, [r5]	@ zero_extendqisi2
 1463 00da 3920     		movs	r0, #57
 1464 00dc FFF7FEFF 		bl	SEGGER_SYSVIEW_RecordEndCallU32
 1465              	.LVL141:
 420:./ucos/Core/os_flag.c **** }
 1466              		.loc 1 420 5 view .LVU541
 420:./ucos/Core/os_flag.c **** }
 1467              		.loc 1 420 12 is_stmt 0 view .LVU542
 1468 00e0 AEE7     		b	.L88
 1469              	.LVL142:
 1470              	.L105:
 405:./ucos/Core/os_flag.c ****              }
 1471              		.loc 1 405 18 is_stmt 1 view .LVU543
 1472 00e2 FFF7FEFF 		bl	OS_Sched
 1473              	.LVL143:
 1474 00e6 F5E7     		b	.L100
 1475              	.L107:
 1476              		.align	2
 1477              	.L106:
 1478 00e8 00000000 		.word	OSIntNesting
 1479 00ec 00000000 		.word	.LC0
 1480 00f0 00000000 		.word	OSFlagFreeList
 1481              		.cfi_endproc
 1482              	.LFE2:
 1484              		.section	.text.OSFlagPost,"ax",%progbits
 1485              		.align	1
 1486              		.global	OSFlagPost
 1487              		.syntax unified
 1488              		.thumb
 1489              		.thumb_func
 1491              	OSFlagPost:
 1492              	.LVL144:
 1493              	.LFB7:
ARM GAS  /tmp/ccjnSGoX.s 			page 57


 881:./ucos/Core/os_flag.c ****     OS_FLAG_NODE *pnode;
 1494              		.loc 1 881 1 view -0
 1495              		.cfi_startproc
 1496              		@ args = 0, pretend = 0, frame = 0
 1497              		@ frame_needed = 0, uses_anonymous_args = 0
 881:./ucos/Core/os_flag.c ****     OS_FLAG_NODE *pnode;
 1498              		.loc 1 881 1 is_stmt 0 view .LVU545
 1499 0000 2DE9F041 		push	{r4, r5, r6, r7, r8, lr}
 1500              	.LCFI10:
 1501              		.cfi_def_cfa_offset 24
 1502              		.cfi_offset 4, -24
 1503              		.cfi_offset 5, -20
 1504              		.cfi_offset 6, -16
 1505              		.cfi_offset 7, -12
 1506              		.cfi_offset 8, -8
 1507              		.cfi_offset 14, -4
 1508 0004 1E46     		mov	r6, r3
 882:./ucos/Core/os_flag.c ****     BOOLEAN       sched;
 1509              		.loc 1 882 5 is_stmt 1 view .LVU546
 883:./ucos/Core/os_flag.c ****     OS_FLAGS      flags_cur;
 1510              		.loc 1 883 5 view .LVU547
 884:./ucos/Core/os_flag.c ****     OS_FLAGS      flags_rdy;
 1511              		.loc 1 884 5 view .LVU548
 885:./ucos/Core/os_flag.c ****     BOOLEAN       rdy;
 1512              		.loc 1 885 5 view .LVU549
 886:./ucos/Core/os_flag.c **** #if OS_CRITICAL_METHOD == 3u                         /* Allocate storage for CPU status register   
 1513              		.loc 1 886 5 view .LVU550
 888:./ucos/Core/os_flag.c **** #endif
 1514              		.loc 1 888 5 view .LVU551
 1515              	.LVL145:
 900:./ucos/Core/os_flag.c ****         *perr = OS_ERR_FLAG_INVALID_PGRP;
 1516              		.loc 1 900 5 view .LVU552
 900:./ucos/Core/os_flag.c ****         *perr = OS_ERR_FLAG_INVALID_PGRP;
 1517              		.loc 1 900 8 is_stmt 0 view .LVU553
 1518 0006 B0B1     		cbz	r0, .L132
 1519 0008 8846     		mov	r8, r1
 1520 000a 1446     		mov	r4, r2
 1521 000c 0546     		mov	r5, r0
 906:./ucos/Core/os_flag.c **** 
 1522              		.loc 1 906 5 is_stmt 1 view .LVU554
 1523 000e FFF7FEFF 		bl	SEGGER_SYSVIEW_ShrinkId
 1524              	.LVL146:
 906:./ucos/Core/os_flag.c **** 
 1525              		.loc 1 906 5 is_stmt 0 view .LVU555
 1526 0012 0146     		mov	r1, r0
 906:./ucos/Core/os_flag.c **** 
 1527              		.loc 1 906 5 discriminator 1 view .LVU556
 1528 0014 2346     		mov	r3, r4
 1529 0016 4246     		mov	r2, r8
 1530 0018 3A20     		movs	r0, #58
 1531 001a FFF7FEFF 		bl	SEGGER_SYSVIEW_RecordU32x3
 1532              	.LVL147:
 908:./ucos/Core/os_flag.c ****         *perr = OS_ERR_EVENT_TYPE;
 1533              		.loc 1 908 5 is_stmt 1 view .LVU557
 908:./ucos/Core/os_flag.c ****         *perr = OS_ERR_EVENT_TYPE;
 1534              		.loc 1 908 13 is_stmt 0 view .LVU558
 1535 001e 2B78     		ldrb	r3, [r5]	@ zero_extendqisi2
ARM GAS  /tmp/ccjnSGoX.s 			page 58


 908:./ucos/Core/os_flag.c ****         *perr = OS_ERR_EVENT_TYPE;
 1536              		.loc 1 908 8 view .LVU559
 1537 0020 052B     		cmp	r3, #5
 1538 0022 0CD0     		beq	.L111
 909:./ucos/Core/os_flag.c ****         OS_TRACE_FLAG_POST_EXIT(*perr);
 1539              		.loc 1 909 9 is_stmt 1 view .LVU560
 909:./ucos/Core/os_flag.c ****         OS_TRACE_FLAG_POST_EXIT(*perr);
 1540              		.loc 1 909 15 is_stmt 0 view .LVU561
 1541 0024 0121     		movs	r1, #1
 1542 0026 3170     		strb	r1, [r6]
 910:./ucos/Core/os_flag.c ****         return ((OS_FLAGS)0);
 1543              		.loc 1 910 9 is_stmt 1 view .LVU562
 1544 0028 3A20     		movs	r0, #58
 1545 002a FFF7FEFF 		bl	SEGGER_SYSVIEW_RecordEndCallU32
 1546              	.LVL148:
 911:./ucos/Core/os_flag.c ****     }
 1547              		.loc 1 911 9 view .LVU563
 911:./ucos/Core/os_flag.c ****     }
 1548              		.loc 1 911 16 is_stmt 0 view .LVU564
 1549 002e 0024     		movs	r4, #0
 1550              	.LVL149:
 1551              	.L110:
 994:./ucos/Core/os_flag.c **** 
 1552              		.loc 1 994 1 view .LVU565
 1553 0030 2046     		mov	r0, r4
 1554 0032 BDE8F081 		pop	{r4, r5, r6, r7, r8, pc}
 1555              	.LVL150:
 1556              	.L132:
 901:./ucos/Core/os_flag.c ****         return ((OS_FLAGS)0);
 1557              		.loc 1 901 9 is_stmt 1 view .LVU566
 901:./ucos/Core/os_flag.c ****         return ((OS_FLAGS)0);
 1558              		.loc 1 901 15 is_stmt 0 view .LVU567
 1559 0036 6E23     		movs	r3, #110
 1560              	.LVL151:
 901:./ucos/Core/os_flag.c ****         return ((OS_FLAGS)0);
 1561              		.loc 1 901 15 view .LVU568
 1562 0038 3370     		strb	r3, [r6]
 902:./ucos/Core/os_flag.c ****     }
 1563              		.loc 1 902 9 is_stmt 1 view .LVU569
 902:./ucos/Core/os_flag.c ****     }
 1564              		.loc 1 902 16 is_stmt 0 view .LVU570
 1565 003a 0024     		movs	r4, #0
 1566 003c F8E7     		b	.L110
 1567              	.LVL152:
 1568              	.L111:
 914:./ucos/Core/os_flag.c ****     switch (opt) {
 1569              		.loc 1 914 5 is_stmt 1 view .LVU571
 914:./ucos/Core/os_flag.c ****     switch (opt) {
 1570              		.loc 1 914 5 view .LVU572
 1571 003e FFF7FEFF 		bl	OS_CPU_SR_Save
 1572              	.LVL153:
 1573 0042 0746     		mov	r7, r0
 1574              	.LVL154:
 914:./ucos/Core/os_flag.c ****     switch (opt) {
 1575              		.loc 1 914 5 discriminator 1 view .LVU573
 915:./ucos/Core/os_flag.c ****         case OS_FLAG_CLR:
 1576              		.loc 1 915 5 view .LVU574
ARM GAS  /tmp/ccjnSGoX.s 			page 59


 1577 0044 54B1     		cbz	r4, .L112
 1578 0046 012C     		cmp	r4, #1
 1579 0048 10D0     		beq	.L113
 925:./ucos/Core/os_flag.c ****              *perr = OS_ERR_FLAG_INVALID_OPT;
 1580              		.loc 1 925 14 view .LVU575
 925:./ucos/Core/os_flag.c ****              *perr = OS_ERR_FLAG_INVALID_OPT;
 1581              		.loc 1 925 14 view .LVU576
 1582 004a FFF7FEFF 		bl	OS_CPU_SR_Restore
 1583              	.LVL155:
 925:./ucos/Core/os_flag.c ****              *perr = OS_ERR_FLAG_INVALID_OPT;
 1584              		.loc 1 925 14 discriminator 1 view .LVU577
 926:./ucos/Core/os_flag.c ****              OS_TRACE_FLAG_POST_EXIT(*perr);
 1585              		.loc 1 926 14 view .LVU578
 926:./ucos/Core/os_flag.c ****              OS_TRACE_FLAG_POST_EXIT(*perr);
 1586              		.loc 1 926 20 is_stmt 0 view .LVU579
 1587 004e 7121     		movs	r1, #113
 1588 0050 3170     		strb	r1, [r6]
 927:./ucos/Core/os_flag.c ****              return ((OS_FLAGS)0);
 1589              		.loc 1 927 14 is_stmt 1 view .LVU580
 1590 0052 3A20     		movs	r0, #58
 1591 0054 FFF7FEFF 		bl	SEGGER_SYSVIEW_RecordEndCallU32
 1592              	.LVL156:
 928:./ucos/Core/os_flag.c ****     }
 1593              		.loc 1 928 14 view .LVU581
 928:./ucos/Core/os_flag.c ****     }
 1594              		.loc 1 928 21 is_stmt 0 view .LVU582
 1595 0058 0024     		movs	r4, #0
 1596              	.LVL157:
 928:./ucos/Core/os_flag.c ****     }
 1597              		.loc 1 928 21 view .LVU583
 1598 005a E9E7     		b	.L110
 1599              	.LVL158:
 1600              	.L112:
 917:./ucos/Core/os_flag.c ****              break;
 1601              		.loc 1 917 14 is_stmt 1 view .LVU584
 917:./ucos/Core/os_flag.c ****              break;
 1602              		.loc 1 917 18 is_stmt 0 view .LVU585
 1603 005c 2B89     		ldrh	r3, [r5, #8]
 917:./ucos/Core/os_flag.c ****              break;
 1604              		.loc 1 917 32 view .LVU586
 1605 005e 23EA0803 		bic	r3, r3, r8
 1606 0062 2B81     		strh	r3, [r5, #8]	@ movhi
 918:./ucos/Core/os_flag.c **** 
 1607              		.loc 1 918 14 is_stmt 1 view .LVU587
 1608              	.L115:
 930:./ucos/Core/os_flag.c ****     pnode = (OS_FLAG_NODE *)pgrp->OSFlagWaitList;
 1609              		.loc 1 930 5 view .LVU588
 1610              	.LVL159:
 931:./ucos/Core/os_flag.c ****     while (pnode != (OS_FLAG_NODE *)0) {             /* Go through all tasks waiting on event flag(
 1611              		.loc 1 931 5 view .LVU589
 931:./ucos/Core/os_flag.c ****     while (pnode != (OS_FLAG_NODE *)0) {             /* Go through all tasks waiting on event flag(
 1612              		.loc 1 931 11 is_stmt 0 view .LVU590
 1613 0064 6C68     		ldr	r4, [r5, #4]
 1614              	.LVL160:
 932:./ucos/Core/os_flag.c ****         switch (pnode->OSFlagNodeWaitType) {
 1615              		.loc 1 932 5 is_stmt 1 view .LVU591
 930:./ucos/Core/os_flag.c ****     pnode = (OS_FLAG_NODE *)pgrp->OSFlagWaitList;
ARM GAS  /tmp/ccjnSGoX.s 			page 60


 1616              		.loc 1 930 11 is_stmt 0 view .LVU592
 1617 0066 4FF00008 		mov	r8, #0
 1618              	.LVL161:
 932:./ucos/Core/os_flag.c ****         switch (pnode->OSFlagNodeWaitType) {
 1619              		.loc 1 932 11 view .LVU593
 1620 006a 0BE0     		b	.L116
 1621              	.LVL162:
 1622              	.L113:
 921:./ucos/Core/os_flag.c ****              break;
 1623              		.loc 1 921 14 is_stmt 1 view .LVU594
 921:./ucos/Core/os_flag.c ****              break;
 1624              		.loc 1 921 18 is_stmt 0 view .LVU595
 1625 006c 2B89     		ldrh	r3, [r5, #8]
 921:./ucos/Core/os_flag.c ****              break;
 1626              		.loc 1 921 32 view .LVU596
 1627 006e 43EA0803 		orr	r3, r3, r8
 1628 0072 2B81     		strh	r3, [r5, #8]	@ movhi
 922:./ucos/Core/os_flag.c **** 
 1629              		.loc 1 922 14 is_stmt 1 view .LVU597
 1630 0074 F6E7     		b	.L115
 1631              	.LVL163:
 1632              	.L120:
 935:./ucos/Core/os_flag.c ****                  if (flags_rdy == pnode->OSFlagNodeFlags) {   /* Make task RTR, event(s) Rx'd      
 1633              		.loc 1 935 18 view .LVU598
 935:./ucos/Core/os_flag.c ****                  if (flags_rdy == pnode->OSFlagNodeFlags) {   /* Make task RTR, event(s) Rx'd      
 1634              		.loc 1 935 45 is_stmt 0 view .LVU599
 1635 0076 2A89     		ldrh	r2, [r5, #8]
 935:./ucos/Core/os_flag.c ****                  if (flags_rdy == pnode->OSFlagNodeFlags) {   /* Make task RTR, event(s) Rx'd      
 1636              		.loc 1 935 66 view .LVU600
 1637 0078 238A     		ldrh	r3, [r4, #16]
 935:./ucos/Core/os_flag.c ****                  if (flags_rdy == pnode->OSFlagNodeFlags) {   /* Make task RTR, event(s) Rx'd      
 1638              		.loc 1 935 28 view .LVU601
 1639 007a 02EA0301 		and	r1, r2, r3
 1640              	.LVL164:
 936:./ucos/Core/os_flag.c ****                      rdy = OS_FlagTaskRdy(pnode, flags_rdy, OS_STAT_PEND_OK);
 1641              		.loc 1 936 18 is_stmt 1 view .LVU602
 936:./ucos/Core/os_flag.c ****                      rdy = OS_FlagTaskRdy(pnode, flags_rdy, OS_STAT_PEND_OK);
 1642              		.loc 1 936 21 is_stmt 0 view .LVU603
 1643 007e 9343     		bics	r3, r3, r2
 1644 0080 10D0     		beq	.L133
 1645              	.LVL165:
 1646              	.L123:
 981:./ucos/Core/os_flag.c ****     }
 1647              		.loc 1 981 9 is_stmt 1 view .LVU604
 981:./ucos/Core/os_flag.c ****     }
 1648              		.loc 1 981 15 is_stmt 0 view .LVU605
 1649 0082 2468     		ldr	r4, [r4]
 1650              	.LVL166:
 1651              	.L116:
 932:./ucos/Core/os_flag.c ****         switch (pnode->OSFlagNodeWaitType) {
 1652              		.loc 1 932 18 is_stmt 1 view .LVU606
 1653 0084 002C     		cmp	r4, #0
 1654 0086 45D0     		beq	.L134
 933:./ucos/Core/os_flag.c ****             case OS_FLAG_WAIT_SET_ALL:               /* See if all req. flags are set for current n
 1655              		.loc 1 933 9 view .LVU607
 933:./ucos/Core/os_flag.c ****             case OS_FLAG_WAIT_SET_ALL:               /* See if all req. flags are set for current n
 1656              		.loc 1 933 22 is_stmt 0 view .LVU608
ARM GAS  /tmp/ccjnSGoX.s 			page 61


 1657 0088 A27C     		ldrb	r2, [r4, #18]	@ zero_extendqisi2
 933:./ucos/Core/os_flag.c ****             case OS_FLAG_WAIT_SET_ALL:               /* See if all req. flags are set for current n
 1658              		.loc 1 933 9 view .LVU609
 1659 008a 032A     		cmp	r2, #3
 1660 008c 38D8     		bhi	.L117
 1661 008e 01A3     		adr	r3, .L119
 1662 0090 53F822F0 		ldr	pc, [r3, r2, lsl #2]
 1663              		.p2align 2
 1664              	.L119:
 1665 0094 CD000000 		.word	.L122+1
 1666 0098 E9000000 		.word	.L121+1
 1667 009c 77000000 		.word	.L120+1
 1668 00a0 B5000000 		.word	.L118+1
 1669              	.LVL167:
 1670              		.p2align 1
 1671              	.L133:
 937:./ucos/Core/os_flag.c ****                      if (rdy == OS_TRUE) {
 1672              		.loc 1 937 22 is_stmt 1 view .LVU610
 937:./ucos/Core/os_flag.c ****                      if (rdy == OS_TRUE) {
 1673              		.loc 1 937 28 is_stmt 0 view .LVU611
 1674 00a4 0022     		movs	r2, #0
 1675 00a6 2046     		mov	r0, r4
 1676 00a8 FFF7FEFF 		bl	OS_FlagTaskRdy
 1677              	.LVL168:
 938:./ucos/Core/os_flag.c ****                          sched = OS_TRUE;                     /* When done we will reschedule      
 1678              		.loc 1 938 22 is_stmt 1 view .LVU612
 938:./ucos/Core/os_flag.c ****                          sched = OS_TRUE;                     /* When done we will reschedule      
 1679              		.loc 1 938 25 is_stmt 0 view .LVU613
 1680 00ac 0128     		cmp	r0, #1
 1681 00ae E8D1     		bne	.L123
 939:./ucos/Core/os_flag.c ****                      }
 1682              		.loc 1 939 32 view .LVU614
 1683 00b0 8046     		mov	r8, r0
 1684              	.LVL169:
 939:./ucos/Core/os_flag.c ****                      }
 1685              		.loc 1 939 32 view .LVU615
 1686 00b2 E6E7     		b	.L123
 1687              	.LVL170:
 1688              	.L118:
 945:./ucos/Core/os_flag.c ****                  if (flags_rdy != (OS_FLAGS)0) {              /* Make task RTR, event(s) Rx'd      
 1689              		.loc 1 945 18 is_stmt 1 view .LVU616
 945:./ucos/Core/os_flag.c ****                  if (flags_rdy != (OS_FLAGS)0) {              /* Make task RTR, event(s) Rx'd      
 1690              		.loc 1 945 45 is_stmt 0 view .LVU617
 1691 00b4 2989     		ldrh	r1, [r5, #8]
 945:./ucos/Core/os_flag.c ****                  if (flags_rdy != (OS_FLAGS)0) {              /* Make task RTR, event(s) Rx'd      
 1692              		.loc 1 945 66 view .LVU618
 1693 00b6 238A     		ldrh	r3, [r4, #16]
 1694              	.LVL171:
 946:./ucos/Core/os_flag.c ****                      rdy = OS_FlagTaskRdy(pnode, flags_rdy, OS_STAT_PEND_OK);
 1695              		.loc 1 946 18 is_stmt 1 view .LVU619
 946:./ucos/Core/os_flag.c ****                      rdy = OS_FlagTaskRdy(pnode, flags_rdy, OS_STAT_PEND_OK);
 1696              		.loc 1 946 21 is_stmt 0 view .LVU620
 1697 00b8 1940     		ands	r1, r1, r3
 1698              	.LVL172:
 946:./ucos/Core/os_flag.c ****                      rdy = OS_FlagTaskRdy(pnode, flags_rdy, OS_STAT_PEND_OK);
 1699              		.loc 1 946 21 view .LVU621
 1700 00ba E2D0     		beq	.L123
ARM GAS  /tmp/ccjnSGoX.s 			page 62


 947:./ucos/Core/os_flag.c ****                      if (rdy == OS_TRUE) {
 1701              		.loc 1 947 22 is_stmt 1 view .LVU622
 947:./ucos/Core/os_flag.c ****                      if (rdy == OS_TRUE) {
 1702              		.loc 1 947 28 is_stmt 0 view .LVU623
 1703 00bc 0022     		movs	r2, #0
 1704 00be 2046     		mov	r0, r4
 1705 00c0 FFF7FEFF 		bl	OS_FlagTaskRdy
 1706              	.LVL173:
 948:./ucos/Core/os_flag.c ****                          sched = OS_TRUE;                     /* When done we will reschedule      
 1707              		.loc 1 948 22 is_stmt 1 view .LVU624
 948:./ucos/Core/os_flag.c ****                          sched = OS_TRUE;                     /* When done we will reschedule      
 1708              		.loc 1 948 25 is_stmt 0 view .LVU625
 1709 00c4 0128     		cmp	r0, #1
 1710 00c6 DCD1     		bne	.L123
 949:./ucos/Core/os_flag.c ****                      }
 1711              		.loc 1 949 32 view .LVU626
 1712 00c8 8046     		mov	r8, r0
 1713              	.LVL174:
 949:./ucos/Core/os_flag.c ****                      }
 1714              		.loc 1 949 32 view .LVU627
 1715 00ca DAE7     		b	.L123
 1716              	.LVL175:
 1717              	.L122:
 956:./ucos/Core/os_flag.c ****                  if (flags_rdy == pnode->OSFlagNodeFlags) {   /* Make task RTR, event(s) Rx'd      
 1718              		.loc 1 956 18 is_stmt 1 view .LVU628
 956:./ucos/Core/os_flag.c ****                  if (flags_rdy == pnode->OSFlagNodeFlags) {   /* Make task RTR, event(s) Rx'd      
 1719              		.loc 1 956 45 is_stmt 0 view .LVU629
 1720 00cc 2A89     		ldrh	r2, [r5, #8]
 956:./ucos/Core/os_flag.c ****                  if (flags_rdy == pnode->OSFlagNodeFlags) {   /* Make task RTR, event(s) Rx'd      
 1721              		.loc 1 956 66 view .LVU630
 1722 00ce 238A     		ldrh	r3, [r4, #16]
 956:./ucos/Core/os_flag.c ****                  if (flags_rdy == pnode->OSFlagNodeFlags) {   /* Make task RTR, event(s) Rx'd      
 1723              		.loc 1 956 28 view .LVU631
 1724 00d0 23EA0201 		bic	r1, r3, r2
 1725              	.LVL176:
 957:./ucos/Core/os_flag.c ****                      rdy = OS_FlagTaskRdy(pnode, flags_rdy, OS_STAT_PEND_OK);
 1726              		.loc 1 957 18 is_stmt 1 view .LVU632
 957:./ucos/Core/os_flag.c ****                      rdy = OS_FlagTaskRdy(pnode, flags_rdy, OS_STAT_PEND_OK);
 1727              		.loc 1 957 21 is_stmt 0 view .LVU633
 1728 00d4 1A42     		tst	r2, r3
 1729 00d6 D4D1     		bne	.L123
 958:./ucos/Core/os_flag.c ****                      if (rdy == OS_TRUE) {
 1730              		.loc 1 958 22 is_stmt 1 view .LVU634
 958:./ucos/Core/os_flag.c ****                      if (rdy == OS_TRUE) {
 1731              		.loc 1 958 28 is_stmt 0 view .LVU635
 1732 00d8 0022     		movs	r2, #0
 1733 00da 2046     		mov	r0, r4
 1734 00dc FFF7FEFF 		bl	OS_FlagTaskRdy
 1735              	.LVL177:
 959:./ucos/Core/os_flag.c ****                          sched = OS_TRUE;                     /* When done we will reschedule      
 1736              		.loc 1 959 22 is_stmt 1 view .LVU636
 959:./ucos/Core/os_flag.c ****                          sched = OS_TRUE;                     /* When done we will reschedule      
 1737              		.loc 1 959 25 is_stmt 0 view .LVU637
 1738 00e0 0128     		cmp	r0, #1
 1739 00e2 CED1     		bne	.L123
 960:./ucos/Core/os_flag.c ****                      }
 1740              		.loc 1 960 32 view .LVU638
ARM GAS  /tmp/ccjnSGoX.s 			page 63


 1741 00e4 8046     		mov	r8, r0
 1742              	.LVL178:
 960:./ucos/Core/os_flag.c ****                      }
 1743              		.loc 1 960 32 view .LVU639
 1744 00e6 CCE7     		b	.L123
 1745              	.LVL179:
 1746              	.L121:
 966:./ucos/Core/os_flag.c ****                  if (flags_rdy != (OS_FLAGS)0) {              /* Make task RTR, event(s) Rx'd      
 1747              		.loc 1 966 18 is_stmt 1 view .LVU640
 966:./ucos/Core/os_flag.c ****                  if (flags_rdy != (OS_FLAGS)0) {              /* Make task RTR, event(s) Rx'd      
 1748              		.loc 1 966 45 is_stmt 0 view .LVU641
 1749 00e8 2B89     		ldrh	r3, [r5, #8]
 966:./ucos/Core/os_flag.c ****                  if (flags_rdy != (OS_FLAGS)0) {              /* Make task RTR, event(s) Rx'd      
 1750              		.loc 1 966 66 view .LVU642
 1751 00ea 218A     		ldrh	r1, [r4, #16]
 1752              	.LVL180:
 967:./ucos/Core/os_flag.c ****                      rdy = OS_FlagTaskRdy(pnode, flags_rdy, OS_STAT_PEND_OK);
 1753              		.loc 1 967 18 is_stmt 1 view .LVU643
 967:./ucos/Core/os_flag.c ****                      rdy = OS_FlagTaskRdy(pnode, flags_rdy, OS_STAT_PEND_OK);
 1754              		.loc 1 967 21 is_stmt 0 view .LVU644
 1755 00ec 9943     		bics	r1, r1, r3
 1756              	.LVL181:
 967:./ucos/Core/os_flag.c ****                      rdy = OS_FlagTaskRdy(pnode, flags_rdy, OS_STAT_PEND_OK);
 1757              		.loc 1 967 21 view .LVU645
 1758 00ee C8D0     		beq	.L123
 968:./ucos/Core/os_flag.c ****                      if (rdy == OS_TRUE) {
 1759              		.loc 1 968 22 is_stmt 1 view .LVU646
 968:./ucos/Core/os_flag.c ****                      if (rdy == OS_TRUE) {
 1760              		.loc 1 968 28 is_stmt 0 view .LVU647
 1761 00f0 0022     		movs	r2, #0
 1762 00f2 2046     		mov	r0, r4
 1763 00f4 FFF7FEFF 		bl	OS_FlagTaskRdy
 1764              	.LVL182:
 969:./ucos/Core/os_flag.c ****                          sched = OS_TRUE;                     /* When done we will reschedule      
 1765              		.loc 1 969 22 is_stmt 1 view .LVU648
 969:./ucos/Core/os_flag.c ****                          sched = OS_TRUE;                     /* When done we will reschedule      
 1766              		.loc 1 969 25 is_stmt 0 view .LVU649
 1767 00f8 0128     		cmp	r0, #1
 1768 00fa C2D1     		bne	.L123
 970:./ucos/Core/os_flag.c ****                      }
 1769              		.loc 1 970 32 view .LVU650
 1770 00fc 8046     		mov	r8, r0
 1771              	.LVL183:
 970:./ucos/Core/os_flag.c ****                      }
 1772              		.loc 1 970 32 view .LVU651
 1773 00fe C0E7     		b	.L123
 1774              	.LVL184:
 1775              	.L117:
 976:./ucos/Core/os_flag.c ****                  *perr = OS_ERR_FLAG_WAIT_TYPE;
 1776              		.loc 1 976 18 is_stmt 1 view .LVU652
 976:./ucos/Core/os_flag.c ****                  *perr = OS_ERR_FLAG_WAIT_TYPE;
 1777              		.loc 1 976 18 view .LVU653
 1778 0100 3846     		mov	r0, r7
 1779 0102 FFF7FEFF 		bl	OS_CPU_SR_Restore
 1780              	.LVL185:
 976:./ucos/Core/os_flag.c ****                  *perr = OS_ERR_FLAG_WAIT_TYPE;
 1781              		.loc 1 976 18 discriminator 1 view .LVU654
ARM GAS  /tmp/ccjnSGoX.s 			page 64


 977:./ucos/Core/os_flag.c ****                  OS_TRACE_FLAG_POST_EXIT(*perr);
 1782              		.loc 1 977 18 view .LVU655
 977:./ucos/Core/os_flag.c ****                  OS_TRACE_FLAG_POST_EXIT(*perr);
 1783              		.loc 1 977 24 is_stmt 0 view .LVU656
 1784 0106 6F21     		movs	r1, #111
 1785 0108 3170     		strb	r1, [r6]
 978:./ucos/Core/os_flag.c ****                  return ((OS_FLAGS)0);
 1786              		.loc 1 978 18 is_stmt 1 view .LVU657
 1787 010a 3A20     		movs	r0, #58
 1788 010c FFF7FEFF 		bl	SEGGER_SYSVIEW_RecordEndCallU32
 1789              	.LVL186:
 979:./ucos/Core/os_flag.c ****         }
 1790              		.loc 1 979 18 view .LVU658
 979:./ucos/Core/os_flag.c ****         }
 1791              		.loc 1 979 25 is_stmt 0 view .LVU659
 1792 0110 0024     		movs	r4, #0
 1793              	.LVL187:
 979:./ucos/Core/os_flag.c ****         }
 1794              		.loc 1 979 25 view .LVU660
 1795 0112 8DE7     		b	.L110
 1796              	.LVL188:
 1797              	.L134:
 983:./ucos/Core/os_flag.c ****     if (sched == OS_TRUE) {
 1798              		.loc 1 983 5 is_stmt 1 view .LVU661
 983:./ucos/Core/os_flag.c ****     if (sched == OS_TRUE) {
 1799              		.loc 1 983 5 view .LVU662
 1800 0114 3846     		mov	r0, r7
 1801 0116 FFF7FEFF 		bl	OS_CPU_SR_Restore
 1802              	.LVL189:
 983:./ucos/Core/os_flag.c ****     if (sched == OS_TRUE) {
 1803              		.loc 1 983 5 discriminator 1 view .LVU663
 984:./ucos/Core/os_flag.c ****         OS_Sched();
 1804              		.loc 1 984 5 view .LVU664
 984:./ucos/Core/os_flag.c ****         OS_Sched();
 1805              		.loc 1 984 8 is_stmt 0 view .LVU665
 1806 011a B8F1010F 		cmp	r8, #1
 1807 011e 0AD0     		beq	.L135
 1808              	.L125:
 987:./ucos/Core/os_flag.c ****     flags_cur = pgrp->OSFlagFlags;
 1809              		.loc 1 987 5 is_stmt 1 view .LVU666
 987:./ucos/Core/os_flag.c ****     flags_cur = pgrp->OSFlagFlags;
 1810              		.loc 1 987 5 view .LVU667
 1811 0120 FFF7FEFF 		bl	OS_CPU_SR_Save
 1812              	.LVL190:
 987:./ucos/Core/os_flag.c ****     flags_cur = pgrp->OSFlagFlags;
 1813              		.loc 1 987 5 discriminator 1 view .LVU668
 988:./ucos/Core/os_flag.c ****     OS_EXIT_CRITICAL();
 1814              		.loc 1 988 5 view .LVU669
 988:./ucos/Core/os_flag.c ****     OS_EXIT_CRITICAL();
 1815              		.loc 1 988 15 is_stmt 0 view .LVU670
 1816 0124 2C89     		ldrh	r4, [r5, #8]
 1817              	.LVL191:
 989:./ucos/Core/os_flag.c ****     *perr     = OS_ERR_NONE;
 1818              		.loc 1 989 5 is_stmt 1 view .LVU671
 989:./ucos/Core/os_flag.c ****     *perr     = OS_ERR_NONE;
 1819              		.loc 1 989 5 view .LVU672
 1820 0126 FFF7FEFF 		bl	OS_CPU_SR_Restore
ARM GAS  /tmp/ccjnSGoX.s 			page 65


 1821              	.LVL192:
 989:./ucos/Core/os_flag.c ****     *perr     = OS_ERR_NONE;
 1822              		.loc 1 989 5 discriminator 1 view .LVU673
 990:./ucos/Core/os_flag.c ****     OS_TRACE_FLAG_POST_EXIT(*perr);
 1823              		.loc 1 990 5 view .LVU674
 990:./ucos/Core/os_flag.c ****     OS_TRACE_FLAG_POST_EXIT(*perr);
 1824              		.loc 1 990 15 is_stmt 0 view .LVU675
 1825 012a 0021     		movs	r1, #0
 1826 012c 3170     		strb	r1, [r6]
 991:./ucos/Core/os_flag.c **** 
 1827              		.loc 1 991 5 is_stmt 1 view .LVU676
 1828 012e 3A20     		movs	r0, #58
 1829 0130 FFF7FEFF 		bl	SEGGER_SYSVIEW_RecordEndCallU32
 1830              	.LVL193:
 993:./ucos/Core/os_flag.c **** }
 1831              		.loc 1 993 5 view .LVU677
 993:./ucos/Core/os_flag.c **** }
 1832              		.loc 1 993 12 is_stmt 0 view .LVU678
 1833 0134 7CE7     		b	.L110
 1834              	.LVL194:
 1835              	.L135:
 985:./ucos/Core/os_flag.c ****     }
 1836              		.loc 1 985 9 is_stmt 1 view .LVU679
 1837 0136 FFF7FEFF 		bl	OS_Sched
 1838              	.LVL195:
 1839 013a F1E7     		b	.L125
 1840              		.cfi_endproc
 1841              	.LFE7:
 1843              		.section	.text.OSFlagPend,"ax",%progbits
 1844              		.align	1
 1845              		.global	OSFlagPend
 1846              		.syntax unified
 1847              		.thumb
 1848              		.thumb_func
 1850              	OSFlagPend:
 1851              	.LVL196:
 1852              	.LFB5:
 625:./ucos/Core/os_flag.c ****     OS_FLAG_NODE  node;
 1853              		.loc 1 625 1 view -0
 1854              		.cfi_startproc
 1855              		@ args = 4, pretend = 0, frame = 24
 1856              		@ frame_needed = 0, uses_anonymous_args = 0
 625:./ucos/Core/os_flag.c ****     OS_FLAG_NODE  node;
 1857              		.loc 1 625 1 is_stmt 0 view .LVU681
 1858 0000 2DE9F04B 		push	{r4, r5, r6, r7, r8, r9, fp, lr}
 1859              	.LCFI11:
 1860              		.cfi_def_cfa_offset 32
 1861              		.cfi_offset 4, -32
 1862              		.cfi_offset 5, -28
 1863              		.cfi_offset 6, -24
 1864              		.cfi_offset 7, -20
 1865              		.cfi_offset 8, -16
 1866              		.cfi_offset 9, -12
 1867              		.cfi_offset 11, -8
 1868              		.cfi_offset 14, -4
 1869 0004 88B0     		sub	sp, sp, #32
 1870              	.LCFI12:
ARM GAS  /tmp/ccjnSGoX.s 			page 66


 1871              		.cfi_def_cfa_offset 64
 626:./ucos/Core/os_flag.c ****     OS_FLAGS      flags_rdy;
 1872              		.loc 1 626 5 is_stmt 1 view .LVU682
 627:./ucos/Core/os_flag.c ****     INT8U         result;
 1873              		.loc 1 627 5 view .LVU683
 628:./ucos/Core/os_flag.c ****     INT8U         pend_stat;
 1874              		.loc 1 628 5 view .LVU684
 629:./ucos/Core/os_flag.c ****     BOOLEAN       consume;
 1875              		.loc 1 629 5 view .LVU685
 630:./ucos/Core/os_flag.c **** #if OS_CRITICAL_METHOD == 3u                               /* Allocate storage for CPU status regis
 1876              		.loc 1 630 5 view .LVU686
 632:./ucos/Core/os_flag.c **** #endif
 1877              		.loc 1 632 5 view .LVU687
 1878              	.LVL197:
 644:./ucos/Core/os_flag.c ****         *perr = OS_ERR_FLAG_INVALID_PGRP;
 1879              		.loc 1 644 5 view .LVU688
 644:./ucos/Core/os_flag.c ****         *perr = OS_ERR_FLAG_INVALID_PGRP;
 1880              		.loc 1 644 8 is_stmt 0 view .LVU689
 1881 0006 18B3     		cbz	r0, .L165
 1882 0008 0E46     		mov	r6, r1
 1883 000a 1446     		mov	r4, r2
 1884 000c 1F46     		mov	r7, r3
 1885 000e 8046     		mov	r8, r0
 650:./ucos/Core/os_flag.c **** 
 1886              		.loc 1 650 5 is_stmt 1 view .LVU690
 1887 0010 FFF7FEFF 		bl	SEGGER_SYSVIEW_ShrinkId
 1888              	.LVL198:
 650:./ucos/Core/os_flag.c **** 
 1889              		.loc 1 650 5 is_stmt 0 view .LVU691
 1890 0014 0146     		mov	r1, r0
 650:./ucos/Core/os_flag.c **** 
 1891              		.loc 1 650 5 discriminator 1 view .LVU692
 1892 0016 0094     		str	r4, [sp]
 1893 0018 3B46     		mov	r3, r7
 1894 001a 3246     		mov	r2, r6
 1895 001c 3B20     		movs	r0, #59
 1896 001e FFF7FEFF 		bl	SYSVIEW_RecordU32x4
 1897              	.LVL199:
 652:./ucos/Core/os_flag.c ****         *perr = OS_ERR_PEND_ISR;                           /* ... can't PEND from an ISR           
 1898              		.loc 1 652 5 is_stmt 1 view .LVU693
 652:./ucos/Core/os_flag.c ****         *perr = OS_ERR_PEND_ISR;                           /* ... can't PEND from an ISR           
 1899              		.loc 1 652 22 is_stmt 0 view .LVU694
 1900 0022 9B4B     		ldr	r3, .L177
 1901 0024 1B78     		ldrb	r3, [r3]	@ zero_extendqisi2
 652:./ucos/Core/os_flag.c ****         *perr = OS_ERR_PEND_ISR;                           /* ... can't PEND from an ISR           
 1902              		.loc 1 652 8 view .LVU695
 1903 0026 E3B9     		cbnz	r3, .L166
 657:./ucos/Core/os_flag.c ****         *perr = OS_ERR_PEND_LOCKED;                        /* ... can't PEND when locked           
 1904              		.loc 1 657 5 is_stmt 1 view .LVU696
 657:./ucos/Core/os_flag.c ****         *perr = OS_ERR_PEND_LOCKED;                        /* ... can't PEND when locked           
 1905              		.loc 1 657 23 is_stmt 0 view .LVU697
 1906 0028 9A4B     		ldr	r3, .L177+4
 1907 002a 1D78     		ldrb	r5, [r3]	@ zero_extendqisi2
 657:./ucos/Core/os_flag.c ****         *perr = OS_ERR_PEND_LOCKED;                        /* ... can't PEND when locked           
 1908              		.loc 1 657 8 view .LVU698
 1909 002c 15BB     		cbnz	r5, .L167
 662:./ucos/Core/os_flag.c ****         *perr = OS_ERR_EVENT_TYPE;
ARM GAS  /tmp/ccjnSGoX.s 			page 67


 1910              		.loc 1 662 5 is_stmt 1 view .LVU699
 662:./ucos/Core/os_flag.c ****         *perr = OS_ERR_EVENT_TYPE;
 1911              		.loc 1 662 13 is_stmt 0 view .LVU700
 1912 002e 98F80030 		ldrb	r3, [r8]	@ zero_extendqisi2
 662:./ucos/Core/os_flag.c ****         *perr = OS_ERR_EVENT_TYPE;
 1913              		.loc 1 662 8 view .LVU701
 1914 0032 052B     		cmp	r3, #5
 1915 0034 27D1     		bne	.L168
 667:./ucos/Core/os_flag.c ****     if (result != (INT8U)0) {                              /* See if we need to consume the flags  
 1916              		.loc 1 667 5 is_stmt 1 view .LVU702
 1917              	.LVL200:
 668:./ucos/Core/os_flag.c ****         wait_type &= (INT8U)~(INT8U)OS_FLAG_CONSUME;
 1918              		.loc 1 668 5 view .LVU703
 668:./ucos/Core/os_flag.c ****         wait_type &= (INT8U)~(INT8U)OS_FLAG_CONSUME;
 1919              		.loc 1 668 8 is_stmt 0 view .LVU704
 1920 0036 14F0800F 		tst	r4, #128
 1921 003a 2DD1     		bne	.L169
 1922              	.LVL201:
 1923              	.L142:
 675:./ucos/Core/os_flag.c ****     switch (wait_type) {
 1924              		.loc 1 675 5 is_stmt 1 view .LVU705
 675:./ucos/Core/os_flag.c ****     switch (wait_type) {
 1925              		.loc 1 675 5 view .LVU706
 1926 003c FFF7FEFF 		bl	OS_CPU_SR_Save
 1927              	.LVL202:
 1928 0040 8346     		mov	fp, r0
 1929              	.LVL203:
 675:./ucos/Core/os_flag.c ****     switch (wait_type) {
 1930              		.loc 1 675 5 discriminator 1 view .LVU707
 676:./ucos/Core/os_flag.c ****         case OS_FLAG_WAIT_SET_ALL:                         /* See if all required flags are set    
 1931              		.loc 1 676 5 view .LVU708
 1932 0042 032C     		cmp	r4, #3
 1933 0044 00F2E080 		bhi	.L143
 1934 0048 DFE804F0 		tbb	[pc, r4]
 1935              	.L145:
 1936 004c 95       		.byte	(.L148-.L145)/2
 1937 004d BA       		.byte	(.L147-.L145)/2
 1938 004e 2A       		.byte	(.L146-.L145)/2
 1939 004f 70       		.byte	(.L144-.L145)/2
 1940              	.LVL204:
 1941              		.p2align 1
 1942              	.L165:
 645:./ucos/Core/os_flag.c ****         return ((OS_FLAGS)0);
 1943              		.loc 1 645 9 view .LVU709
 645:./ucos/Core/os_flag.c ****         return ((OS_FLAGS)0);
 1944              		.loc 1 645 15 is_stmt 0 view .LVU710
 1945 0050 6E23     		movs	r3, #110
 1946              	.LVL205:
 645:./ucos/Core/os_flag.c ****         return ((OS_FLAGS)0);
 1947              		.loc 1 645 15 view .LVU711
 1948 0052 109A     		ldr	r2, [sp, #64]
 1949              	.LVL206:
 645:./ucos/Core/os_flag.c ****         return ((OS_FLAGS)0);
 1950              		.loc 1 645 15 view .LVU712
 1951 0054 1370     		strb	r3, [r2]
 646:./ucos/Core/os_flag.c ****     }
 1952              		.loc 1 646 9 is_stmt 1 view .LVU713
ARM GAS  /tmp/ccjnSGoX.s 			page 68


 646:./ucos/Core/os_flag.c ****     }
 1953              		.loc 1 646 16 is_stmt 0 view .LVU714
 1954 0056 4FF00009 		mov	r9, #0
 1955              	.LVL207:
 1956              	.L138:
 802:./ucos/Core/os_flag.c **** 
 1957              		.loc 1 802 1 view .LVU715
 1958 005a 4846     		mov	r0, r9
 1959 005c 08B0     		add	sp, sp, #32
 1960              	.LCFI13:
 1961              		.cfi_remember_state
 1962              		.cfi_def_cfa_offset 32
 1963              		@ sp needed
 1964 005e BDE8F08B 		pop	{r4, r5, r6, r7, r8, r9, fp, pc}
 1965              	.LVL208:
 1966              	.L166:
 1967              	.LCFI14:
 1968              		.cfi_restore_state
 653:./ucos/Core/os_flag.c ****         OS_TRACE_FLAG_PEND_EXIT(*perr);
 1969              		.loc 1 653 9 is_stmt 1 view .LVU716
 653:./ucos/Core/os_flag.c ****         OS_TRACE_FLAG_PEND_EXIT(*perr);
 1970              		.loc 1 653 15 is_stmt 0 view .LVU717
 1971 0062 0221     		movs	r1, #2
 1972 0064 109B     		ldr	r3, [sp, #64]
 1973 0066 1970     		strb	r1, [r3]
 654:./ucos/Core/os_flag.c ****         return ((OS_FLAGS)0);
 1974              		.loc 1 654 9 is_stmt 1 view .LVU718
 1975 0068 3B20     		movs	r0, #59
 1976 006a FFF7FEFF 		bl	SEGGER_SYSVIEW_RecordEndCallU32
 1977              	.LVL209:
 655:./ucos/Core/os_flag.c ****     }
 1978              		.loc 1 655 9 view .LVU719
 655:./ucos/Core/os_flag.c ****     }
 1979              		.loc 1 655 16 is_stmt 0 view .LVU720
 1980 006e 4FF00009 		mov	r9, #0
 1981 0072 F2E7     		b	.L138
 1982              	.L167:
 658:./ucos/Core/os_flag.c ****         OS_TRACE_FLAG_PEND_EXIT(*perr);
 1983              		.loc 1 658 9 is_stmt 1 view .LVU721
 658:./ucos/Core/os_flag.c ****         OS_TRACE_FLAG_PEND_EXIT(*perr);
 1984              		.loc 1 658 15 is_stmt 0 view .LVU722
 1985 0074 0D21     		movs	r1, #13
 1986 0076 109B     		ldr	r3, [sp, #64]
 1987 0078 1970     		strb	r1, [r3]
 659:./ucos/Core/os_flag.c ****         return ((OS_FLAGS)0);
 1988              		.loc 1 659 9 is_stmt 1 view .LVU723
 1989 007a 3B20     		movs	r0, #59
 1990 007c FFF7FEFF 		bl	SEGGER_SYSVIEW_RecordEndCallU32
 1991              	.LVL210:
 660:./ucos/Core/os_flag.c ****     }
 1992              		.loc 1 660 9 view .LVU724
 660:./ucos/Core/os_flag.c ****     }
 1993              		.loc 1 660 16 is_stmt 0 view .LVU725
 1994 0080 4FF00009 		mov	r9, #0
 1995 0084 E9E7     		b	.L138
 1996              	.L168:
 663:./ucos/Core/os_flag.c ****         OS_TRACE_FLAG_PEND_EXIT(*perr);
ARM GAS  /tmp/ccjnSGoX.s 			page 69


 1997              		.loc 1 663 9 is_stmt 1 view .LVU726
 663:./ucos/Core/os_flag.c ****         OS_TRACE_FLAG_PEND_EXIT(*perr);
 1998              		.loc 1 663 15 is_stmt 0 view .LVU727
 1999 0086 0121     		movs	r1, #1
 2000 0088 109B     		ldr	r3, [sp, #64]
 2001 008a 1970     		strb	r1, [r3]
 664:./ucos/Core/os_flag.c ****         return ((OS_FLAGS)0);
 2002              		.loc 1 664 9 is_stmt 1 view .LVU728
 2003 008c 3B20     		movs	r0, #59
 2004 008e FFF7FEFF 		bl	SEGGER_SYSVIEW_RecordEndCallU32
 2005              	.LVL211:
 665:./ucos/Core/os_flag.c ****     }
 2006              		.loc 1 665 9 view .LVU729
 665:./ucos/Core/os_flag.c ****     }
 2007              		.loc 1 665 16 is_stmt 0 view .LVU730
 2008 0092 4FF00009 		mov	r9, #0
 2009 0096 E0E7     		b	.L138
 2010              	.LVL212:
 2011              	.L169:
 669:./ucos/Core/os_flag.c ****         consume    = OS_TRUE;
 2012              		.loc 1 669 9 is_stmt 1 view .LVU731
 669:./ucos/Core/os_flag.c ****         consume    = OS_TRUE;
 2013              		.loc 1 669 19 is_stmt 0 view .LVU732
 2014 0098 04F07F04 		and	r4, r4, #127
 2015              	.LVL213:
 670:./ucos/Core/os_flag.c ****     } else {
 2016              		.loc 1 670 9 is_stmt 1 view .LVU733
 670:./ucos/Core/os_flag.c ****     } else {
 2017              		.loc 1 670 20 is_stmt 0 view .LVU734
 2018 009c 0125     		movs	r5, #1
 2019 009e CDE7     		b	.L142
 2020              	.LVL214:
 2021              	.L146:
 678:./ucos/Core/os_flag.c ****              if (flags_rdy == flags) {                     /* Must match ALL the bits that we want 
 2022              		.loc 1 678 14 is_stmt 1 view .LVU735
 678:./ucos/Core/os_flag.c ****              if (flags_rdy == flags) {                     /* Must match ALL the bits that we want 
 2023              		.loc 1 678 41 is_stmt 0 view .LVU736
 2024 00a0 B8F80830 		ldrh	r3, [r8, #8]
 678:./ucos/Core/os_flag.c ****              if (flags_rdy == flags) {                     /* Must match ALL the bits that we want 
 2025              		.loc 1 678 24 view .LVU737
 2026 00a4 03EA0609 		and	r9, r3, r6
 2027              	.LVL215:
 679:./ucos/Core/os_flag.c ****                  if (consume == OS_TRUE) {                 /* See if we need to consume the flags  
 2028              		.loc 1 679 14 is_stmt 1 view .LVU738
 679:./ucos/Core/os_flag.c ****                  if (consume == OS_TRUE) {                 /* See if we need to consume the flags  
 2029              		.loc 1 679 17 is_stmt 0 view .LVU739
 2030 00a8 36EA0302 		bics	r2, r6, r3
 2031 00ac 29D0     		beq	.L170
 689:./ucos/Core/os_flag.c ****                  OS_EXIT_CRITICAL();
 2032              		.loc 1 689 18 is_stmt 1 view .LVU740
 2033 00ae 0097     		str	r7, [sp]
 2034 00b0 2346     		mov	r3, r4
 2035 00b2 3246     		mov	r2, r6
 2036 00b4 03A9     		add	r1, sp, #12
 2037 00b6 4046     		mov	r0, r8
 2038              	.LVL216:
 689:./ucos/Core/os_flag.c ****                  OS_EXIT_CRITICAL();
ARM GAS  /tmp/ccjnSGoX.s 			page 70


 2039              		.loc 1 689 18 is_stmt 0 view .LVU741
 2040 00b8 FFF7FEFF 		bl	OS_FlagBlock
 2041              	.LVL217:
 690:./ucos/Core/os_flag.c ****              }
 2042              		.loc 1 690 18 is_stmt 1 view .LVU742
 690:./ucos/Core/os_flag.c ****              }
 2043              		.loc 1 690 18 view .LVU743
 2044 00bc 5846     		mov	r0, fp
 2045 00be FFF7FEFF 		bl	OS_CPU_SR_Restore
 2046              	.LVL218:
 690:./ucos/Core/os_flag.c ****              }
 2047              		.loc 1 690 18 discriminator 1 view .LVU744
 692:./ucos/Core/os_flag.c **** 
 2048              		.loc 1 692 14 view .LVU745
 2049              	.L151:
 755:./ucos/Core/os_flag.c ****     OS_ENTER_CRITICAL();
 2050              		.loc 1 755 5 view .LVU746
 2051 00c2 FFF7FEFF 		bl	OS_Sched
 2052              	.LVL219:
 756:./ucos/Core/os_flag.c ****     if (OSTCBCur->OSTCBStatPend != OS_STAT_PEND_OK) {      /* Have we timed-out or aborted?        
 2053              		.loc 1 756 5 view .LVU747
 756:./ucos/Core/os_flag.c ****     if (OSTCBCur->OSTCBStatPend != OS_STAT_PEND_OK) {      /* Have we timed-out or aborted?        
 2054              		.loc 1 756 5 view .LVU748
 2055 00c6 FFF7FEFF 		bl	OS_CPU_SR_Save
 2056              	.LVL220:
 2057 00ca 0646     		mov	r6, r0
 2058              	.LVL221:
 756:./ucos/Core/os_flag.c ****     if (OSTCBCur->OSTCBStatPend != OS_STAT_PEND_OK) {      /* Have we timed-out or aborted?        
 2059              		.loc 1 756 5 discriminator 1 view .LVU749
 757:./ucos/Core/os_flag.c ****         pend_stat                = OSTCBCur->OSTCBStatPend;
 2060              		.loc 1 757 5 view .LVU750
 757:./ucos/Core/os_flag.c ****         pend_stat                = OSTCBCur->OSTCBStatPend;
 2061              		.loc 1 757 17 is_stmt 0 view .LVU751
 2062 00cc 724B     		ldr	r3, .L177+8
 2063 00ce 1B68     		ldr	r3, [r3]
 2064 00d0 93F83970 		ldrb	r7, [r3, #57]	@ zero_extendqisi2
 2065              	.LVL222:
 757:./ucos/Core/os_flag.c ****         pend_stat                = OSTCBCur->OSTCBStatPend;
 2066              		.loc 1 757 8 view .LVU752
 2067 00d4 002F     		cmp	r7, #0
 2068 00d6 40F0A280 		bne	.L171
 777:./ucos/Core/os_flag.c ****     if (consume == OS_TRUE) {                              /* See if we need to consume the flags  
 2069              		.loc 1 777 5 is_stmt 1 view .LVU753
 777:./ucos/Core/os_flag.c ****     if (consume == OS_TRUE) {                              /* See if we need to consume the flags  
 2070              		.loc 1 777 15 is_stmt 0 view .LVU754
 2071 00da B3F83090 		ldrh	r9, [r3, #48]
 2072              	.LVL223:
 778:./ucos/Core/os_flag.c ****         switch (wait_type) {
 2073              		.loc 1 778 5 is_stmt 1 view .LVU755
 778:./ucos/Core/os_flag.c ****         switch (wait_type) {
 2074              		.loc 1 778 8 is_stmt 0 view .LVU756
 2075 00de 012D     		cmp	r5, #1
 2076 00e0 40F0C180 		bne	.L161
 779:./ucos/Core/os_flag.c ****             case OS_FLAG_WAIT_SET_ALL:
 2077              		.loc 1 779 9 is_stmt 1 view .LVU757
 2078 00e4 012C     		cmp	r4, #1
 2079 00e6 40F2B880 		bls	.L162
ARM GAS  /tmp/ccjnSGoX.s 			page 71


 2080 00ea 023C     		subs	r4, r4, #2
 2081              	.LVL224:
 779:./ucos/Core/os_flag.c ****             case OS_FLAG_WAIT_SET_ALL:
 2082              		.loc 1 779 9 is_stmt 0 view .LVU758
 2083 00ec E4B2     		uxtb	r4, r4
 2084 00ee 012C     		cmp	r4, #1
 2085 00f0 00F2C380 		bhi	.L163
 782:./ucos/Core/os_flag.c ****                  break;
 2086              		.loc 1 782 18 is_stmt 1 view .LVU759
 782:./ucos/Core/os_flag.c ****                  break;
 2087              		.loc 1 782 22 is_stmt 0 view .LVU760
 2088 00f4 B8F80830 		ldrh	r3, [r8, #8]
 782:./ucos/Core/os_flag.c ****                  break;
 2089              		.loc 1 782 36 view .LVU761
 2090 00f8 23EA0903 		bic	r3, r3, r9
 2091 00fc A8F80830 		strh	r3, [r8, #8]	@ movhi
 783:./ucos/Core/os_flag.c **** 
 2092              		.loc 1 783 18 is_stmt 1 view .LVU762
 2093 0100 B1E0     		b	.L161
 2094              	.LVL225:
 2095              	.L170:
 680:./ucos/Core/os_flag.c ****                      pgrp->OSFlagFlags &= (OS_FLAGS)~flags_rdy;   /* Clear ONLY the flags we wanted
 2096              		.loc 1 680 18 view .LVU763
 680:./ucos/Core/os_flag.c ****                      pgrp->OSFlagFlags &= (OS_FLAGS)~flags_rdy;   /* Clear ONLY the flags we wanted
 2097              		.loc 1 680 21 is_stmt 0 view .LVU764
 2098 0102 012D     		cmp	r5, #1
 2099 0104 0DD0     		beq	.L172
 2100              	.L150:
 683:./ucos/Core/os_flag.c ****                  OS_EXIT_CRITICAL();                       /* Yes, condition met, return to caller 
 2101              		.loc 1 683 18 is_stmt 1 view .LVU765
 683:./ucos/Core/os_flag.c ****                  OS_EXIT_CRITICAL();                       /* Yes, condition met, return to caller 
 2102              		.loc 1 683 26 is_stmt 0 view .LVU766
 2103 0106 644B     		ldr	r3, .L177+8
 2104 0108 1B68     		ldr	r3, [r3]
 683:./ucos/Core/os_flag.c ****                  OS_EXIT_CRITICAL();                       /* Yes, condition met, return to caller 
 2105              		.loc 1 683 42 view .LVU767
 2106 010a A3F83090 		strh	r9, [r3, #48]	@ movhi
 684:./ucos/Core/os_flag.c ****                  *perr                   = OS_ERR_NONE;
 2107              		.loc 1 684 18 is_stmt 1 view .LVU768
 684:./ucos/Core/os_flag.c ****                  *perr                   = OS_ERR_NONE;
 2108              		.loc 1 684 18 view .LVU769
 2109 010e 5846     		mov	r0, fp
 2110              	.LVL226:
 684:./ucos/Core/os_flag.c ****                  *perr                   = OS_ERR_NONE;
 2111              		.loc 1 684 18 is_stmt 0 view .LVU770
 2112 0110 FFF7FEFF 		bl	OS_CPU_SR_Restore
 2113              	.LVL227:
 684:./ucos/Core/os_flag.c ****                  *perr                   = OS_ERR_NONE;
 2114              		.loc 1 684 18 is_stmt 1 discriminator 1 view .LVU771
 685:./ucos/Core/os_flag.c ****                  OS_TRACE_FLAG_PEND_EXIT(*perr);
 2115              		.loc 1 685 18 view .LVU772
 685:./ucos/Core/os_flag.c ****                  OS_TRACE_FLAG_PEND_EXIT(*perr);
 2116              		.loc 1 685 42 is_stmt 0 view .LVU773
 2117 0114 0021     		movs	r1, #0
 2118 0116 109B     		ldr	r3, [sp, #64]
 2119 0118 1970     		strb	r1, [r3]
 686:./ucos/Core/os_flag.c ****                  return (flags_rdy);
ARM GAS  /tmp/ccjnSGoX.s 			page 72


 2120              		.loc 1 686 18 is_stmt 1 view .LVU774
 2121 011a 3B20     		movs	r0, #59
 2122 011c FFF7FEFF 		bl	SEGGER_SYSVIEW_RecordEndCallU32
 2123              	.LVL228:
 687:./ucos/Core/os_flag.c ****              } else {                                      /* Block task until events occur or time
 2124              		.loc 1 687 18 view .LVU775
 687:./ucos/Core/os_flag.c ****              } else {                                      /* Block task until events occur or time
 2125              		.loc 1 687 25 is_stmt 0 view .LVU776
 2126 0120 9BE7     		b	.L138
 2127              	.LVL229:
 2128              	.L172:
 681:./ucos/Core/os_flag.c ****                  }
 2129              		.loc 1 681 22 is_stmt 1 view .LVU777
 681:./ucos/Core/os_flag.c ****                  }
 2130              		.loc 1 681 40 is_stmt 0 view .LVU778
 2131 0122 23EA0903 		bic	r3, r3, r9
 2132 0126 A8F80830 		strh	r3, [r8, #8]	@ movhi
 2133 012a ECE7     		b	.L150
 2134              	.LVL230:
 2135              	.L144:
 695:./ucos/Core/os_flag.c ****              if (flags_rdy != (OS_FLAGS)0) {               /* See if any flag set                  
 2136              		.loc 1 695 14 is_stmt 1 view .LVU779
 695:./ucos/Core/os_flag.c ****              if (flags_rdy != (OS_FLAGS)0) {               /* See if any flag set                  
 2137              		.loc 1 695 41 is_stmt 0 view .LVU780
 2138 012c B8F80830 		ldrh	r3, [r8, #8]
 2139              	.LVL231:
 696:./ucos/Core/os_flag.c ****                  if (consume == OS_TRUE) {                 /* See if we need to consume the flags  
 2140              		.loc 1 696 14 is_stmt 1 view .LVU781
 696:./ucos/Core/os_flag.c ****                  if (consume == OS_TRUE) {                 /* See if we need to consume the flags  
 2141              		.loc 1 696 17 is_stmt 0 view .LVU782
 2142 0130 13EA0609 		ands	r9, r3, r6
 2143              	.LVL232:
 696:./ucos/Core/os_flag.c ****                  if (consume == OS_TRUE) {                 /* See if we need to consume the flags  
 2144              		.loc 1 696 17 view .LVU783
 2145 0134 14D0     		beq	.L152
 697:./ucos/Core/os_flag.c ****                      pgrp->OSFlagFlags &= (OS_FLAGS)~flags_rdy;    /* Clear ONLY the flags that we 
 2146              		.loc 1 697 18 is_stmt 1 view .LVU784
 697:./ucos/Core/os_flag.c ****                      pgrp->OSFlagFlags &= (OS_FLAGS)~flags_rdy;    /* Clear ONLY the flags that we 
 2147              		.loc 1 697 21 is_stmt 0 view .LVU785
 2148 0136 012D     		cmp	r5, #1
 2149 0138 0DD0     		beq	.L173
 2150              	.L153:
 700:./ucos/Core/os_flag.c ****                  OS_EXIT_CRITICAL();                       /* Yes, condition met, return to caller 
 2151              		.loc 1 700 18 is_stmt 1 view .LVU786
 700:./ucos/Core/os_flag.c ****                  OS_EXIT_CRITICAL();                       /* Yes, condition met, return to caller 
 2152              		.loc 1 700 26 is_stmt 0 view .LVU787
 2153 013a 574B     		ldr	r3, .L177+8
 2154 013c 1B68     		ldr	r3, [r3]
 700:./ucos/Core/os_flag.c ****                  OS_EXIT_CRITICAL();                       /* Yes, condition met, return to caller 
 2155              		.loc 1 700 42 view .LVU788
 2156 013e A3F83090 		strh	r9, [r3, #48]	@ movhi
 701:./ucos/Core/os_flag.c ****                  *perr                   = OS_ERR_NONE;
 2157              		.loc 1 701 18 is_stmt 1 view .LVU789
 701:./ucos/Core/os_flag.c ****                  *perr                   = OS_ERR_NONE;
 2158              		.loc 1 701 18 view .LVU790
 2159 0142 5846     		mov	r0, fp
 2160              	.LVL233:
ARM GAS  /tmp/ccjnSGoX.s 			page 73


 701:./ucos/Core/os_flag.c ****                  *perr                   = OS_ERR_NONE;
 2161              		.loc 1 701 18 is_stmt 0 view .LVU791
 2162 0144 FFF7FEFF 		bl	OS_CPU_SR_Restore
 2163              	.LVL234:
 701:./ucos/Core/os_flag.c ****                  *perr                   = OS_ERR_NONE;
 2164              		.loc 1 701 18 is_stmt 1 discriminator 1 view .LVU792
 702:./ucos/Core/os_flag.c ****                  OS_TRACE_FLAG_PEND_EXIT(*perr);
 2165              		.loc 1 702 18 view .LVU793
 702:./ucos/Core/os_flag.c ****                  OS_TRACE_FLAG_PEND_EXIT(*perr);
 2166              		.loc 1 702 42 is_stmt 0 view .LVU794
 2167 0148 0021     		movs	r1, #0
 2168 014a 109B     		ldr	r3, [sp, #64]
 2169 014c 1970     		strb	r1, [r3]
 703:./ucos/Core/os_flag.c ****                  return (flags_rdy);
 2170              		.loc 1 703 18 is_stmt 1 view .LVU795
 2171 014e 3B20     		movs	r0, #59
 2172 0150 FFF7FEFF 		bl	SEGGER_SYSVIEW_RecordEndCallU32
 2173              	.LVL235:
 704:./ucos/Core/os_flag.c ****              } else {                                      /* Block task until events occur or time
 2174              		.loc 1 704 18 view .LVU796
 704:./ucos/Core/os_flag.c ****              } else {                                      /* Block task until events occur or time
 2175              		.loc 1 704 25 is_stmt 0 view .LVU797
 2176 0154 81E7     		b	.L138
 2177              	.LVL236:
 2178              	.L173:
 698:./ucos/Core/os_flag.c ****                  }
 2179              		.loc 1 698 22 is_stmt 1 view .LVU798
 698:./ucos/Core/os_flag.c ****                  }
 2180              		.loc 1 698 40 is_stmt 0 view .LVU799
 2181 0156 23EA0903 		bic	r3, r3, r9
 2182 015a A8F80830 		strh	r3, [r8, #8]	@ movhi
 2183 015e ECE7     		b	.L153
 2184              	.L152:
 706:./ucos/Core/os_flag.c ****                  OS_EXIT_CRITICAL();
 2185              		.loc 1 706 18 is_stmt 1 view .LVU800
 2186 0160 0097     		str	r7, [sp]
 2187 0162 2346     		mov	r3, r4
 2188 0164 3246     		mov	r2, r6
 2189 0166 03A9     		add	r1, sp, #12
 2190 0168 4046     		mov	r0, r8
 2191              	.LVL237:
 706:./ucos/Core/os_flag.c ****                  OS_EXIT_CRITICAL();
 2192              		.loc 1 706 18 is_stmt 0 view .LVU801
 2193 016a FFF7FEFF 		bl	OS_FlagBlock
 2194              	.LVL238:
 707:./ucos/Core/os_flag.c ****              }
 2195              		.loc 1 707 18 is_stmt 1 view .LVU802
 707:./ucos/Core/os_flag.c ****              }
 2196              		.loc 1 707 18 view .LVU803
 2197 016e 5846     		mov	r0, fp
 2198 0170 FFF7FEFF 		bl	OS_CPU_SR_Restore
 2199              	.LVL239:
 707:./ucos/Core/os_flag.c ****              }
 2200              		.loc 1 707 18 discriminator 1 view .LVU804
 709:./ucos/Core/os_flag.c **** 
 2201              		.loc 1 709 14 view .LVU805
 2202 0174 A5E7     		b	.L151
ARM GAS  /tmp/ccjnSGoX.s 			page 74


 2203              	.LVL240:
 2204              	.L148:
 713:./ucos/Core/os_flag.c ****              if (flags_rdy == flags) {                     /* Must match ALL the bits that we want 
 2205              		.loc 1 713 14 view .LVU806
 713:./ucos/Core/os_flag.c ****              if (flags_rdy == flags) {                     /* Must match ALL the bits that we want 
 2206              		.loc 1 713 41 is_stmt 0 view .LVU807
 2207 0176 B8F80830 		ldrh	r3, [r8, #8]
 713:./ucos/Core/os_flag.c ****              if (flags_rdy == flags) {                     /* Must match ALL the bits that we want 
 2208              		.loc 1 713 24 view .LVU808
 2209 017a 26EA0309 		bic	r9, r6, r3
 2210              	.LVL241:
 714:./ucos/Core/os_flag.c ****                  if (consume == OS_TRUE) {                 /* See if we need to consume the flags  
 2211              		.loc 1 714 14 is_stmt 1 view .LVU809
 714:./ucos/Core/os_flag.c ****                  if (consume == OS_TRUE) {                 /* See if we need to consume the flags  
 2212              		.loc 1 714 17 is_stmt 0 view .LVU810
 2213 017e 3342     		tst	r3, r6
 2214 0180 13D1     		bne	.L154
 715:./ucos/Core/os_flag.c ****                      pgrp->OSFlagFlags |= flags_rdy;       /* Set ONLY the flags that we wanted    
 2215              		.loc 1 715 18 is_stmt 1 view .LVU811
 715:./ucos/Core/os_flag.c ****                      pgrp->OSFlagFlags |= flags_rdy;       /* Set ONLY the flags that we wanted    
 2216              		.loc 1 715 21 is_stmt 0 view .LVU812
 2217 0182 012D     		cmp	r5, #1
 2218 0184 0DD0     		beq	.L174
 2219              	.L155:
 718:./ucos/Core/os_flag.c ****                  OS_EXIT_CRITICAL();                       /* Yes, condition met, return to caller 
 2220              		.loc 1 718 18 is_stmt 1 view .LVU813
 718:./ucos/Core/os_flag.c ****                  OS_EXIT_CRITICAL();                       /* Yes, condition met, return to caller 
 2221              		.loc 1 718 26 is_stmt 0 view .LVU814
 2222 0186 444B     		ldr	r3, .L177+8
 2223 0188 1B68     		ldr	r3, [r3]
 718:./ucos/Core/os_flag.c ****                  OS_EXIT_CRITICAL();                       /* Yes, condition met, return to caller 
 2224              		.loc 1 718 42 view .LVU815
 2225 018a A3F83090 		strh	r9, [r3, #48]	@ movhi
 719:./ucos/Core/os_flag.c ****                  *perr                   = OS_ERR_NONE;
 2226              		.loc 1 719 18 is_stmt 1 view .LVU816
 719:./ucos/Core/os_flag.c ****                  *perr                   = OS_ERR_NONE;
 2227              		.loc 1 719 18 view .LVU817
 2228 018e 5846     		mov	r0, fp
 2229              	.LVL242:
 719:./ucos/Core/os_flag.c ****                  *perr                   = OS_ERR_NONE;
 2230              		.loc 1 719 18 is_stmt 0 view .LVU818
 2231 0190 FFF7FEFF 		bl	OS_CPU_SR_Restore
 2232              	.LVL243:
 719:./ucos/Core/os_flag.c ****                  *perr                   = OS_ERR_NONE;
 2233              		.loc 1 719 18 is_stmt 1 discriminator 1 view .LVU819
 720:./ucos/Core/os_flag.c ****                  OS_TRACE_FLAG_PEND_EXIT(*perr);
 2234              		.loc 1 720 18 view .LVU820
 720:./ucos/Core/os_flag.c ****                  OS_TRACE_FLAG_PEND_EXIT(*perr);
 2235              		.loc 1 720 42 is_stmt 0 view .LVU821
 2236 0194 0021     		movs	r1, #0
 2237 0196 109B     		ldr	r3, [sp, #64]
 2238 0198 1970     		strb	r1, [r3]
 721:./ucos/Core/os_flag.c ****                  return (flags_rdy);
 2239              		.loc 1 721 18 is_stmt 1 view .LVU822
 2240 019a 3B20     		movs	r0, #59
 2241 019c FFF7FEFF 		bl	SEGGER_SYSVIEW_RecordEndCallU32
 2242              	.LVL244:
ARM GAS  /tmp/ccjnSGoX.s 			page 75


 722:./ucos/Core/os_flag.c ****              } else {                                      /* Block task until events occur or time
 2243              		.loc 1 722 18 view .LVU823
 722:./ucos/Core/os_flag.c ****              } else {                                      /* Block task until events occur or time
 2244              		.loc 1 722 25 is_stmt 0 view .LVU824
 2245 01a0 5BE7     		b	.L138
 2246              	.LVL245:
 2247              	.L174:
 716:./ucos/Core/os_flag.c ****                  }
 2248              		.loc 1 716 22 is_stmt 1 view .LVU825
 716:./ucos/Core/os_flag.c ****                  }
 2249              		.loc 1 716 40 is_stmt 0 view .LVU826
 2250 01a2 3343     		orrs	r3, r3, r6
 2251 01a4 A8F80830 		strh	r3, [r8, #8]	@ movhi
 2252 01a8 EDE7     		b	.L155
 2253              	.L154:
 724:./ucos/Core/os_flag.c ****                  OS_EXIT_CRITICAL();
 2254              		.loc 1 724 18 is_stmt 1 view .LVU827
 2255 01aa 0097     		str	r7, [sp]
 2256 01ac 2346     		mov	r3, r4
 2257 01ae 3246     		mov	r2, r6
 2258 01b0 03A9     		add	r1, sp, #12
 2259 01b2 4046     		mov	r0, r8
 2260              	.LVL246:
 724:./ucos/Core/os_flag.c ****                  OS_EXIT_CRITICAL();
 2261              		.loc 1 724 18 is_stmt 0 view .LVU828
 2262 01b4 FFF7FEFF 		bl	OS_FlagBlock
 2263              	.LVL247:
 725:./ucos/Core/os_flag.c ****              }
 2264              		.loc 1 725 18 is_stmt 1 view .LVU829
 725:./ucos/Core/os_flag.c ****              }
 2265              		.loc 1 725 18 view .LVU830
 2266 01b8 5846     		mov	r0, fp
 2267 01ba FFF7FEFF 		bl	OS_CPU_SR_Restore
 2268              	.LVL248:
 725:./ucos/Core/os_flag.c ****              }
 2269              		.loc 1 725 18 discriminator 1 view .LVU831
 727:./ucos/Core/os_flag.c **** 
 2270              		.loc 1 727 14 view .LVU832
 2271 01be 80E7     		b	.L151
 2272              	.LVL249:
 2273              	.L147:
 730:./ucos/Core/os_flag.c ****              if (flags_rdy != (OS_FLAGS)0) {               /* See if any flag cleared              
 2274              		.loc 1 730 14 view .LVU833
 730:./ucos/Core/os_flag.c ****              if (flags_rdy != (OS_FLAGS)0) {               /* See if any flag cleared              
 2275              		.loc 1 730 41 is_stmt 0 view .LVU834
 2276 01c0 B8F80830 		ldrh	r3, [r8, #8]
 2277              	.LVL250:
 731:./ucos/Core/os_flag.c ****                  if (consume == OS_TRUE) {                 /* See if we need to consume the flags  
 2278              		.loc 1 731 14 is_stmt 1 view .LVU835
 731:./ucos/Core/os_flag.c ****                  if (consume == OS_TRUE) {                 /* See if we need to consume the flags  
 2279              		.loc 1 731 17 is_stmt 0 view .LVU836
 2280 01c4 36EA0309 		bics	r9, r6, r3
 2281              	.LVL251:
 731:./ucos/Core/os_flag.c ****                  if (consume == OS_TRUE) {                 /* See if we need to consume the flags  
 2282              		.loc 1 731 17 view .LVU837
 2283 01c8 13D0     		beq	.L156
 732:./ucos/Core/os_flag.c ****                      pgrp->OSFlagFlags |= flags_rdy;       /* Set ONLY the flags that we got       
ARM GAS  /tmp/ccjnSGoX.s 			page 76


 2284              		.loc 1 732 18 is_stmt 1 view .LVU838
 732:./ucos/Core/os_flag.c ****                      pgrp->OSFlagFlags |= flags_rdy;       /* Set ONLY the flags that we got       
 2285              		.loc 1 732 21 is_stmt 0 view .LVU839
 2286 01ca 012D     		cmp	r5, #1
 2287 01cc 0DD0     		beq	.L175
 2288              	.L157:
 735:./ucos/Core/os_flag.c ****                  OS_EXIT_CRITICAL();                       /* Yes, condition met, return to caller 
 2289              		.loc 1 735 18 is_stmt 1 view .LVU840
 735:./ucos/Core/os_flag.c ****                  OS_EXIT_CRITICAL();                       /* Yes, condition met, return to caller 
 2290              		.loc 1 735 26 is_stmt 0 view .LVU841
 2291 01ce 324B     		ldr	r3, .L177+8
 2292 01d0 1B68     		ldr	r3, [r3]
 735:./ucos/Core/os_flag.c ****                  OS_EXIT_CRITICAL();                       /* Yes, condition met, return to caller 
 2293              		.loc 1 735 42 view .LVU842
 2294 01d2 A3F83090 		strh	r9, [r3, #48]	@ movhi
 736:./ucos/Core/os_flag.c ****                  *perr                   = OS_ERR_NONE;
 2295              		.loc 1 736 18 is_stmt 1 view .LVU843
 736:./ucos/Core/os_flag.c ****                  *perr                   = OS_ERR_NONE;
 2296              		.loc 1 736 18 view .LVU844
 2297 01d6 5846     		mov	r0, fp
 2298              	.LVL252:
 736:./ucos/Core/os_flag.c ****                  *perr                   = OS_ERR_NONE;
 2299              		.loc 1 736 18 is_stmt 0 view .LVU845
 2300 01d8 FFF7FEFF 		bl	OS_CPU_SR_Restore
 2301              	.LVL253:
 736:./ucos/Core/os_flag.c ****                  *perr                   = OS_ERR_NONE;
 2302              		.loc 1 736 18 is_stmt 1 discriminator 1 view .LVU846
 737:./ucos/Core/os_flag.c ****                  OS_TRACE_FLAG_PEND_EXIT(*perr);
 2303              		.loc 1 737 18 view .LVU847
 737:./ucos/Core/os_flag.c ****                  OS_TRACE_FLAG_PEND_EXIT(*perr);
 2304              		.loc 1 737 42 is_stmt 0 view .LVU848
 2305 01dc 0021     		movs	r1, #0
 2306 01de 109B     		ldr	r3, [sp, #64]
 2307 01e0 1970     		strb	r1, [r3]
 738:./ucos/Core/os_flag.c ****                  return (flags_rdy);
 2308              		.loc 1 738 18 is_stmt 1 view .LVU849
 2309 01e2 3B20     		movs	r0, #59
 2310 01e4 FFF7FEFF 		bl	SEGGER_SYSVIEW_RecordEndCallU32
 2311              	.LVL254:
 739:./ucos/Core/os_flag.c ****              } else {                                      /* Block task until events occur or time
 2312              		.loc 1 739 18 view .LVU850
 739:./ucos/Core/os_flag.c ****              } else {                                      /* Block task until events occur or time
 2313              		.loc 1 739 25 is_stmt 0 view .LVU851
 2314 01e8 37E7     		b	.L138
 2315              	.LVL255:
 2316              	.L175:
 733:./ucos/Core/os_flag.c ****                  }
 2317              		.loc 1 733 22 is_stmt 1 view .LVU852
 733:./ucos/Core/os_flag.c ****                  }
 2318              		.loc 1 733 40 is_stmt 0 view .LVU853
 2319 01ea 3343     		orrs	r3, r3, r6
 2320 01ec A8F80830 		strh	r3, [r8, #8]	@ movhi
 2321 01f0 EDE7     		b	.L157
 2322              	.L156:
 741:./ucos/Core/os_flag.c ****                  OS_EXIT_CRITICAL();
 2323              		.loc 1 741 18 is_stmt 1 view .LVU854
 2324 01f2 0097     		str	r7, [sp]
ARM GAS  /tmp/ccjnSGoX.s 			page 77


 2325 01f4 2346     		mov	r3, r4
 2326 01f6 3246     		mov	r2, r6
 2327 01f8 03A9     		add	r1, sp, #12
 2328 01fa 4046     		mov	r0, r8
 2329              	.LVL256:
 741:./ucos/Core/os_flag.c ****                  OS_EXIT_CRITICAL();
 2330              		.loc 1 741 18 is_stmt 0 view .LVU855
 2331 01fc FFF7FEFF 		bl	OS_FlagBlock
 2332              	.LVL257:
 742:./ucos/Core/os_flag.c ****              }
 2333              		.loc 1 742 18 is_stmt 1 view .LVU856
 742:./ucos/Core/os_flag.c ****              }
 2334              		.loc 1 742 18 view .LVU857
 2335 0200 5846     		mov	r0, fp
 2336 0202 FFF7FEFF 		bl	OS_CPU_SR_Restore
 2337              	.LVL258:
 742:./ucos/Core/os_flag.c ****              }
 2338              		.loc 1 742 18 discriminator 1 view .LVU858
 744:./ucos/Core/os_flag.c **** #endif
 2339              		.loc 1 744 14 view .LVU859
 2340 0206 5CE7     		b	.L151
 2341              	.LVL259:
 2342              	.L143:
 748:./ucos/Core/os_flag.c ****              flags_rdy = (OS_FLAGS)0;
 2343              		.loc 1 748 14 view .LVU860
 748:./ucos/Core/os_flag.c ****              flags_rdy = (OS_FLAGS)0;
 2344              		.loc 1 748 14 view .LVU861
 2345 0208 FFF7FEFF 		bl	OS_CPU_SR_Restore
 2346              	.LVL260:
 748:./ucos/Core/os_flag.c ****              flags_rdy = (OS_FLAGS)0;
 2347              		.loc 1 748 14 discriminator 1 view .LVU862
 749:./ucos/Core/os_flag.c ****              *perr      = OS_ERR_FLAG_WAIT_TYPE;
 2348              		.loc 1 749 14 view .LVU863
 750:./ucos/Core/os_flag.c ****              OS_TRACE_FLAG_PEND_EXIT(*perr);
 2349              		.loc 1 750 14 view .LVU864
 750:./ucos/Core/os_flag.c ****              OS_TRACE_FLAG_PEND_EXIT(*perr);
 2350              		.loc 1 750 25 is_stmt 0 view .LVU865
 2351 020c 6F21     		movs	r1, #111
 2352 020e 109B     		ldr	r3, [sp, #64]
 2353 0210 1970     		strb	r1, [r3]
 751:./ucos/Core/os_flag.c ****              return (flags_rdy);
 2354              		.loc 1 751 14 is_stmt 1 view .LVU866
 2355 0212 3B20     		movs	r0, #59
 2356 0214 FFF7FEFF 		bl	SEGGER_SYSVIEW_RecordEndCallU32
 2357              	.LVL261:
 752:./ucos/Core/os_flag.c ****     }
 2358              		.loc 1 752 14 view .LVU867
 752:./ucos/Core/os_flag.c ****     }
 2359              		.loc 1 752 21 is_stmt 0 view .LVU868
 2360 0218 4FF00009 		mov	r9, #0
 2361 021c 1DE7     		b	.L138
 2362              	.LVL262:
 2363              	.L171:
 758:./ucos/Core/os_flag.c ****         OSTCBCur->OSTCBStatPend  = OS_STAT_PEND_OK;
 2364              		.loc 1 758 9 is_stmt 1 view .LVU869
 759:./ucos/Core/os_flag.c ****         OS_FlagUnlink(&node);
 2365              		.loc 1 759 9 view .LVU870
ARM GAS  /tmp/ccjnSGoX.s 			page 78


 759:./ucos/Core/os_flag.c ****         OS_FlagUnlink(&node);
 2366              		.loc 1 759 34 is_stmt 0 view .LVU871
 2367 021e 0024     		movs	r4, #0
 2368              	.LVL263:
 759:./ucos/Core/os_flag.c ****         OS_FlagUnlink(&node);
 2369              		.loc 1 759 34 view .LVU872
 2370 0220 83F83940 		strb	r4, [r3, #57]
 760:./ucos/Core/os_flag.c ****         OSTCBCur->OSTCBStat      = OS_STAT_RDY;            /* Yes, make task ready-to-run          
 2371              		.loc 1 760 9 is_stmt 1 view .LVU873
 2372 0224 03A8     		add	r0, sp, #12
 2373              	.LVL264:
 760:./ucos/Core/os_flag.c ****         OSTCBCur->OSTCBStat      = OS_STAT_RDY;            /* Yes, make task ready-to-run          
 2374              		.loc 1 760 9 is_stmt 0 view .LVU874
 2375 0226 FFF7FEFF 		bl	OS_FlagUnlink
 2376              	.LVL265:
 761:./ucos/Core/os_flag.c ****         OS_EXIT_CRITICAL();
 2377              		.loc 1 761 9 is_stmt 1 view .LVU875
 761:./ucos/Core/os_flag.c ****         OS_EXIT_CRITICAL();
 2378              		.loc 1 761 17 is_stmt 0 view .LVU876
 2379 022a 1B4B     		ldr	r3, .L177+8
 2380 022c 1B68     		ldr	r3, [r3]
 761:./ucos/Core/os_flag.c ****         OS_EXIT_CRITICAL();
 2381              		.loc 1 761 34 view .LVU877
 2382 022e 83F83840 		strb	r4, [r3, #56]
 762:./ucos/Core/os_flag.c ****         flags_rdy                = (OS_FLAGS)0;
 2383              		.loc 1 762 9 is_stmt 1 view .LVU878
 762:./ucos/Core/os_flag.c ****         flags_rdy                = (OS_FLAGS)0;
 2384              		.loc 1 762 9 view .LVU879
 2385 0232 3046     		mov	r0, r6
 2386 0234 FFF7FEFF 		bl	OS_CPU_SR_Restore
 2387              	.LVL266:
 762:./ucos/Core/os_flag.c ****         flags_rdy                = (OS_FLAGS)0;
 2388              		.loc 1 762 9 discriminator 1 view .LVU880
 763:./ucos/Core/os_flag.c ****         switch (pend_stat) {
 2389              		.loc 1 763 9 view .LVU881
 764:./ucos/Core/os_flag.c ****             case OS_STAT_PEND_ABORT:
 2390              		.loc 1 764 9 view .LVU882
 2391 0238 022F     		cmp	r7, #2
 2392 023a 0AD0     		beq	.L176
 771:./ucos/Core/os_flag.c ****                  break;
 2393              		.loc 1 771 18 view .LVU883
 771:./ucos/Core/os_flag.c ****                  break;
 2394              		.loc 1 771 24 is_stmt 0 view .LVU884
 2395 023c 0A23     		movs	r3, #10
 2396 023e 109A     		ldr	r2, [sp, #64]
 2397 0240 1370     		strb	r3, [r2]
 772:./ucos/Core/os_flag.c ****         }
 2398              		.loc 1 772 18 is_stmt 1 view .LVU885
 2399              	.L160:
 774:./ucos/Core/os_flag.c ****         return (flags_rdy);
 2400              		.loc 1 774 9 view .LVU886
 2401 0242 109B     		ldr	r3, [sp, #64]
 2402 0244 1978     		ldrb	r1, [r3]	@ zero_extendqisi2
 2403 0246 3B20     		movs	r0, #59
 2404 0248 FFF7FEFF 		bl	SEGGER_SYSVIEW_RecordEndCallU32
 2405              	.LVL267:
 775:./ucos/Core/os_flag.c ****     }
ARM GAS  /tmp/ccjnSGoX.s 			page 79


 2406              		.loc 1 775 9 view .LVU887
 775:./ucos/Core/os_flag.c ****     }
 2407              		.loc 1 775 16 is_stmt 0 view .LVU888
 2408 024c 4FF00009 		mov	r9, #0
 2409 0250 03E7     		b	.L138
 2410              	.L176:
 766:./ucos/Core/os_flag.c ****                  break;
 2411              		.loc 1 766 18 is_stmt 1 view .LVU889
 766:./ucos/Core/os_flag.c ****                  break;
 2412              		.loc 1 766 24 is_stmt 0 view .LVU890
 2413 0252 0E23     		movs	r3, #14
 2414 0254 109A     		ldr	r2, [sp, #64]
 2415 0256 1370     		strb	r3, [r2]
 767:./ucos/Core/os_flag.c **** 
 2416              		.loc 1 767 18 is_stmt 1 view .LVU891
 2417 0258 F3E7     		b	.L160
 2418              	.LVL268:
 2419              	.L162:
 788:./ucos/Core/os_flag.c ****                  break;
 2420              		.loc 1 788 18 view .LVU892
 788:./ucos/Core/os_flag.c ****                  break;
 2421              		.loc 1 788 22 is_stmt 0 view .LVU893
 2422 025a B8F80830 		ldrh	r3, [r8, #8]
 788:./ucos/Core/os_flag.c ****                  break;
 2423              		.loc 1 788 36 view .LVU894
 2424 025e 43EA0903 		orr	r3, r3, r9
 2425 0262 A8F80830 		strh	r3, [r8, #8]	@ movhi
 789:./ucos/Core/os_flag.c **** #endif
 2426              		.loc 1 789 18 is_stmt 1 view .LVU895
 2427              	.LVL269:
 2428              	.L161:
 798:./ucos/Core/os_flag.c ****     *perr = OS_ERR_NONE;                                   /* Event(s) must have occurred          
 2429              		.loc 1 798 5 view .LVU896
 798:./ucos/Core/os_flag.c ****     *perr = OS_ERR_NONE;                                   /* Event(s) must have occurred          
 2430              		.loc 1 798 5 view .LVU897
 2431 0266 3046     		mov	r0, r6
 2432              	.LVL270:
 798:./ucos/Core/os_flag.c ****     *perr = OS_ERR_NONE;                                   /* Event(s) must have occurred          
 2433              		.loc 1 798 5 is_stmt 0 view .LVU898
 2434 0268 FFF7FEFF 		bl	OS_CPU_SR_Restore
 2435              	.LVL271:
 798:./ucos/Core/os_flag.c ****     *perr = OS_ERR_NONE;                                   /* Event(s) must have occurred          
 2436              		.loc 1 798 5 is_stmt 1 discriminator 1 view .LVU899
 799:./ucos/Core/os_flag.c ****     OS_TRACE_FLAG_PEND_EXIT(*perr);
 2437              		.loc 1 799 5 view .LVU900
 799:./ucos/Core/os_flag.c ****     OS_TRACE_FLAG_PEND_EXIT(*perr);
 2438              		.loc 1 799 11 is_stmt 0 view .LVU901
 2439 026c 0021     		movs	r1, #0
 2440 026e 109B     		ldr	r3, [sp, #64]
 2441 0270 1970     		strb	r1, [r3]
 800:./ucos/Core/os_flag.c ****     return (flags_rdy);
 2442              		.loc 1 800 5 is_stmt 1 view .LVU902
 2443 0272 3B20     		movs	r0, #59
 2444 0274 FFF7FEFF 		bl	SEGGER_SYSVIEW_RecordEndCallU32
 2445              	.LVL272:
 801:./ucos/Core/os_flag.c **** }
 2446              		.loc 1 801 5 view .LVU903
ARM GAS  /tmp/ccjnSGoX.s 			page 80


 801:./ucos/Core/os_flag.c **** }
 2447              		.loc 1 801 12 is_stmt 0 view .LVU904
 2448 0278 EFE6     		b	.L138
 2449              	.LVL273:
 2450              	.L163:
 792:./ucos/Core/os_flag.c ****                  *perr = OS_ERR_FLAG_WAIT_TYPE;
 2451              		.loc 1 792 18 is_stmt 1 view .LVU905
 792:./ucos/Core/os_flag.c ****                  *perr = OS_ERR_FLAG_WAIT_TYPE;
 2452              		.loc 1 792 18 view .LVU906
 2453 027a FFF7FEFF 		bl	OS_CPU_SR_Restore
 2454              	.LVL274:
 792:./ucos/Core/os_flag.c ****                  *perr = OS_ERR_FLAG_WAIT_TYPE;
 2455              		.loc 1 792 18 discriminator 1 view .LVU907
 793:./ucos/Core/os_flag.c ****                  OS_TRACE_FLAG_PEND_EXIT(*perr);
 2456              		.loc 1 793 18 view .LVU908
 793:./ucos/Core/os_flag.c ****                  OS_TRACE_FLAG_PEND_EXIT(*perr);
 2457              		.loc 1 793 24 is_stmt 0 view .LVU909
 2458 027e 6F21     		movs	r1, #111
 2459 0280 109B     		ldr	r3, [sp, #64]
 2460 0282 1970     		strb	r1, [r3]
 794:./ucos/Core/os_flag.c ****                  return ((OS_FLAGS)0);
 2461              		.loc 1 794 18 is_stmt 1 view .LVU910
 2462 0284 3B20     		movs	r0, #59
 2463 0286 FFF7FEFF 		bl	SEGGER_SYSVIEW_RecordEndCallU32
 2464              	.LVL275:
 795:./ucos/Core/os_flag.c ****         }
 2465              		.loc 1 795 18 view .LVU911
 795:./ucos/Core/os_flag.c ****         }
 2466              		.loc 1 795 25 is_stmt 0 view .LVU912
 2467 028a 4FF00009 		mov	r9, #0
 2468              	.LVL276:
 795:./ucos/Core/os_flag.c ****         }
 2469              		.loc 1 795 25 view .LVU913
 2470 028e E4E6     		b	.L138
 2471              	.L178:
 2472              		.align	2
 2473              	.L177:
 2474 0290 00000000 		.word	OSIntNesting
 2475 0294 00000000 		.word	OSLockNesting
 2476 0298 00000000 		.word	OSTCBCur
 2477              		.cfi_endproc
 2478              	.LFE5:
 2480              		.text
 2481              	.Letext0:
 2482              		.file 2 "./ucos/Ports/os_cpu.h"
 2483              		.file 3 "./ucos/Core/ucos_ii.h"
 2484              		.file 4 "./trace/SEGGER/SEGGER_SYSVIEW.h"
 2485              		.file 5 "./trace/uCOS-II/os_trace_events.h"
ARM GAS  /tmp/ccjnSGoX.s 			page 81


DEFINED SYMBOLS
                            *ABS*:00000000 os_flag.c
     /tmp/ccjnSGoX.s:21     .text.OS_FlagBlock:00000000 $t
     /tmp/ccjnSGoX.s:26     .text.OS_FlagBlock:00000000 OS_FlagBlock
     /tmp/ccjnSGoX.s:144    .text.OS_FlagBlock:00000068 $d
     /tmp/ccjnSGoX.s:151    .text.OSFlagAccept:00000000 $t
     /tmp/ccjnSGoX.s:157    .text.OSFlagAccept:00000000 OSFlagAccept
     /tmp/ccjnSGoX.s:242    .text.OSFlagAccept:00000042 $d
     /tmp/ccjnSGoX.s:247    .text.OSFlagAccept:00000046 $t
     /tmp/ccjnSGoX.s:416    .rodata.OSFlagCreate.str1.4:00000000 $d
     /tmp/ccjnSGoX.s:420    .text.OSFlagCreate:00000000 $t
     /tmp/ccjnSGoX.s:426    .text.OSFlagCreate:00000000 OSFlagCreate
     /tmp/ccjnSGoX.s:538    .text.OSFlagCreate:00000050 $d
     /tmp/ccjnSGoX.s:545    .text.OSFlagNameGet:00000000 $t
     /tmp/ccjnSGoX.s:551    .text.OSFlagNameGet:00000000 OSFlagNameGet
     /tmp/ccjnSGoX.s:674    .text.OSFlagNameGet:0000005c $d
     /tmp/ccjnSGoX.s:679    .text.OSFlagNameSet:00000000 $t
     /tmp/ccjnSGoX.s:685    .text.OSFlagNameSet:00000000 OSFlagNameSet
     /tmp/ccjnSGoX.s:790    .text.OSFlagNameSet:0000004c $d
     /tmp/ccjnSGoX.s:795    .text.OSFlagPendGetFlagsRdy:00000000 $t
     /tmp/ccjnSGoX.s:801    .text.OSFlagPendGetFlagsRdy:00000000 OSFlagPendGetFlagsRdy
     /tmp/ccjnSGoX.s:841    .text.OSFlagPendGetFlagsRdy:00000014 $d
     /tmp/ccjnSGoX.s:846    .text.OSFlagQuery:00000000 $t
     /tmp/ccjnSGoX.s:852    .text.OSFlagQuery:00000000 OSFlagQuery
     /tmp/ccjnSGoX.s:929    .text.OS_FlagInit:00000000 $t
     /tmp/ccjnSGoX.s:935    .text.OS_FlagInit:00000000 OS_FlagInit
     /tmp/ccjnSGoX.s:1026   .text.OS_FlagInit:0000004c $d
     /tmp/ccjnSGoX.s:1033   .text.OS_FlagUnlink:00000000 $t
     /tmp/ccjnSGoX.s:1039   .text.OS_FlagUnlink:00000000 OS_FlagUnlink
     /tmp/ccjnSGoX.s:1108   .text.OS_FlagTaskRdy:00000000 $t
     /tmp/ccjnSGoX.s:1113   .text.OS_FlagTaskRdy:00000000 OS_FlagTaskRdy
     /tmp/ccjnSGoX.s:1202   .text.OS_FlagTaskRdy:00000050 $d
     /tmp/ccjnSGoX.s:1208   .text.OSFlagDel:00000000 $t
     /tmp/ccjnSGoX.s:1214   .text.OSFlagDel:00000000 OSFlagDel
     /tmp/ccjnSGoX.s:1478   .text.OSFlagDel:000000e8 $d
     /tmp/ccjnSGoX.s:1485   .text.OSFlagPost:00000000 $t
     /tmp/ccjnSGoX.s:1491   .text.OSFlagPost:00000000 OSFlagPost
     /tmp/ccjnSGoX.s:1665   .text.OSFlagPost:00000094 $d
     /tmp/ccjnSGoX.s:1670   .text.OSFlagPost:000000a4 $t
     /tmp/ccjnSGoX.s:1844   .text.OSFlagPend:00000000 $t
     /tmp/ccjnSGoX.s:1850   .text.OSFlagPend:00000000 OSFlagPend
     /tmp/ccjnSGoX.s:1936   .text.OSFlagPend:0000004c $d
     /tmp/ccjnSGoX.s:1941   .text.OSFlagPend:00000050 $t
     /tmp/ccjnSGoX.s:2474   .text.OSFlagPend:00000290 $d

UNDEFINED SYMBOLS
SYSVIEW_TaskSuspend
OSTCBCur
OSRdyTbl
OSRdyGrp
OS_CPU_SR_Save
OS_CPU_SR_Restore
SYSVIEW_RecordU32Register
OSIntNesting
OSFlagFreeList
OS_StrLen
SYSVIEW_UpdateResource
ARM GAS  /tmp/ccjnSGoX.s 			page 82


OS_MemClr
OSFlagTbl
SYSVIEW_TaskReady
SEGGER_SYSVIEW_ShrinkId
SEGGER_SYSVIEW_RecordU32x2
SEGGER_SYSVIEW_RecordEndCallU32
OS_Sched
SEGGER_SYSVIEW_RecordU32x3
SYSVIEW_RecordU32x4
OSLockNesting
