ARM GAS  /tmp/ccZ5iSyA.s 			page 1


   1              		.cpu cortex-m4
   2              		.arch armv7e-m
   3              		.fpu fpv4-sp-d16
   4              		.eabi_attribute 27, 1
   5              		.eabi_attribute 28, 1
   6              		.eabi_attribute 20, 1
   7              		.eabi_attribute 21, 1
   8              		.eabi_attribute 23, 3
   9              		.eabi_attribute 24, 1
  10              		.eabi_attribute 25, 1
  11              		.eabi_attribute 26, 1
  12              		.eabi_attribute 30, 1
  13              		.eabi_attribute 34, 1
  14              		.eabi_attribute 18, 4
  15              		.file	"SEGGER_RTT.c"
  16              		.text
  17              	.Ltext0:
  18              		.cfi_sections	.debug_frame
  19              		.file 1 "./trace/SEGGER/SEGGER_RTT.c"
  20              		.section	.text._GetAvailWriteSpace,"ax",%progbits
  21              		.align	1
  22              		.syntax unified
  23              		.thumb
  24              		.thumb_func
  26              	_GetAvailWriteSpace:
  27              	.LVL0:
  28              	.LFB4:
   1:./trace/SEGGER/SEGGER_RTT.c **** /*********************************************************************
   2:./trace/SEGGER/SEGGER_RTT.c **** *                    SEGGER Microcontroller GmbH                     *
   3:./trace/SEGGER/SEGGER_RTT.c **** *                        The Embedded Experts                        *
   4:./trace/SEGGER/SEGGER_RTT.c **** **********************************************************************
   5:./trace/SEGGER/SEGGER_RTT.c **** *                                                                    *
   6:./trace/SEGGER/SEGGER_RTT.c **** *            (c) 1995 - 2024 SEGGER Microcontroller GmbH             *
   7:./trace/SEGGER/SEGGER_RTT.c **** *                                                                    *
   8:./trace/SEGGER/SEGGER_RTT.c **** *       www.segger.com     Support: support@segger.com               *
   9:./trace/SEGGER/SEGGER_RTT.c **** *                                                                    *
  10:./trace/SEGGER/SEGGER_RTT.c **** **********************************************************************
  11:./trace/SEGGER/SEGGER_RTT.c **** *                                                                    *
  12:./trace/SEGGER/SEGGER_RTT.c **** *       SEGGER SystemView * Real-time application analysis           *
  13:./trace/SEGGER/SEGGER_RTT.c **** *                                                                    *
  14:./trace/SEGGER/SEGGER_RTT.c **** **********************************************************************
  15:./trace/SEGGER/SEGGER_RTT.c **** *                                                                    *
  16:./trace/SEGGER/SEGGER_RTT.c **** * All rights reserved.                                               *
  17:./trace/SEGGER/SEGGER_RTT.c **** *                                                                    *
  18:./trace/SEGGER/SEGGER_RTT.c **** * SEGGER strongly recommends to not make any changes                 *
  19:./trace/SEGGER/SEGGER_RTT.c **** * to or modify the source code of this software in order to stay     *
  20:./trace/SEGGER/SEGGER_RTT.c **** * compatible with the SystemView and RTT protocol, and J-Link.       *
  21:./trace/SEGGER/SEGGER_RTT.c **** *                                                                    *
  22:./trace/SEGGER/SEGGER_RTT.c **** * Redistribution and use in source and binary forms, with or         *
  23:./trace/SEGGER/SEGGER_RTT.c **** * without modification, are permitted provided that the following    *
  24:./trace/SEGGER/SEGGER_RTT.c **** * condition is met:                                                  *
  25:./trace/SEGGER/SEGGER_RTT.c **** *                                                                    *
  26:./trace/SEGGER/SEGGER_RTT.c **** * o Redistributions of source code must retain the above copyright   *
  27:./trace/SEGGER/SEGGER_RTT.c **** *   notice, this condition and the following disclaimer.             *
  28:./trace/SEGGER/SEGGER_RTT.c **** *                                                                    *
  29:./trace/SEGGER/SEGGER_RTT.c **** * THIS SOFTWARE IS PROVIDED BY THE COPYRIGHT HOLDERS AND             *
  30:./trace/SEGGER/SEGGER_RTT.c **** * CONTRIBUTORS "AS IS" AND ANY EXPRESS OR IMPLIED WARRANTIES,        *
ARM GAS  /tmp/ccZ5iSyA.s 			page 2


  31:./trace/SEGGER/SEGGER_RTT.c **** * INCLUDING, BUT NOT LIMITED TO, THE IMPLIED WARRANTIES OF           *
  32:./trace/SEGGER/SEGGER_RTT.c **** * MERCHANTABILITY AND FITNESS FOR A PARTICULAR PURPOSE ARE           *
  33:./trace/SEGGER/SEGGER_RTT.c **** * DISCLAIMED. IN NO EVENT SHALL SEGGER Microcontroller BE LIABLE FOR *
  34:./trace/SEGGER/SEGGER_RTT.c **** * ANY DIRECT, INDIRECT, INCIDENTAL, SPECIAL, EXEMPLARY, OR           *
  35:./trace/SEGGER/SEGGER_RTT.c **** * CONSEQUENTIAL DAMAGES (INCLUDING, BUT NOT LIMITED TO, PROCUREMENT  *
  36:./trace/SEGGER/SEGGER_RTT.c **** * OF SUBSTITUTE GOODS OR SERVICES; LOSS OF USE, DATA, OR PROFITS;    *
  37:./trace/SEGGER/SEGGER_RTT.c **** * OR BUSINESS INTERRUPTION) HOWEVER CAUSED AND ON ANY THEORY OF      *
  38:./trace/SEGGER/SEGGER_RTT.c **** * LIABILITY, WHETHER IN CONTRACT, STRICT LIABILITY, OR TORT          *
  39:./trace/SEGGER/SEGGER_RTT.c **** * (INCLUDING NEGLIGENCE OR OTHERWISE) ARISING IN ANY WAY OUT OF THE  *
  40:./trace/SEGGER/SEGGER_RTT.c **** * USE OF THIS SOFTWARE, EVEN IF ADVISED OF THE POSSIBILITY OF SUCH   *
  41:./trace/SEGGER/SEGGER_RTT.c **** * DAMAGE.                                                            *
  42:./trace/SEGGER/SEGGER_RTT.c **** *                                                                    *
  43:./trace/SEGGER/SEGGER_RTT.c **** **********************************************************************
  44:./trace/SEGGER/SEGGER_RTT.c **** *                                                                    *
  45:./trace/SEGGER/SEGGER_RTT.c **** *       SystemView version: 3.60d                                    *
  46:./trace/SEGGER/SEGGER_RTT.c **** *                                                                    *
  47:./trace/SEGGER/SEGGER_RTT.c **** **********************************************************************
  48:./trace/SEGGER/SEGGER_RTT.c **** ---------------------------END-OF-HEADER------------------------------
  49:./trace/SEGGER/SEGGER_RTT.c **** File    : SEGGER_RTT.c
  50:./trace/SEGGER/SEGGER_RTT.c **** Purpose : Implementation of SEGGER real-time transfer (RTT) which
  51:./trace/SEGGER/SEGGER_RTT.c ****           allows real-time communication on targets which support
  52:./trace/SEGGER/SEGGER_RTT.c ****           debugger memory accesses while the CPU is running.
  53:./trace/SEGGER/SEGGER_RTT.c **** Revision: $Rev: 29668 $
  54:./trace/SEGGER/SEGGER_RTT.c **** 
  55:./trace/SEGGER/SEGGER_RTT.c **** Additional information:
  56:./trace/SEGGER/SEGGER_RTT.c ****           Type "int" is assumed to be 32-bits in size
  57:./trace/SEGGER/SEGGER_RTT.c ****           H->T    Host to target communication
  58:./trace/SEGGER/SEGGER_RTT.c ****           T->H    Target to host communication
  59:./trace/SEGGER/SEGGER_RTT.c **** 
  60:./trace/SEGGER/SEGGER_RTT.c ****           RTT channel 0 is always present and reserved for Terminal usage.
  61:./trace/SEGGER/SEGGER_RTT.c ****           Name is fixed to "Terminal"
  62:./trace/SEGGER/SEGGER_RTT.c **** 
  63:./trace/SEGGER/SEGGER_RTT.c ****           Effective buffer size: SizeOfBuffer - 1
  64:./trace/SEGGER/SEGGER_RTT.c **** 
  65:./trace/SEGGER/SEGGER_RTT.c ****           WrOff == RdOff:       Buffer is empty
  66:./trace/SEGGER/SEGGER_RTT.c ****           WrOff == (RdOff - 1): Buffer is full
  67:./trace/SEGGER/SEGGER_RTT.c ****           WrOff >  RdOff:       Free space includes wrap-around
  68:./trace/SEGGER/SEGGER_RTT.c ****           WrOff <  RdOff:       Used space includes wrap-around
  69:./trace/SEGGER/SEGGER_RTT.c ****           (WrOff == (SizeOfBuffer - 1)) && (RdOff == 0):
  70:./trace/SEGGER/SEGGER_RTT.c ****                                 Buffer full and wrap-around after next byte
  71:./trace/SEGGER/SEGGER_RTT.c **** 
  72:./trace/SEGGER/SEGGER_RTT.c **** 
  73:./trace/SEGGER/SEGGER_RTT.c **** ----------------------------------------------------------------------
  74:./trace/SEGGER/SEGGER_RTT.c **** */
  75:./trace/SEGGER/SEGGER_RTT.c **** 
  76:./trace/SEGGER/SEGGER_RTT.c **** #include "SEGGER_RTT.h"
  77:./trace/SEGGER/SEGGER_RTT.c **** 
  78:./trace/SEGGER/SEGGER_RTT.c **** #include <string.h>                 // for memcpy
  79:./trace/SEGGER/SEGGER_RTT.c **** 
  80:./trace/SEGGER/SEGGER_RTT.c **** /*********************************************************************
  81:./trace/SEGGER/SEGGER_RTT.c **** *
  82:./trace/SEGGER/SEGGER_RTT.c **** *       Configuration, default values
  83:./trace/SEGGER/SEGGER_RTT.c **** *
  84:./trace/SEGGER/SEGGER_RTT.c **** **********************************************************************
  85:./trace/SEGGER/SEGGER_RTT.c **** */
  86:./trace/SEGGER/SEGGER_RTT.c **** 
  87:./trace/SEGGER/SEGGER_RTT.c **** #if SEGGER_RTT_CPU_CACHE_LINE_SIZE
ARM GAS  /tmp/ccZ5iSyA.s 			page 3


  88:./trace/SEGGER/SEGGER_RTT.c ****   #ifdef SEGGER_RTT_CB_ALIGN
  89:./trace/SEGGER/SEGGER_RTT.c ****     #error "Custom SEGGER_RTT_CB_ALIGN() is not supported for SEGGER_RTT_CPU_CACHE_LINE_SIZE != 0"
  90:./trace/SEGGER/SEGGER_RTT.c ****   #endif
  91:./trace/SEGGER/SEGGER_RTT.c ****   #ifdef SEGGER_RTT_BUFFER_ALIGN
  92:./trace/SEGGER/SEGGER_RTT.c ****     #error "Custom SEGGER_RTT_BUFFER_ALIGN() is not supported for SEGGER_RTT_CPU_CACHE_LINE_SIZE !=
  93:./trace/SEGGER/SEGGER_RTT.c ****   #endif
  94:./trace/SEGGER/SEGGER_RTT.c ****   #ifdef SEGGER_RTT_PUT_CB_SECTION
  95:./trace/SEGGER/SEGGER_RTT.c ****     #error "Custom SEGGER_RTT_PUT_CB_SECTION() is not supported for SEGGER_RTT_CPU_CACHE_LINE_SIZE 
  96:./trace/SEGGER/SEGGER_RTT.c ****   #endif
  97:./trace/SEGGER/SEGGER_RTT.c ****   #ifdef SEGGER_RTT_PUT_BUFFER_SECTION
  98:./trace/SEGGER/SEGGER_RTT.c ****     #error "Custom SEGGER_RTT_PUT_BUFFER_SECTION() is not supported for SEGGER_RTT_CPU_CACHE_LINE_S
  99:./trace/SEGGER/SEGGER_RTT.c ****   #endif
 100:./trace/SEGGER/SEGGER_RTT.c ****   #ifdef SEGGER_RTT_BUFFER_ALIGNMENT
 101:./trace/SEGGER/SEGGER_RTT.c ****     #error "Custom SEGGER_RTT_BUFFER_ALIGNMENT is not supported for SEGGER_RTT_CPU_CACHE_LINE_SIZE 
 102:./trace/SEGGER/SEGGER_RTT.c ****   #endif
 103:./trace/SEGGER/SEGGER_RTT.c ****   #ifdef SEGGER_RTT_ALIGNMENT
 104:./trace/SEGGER/SEGGER_RTT.c ****     #error "Custom SEGGER_RTT_ALIGNMENT is not supported for SEGGER_RTT_CPU_CACHE_LINE_SIZE != 0"
 105:./trace/SEGGER/SEGGER_RTT.c ****   #endif
 106:./trace/SEGGER/SEGGER_RTT.c **** #endif
 107:./trace/SEGGER/SEGGER_RTT.c **** 
 108:./trace/SEGGER/SEGGER_RTT.c **** #ifndef   BUFFER_SIZE_UP
 109:./trace/SEGGER/SEGGER_RTT.c ****   #define BUFFER_SIZE_UP                                  1024  // Size of the buffer for terminal 
 110:./trace/SEGGER/SEGGER_RTT.c **** #endif
 111:./trace/SEGGER/SEGGER_RTT.c **** 
 112:./trace/SEGGER/SEGGER_RTT.c **** #ifndef   BUFFER_SIZE_DOWN
 113:./trace/SEGGER/SEGGER_RTT.c ****   #define BUFFER_SIZE_DOWN                                16    // Size of the buffer for terminal 
 114:./trace/SEGGER/SEGGER_RTT.c **** #endif
 115:./trace/SEGGER/SEGGER_RTT.c **** 
 116:./trace/SEGGER/SEGGER_RTT.c **** #ifndef   SEGGER_RTT_MAX_NUM_UP_BUFFERS
 117:./trace/SEGGER/SEGGER_RTT.c ****   #define SEGGER_RTT_MAX_NUM_UP_BUFFERS                    2    // Number of up-buffers (T->H) avai
 118:./trace/SEGGER/SEGGER_RTT.c **** #endif
 119:./trace/SEGGER/SEGGER_RTT.c **** 
 120:./trace/SEGGER/SEGGER_RTT.c **** #ifndef   SEGGER_RTT_MAX_NUM_DOWN_BUFFERS
 121:./trace/SEGGER/SEGGER_RTT.c ****   #define SEGGER_RTT_MAX_NUM_DOWN_BUFFERS                  2    // Number of down-buffers (H->T) av
 122:./trace/SEGGER/SEGGER_RTT.c **** #endif
 123:./trace/SEGGER/SEGGER_RTT.c **** 
 124:./trace/SEGGER/SEGGER_RTT.c **** #ifndef   SEGGER_RTT_ALIGNMENT
 125:./trace/SEGGER/SEGGER_RTT.c ****   #define SEGGER_RTT_ALIGNMENT                            SEGGER_RTT_CPU_CACHE_LINE_SIZE
 126:./trace/SEGGER/SEGGER_RTT.c **** #endif
 127:./trace/SEGGER/SEGGER_RTT.c **** 
 128:./trace/SEGGER/SEGGER_RTT.c **** #ifndef   SEGGER_RTT_BUFFER_ALIGNMENT
 129:./trace/SEGGER/SEGGER_RTT.c ****   #define SEGGER_RTT_BUFFER_ALIGNMENT                     SEGGER_RTT_CPU_CACHE_LINE_SIZE
 130:./trace/SEGGER/SEGGER_RTT.c **** #endif
 131:./trace/SEGGER/SEGGER_RTT.c **** 
 132:./trace/SEGGER/SEGGER_RTT.c **** #ifndef   SEGGER_RTT_MODE_DEFAULT
 133:./trace/SEGGER/SEGGER_RTT.c ****   #define SEGGER_RTT_MODE_DEFAULT                         SEGGER_RTT_MODE_NO_BLOCK_SKIP
 134:./trace/SEGGER/SEGGER_RTT.c **** #endif
 135:./trace/SEGGER/SEGGER_RTT.c **** 
 136:./trace/SEGGER/SEGGER_RTT.c **** #ifndef   SEGGER_RTT_LOCK
 137:./trace/SEGGER/SEGGER_RTT.c ****   #define SEGGER_RTT_LOCK()
 138:./trace/SEGGER/SEGGER_RTT.c **** #endif
 139:./trace/SEGGER/SEGGER_RTT.c **** 
 140:./trace/SEGGER/SEGGER_RTT.c **** #ifndef   SEGGER_RTT_UNLOCK
 141:./trace/SEGGER/SEGGER_RTT.c ****   #define SEGGER_RTT_UNLOCK()
 142:./trace/SEGGER/SEGGER_RTT.c **** #endif
 143:./trace/SEGGER/SEGGER_RTT.c **** 
 144:./trace/SEGGER/SEGGER_RTT.c **** #ifndef   STRLEN
ARM GAS  /tmp/ccZ5iSyA.s 			page 4


 145:./trace/SEGGER/SEGGER_RTT.c ****   #define STRLEN(a)                                       strlen((a))
 146:./trace/SEGGER/SEGGER_RTT.c **** #endif
 147:./trace/SEGGER/SEGGER_RTT.c **** 
 148:./trace/SEGGER/SEGGER_RTT.c **** #ifndef   STRCPY
 149:./trace/SEGGER/SEGGER_RTT.c ****   #define STRCPY(pDest, pSrc)                             strcpy((pDest), (pSrc))
 150:./trace/SEGGER/SEGGER_RTT.c **** #endif
 151:./trace/SEGGER/SEGGER_RTT.c **** 
 152:./trace/SEGGER/SEGGER_RTT.c **** #ifndef   SEGGER_RTT_MEMCPY_USE_BYTELOOP
 153:./trace/SEGGER/SEGGER_RTT.c ****   #define SEGGER_RTT_MEMCPY_USE_BYTELOOP                  0
 154:./trace/SEGGER/SEGGER_RTT.c **** #endif
 155:./trace/SEGGER/SEGGER_RTT.c **** 
 156:./trace/SEGGER/SEGGER_RTT.c **** #ifndef   SEGGER_RTT_MEMCPY
 157:./trace/SEGGER/SEGGER_RTT.c ****   #ifdef  MEMCPY
 158:./trace/SEGGER/SEGGER_RTT.c ****     #define SEGGER_RTT_MEMCPY(pDest, pSrc, NumBytes)      MEMCPY((pDest), (pSrc), (NumBytes))
 159:./trace/SEGGER/SEGGER_RTT.c ****   #else
 160:./trace/SEGGER/SEGGER_RTT.c ****     #define SEGGER_RTT_MEMCPY(pDest, pSrc, NumBytes)      memcpy((pDest), (pSrc), (NumBytes))
 161:./trace/SEGGER/SEGGER_RTT.c ****   #endif
 162:./trace/SEGGER/SEGGER_RTT.c **** #endif
 163:./trace/SEGGER/SEGGER_RTT.c **** 
 164:./trace/SEGGER/SEGGER_RTT.c **** #ifndef   MIN
 165:./trace/SEGGER/SEGGER_RTT.c ****   #define MIN(a, b)                                       (((a) < (b)) ? (a) : (b))
 166:./trace/SEGGER/SEGGER_RTT.c **** #endif
 167:./trace/SEGGER/SEGGER_RTT.c **** 
 168:./trace/SEGGER/SEGGER_RTT.c **** #ifndef   MAX
 169:./trace/SEGGER/SEGGER_RTT.c ****   #define MAX(a, b)                                       (((a) > (b)) ? (a) : (b))
 170:./trace/SEGGER/SEGGER_RTT.c **** #endif
 171:./trace/SEGGER/SEGGER_RTT.c **** 
 172:./trace/SEGGER/SEGGER_RTT.c **** /*********************************************************************
 173:./trace/SEGGER/SEGGER_RTT.c **** *
 174:./trace/SEGGER/SEGGER_RTT.c **** *       Defines, fixed
 175:./trace/SEGGER/SEGGER_RTT.c **** *
 176:./trace/SEGGER/SEGGER_RTT.c **** **********************************************************************
 177:./trace/SEGGER/SEGGER_RTT.c **** */
 178:./trace/SEGGER/SEGGER_RTT.c **** #if (defined __ICCARM__) || (defined __ICCRX__)
 179:./trace/SEGGER/SEGGER_RTT.c ****   #define RTT_PRAGMA(P) _Pragma(#P)
 180:./trace/SEGGER/SEGGER_RTT.c **** #endif
 181:./trace/SEGGER/SEGGER_RTT.c **** 
 182:./trace/SEGGER/SEGGER_RTT.c **** #if SEGGER_RTT_ALIGNMENT || SEGGER_RTT_BUFFER_ALIGNMENT
 183:./trace/SEGGER/SEGGER_RTT.c ****   #if ((defined __GNUC__) || (defined __clang__))
 184:./trace/SEGGER/SEGGER_RTT.c ****     #define SEGGER_RTT_ALIGN(Var, Alignment) Var __attribute__ ((aligned (Alignment)))
 185:./trace/SEGGER/SEGGER_RTT.c ****   #elif (defined __ICCARM__) || (defined __ICCRX__)
 186:./trace/SEGGER/SEGGER_RTT.c ****     #define PRAGMA(A) _Pragma(#A)
 187:./trace/SEGGER/SEGGER_RTT.c **** #define SEGGER_RTT_ALIGN(Var, Alignment) RTT_PRAGMA(data_alignment=Alignment) \
 188:./trace/SEGGER/SEGGER_RTT.c ****                                   Var
 189:./trace/SEGGER/SEGGER_RTT.c ****   #elif (defined __CC_ARM)
 190:./trace/SEGGER/SEGGER_RTT.c ****     #define SEGGER_RTT_ALIGN(Var, Alignment) Var __attribute__ ((aligned (Alignment)))
 191:./trace/SEGGER/SEGGER_RTT.c ****   #else
 192:./trace/SEGGER/SEGGER_RTT.c ****     #error "Alignment not supported for this compiler."
 193:./trace/SEGGER/SEGGER_RTT.c ****   #endif
 194:./trace/SEGGER/SEGGER_RTT.c **** #else
 195:./trace/SEGGER/SEGGER_RTT.c ****   #define SEGGER_RTT_ALIGN(Var, Alignment) Var
 196:./trace/SEGGER/SEGGER_RTT.c **** #endif
 197:./trace/SEGGER/SEGGER_RTT.c **** 
 198:./trace/SEGGER/SEGGER_RTT.c **** #if defined(SEGGER_RTT_SECTION) || defined (SEGGER_RTT_BUFFER_SECTION)
 199:./trace/SEGGER/SEGGER_RTT.c ****   #if ((defined __GNUC__) || (defined __clang__))
 200:./trace/SEGGER/SEGGER_RTT.c ****     #define SEGGER_RTT_PUT_SECTION(Var, Section) __attribute__ ((section (Section))) Var
 201:./trace/SEGGER/SEGGER_RTT.c ****   #elif (defined __ICCARM__) || (defined __ICCRX__)
ARM GAS  /tmp/ccZ5iSyA.s 			page 5


 202:./trace/SEGGER/SEGGER_RTT.c **** #define SEGGER_RTT_PUT_SECTION(Var, Section) RTT_PRAGMA(location=Section) \
 203:./trace/SEGGER/SEGGER_RTT.c ****                                         Var
 204:./trace/SEGGER/SEGGER_RTT.c ****   #elif (defined __CC_ARM)
 205:./trace/SEGGER/SEGGER_RTT.c ****     #define SEGGER_RTT_PUT_SECTION(Var, Section) __attribute__ ((section (Section)))  Var
 206:./trace/SEGGER/SEGGER_RTT.c ****   #else
 207:./trace/SEGGER/SEGGER_RTT.c ****     #error "Section placement not supported for this compiler."
 208:./trace/SEGGER/SEGGER_RTT.c ****   #endif
 209:./trace/SEGGER/SEGGER_RTT.c **** #else
 210:./trace/SEGGER/SEGGER_RTT.c ****   #define SEGGER_RTT_PUT_SECTION(Var, Section) Var
 211:./trace/SEGGER/SEGGER_RTT.c **** #endif
 212:./trace/SEGGER/SEGGER_RTT.c **** 
 213:./trace/SEGGER/SEGGER_RTT.c **** #if SEGGER_RTT_ALIGNMENT
 214:./trace/SEGGER/SEGGER_RTT.c ****   #define SEGGER_RTT_CB_ALIGN(Var)  SEGGER_RTT_ALIGN(Var, SEGGER_RTT_ALIGNMENT)
 215:./trace/SEGGER/SEGGER_RTT.c **** #else
 216:./trace/SEGGER/SEGGER_RTT.c ****   #define SEGGER_RTT_CB_ALIGN(Var)  Var
 217:./trace/SEGGER/SEGGER_RTT.c **** #endif
 218:./trace/SEGGER/SEGGER_RTT.c **** 
 219:./trace/SEGGER/SEGGER_RTT.c **** #if SEGGER_RTT_BUFFER_ALIGNMENT
 220:./trace/SEGGER/SEGGER_RTT.c ****   #define SEGGER_RTT_BUFFER_ALIGN(Var)  SEGGER_RTT_ALIGN(Var, SEGGER_RTT_BUFFER_ALIGNMENT)
 221:./trace/SEGGER/SEGGER_RTT.c **** #else
 222:./trace/SEGGER/SEGGER_RTT.c ****   #define SEGGER_RTT_BUFFER_ALIGN(Var)  Var
 223:./trace/SEGGER/SEGGER_RTT.c **** #endif
 224:./trace/SEGGER/SEGGER_RTT.c **** 
 225:./trace/SEGGER/SEGGER_RTT.c **** 
 226:./trace/SEGGER/SEGGER_RTT.c **** #if defined(SEGGER_RTT_SECTION)
 227:./trace/SEGGER/SEGGER_RTT.c ****   #define SEGGER_RTT_PUT_CB_SECTION(Var) SEGGER_RTT_PUT_SECTION(Var, SEGGER_RTT_SECTION)
 228:./trace/SEGGER/SEGGER_RTT.c **** #else
 229:./trace/SEGGER/SEGGER_RTT.c ****   #define SEGGER_RTT_PUT_CB_SECTION(Var) Var
 230:./trace/SEGGER/SEGGER_RTT.c **** #endif
 231:./trace/SEGGER/SEGGER_RTT.c **** 
 232:./trace/SEGGER/SEGGER_RTT.c **** #if defined(SEGGER_RTT_BUFFER_SECTION)
 233:./trace/SEGGER/SEGGER_RTT.c ****   #define SEGGER_RTT_PUT_BUFFER_SECTION(Var) SEGGER_RTT_PUT_SECTION(Var, SEGGER_RTT_BUFFER_SECTION)
 234:./trace/SEGGER/SEGGER_RTT.c **** #else
 235:./trace/SEGGER/SEGGER_RTT.c ****   #define SEGGER_RTT_PUT_BUFFER_SECTION(Var) Var
 236:./trace/SEGGER/SEGGER_RTT.c **** #endif
 237:./trace/SEGGER/SEGGER_RTT.c **** 
 238:./trace/SEGGER/SEGGER_RTT.c **** /*********************************************************************
 239:./trace/SEGGER/SEGGER_RTT.c **** *
 240:./trace/SEGGER/SEGGER_RTT.c **** *       Static const data
 241:./trace/SEGGER/SEGGER_RTT.c **** *
 242:./trace/SEGGER/SEGGER_RTT.c **** **********************************************************************
 243:./trace/SEGGER/SEGGER_RTT.c **** */
 244:./trace/SEGGER/SEGGER_RTT.c **** 
 245:./trace/SEGGER/SEGGER_RTT.c **** static const unsigned char _aTerminalId[16] = { '0', '1', '2', '3', '4', '5', '6', '7', '8', '9', '
 246:./trace/SEGGER/SEGGER_RTT.c **** 
 247:./trace/SEGGER/SEGGER_RTT.c **** /*********************************************************************
 248:./trace/SEGGER/SEGGER_RTT.c **** *
 249:./trace/SEGGER/SEGGER_RTT.c **** *       Static data
 250:./trace/SEGGER/SEGGER_RTT.c **** *
 251:./trace/SEGGER/SEGGER_RTT.c **** **********************************************************************
 252:./trace/SEGGER/SEGGER_RTT.c **** */
 253:./trace/SEGGER/SEGGER_RTT.c **** 
 254:./trace/SEGGER/SEGGER_RTT.c **** //
 255:./trace/SEGGER/SEGGER_RTT.c **** // RTT Control Block and allocate buffers for channel 0
 256:./trace/SEGGER/SEGGER_RTT.c **** //
 257:./trace/SEGGER/SEGGER_RTT.c **** #if SEGGER_RTT_CPU_CACHE_LINE_SIZE
 258:./trace/SEGGER/SEGGER_RTT.c ****   #if ((defined __GNUC__) || (defined __clang__))
ARM GAS  /tmp/ccZ5iSyA.s 			page 6


 259:./trace/SEGGER/SEGGER_RTT.c ****     SEGGER_RTT_CB _SEGGER_RTT                                                             __attribu
 260:./trace/SEGGER/SEGGER_RTT.c ****     static char   _acUpBuffer  [SEGGER_RTT__ROUND_UP_2_CACHE_LINE_SIZE(BUFFER_SIZE_UP)]   __attribu
 261:./trace/SEGGER/SEGGER_RTT.c ****     static char   _acDownBuffer[SEGGER_RTT__ROUND_UP_2_CACHE_LINE_SIZE(BUFFER_SIZE_DOWN)] __attribu
 262:./trace/SEGGER/SEGGER_RTT.c ****   #elif (defined __ICCARM__)
 263:./trace/SEGGER/SEGGER_RTT.c ****     #pragma data_alignment=SEGGER_RTT_CPU_CACHE_LINE_SIZE
 264:./trace/SEGGER/SEGGER_RTT.c ****     SEGGER_RTT_CB _SEGGER_RTT;
 265:./trace/SEGGER/SEGGER_RTT.c ****     #pragma data_alignment=SEGGER_RTT_CPU_CACHE_LINE_SIZE
 266:./trace/SEGGER/SEGGER_RTT.c ****     static char   _acUpBuffer  [SEGGER_RTT__ROUND_UP_2_CACHE_LINE_SIZE(BUFFER_SIZE_UP)];
 267:./trace/SEGGER/SEGGER_RTT.c ****     #pragma data_alignment=SEGGER_RTT_CPU_CACHE_LINE_SIZE
 268:./trace/SEGGER/SEGGER_RTT.c ****     static char   _acDownBuffer[SEGGER_RTT__ROUND_UP_2_CACHE_LINE_SIZE(BUFFER_SIZE_DOWN)];
 269:./trace/SEGGER/SEGGER_RTT.c ****   #else
 270:./trace/SEGGER/SEGGER_RTT.c ****     #error "Don't know how to place _SEGGER_RTT, _acUpBuffer, _acDownBuffer cache-line aligned"
 271:./trace/SEGGER/SEGGER_RTT.c ****   #endif
 272:./trace/SEGGER/SEGGER_RTT.c **** #else
 273:./trace/SEGGER/SEGGER_RTT.c ****   SEGGER_RTT_PUT_CB_SECTION(SEGGER_RTT_CB_ALIGN(SEGGER_RTT_CB _SEGGER_RTT));
 274:./trace/SEGGER/SEGGER_RTT.c ****   SEGGER_RTT_PUT_BUFFER_SECTION(SEGGER_RTT_BUFFER_ALIGN(static char _acUpBuffer  [BUFFER_SIZE_UP]))
 275:./trace/SEGGER/SEGGER_RTT.c ****   SEGGER_RTT_PUT_BUFFER_SECTION(SEGGER_RTT_BUFFER_ALIGN(static char _acDownBuffer[BUFFER_SIZE_DOWN]
 276:./trace/SEGGER/SEGGER_RTT.c **** #endif
 277:./trace/SEGGER/SEGGER_RTT.c **** 
 278:./trace/SEGGER/SEGGER_RTT.c **** static unsigned char _ActiveTerminal;
 279:./trace/SEGGER/SEGGER_RTT.c **** 
 280:./trace/SEGGER/SEGGER_RTT.c **** /*********************************************************************
 281:./trace/SEGGER/SEGGER_RTT.c **** *
 282:./trace/SEGGER/SEGGER_RTT.c **** *       Static functions
 283:./trace/SEGGER/SEGGER_RTT.c **** *
 284:./trace/SEGGER/SEGGER_RTT.c **** **********************************************************************
 285:./trace/SEGGER/SEGGER_RTT.c **** */
 286:./trace/SEGGER/SEGGER_RTT.c **** 
 287:./trace/SEGGER/SEGGER_RTT.c **** /*********************************************************************
 288:./trace/SEGGER/SEGGER_RTT.c **** *
 289:./trace/SEGGER/SEGGER_RTT.c **** *       _DoInit()
 290:./trace/SEGGER/SEGGER_RTT.c **** *
 291:./trace/SEGGER/SEGGER_RTT.c **** *  Function description
 292:./trace/SEGGER/SEGGER_RTT.c **** *    Initializes the control block an buffers.
 293:./trace/SEGGER/SEGGER_RTT.c **** *
 294:./trace/SEGGER/SEGGER_RTT.c **** *  Notes
 295:./trace/SEGGER/SEGGER_RTT.c **** *    (1) May only be called via INIT() to avoid overriding settings.
 296:./trace/SEGGER/SEGGER_RTT.c **** *        The only exception is SEGGER_RTT_Init(), to make an intentional override possible.
 297:./trace/SEGGER/SEGGER_RTT.c **** */
 298:./trace/SEGGER/SEGGER_RTT.c ****   #define INIT()                                                                             \
 299:./trace/SEGGER/SEGGER_RTT.c ****     do {                                                                                     \
 300:./trace/SEGGER/SEGGER_RTT.c ****       volatile SEGGER_RTT_CB* pRTTCBInit;                                                    \
 301:./trace/SEGGER/SEGGER_RTT.c ****       pRTTCBInit = (volatile SEGGER_RTT_CB*)((uintptr_t)&_SEGGER_RTT + SEGGER_RTT_UNCACHED_OFF); \
 302:./trace/SEGGER/SEGGER_RTT.c ****       if (pRTTCBInit->acID[0] != 'S') {                                                      \
 303:./trace/SEGGER/SEGGER_RTT.c ****         _DoInit();                                                                           \
 304:./trace/SEGGER/SEGGER_RTT.c ****       }                                                                                      \
 305:./trace/SEGGER/SEGGER_RTT.c ****     } while (0)
 306:./trace/SEGGER/SEGGER_RTT.c **** 
 307:./trace/SEGGER/SEGGER_RTT.c **** static void _DoInit(void) {
 308:./trace/SEGGER/SEGGER_RTT.c ****   volatile SEGGER_RTT_CB* p;   // Volatile to make sure that compiler cannot change the order of ac
 309:./trace/SEGGER/SEGGER_RTT.c ****   static const char _aInitStr[] = "\0\0\0\0\0\0TTR REGGES";  // Init complete ID string to make sur
 310:./trace/SEGGER/SEGGER_RTT.c ****   unsigned i;
 311:./trace/SEGGER/SEGGER_RTT.c ****   //
 312:./trace/SEGGER/SEGGER_RTT.c ****   // Initialize control block
 313:./trace/SEGGER/SEGGER_RTT.c ****   //
 314:./trace/SEGGER/SEGGER_RTT.c ****   p                     = (volatile SEGGER_RTT_CB*)((uintptr_t)&_SEGGER_RTT + SEGGER_RTT_UNCACHED_O
 315:./trace/SEGGER/SEGGER_RTT.c ****   memset((SEGGER_RTT_CB*)p, 0, sizeof(_SEGGER_RTT));         // Make sure that the RTT CB is always
ARM GAS  /tmp/ccZ5iSyA.s 			page 7


 316:./trace/SEGGER/SEGGER_RTT.c ****   p->MaxNumUpBuffers    = SEGGER_RTT_MAX_NUM_UP_BUFFERS;
 317:./trace/SEGGER/SEGGER_RTT.c ****   p->MaxNumDownBuffers  = SEGGER_RTT_MAX_NUM_DOWN_BUFFERS;
 318:./trace/SEGGER/SEGGER_RTT.c ****   //
 319:./trace/SEGGER/SEGGER_RTT.c ****   // Initialize up buffer 0
 320:./trace/SEGGER/SEGGER_RTT.c ****   //
 321:./trace/SEGGER/SEGGER_RTT.c ****   p->aUp[0].sName         = "Terminal";
 322:./trace/SEGGER/SEGGER_RTT.c ****   p->aUp[0].pBuffer       = _acUpBuffer;
 323:./trace/SEGGER/SEGGER_RTT.c ****   p->aUp[0].SizeOfBuffer  = BUFFER_SIZE_UP;
 324:./trace/SEGGER/SEGGER_RTT.c ****   p->aUp[0].RdOff         = 0u;
 325:./trace/SEGGER/SEGGER_RTT.c ****   p->aUp[0].WrOff         = 0u;
 326:./trace/SEGGER/SEGGER_RTT.c ****   p->aUp[0].Flags         = SEGGER_RTT_MODE_DEFAULT;
 327:./trace/SEGGER/SEGGER_RTT.c ****   //
 328:./trace/SEGGER/SEGGER_RTT.c ****   // Initialize down buffer 0
 329:./trace/SEGGER/SEGGER_RTT.c ****   //
 330:./trace/SEGGER/SEGGER_RTT.c ****   p->aDown[0].sName         = "Terminal";
 331:./trace/SEGGER/SEGGER_RTT.c ****   p->aDown[0].pBuffer       = _acDownBuffer;
 332:./trace/SEGGER/SEGGER_RTT.c ****   p->aDown[0].SizeOfBuffer  = BUFFER_SIZE_DOWN;
 333:./trace/SEGGER/SEGGER_RTT.c ****   p->aDown[0].RdOff         = 0u;
 334:./trace/SEGGER/SEGGER_RTT.c ****   p->aDown[0].WrOff         = 0u;
 335:./trace/SEGGER/SEGGER_RTT.c ****   p->aDown[0].Flags         = SEGGER_RTT_MODE_DEFAULT;
 336:./trace/SEGGER/SEGGER_RTT.c ****   //
 337:./trace/SEGGER/SEGGER_RTT.c ****   // Finish initialization of the control block.
 338:./trace/SEGGER/SEGGER_RTT.c ****   // Copy Id string backwards to make sure that "SEGGER RTT" is not found in initializer memory (us
 339:./trace/SEGGER/SEGGER_RTT.c ****   // as this would cause J-Link to "find" the control block at a wrong address.
 340:./trace/SEGGER/SEGGER_RTT.c ****   //
 341:./trace/SEGGER/SEGGER_RTT.c ****   RTT__DMB();                       // Force order of memory accesses for cores that may perform ou
 342:./trace/SEGGER/SEGGER_RTT.c ****   for (i = 0; i < sizeof(_aInitStr) - 1; ++i) {
 343:./trace/SEGGER/SEGGER_RTT.c ****     p->acID[i] = _aInitStr[sizeof(_aInitStr) - 2 - i];  // Skip terminating \0 at the end of the ar
 344:./trace/SEGGER/SEGGER_RTT.c ****   }
 345:./trace/SEGGER/SEGGER_RTT.c ****   RTT__DMB();                       // Force order of memory accesses for cores that may perform ou
 346:./trace/SEGGER/SEGGER_RTT.c **** }
 347:./trace/SEGGER/SEGGER_RTT.c **** 
 348:./trace/SEGGER/SEGGER_RTT.c **** /*********************************************************************
 349:./trace/SEGGER/SEGGER_RTT.c **** *
 350:./trace/SEGGER/SEGGER_RTT.c **** *       _WriteBlocking()
 351:./trace/SEGGER/SEGGER_RTT.c **** *
 352:./trace/SEGGER/SEGGER_RTT.c **** *  Function description
 353:./trace/SEGGER/SEGGER_RTT.c **** *    Stores a specified number of characters in SEGGER RTT ring buffer
 354:./trace/SEGGER/SEGGER_RTT.c **** *    and updates the associated write pointer which is periodically
 355:./trace/SEGGER/SEGGER_RTT.c **** *    read by the host.
 356:./trace/SEGGER/SEGGER_RTT.c **** *    The caller is responsible for managing the write chunk sizes as
 357:./trace/SEGGER/SEGGER_RTT.c **** *    _WriteBlocking() will block until all data has been posted successfully.
 358:./trace/SEGGER/SEGGER_RTT.c **** *
 359:./trace/SEGGER/SEGGER_RTT.c **** *  Parameters
 360:./trace/SEGGER/SEGGER_RTT.c **** *    pRing        Ring buffer to post to.
 361:./trace/SEGGER/SEGGER_RTT.c **** *    pBuffer      Pointer to character array. Does not need to point to a \0 terminated string.
 362:./trace/SEGGER/SEGGER_RTT.c **** *    NumBytes     Number of bytes to be stored in the SEGGER RTT control block.
 363:./trace/SEGGER/SEGGER_RTT.c **** *
 364:./trace/SEGGER/SEGGER_RTT.c **** *  Return value
 365:./trace/SEGGER/SEGGER_RTT.c **** *    >= 0 - Number of bytes written into buffer.
 366:./trace/SEGGER/SEGGER_RTT.c **** */
 367:./trace/SEGGER/SEGGER_RTT.c **** static unsigned _WriteBlocking(SEGGER_RTT_BUFFER_UP* pRing, const char* pBuffer, unsigned NumBytes)
 368:./trace/SEGGER/SEGGER_RTT.c ****   unsigned NumBytesToWrite;
 369:./trace/SEGGER/SEGGER_RTT.c ****   unsigned NumBytesWritten;
 370:./trace/SEGGER/SEGGER_RTT.c ****   unsigned RdOff;
 371:./trace/SEGGER/SEGGER_RTT.c ****   unsigned WrOff;
 372:./trace/SEGGER/SEGGER_RTT.c ****   volatile char* pDst;
ARM GAS  /tmp/ccZ5iSyA.s 			page 8


 373:./trace/SEGGER/SEGGER_RTT.c ****   //
 374:./trace/SEGGER/SEGGER_RTT.c ****   // Write data to buffer and handle wrap-around if necessary
 375:./trace/SEGGER/SEGGER_RTT.c ****   //
 376:./trace/SEGGER/SEGGER_RTT.c ****   NumBytesWritten = 0u;
 377:./trace/SEGGER/SEGGER_RTT.c ****   WrOff = pRing->WrOff;
 378:./trace/SEGGER/SEGGER_RTT.c ****   do {
 379:./trace/SEGGER/SEGGER_RTT.c ****     RdOff = pRing->RdOff;                         // May be changed by host (debug probe) in the me
 380:./trace/SEGGER/SEGGER_RTT.c ****     if (RdOff > WrOff) {
 381:./trace/SEGGER/SEGGER_RTT.c ****       NumBytesToWrite = RdOff - WrOff - 1u;
 382:./trace/SEGGER/SEGGER_RTT.c ****     } else {
 383:./trace/SEGGER/SEGGER_RTT.c ****       NumBytesToWrite = pRing->SizeOfBuffer - (WrOff - RdOff + 1u);
 384:./trace/SEGGER/SEGGER_RTT.c ****     }
 385:./trace/SEGGER/SEGGER_RTT.c ****     NumBytesToWrite = MIN(NumBytesToWrite, (pRing->SizeOfBuffer - WrOff));      // Number of bytes 
 386:./trace/SEGGER/SEGGER_RTT.c ****     NumBytesToWrite = MIN(NumBytesToWrite, NumBytes);
 387:./trace/SEGGER/SEGGER_RTT.c ****     pDst = (pRing->pBuffer + WrOff) + SEGGER_RTT_UNCACHED_OFF;
 388:./trace/SEGGER/SEGGER_RTT.c **** #if SEGGER_RTT_MEMCPY_USE_BYTELOOP
 389:./trace/SEGGER/SEGGER_RTT.c ****     NumBytesWritten += NumBytesToWrite;
 390:./trace/SEGGER/SEGGER_RTT.c ****     NumBytes        -= NumBytesToWrite;
 391:./trace/SEGGER/SEGGER_RTT.c ****     WrOff           += NumBytesToWrite;
 392:./trace/SEGGER/SEGGER_RTT.c ****     while (NumBytesToWrite--) {
 393:./trace/SEGGER/SEGGER_RTT.c ****       *pDst++ = *pBuffer++;
 394:./trace/SEGGER/SEGGER_RTT.c ****     };
 395:./trace/SEGGER/SEGGER_RTT.c **** #else
 396:./trace/SEGGER/SEGGER_RTT.c ****     SEGGER_RTT_MEMCPY((void*)pDst, pBuffer, NumBytesToWrite);
 397:./trace/SEGGER/SEGGER_RTT.c ****     NumBytesWritten += NumBytesToWrite;
 398:./trace/SEGGER/SEGGER_RTT.c ****     pBuffer         += NumBytesToWrite;
 399:./trace/SEGGER/SEGGER_RTT.c ****     NumBytes        -= NumBytesToWrite;
 400:./trace/SEGGER/SEGGER_RTT.c ****     WrOff           += NumBytesToWrite;
 401:./trace/SEGGER/SEGGER_RTT.c **** #endif
 402:./trace/SEGGER/SEGGER_RTT.c ****     if (WrOff == pRing->SizeOfBuffer) {
 403:./trace/SEGGER/SEGGER_RTT.c ****       WrOff = 0u;
 404:./trace/SEGGER/SEGGER_RTT.c ****     }
 405:./trace/SEGGER/SEGGER_RTT.c ****     RTT__DMB();                     // Force data write to be complete before writing the <WrOff>, 
 406:./trace/SEGGER/SEGGER_RTT.c ****     pRing->WrOff = WrOff;
 407:./trace/SEGGER/SEGGER_RTT.c ****   } while (NumBytes);
 408:./trace/SEGGER/SEGGER_RTT.c ****   return NumBytesWritten;
 409:./trace/SEGGER/SEGGER_RTT.c **** }
 410:./trace/SEGGER/SEGGER_RTT.c **** 
 411:./trace/SEGGER/SEGGER_RTT.c **** /*********************************************************************
 412:./trace/SEGGER/SEGGER_RTT.c **** *
 413:./trace/SEGGER/SEGGER_RTT.c **** *       _WriteNoCheck()
 414:./trace/SEGGER/SEGGER_RTT.c **** *
 415:./trace/SEGGER/SEGGER_RTT.c **** *  Function description
 416:./trace/SEGGER/SEGGER_RTT.c **** *    Stores a specified number of characters in SEGGER RTT ring buffer
 417:./trace/SEGGER/SEGGER_RTT.c **** *    and updates the associated write pointer which is periodically
 418:./trace/SEGGER/SEGGER_RTT.c **** *    read by the host.
 419:./trace/SEGGER/SEGGER_RTT.c **** *    It is callers responsibility to make sure data actually fits in buffer.
 420:./trace/SEGGER/SEGGER_RTT.c **** *
 421:./trace/SEGGER/SEGGER_RTT.c **** *  Parameters
 422:./trace/SEGGER/SEGGER_RTT.c **** *    pRing        Ring buffer to post to.
 423:./trace/SEGGER/SEGGER_RTT.c **** *    pBuffer      Pointer to character array. Does not need to point to a \0 terminated string.
 424:./trace/SEGGER/SEGGER_RTT.c **** *    NumBytes     Number of bytes to be stored in the SEGGER RTT control block.
 425:./trace/SEGGER/SEGGER_RTT.c **** *
 426:./trace/SEGGER/SEGGER_RTT.c **** *  Notes
 427:./trace/SEGGER/SEGGER_RTT.c **** *    (1) If there might not be enough space in the "Up"-buffer, call _WriteBlocking
 428:./trace/SEGGER/SEGGER_RTT.c **** */
 429:./trace/SEGGER/SEGGER_RTT.c **** static void _WriteNoCheck(SEGGER_RTT_BUFFER_UP* pRing, const char* pData, unsigned NumBytes) {
ARM GAS  /tmp/ccZ5iSyA.s 			page 9


 430:./trace/SEGGER/SEGGER_RTT.c ****   unsigned NumBytesAtOnce;
 431:./trace/SEGGER/SEGGER_RTT.c ****   unsigned WrOff;
 432:./trace/SEGGER/SEGGER_RTT.c ****   unsigned Rem;
 433:./trace/SEGGER/SEGGER_RTT.c ****   volatile char* pDst;
 434:./trace/SEGGER/SEGGER_RTT.c **** 
 435:./trace/SEGGER/SEGGER_RTT.c ****   WrOff = pRing->WrOff;
 436:./trace/SEGGER/SEGGER_RTT.c ****   Rem = pRing->SizeOfBuffer - WrOff;
 437:./trace/SEGGER/SEGGER_RTT.c ****   if (Rem > NumBytes) {
 438:./trace/SEGGER/SEGGER_RTT.c ****     //
 439:./trace/SEGGER/SEGGER_RTT.c ****     // All data fits before wrap around
 440:./trace/SEGGER/SEGGER_RTT.c ****     //
 441:./trace/SEGGER/SEGGER_RTT.c ****     pDst = (pRing->pBuffer + WrOff) + SEGGER_RTT_UNCACHED_OFF;
 442:./trace/SEGGER/SEGGER_RTT.c **** #if SEGGER_RTT_MEMCPY_USE_BYTELOOP
 443:./trace/SEGGER/SEGGER_RTT.c ****     WrOff += NumBytes;
 444:./trace/SEGGER/SEGGER_RTT.c ****     while (NumBytes--) {
 445:./trace/SEGGER/SEGGER_RTT.c ****       *pDst++ = *pData++;
 446:./trace/SEGGER/SEGGER_RTT.c ****     };
 447:./trace/SEGGER/SEGGER_RTT.c ****     RTT__DMB();                     // Force data write to be complete before writing the <WrOff>, 
 448:./trace/SEGGER/SEGGER_RTT.c ****     pRing->WrOff = WrOff;
 449:./trace/SEGGER/SEGGER_RTT.c **** #else
 450:./trace/SEGGER/SEGGER_RTT.c ****     SEGGER_RTT_MEMCPY((void*)pDst, pData, NumBytes);
 451:./trace/SEGGER/SEGGER_RTT.c ****     RTT__DMB();                     // Force data write to be complete before writing the <WrOff>, 
 452:./trace/SEGGER/SEGGER_RTT.c ****     pRing->WrOff = WrOff + NumBytes;
 453:./trace/SEGGER/SEGGER_RTT.c **** #endif
 454:./trace/SEGGER/SEGGER_RTT.c ****   } else {
 455:./trace/SEGGER/SEGGER_RTT.c ****     //
 456:./trace/SEGGER/SEGGER_RTT.c ****     // We reach the end of the buffer, so need to wrap around
 457:./trace/SEGGER/SEGGER_RTT.c ****     //
 458:./trace/SEGGER/SEGGER_RTT.c **** #if SEGGER_RTT_MEMCPY_USE_BYTELOOP
 459:./trace/SEGGER/SEGGER_RTT.c ****     pDst = (pRing->pBuffer + WrOff) + SEGGER_RTT_UNCACHED_OFF;
 460:./trace/SEGGER/SEGGER_RTT.c ****     NumBytesAtOnce = Rem;
 461:./trace/SEGGER/SEGGER_RTT.c ****     while (NumBytesAtOnce--) {
 462:./trace/SEGGER/SEGGER_RTT.c ****       *pDst++ = *pData++;
 463:./trace/SEGGER/SEGGER_RTT.c ****     };
 464:./trace/SEGGER/SEGGER_RTT.c ****     pDst = pRing->pBuffer + SEGGER_RTT_UNCACHED_OFF;
 465:./trace/SEGGER/SEGGER_RTT.c ****     NumBytesAtOnce = NumBytes - Rem;
 466:./trace/SEGGER/SEGGER_RTT.c ****     while (NumBytesAtOnce--) {
 467:./trace/SEGGER/SEGGER_RTT.c ****       *pDst++ = *pData++;
 468:./trace/SEGGER/SEGGER_RTT.c ****     };
 469:./trace/SEGGER/SEGGER_RTT.c ****     RTT__DMB();                     // Force data write to be complete before writing the <WrOff>, 
 470:./trace/SEGGER/SEGGER_RTT.c ****     pRing->WrOff = NumBytes - Rem;
 471:./trace/SEGGER/SEGGER_RTT.c **** #else
 472:./trace/SEGGER/SEGGER_RTT.c ****     NumBytesAtOnce = Rem;
 473:./trace/SEGGER/SEGGER_RTT.c ****     pDst = (pRing->pBuffer + WrOff) + SEGGER_RTT_UNCACHED_OFF;
 474:./trace/SEGGER/SEGGER_RTT.c ****     SEGGER_RTT_MEMCPY((void*)pDst, pData, NumBytesAtOnce);
 475:./trace/SEGGER/SEGGER_RTT.c ****     NumBytesAtOnce = NumBytes - Rem;
 476:./trace/SEGGER/SEGGER_RTT.c ****     pDst = pRing->pBuffer + SEGGER_RTT_UNCACHED_OFF;
 477:./trace/SEGGER/SEGGER_RTT.c ****     SEGGER_RTT_MEMCPY((void*)pDst, pData + Rem, NumBytesAtOnce);
 478:./trace/SEGGER/SEGGER_RTT.c ****     RTT__DMB();                     // Force data write to be complete before writing the <WrOff>, 
 479:./trace/SEGGER/SEGGER_RTT.c ****     pRing->WrOff = NumBytesAtOnce;
 480:./trace/SEGGER/SEGGER_RTT.c **** #endif
 481:./trace/SEGGER/SEGGER_RTT.c ****   }
 482:./trace/SEGGER/SEGGER_RTT.c **** }
 483:./trace/SEGGER/SEGGER_RTT.c **** 
 484:./trace/SEGGER/SEGGER_RTT.c **** /*********************************************************************
 485:./trace/SEGGER/SEGGER_RTT.c **** *
 486:./trace/SEGGER/SEGGER_RTT.c **** *       _PostTerminalSwitch()
ARM GAS  /tmp/ccZ5iSyA.s 			page 10


 487:./trace/SEGGER/SEGGER_RTT.c **** *
 488:./trace/SEGGER/SEGGER_RTT.c **** *  Function description
 489:./trace/SEGGER/SEGGER_RTT.c **** *    Switch terminal to the given terminal ID.  It is the caller's
 490:./trace/SEGGER/SEGGER_RTT.c **** *    responsibility to ensure the terminal ID is correct and there is
 491:./trace/SEGGER/SEGGER_RTT.c **** *    enough space in the buffer for this to complete successfully.
 492:./trace/SEGGER/SEGGER_RTT.c **** *
 493:./trace/SEGGER/SEGGER_RTT.c **** *  Parameters
 494:./trace/SEGGER/SEGGER_RTT.c **** *    pRing        Ring buffer to post to.
 495:./trace/SEGGER/SEGGER_RTT.c **** *    TerminalId   Terminal ID to switch to.
 496:./trace/SEGGER/SEGGER_RTT.c **** */
 497:./trace/SEGGER/SEGGER_RTT.c **** static void _PostTerminalSwitch(SEGGER_RTT_BUFFER_UP* pRing, unsigned char TerminalId) {
 498:./trace/SEGGER/SEGGER_RTT.c ****   unsigned char ac[2];
 499:./trace/SEGGER/SEGGER_RTT.c **** 
 500:./trace/SEGGER/SEGGER_RTT.c ****   ac[0] = 0xFFu;
 501:./trace/SEGGER/SEGGER_RTT.c ****   ac[1] = _aTerminalId[TerminalId];  // Caller made already sure that TerminalId does not exceed ou
 502:./trace/SEGGER/SEGGER_RTT.c ****   _WriteBlocking(pRing, (const char*)ac, 2u);
 503:./trace/SEGGER/SEGGER_RTT.c **** }
 504:./trace/SEGGER/SEGGER_RTT.c **** 
 505:./trace/SEGGER/SEGGER_RTT.c **** /*********************************************************************
 506:./trace/SEGGER/SEGGER_RTT.c **** *
 507:./trace/SEGGER/SEGGER_RTT.c **** *       _GetAvailWriteSpace()
 508:./trace/SEGGER/SEGGER_RTT.c **** *
 509:./trace/SEGGER/SEGGER_RTT.c **** *  Function description
 510:./trace/SEGGER/SEGGER_RTT.c **** *    Returns the number of bytes that can be written to the ring
 511:./trace/SEGGER/SEGGER_RTT.c **** *    buffer without blocking.
 512:./trace/SEGGER/SEGGER_RTT.c **** *
 513:./trace/SEGGER/SEGGER_RTT.c **** *  Parameters
 514:./trace/SEGGER/SEGGER_RTT.c **** *    pRing        Ring buffer to check.
 515:./trace/SEGGER/SEGGER_RTT.c **** *
 516:./trace/SEGGER/SEGGER_RTT.c **** *  Return value
 517:./trace/SEGGER/SEGGER_RTT.c **** *    Number of bytes that are free in the buffer.
 518:./trace/SEGGER/SEGGER_RTT.c **** */
 519:./trace/SEGGER/SEGGER_RTT.c **** static unsigned _GetAvailWriteSpace(SEGGER_RTT_BUFFER_UP* pRing) {
  29              		.loc 1 519 66 view -0
  30              		.cfi_startproc
  31              		@ args = 0, pretend = 0, frame = 0
  32              		@ frame_needed = 0, uses_anonymous_args = 0
  33              		@ link register save eliminated.
 520:./trace/SEGGER/SEGGER_RTT.c ****   unsigned RdOff;
  34              		.loc 1 520 3 view .LVU1
 521:./trace/SEGGER/SEGGER_RTT.c ****   unsigned WrOff;
  35              		.loc 1 521 3 view .LVU2
 522:./trace/SEGGER/SEGGER_RTT.c ****   unsigned r;
  36              		.loc 1 522 3 view .LVU3
 523:./trace/SEGGER/SEGGER_RTT.c ****   //
 524:./trace/SEGGER/SEGGER_RTT.c ****   // Avoid warnings regarding volatile access order.  It's not a problem
 525:./trace/SEGGER/SEGGER_RTT.c ****   // in this case, but dampen compiler enthusiasm.
 526:./trace/SEGGER/SEGGER_RTT.c ****   //
 527:./trace/SEGGER/SEGGER_RTT.c ****   RdOff = pRing->RdOff;
  37              		.loc 1 527 3 view .LVU4
  38              		.loc 1 527 9 is_stmt 0 view .LVU5
  39 0000 0369     		ldr	r3, [r0, #16]
  40              	.LVL1:
 528:./trace/SEGGER/SEGGER_RTT.c ****   WrOff = pRing->WrOff;
  41              		.loc 1 528 3 is_stmt 1 view .LVU6
  42              		.loc 1 528 9 is_stmt 0 view .LVU7
  43 0002 C268     		ldr	r2, [r0, #12]
ARM GAS  /tmp/ccZ5iSyA.s 			page 11


  44              	.LVL2:
 529:./trace/SEGGER/SEGGER_RTT.c ****   if (RdOff <= WrOff) {
  45              		.loc 1 529 3 is_stmt 1 view .LVU8
  46              		.loc 1 529 6 is_stmt 0 view .LVU9
  47 0004 9342     		cmp	r3, r2
  48 0006 04D8     		bhi	.L2
 530:./trace/SEGGER/SEGGER_RTT.c ****     r = pRing->SizeOfBuffer - 1u - WrOff + RdOff;
  49              		.loc 1 530 5 is_stmt 1 view .LVU10
  50              		.loc 1 530 14 is_stmt 0 view .LVU11
  51 0008 8168     		ldr	r1, [r0, #8]
  52              		.loc 1 530 34 view .LVU12
  53 000a 8A1A     		subs	r2, r1, r2
  54              	.LVL3:
  55              		.loc 1 530 42 view .LVU13
  56 000c 1344     		add	r3, r3, r2
  57              	.LVL4:
  58              		.loc 1 530 7 view .LVU14
  59 000e 581E     		subs	r0, r3, #1
  60              	.LVL5:
  61              		.loc 1 530 7 view .LVU15
  62 0010 7047     		bx	lr
  63              	.LVL6:
  64              	.L2:
 531:./trace/SEGGER/SEGGER_RTT.c ****   } else {
 532:./trace/SEGGER/SEGGER_RTT.c ****     r = RdOff - WrOff - 1u;
  65              		.loc 1 532 5 is_stmt 1 view .LVU16
  66              		.loc 1 532 15 is_stmt 0 view .LVU17
  67 0012 981A     		subs	r0, r3, r2
  68              	.LVL7:
  69              		.loc 1 532 7 view .LVU18
  70 0014 0138     		subs	r0, r0, #1
  71              	.LVL8:
 533:./trace/SEGGER/SEGGER_RTT.c ****   }
 534:./trace/SEGGER/SEGGER_RTT.c ****   return r;
  72              		.loc 1 534 3 is_stmt 1 view .LVU19
 535:./trace/SEGGER/SEGGER_RTT.c **** }
  73              		.loc 1 535 1 is_stmt 0 view .LVU20
  74 0016 7047     		bx	lr
  75              		.cfi_endproc
  76              	.LFE4:
  78              		.section	.text._WriteNoCheck,"ax",%progbits
  79              		.align	1
  80              		.syntax unified
  81              		.thumb
  82              		.thumb_func
  84              	_WriteNoCheck:
  85              	.LVL9:
  86              	.LFB2:
 429:./trace/SEGGER/SEGGER_RTT.c ****   unsigned NumBytesAtOnce;
  87              		.loc 1 429 94 is_stmt 1 view -0
  88              		.cfi_startproc
  89              		@ args = 0, pretend = 0, frame = 0
  90              		@ frame_needed = 0, uses_anonymous_args = 0
 429:./trace/SEGGER/SEGGER_RTT.c ****   unsigned NumBytesAtOnce;
  91              		.loc 1 429 94 is_stmt 0 view .LVU22
  92 0000 2DE9F843 		push	{r3, r4, r5, r6, r7, r8, r9, lr}
  93              	.LCFI0:
ARM GAS  /tmp/ccZ5iSyA.s 			page 12


  94              		.cfi_def_cfa_offset 32
  95              		.cfi_offset 3, -32
  96              		.cfi_offset 4, -28
  97              		.cfi_offset 5, -24
  98              		.cfi_offset 6, -20
  99              		.cfi_offset 7, -16
 100              		.cfi_offset 8, -12
 101              		.cfi_offset 9, -8
 102              		.cfi_offset 14, -4
 103 0004 0446     		mov	r4, r0
 104 0006 8846     		mov	r8, r1
 105 0008 1646     		mov	r6, r2
 430:./trace/SEGGER/SEGGER_RTT.c ****   unsigned WrOff;
 106              		.loc 1 430 3 is_stmt 1 view .LVU23
 431:./trace/SEGGER/SEGGER_RTT.c ****   unsigned Rem;
 107              		.loc 1 431 3 view .LVU24
 432:./trace/SEGGER/SEGGER_RTT.c ****   volatile char* pDst;
 108              		.loc 1 432 3 view .LVU25
 433:./trace/SEGGER/SEGGER_RTT.c **** 
 109              		.loc 1 433 3 view .LVU26
 435:./trace/SEGGER/SEGGER_RTT.c ****   Rem = pRing->SizeOfBuffer - WrOff;
 110              		.loc 1 435 3 view .LVU27
 435:./trace/SEGGER/SEGGER_RTT.c ****   Rem = pRing->SizeOfBuffer - WrOff;
 111              		.loc 1 435 9 is_stmt 0 view .LVU28
 112 000a C568     		ldr	r5, [r0, #12]
 113              	.LVL10:
 436:./trace/SEGGER/SEGGER_RTT.c ****   if (Rem > NumBytes) {
 114              		.loc 1 436 3 is_stmt 1 view .LVU29
 436:./trace/SEGGER/SEGGER_RTT.c ****   if (Rem > NumBytes) {
 115              		.loc 1 436 14 is_stmt 0 view .LVU30
 116 000c 8768     		ldr	r7, [r0, #8]
 436:./trace/SEGGER/SEGGER_RTT.c ****   if (Rem > NumBytes) {
 117              		.loc 1 436 7 view .LVU31
 118 000e A7EB0509 		sub	r9, r7, r5
 119              	.LVL11:
 437:./trace/SEGGER/SEGGER_RTT.c ****     //
 120              		.loc 1 437 3 is_stmt 1 view .LVU32
 437:./trace/SEGGER/SEGGER_RTT.c ****     //
 121              		.loc 1 437 6 is_stmt 0 view .LVU33
 122 0012 9145     		cmp	r9, r2
 123 0014 09D9     		bls	.L5
 441:./trace/SEGGER/SEGGER_RTT.c **** #if SEGGER_RTT_MEMCPY_USE_BYTELOOP
 124              		.loc 1 441 5 is_stmt 1 view .LVU34
 441:./trace/SEGGER/SEGGER_RTT.c **** #if SEGGER_RTT_MEMCPY_USE_BYTELOOP
 125              		.loc 1 441 18 is_stmt 0 view .LVU35
 126 0016 4068     		ldr	r0, [r0, #4]
 127              	.LVL12:
 450:./trace/SEGGER/SEGGER_RTT.c ****     RTT__DMB();                     // Force data write to be complete before writing the <WrOff>, 
 128              		.loc 1 450 5 is_stmt 1 view .LVU36
 129 0018 2844     		add	r0, r0, r5
 130              	.LVL13:
 450:./trace/SEGGER/SEGGER_RTT.c ****     RTT__DMB();                     // Force data write to be complete before writing the <WrOff>, 
 131              		.loc 1 450 5 is_stmt 0 view .LVU37
 132 001a FFF7FEFF 		bl	memcpy
 133              	.LVL14:
 451:./trace/SEGGER/SEGGER_RTT.c ****     pRing->WrOff = WrOff + NumBytes;
 134              		.loc 1 451 5 is_stmt 1 view .LVU38
ARM GAS  /tmp/ccZ5iSyA.s 			page 13


 135              		.syntax unified
 136              	@ 451 "./trace/SEGGER/SEGGER_RTT.c" 1
 137 001e BFF35F8F 		dmb
 138              	
 139              	@ 0 "" 2
 451:./trace/SEGGER/SEGGER_RTT.c ****     pRing->WrOff = WrOff + NumBytes;
 140              		.loc 1 451 15 view .LVU39
 452:./trace/SEGGER/SEGGER_RTT.c **** #endif
 141              		.loc 1 452 5 view .LVU40
 452:./trace/SEGGER/SEGGER_RTT.c **** #endif
 142              		.loc 1 452 26 is_stmt 0 view .LVU41
 143              		.thumb
 144              		.syntax unified
 145 0022 3544     		add	r5, r5, r6
 146              	.LVL15:
 452:./trace/SEGGER/SEGGER_RTT.c **** #endif
 147              		.loc 1 452 18 view .LVU42
 148 0024 E560     		str	r5, [r4, #12]
 149              	.LVL16:
 150              	.L4:
 482:./trace/SEGGER/SEGGER_RTT.c **** 
 151              		.loc 1 482 1 view .LVU43
 152 0026 BDE8F883 		pop	{r3, r4, r5, r6, r7, r8, r9, pc}
 153              	.LVL17:
 154              	.L5:
 472:./trace/SEGGER/SEGGER_RTT.c ****     pDst = (pRing->pBuffer + WrOff) + SEGGER_RTT_UNCACHED_OFF;
 155              		.loc 1 472 5 is_stmt 1 view .LVU44
 473:./trace/SEGGER/SEGGER_RTT.c ****     SEGGER_RTT_MEMCPY((void*)pDst, pData, NumBytesAtOnce);
 156              		.loc 1 473 5 view .LVU45
 473:./trace/SEGGER/SEGGER_RTT.c ****     SEGGER_RTT_MEMCPY((void*)pDst, pData, NumBytesAtOnce);
 157              		.loc 1 473 18 is_stmt 0 view .LVU46
 158 002a 4068     		ldr	r0, [r0, #4]
 159              	.LVL18:
 474:./trace/SEGGER/SEGGER_RTT.c ****     NumBytesAtOnce = NumBytes - Rem;
 160              		.loc 1 474 5 is_stmt 1 view .LVU47
 161 002c 4A46     		mov	r2, r9
 162              	.LVL19:
 474:./trace/SEGGER/SEGGER_RTT.c ****     NumBytesAtOnce = NumBytes - Rem;
 163              		.loc 1 474 5 is_stmt 0 view .LVU48
 164 002e 2844     		add	r0, r0, r5
 165              	.LVL20:
 474:./trace/SEGGER/SEGGER_RTT.c ****     NumBytesAtOnce = NumBytes - Rem;
 166              		.loc 1 474 5 view .LVU49
 167 0030 FFF7FEFF 		bl	memcpy
 168              	.LVL21:
 475:./trace/SEGGER/SEGGER_RTT.c ****     pDst = pRing->pBuffer + SEGGER_RTT_UNCACHED_OFF;
 169              		.loc 1 475 5 is_stmt 1 view .LVU50
 475:./trace/SEGGER/SEGGER_RTT.c ****     pDst = pRing->pBuffer + SEGGER_RTT_UNCACHED_OFF;
 170              		.loc 1 475 20 is_stmt 0 view .LVU51
 171 0034 ED1B     		subs	r5, r5, r7
 172              	.LVL22:
 475:./trace/SEGGER/SEGGER_RTT.c ****     pDst = pRing->pBuffer + SEGGER_RTT_UNCACHED_OFF;
 173              		.loc 1 475 20 view .LVU52
 174 0036 3544     		add	r5, r5, r6
 175              	.LVL23:
 476:./trace/SEGGER/SEGGER_RTT.c ****     SEGGER_RTT_MEMCPY((void*)pDst, pData + Rem, NumBytesAtOnce);
 176              		.loc 1 476 5 is_stmt 1 view .LVU53
ARM GAS  /tmp/ccZ5iSyA.s 			page 14


 477:./trace/SEGGER/SEGGER_RTT.c ****     RTT__DMB();                     // Force data write to be complete before writing the <WrOff>, 
 177              		.loc 1 477 5 view .LVU54
 178 0038 2A46     		mov	r2, r5
 179 003a 08EB0901 		add	r1, r8, r9
 180 003e 6068     		ldr	r0, [r4, #4]
 181 0040 FFF7FEFF 		bl	memcpy
 182              	.LVL24:
 478:./trace/SEGGER/SEGGER_RTT.c ****     pRing->WrOff = NumBytesAtOnce;
 183              		.loc 1 478 5 view .LVU55
 184              		.syntax unified
 185              	@ 478 "./trace/SEGGER/SEGGER_RTT.c" 1
 186 0044 BFF35F8F 		dmb
 187              	
 188              	@ 0 "" 2
 478:./trace/SEGGER/SEGGER_RTT.c ****     pRing->WrOff = NumBytesAtOnce;
 189              		.loc 1 478 15 view .LVU56
 479:./trace/SEGGER/SEGGER_RTT.c **** #endif
 190              		.loc 1 479 5 view .LVU57
 479:./trace/SEGGER/SEGGER_RTT.c **** #endif
 191              		.loc 1 479 18 is_stmt 0 view .LVU58
 192              		.thumb
 193              		.syntax unified
 194 0048 E560     		str	r5, [r4, #12]
 482:./trace/SEGGER/SEGGER_RTT.c **** 
 195              		.loc 1 482 1 view .LVU59
 196 004a ECE7     		b	.L4
 197              		.cfi_endproc
 198              	.LFE2:
 200              		.section	.text._WriteBlocking,"ax",%progbits
 201              		.align	1
 202              		.syntax unified
 203              		.thumb
 204              		.thumb_func
 206              	_WriteBlocking:
 207              	.LVL25:
 208              	.LFB1:
 367:./trace/SEGGER/SEGGER_RTT.c ****   unsigned NumBytesToWrite;
 209              		.loc 1 367 101 is_stmt 1 view -0
 210              		.cfi_startproc
 211              		@ args = 0, pretend = 0, frame = 0
 212              		@ frame_needed = 0, uses_anonymous_args = 0
 367:./trace/SEGGER/SEGGER_RTT.c ****   unsigned NumBytesToWrite;
 213              		.loc 1 367 101 is_stmt 0 view .LVU61
 214 0000 2DE9F843 		push	{r3, r4, r5, r6, r7, r8, r9, lr}
 215              	.LCFI1:
 216              		.cfi_def_cfa_offset 32
 217              		.cfi_offset 3, -32
 218              		.cfi_offset 4, -28
 219              		.cfi_offset 5, -24
 220              		.cfi_offset 6, -20
 221              		.cfi_offset 7, -16
 222              		.cfi_offset 8, -12
 223              		.cfi_offset 9, -8
 224              		.cfi_offset 14, -4
 225 0004 0646     		mov	r6, r0
 226 0006 8846     		mov	r8, r1
 227 0008 1746     		mov	r7, r2
ARM GAS  /tmp/ccZ5iSyA.s 			page 15


 368:./trace/SEGGER/SEGGER_RTT.c ****   unsigned NumBytesWritten;
 228              		.loc 1 368 3 is_stmt 1 view .LVU62
 369:./trace/SEGGER/SEGGER_RTT.c ****   unsigned RdOff;
 229              		.loc 1 369 3 view .LVU63
 370:./trace/SEGGER/SEGGER_RTT.c ****   unsigned WrOff;
 230              		.loc 1 370 3 view .LVU64
 371:./trace/SEGGER/SEGGER_RTT.c ****   volatile char* pDst;
 231              		.loc 1 371 3 view .LVU65
 372:./trace/SEGGER/SEGGER_RTT.c ****   //
 232              		.loc 1 372 3 view .LVU66
 376:./trace/SEGGER/SEGGER_RTT.c ****   WrOff = pRing->WrOff;
 233              		.loc 1 376 3 view .LVU67
 234              	.LVL26:
 377:./trace/SEGGER/SEGGER_RTT.c ****   do {
 235              		.loc 1 377 3 view .LVU68
 377:./trace/SEGGER/SEGGER_RTT.c ****   do {
 236              		.loc 1 377 9 is_stmt 0 view .LVU69
 237 000a C568     		ldr	r5, [r0, #12]
 238              	.LVL27:
 376:./trace/SEGGER/SEGGER_RTT.c ****   WrOff = pRing->WrOff;
 239              		.loc 1 376 19 view .LVU70
 240 000c 4FF00009 		mov	r9, #0
 241 0010 1CE0     		b	.L12
 242              	.LVL28:
 243              	.L9:
 383:./trace/SEGGER/SEGGER_RTT.c ****     }
 244              		.loc 1 383 7 is_stmt 1 view .LVU71
 383:./trace/SEGGER/SEGGER_RTT.c ****     }
 245              		.loc 1 383 30 is_stmt 0 view .LVU72
 246 0012 B268     		ldr	r2, [r6, #8]
 383:./trace/SEGGER/SEGGER_RTT.c ****     }
 247              		.loc 1 383 62 view .LVU73
 248 0014 5B1B     		subs	r3, r3, r5
 249              	.LVL29:
 383:./trace/SEGGER/SEGGER_RTT.c ****     }
 250              		.loc 1 383 45 view .LVU74
 251 0016 1A44     		add	r2, r2, r3
 383:./trace/SEGGER/SEGGER_RTT.c ****     }
 252              		.loc 1 383 23 view .LVU75
 253 0018 013A     		subs	r2, r2, #1
 254              	.L10:
 255              	.LVL30:
 385:./trace/SEGGER/SEGGER_RTT.c ****     NumBytesToWrite = MIN(NumBytesToWrite, NumBytes);
 256              		.loc 1 385 5 is_stmt 1 view .LVU76
 385:./trace/SEGGER/SEGGER_RTT.c ****     NumBytesToWrite = MIN(NumBytesToWrite, NumBytes);
 257              		.loc 1 385 23 is_stmt 0 view .LVU77
 258 001a B368     		ldr	r3, [r6, #8]
 259 001c 5C1B     		subs	r4, r3, r5
 385:./trace/SEGGER/SEGGER_RTT.c ****     NumBytesToWrite = MIN(NumBytesToWrite, NumBytes);
 260              		.loc 1 385 21 view .LVU78
 261 001e 9442     		cmp	r4, r2
 262 0020 28BF     		it	cs
 263 0022 1446     		movcs	r4, r2
 264              	.LVL31:
 386:./trace/SEGGER/SEGGER_RTT.c ****     pDst = (pRing->pBuffer + WrOff) + SEGGER_RTT_UNCACHED_OFF;
 265              		.loc 1 386 5 is_stmt 1 view .LVU79
 386:./trace/SEGGER/SEGGER_RTT.c ****     pDst = (pRing->pBuffer + WrOff) + SEGGER_RTT_UNCACHED_OFF;
ARM GAS  /tmp/ccZ5iSyA.s 			page 16


 266              		.loc 1 386 21 is_stmt 0 view .LVU80
 267 0024 BC42     		cmp	r4, r7
 268 0026 28BF     		it	cs
 269 0028 3C46     		movcs	r4, r7
 270              	.LVL32:
 387:./trace/SEGGER/SEGGER_RTT.c **** #if SEGGER_RTT_MEMCPY_USE_BYTELOOP
 271              		.loc 1 387 5 is_stmt 1 view .LVU81
 387:./trace/SEGGER/SEGGER_RTT.c **** #if SEGGER_RTT_MEMCPY_USE_BYTELOOP
 272              		.loc 1 387 18 is_stmt 0 view .LVU82
 273 002a 7068     		ldr	r0, [r6, #4]
 274              	.LVL33:
 396:./trace/SEGGER/SEGGER_RTT.c ****     NumBytesWritten += NumBytesToWrite;
 275              		.loc 1 396 5 is_stmt 1 view .LVU83
 276 002c 2246     		mov	r2, r4
 277 002e 4146     		mov	r1, r8
 278 0030 2844     		add	r0, r0, r5
 279              	.LVL34:
 396:./trace/SEGGER/SEGGER_RTT.c ****     NumBytesWritten += NumBytesToWrite;
 280              		.loc 1 396 5 is_stmt 0 view .LVU84
 281 0032 FFF7FEFF 		bl	memcpy
 282              	.LVL35:
 397:./trace/SEGGER/SEGGER_RTT.c ****     pBuffer         += NumBytesToWrite;
 283              		.loc 1 397 5 is_stmt 1 view .LVU85
 397:./trace/SEGGER/SEGGER_RTT.c ****     pBuffer         += NumBytesToWrite;
 284              		.loc 1 397 21 is_stmt 0 view .LVU86
 285 0036 A144     		add	r9, r9, r4
 286              	.LVL36:
 398:./trace/SEGGER/SEGGER_RTT.c ****     NumBytes        -= NumBytesToWrite;
 287              		.loc 1 398 5 is_stmt 1 view .LVU87
 398:./trace/SEGGER/SEGGER_RTT.c ****     NumBytes        -= NumBytesToWrite;
 288              		.loc 1 398 21 is_stmt 0 view .LVU88
 289 0038 A044     		add	r8, r8, r4
 290              	.LVL37:
 399:./trace/SEGGER/SEGGER_RTT.c ****     WrOff           += NumBytesToWrite;
 291              		.loc 1 399 5 is_stmt 1 view .LVU89
 399:./trace/SEGGER/SEGGER_RTT.c ****     WrOff           += NumBytesToWrite;
 292              		.loc 1 399 21 is_stmt 0 view .LVU90
 293 003a 3F1B     		subs	r7, r7, r4
 294              	.LVL38:
 400:./trace/SEGGER/SEGGER_RTT.c **** #endif
 295              		.loc 1 400 5 is_stmt 1 view .LVU91
 400:./trace/SEGGER/SEGGER_RTT.c **** #endif
 296              		.loc 1 400 21 is_stmt 0 view .LVU92
 297 003c 2544     		add	r5, r5, r4
 298              	.LVL39:
 402:./trace/SEGGER/SEGGER_RTT.c ****       WrOff = 0u;
 299              		.loc 1 402 5 is_stmt 1 view .LVU93
 402:./trace/SEGGER/SEGGER_RTT.c ****       WrOff = 0u;
 300              		.loc 1 402 23 is_stmt 0 view .LVU94
 301 003e B368     		ldr	r3, [r6, #8]
 402:./trace/SEGGER/SEGGER_RTT.c ****       WrOff = 0u;
 302              		.loc 1 402 8 view .LVU95
 303 0040 AB42     		cmp	r3, r5
 304 0042 09D0     		beq	.L15
 305              	.LVL40:
 306              	.L11:
 405:./trace/SEGGER/SEGGER_RTT.c ****     pRing->WrOff = WrOff;
ARM GAS  /tmp/ccZ5iSyA.s 			page 17


 307              		.loc 1 405 5 is_stmt 1 view .LVU96
 308              		.syntax unified
 309              	@ 405 "./trace/SEGGER/SEGGER_RTT.c" 1
 310 0044 BFF35F8F 		dmb
 311              	
 312              	@ 0 "" 2
 405:./trace/SEGGER/SEGGER_RTT.c ****     pRing->WrOff = WrOff;
 313              		.loc 1 405 15 view .LVU97
 406:./trace/SEGGER/SEGGER_RTT.c ****   } while (NumBytes);
 314              		.loc 1 406 5 view .LVU98
 406:./trace/SEGGER/SEGGER_RTT.c ****   } while (NumBytes);
 315              		.loc 1 406 18 is_stmt 0 view .LVU99
 316              		.thumb
 317              		.syntax unified
 318 0048 F560     		str	r5, [r6, #12]
 407:./trace/SEGGER/SEGGER_RTT.c ****   return NumBytesWritten;
 319              		.loc 1 407 12 is_stmt 1 view .LVU100
 320 004a 3FB1     		cbz	r7, .L16
 321              	.LVL41:
 322              	.L12:
 378:./trace/SEGGER/SEGGER_RTT.c ****     RdOff = pRing->RdOff;                         // May be changed by host (debug probe) in the me
 323              		.loc 1 378 3 view .LVU101
 379:./trace/SEGGER/SEGGER_RTT.c ****     if (RdOff > WrOff) {
 324              		.loc 1 379 5 view .LVU102
 379:./trace/SEGGER/SEGGER_RTT.c ****     if (RdOff > WrOff) {
 325              		.loc 1 379 11 is_stmt 0 view .LVU103
 326 004c 3369     		ldr	r3, [r6, #16]
 327              	.LVL42:
 380:./trace/SEGGER/SEGGER_RTT.c ****       NumBytesToWrite = RdOff - WrOff - 1u;
 328              		.loc 1 380 5 is_stmt 1 view .LVU104
 380:./trace/SEGGER/SEGGER_RTT.c ****       NumBytesToWrite = RdOff - WrOff - 1u;
 329              		.loc 1 380 8 is_stmt 0 view .LVU105
 330 004e 9D42     		cmp	r5, r3
 331 0050 DFD2     		bcs	.L9
 381:./trace/SEGGER/SEGGER_RTT.c ****     } else {
 332              		.loc 1 381 7 is_stmt 1 view .LVU106
 381:./trace/SEGGER/SEGGER_RTT.c ****     } else {
 333              		.loc 1 381 31 is_stmt 0 view .LVU107
 334 0052 5B1B     		subs	r3, r3, r5
 335              	.LVL43:
 381:./trace/SEGGER/SEGGER_RTT.c ****     } else {
 336              		.loc 1 381 23 view .LVU108
 337 0054 5A1E     		subs	r2, r3, #1
 338              	.LVL44:
 381:./trace/SEGGER/SEGGER_RTT.c ****     } else {
 339              		.loc 1 381 23 view .LVU109
 340 0056 E0E7     		b	.L10
 341              	.LVL45:
 342              	.L15:
 403:./trace/SEGGER/SEGGER_RTT.c ****     }
 343              		.loc 1 403 13 view .LVU110
 344 0058 0025     		movs	r5, #0
 345              	.LVL46:
 403:./trace/SEGGER/SEGGER_RTT.c ****     }
 346              		.loc 1 403 13 view .LVU111
 347 005a F3E7     		b	.L11
 348              	.LVL47:
ARM GAS  /tmp/ccZ5iSyA.s 			page 18


 349              	.L16:
 408:./trace/SEGGER/SEGGER_RTT.c **** }
 350              		.loc 1 408 3 is_stmt 1 view .LVU112
 409:./trace/SEGGER/SEGGER_RTT.c **** 
 351              		.loc 1 409 1 is_stmt 0 view .LVU113
 352 005c 4846     		mov	r0, r9
 353 005e BDE8F883 		pop	{r3, r4, r5, r6, r7, r8, r9, pc}
 409:./trace/SEGGER/SEGGER_RTT.c **** 
 354              		.loc 1 409 1 view .LVU114
 355              		.cfi_endproc
 356              	.LFE1:
 358              		.section	.text._PostTerminalSwitch,"ax",%progbits
 359              		.align	1
 360              		.syntax unified
 361              		.thumb
 362              		.thumb_func
 364              	_PostTerminalSwitch:
 365              	.LVL48:
 366              	.LFB3:
 497:./trace/SEGGER/SEGGER_RTT.c ****   unsigned char ac[2];
 367              		.loc 1 497 88 is_stmt 1 view -0
 368              		.cfi_startproc
 369              		@ args = 0, pretend = 0, frame = 8
 370              		@ frame_needed = 0, uses_anonymous_args = 0
 497:./trace/SEGGER/SEGGER_RTT.c ****   unsigned char ac[2];
 371              		.loc 1 497 88 is_stmt 0 view .LVU116
 372 0000 00B5     		push	{lr}
 373              	.LCFI2:
 374              		.cfi_def_cfa_offset 4
 375              		.cfi_offset 14, -4
 376 0002 83B0     		sub	sp, sp, #12
 377              	.LCFI3:
 378              		.cfi_def_cfa_offset 16
 498:./trace/SEGGER/SEGGER_RTT.c **** 
 379              		.loc 1 498 3 is_stmt 1 view .LVU117
 500:./trace/SEGGER/SEGGER_RTT.c ****   ac[1] = _aTerminalId[TerminalId];  // Caller made already sure that TerminalId does not exceed ou
 380              		.loc 1 500 3 view .LVU118
 500:./trace/SEGGER/SEGGER_RTT.c ****   ac[1] = _aTerminalId[TerminalId];  // Caller made already sure that TerminalId does not exceed ou
 381              		.loc 1 500 9 is_stmt 0 view .LVU119
 382 0004 FF23     		movs	r3, #255
 383 0006 8DF80430 		strb	r3, [sp, #4]
 501:./trace/SEGGER/SEGGER_RTT.c ****   _WriteBlocking(pRing, (const char*)ac, 2u);
 384              		.loc 1 501 3 is_stmt 1 view .LVU120
 501:./trace/SEGGER/SEGGER_RTT.c ****   _WriteBlocking(pRing, (const char*)ac, 2u);
 385              		.loc 1 501 23 is_stmt 0 view .LVU121
 386 000a 054B     		ldr	r3, .L19
 387 000c 5B5C     		ldrb	r3, [r3, r1]	@ zero_extendqisi2
 501:./trace/SEGGER/SEGGER_RTT.c ****   _WriteBlocking(pRing, (const char*)ac, 2u);
 388              		.loc 1 501 9 view .LVU122
 389 000e 8DF80530 		strb	r3, [sp, #5]
 502:./trace/SEGGER/SEGGER_RTT.c **** }
 390              		.loc 1 502 3 is_stmt 1 view .LVU123
 391 0012 0222     		movs	r2, #2
 392 0014 01A9     		add	r1, sp, #4
 393              	.LVL49:
 502:./trace/SEGGER/SEGGER_RTT.c **** }
 394              		.loc 1 502 3 is_stmt 0 view .LVU124
ARM GAS  /tmp/ccZ5iSyA.s 			page 19


 395 0016 FFF7FEFF 		bl	_WriteBlocking
 396              	.LVL50:
 503:./trace/SEGGER/SEGGER_RTT.c **** 
 397              		.loc 1 503 1 view .LVU125
 398 001a 03B0     		add	sp, sp, #12
 399              	.LCFI4:
 400              		.cfi_def_cfa_offset 4
 401              		@ sp needed
 402 001c 5DF804FB 		ldr	pc, [sp], #4
 403              	.L20:
 404              		.align	2
 405              	.L19:
 406 0020 00000000 		.word	_aTerminalId
 407              		.cfi_endproc
 408              	.LFE3:
 410              		.section	.rodata._DoInit.str1.4,"aMS",%progbits,1
 411              		.align	2
 412              	.LC0:
 413 0000 5465726D 		.ascii	"Terminal\000"
 413      696E616C 
 413      00
 414              		.section	.text._DoInit,"ax",%progbits
 415              		.align	1
 416              		.syntax unified
 417              		.thumb
 418              		.thumb_func
 420              	_DoInit:
 421              	.LFB0:
 307:./trace/SEGGER/SEGGER_RTT.c ****   volatile SEGGER_RTT_CB* p;   // Volatile to make sure that compiler cannot change the order of ac
 422              		.loc 1 307 27 is_stmt 1 view -0
 423              		.cfi_startproc
 424              		@ args = 0, pretend = 0, frame = 0
 425              		@ frame_needed = 0, uses_anonymous_args = 0
 426 0000 10B5     		push	{r4, lr}
 427              	.LCFI5:
 428              		.cfi_def_cfa_offset 8
 429              		.cfi_offset 4, -8
 430              		.cfi_offset 14, -4
 308:./trace/SEGGER/SEGGER_RTT.c ****   static const char _aInitStr[] = "\0\0\0\0\0\0TTR REGGES";  // Init complete ID string to make sur
 431              		.loc 1 308 3 view .LVU127
 309:./trace/SEGGER/SEGGER_RTT.c ****   unsigned i;
 432              		.loc 1 309 3 view .LVU128
 310:./trace/SEGGER/SEGGER_RTT.c ****   //
 433              		.loc 1 310 3 view .LVU129
 314:./trace/SEGGER/SEGGER_RTT.c ****   memset((SEGGER_RTT_CB*)p, 0, sizeof(_SEGGER_RTT));         // Make sure that the RTT CB is always
 434              		.loc 1 314 3 view .LVU130
 435              	.LVL51:
 315:./trace/SEGGER/SEGGER_RTT.c ****   p->MaxNumUpBuffers    = SEGGER_RTT_MAX_NUM_UP_BUFFERS;
 436              		.loc 1 315 3 view .LVU131
 437 0002 154C     		ldr	r4, .L25
 438 0004 A822     		movs	r2, #168
 439 0006 0021     		movs	r1, #0
 440 0008 2046     		mov	r0, r4
 441 000a FFF7FEFF 		bl	memset
 442              	.LVL52:
 316:./trace/SEGGER/SEGGER_RTT.c ****   p->MaxNumDownBuffers  = SEGGER_RTT_MAX_NUM_DOWN_BUFFERS;
 443              		.loc 1 316 3 view .LVU132
ARM GAS  /tmp/ccZ5iSyA.s 			page 20


 316:./trace/SEGGER/SEGGER_RTT.c ****   p->MaxNumDownBuffers  = SEGGER_RTT_MAX_NUM_DOWN_BUFFERS;
 444              		.loc 1 316 25 is_stmt 0 view .LVU133
 445 000e 0323     		movs	r3, #3
 446 0010 2361     		str	r3, [r4, #16]
 317:./trace/SEGGER/SEGGER_RTT.c ****   //
 447              		.loc 1 317 3 is_stmt 1 view .LVU134
 317:./trace/SEGGER/SEGGER_RTT.c ****   //
 448              		.loc 1 317 25 is_stmt 0 view .LVU135
 449 0012 6361     		str	r3, [r4, #20]
 321:./trace/SEGGER/SEGGER_RTT.c ****   p->aUp[0].pBuffer       = _acUpBuffer;
 450              		.loc 1 321 3 is_stmt 1 view .LVU136
 321:./trace/SEGGER/SEGGER_RTT.c ****   p->aUp[0].pBuffer       = _acUpBuffer;
 451              		.loc 1 321 27 is_stmt 0 view .LVU137
 452 0014 114A     		ldr	r2, .L25+4
 453 0016 A261     		str	r2, [r4, #24]
 322:./trace/SEGGER/SEGGER_RTT.c ****   p->aUp[0].SizeOfBuffer  = BUFFER_SIZE_UP;
 454              		.loc 1 322 3 is_stmt 1 view .LVU138
 322:./trace/SEGGER/SEGGER_RTT.c ****   p->aUp[0].SizeOfBuffer  = BUFFER_SIZE_UP;
 455              		.loc 1 322 27 is_stmt 0 view .LVU139
 456 0018 114B     		ldr	r3, .L25+8
 457 001a E361     		str	r3, [r4, #28]
 323:./trace/SEGGER/SEGGER_RTT.c ****   p->aUp[0].RdOff         = 0u;
 458              		.loc 1 323 3 is_stmt 1 view .LVU140
 323:./trace/SEGGER/SEGGER_RTT.c ****   p->aUp[0].RdOff         = 0u;
 459              		.loc 1 323 27 is_stmt 0 view .LVU141
 460 001c 4FF48053 		mov	r3, #4096
 461 0020 2362     		str	r3, [r4, #32]
 324:./trace/SEGGER/SEGGER_RTT.c ****   p->aUp[0].WrOff         = 0u;
 462              		.loc 1 324 3 is_stmt 1 view .LVU142
 324:./trace/SEGGER/SEGGER_RTT.c ****   p->aUp[0].WrOff         = 0u;
 463              		.loc 1 324 27 is_stmt 0 view .LVU143
 464 0022 0023     		movs	r3, #0
 465 0024 A362     		str	r3, [r4, #40]
 325:./trace/SEGGER/SEGGER_RTT.c ****   p->aUp[0].Flags         = SEGGER_RTT_MODE_DEFAULT;
 466              		.loc 1 325 3 is_stmt 1 view .LVU144
 325:./trace/SEGGER/SEGGER_RTT.c ****   p->aUp[0].Flags         = SEGGER_RTT_MODE_DEFAULT;
 467              		.loc 1 325 27 is_stmt 0 view .LVU145
 468 0026 6362     		str	r3, [r4, #36]
 326:./trace/SEGGER/SEGGER_RTT.c ****   //
 469              		.loc 1 326 3 is_stmt 1 view .LVU146
 326:./trace/SEGGER/SEGGER_RTT.c ****   //
 470              		.loc 1 326 27 is_stmt 0 view .LVU147
 471 0028 E362     		str	r3, [r4, #44]
 330:./trace/SEGGER/SEGGER_RTT.c ****   p->aDown[0].pBuffer       = _acDownBuffer;
 472              		.loc 1 330 3 is_stmt 1 view .LVU148
 330:./trace/SEGGER/SEGGER_RTT.c ****   p->aDown[0].pBuffer       = _acDownBuffer;
 473              		.loc 1 330 29 is_stmt 0 view .LVU149
 474 002a 2266     		str	r2, [r4, #96]
 331:./trace/SEGGER/SEGGER_RTT.c ****   p->aDown[0].SizeOfBuffer  = BUFFER_SIZE_DOWN;
 475              		.loc 1 331 3 is_stmt 1 view .LVU150
 331:./trace/SEGGER/SEGGER_RTT.c ****   p->aDown[0].SizeOfBuffer  = BUFFER_SIZE_DOWN;
 476              		.loc 1 331 29 is_stmt 0 view .LVU151
 477 002c 0D4A     		ldr	r2, .L25+12
 478 002e 6266     		str	r2, [r4, #100]
 332:./trace/SEGGER/SEGGER_RTT.c ****   p->aDown[0].RdOff         = 0u;
 479              		.loc 1 332 3 is_stmt 1 view .LVU152
 332:./trace/SEGGER/SEGGER_RTT.c ****   p->aDown[0].RdOff         = 0u;
ARM GAS  /tmp/ccZ5iSyA.s 			page 21


 480              		.loc 1 332 29 is_stmt 0 view .LVU153
 481 0030 1022     		movs	r2, #16
 482 0032 A266     		str	r2, [r4, #104]
 333:./trace/SEGGER/SEGGER_RTT.c ****   p->aDown[0].WrOff         = 0u;
 483              		.loc 1 333 3 is_stmt 1 view .LVU154
 333:./trace/SEGGER/SEGGER_RTT.c ****   p->aDown[0].WrOff         = 0u;
 484              		.loc 1 333 29 is_stmt 0 view .LVU155
 485 0034 2367     		str	r3, [r4, #112]
 334:./trace/SEGGER/SEGGER_RTT.c ****   p->aDown[0].Flags         = SEGGER_RTT_MODE_DEFAULT;
 486              		.loc 1 334 3 is_stmt 1 view .LVU156
 334:./trace/SEGGER/SEGGER_RTT.c ****   p->aDown[0].Flags         = SEGGER_RTT_MODE_DEFAULT;
 487              		.loc 1 334 29 is_stmt 0 view .LVU157
 488 0036 E366     		str	r3, [r4, #108]
 335:./trace/SEGGER/SEGGER_RTT.c ****   //
 489              		.loc 1 335 3 is_stmt 1 view .LVU158
 335:./trace/SEGGER/SEGGER_RTT.c ****   //
 490              		.loc 1 335 29 is_stmt 0 view .LVU159
 491 0038 6367     		str	r3, [r4, #116]
 341:./trace/SEGGER/SEGGER_RTT.c ****   for (i = 0; i < sizeof(_aInitStr) - 1; ++i) {
 492              		.loc 1 341 3 is_stmt 1 view .LVU160
 493              		.syntax unified
 494              	@ 341 "./trace/SEGGER/SEGGER_RTT.c" 1
 495 003a BFF35F8F 		dmb
 496              	
 497              	@ 0 "" 2
 341:./trace/SEGGER/SEGGER_RTT.c ****   for (i = 0; i < sizeof(_aInitStr) - 1; ++i) {
 498              		.loc 1 341 13 view .LVU161
 342:./trace/SEGGER/SEGGER_RTT.c ****     p->acID[i] = _aInitStr[sizeof(_aInitStr) - 2 - i];  // Skip terminating \0 at the end of the ar
 499              		.loc 1 342 3 view .LVU162
 500              	.LVL53:
 342:./trace/SEGGER/SEGGER_RTT.c ****     p->acID[i] = _aInitStr[sizeof(_aInitStr) - 2 - i];  // Skip terminating \0 at the end of the ar
 501              		.loc 1 342 3 is_stmt 0 view .LVU163
 502              		.thumb
 503              		.syntax unified
 504 003e 06E0     		b	.L22
 505              	.LVL54:
 506              	.L23:
 343:./trace/SEGGER/SEGGER_RTT.c ****   }
 507              		.loc 1 343 5 is_stmt 1 view .LVU164
 343:./trace/SEGGER/SEGGER_RTT.c ****   }
 508              		.loc 1 343 50 is_stmt 0 view .LVU165
 509 0040 C3F10F02 		rsb	r2, r3, #15
 343:./trace/SEGGER/SEGGER_RTT.c ****   }
 510              		.loc 1 343 27 view .LVU166
 511 0044 0849     		ldr	r1, .L25+16
 512 0046 895C     		ldrb	r1, [r1, r2]	@ zero_extendqisi2
 343:./trace/SEGGER/SEGGER_RTT.c ****   }
 513              		.loc 1 343 16 view .LVU167
 514 0048 034A     		ldr	r2, .L25
 515 004a D154     		strb	r1, [r2, r3]
 342:./trace/SEGGER/SEGGER_RTT.c ****     p->acID[i] = _aInitStr[sizeof(_aInitStr) - 2 - i];  // Skip terminating \0 at the end of the ar
 516              		.loc 1 342 42 is_stmt 1 discriminator 3 view .LVU168
 517 004c 0133     		adds	r3, r3, #1
 518              	.LVL55:
 519              	.L22:
 342:./trace/SEGGER/SEGGER_RTT.c ****     p->acID[i] = _aInitStr[sizeof(_aInitStr) - 2 - i];  // Skip terminating \0 at the end of the ar
 520              		.loc 1 342 17 discriminator 1 view .LVU169
ARM GAS  /tmp/ccZ5iSyA.s 			page 22


 521 004e 0F2B     		cmp	r3, #15
 522 0050 F6D9     		bls	.L23
 345:./trace/SEGGER/SEGGER_RTT.c **** }
 523              		.loc 1 345 3 view .LVU170
 524              		.syntax unified
 525              	@ 345 "./trace/SEGGER/SEGGER_RTT.c" 1
 526 0052 BFF35F8F 		dmb
 527              	
 528              	@ 0 "" 2
 345:./trace/SEGGER/SEGGER_RTT.c **** }
 529              		.loc 1 345 13 view .LVU171
 346:./trace/SEGGER/SEGGER_RTT.c **** 
 530              		.loc 1 346 1 is_stmt 0 view .LVU172
 531              		.thumb
 532              		.syntax unified
 533 0056 10BD     		pop	{r4, pc}
 534              	.L26:
 535              		.align	2
 536              	.L25:
 537 0058 00000000 		.word	_SEGGER_RTT
 538 005c 00000000 		.word	.LC0
 539 0060 00000000 		.word	_acUpBuffer
 540 0064 00000000 		.word	_acDownBuffer
 541 0068 00000000 		.word	_aInitStr.0
 542              		.cfi_endproc
 543              	.LFE0:
 545              		.section	.text.SEGGER_RTT_ReadUpBufferNoLock,"ax",%progbits
 546              		.align	1
 547              		.global	SEGGER_RTT_ReadUpBufferNoLock
 548              		.syntax unified
 549              		.thumb
 550              		.thumb_func
 552              	SEGGER_RTT_ReadUpBufferNoLock:
 553              	.LVL56:
 554              	.LFB5:
 536:./trace/SEGGER/SEGGER_RTT.c **** 
 537:./trace/SEGGER/SEGGER_RTT.c **** /*********************************************************************
 538:./trace/SEGGER/SEGGER_RTT.c **** *
 539:./trace/SEGGER/SEGGER_RTT.c **** *       Public code
 540:./trace/SEGGER/SEGGER_RTT.c **** *
 541:./trace/SEGGER/SEGGER_RTT.c **** **********************************************************************
 542:./trace/SEGGER/SEGGER_RTT.c **** */
 543:./trace/SEGGER/SEGGER_RTT.c **** 
 544:./trace/SEGGER/SEGGER_RTT.c **** /*********************************************************************
 545:./trace/SEGGER/SEGGER_RTT.c **** *
 546:./trace/SEGGER/SEGGER_RTT.c **** *       SEGGER_RTT_ReadUpBufferNoLock()
 547:./trace/SEGGER/SEGGER_RTT.c **** *
 548:./trace/SEGGER/SEGGER_RTT.c **** *  Function description
 549:./trace/SEGGER/SEGGER_RTT.c **** *    Reads characters from SEGGER real-time-terminal control block
 550:./trace/SEGGER/SEGGER_RTT.c **** *    which have been previously stored by the application.
 551:./trace/SEGGER/SEGGER_RTT.c **** *    Do not lock against interrupts and multiple access.
 552:./trace/SEGGER/SEGGER_RTT.c **** *    Used to do the same operation that J-Link does, to transfer
 553:./trace/SEGGER/SEGGER_RTT.c **** *    RTT data via other channels, such as TCP/IP or UART.
 554:./trace/SEGGER/SEGGER_RTT.c **** *
 555:./trace/SEGGER/SEGGER_RTT.c **** *  Parameters
 556:./trace/SEGGER/SEGGER_RTT.c **** *    BufferIndex  Index of Up-buffer to be used.
 557:./trace/SEGGER/SEGGER_RTT.c **** *    pBuffer      Pointer to buffer provided by target application, to copy characters from RTT-up-
ARM GAS  /tmp/ccZ5iSyA.s 			page 23


 558:./trace/SEGGER/SEGGER_RTT.c **** *    BufferSize   Size of the target application buffer.
 559:./trace/SEGGER/SEGGER_RTT.c **** *
 560:./trace/SEGGER/SEGGER_RTT.c **** *  Return value
 561:./trace/SEGGER/SEGGER_RTT.c **** *    Number of bytes that have been read.
 562:./trace/SEGGER/SEGGER_RTT.c **** *
 563:./trace/SEGGER/SEGGER_RTT.c **** *  Additional information
 564:./trace/SEGGER/SEGGER_RTT.c **** *    This function must not be called when J-Link might also do RTT.
 565:./trace/SEGGER/SEGGER_RTT.c **** */
 566:./trace/SEGGER/SEGGER_RTT.c **** unsigned SEGGER_RTT_ReadUpBufferNoLock(unsigned BufferIndex, void* pData, unsigned BufferSize) {
 555              		.loc 1 566 96 is_stmt 1 view -0
 556              		.cfi_startproc
 557              		@ args = 0, pretend = 0, frame = 0
 558              		@ frame_needed = 0, uses_anonymous_args = 0
 559              		.loc 1 566 96 is_stmt 0 view .LVU174
 560 0000 2DE9F047 		push	{r4, r5, r6, r7, r8, r9, r10, lr}
 561              	.LCFI6:
 562              		.cfi_def_cfa_offset 32
 563              		.cfi_offset 4, -32
 564              		.cfi_offset 5, -28
 565              		.cfi_offset 6, -24
 566              		.cfi_offset 7, -20
 567              		.cfi_offset 8, -16
 568              		.cfi_offset 9, -12
 569              		.cfi_offset 10, -8
 570              		.cfi_offset 14, -4
 571 0004 0446     		mov	r4, r0
 572 0006 8846     		mov	r8, r1
 573 0008 9146     		mov	r9, r2
 567:./trace/SEGGER/SEGGER_RTT.c ****   unsigned                NumBytesRem;
 574              		.loc 1 567 3 is_stmt 1 view .LVU175
 568:./trace/SEGGER/SEGGER_RTT.c ****   unsigned                NumBytesRead;
 575              		.loc 1 568 3 view .LVU176
 569:./trace/SEGGER/SEGGER_RTT.c ****   unsigned                RdOff;
 576              		.loc 1 569 3 view .LVU177
 570:./trace/SEGGER/SEGGER_RTT.c ****   unsigned                WrOff;
 577              		.loc 1 570 3 view .LVU178
 571:./trace/SEGGER/SEGGER_RTT.c ****   unsigned char*          pBuffer;
 578              		.loc 1 571 3 view .LVU179
 572:./trace/SEGGER/SEGGER_RTT.c ****   SEGGER_RTT_BUFFER_UP*   pRing;
 579              		.loc 1 572 3 view .LVU180
 573:./trace/SEGGER/SEGGER_RTT.c ****   volatile char*          pSrc;
 580              		.loc 1 573 3 view .LVU181
 574:./trace/SEGGER/SEGGER_RTT.c **** 
 575:./trace/SEGGER/SEGGER_RTT.c ****   INIT();
 581              		.loc 1 575 3 view .LVU182
 582              	.LBB2:
 583              		.loc 1 575 3 view .LVU183
 584              		.loc 1 575 3 view .LVU184
 585              	.LVL57:
 586              		.loc 1 575 3 view .LVU185
 587 000a 264B     		ldr	r3, .L38
 588 000c 1B78     		ldrb	r3, [r3]	@ zero_extendqisi2
 589 000e 532B     		cmp	r3, #83
 590 0010 18D1     		bne	.L35
 591              	.LVL58:
 592              	.L28:
 593              		.loc 1 575 3 is_stmt 0 view .LVU186
ARM GAS  /tmp/ccZ5iSyA.s 			page 24


 594              	.LBE2:
 595              		.loc 1 575 3 is_stmt 1 discriminator 3 view .LVU187
 576:./trace/SEGGER/SEGGER_RTT.c ****   pRing = (SEGGER_RTT_BUFFER_UP*)((uintptr_t)&_SEGGER_RTT.aUp[BufferIndex] + SEGGER_RTT_UNCACHED_OF
 596              		.loc 1 576 3 view .LVU188
 577:./trace/SEGGER/SEGGER_RTT.c ****   pBuffer = (unsigned char*)pData;
 597              		.loc 1 577 3 view .LVU189
 578:./trace/SEGGER/SEGGER_RTT.c ****   RdOff = pRing->RdOff;
 598              		.loc 1 578 3 view .LVU190
 599              		.loc 1 578 9 is_stmt 0 view .LVU191
 600 0012 04EB4402 		add	r2, r4, r4, lsl #1
 601 0016 234B     		ldr	r3, .L38
 602 0018 03EBC203 		add	r3, r3, r2, lsl #3
 603 001c 9F6A     		ldr	r7, [r3, #40]
 604              	.LVL59:
 579:./trace/SEGGER/SEGGER_RTT.c ****   WrOff = pRing->WrOff;
 605              		.loc 1 579 3 is_stmt 1 view .LVU192
 606              		.loc 1 579 9 is_stmt 0 view .LVU193
 607 001e 5D6A     		ldr	r5, [r3, #36]
 608              	.LVL60:
 580:./trace/SEGGER/SEGGER_RTT.c ****   NumBytesRead = 0u;
 609              		.loc 1 580 3 is_stmt 1 view .LVU194
 581:./trace/SEGGER/SEGGER_RTT.c ****   //
 582:./trace/SEGGER/SEGGER_RTT.c ****   // Read from current read position to wrap-around of buffer, first
 583:./trace/SEGGER/SEGGER_RTT.c ****   //
 584:./trace/SEGGER/SEGGER_RTT.c ****   if (RdOff > WrOff) {
 610              		.loc 1 584 3 view .LVU195
 611              		.loc 1 584 6 is_stmt 0 view .LVU196
 612 0020 AF42     		cmp	r7, r5
 613 0022 12D8     		bhi	.L36
 580:./trace/SEGGER/SEGGER_RTT.c ****   NumBytesRead = 0u;
 614              		.loc 1 580 16 view .LVU197
 615 0024 0026     		movs	r6, #0
 616              	.LVL61:
 617              	.L29:
 585:./trace/SEGGER/SEGGER_RTT.c ****     NumBytesRem = pRing->SizeOfBuffer - RdOff;
 586:./trace/SEGGER/SEGGER_RTT.c ****     NumBytesRem = MIN(NumBytesRem, BufferSize);
 587:./trace/SEGGER/SEGGER_RTT.c ****     pSrc = (pRing->pBuffer + RdOff) + SEGGER_RTT_UNCACHED_OFF;
 588:./trace/SEGGER/SEGGER_RTT.c **** #if SEGGER_RTT_MEMCPY_USE_BYTELOOP
 589:./trace/SEGGER/SEGGER_RTT.c ****     NumBytesRead += NumBytesRem;
 590:./trace/SEGGER/SEGGER_RTT.c ****     BufferSize   -= NumBytesRem;
 591:./trace/SEGGER/SEGGER_RTT.c ****     RdOff        += NumBytesRem;
 592:./trace/SEGGER/SEGGER_RTT.c ****     while (NumBytesRem--) {
 593:./trace/SEGGER/SEGGER_RTT.c ****       *pBuffer++ = *pSrc++;
 594:./trace/SEGGER/SEGGER_RTT.c ****     };
 595:./trace/SEGGER/SEGGER_RTT.c **** #else
 596:./trace/SEGGER/SEGGER_RTT.c ****     SEGGER_RTT_MEMCPY(pBuffer, (void*)pSrc, NumBytesRem);
 597:./trace/SEGGER/SEGGER_RTT.c ****     NumBytesRead += NumBytesRem;
 598:./trace/SEGGER/SEGGER_RTT.c ****     pBuffer      += NumBytesRem;
 599:./trace/SEGGER/SEGGER_RTT.c ****     BufferSize   -= NumBytesRem;
 600:./trace/SEGGER/SEGGER_RTT.c ****     RdOff        += NumBytesRem;
 601:./trace/SEGGER/SEGGER_RTT.c **** #endif
 602:./trace/SEGGER/SEGGER_RTT.c ****     //
 603:./trace/SEGGER/SEGGER_RTT.c ****     // Handle wrap-around of buffer
 604:./trace/SEGGER/SEGGER_RTT.c ****     //
 605:./trace/SEGGER/SEGGER_RTT.c ****     if (RdOff == pRing->SizeOfBuffer) {
 606:./trace/SEGGER/SEGGER_RTT.c ****       RdOff = 0u;
 607:./trace/SEGGER/SEGGER_RTT.c ****     }
ARM GAS  /tmp/ccZ5iSyA.s 			page 25


 608:./trace/SEGGER/SEGGER_RTT.c ****   }
 609:./trace/SEGGER/SEGGER_RTT.c ****   //
 610:./trace/SEGGER/SEGGER_RTT.c ****   // Read remaining items of buffer
 611:./trace/SEGGER/SEGGER_RTT.c ****   //
 612:./trace/SEGGER/SEGGER_RTT.c ****   NumBytesRem = WrOff - RdOff;
 618              		.loc 1 612 3 is_stmt 1 view .LVU198
 619              		.loc 1 612 15 is_stmt 0 view .LVU199
 620 0026 ED1B     		subs	r5, r5, r7
 621              	.LVL62:
 613:./trace/SEGGER/SEGGER_RTT.c ****   NumBytesRem = MIN(NumBytesRem, BufferSize);
 622              		.loc 1 613 3 is_stmt 1 view .LVU200
 623              		.loc 1 613 15 is_stmt 0 view .LVU201
 624 0028 4D45     		cmp	r5, r9
 625 002a 28BF     		it	cs
 626 002c 4D46     		movcs	r5, r9
 627              	.LVL63:
 614:./trace/SEGGER/SEGGER_RTT.c ****   if (NumBytesRem > 0u) {
 628              		.loc 1 614 3 is_stmt 1 view .LVU202
 629              		.loc 1 614 6 is_stmt 0 view .LVU203
 630 002e 55BB     		cbnz	r5, .L37
 631              	.LVL64:
 632              	.L30:
 615:./trace/SEGGER/SEGGER_RTT.c ****     pSrc = (pRing->pBuffer + RdOff) + SEGGER_RTT_UNCACHED_OFF;
 616:./trace/SEGGER/SEGGER_RTT.c **** #if SEGGER_RTT_MEMCPY_USE_BYTELOOP
 617:./trace/SEGGER/SEGGER_RTT.c ****     NumBytesRead += NumBytesRem;
 618:./trace/SEGGER/SEGGER_RTT.c ****     BufferSize   -= NumBytesRem;
 619:./trace/SEGGER/SEGGER_RTT.c ****     RdOff        += NumBytesRem;
 620:./trace/SEGGER/SEGGER_RTT.c ****     while (NumBytesRem--) {
 621:./trace/SEGGER/SEGGER_RTT.c ****       *pBuffer++ = *pSrc++;
 622:./trace/SEGGER/SEGGER_RTT.c ****     };
 623:./trace/SEGGER/SEGGER_RTT.c **** #else
 624:./trace/SEGGER/SEGGER_RTT.c ****     SEGGER_RTT_MEMCPY(pBuffer, (void*)pSrc, NumBytesRem);
 625:./trace/SEGGER/SEGGER_RTT.c ****     NumBytesRead += NumBytesRem;
 626:./trace/SEGGER/SEGGER_RTT.c ****     pBuffer      += NumBytesRem;
 627:./trace/SEGGER/SEGGER_RTT.c ****     BufferSize   -= NumBytesRem;
 628:./trace/SEGGER/SEGGER_RTT.c ****     RdOff        += NumBytesRem;
 629:./trace/SEGGER/SEGGER_RTT.c **** #endif
 630:./trace/SEGGER/SEGGER_RTT.c ****   }
 631:./trace/SEGGER/SEGGER_RTT.c ****   //
 632:./trace/SEGGER/SEGGER_RTT.c ****   // Update read offset of buffer
 633:./trace/SEGGER/SEGGER_RTT.c ****   //
 634:./trace/SEGGER/SEGGER_RTT.c ****   if (NumBytesRead) {
 633              		.loc 1 634 3 is_stmt 1 view .LVU204
 634              		.loc 1 634 6 is_stmt 0 view .LVU205
 635 0030 2EB1     		cbz	r6, .L27
 635:./trace/SEGGER/SEGGER_RTT.c ****     pRing->RdOff = RdOff;
 636              		.loc 1 635 5 is_stmt 1 view .LVU206
 637              		.loc 1 635 18 is_stmt 0 view .LVU207
 638 0032 04EB4404 		add	r4, r4, r4, lsl #1
 639              	.LVL65:
 640              		.loc 1 635 18 view .LVU208
 641 0036 1B4B     		ldr	r3, .L38
 642 0038 03EBC403 		add	r3, r3, r4, lsl #3
 643 003c 9F62     		str	r7, [r3, #40]
 636:./trace/SEGGER/SEGGER_RTT.c ****   }
 637:./trace/SEGGER/SEGGER_RTT.c ****   //
 638:./trace/SEGGER/SEGGER_RTT.c ****   return NumBytesRead;
ARM GAS  /tmp/ccZ5iSyA.s 			page 26


 644              		.loc 1 638 3 is_stmt 1 view .LVU209
 645              	.L27:
 639:./trace/SEGGER/SEGGER_RTT.c **** }
 646              		.loc 1 639 1 is_stmt 0 view .LVU210
 647 003e 3046     		mov	r0, r6
 648 0040 BDE8F087 		pop	{r4, r5, r6, r7, r8, r9, r10, pc}
 649              	.LVL66:
 650              	.L35:
 651              	.LBB3:
 575:./trace/SEGGER/SEGGER_RTT.c ****   pRing = (SEGGER_RTT_BUFFER_UP*)((uintptr_t)&_SEGGER_RTT.aUp[BufferIndex] + SEGGER_RTT_UNCACHED_OF
 652              		.loc 1 575 3 is_stmt 1 discriminator 1 view .LVU211
 653 0044 FFF7FEFF 		bl	_DoInit
 654              	.LVL67:
 575:./trace/SEGGER/SEGGER_RTT.c ****   pRing = (SEGGER_RTT_BUFFER_UP*)((uintptr_t)&_SEGGER_RTT.aUp[BufferIndex] + SEGGER_RTT_UNCACHED_OF
 655              		.loc 1 575 3 is_stmt 0 discriminator 1 view .LVU212
 656 0048 E3E7     		b	.L28
 657              	.LVL68:
 658              	.L36:
 575:./trace/SEGGER/SEGGER_RTT.c ****   pRing = (SEGGER_RTT_BUFFER_UP*)((uintptr_t)&_SEGGER_RTT.aUp[BufferIndex] + SEGGER_RTT_UNCACHED_OF
 659              		.loc 1 575 3 discriminator 1 view .LVU213
 660              	.LBE3:
 585:./trace/SEGGER/SEGGER_RTT.c ****     NumBytesRem = MIN(NumBytesRem, BufferSize);
 661              		.loc 1 585 5 is_stmt 1 view .LVU214
 585:./trace/SEGGER/SEGGER_RTT.c ****     NumBytesRem = MIN(NumBytesRem, BufferSize);
 662              		.loc 1 585 24 is_stmt 0 view .LVU215
 663 004a 164B     		ldr	r3, .L38
 664 004c 03EBC20A 		add	r10, r3, r2, lsl #3
 665 0050 DAF82060 		ldr	r6, [r10, #32]
 585:./trace/SEGGER/SEGGER_RTT.c ****     NumBytesRem = MIN(NumBytesRem, BufferSize);
 666              		.loc 1 585 17 view .LVU216
 667 0054 F61B     		subs	r6, r6, r7
 668              	.LVL69:
 586:./trace/SEGGER/SEGGER_RTT.c ****     pSrc = (pRing->pBuffer + RdOff) + SEGGER_RTT_UNCACHED_OFF;
 669              		.loc 1 586 5 is_stmt 1 view .LVU217
 586:./trace/SEGGER/SEGGER_RTT.c ****     pSrc = (pRing->pBuffer + RdOff) + SEGGER_RTT_UNCACHED_OFF;
 670              		.loc 1 586 17 is_stmt 0 view .LVU218
 671 0056 4E45     		cmp	r6, r9
 672 0058 28BF     		it	cs
 673 005a 4E46     		movcs	r6, r9
 674              	.LVL70:
 587:./trace/SEGGER/SEGGER_RTT.c **** #if SEGGER_RTT_MEMCPY_USE_BYTELOOP
 675              		.loc 1 587 5 is_stmt 1 view .LVU219
 587:./trace/SEGGER/SEGGER_RTT.c **** #if SEGGER_RTT_MEMCPY_USE_BYTELOOP
 676              		.loc 1 587 18 is_stmt 0 view .LVU220
 677 005c 621C     		adds	r2, r4, #1
 678 005e 02EB4202 		add	r2, r2, r2, lsl #1
 679 0062 03EBC203 		add	r3, r3, r2, lsl #3
 680 0066 5968     		ldr	r1, [r3, #4]
 681              	.LVL71:
 596:./trace/SEGGER/SEGGER_RTT.c ****     NumBytesRead += NumBytesRem;
 682              		.loc 1 596 5 is_stmt 1 view .LVU221
 683 0068 3246     		mov	r2, r6
 684 006a 3944     		add	r1, r1, r7
 685              	.LVL72:
 596:./trace/SEGGER/SEGGER_RTT.c ****     NumBytesRead += NumBytesRem;
 686              		.loc 1 596 5 is_stmt 0 view .LVU222
 687 006c 4046     		mov	r0, r8
ARM GAS  /tmp/ccZ5iSyA.s 			page 27


 688 006e FFF7FEFF 		bl	memcpy
 689              	.LVL73:
 597:./trace/SEGGER/SEGGER_RTT.c ****     pBuffer      += NumBytesRem;
 690              		.loc 1 597 5 is_stmt 1 view .LVU223
 598:./trace/SEGGER/SEGGER_RTT.c ****     BufferSize   -= NumBytesRem;
 691              		.loc 1 598 5 view .LVU224
 598:./trace/SEGGER/SEGGER_RTT.c ****     BufferSize   -= NumBytesRem;
 692              		.loc 1 598 18 is_stmt 0 view .LVU225
 693 0072 B044     		add	r8, r8, r6
 694              	.LVL74:
 599:./trace/SEGGER/SEGGER_RTT.c ****     RdOff        += NumBytesRem;
 695              		.loc 1 599 5 is_stmt 1 view .LVU226
 599:./trace/SEGGER/SEGGER_RTT.c ****     RdOff        += NumBytesRem;
 696              		.loc 1 599 18 is_stmt 0 view .LVU227
 697 0074 A9EB0609 		sub	r9, r9, r6
 698              	.LVL75:
 600:./trace/SEGGER/SEGGER_RTT.c **** #endif
 699              		.loc 1 600 5 is_stmt 1 view .LVU228
 600:./trace/SEGGER/SEGGER_RTT.c **** #endif
 700              		.loc 1 600 18 is_stmt 0 view .LVU229
 701 0078 3744     		add	r7, r7, r6
 702              	.LVL76:
 605:./trace/SEGGER/SEGGER_RTT.c ****       RdOff = 0u;
 703              		.loc 1 605 5 is_stmt 1 view .LVU230
 605:./trace/SEGGER/SEGGER_RTT.c ****       RdOff = 0u;
 704              		.loc 1 605 23 is_stmt 0 view .LVU231
 705 007a DAF82030 		ldr	r3, [r10, #32]
 605:./trace/SEGGER/SEGGER_RTT.c ****       RdOff = 0u;
 706              		.loc 1 605 8 view .LVU232
 707 007e BB42     		cmp	r3, r7
 708 0080 D1D1     		bne	.L29
 606:./trace/SEGGER/SEGGER_RTT.c ****     }
 709              		.loc 1 606 13 view .LVU233
 710 0082 0027     		movs	r7, #0
 711              	.LVL77:
 606:./trace/SEGGER/SEGGER_RTT.c ****     }
 712              		.loc 1 606 13 view .LVU234
 713 0084 CFE7     		b	.L29
 714              	.LVL78:
 715              	.L37:
 615:./trace/SEGGER/SEGGER_RTT.c **** #if SEGGER_RTT_MEMCPY_USE_BYTELOOP
 716              		.loc 1 615 5 is_stmt 1 view .LVU235
 615:./trace/SEGGER/SEGGER_RTT.c **** #if SEGGER_RTT_MEMCPY_USE_BYTELOOP
 717              		.loc 1 615 18 is_stmt 0 view .LVU236
 718 0086 631C     		adds	r3, r4, #1
 719 0088 03EB4303 		add	r3, r3, r3, lsl #1
 720 008c 054A     		ldr	r2, .L38
 721 008e 02EBC303 		add	r3, r2, r3, lsl #3
 722 0092 5968     		ldr	r1, [r3, #4]
 723              	.LVL79:
 624:./trace/SEGGER/SEGGER_RTT.c ****     NumBytesRead += NumBytesRem;
 724              		.loc 1 624 5 is_stmt 1 view .LVU237
 725 0094 2A46     		mov	r2, r5
 726 0096 3944     		add	r1, r1, r7
 727              	.LVL80:
 624:./trace/SEGGER/SEGGER_RTT.c ****     NumBytesRead += NumBytesRem;
 728              		.loc 1 624 5 is_stmt 0 view .LVU238
ARM GAS  /tmp/ccZ5iSyA.s 			page 28


 729 0098 4046     		mov	r0, r8
 730 009a FFF7FEFF 		bl	memcpy
 731              	.LVL81:
 625:./trace/SEGGER/SEGGER_RTT.c ****     pBuffer      += NumBytesRem;
 732              		.loc 1 625 5 is_stmt 1 view .LVU239
 625:./trace/SEGGER/SEGGER_RTT.c ****     pBuffer      += NumBytesRem;
 733              		.loc 1 625 18 is_stmt 0 view .LVU240
 734 009e 2E44     		add	r6, r6, r5
 735              	.LVL82:
 626:./trace/SEGGER/SEGGER_RTT.c ****     BufferSize   -= NumBytesRem;
 736              		.loc 1 626 5 is_stmt 1 view .LVU241
 627:./trace/SEGGER/SEGGER_RTT.c ****     RdOff        += NumBytesRem;
 737              		.loc 1 627 5 view .LVU242
 628:./trace/SEGGER/SEGGER_RTT.c **** #endif
 738              		.loc 1 628 5 view .LVU243
 628:./trace/SEGGER/SEGGER_RTT.c **** #endif
 739              		.loc 1 628 18 is_stmt 0 view .LVU244
 740 00a0 2F44     		add	r7, r7, r5
 741              	.LVL83:
 628:./trace/SEGGER/SEGGER_RTT.c **** #endif
 742              		.loc 1 628 18 view .LVU245
 743 00a2 C5E7     		b	.L30
 744              	.L39:
 745              		.align	2
 746              	.L38:
 747 00a4 00000000 		.word	_SEGGER_RTT
 748              		.cfi_endproc
 749              	.LFE5:
 751              		.section	.text.SEGGER_RTT_ReadNoLock,"ax",%progbits
 752              		.align	1
 753              		.global	SEGGER_RTT_ReadNoLock
 754              		.syntax unified
 755              		.thumb
 756              		.thumb_func
 758              	SEGGER_RTT_ReadNoLock:
 759              	.LVL84:
 760              	.LFB6:
 640:./trace/SEGGER/SEGGER_RTT.c **** 
 641:./trace/SEGGER/SEGGER_RTT.c **** /*********************************************************************
 642:./trace/SEGGER/SEGGER_RTT.c **** *
 643:./trace/SEGGER/SEGGER_RTT.c **** *       SEGGER_RTT_ReadNoLock()
 644:./trace/SEGGER/SEGGER_RTT.c **** *
 645:./trace/SEGGER/SEGGER_RTT.c **** *  Function description
 646:./trace/SEGGER/SEGGER_RTT.c **** *    Reads characters from SEGGER real-time-terminal control block
 647:./trace/SEGGER/SEGGER_RTT.c **** *    which have been previously stored by the host.
 648:./trace/SEGGER/SEGGER_RTT.c **** *    Do not lock against interrupts and multiple access.
 649:./trace/SEGGER/SEGGER_RTT.c **** *
 650:./trace/SEGGER/SEGGER_RTT.c **** *  Parameters
 651:./trace/SEGGER/SEGGER_RTT.c **** *    BufferIndex  Index of Down-buffer to be used (e.g. 0 for "Terminal").
 652:./trace/SEGGER/SEGGER_RTT.c **** *    pBuffer      Pointer to buffer provided by target application, to copy characters from RTT-dow
 653:./trace/SEGGER/SEGGER_RTT.c **** *    BufferSize   Size of the target application buffer.
 654:./trace/SEGGER/SEGGER_RTT.c **** *
 655:./trace/SEGGER/SEGGER_RTT.c **** *  Return value
 656:./trace/SEGGER/SEGGER_RTT.c **** *    Number of bytes that have been read.
 657:./trace/SEGGER/SEGGER_RTT.c **** */
 658:./trace/SEGGER/SEGGER_RTT.c **** unsigned SEGGER_RTT_ReadNoLock(unsigned BufferIndex, void* pData, unsigned BufferSize) {
 761              		.loc 1 658 88 is_stmt 1 view -0
ARM GAS  /tmp/ccZ5iSyA.s 			page 29


 762              		.cfi_startproc
 763              		@ args = 0, pretend = 0, frame = 0
 764              		@ frame_needed = 0, uses_anonymous_args = 0
 765              		.loc 1 658 88 is_stmt 0 view .LVU247
 766 0000 2DE9F047 		push	{r4, r5, r6, r7, r8, r9, r10, lr}
 767              	.LCFI7:
 768              		.cfi_def_cfa_offset 32
 769              		.cfi_offset 4, -32
 770              		.cfi_offset 5, -28
 771              		.cfi_offset 6, -24
 772              		.cfi_offset 7, -20
 773              		.cfi_offset 8, -16
 774              		.cfi_offset 9, -12
 775              		.cfi_offset 10, -8
 776              		.cfi_offset 14, -4
 777 0004 0446     		mov	r4, r0
 778 0006 8846     		mov	r8, r1
 779 0008 9146     		mov	r9, r2
 659:./trace/SEGGER/SEGGER_RTT.c ****   unsigned                NumBytesRem;
 780              		.loc 1 659 3 is_stmt 1 view .LVU248
 660:./trace/SEGGER/SEGGER_RTT.c ****   unsigned                NumBytesRead;
 781              		.loc 1 660 3 view .LVU249
 661:./trace/SEGGER/SEGGER_RTT.c ****   unsigned                RdOff;
 782              		.loc 1 661 3 view .LVU250
 662:./trace/SEGGER/SEGGER_RTT.c ****   unsigned                WrOff;
 783              		.loc 1 662 3 view .LVU251
 663:./trace/SEGGER/SEGGER_RTT.c ****   unsigned char*          pBuffer;
 784              		.loc 1 663 3 view .LVU252
 664:./trace/SEGGER/SEGGER_RTT.c ****   SEGGER_RTT_BUFFER_DOWN* pRing;
 785              		.loc 1 664 3 view .LVU253
 665:./trace/SEGGER/SEGGER_RTT.c ****   volatile char*          pSrc;
 786              		.loc 1 665 3 view .LVU254
 666:./trace/SEGGER/SEGGER_RTT.c ****   //
 667:./trace/SEGGER/SEGGER_RTT.c ****   INIT();
 787              		.loc 1 667 3 view .LVU255
 788              	.LBB4:
 789              		.loc 1 667 3 view .LVU256
 790              		.loc 1 667 3 view .LVU257
 791              	.LVL85:
 792              		.loc 1 667 3 view .LVU258
 793 000a 244B     		ldr	r3, .L51
 794 000c 1B78     		ldrb	r3, [r3]	@ zero_extendqisi2
 795 000e 532B     		cmp	r3, #83
 796 0010 18D1     		bne	.L48
 797              	.LVL86:
 798              	.L41:
 799              		.loc 1 667 3 is_stmt 0 view .LVU259
 800              	.LBE4:
 801              		.loc 1 667 3 is_stmt 1 discriminator 3 view .LVU260
 668:./trace/SEGGER/SEGGER_RTT.c ****   pRing = (SEGGER_RTT_BUFFER_DOWN*)((uintptr_t)&_SEGGER_RTT.aDown[BufferIndex] + SEGGER_RTT_UNCACHE
 802              		.loc 1 668 3 view .LVU261
 669:./trace/SEGGER/SEGGER_RTT.c ****   pBuffer = (unsigned char*)pData;
 803              		.loc 1 669 3 view .LVU262
 670:./trace/SEGGER/SEGGER_RTT.c ****   RdOff = pRing->RdOff;
 804              		.loc 1 670 3 view .LVU263
 805              		.loc 1 670 9 is_stmt 0 view .LVU264
 806 0012 04EB4402 		add	r2, r4, r4, lsl #1
ARM GAS  /tmp/ccZ5iSyA.s 			page 30


 807 0016 214B     		ldr	r3, .L51
 808 0018 03EBC203 		add	r3, r3, r2, lsl #3
 809 001c 1F6F     		ldr	r7, [r3, #112]
 810              	.LVL87:
 671:./trace/SEGGER/SEGGER_RTT.c ****   WrOff = pRing->WrOff;
 811              		.loc 1 671 3 is_stmt 1 view .LVU265
 812              		.loc 1 671 9 is_stmt 0 view .LVU266
 813 001e DD6E     		ldr	r5, [r3, #108]
 814              	.LVL88:
 672:./trace/SEGGER/SEGGER_RTT.c ****   NumBytesRead = 0u;
 815              		.loc 1 672 3 is_stmt 1 view .LVU267
 673:./trace/SEGGER/SEGGER_RTT.c ****   //
 674:./trace/SEGGER/SEGGER_RTT.c ****   // Read from current read position to wrap-around of buffer, first
 675:./trace/SEGGER/SEGGER_RTT.c ****   //
 676:./trace/SEGGER/SEGGER_RTT.c ****   if (RdOff > WrOff) {
 816              		.loc 1 676 3 view .LVU268
 817              		.loc 1 676 6 is_stmt 0 view .LVU269
 818 0020 AF42     		cmp	r7, r5
 819 0022 12D8     		bhi	.L49
 672:./trace/SEGGER/SEGGER_RTT.c ****   NumBytesRead = 0u;
 820              		.loc 1 672 16 view .LVU270
 821 0024 0026     		movs	r6, #0
 822              	.LVL89:
 823              	.L42:
 677:./trace/SEGGER/SEGGER_RTT.c ****     NumBytesRem = pRing->SizeOfBuffer - RdOff;
 678:./trace/SEGGER/SEGGER_RTT.c ****     NumBytesRem = MIN(NumBytesRem, BufferSize);
 679:./trace/SEGGER/SEGGER_RTT.c ****     pSrc = (pRing->pBuffer + RdOff) + SEGGER_RTT_UNCACHED_OFF;
 680:./trace/SEGGER/SEGGER_RTT.c **** #if SEGGER_RTT_MEMCPY_USE_BYTELOOP
 681:./trace/SEGGER/SEGGER_RTT.c ****     NumBytesRead += NumBytesRem;
 682:./trace/SEGGER/SEGGER_RTT.c ****     BufferSize   -= NumBytesRem;
 683:./trace/SEGGER/SEGGER_RTT.c ****     RdOff        += NumBytesRem;
 684:./trace/SEGGER/SEGGER_RTT.c ****     while (NumBytesRem--) {
 685:./trace/SEGGER/SEGGER_RTT.c ****       *pBuffer++ = *pSrc++;
 686:./trace/SEGGER/SEGGER_RTT.c ****     };
 687:./trace/SEGGER/SEGGER_RTT.c **** #else
 688:./trace/SEGGER/SEGGER_RTT.c ****     SEGGER_RTT_MEMCPY(pBuffer, (void*)pSrc, NumBytesRem);
 689:./trace/SEGGER/SEGGER_RTT.c ****     NumBytesRead += NumBytesRem;
 690:./trace/SEGGER/SEGGER_RTT.c ****     pBuffer      += NumBytesRem;
 691:./trace/SEGGER/SEGGER_RTT.c ****     BufferSize   -= NumBytesRem;
 692:./trace/SEGGER/SEGGER_RTT.c ****     RdOff        += NumBytesRem;
 693:./trace/SEGGER/SEGGER_RTT.c **** #endif
 694:./trace/SEGGER/SEGGER_RTT.c ****     //
 695:./trace/SEGGER/SEGGER_RTT.c ****     // Handle wrap-around of buffer
 696:./trace/SEGGER/SEGGER_RTT.c ****     //
 697:./trace/SEGGER/SEGGER_RTT.c ****     if (RdOff == pRing->SizeOfBuffer) {
 698:./trace/SEGGER/SEGGER_RTT.c ****       RdOff = 0u;
 699:./trace/SEGGER/SEGGER_RTT.c ****     }
 700:./trace/SEGGER/SEGGER_RTT.c ****   }
 701:./trace/SEGGER/SEGGER_RTT.c ****   //
 702:./trace/SEGGER/SEGGER_RTT.c ****   // Read remaining items of buffer
 703:./trace/SEGGER/SEGGER_RTT.c ****   //
 704:./trace/SEGGER/SEGGER_RTT.c ****   NumBytesRem = WrOff - RdOff;
 824              		.loc 1 704 3 is_stmt 1 view .LVU271
 825              		.loc 1 704 15 is_stmt 0 view .LVU272
 826 0026 ED1B     		subs	r5, r5, r7
 827              	.LVL90:
 705:./trace/SEGGER/SEGGER_RTT.c ****   NumBytesRem = MIN(NumBytesRem, BufferSize);
ARM GAS  /tmp/ccZ5iSyA.s 			page 31


 828              		.loc 1 705 3 is_stmt 1 view .LVU273
 829              		.loc 1 705 15 is_stmt 0 view .LVU274
 830 0028 4D45     		cmp	r5, r9
 831 002a 28BF     		it	cs
 832 002c 4D46     		movcs	r5, r9
 833              	.LVL91:
 706:./trace/SEGGER/SEGGER_RTT.c ****   if (NumBytesRem > 0u) {
 834              		.loc 1 706 3 is_stmt 1 view .LVU275
 835              		.loc 1 706 6 is_stmt 0 view .LVU276
 836 002e 3DBB     		cbnz	r5, .L50
 837              	.LVL92:
 838              	.L43:
 707:./trace/SEGGER/SEGGER_RTT.c ****     pSrc = (pRing->pBuffer + RdOff) + SEGGER_RTT_UNCACHED_OFF;
 708:./trace/SEGGER/SEGGER_RTT.c **** #if SEGGER_RTT_MEMCPY_USE_BYTELOOP
 709:./trace/SEGGER/SEGGER_RTT.c ****     NumBytesRead += NumBytesRem;
 710:./trace/SEGGER/SEGGER_RTT.c ****     BufferSize   -= NumBytesRem;
 711:./trace/SEGGER/SEGGER_RTT.c ****     RdOff        += NumBytesRem;
 712:./trace/SEGGER/SEGGER_RTT.c ****     while (NumBytesRem--) {
 713:./trace/SEGGER/SEGGER_RTT.c ****       *pBuffer++ = *pSrc++;
 714:./trace/SEGGER/SEGGER_RTT.c ****     };
 715:./trace/SEGGER/SEGGER_RTT.c **** #else
 716:./trace/SEGGER/SEGGER_RTT.c ****     SEGGER_RTT_MEMCPY(pBuffer, (void*)pSrc, NumBytesRem);
 717:./trace/SEGGER/SEGGER_RTT.c ****     NumBytesRead += NumBytesRem;
 718:./trace/SEGGER/SEGGER_RTT.c ****     pBuffer      += NumBytesRem;
 719:./trace/SEGGER/SEGGER_RTT.c ****     BufferSize   -= NumBytesRem;
 720:./trace/SEGGER/SEGGER_RTT.c ****     RdOff        += NumBytesRem;
 721:./trace/SEGGER/SEGGER_RTT.c **** #endif
 722:./trace/SEGGER/SEGGER_RTT.c ****   }
 723:./trace/SEGGER/SEGGER_RTT.c ****   if (NumBytesRead) {
 839              		.loc 1 723 3 is_stmt 1 view .LVU277
 840              		.loc 1 723 6 is_stmt 0 view .LVU278
 841 0030 2EB1     		cbz	r6, .L40
 724:./trace/SEGGER/SEGGER_RTT.c ****     pRing->RdOff = RdOff;
 842              		.loc 1 724 5 is_stmt 1 view .LVU279
 843              		.loc 1 724 18 is_stmt 0 view .LVU280
 844 0032 04EB4404 		add	r4, r4, r4, lsl #1
 845              	.LVL93:
 846              		.loc 1 724 18 view .LVU281
 847 0036 194B     		ldr	r3, .L51
 848 0038 03EBC403 		add	r3, r3, r4, lsl #3
 849 003c 1F67     		str	r7, [r3, #112]
 725:./trace/SEGGER/SEGGER_RTT.c ****   }
 726:./trace/SEGGER/SEGGER_RTT.c ****   //
 727:./trace/SEGGER/SEGGER_RTT.c ****   return NumBytesRead;
 850              		.loc 1 727 3 is_stmt 1 view .LVU282
 851              	.L40:
 728:./trace/SEGGER/SEGGER_RTT.c **** }
 852              		.loc 1 728 1 is_stmt 0 view .LVU283
 853 003e 3046     		mov	r0, r6
 854 0040 BDE8F087 		pop	{r4, r5, r6, r7, r8, r9, r10, pc}
 855              	.LVL94:
 856              	.L48:
 857              	.LBB5:
 667:./trace/SEGGER/SEGGER_RTT.c ****   pRing = (SEGGER_RTT_BUFFER_DOWN*)((uintptr_t)&_SEGGER_RTT.aDown[BufferIndex] + SEGGER_RTT_UNCACHE
 858              		.loc 1 667 3 is_stmt 1 discriminator 1 view .LVU284
 859 0044 FFF7FEFF 		bl	_DoInit
 860              	.LVL95:
ARM GAS  /tmp/ccZ5iSyA.s 			page 32


 667:./trace/SEGGER/SEGGER_RTT.c ****   pRing = (SEGGER_RTT_BUFFER_DOWN*)((uintptr_t)&_SEGGER_RTT.aDown[BufferIndex] + SEGGER_RTT_UNCACHE
 861              		.loc 1 667 3 is_stmt 0 discriminator 1 view .LVU285
 862 0048 E3E7     		b	.L41
 863              	.LVL96:
 864              	.L49:
 667:./trace/SEGGER/SEGGER_RTT.c ****   pRing = (SEGGER_RTT_BUFFER_DOWN*)((uintptr_t)&_SEGGER_RTT.aDown[BufferIndex] + SEGGER_RTT_UNCACHE
 865              		.loc 1 667 3 discriminator 1 view .LVU286
 866              	.LBE5:
 677:./trace/SEGGER/SEGGER_RTT.c ****     NumBytesRem = MIN(NumBytesRem, BufferSize);
 867              		.loc 1 677 5 is_stmt 1 view .LVU287
 677:./trace/SEGGER/SEGGER_RTT.c ****     NumBytesRem = MIN(NumBytesRem, BufferSize);
 868              		.loc 1 677 24 is_stmt 0 view .LVU288
 869 004a 1346     		mov	r3, r2
 870 004c 134A     		ldr	r2, .L51
 871 004e 02EBC30A 		add	r10, r2, r3, lsl #3
 872 0052 DAF86860 		ldr	r6, [r10, #104]
 677:./trace/SEGGER/SEGGER_RTT.c ****     NumBytesRem = MIN(NumBytesRem, BufferSize);
 873              		.loc 1 677 17 view .LVU289
 874 0056 F61B     		subs	r6, r6, r7
 875              	.LVL97:
 678:./trace/SEGGER/SEGGER_RTT.c ****     pSrc = (pRing->pBuffer + RdOff) + SEGGER_RTT_UNCACHED_OFF;
 876              		.loc 1 678 5 is_stmt 1 view .LVU290
 678:./trace/SEGGER/SEGGER_RTT.c ****     pSrc = (pRing->pBuffer + RdOff) + SEGGER_RTT_UNCACHED_OFF;
 877              		.loc 1 678 17 is_stmt 0 view .LVU291
 878 0058 4E45     		cmp	r6, r9
 879 005a 28BF     		it	cs
 880 005c 4E46     		movcs	r6, r9
 881              	.LVL98:
 679:./trace/SEGGER/SEGGER_RTT.c **** #if SEGGER_RTT_MEMCPY_USE_BYTELOOP
 882              		.loc 1 679 5 is_stmt 1 view .LVU292
 679:./trace/SEGGER/SEGGER_RTT.c **** #if SEGGER_RTT_MEMCPY_USE_BYTELOOP
 883              		.loc 1 679 18 is_stmt 0 view .LVU293
 884 005e DAF86410 		ldr	r1, [r10, #100]
 885              	.LVL99:
 688:./trace/SEGGER/SEGGER_RTT.c ****     NumBytesRead += NumBytesRem;
 886              		.loc 1 688 5 is_stmt 1 view .LVU294
 887 0062 3246     		mov	r2, r6
 888 0064 3944     		add	r1, r1, r7
 889              	.LVL100:
 688:./trace/SEGGER/SEGGER_RTT.c ****     NumBytesRead += NumBytesRem;
 890              		.loc 1 688 5 is_stmt 0 view .LVU295
 891 0066 4046     		mov	r0, r8
 892 0068 FFF7FEFF 		bl	memcpy
 893              	.LVL101:
 689:./trace/SEGGER/SEGGER_RTT.c ****     pBuffer      += NumBytesRem;
 894              		.loc 1 689 5 is_stmt 1 view .LVU296
 690:./trace/SEGGER/SEGGER_RTT.c ****     BufferSize   -= NumBytesRem;
 895              		.loc 1 690 5 view .LVU297
 690:./trace/SEGGER/SEGGER_RTT.c ****     BufferSize   -= NumBytesRem;
 896              		.loc 1 690 18 is_stmt 0 view .LVU298
 897 006c B044     		add	r8, r8, r6
 898              	.LVL102:
 691:./trace/SEGGER/SEGGER_RTT.c ****     RdOff        += NumBytesRem;
 899              		.loc 1 691 5 is_stmt 1 view .LVU299
 691:./trace/SEGGER/SEGGER_RTT.c ****     RdOff        += NumBytesRem;
 900              		.loc 1 691 18 is_stmt 0 view .LVU300
 901 006e A9EB0609 		sub	r9, r9, r6
ARM GAS  /tmp/ccZ5iSyA.s 			page 33


 902              	.LVL103:
 692:./trace/SEGGER/SEGGER_RTT.c **** #endif
 903              		.loc 1 692 5 is_stmt 1 view .LVU301
 692:./trace/SEGGER/SEGGER_RTT.c **** #endif
 904              		.loc 1 692 18 is_stmt 0 view .LVU302
 905 0072 3744     		add	r7, r7, r6
 906              	.LVL104:
 697:./trace/SEGGER/SEGGER_RTT.c ****       RdOff = 0u;
 907              		.loc 1 697 5 is_stmt 1 view .LVU303
 697:./trace/SEGGER/SEGGER_RTT.c ****       RdOff = 0u;
 908              		.loc 1 697 23 is_stmt 0 view .LVU304
 909 0074 DAF86830 		ldr	r3, [r10, #104]
 697:./trace/SEGGER/SEGGER_RTT.c ****       RdOff = 0u;
 910              		.loc 1 697 8 view .LVU305
 911 0078 BB42     		cmp	r3, r7
 912 007a D4D1     		bne	.L42
 698:./trace/SEGGER/SEGGER_RTT.c ****     }
 913              		.loc 1 698 13 view .LVU306
 914 007c 0027     		movs	r7, #0
 915              	.LVL105:
 698:./trace/SEGGER/SEGGER_RTT.c ****     }
 916              		.loc 1 698 13 view .LVU307
 917 007e D2E7     		b	.L42
 918              	.LVL106:
 919              	.L50:
 707:./trace/SEGGER/SEGGER_RTT.c **** #if SEGGER_RTT_MEMCPY_USE_BYTELOOP
 920              		.loc 1 707 5 is_stmt 1 view .LVU308
 707:./trace/SEGGER/SEGGER_RTT.c **** #if SEGGER_RTT_MEMCPY_USE_BYTELOOP
 921              		.loc 1 707 18 is_stmt 0 view .LVU309
 922 0080 04EB4402 		add	r2, r4, r4, lsl #1
 923 0084 054B     		ldr	r3, .L51
 924 0086 03EBC203 		add	r3, r3, r2, lsl #3
 925 008a 596E     		ldr	r1, [r3, #100]
 926              	.LVL107:
 716:./trace/SEGGER/SEGGER_RTT.c ****     NumBytesRead += NumBytesRem;
 927              		.loc 1 716 5 is_stmt 1 view .LVU310
 928 008c 2A46     		mov	r2, r5
 929 008e 3944     		add	r1, r1, r7
 930              	.LVL108:
 716:./trace/SEGGER/SEGGER_RTT.c ****     NumBytesRead += NumBytesRem;
 931              		.loc 1 716 5 is_stmt 0 view .LVU311
 932 0090 4046     		mov	r0, r8
 933 0092 FFF7FEFF 		bl	memcpy
 934              	.LVL109:
 717:./trace/SEGGER/SEGGER_RTT.c ****     pBuffer      += NumBytesRem;
 935              		.loc 1 717 5 is_stmt 1 view .LVU312
 717:./trace/SEGGER/SEGGER_RTT.c ****     pBuffer      += NumBytesRem;
 936              		.loc 1 717 18 is_stmt 0 view .LVU313
 937 0096 2E44     		add	r6, r6, r5
 938              	.LVL110:
 718:./trace/SEGGER/SEGGER_RTT.c ****     BufferSize   -= NumBytesRem;
 939              		.loc 1 718 5 is_stmt 1 view .LVU314
 719:./trace/SEGGER/SEGGER_RTT.c ****     RdOff        += NumBytesRem;
 940              		.loc 1 719 5 view .LVU315
 720:./trace/SEGGER/SEGGER_RTT.c **** #endif
 941              		.loc 1 720 5 view .LVU316
 720:./trace/SEGGER/SEGGER_RTT.c **** #endif
ARM GAS  /tmp/ccZ5iSyA.s 			page 34


 942              		.loc 1 720 18 is_stmt 0 view .LVU317
 943 0098 2F44     		add	r7, r7, r5
 944              	.LVL111:
 720:./trace/SEGGER/SEGGER_RTT.c **** #endif
 945              		.loc 1 720 18 view .LVU318
 946 009a C9E7     		b	.L43
 947              	.L52:
 948              		.align	2
 949              	.L51:
 950 009c 00000000 		.word	_SEGGER_RTT
 951              		.cfi_endproc
 952              	.LFE6:
 954              		.section	.text.SEGGER_RTT_ReadUpBuffer,"ax",%progbits
 955              		.align	1
 956              		.global	SEGGER_RTT_ReadUpBuffer
 957              		.syntax unified
 958              		.thumb
 959              		.thumb_func
 961              	SEGGER_RTT_ReadUpBuffer:
 962              	.LVL112:
 963              	.LFB7:
 729:./trace/SEGGER/SEGGER_RTT.c **** 
 730:./trace/SEGGER/SEGGER_RTT.c **** /*********************************************************************
 731:./trace/SEGGER/SEGGER_RTT.c **** *
 732:./trace/SEGGER/SEGGER_RTT.c **** *       SEGGER_RTT_ReadUpBuffer
 733:./trace/SEGGER/SEGGER_RTT.c **** *
 734:./trace/SEGGER/SEGGER_RTT.c **** *  Function description
 735:./trace/SEGGER/SEGGER_RTT.c **** *    Reads characters from SEGGER real-time-terminal control block
 736:./trace/SEGGER/SEGGER_RTT.c **** *    which have been previously stored by the application.
 737:./trace/SEGGER/SEGGER_RTT.c **** *    Used to do the same operation that J-Link does, to transfer
 738:./trace/SEGGER/SEGGER_RTT.c **** *    RTT data via other channels, such as TCP/IP or UART.
 739:./trace/SEGGER/SEGGER_RTT.c **** *
 740:./trace/SEGGER/SEGGER_RTT.c **** *  Parameters
 741:./trace/SEGGER/SEGGER_RTT.c **** *    BufferIndex  Index of Up-buffer to be used.
 742:./trace/SEGGER/SEGGER_RTT.c **** *    pBuffer      Pointer to buffer provided by target application, to copy characters from RTT-up-
 743:./trace/SEGGER/SEGGER_RTT.c **** *    BufferSize   Size of the target application buffer.
 744:./trace/SEGGER/SEGGER_RTT.c **** *
 745:./trace/SEGGER/SEGGER_RTT.c **** *  Return value
 746:./trace/SEGGER/SEGGER_RTT.c **** *    Number of bytes that have been read.
 747:./trace/SEGGER/SEGGER_RTT.c **** *
 748:./trace/SEGGER/SEGGER_RTT.c **** *  Additional information
 749:./trace/SEGGER/SEGGER_RTT.c **** *    This function must not be called when J-Link might also do RTT.
 750:./trace/SEGGER/SEGGER_RTT.c **** *    This function locks against all other RTT operations. I.e. during
 751:./trace/SEGGER/SEGGER_RTT.c **** *    the read operation, writing is also locked.
 752:./trace/SEGGER/SEGGER_RTT.c **** *    If only one consumer reads from the up buffer,
 753:./trace/SEGGER/SEGGER_RTT.c **** *    call sEGGER_RTT_ReadUpBufferNoLock() instead.
 754:./trace/SEGGER/SEGGER_RTT.c **** */
 755:./trace/SEGGER/SEGGER_RTT.c **** unsigned SEGGER_RTT_ReadUpBuffer(unsigned BufferIndex, void* pBuffer, unsigned BufferSize) {
 964              		.loc 1 755 92 is_stmt 1 view -0
 965              		.cfi_startproc
 966              		@ args = 0, pretend = 0, frame = 0
 967              		@ frame_needed = 0, uses_anonymous_args = 0
 968              		.loc 1 755 92 is_stmt 0 view .LVU320
 969 0000 10B5     		push	{r4, lr}
 970              	.LCFI8:
 971              		.cfi_def_cfa_offset 8
 972              		.cfi_offset 4, -8
ARM GAS  /tmp/ccZ5iSyA.s 			page 35


 973              		.cfi_offset 14, -4
 974 0002 0B46     		mov	r3, r1
 756:./trace/SEGGER/SEGGER_RTT.c ****   unsigned NumBytesRead;
 975              		.loc 1 756 3 is_stmt 1 view .LVU321
 976              	.LBB6:
 757:./trace/SEGGER/SEGGER_RTT.c **** 
 758:./trace/SEGGER/SEGGER_RTT.c ****   SEGGER_RTT_LOCK();
 977              		.loc 1 758 3 view .LVU322
 978              		.loc 1 758 3 view .LVU323
 979              		.syntax unified
 980              	@ 758 "./trace/SEGGER/SEGGER_RTT.c" 1
 981 0004 EFF31184 		mrs   r4, basepri  
 982 0008 4FF02001 		mov   r1, #32       
 983 000c 81F31188 		msr   basepri, r1  
 984              		
 985              	@ 0 "" 2
 986              	.LVL113:
 987              		.loc 1 758 20 view .LVU324
 759:./trace/SEGGER/SEGGER_RTT.c ****   //
 760:./trace/SEGGER/SEGGER_RTT.c ****   // Call the non-locking read function
 761:./trace/SEGGER/SEGGER_RTT.c ****   //
 762:./trace/SEGGER/SEGGER_RTT.c ****   NumBytesRead = SEGGER_RTT_ReadUpBufferNoLock(BufferIndex, pBuffer, BufferSize);
 988              		.loc 1 762 3 view .LVU325
 989              		.loc 1 762 18 is_stmt 0 view .LVU326
 990              		.thumb
 991              		.syntax unified
 992 0010 1946     		mov	r1, r3
 993 0012 FFF7FEFF 		bl	SEGGER_RTT_ReadUpBufferNoLock
 994              	.LVL114:
 763:./trace/SEGGER/SEGGER_RTT.c ****   //
 764:./trace/SEGGER/SEGGER_RTT.c ****   // Finish up.
 765:./trace/SEGGER/SEGGER_RTT.c ****   //
 766:./trace/SEGGER/SEGGER_RTT.c ****   SEGGER_RTT_UNLOCK();
 995              		.loc 1 766 3 is_stmt 1 view .LVU327
 996              		.syntax unified
 997              	@ 766 "./trace/SEGGER/SEGGER_RTT.c" 1
 998 0016 84F31188 		msr   basepri, r4  
 999              		
 1000              	@ 0 "" 2
 1001              		.thumb
 1002              		.syntax unified
 1003              	.LBE6:
 1004              		.loc 1 766 22 view .LVU328
 767:./trace/SEGGER/SEGGER_RTT.c ****   //
 768:./trace/SEGGER/SEGGER_RTT.c ****   return NumBytesRead;
 1005              		.loc 1 768 3 view .LVU329
 769:./trace/SEGGER/SEGGER_RTT.c **** }
 1006              		.loc 1 769 1 is_stmt 0 view .LVU330
 1007 001a 10BD     		pop	{r4, pc}
 1008              		.loc 1 769 1 view .LVU331
 1009              		.cfi_endproc
 1010              	.LFE7:
 1012              		.section	.text.SEGGER_RTT_Read,"ax",%progbits
 1013              		.align	1
 1014              		.global	SEGGER_RTT_Read
 1015              		.syntax unified
 1016              		.thumb
ARM GAS  /tmp/ccZ5iSyA.s 			page 36


 1017              		.thumb_func
 1019              	SEGGER_RTT_Read:
 1020              	.LVL115:
 1021              	.LFB8:
 770:./trace/SEGGER/SEGGER_RTT.c **** 
 771:./trace/SEGGER/SEGGER_RTT.c **** /*********************************************************************
 772:./trace/SEGGER/SEGGER_RTT.c **** *
 773:./trace/SEGGER/SEGGER_RTT.c **** *       SEGGER_RTT_Read
 774:./trace/SEGGER/SEGGER_RTT.c **** *
 775:./trace/SEGGER/SEGGER_RTT.c **** *  Function description
 776:./trace/SEGGER/SEGGER_RTT.c **** *    Reads characters from SEGGER real-time-terminal control block
 777:./trace/SEGGER/SEGGER_RTT.c **** *    which have been previously stored by the host.
 778:./trace/SEGGER/SEGGER_RTT.c **** *
 779:./trace/SEGGER/SEGGER_RTT.c **** *  Parameters
 780:./trace/SEGGER/SEGGER_RTT.c **** *    BufferIndex  Index of Down-buffer to be used (e.g. 0 for "Terminal").
 781:./trace/SEGGER/SEGGER_RTT.c **** *    pBuffer      Pointer to buffer provided by target application, to copy characters from RTT-dow
 782:./trace/SEGGER/SEGGER_RTT.c **** *    BufferSize   Size of the target application buffer.
 783:./trace/SEGGER/SEGGER_RTT.c **** *
 784:./trace/SEGGER/SEGGER_RTT.c **** *  Return value
 785:./trace/SEGGER/SEGGER_RTT.c **** *    Number of bytes that have been read.
 786:./trace/SEGGER/SEGGER_RTT.c **** */
 787:./trace/SEGGER/SEGGER_RTT.c **** unsigned SEGGER_RTT_Read(unsigned BufferIndex, void* pBuffer, unsigned BufferSize) {
 1022              		.loc 1 787 84 is_stmt 1 view -0
 1023              		.cfi_startproc
 1024              		@ args = 0, pretend = 0, frame = 0
 1025              		@ frame_needed = 0, uses_anonymous_args = 0
 1026              		.loc 1 787 84 is_stmt 0 view .LVU333
 1027 0000 10B5     		push	{r4, lr}
 1028              	.LCFI9:
 1029              		.cfi_def_cfa_offset 8
 1030              		.cfi_offset 4, -8
 1031              		.cfi_offset 14, -4
 1032 0002 0B46     		mov	r3, r1
 788:./trace/SEGGER/SEGGER_RTT.c ****   unsigned NumBytesRead;
 1033              		.loc 1 788 3 is_stmt 1 view .LVU334
 1034              	.LBB7:
 789:./trace/SEGGER/SEGGER_RTT.c **** 
 790:./trace/SEGGER/SEGGER_RTT.c ****   SEGGER_RTT_LOCK();
 1035              		.loc 1 790 3 view .LVU335
 1036              		.loc 1 790 3 view .LVU336
 1037              		.syntax unified
 1038              	@ 790 "./trace/SEGGER/SEGGER_RTT.c" 1
 1039 0004 EFF31184 		mrs   r4, basepri  
 1040 0008 4FF02001 		mov   r1, #32       
 1041 000c 81F31188 		msr   basepri, r1  
 1042              		
 1043              	@ 0 "" 2
 1044              	.LVL116:
 1045              		.loc 1 790 20 view .LVU337
 791:./trace/SEGGER/SEGGER_RTT.c ****   //
 792:./trace/SEGGER/SEGGER_RTT.c ****   // Call the non-locking read function
 793:./trace/SEGGER/SEGGER_RTT.c ****   //
 794:./trace/SEGGER/SEGGER_RTT.c ****   NumBytesRead = SEGGER_RTT_ReadNoLock(BufferIndex, pBuffer, BufferSize);
 1046              		.loc 1 794 3 view .LVU338
 1047              		.loc 1 794 18 is_stmt 0 view .LVU339
 1048              		.thumb
 1049              		.syntax unified
ARM GAS  /tmp/ccZ5iSyA.s 			page 37


 1050 0010 1946     		mov	r1, r3
 1051 0012 FFF7FEFF 		bl	SEGGER_RTT_ReadNoLock
 1052              	.LVL117:
 795:./trace/SEGGER/SEGGER_RTT.c ****   //
 796:./trace/SEGGER/SEGGER_RTT.c ****   // Finish up.
 797:./trace/SEGGER/SEGGER_RTT.c ****   //
 798:./trace/SEGGER/SEGGER_RTT.c ****   SEGGER_RTT_UNLOCK();
 1053              		.loc 1 798 3 is_stmt 1 view .LVU340
 1054              		.syntax unified
 1055              	@ 798 "./trace/SEGGER/SEGGER_RTT.c" 1
 1056 0016 84F31188 		msr   basepri, r4  
 1057              		
 1058              	@ 0 "" 2
 1059              		.thumb
 1060              		.syntax unified
 1061              	.LBE7:
 1062              		.loc 1 798 22 view .LVU341
 799:./trace/SEGGER/SEGGER_RTT.c ****   //
 800:./trace/SEGGER/SEGGER_RTT.c ****   return NumBytesRead;
 1063              		.loc 1 800 3 view .LVU342
 801:./trace/SEGGER/SEGGER_RTT.c **** }
 1064              		.loc 1 801 1 is_stmt 0 view .LVU343
 1065 001a 10BD     		pop	{r4, pc}
 1066              		.loc 1 801 1 view .LVU344
 1067              		.cfi_endproc
 1068              	.LFE8:
 1070              		.section	.text.SEGGER_RTT_WriteWithOverwriteNoLock,"ax",%progbits
 1071              		.align	1
 1072              		.global	SEGGER_RTT_WriteWithOverwriteNoLock
 1073              		.syntax unified
 1074              		.thumb
 1075              		.thumb_func
 1077              	SEGGER_RTT_WriteWithOverwriteNoLock:
 1078              	.LVL118:
 1079              	.LFB9:
 802:./trace/SEGGER/SEGGER_RTT.c **** 
 803:./trace/SEGGER/SEGGER_RTT.c **** /*********************************************************************
 804:./trace/SEGGER/SEGGER_RTT.c **** *
 805:./trace/SEGGER/SEGGER_RTT.c **** *       SEGGER_RTT_WriteWithOverwriteNoLock
 806:./trace/SEGGER/SEGGER_RTT.c **** *
 807:./trace/SEGGER/SEGGER_RTT.c **** *  Function description
 808:./trace/SEGGER/SEGGER_RTT.c **** *    Stores a specified number of characters in SEGGER RTT
 809:./trace/SEGGER/SEGGER_RTT.c **** *    control block.
 810:./trace/SEGGER/SEGGER_RTT.c **** *    SEGGER_RTT_WriteWithOverwriteNoLock does not lock the application
 811:./trace/SEGGER/SEGGER_RTT.c **** *    and overwrites data if the data does not fit into the buffer.
 812:./trace/SEGGER/SEGGER_RTT.c **** *
 813:./trace/SEGGER/SEGGER_RTT.c **** *  Parameters
 814:./trace/SEGGER/SEGGER_RTT.c **** *    BufferIndex  Index of "Up"-buffer to be used (e.g. 0 for "Terminal").
 815:./trace/SEGGER/SEGGER_RTT.c **** *    pBuffer      Pointer to character array. Does not need to point to a \0 terminated string.
 816:./trace/SEGGER/SEGGER_RTT.c **** *    NumBytes     Number of bytes to be stored in the SEGGER RTT control block.
 817:./trace/SEGGER/SEGGER_RTT.c **** *
 818:./trace/SEGGER/SEGGER_RTT.c **** *  Notes
 819:./trace/SEGGER/SEGGER_RTT.c **** *    (1) If there is not enough space in the "Up"-buffer, data is overwritten.
 820:./trace/SEGGER/SEGGER_RTT.c **** *    (2) For performance reasons this function does not call Init()
 821:./trace/SEGGER/SEGGER_RTT.c **** *        and may only be called after RTT has been initialized.
 822:./trace/SEGGER/SEGGER_RTT.c **** *        Either by calling SEGGER_RTT_Init() or calling another RTT API function first.
 823:./trace/SEGGER/SEGGER_RTT.c **** *    (3) Do not use SEGGER_RTT_WriteWithOverwriteNoLock if a J-Link
ARM GAS  /tmp/ccZ5iSyA.s 			page 38


 824:./trace/SEGGER/SEGGER_RTT.c **** *        connection reads RTT data.
 825:./trace/SEGGER/SEGGER_RTT.c **** */
 826:./trace/SEGGER/SEGGER_RTT.c **** void SEGGER_RTT_WriteWithOverwriteNoLock(unsigned BufferIndex, const void* pBuffer, unsigned NumByt
 1080              		.loc 1 826 104 is_stmt 1 view -0
 1081              		.cfi_startproc
 1082              		@ args = 0, pretend = 0, frame = 0
 1083              		@ frame_needed = 0, uses_anonymous_args = 0
 1084              		.loc 1 826 104 is_stmt 0 view .LVU346
 1085 0000 2DE9F843 		push	{r3, r4, r5, r6, r7, r8, r9, lr}
 1086              	.LCFI10:
 1087              		.cfi_def_cfa_offset 32
 1088              		.cfi_offset 3, -32
 1089              		.cfi_offset 4, -28
 1090              		.cfi_offset 5, -24
 1091              		.cfi_offset 6, -20
 1092              		.cfi_offset 7, -16
 1093              		.cfi_offset 8, -12
 1094              		.cfi_offset 9, -8
 1095              		.cfi_offset 14, -4
 1096 0004 0646     		mov	r6, r0
 1097 0006 8846     		mov	r8, r1
 1098 0008 1746     		mov	r7, r2
 827:./trace/SEGGER/SEGGER_RTT.c ****   const char*           pData;
 1099              		.loc 1 827 3 is_stmt 1 view .LVU347
 828:./trace/SEGGER/SEGGER_RTT.c ****   SEGGER_RTT_BUFFER_UP* pRing;
 1100              		.loc 1 828 3 view .LVU348
 829:./trace/SEGGER/SEGGER_RTT.c ****   unsigned              Avail;
 1101              		.loc 1 829 3 view .LVU349
 830:./trace/SEGGER/SEGGER_RTT.c ****   volatile char*        pDst;
 1102              		.loc 1 830 3 view .LVU350
 831:./trace/SEGGER/SEGGER_RTT.c ****   //
 832:./trace/SEGGER/SEGGER_RTT.c ****   // Get "to-host" ring buffer and copy some elements into local variables.
 833:./trace/SEGGER/SEGGER_RTT.c ****   //
 834:./trace/SEGGER/SEGGER_RTT.c ****   pData = (const char *)pBuffer;
 1103              		.loc 1 834 3 view .LVU351
 1104              	.LVL119:
 835:./trace/SEGGER/SEGGER_RTT.c ****   pRing = (SEGGER_RTT_BUFFER_UP*)((uintptr_t)&_SEGGER_RTT.aUp[BufferIndex] + SEGGER_RTT_UNCACHED_OF
 1105              		.loc 1 835 3 view .LVU352
 836:./trace/SEGGER/SEGGER_RTT.c ****   //
 837:./trace/SEGGER/SEGGER_RTT.c ****   // Check if we will overwrite data and need to adjust the RdOff.
 838:./trace/SEGGER/SEGGER_RTT.c ****   //
 839:./trace/SEGGER/SEGGER_RTT.c ****   if (pRing->WrOff == pRing->RdOff) {
 1106              		.loc 1 839 3 view .LVU353
 1107              		.loc 1 839 12 is_stmt 0 view .LVU354
 1108 000a 00EB4002 		add	r2, r0, r0, lsl #1
 1109              	.LVL120:
 1110              		.loc 1 839 12 view .LVU355
 1111 000e 404B     		ldr	r3, .L70
 1112 0010 03EBC203 		add	r3, r3, r2, lsl #3
 1113 0014 596A     		ldr	r1, [r3, #36]
 1114              	.LVL121:
 1115              		.loc 1 839 28 view .LVU356
 1116 0016 9B6A     		ldr	r3, [r3, #40]
 1117              		.loc 1 839 6 view .LVU357
 1118 0018 9942     		cmp	r1, r3
 1119 001a 0ED0     		beq	.L68
 840:./trace/SEGGER/SEGGER_RTT.c ****     Avail = pRing->SizeOfBuffer - 1u;
ARM GAS  /tmp/ccZ5iSyA.s 			page 39


 841:./trace/SEGGER/SEGGER_RTT.c ****   } else if ( pRing->WrOff < pRing->RdOff) {
 1120              		.loc 1 841 10 is_stmt 1 view .LVU358
 1121              		.loc 1 841 35 is_stmt 0 view .LVU359
 1122 001c 00EB4002 		add	r2, r0, r0, lsl #1
 1123 0020 3B4B     		ldr	r3, .L70
 1124 0022 03EBC203 		add	r3, r3, r2, lsl #3
 1125 0026 9B6A     		ldr	r3, [r3, #40]
 1126              		.loc 1 841 13 view .LVU360
 1127 0028 9942     		cmp	r1, r3
 1128 002a 17D2     		bcs	.L60
 842:./trace/SEGGER/SEGGER_RTT.c ****     Avail = pRing->RdOff - pRing->WrOff - 1u;
 1129              		.loc 1 842 5 is_stmt 1 view .LVU361
 1130              		.loc 1 842 18 is_stmt 0 view .LVU362
 1131 002c 384B     		ldr	r3, .L70
 1132 002e 03EBC203 		add	r3, r3, r2, lsl #3
 1133 0032 9B6A     		ldr	r3, [r3, #40]
 1134              		.loc 1 842 26 view .LVU363
 1135 0034 5B1A     		subs	r3, r3, r1
 1136              		.loc 1 842 11 view .LVU364
 1137 0036 013B     		subs	r3, r3, #1
 1138              	.LVL122:
 1139              		.loc 1 842 11 view .LVU365
 1140 0038 04E0     		b	.L59
 1141              	.LVL123:
 1142              	.L68:
 840:./trace/SEGGER/SEGGER_RTT.c ****     Avail = pRing->SizeOfBuffer - 1u;
 1143              		.loc 1 840 5 is_stmt 1 view .LVU366
 840:./trace/SEGGER/SEGGER_RTT.c ****     Avail = pRing->SizeOfBuffer - 1u;
 1144              		.loc 1 840 18 is_stmt 0 view .LVU367
 1145 003a 354B     		ldr	r3, .L70
 1146 003c 03EBC203 		add	r3, r3, r2, lsl #3
 1147 0040 1B6A     		ldr	r3, [r3, #32]
 840:./trace/SEGGER/SEGGER_RTT.c ****     Avail = pRing->SizeOfBuffer - 1u;
 1148              		.loc 1 840 11 view .LVU368
 1149 0042 013B     		subs	r3, r3, #1
 1150              	.LVL124:
 1151              	.L59:
 843:./trace/SEGGER/SEGGER_RTT.c ****   } else {
 844:./trace/SEGGER/SEGGER_RTT.c ****     Avail = pRing->RdOff - pRing->WrOff - 1u + pRing->SizeOfBuffer;
 845:./trace/SEGGER/SEGGER_RTT.c ****   }
 846:./trace/SEGGER/SEGGER_RTT.c ****   if (NumBytes > Avail) {
 1152              		.loc 1 846 3 is_stmt 1 view .LVU369
 1153              		.loc 1 846 6 is_stmt 0 view .LVU370
 1154 0044 BB42     		cmp	r3, r7
 1155 0046 25D2     		bcs	.L61
 847:./trace/SEGGER/SEGGER_RTT.c ****     pRing->RdOff += (NumBytes - Avail);
 1156              		.loc 1 847 5 is_stmt 1 view .LVU371
 1157              		.loc 1 847 10 is_stmt 0 view .LVU372
 1158 0048 06EB4600 		add	r0, r6, r6, lsl #1
 1159              	.LVL125:
 1160              		.loc 1 847 10 view .LVU373
 1161 004c 304A     		ldr	r2, .L70
 1162 004e 02EBC002 		add	r2, r2, r0, lsl #3
 1163 0052 906A     		ldr	r0, [r2, #40]
 1164              		.loc 1 847 31 view .LVU374
 1165 0054 FB1A     		subs	r3, r7, r3
 1166              	.LVL126:
ARM GAS  /tmp/ccZ5iSyA.s 			page 40


 1167              		.loc 1 847 18 view .LVU375
 1168 0056 0344     		add	r3, r3, r0
 1169 0058 9362     		str	r3, [r2, #40]
 848:./trace/SEGGER/SEGGER_RTT.c ****     while (pRing->RdOff >= pRing->SizeOfBuffer) {
 1170              		.loc 1 848 5 is_stmt 1 view .LVU376
 1171              		.loc 1 848 11 is_stmt 0 view .LVU377
 1172 005a 12E0     		b	.L62
 1173              	.LVL127:
 1174              	.L60:
 844:./trace/SEGGER/SEGGER_RTT.c ****   }
 1175              		.loc 1 844 5 is_stmt 1 view .LVU378
 844:./trace/SEGGER/SEGGER_RTT.c ****   }
 1176              		.loc 1 844 18 is_stmt 0 view .LVU379
 1177 005c 00EB4003 		add	r3, r0, r0, lsl #1
 1178 0060 2B4A     		ldr	r2, .L70
 1179 0062 02EBC302 		add	r2, r2, r3, lsl #3
 1180 0066 936A     		ldr	r3, [r2, #40]
 844:./trace/SEGGER/SEGGER_RTT.c ****   }
 1181              		.loc 1 844 26 view .LVU380
 1182 0068 5B1A     		subs	r3, r3, r1
 844:./trace/SEGGER/SEGGER_RTT.c ****   }
 1183              		.loc 1 844 53 view .LVU381
 1184 006a 126A     		ldr	r2, [r2, #32]
 844:./trace/SEGGER/SEGGER_RTT.c ****   }
 1185              		.loc 1 844 46 view .LVU382
 1186 006c 1344     		add	r3, r3, r2
 844:./trace/SEGGER/SEGGER_RTT.c ****   }
 1187              		.loc 1 844 11 view .LVU383
 1188 006e 013B     		subs	r3, r3, #1
 1189 0070 E8E7     		b	.L59
 1190              	.LVL128:
 1191              	.L63:
 849:./trace/SEGGER/SEGGER_RTT.c ****       pRing->RdOff -= pRing->SizeOfBuffer;
 1192              		.loc 1 849 7 is_stmt 1 view .LVU384
 1193              		.loc 1 849 12 is_stmt 0 view .LVU385
 1194 0072 06EB4602 		add	r2, r6, r6, lsl #1
 1195 0076 264B     		ldr	r3, .L70
 1196 0078 03EBC203 		add	r3, r3, r2, lsl #3
 1197 007c 9A6A     		ldr	r2, [r3, #40]
 1198              		.loc 1 849 20 view .LVU386
 1199 007e 121A     		subs	r2, r2, r0
 1200 0080 9A62     		str	r2, [r3, #40]
 1201              	.L62:
 848:./trace/SEGGER/SEGGER_RTT.c ****     while (pRing->RdOff >= pRing->SizeOfBuffer) {
 1202              		.loc 1 848 25 is_stmt 1 view .LVU387
 848:./trace/SEGGER/SEGGER_RTT.c ****     while (pRing->RdOff >= pRing->SizeOfBuffer) {
 1203              		.loc 1 848 17 is_stmt 0 view .LVU388
 1204 0082 06EB4602 		add	r2, r6, r6, lsl #1
 1205 0086 224B     		ldr	r3, .L70
 1206 0088 03EBC203 		add	r3, r3, r2, lsl #3
 1207 008c 9A6A     		ldr	r2, [r3, #40]
 848:./trace/SEGGER/SEGGER_RTT.c ****     while (pRing->RdOff >= pRing->SizeOfBuffer) {
 1208              		.loc 1 848 33 view .LVU389
 1209 008e 186A     		ldr	r0, [r3, #32]
 848:./trace/SEGGER/SEGGER_RTT.c ****     while (pRing->RdOff >= pRing->SizeOfBuffer) {
 1210              		.loc 1 848 25 view .LVU390
 1211 0090 8242     		cmp	r2, r0
ARM GAS  /tmp/ccZ5iSyA.s 			page 41


 1212 0092 EED2     		bcs	.L63
 1213              	.L61:
 850:./trace/SEGGER/SEGGER_RTT.c ****     }
 851:./trace/SEGGER/SEGGER_RTT.c ****   }
 852:./trace/SEGGER/SEGGER_RTT.c ****   //
 853:./trace/SEGGER/SEGGER_RTT.c ****   // Write all data, no need to check the RdOff, but possibly handle multiple wrap-arounds
 854:./trace/SEGGER/SEGGER_RTT.c ****   //
 855:./trace/SEGGER/SEGGER_RTT.c ****   Avail = pRing->SizeOfBuffer - pRing->WrOff;
 1214              		.loc 1 855 3 is_stmt 1 view .LVU391
 1215              		.loc 1 855 16 is_stmt 0 view .LVU392
 1216 0094 06EB4602 		add	r2, r6, r6, lsl #1
 1217 0098 1D4B     		ldr	r3, .L70
 1218 009a 03EBC203 		add	r3, r3, r2, lsl #3
 1219 009e 1C6A     		ldr	r4, [r3, #32]
 1220              		.loc 1 855 9 view .LVU393
 1221 00a0 641A     		subs	r4, r4, r1
 1222              	.LVL129:
 1223              	.L66:
 856:./trace/SEGGER/SEGGER_RTT.c ****   do {
 1224              		.loc 1 856 3 is_stmt 1 view .LVU394
 857:./trace/SEGGER/SEGGER_RTT.c ****     if (Avail > NumBytes) {
 1225              		.loc 1 857 5 view .LVU395
 1226              		.loc 1 857 8 is_stmt 0 view .LVU396
 1227 00a2 A742     		cmp	r7, r4
 1228 00a4 1BD3     		bcc	.L69
 858:./trace/SEGGER/SEGGER_RTT.c ****       //
 859:./trace/SEGGER/SEGGER_RTT.c ****       // Last round
 860:./trace/SEGGER/SEGGER_RTT.c ****       //
 861:./trace/SEGGER/SEGGER_RTT.c ****       pDst = (pRing->pBuffer + pRing->WrOff) + SEGGER_RTT_UNCACHED_OFF;
 862:./trace/SEGGER/SEGGER_RTT.c **** #if SEGGER_RTT_MEMCPY_USE_BYTELOOP
 863:./trace/SEGGER/SEGGER_RTT.c ****       Avail = NumBytes;
 864:./trace/SEGGER/SEGGER_RTT.c ****       while (NumBytes--) {
 865:./trace/SEGGER/SEGGER_RTT.c ****         *pDst++ = *pData++;
 866:./trace/SEGGER/SEGGER_RTT.c ****       };
 867:./trace/SEGGER/SEGGER_RTT.c ****       RTT__DMB();                     // Force data write to be complete before writing the <WrOff>
 868:./trace/SEGGER/SEGGER_RTT.c ****       pRing->WrOff += Avail;
 869:./trace/SEGGER/SEGGER_RTT.c **** #else
 870:./trace/SEGGER/SEGGER_RTT.c ****       SEGGER_RTT_MEMCPY((void*)pDst, pData, NumBytes);
 871:./trace/SEGGER/SEGGER_RTT.c ****       RTT__DMB();                     // Force data write to be complete before writing the <WrOff>
 872:./trace/SEGGER/SEGGER_RTT.c ****       pRing->WrOff += NumBytes;
 873:./trace/SEGGER/SEGGER_RTT.c **** #endif
 874:./trace/SEGGER/SEGGER_RTT.c ****       break;
 875:./trace/SEGGER/SEGGER_RTT.c ****     } else {
 876:./trace/SEGGER/SEGGER_RTT.c ****       //
 877:./trace/SEGGER/SEGGER_RTT.c ****       //  Wrap-around necessary, write until wrap-around and reset WrOff
 878:./trace/SEGGER/SEGGER_RTT.c ****       //
 879:./trace/SEGGER/SEGGER_RTT.c ****       pDst = (pRing->pBuffer + pRing->WrOff) + SEGGER_RTT_UNCACHED_OFF;
 1229              		.loc 1 879 7 is_stmt 1 view .LVU397
 1230              		.loc 1 879 20 is_stmt 0 view .LVU398
 1231 00a6 1A4D     		ldr	r5, .L70
 1232 00a8 731C     		adds	r3, r6, #1
 1233 00aa 03EB4303 		add	r3, r3, r3, lsl #1
 1234 00ae 05EBC303 		add	r3, r5, r3, lsl #3
 1235 00b2 5868     		ldr	r0, [r3, #4]
 1236              		.loc 1 879 37 view .LVU399
 1237 00b4 06EB4603 		add	r3, r6, r6, lsl #1
 1238 00b8 05EBC305 		add	r5, r5, r3, lsl #3
ARM GAS  /tmp/ccZ5iSyA.s 			page 42


 1239 00bc 6B6A     		ldr	r3, [r5, #36]
 1240              	.LVL130:
 880:./trace/SEGGER/SEGGER_RTT.c **** #if SEGGER_RTT_MEMCPY_USE_BYTELOOP
 881:./trace/SEGGER/SEGGER_RTT.c ****       NumBytes -= Avail;
 882:./trace/SEGGER/SEGGER_RTT.c ****       while (Avail--) {
 883:./trace/SEGGER/SEGGER_RTT.c ****         *pDst++ = *pData++;
 884:./trace/SEGGER/SEGGER_RTT.c ****       };
 885:./trace/SEGGER/SEGGER_RTT.c ****       RTT__DMB();                     // Force data write to be complete before writing the <WrOff>
 886:./trace/SEGGER/SEGGER_RTT.c ****       pRing->WrOff = 0;
 887:./trace/SEGGER/SEGGER_RTT.c **** #else
 888:./trace/SEGGER/SEGGER_RTT.c ****       SEGGER_RTT_MEMCPY((void*)pDst, pData, Avail);
 1241              		.loc 1 888 7 is_stmt 1 view .LVU400
 1242 00be 2246     		mov	r2, r4
 1243 00c0 4146     		mov	r1, r8
 1244 00c2 1844     		add	r0, r0, r3
 1245              	.LVL131:
 1246              		.loc 1 888 7 is_stmt 0 view .LVU401
 1247 00c4 FFF7FEFF 		bl	memcpy
 1248              	.LVL132:
 889:./trace/SEGGER/SEGGER_RTT.c ****       pData += Avail;
 1249              		.loc 1 889 7 is_stmt 1 view .LVU402
 1250              		.loc 1 889 13 is_stmt 0 view .LVU403
 1251 00c8 A044     		add	r8, r8, r4
 1252              	.LVL133:
 890:./trace/SEGGER/SEGGER_RTT.c ****       RTT__DMB();                     // Force data write to be complete before writing the <WrOff>
 1253              		.loc 1 890 7 is_stmt 1 view .LVU404
 1254              		.syntax unified
 1255              	@ 890 "./trace/SEGGER/SEGGER_RTT.c" 1
 1256 00ca BFF35F8F 		dmb
 1257              	
 1258              	@ 0 "" 2
 1259              		.loc 1 890 17 view .LVU405
 891:./trace/SEGGER/SEGGER_RTT.c ****       pRing->WrOff = 0;
 1260              		.loc 1 891 7 view .LVU406
 1261              		.loc 1 891 20 is_stmt 0 view .LVU407
 1262              		.thumb
 1263              		.syntax unified
 1264 00ce 0023     		movs	r3, #0
 1265 00d0 6B62     		str	r3, [r5, #36]
 892:./trace/SEGGER/SEGGER_RTT.c ****       NumBytes -= Avail;
 1266              		.loc 1 892 7 is_stmt 1 view .LVU408
 1267              		.loc 1 892 16 is_stmt 0 view .LVU409
 1268 00d2 3F1B     		subs	r7, r7, r4
 1269              	.LVL134:
 893:./trace/SEGGER/SEGGER_RTT.c **** #endif
 894:./trace/SEGGER/SEGGER_RTT.c ****       Avail = (pRing->SizeOfBuffer - 1);
 1270              		.loc 1 894 7 is_stmt 1 view .LVU410
 1271              		.loc 1 894 21 is_stmt 0 view .LVU411
 1272 00d4 2C6A     		ldr	r4, [r5, #32]
 1273              	.LVL135:
 1274              		.loc 1 894 13 view .LVU412
 1275 00d6 013C     		subs	r4, r4, #1
 1276              	.LVL136:
 895:./trace/SEGGER/SEGGER_RTT.c ****     }
 896:./trace/SEGGER/SEGGER_RTT.c ****   } while (NumBytes);
 1277              		.loc 1 896 12 is_stmt 1 view .LVU413
 1278 00d8 002F     		cmp	r7, #0
ARM GAS  /tmp/ccZ5iSyA.s 			page 43


 1279 00da E2D1     		bne	.L66
 1280 00dc 15E0     		b	.L57
 1281              	.LVL137:
 1282              	.L69:
 861:./trace/SEGGER/SEGGER_RTT.c **** #if SEGGER_RTT_MEMCPY_USE_BYTELOOP
 1283              		.loc 1 861 7 view .LVU414
 861:./trace/SEGGER/SEGGER_RTT.c **** #if SEGGER_RTT_MEMCPY_USE_BYTELOOP
 1284              		.loc 1 861 20 is_stmt 0 view .LVU415
 1285 00de 0C4C     		ldr	r4, .L70
 1286              	.LVL138:
 861:./trace/SEGGER/SEGGER_RTT.c **** #if SEGGER_RTT_MEMCPY_USE_BYTELOOP
 1287              		.loc 1 861 20 view .LVU416
 1288 00e0 731C     		adds	r3, r6, #1
 1289 00e2 03EB4303 		add	r3, r3, r3, lsl #1
 1290 00e6 04EBC303 		add	r3, r4, r3, lsl #3
 1291 00ea 5868     		ldr	r0, [r3, #4]
 861:./trace/SEGGER/SEGGER_RTT.c **** #if SEGGER_RTT_MEMCPY_USE_BYTELOOP
 1292              		.loc 1 861 37 view .LVU417
 1293 00ec 06EB4605 		add	r5, r6, r6, lsl #1
 1294 00f0 04EBC505 		add	r5, r4, r5, lsl #3
 1295 00f4 6B6A     		ldr	r3, [r5, #36]
 1296              	.LVL139:
 870:./trace/SEGGER/SEGGER_RTT.c ****       RTT__DMB();                     // Force data write to be complete before writing the <WrOff>
 1297              		.loc 1 870 7 is_stmt 1 view .LVU418
 1298 00f6 3A46     		mov	r2, r7
 1299 00f8 4146     		mov	r1, r8
 1300 00fa 1844     		add	r0, r0, r3
 1301              	.LVL140:
 870:./trace/SEGGER/SEGGER_RTT.c ****       RTT__DMB();                     // Force data write to be complete before writing the <WrOff>
 1302              		.loc 1 870 7 is_stmt 0 view .LVU419
 1303 00fc FFF7FEFF 		bl	memcpy
 1304              	.LVL141:
 871:./trace/SEGGER/SEGGER_RTT.c ****       pRing->WrOff += NumBytes;
 1305              		.loc 1 871 7 is_stmt 1 view .LVU420
 1306              		.syntax unified
 1307              	@ 871 "./trace/SEGGER/SEGGER_RTT.c" 1
 1308 0100 BFF35F8F 		dmb
 1309              	
 1310              	@ 0 "" 2
 871:./trace/SEGGER/SEGGER_RTT.c ****       pRing->WrOff += NumBytes;
 1311              		.loc 1 871 17 view .LVU421
 872:./trace/SEGGER/SEGGER_RTT.c **** #endif
 1312              		.loc 1 872 7 view .LVU422
 872:./trace/SEGGER/SEGGER_RTT.c **** #endif
 1313              		.loc 1 872 12 is_stmt 0 view .LVU423
 1314              		.thumb
 1315              		.syntax unified
 1316 0104 6B6A     		ldr	r3, [r5, #36]
 872:./trace/SEGGER/SEGGER_RTT.c **** #endif
 1317              		.loc 1 872 20 view .LVU424
 1318 0106 3B44     		add	r3, r3, r7
 1319 0108 6B62     		str	r3, [r5, #36]
 874:./trace/SEGGER/SEGGER_RTT.c ****     } else {
 1320              		.loc 1 874 7 is_stmt 1 view .LVU425
 1321              	.LVL142:
 1322              	.L57:
 897:./trace/SEGGER/SEGGER_RTT.c **** }
ARM GAS  /tmp/ccZ5iSyA.s 			page 44


 1323              		.loc 1 897 1 is_stmt 0 view .LVU426
 1324 010a BDE8F883 		pop	{r3, r4, r5, r6, r7, r8, r9, pc}
 1325              	.LVL143:
 1326              	.L71:
 1327              		.loc 1 897 1 view .LVU427
 1328 010e 00BF     		.align	2
 1329              	.L70:
 1330 0110 00000000 		.word	_SEGGER_RTT
 1331              		.cfi_endproc
 1332              	.LFE9:
 1334              		.section	.text.SEGGER_RTT_WriteDownBufferNoLock,"ax",%progbits
 1335              		.align	1
 1336              		.global	SEGGER_RTT_WriteDownBufferNoLock
 1337              		.syntax unified
 1338              		.thumb
 1339              		.thumb_func
 1341              	SEGGER_RTT_WriteDownBufferNoLock:
 1342              	.LVL144:
 1343              	.LFB10:
 898:./trace/SEGGER/SEGGER_RTT.c **** 
 899:./trace/SEGGER/SEGGER_RTT.c **** /*********************************************************************
 900:./trace/SEGGER/SEGGER_RTT.c **** *
 901:./trace/SEGGER/SEGGER_RTT.c **** *       SEGGER_RTT_WriteSkipNoLock
 902:./trace/SEGGER/SEGGER_RTT.c **** *
 903:./trace/SEGGER/SEGGER_RTT.c **** *  Function description
 904:./trace/SEGGER/SEGGER_RTT.c **** *    Stores a specified number of characters in SEGGER RTT
 905:./trace/SEGGER/SEGGER_RTT.c **** *    control block which is then read by the host.
 906:./trace/SEGGER/SEGGER_RTT.c **** *    SEGGER_RTT_WriteSkipNoLock does not lock the application and
 907:./trace/SEGGER/SEGGER_RTT.c **** *    skips all data, if the data does not fit into the buffer.
 908:./trace/SEGGER/SEGGER_RTT.c **** *
 909:./trace/SEGGER/SEGGER_RTT.c **** *  Parameters
 910:./trace/SEGGER/SEGGER_RTT.c **** *    BufferIndex  Index of "Up"-buffer to be used (e.g. 0 for "Terminal").
 911:./trace/SEGGER/SEGGER_RTT.c **** *    pBuffer      Pointer to character array. Does not need to point to a \0 terminated string.
 912:./trace/SEGGER/SEGGER_RTT.c **** *    NumBytes     Number of bytes to be stored in the SEGGER RTT control block.
 913:./trace/SEGGER/SEGGER_RTT.c **** *                 MUST be > 0!!!
 914:./trace/SEGGER/SEGGER_RTT.c **** *                 This is done for performance reasons, so no initial check has do be done.
 915:./trace/SEGGER/SEGGER_RTT.c **** *
 916:./trace/SEGGER/SEGGER_RTT.c **** *  Return value
 917:./trace/SEGGER/SEGGER_RTT.c **** *    1: Data has been copied
 918:./trace/SEGGER/SEGGER_RTT.c **** *    0: No space, data has not been copied
 919:./trace/SEGGER/SEGGER_RTT.c **** *
 920:./trace/SEGGER/SEGGER_RTT.c **** *  Notes
 921:./trace/SEGGER/SEGGER_RTT.c **** *    (1) If there is not enough space in the "Up"-buffer, all data is dropped.
 922:./trace/SEGGER/SEGGER_RTT.c **** *    (2) For performance reasons this function does not call Init()
 923:./trace/SEGGER/SEGGER_RTT.c **** *        and may only be called after RTT has been initialized.
 924:./trace/SEGGER/SEGGER_RTT.c **** *        Either by calling SEGGER_RTT_Init() or calling another RTT API function first.
 925:./trace/SEGGER/SEGGER_RTT.c **** */
 926:./trace/SEGGER/SEGGER_RTT.c **** #if (RTT_USE_ASM == 0)
 927:./trace/SEGGER/SEGGER_RTT.c **** unsigned SEGGER_RTT_WriteSkipNoLock(unsigned BufferIndex, const void* pBuffer, unsigned NumBytes) {
 928:./trace/SEGGER/SEGGER_RTT.c ****   const char*           pData;
 929:./trace/SEGGER/SEGGER_RTT.c ****   SEGGER_RTT_BUFFER_UP* pRing;
 930:./trace/SEGGER/SEGGER_RTT.c ****   unsigned              Avail;
 931:./trace/SEGGER/SEGGER_RTT.c ****   unsigned              RdOff;
 932:./trace/SEGGER/SEGGER_RTT.c ****   unsigned              WrOff;
 933:./trace/SEGGER/SEGGER_RTT.c ****   unsigned              Rem;
 934:./trace/SEGGER/SEGGER_RTT.c ****   volatile char*        pDst;
 935:./trace/SEGGER/SEGGER_RTT.c ****   //
ARM GAS  /tmp/ccZ5iSyA.s 			page 45


 936:./trace/SEGGER/SEGGER_RTT.c ****   // Cases:
 937:./trace/SEGGER/SEGGER_RTT.c ****   //   1) RdOff <= WrOff => Space until wrap-around is sufficient
 938:./trace/SEGGER/SEGGER_RTT.c ****   //   2) RdOff <= WrOff => Space after wrap-around needed (copy in 2 chunks)
 939:./trace/SEGGER/SEGGER_RTT.c ****   //   3) RdOff <  WrOff => No space in buf
 940:./trace/SEGGER/SEGGER_RTT.c ****   //   4) RdOff >  WrOff => Space is sufficient
 941:./trace/SEGGER/SEGGER_RTT.c ****   //   5) RdOff >  WrOff => No space in buf
 942:./trace/SEGGER/SEGGER_RTT.c ****   //
 943:./trace/SEGGER/SEGGER_RTT.c ****   // 1) is the most common case for large buffers and assuming that J-Link reads the data fast enou
 944:./trace/SEGGER/SEGGER_RTT.c ****   //
 945:./trace/SEGGER/SEGGER_RTT.c ****   pData = (const char *)pBuffer;
 946:./trace/SEGGER/SEGGER_RTT.c ****   pRing = (SEGGER_RTT_BUFFER_UP*)((uintptr_t)&_SEGGER_RTT.aUp[BufferIndex] + SEGGER_RTT_UNCACHED_OF
 947:./trace/SEGGER/SEGGER_RTT.c ****   RdOff = pRing->RdOff;
 948:./trace/SEGGER/SEGGER_RTT.c ****   WrOff = pRing->WrOff;
 949:./trace/SEGGER/SEGGER_RTT.c ****   pDst = (pRing->pBuffer + WrOff) + SEGGER_RTT_UNCACHED_OFF;
 950:./trace/SEGGER/SEGGER_RTT.c ****   if (RdOff <= WrOff) {                                 // Case 1), 2) or 3)
 951:./trace/SEGGER/SEGGER_RTT.c ****     Avail = pRing->SizeOfBuffer - WrOff - 1u;           // Space until wrap-around (assume 1 byte n
 952:./trace/SEGGER/SEGGER_RTT.c ****     if (Avail >= NumBytes) {                            // Case 1)?
 953:./trace/SEGGER/SEGGER_RTT.c ****       memcpy((void*)pDst, pData, NumBytes);
 954:./trace/SEGGER/SEGGER_RTT.c ****       RTT__DMB();                     // Force data write to be complete before writing the <WrOff>
 955:./trace/SEGGER/SEGGER_RTT.c ****       pRing->WrOff = WrOff + NumBytes;
 956:./trace/SEGGER/SEGGER_RTT.c ****       return 1;
 957:./trace/SEGGER/SEGGER_RTT.c ****     }
 958:./trace/SEGGER/SEGGER_RTT.c ****     Avail += RdOff;                                     // Space incl. wrap-around
 959:./trace/SEGGER/SEGGER_RTT.c ****     if (Avail >= NumBytes) {                            // Case 2? => If not, we have case 3) (does
 960:./trace/SEGGER/SEGGER_RTT.c ****       Rem = pRing->SizeOfBuffer - WrOff;                // Space until end of buffer
 961:./trace/SEGGER/SEGGER_RTT.c ****       memcpy((void*)pDst, pData, Rem);                  // Copy 1st chunk
 962:./trace/SEGGER/SEGGER_RTT.c ****       NumBytes -= Rem;
 963:./trace/SEGGER/SEGGER_RTT.c ****       //
 964:./trace/SEGGER/SEGGER_RTT.c ****       // Special case: First check that assumed RdOff == 0 calculated that last element before wrap
 965:./trace/SEGGER/SEGGER_RTT.c ****       // But 2nd check (considering space until wrap-around and until RdOff) revealed that RdOff is
 966:./trace/SEGGER/SEGGER_RTT.c ****       // In this case, we may use a copy straight until buffer end anyway without needing to copy 2
 967:./trace/SEGGER/SEGGER_RTT.c ****       // Therefore, check if 2nd memcpy is necessary at all
 968:./trace/SEGGER/SEGGER_RTT.c ****       //
 969:./trace/SEGGER/SEGGER_RTT.c ****       if (NumBytes) {
 970:./trace/SEGGER/SEGGER_RTT.c ****         pDst = pRing->pBuffer + SEGGER_RTT_UNCACHED_OFF;
 971:./trace/SEGGER/SEGGER_RTT.c ****         memcpy((void*)pDst, pData + Rem, NumBytes);
 972:./trace/SEGGER/SEGGER_RTT.c ****       }
 973:./trace/SEGGER/SEGGER_RTT.c ****       RTT__DMB();                     // Force data write to be complete before writing the <WrOff>
 974:./trace/SEGGER/SEGGER_RTT.c ****       pRing->WrOff = NumBytes;
 975:./trace/SEGGER/SEGGER_RTT.c ****       return 1;
 976:./trace/SEGGER/SEGGER_RTT.c ****     }
 977:./trace/SEGGER/SEGGER_RTT.c ****   } else {                                             // Potential case 4)
 978:./trace/SEGGER/SEGGER_RTT.c ****     Avail = RdOff - WrOff - 1u;
 979:./trace/SEGGER/SEGGER_RTT.c ****     if (Avail >= NumBytes) {                           // Case 4)? => If not, we have case 5) (does
 980:./trace/SEGGER/SEGGER_RTT.c ****       memcpy((void*)pDst, pData, NumBytes);
 981:./trace/SEGGER/SEGGER_RTT.c ****       RTT__DMB();                     // Force data write to be complete before writing the <WrOff>
 982:./trace/SEGGER/SEGGER_RTT.c ****       pRing->WrOff = WrOff + NumBytes;
 983:./trace/SEGGER/SEGGER_RTT.c ****       return 1;
 984:./trace/SEGGER/SEGGER_RTT.c ****     }
 985:./trace/SEGGER/SEGGER_RTT.c ****   }
 986:./trace/SEGGER/SEGGER_RTT.c ****   return 0;     // No space in buffer
 987:./trace/SEGGER/SEGGER_RTT.c **** }
 988:./trace/SEGGER/SEGGER_RTT.c **** #endif
 989:./trace/SEGGER/SEGGER_RTT.c **** 
 990:./trace/SEGGER/SEGGER_RTT.c **** /*********************************************************************
 991:./trace/SEGGER/SEGGER_RTT.c **** *
 992:./trace/SEGGER/SEGGER_RTT.c **** *       SEGGER_RTT_WriteDownBufferNoLock
ARM GAS  /tmp/ccZ5iSyA.s 			page 46


 993:./trace/SEGGER/SEGGER_RTT.c **** *
 994:./trace/SEGGER/SEGGER_RTT.c **** *  Function description
 995:./trace/SEGGER/SEGGER_RTT.c **** *    Stores a specified number of characters in SEGGER RTT
 996:./trace/SEGGER/SEGGER_RTT.c **** *    control block inside a <Down> buffer.
 997:./trace/SEGGER/SEGGER_RTT.c **** *    SEGGER_RTT_WriteDownBufferNoLock does not lock the application.
 998:./trace/SEGGER/SEGGER_RTT.c **** *    Used to do the same operation that J-Link does, to transfer
 999:./trace/SEGGER/SEGGER_RTT.c **** *    RTT data from other channels, such as TCP/IP or UART.
1000:./trace/SEGGER/SEGGER_RTT.c **** *
1001:./trace/SEGGER/SEGGER_RTT.c **** *  Parameters
1002:./trace/SEGGER/SEGGER_RTT.c **** *    BufferIndex  Index of "Down"-buffer to be used.
1003:./trace/SEGGER/SEGGER_RTT.c **** *    pBuffer      Pointer to character array. Does not need to point to a \0 terminated string.
1004:./trace/SEGGER/SEGGER_RTT.c **** *    NumBytes     Number of bytes to be stored in the SEGGER RTT control block.
1005:./trace/SEGGER/SEGGER_RTT.c **** *
1006:./trace/SEGGER/SEGGER_RTT.c **** *  Return value
1007:./trace/SEGGER/SEGGER_RTT.c **** *    Number of bytes which have been stored in the "Down"-buffer.
1008:./trace/SEGGER/SEGGER_RTT.c **** *
1009:./trace/SEGGER/SEGGER_RTT.c **** *  Notes
1010:./trace/SEGGER/SEGGER_RTT.c **** *    (1) Data is stored according to buffer flags.
1011:./trace/SEGGER/SEGGER_RTT.c **** *    (2) For performance reasons this function does not call Init()
1012:./trace/SEGGER/SEGGER_RTT.c **** *        and may only be called after RTT has been initialized.
1013:./trace/SEGGER/SEGGER_RTT.c **** *        Either by calling SEGGER_RTT_Init() or calling another RTT API function first.
1014:./trace/SEGGER/SEGGER_RTT.c **** *
1015:./trace/SEGGER/SEGGER_RTT.c **** *  Additional information
1016:./trace/SEGGER/SEGGER_RTT.c **** *    This function must not be called when J-Link might also do RTT.
1017:./trace/SEGGER/SEGGER_RTT.c **** */
1018:./trace/SEGGER/SEGGER_RTT.c **** unsigned SEGGER_RTT_WriteDownBufferNoLock(unsigned BufferIndex, const void* pBuffer, unsigned NumBy
 1344              		.loc 1 1018 105 is_stmt 1 view -0
 1345              		.cfi_startproc
 1346              		@ args = 0, pretend = 0, frame = 0
 1347              		@ frame_needed = 0, uses_anonymous_args = 0
 1348              		.loc 1 1018 105 is_stmt 0 view .LVU429
 1349 0000 F8B5     		push	{r3, r4, r5, r6, r7, lr}
 1350              	.LCFI11:
 1351              		.cfi_def_cfa_offset 24
 1352              		.cfi_offset 3, -24
 1353              		.cfi_offset 4, -20
 1354              		.cfi_offset 5, -16
 1355              		.cfi_offset 6, -12
 1356              		.cfi_offset 7, -8
 1357              		.cfi_offset 14, -4
 1358 0002 0F46     		mov	r7, r1
 1359 0004 1646     		mov	r6, r2
1019:./trace/SEGGER/SEGGER_RTT.c ****   unsigned                Status;
 1360              		.loc 1 1019 3 is_stmt 1 view .LVU430
1020:./trace/SEGGER/SEGGER_RTT.c ****   unsigned                Avail;
 1361              		.loc 1 1020 3 view .LVU431
1021:./trace/SEGGER/SEGGER_RTT.c ****   const char*             pData;
 1362              		.loc 1 1021 3 view .LVU432
1022:./trace/SEGGER/SEGGER_RTT.c ****   SEGGER_RTT_BUFFER_UP*   pRing;
 1363              		.loc 1 1022 3 view .LVU433
1023:./trace/SEGGER/SEGGER_RTT.c ****   //
1024:./trace/SEGGER/SEGGER_RTT.c ****   // Get "to-target" ring buffer.
1025:./trace/SEGGER/SEGGER_RTT.c ****   // It is save to cast that to a "to-host" buffer. Up and Down buffer differ in volatility of offs
1026:./trace/SEGGER/SEGGER_RTT.c ****   //
1027:./trace/SEGGER/SEGGER_RTT.c ****   pData = (const char *)pBuffer;
 1364              		.loc 1 1027 3 view .LVU434
 1365              	.LVL145:
ARM GAS  /tmp/ccZ5iSyA.s 			page 47


1028:./trace/SEGGER/SEGGER_RTT.c ****   pRing = (SEGGER_RTT_BUFFER_UP*)((uintptr_t)&_SEGGER_RTT.aDown[BufferIndex] + SEGGER_RTT_UNCACHED_
 1366              		.loc 1 1028 3 view .LVU435
 1367              		.loc 1 1028 9 is_stmt 0 view .LVU436
 1368 0006 00EB4000 		add	r0, r0, r0, lsl #1
 1369              	.LVL146:
 1370              		.loc 1 1028 9 view .LVU437
 1371 000a C400     		lsls	r4, r0, #3
 1372 000c 6034     		adds	r4, r4, #96
 1373 000e 144B     		ldr	r3, .L78
 1374 0010 1C44     		add	r4, r4, r3
 1375              	.LVL147:
1029:./trace/SEGGER/SEGGER_RTT.c ****   //
1030:./trace/SEGGER/SEGGER_RTT.c ****   // How we output depends upon the mode...
1031:./trace/SEGGER/SEGGER_RTT.c ****   //
1032:./trace/SEGGER/SEGGER_RTT.c ****   switch (pRing->Flags) {
 1376              		.loc 1 1032 3 is_stmt 1 view .LVU438
 1377              		.loc 1 1032 16 is_stmt 0 view .LVU439
 1378 0012 6569     		ldr	r5, [r4, #20]
 1379              		.loc 1 1032 3 view .LVU440
 1380 0014 012D     		cmp	r5, #1
 1381 0016 0ED0     		beq	.L73
 1382 0018 022D     		cmp	r5, #2
 1383 001a 1AD0     		beq	.L74
 1384 001c F5B9     		cbnz	r5, .L76
1033:./trace/SEGGER/SEGGER_RTT.c ****   case SEGGER_RTT_MODE_NO_BLOCK_SKIP:
1034:./trace/SEGGER/SEGGER_RTT.c ****     //
1035:./trace/SEGGER/SEGGER_RTT.c ****     // If we are in skip mode and there is no space for the whole
1036:./trace/SEGGER/SEGGER_RTT.c ****     // of this output, don't bother.
1037:./trace/SEGGER/SEGGER_RTT.c ****     //
1038:./trace/SEGGER/SEGGER_RTT.c ****     Avail = _GetAvailWriteSpace(pRing);
 1385              		.loc 1 1038 5 is_stmt 1 view .LVU441
 1386              		.loc 1 1038 13 is_stmt 0 view .LVU442
 1387 001e 2046     		mov	r0, r4
 1388 0020 FFF7FEFF 		bl	_GetAvailWriteSpace
 1389              	.LVL148:
1039:./trace/SEGGER/SEGGER_RTT.c ****     if (Avail < NumBytes) {
 1390              		.loc 1 1039 5 is_stmt 1 view .LVU443
 1391              		.loc 1 1039 8 is_stmt 0 view .LVU444
 1392 0024 8642     		cmp	r6, r0
 1393 0026 12D8     		bhi	.L72
1040:./trace/SEGGER/SEGGER_RTT.c ****       Status = 0u;
1041:./trace/SEGGER/SEGGER_RTT.c ****     } else {
1042:./trace/SEGGER/SEGGER_RTT.c ****       Status = NumBytes;
 1394              		.loc 1 1042 7 is_stmt 1 view .LVU445
 1395              	.LVL149:
1043:./trace/SEGGER/SEGGER_RTT.c ****       _WriteNoCheck(pRing, pData, NumBytes);
 1396              		.loc 1 1043 7 view .LVU446
 1397 0028 3246     		mov	r2, r6
 1398 002a 3946     		mov	r1, r7
 1399 002c 2046     		mov	r0, r4
 1400              	.LVL150:
 1401              		.loc 1 1043 7 is_stmt 0 view .LVU447
 1402 002e FFF7FEFF 		bl	_WriteNoCheck
 1403              	.LVL151:
1042:./trace/SEGGER/SEGGER_RTT.c ****       _WriteNoCheck(pRing, pData, NumBytes);
 1404              		.loc 1 1042 14 view .LVU448
 1405 0032 3546     		mov	r5, r6
ARM GAS  /tmp/ccZ5iSyA.s 			page 48


 1406 0034 0BE0     		b	.L72
 1407              	.LVL152:
 1408              	.L73:
1044:./trace/SEGGER/SEGGER_RTT.c ****     }
1045:./trace/SEGGER/SEGGER_RTT.c ****     break;
1046:./trace/SEGGER/SEGGER_RTT.c ****   case SEGGER_RTT_MODE_NO_BLOCK_TRIM:
1047:./trace/SEGGER/SEGGER_RTT.c ****     //
1048:./trace/SEGGER/SEGGER_RTT.c ****     // If we are in trim mode, trim to what we can output without blocking.
1049:./trace/SEGGER/SEGGER_RTT.c ****     //
1050:./trace/SEGGER/SEGGER_RTT.c ****     Avail = _GetAvailWriteSpace(pRing);
 1409              		.loc 1 1050 5 is_stmt 1 view .LVU449
 1410              		.loc 1 1050 13 is_stmt 0 view .LVU450
 1411 0036 2046     		mov	r0, r4
 1412 0038 FFF7FEFF 		bl	_GetAvailWriteSpace
 1413              	.LVL153:
1051:./trace/SEGGER/SEGGER_RTT.c ****     Status = Avail < NumBytes ? Avail : NumBytes;
 1414              		.loc 1 1051 5 is_stmt 1 view .LVU451
 1415              		.loc 1 1051 12 is_stmt 0 view .LVU452
 1416 003c 3546     		mov	r5, r6
 1417 003e 8642     		cmp	r6, r0
 1418 0040 28BF     		it	cs
 1419 0042 0546     		movcs	r5, r0
 1420              	.LVL154:
1052:./trace/SEGGER/SEGGER_RTT.c ****     _WriteNoCheck(pRing, pData, Status);
 1421              		.loc 1 1052 5 is_stmt 1 view .LVU453
 1422 0044 2A46     		mov	r2, r5
 1423 0046 3946     		mov	r1, r7
 1424 0048 2046     		mov	r0, r4
 1425              	.LVL155:
 1426              		.loc 1 1052 5 is_stmt 0 view .LVU454
 1427 004a FFF7FEFF 		bl	_WriteNoCheck
 1428              	.LVL156:
1053:./trace/SEGGER/SEGGER_RTT.c ****     break;
 1429              		.loc 1 1053 5 is_stmt 1 view .LVU455
 1430              	.L72:
1054:./trace/SEGGER/SEGGER_RTT.c ****   case SEGGER_RTT_MODE_BLOCK_IF_FIFO_FULL:
1055:./trace/SEGGER/SEGGER_RTT.c ****     //
1056:./trace/SEGGER/SEGGER_RTT.c ****     // If we are in blocking mode, output everything.
1057:./trace/SEGGER/SEGGER_RTT.c ****     //
1058:./trace/SEGGER/SEGGER_RTT.c ****     Status = _WriteBlocking(pRing, pData, NumBytes);
1059:./trace/SEGGER/SEGGER_RTT.c ****     break;
1060:./trace/SEGGER/SEGGER_RTT.c ****   default:
1061:./trace/SEGGER/SEGGER_RTT.c ****     Status = 0u;
1062:./trace/SEGGER/SEGGER_RTT.c ****     break;
1063:./trace/SEGGER/SEGGER_RTT.c ****   }
1064:./trace/SEGGER/SEGGER_RTT.c ****   //
1065:./trace/SEGGER/SEGGER_RTT.c ****   // Finish up.
1066:./trace/SEGGER/SEGGER_RTT.c ****   //
1067:./trace/SEGGER/SEGGER_RTT.c ****   return Status;
1068:./trace/SEGGER/SEGGER_RTT.c **** }
 1431              		.loc 1 1068 1 is_stmt 0 view .LVU456
 1432 004e 2846     		mov	r0, r5
 1433 0050 F8BD     		pop	{r3, r4, r5, r6, r7, pc}
 1434              	.LVL157:
 1435              	.L74:
1058:./trace/SEGGER/SEGGER_RTT.c ****     break;
 1436              		.loc 1 1058 5 is_stmt 1 view .LVU457
ARM GAS  /tmp/ccZ5iSyA.s 			page 49


1058:./trace/SEGGER/SEGGER_RTT.c ****     break;
 1437              		.loc 1 1058 14 is_stmt 0 view .LVU458
 1438 0052 2046     		mov	r0, r4
 1439 0054 FFF7FEFF 		bl	_WriteBlocking
 1440              	.LVL158:
1058:./trace/SEGGER/SEGGER_RTT.c ****     break;
 1441              		.loc 1 1058 14 view .LVU459
 1442 0058 0546     		mov	r5, r0
 1443              	.LVL159:
1059:./trace/SEGGER/SEGGER_RTT.c ****   default:
 1444              		.loc 1 1059 5 is_stmt 1 view .LVU460
 1445 005a F8E7     		b	.L72
 1446              	.LVL160:
 1447              	.L76:
1032:./trace/SEGGER/SEGGER_RTT.c ****   case SEGGER_RTT_MODE_NO_BLOCK_SKIP:
 1448              		.loc 1 1032 3 is_stmt 0 view .LVU461
 1449 005c 0025     		movs	r5, #0
 1450              	.LVL161:
1067:./trace/SEGGER/SEGGER_RTT.c **** }
 1451              		.loc 1 1067 3 is_stmt 1 view .LVU462
1067:./trace/SEGGER/SEGGER_RTT.c **** }
 1452              		.loc 1 1067 10 is_stmt 0 view .LVU463
 1453 005e F6E7     		b	.L72
 1454              	.L79:
 1455              		.align	2
 1456              	.L78:
 1457 0060 00000000 		.word	_SEGGER_RTT
 1458              		.cfi_endproc
 1459              	.LFE10:
 1461              		.section	.text.SEGGER_RTT_WriteNoLock,"ax",%progbits
 1462              		.align	1
 1463              		.global	SEGGER_RTT_WriteNoLock
 1464              		.syntax unified
 1465              		.thumb
 1466              		.thumb_func
 1468              	SEGGER_RTT_WriteNoLock:
 1469              	.LVL162:
 1470              	.LFB11:
1069:./trace/SEGGER/SEGGER_RTT.c **** 
1070:./trace/SEGGER/SEGGER_RTT.c **** /*********************************************************************
1071:./trace/SEGGER/SEGGER_RTT.c **** *
1072:./trace/SEGGER/SEGGER_RTT.c **** *       SEGGER_RTT_WriteNoLock
1073:./trace/SEGGER/SEGGER_RTT.c **** *
1074:./trace/SEGGER/SEGGER_RTT.c **** *  Function description
1075:./trace/SEGGER/SEGGER_RTT.c **** *    Stores a specified number of characters in SEGGER RTT
1076:./trace/SEGGER/SEGGER_RTT.c **** *    control block which is then read by the host.
1077:./trace/SEGGER/SEGGER_RTT.c **** *    SEGGER_RTT_WriteNoLock does not lock the application.
1078:./trace/SEGGER/SEGGER_RTT.c **** *
1079:./trace/SEGGER/SEGGER_RTT.c **** *  Parameters
1080:./trace/SEGGER/SEGGER_RTT.c **** *    BufferIndex  Index of "Up"-buffer to be used (e.g. 0 for "Terminal").
1081:./trace/SEGGER/SEGGER_RTT.c **** *    pBuffer      Pointer to character array. Does not need to point to a \0 terminated string.
1082:./trace/SEGGER/SEGGER_RTT.c **** *    NumBytes     Number of bytes to be stored in the SEGGER RTT control block.
1083:./trace/SEGGER/SEGGER_RTT.c **** *
1084:./trace/SEGGER/SEGGER_RTT.c **** *  Return value
1085:./trace/SEGGER/SEGGER_RTT.c **** *    Number of bytes which have been stored in the "Up"-buffer.
1086:./trace/SEGGER/SEGGER_RTT.c **** *
1087:./trace/SEGGER/SEGGER_RTT.c **** *  Notes
ARM GAS  /tmp/ccZ5iSyA.s 			page 50


1088:./trace/SEGGER/SEGGER_RTT.c **** *    (1) Data is stored according to buffer flags.
1089:./trace/SEGGER/SEGGER_RTT.c **** *    (2) For performance reasons this function does not call Init()
1090:./trace/SEGGER/SEGGER_RTT.c **** *        and may only be called after RTT has been initialized.
1091:./trace/SEGGER/SEGGER_RTT.c **** *        Either by calling SEGGER_RTT_Init() or calling another RTT API function first.
1092:./trace/SEGGER/SEGGER_RTT.c **** */
1093:./trace/SEGGER/SEGGER_RTT.c **** unsigned SEGGER_RTT_WriteNoLock(unsigned BufferIndex, const void* pBuffer, unsigned NumBytes) {
 1471              		.loc 1 1093 95 is_stmt 1 view -0
 1472              		.cfi_startproc
 1473              		@ args = 0, pretend = 0, frame = 0
 1474              		@ frame_needed = 0, uses_anonymous_args = 0
 1475              		.loc 1 1093 95 is_stmt 0 view .LVU465
 1476 0000 F8B5     		push	{r3, r4, r5, r6, r7, lr}
 1477              	.LCFI12:
 1478              		.cfi_def_cfa_offset 24
 1479              		.cfi_offset 3, -24
 1480              		.cfi_offset 4, -20
 1481              		.cfi_offset 5, -16
 1482              		.cfi_offset 6, -12
 1483              		.cfi_offset 7, -8
 1484              		.cfi_offset 14, -4
 1485 0002 0F46     		mov	r7, r1
 1486 0004 1646     		mov	r6, r2
1094:./trace/SEGGER/SEGGER_RTT.c ****   unsigned              Status;
 1487              		.loc 1 1094 3 is_stmt 1 view .LVU466
1095:./trace/SEGGER/SEGGER_RTT.c ****   unsigned              Avail;
 1488              		.loc 1 1095 3 view .LVU467
1096:./trace/SEGGER/SEGGER_RTT.c ****   const char*           pData;
 1489              		.loc 1 1096 3 view .LVU468
1097:./trace/SEGGER/SEGGER_RTT.c ****   SEGGER_RTT_BUFFER_UP* pRing;
 1490              		.loc 1 1097 3 view .LVU469
1098:./trace/SEGGER/SEGGER_RTT.c ****   //
1099:./trace/SEGGER/SEGGER_RTT.c ****   // Get "to-host" ring buffer.
1100:./trace/SEGGER/SEGGER_RTT.c ****   //
1101:./trace/SEGGER/SEGGER_RTT.c ****   pData = (const char *)pBuffer;
 1491              		.loc 1 1101 3 view .LVU470
 1492              	.LVL163:
1102:./trace/SEGGER/SEGGER_RTT.c ****   pRing = (SEGGER_RTT_BUFFER_UP*)((uintptr_t)&_SEGGER_RTT.aUp[BufferIndex] + SEGGER_RTT_UNCACHED_OF
 1493              		.loc 1 1102 3 view .LVU471
 1494              		.loc 1 1102 9 is_stmt 0 view .LVU472
 1495 0006 441C     		adds	r4, r0, #1
 1496 0008 04EB4404 		add	r4, r4, r4, lsl #1
 1497 000c 164B     		ldr	r3, .L86
 1498 000e 03EBC404 		add	r4, r3, r4, lsl #3
 1499              	.LVL164:
1103:./trace/SEGGER/SEGGER_RTT.c ****   //
1104:./trace/SEGGER/SEGGER_RTT.c ****   // How we output depends upon the mode...
1105:./trace/SEGGER/SEGGER_RTT.c ****   //
1106:./trace/SEGGER/SEGGER_RTT.c ****   switch (pRing->Flags) {
 1500              		.loc 1 1106 3 is_stmt 1 view .LVU473
 1501              		.loc 1 1106 16 is_stmt 0 view .LVU474
 1502 0012 00EB4000 		add	r0, r0, r0, lsl #1
 1503              	.LVL165:
 1504              		.loc 1 1106 16 view .LVU475
 1505 0016 03EBC003 		add	r3, r3, r0, lsl #3
 1506 001a DD6A     		ldr	r5, [r3, #44]
 1507              		.loc 1 1106 3 view .LVU476
 1508 001c 012D     		cmp	r5, #1
ARM GAS  /tmp/ccZ5iSyA.s 			page 51


 1509 001e 0ED0     		beq	.L81
 1510 0020 022D     		cmp	r5, #2
 1511 0022 1AD0     		beq	.L82
 1512 0024 F5B9     		cbnz	r5, .L84
1107:./trace/SEGGER/SEGGER_RTT.c ****   case SEGGER_RTT_MODE_NO_BLOCK_SKIP:
1108:./trace/SEGGER/SEGGER_RTT.c ****     //
1109:./trace/SEGGER/SEGGER_RTT.c ****     // If we are in skip mode and there is no space for the whole
1110:./trace/SEGGER/SEGGER_RTT.c ****     // of this output, don't bother.
1111:./trace/SEGGER/SEGGER_RTT.c ****     //
1112:./trace/SEGGER/SEGGER_RTT.c ****     Avail = _GetAvailWriteSpace(pRing);
 1513              		.loc 1 1112 5 is_stmt 1 view .LVU477
 1514              		.loc 1 1112 13 is_stmt 0 view .LVU478
 1515 0026 2046     		mov	r0, r4
 1516 0028 FFF7FEFF 		bl	_GetAvailWriteSpace
 1517              	.LVL166:
1113:./trace/SEGGER/SEGGER_RTT.c ****     if (Avail < NumBytes) {
 1518              		.loc 1 1113 5 is_stmt 1 view .LVU479
 1519              		.loc 1 1113 8 is_stmt 0 view .LVU480
 1520 002c 8642     		cmp	r6, r0
 1521 002e 12D8     		bhi	.L80
1114:./trace/SEGGER/SEGGER_RTT.c ****       Status = 0u;
1115:./trace/SEGGER/SEGGER_RTT.c ****     } else {
1116:./trace/SEGGER/SEGGER_RTT.c ****       Status = NumBytes;
 1522              		.loc 1 1116 7 is_stmt 1 view .LVU481
 1523              	.LVL167:
1117:./trace/SEGGER/SEGGER_RTT.c ****       _WriteNoCheck(pRing, pData, NumBytes);
 1524              		.loc 1 1117 7 view .LVU482
 1525 0030 3246     		mov	r2, r6
 1526 0032 3946     		mov	r1, r7
 1527 0034 2046     		mov	r0, r4
 1528              	.LVL168:
 1529              		.loc 1 1117 7 is_stmt 0 view .LVU483
 1530 0036 FFF7FEFF 		bl	_WriteNoCheck
 1531              	.LVL169:
1116:./trace/SEGGER/SEGGER_RTT.c ****       _WriteNoCheck(pRing, pData, NumBytes);
 1532              		.loc 1 1116 14 view .LVU484
 1533 003a 3546     		mov	r5, r6
 1534 003c 0BE0     		b	.L80
 1535              	.LVL170:
 1536              	.L81:
1118:./trace/SEGGER/SEGGER_RTT.c ****     }
1119:./trace/SEGGER/SEGGER_RTT.c ****     break;
1120:./trace/SEGGER/SEGGER_RTT.c ****   case SEGGER_RTT_MODE_NO_BLOCK_TRIM:
1121:./trace/SEGGER/SEGGER_RTT.c ****     //
1122:./trace/SEGGER/SEGGER_RTT.c ****     // If we are in trim mode, trim to what we can output without blocking.
1123:./trace/SEGGER/SEGGER_RTT.c ****     //
1124:./trace/SEGGER/SEGGER_RTT.c ****     Avail = _GetAvailWriteSpace(pRing);
 1537              		.loc 1 1124 5 is_stmt 1 view .LVU485
 1538              		.loc 1 1124 13 is_stmt 0 view .LVU486
 1539 003e 2046     		mov	r0, r4
 1540 0040 FFF7FEFF 		bl	_GetAvailWriteSpace
 1541              	.LVL171:
1125:./trace/SEGGER/SEGGER_RTT.c ****     Status = Avail < NumBytes ? Avail : NumBytes;
 1542              		.loc 1 1125 5 is_stmt 1 view .LVU487
 1543              		.loc 1 1125 12 is_stmt 0 view .LVU488
 1544 0044 3546     		mov	r5, r6
 1545 0046 8642     		cmp	r6, r0
ARM GAS  /tmp/ccZ5iSyA.s 			page 52


 1546 0048 28BF     		it	cs
 1547 004a 0546     		movcs	r5, r0
 1548              	.LVL172:
1126:./trace/SEGGER/SEGGER_RTT.c ****     _WriteNoCheck(pRing, pData, Status);
 1549              		.loc 1 1126 5 is_stmt 1 view .LVU489
 1550 004c 2A46     		mov	r2, r5
 1551 004e 3946     		mov	r1, r7
 1552 0050 2046     		mov	r0, r4
 1553              	.LVL173:
 1554              		.loc 1 1126 5 is_stmt 0 view .LVU490
 1555 0052 FFF7FEFF 		bl	_WriteNoCheck
 1556              	.LVL174:
1127:./trace/SEGGER/SEGGER_RTT.c ****     break;
 1557              		.loc 1 1127 5 is_stmt 1 view .LVU491
 1558              	.L80:
1128:./trace/SEGGER/SEGGER_RTT.c ****   case SEGGER_RTT_MODE_BLOCK_IF_FIFO_FULL:
1129:./trace/SEGGER/SEGGER_RTT.c ****     //
1130:./trace/SEGGER/SEGGER_RTT.c ****     // If we are in blocking mode, output everything.
1131:./trace/SEGGER/SEGGER_RTT.c ****     //
1132:./trace/SEGGER/SEGGER_RTT.c ****     Status = _WriteBlocking(pRing, pData, NumBytes);
1133:./trace/SEGGER/SEGGER_RTT.c ****     break;
1134:./trace/SEGGER/SEGGER_RTT.c ****   default:
1135:./trace/SEGGER/SEGGER_RTT.c ****     Status = 0u;
1136:./trace/SEGGER/SEGGER_RTT.c ****     break;
1137:./trace/SEGGER/SEGGER_RTT.c ****   }
1138:./trace/SEGGER/SEGGER_RTT.c ****   //
1139:./trace/SEGGER/SEGGER_RTT.c ****   // Finish up.
1140:./trace/SEGGER/SEGGER_RTT.c ****   //
1141:./trace/SEGGER/SEGGER_RTT.c ****   return Status;
1142:./trace/SEGGER/SEGGER_RTT.c **** }
 1559              		.loc 1 1142 1 is_stmt 0 view .LVU492
 1560 0056 2846     		mov	r0, r5
 1561 0058 F8BD     		pop	{r3, r4, r5, r6, r7, pc}
 1562              	.LVL175:
 1563              	.L82:
1132:./trace/SEGGER/SEGGER_RTT.c ****     break;
 1564              		.loc 1 1132 5 is_stmt 1 view .LVU493
1132:./trace/SEGGER/SEGGER_RTT.c ****     break;
 1565              		.loc 1 1132 14 is_stmt 0 view .LVU494
 1566 005a 2046     		mov	r0, r4
 1567 005c FFF7FEFF 		bl	_WriteBlocking
 1568              	.LVL176:
1132:./trace/SEGGER/SEGGER_RTT.c ****     break;
 1569              		.loc 1 1132 14 view .LVU495
 1570 0060 0546     		mov	r5, r0
 1571              	.LVL177:
1133:./trace/SEGGER/SEGGER_RTT.c ****   default:
 1572              		.loc 1 1133 5 is_stmt 1 view .LVU496
 1573 0062 F8E7     		b	.L80
 1574              	.LVL178:
 1575              	.L84:
1106:./trace/SEGGER/SEGGER_RTT.c ****   case SEGGER_RTT_MODE_NO_BLOCK_SKIP:
 1576              		.loc 1 1106 3 is_stmt 0 view .LVU497
 1577 0064 0025     		movs	r5, #0
 1578              	.LVL179:
1141:./trace/SEGGER/SEGGER_RTT.c **** }
 1579              		.loc 1 1141 3 is_stmt 1 view .LVU498
ARM GAS  /tmp/ccZ5iSyA.s 			page 53


1141:./trace/SEGGER/SEGGER_RTT.c **** }
 1580              		.loc 1 1141 10 is_stmt 0 view .LVU499
 1581 0066 F6E7     		b	.L80
 1582              	.L87:
 1583              		.align	2
 1584              	.L86:
 1585 0068 00000000 		.word	_SEGGER_RTT
 1586              		.cfi_endproc
 1587              	.LFE11:
 1589              		.section	.text.SEGGER_RTT_WriteDownBuffer,"ax",%progbits
 1590              		.align	1
 1591              		.global	SEGGER_RTT_WriteDownBuffer
 1592              		.syntax unified
 1593              		.thumb
 1594              		.thumb_func
 1596              	SEGGER_RTT_WriteDownBuffer:
 1597              	.LVL180:
 1598              	.LFB12:
1143:./trace/SEGGER/SEGGER_RTT.c **** 
1144:./trace/SEGGER/SEGGER_RTT.c **** /*********************************************************************
1145:./trace/SEGGER/SEGGER_RTT.c **** *
1146:./trace/SEGGER/SEGGER_RTT.c **** *       SEGGER_RTT_WriteDownBuffer
1147:./trace/SEGGER/SEGGER_RTT.c **** *
1148:./trace/SEGGER/SEGGER_RTT.c **** *  Function description
1149:./trace/SEGGER/SEGGER_RTT.c **** *    Stores a specified number of characters in SEGGER RTT control block in a <Down> buffer.
1150:./trace/SEGGER/SEGGER_RTT.c **** *
1151:./trace/SEGGER/SEGGER_RTT.c **** *  Parameters
1152:./trace/SEGGER/SEGGER_RTT.c **** *    BufferIndex  Index of "Up"-buffer to be used (e.g. 0 for "Terminal").
1153:./trace/SEGGER/SEGGER_RTT.c **** *    pBuffer      Pointer to character array. Does not need to point to a \0 terminated string.
1154:./trace/SEGGER/SEGGER_RTT.c **** *    NumBytes     Number of bytes to be stored in the SEGGER RTT control block.
1155:./trace/SEGGER/SEGGER_RTT.c **** *
1156:./trace/SEGGER/SEGGER_RTT.c **** *  Return value
1157:./trace/SEGGER/SEGGER_RTT.c **** *    Number of bytes which have been stored in the "Down"-buffer.
1158:./trace/SEGGER/SEGGER_RTT.c **** *
1159:./trace/SEGGER/SEGGER_RTT.c **** *  Notes
1160:./trace/SEGGER/SEGGER_RTT.c **** *    (1) Data is stored according to buffer flags.
1161:./trace/SEGGER/SEGGER_RTT.c **** *
1162:./trace/SEGGER/SEGGER_RTT.c **** *  Additional information
1163:./trace/SEGGER/SEGGER_RTT.c **** *    This function must not be called when J-Link might also do RTT.
1164:./trace/SEGGER/SEGGER_RTT.c **** *    This function locks against all other RTT operations. I.e. during
1165:./trace/SEGGER/SEGGER_RTT.c **** *    the write operation, writing from the application is also locked.
1166:./trace/SEGGER/SEGGER_RTT.c **** *    If only one consumer writes to the down buffer,
1167:./trace/SEGGER/SEGGER_RTT.c **** *    call SEGGER_RTT_WriteDownBufferNoLock() instead.
1168:./trace/SEGGER/SEGGER_RTT.c **** */
1169:./trace/SEGGER/SEGGER_RTT.c **** unsigned SEGGER_RTT_WriteDownBuffer(unsigned BufferIndex, const void* pBuffer, unsigned NumBytes) {
 1599              		.loc 1 1169 99 is_stmt 1 view -0
 1600              		.cfi_startproc
 1601              		@ args = 0, pretend = 0, frame = 0
 1602              		@ frame_needed = 0, uses_anonymous_args = 0
 1603              		.loc 1 1169 99 is_stmt 0 view .LVU501
 1604 0000 F8B5     		push	{r3, r4, r5, r6, r7, lr}
 1605              	.LCFI13:
 1606              		.cfi_def_cfa_offset 24
 1607              		.cfi_offset 3, -24
 1608              		.cfi_offset 4, -20
 1609              		.cfi_offset 5, -16
 1610              		.cfi_offset 6, -12
ARM GAS  /tmp/ccZ5iSyA.s 			page 54


 1611              		.cfi_offset 7, -8
 1612              		.cfi_offset 14, -4
 1613 0002 0446     		mov	r4, r0
 1614 0004 0D46     		mov	r5, r1
 1615 0006 1646     		mov	r6, r2
1170:./trace/SEGGER/SEGGER_RTT.c ****   unsigned Status;
 1616              		.loc 1 1170 3 is_stmt 1 view .LVU502
1171:./trace/SEGGER/SEGGER_RTT.c **** 
1172:./trace/SEGGER/SEGGER_RTT.c ****   INIT();
 1617              		.loc 1 1172 3 view .LVU503
 1618              	.LBB8:
 1619              		.loc 1 1172 3 view .LVU504
 1620              		.loc 1 1172 3 view .LVU505
 1621              	.LVL181:
 1622              		.loc 1 1172 3 view .LVU506
 1623 0008 0A4B     		ldr	r3, .L92
 1624 000a 1B78     		ldrb	r3, [r3]	@ zero_extendqisi2
 1625 000c 532B     		cmp	r3, #83
 1626 000e 0DD1     		bne	.L91
 1627              	.LVL182:
 1628              	.L89:
 1629              		.loc 1 1172 3 is_stmt 0 view .LVU507
 1630              	.LBE8:
 1631              		.loc 1 1172 3 is_stmt 1 discriminator 3 view .LVU508
 1632              	.LBB9:
1173:./trace/SEGGER/SEGGER_RTT.c ****   SEGGER_RTT_LOCK();
 1633              		.loc 1 1173 3 view .LVU509
 1634              		.loc 1 1173 3 view .LVU510
 1635              		.syntax unified
 1636              	@ 1173 "./trace/SEGGER/SEGGER_RTT.c" 1
 1637 0010 EFF31187 		mrs   r7, basepri  
 1638 0014 4FF02001 		mov   r1, #32       
 1639 0018 81F31188 		msr   basepri, r1  
 1640              		
 1641              	@ 0 "" 2
 1642              	.LVL183:
 1643              		.loc 1 1173 20 view .LVU511
1174:./trace/SEGGER/SEGGER_RTT.c ****   Status = SEGGER_RTT_WriteDownBufferNoLock(BufferIndex, pBuffer, NumBytes);  // Call the non-locki
 1644              		.loc 1 1174 3 view .LVU512
 1645              		.loc 1 1174 12 is_stmt 0 view .LVU513
 1646              		.thumb
 1647              		.syntax unified
 1648 001c 3246     		mov	r2, r6
 1649 001e 2946     		mov	r1, r5
 1650 0020 2046     		mov	r0, r4
 1651 0022 FFF7FEFF 		bl	SEGGER_RTT_WriteDownBufferNoLock
 1652              	.LVL184:
1175:./trace/SEGGER/SEGGER_RTT.c ****   SEGGER_RTT_UNLOCK();
 1653              		.loc 1 1175 3 is_stmt 1 view .LVU514
 1654              		.syntax unified
 1655              	@ 1175 "./trace/SEGGER/SEGGER_RTT.c" 1
 1656 0026 87F31188 		msr   basepri, r7  
 1657              		
 1658              	@ 0 "" 2
 1659              		.thumb
 1660              		.syntax unified
 1661              	.LBE9:
ARM GAS  /tmp/ccZ5iSyA.s 			page 55


 1662              		.loc 1 1175 22 view .LVU515
1176:./trace/SEGGER/SEGGER_RTT.c ****   return Status;
 1663              		.loc 1 1176 3 view .LVU516
1177:./trace/SEGGER/SEGGER_RTT.c **** }
 1664              		.loc 1 1177 1 is_stmt 0 view .LVU517
 1665 002a F8BD     		pop	{r3, r4, r5, r6, r7, pc}
 1666              	.LVL185:
 1667              	.L91:
 1668              	.LBB10:
1172:./trace/SEGGER/SEGGER_RTT.c ****   SEGGER_RTT_LOCK();
 1669              		.loc 1 1172 3 is_stmt 1 discriminator 1 view .LVU518
 1670 002c FFF7FEFF 		bl	_DoInit
 1671              	.LVL186:
1172:./trace/SEGGER/SEGGER_RTT.c ****   SEGGER_RTT_LOCK();
 1672              		.loc 1 1172 3 is_stmt 0 discriminator 1 view .LVU519
 1673 0030 EEE7     		b	.L89
 1674              	.L93:
 1675 0032 00BF     		.align	2
 1676              	.L92:
 1677 0034 00000000 		.word	_SEGGER_RTT
 1678              	.LBE10:
 1679              		.cfi_endproc
 1680              	.LFE12:
 1682              		.section	.text.SEGGER_RTT_Write,"ax",%progbits
 1683              		.align	1
 1684              		.global	SEGGER_RTT_Write
 1685              		.syntax unified
 1686              		.thumb
 1687              		.thumb_func
 1689              	SEGGER_RTT_Write:
 1690              	.LVL187:
 1691              	.LFB13:
1178:./trace/SEGGER/SEGGER_RTT.c **** 
1179:./trace/SEGGER/SEGGER_RTT.c **** /*********************************************************************
1180:./trace/SEGGER/SEGGER_RTT.c **** *
1181:./trace/SEGGER/SEGGER_RTT.c **** *       SEGGER_RTT_Write
1182:./trace/SEGGER/SEGGER_RTT.c **** *
1183:./trace/SEGGER/SEGGER_RTT.c **** *  Function description
1184:./trace/SEGGER/SEGGER_RTT.c **** *    Stores a specified number of characters in SEGGER RTT
1185:./trace/SEGGER/SEGGER_RTT.c **** *    control block which is then read by the host.
1186:./trace/SEGGER/SEGGER_RTT.c **** *
1187:./trace/SEGGER/SEGGER_RTT.c **** *  Parameters
1188:./trace/SEGGER/SEGGER_RTT.c **** *    BufferIndex  Index of "Up"-buffer to be used (e.g. 0 for "Terminal").
1189:./trace/SEGGER/SEGGER_RTT.c **** *    pBuffer      Pointer to character array. Does not need to point to a \0 terminated string.
1190:./trace/SEGGER/SEGGER_RTT.c **** *    NumBytes     Number of bytes to be stored in the SEGGER RTT control block.
1191:./trace/SEGGER/SEGGER_RTT.c **** *
1192:./trace/SEGGER/SEGGER_RTT.c **** *  Return value
1193:./trace/SEGGER/SEGGER_RTT.c **** *    Number of bytes which have been stored in the "Up"-buffer.
1194:./trace/SEGGER/SEGGER_RTT.c **** *
1195:./trace/SEGGER/SEGGER_RTT.c **** *  Notes
1196:./trace/SEGGER/SEGGER_RTT.c **** *    (1) Data is stored according to buffer flags.
1197:./trace/SEGGER/SEGGER_RTT.c **** */
1198:./trace/SEGGER/SEGGER_RTT.c **** unsigned SEGGER_RTT_Write(unsigned BufferIndex, const void* pBuffer, unsigned NumBytes) {
 1692              		.loc 1 1198 89 is_stmt 1 view -0
 1693              		.cfi_startproc
 1694              		@ args = 0, pretend = 0, frame = 0
 1695              		@ frame_needed = 0, uses_anonymous_args = 0
ARM GAS  /tmp/ccZ5iSyA.s 			page 56


 1696              		.loc 1 1198 89 is_stmt 0 view .LVU521
 1697 0000 F8B5     		push	{r3, r4, r5, r6, r7, lr}
 1698              	.LCFI14:
 1699              		.cfi_def_cfa_offset 24
 1700              		.cfi_offset 3, -24
 1701              		.cfi_offset 4, -20
 1702              		.cfi_offset 5, -16
 1703              		.cfi_offset 6, -12
 1704              		.cfi_offset 7, -8
 1705              		.cfi_offset 14, -4
 1706 0002 0446     		mov	r4, r0
 1707 0004 0D46     		mov	r5, r1
 1708 0006 1646     		mov	r6, r2
1199:./trace/SEGGER/SEGGER_RTT.c ****   unsigned Status;
 1709              		.loc 1 1199 3 is_stmt 1 view .LVU522
1200:./trace/SEGGER/SEGGER_RTT.c **** 
1201:./trace/SEGGER/SEGGER_RTT.c ****   INIT();
 1710              		.loc 1 1201 3 view .LVU523
 1711              	.LBB11:
 1712              		.loc 1 1201 3 view .LVU524
 1713              		.loc 1 1201 3 view .LVU525
 1714              	.LVL188:
 1715              		.loc 1 1201 3 view .LVU526
 1716 0008 0A4B     		ldr	r3, .L98
 1717 000a 1B78     		ldrb	r3, [r3]	@ zero_extendqisi2
 1718 000c 532B     		cmp	r3, #83
 1719 000e 0DD1     		bne	.L97
 1720              	.LVL189:
 1721              	.L95:
 1722              		.loc 1 1201 3 is_stmt 0 view .LVU527
 1723              	.LBE11:
 1724              		.loc 1 1201 3 is_stmt 1 discriminator 3 view .LVU528
 1725              	.LBB12:
1202:./trace/SEGGER/SEGGER_RTT.c ****   SEGGER_RTT_LOCK();
 1726              		.loc 1 1202 3 view .LVU529
 1727              		.loc 1 1202 3 view .LVU530
 1728              		.syntax unified
 1729              	@ 1202 "./trace/SEGGER/SEGGER_RTT.c" 1
 1730 0010 EFF31187 		mrs   r7, basepri  
 1731 0014 4FF02001 		mov   r1, #32       
 1732 0018 81F31188 		msr   basepri, r1  
 1733              		
 1734              	@ 0 "" 2
 1735              	.LVL190:
 1736              		.loc 1 1202 20 view .LVU531
1203:./trace/SEGGER/SEGGER_RTT.c ****   Status = SEGGER_RTT_WriteNoLock(BufferIndex, pBuffer, NumBytes);  // Call the non-locking write f
 1737              		.loc 1 1203 3 view .LVU532
 1738              		.loc 1 1203 12 is_stmt 0 view .LVU533
 1739              		.thumb
 1740              		.syntax unified
 1741 001c 3246     		mov	r2, r6
 1742 001e 2946     		mov	r1, r5
 1743 0020 2046     		mov	r0, r4
 1744 0022 FFF7FEFF 		bl	SEGGER_RTT_WriteNoLock
 1745              	.LVL191:
1204:./trace/SEGGER/SEGGER_RTT.c ****   SEGGER_RTT_UNLOCK();
 1746              		.loc 1 1204 3 is_stmt 1 view .LVU534
ARM GAS  /tmp/ccZ5iSyA.s 			page 57


 1747              		.syntax unified
 1748              	@ 1204 "./trace/SEGGER/SEGGER_RTT.c" 1
 1749 0026 87F31188 		msr   basepri, r7  
 1750              		
 1751              	@ 0 "" 2
 1752              		.thumb
 1753              		.syntax unified
 1754              	.LBE12:
 1755              		.loc 1 1204 22 view .LVU535
1205:./trace/SEGGER/SEGGER_RTT.c ****   return Status;
 1756              		.loc 1 1205 3 view .LVU536
1206:./trace/SEGGER/SEGGER_RTT.c **** }
 1757              		.loc 1 1206 1 is_stmt 0 view .LVU537
 1758 002a F8BD     		pop	{r3, r4, r5, r6, r7, pc}
 1759              	.LVL192:
 1760              	.L97:
 1761              	.LBB13:
1201:./trace/SEGGER/SEGGER_RTT.c ****   SEGGER_RTT_LOCK();
 1762              		.loc 1 1201 3 is_stmt 1 discriminator 1 view .LVU538
 1763 002c FFF7FEFF 		bl	_DoInit
 1764              	.LVL193:
1201:./trace/SEGGER/SEGGER_RTT.c ****   SEGGER_RTT_LOCK();
 1765              		.loc 1 1201 3 is_stmt 0 discriminator 1 view .LVU539
 1766 0030 EEE7     		b	.L95
 1767              	.L99:
 1768 0032 00BF     		.align	2
 1769              	.L98:
 1770 0034 00000000 		.word	_SEGGER_RTT
 1771              	.LBE13:
 1772              		.cfi_endproc
 1773              	.LFE13:
 1775              		.section	.text.SEGGER_RTT_WriteString,"ax",%progbits
 1776              		.align	1
 1777              		.global	SEGGER_RTT_WriteString
 1778              		.syntax unified
 1779              		.thumb
 1780              		.thumb_func
 1782              	SEGGER_RTT_WriteString:
 1783              	.LVL194:
 1784              	.LFB14:
1207:./trace/SEGGER/SEGGER_RTT.c **** 
1208:./trace/SEGGER/SEGGER_RTT.c **** /*********************************************************************
1209:./trace/SEGGER/SEGGER_RTT.c **** *
1210:./trace/SEGGER/SEGGER_RTT.c **** *       SEGGER_RTT_WriteString
1211:./trace/SEGGER/SEGGER_RTT.c **** *
1212:./trace/SEGGER/SEGGER_RTT.c **** *  Function description
1213:./trace/SEGGER/SEGGER_RTT.c **** *    Stores string in SEGGER RTT control block.
1214:./trace/SEGGER/SEGGER_RTT.c **** *    This data is read by the host.
1215:./trace/SEGGER/SEGGER_RTT.c **** *
1216:./trace/SEGGER/SEGGER_RTT.c **** *  Parameters
1217:./trace/SEGGER/SEGGER_RTT.c **** *    BufferIndex  Index of "Up"-buffer to be used (e.g. 0 for "Terminal").
1218:./trace/SEGGER/SEGGER_RTT.c **** *    s            Pointer to string.
1219:./trace/SEGGER/SEGGER_RTT.c **** *
1220:./trace/SEGGER/SEGGER_RTT.c **** *  Return value
1221:./trace/SEGGER/SEGGER_RTT.c **** *    Number of bytes which have been stored in the "Up"-buffer.
1222:./trace/SEGGER/SEGGER_RTT.c **** *
1223:./trace/SEGGER/SEGGER_RTT.c **** *  Notes
ARM GAS  /tmp/ccZ5iSyA.s 			page 58


1224:./trace/SEGGER/SEGGER_RTT.c **** *    (1) Data is stored according to buffer flags.
1225:./trace/SEGGER/SEGGER_RTT.c **** *    (2) String passed to this function has to be \0 terminated
1226:./trace/SEGGER/SEGGER_RTT.c **** *    (3) \0 termination character is *not* stored in RTT buffer
1227:./trace/SEGGER/SEGGER_RTT.c **** */
1228:./trace/SEGGER/SEGGER_RTT.c **** unsigned SEGGER_RTT_WriteString(unsigned BufferIndex, const char* s) {
 1785              		.loc 1 1228 70 is_stmt 1 view -0
 1786              		.cfi_startproc
 1787              		@ args = 0, pretend = 0, frame = 0
 1788              		@ frame_needed = 0, uses_anonymous_args = 0
 1789              		.loc 1 1228 70 is_stmt 0 view .LVU541
 1790 0000 38B5     		push	{r3, r4, r5, lr}
 1791              	.LCFI15:
 1792              		.cfi_def_cfa_offset 16
 1793              		.cfi_offset 3, -16
 1794              		.cfi_offset 4, -12
 1795              		.cfi_offset 5, -8
 1796              		.cfi_offset 14, -4
 1797 0002 0546     		mov	r5, r0
 1798 0004 0C46     		mov	r4, r1
1229:./trace/SEGGER/SEGGER_RTT.c ****   unsigned Len;
 1799              		.loc 1 1229 3 is_stmt 1 view .LVU542
1230:./trace/SEGGER/SEGGER_RTT.c **** 
1231:./trace/SEGGER/SEGGER_RTT.c ****   Len = STRLEN(s);
 1800              		.loc 1 1231 3 view .LVU543
 1801              		.loc 1 1231 9 is_stmt 0 view .LVU544
 1802 0006 0846     		mov	r0, r1
 1803              	.LVL195:
 1804              		.loc 1 1231 9 view .LVU545
 1805 0008 FFF7FEFF 		bl	strlen
 1806              	.LVL196:
 1807              		.loc 1 1231 9 view .LVU546
 1808 000c 0246     		mov	r2, r0
 1809              	.LVL197:
1232:./trace/SEGGER/SEGGER_RTT.c ****   return SEGGER_RTT_Write(BufferIndex, s, Len);
 1810              		.loc 1 1232 3 is_stmt 1 view .LVU547
 1811              		.loc 1 1232 10 is_stmt 0 view .LVU548
 1812 000e 2146     		mov	r1, r4
 1813 0010 2846     		mov	r0, r5
 1814              	.LVL198:
 1815              		.loc 1 1232 10 view .LVU549
 1816 0012 FFF7FEFF 		bl	SEGGER_RTT_Write
 1817              	.LVL199:
1233:./trace/SEGGER/SEGGER_RTT.c **** }
 1818              		.loc 1 1233 1 view .LVU550
 1819 0016 38BD     		pop	{r3, r4, r5, pc}
 1820              		.loc 1 1233 1 view .LVU551
 1821              		.cfi_endproc
 1822              	.LFE14:
 1824              		.section	.text.SEGGER_RTT_PutCharSkipNoLock,"ax",%progbits
 1825              		.align	1
 1826              		.global	SEGGER_RTT_PutCharSkipNoLock
 1827              		.syntax unified
 1828              		.thumb
 1829              		.thumb_func
 1831              	SEGGER_RTT_PutCharSkipNoLock:
 1832              	.LVL200:
 1833              	.LFB15:
ARM GAS  /tmp/ccZ5iSyA.s 			page 59


1234:./trace/SEGGER/SEGGER_RTT.c **** 
1235:./trace/SEGGER/SEGGER_RTT.c **** /*********************************************************************
1236:./trace/SEGGER/SEGGER_RTT.c **** *
1237:./trace/SEGGER/SEGGER_RTT.c **** *       SEGGER_RTT_PutCharSkipNoLock
1238:./trace/SEGGER/SEGGER_RTT.c **** *
1239:./trace/SEGGER/SEGGER_RTT.c **** *  Function description
1240:./trace/SEGGER/SEGGER_RTT.c **** *    Stores a single character/byte in SEGGER RTT buffer.
1241:./trace/SEGGER/SEGGER_RTT.c **** *    SEGGER_RTT_PutCharSkipNoLock does not lock the application and
1242:./trace/SEGGER/SEGGER_RTT.c **** *    skips the byte, if it does not fit into the buffer.
1243:./trace/SEGGER/SEGGER_RTT.c **** *
1244:./trace/SEGGER/SEGGER_RTT.c **** *  Parameters
1245:./trace/SEGGER/SEGGER_RTT.c **** *    BufferIndex  Index of "Up"-buffer to be used (e.g. 0 for "Terminal").
1246:./trace/SEGGER/SEGGER_RTT.c **** *    c            Byte to be stored.
1247:./trace/SEGGER/SEGGER_RTT.c **** *
1248:./trace/SEGGER/SEGGER_RTT.c **** *  Return value
1249:./trace/SEGGER/SEGGER_RTT.c **** *    Number of bytes which have been stored in the "Up"-buffer.
1250:./trace/SEGGER/SEGGER_RTT.c **** *
1251:./trace/SEGGER/SEGGER_RTT.c **** *  Notes
1252:./trace/SEGGER/SEGGER_RTT.c **** *    (1) If there is not enough space in the "Up"-buffer, the character is dropped.
1253:./trace/SEGGER/SEGGER_RTT.c **** *    (2) For performance reasons this function does not call Init()
1254:./trace/SEGGER/SEGGER_RTT.c **** *        and may only be called after RTT has been initialized.
1255:./trace/SEGGER/SEGGER_RTT.c **** *        Either by calling SEGGER_RTT_Init() or calling another RTT API function first.
1256:./trace/SEGGER/SEGGER_RTT.c **** */
1257:./trace/SEGGER/SEGGER_RTT.c **** 
1258:./trace/SEGGER/SEGGER_RTT.c **** unsigned SEGGER_RTT_PutCharSkipNoLock(unsigned BufferIndex, char c) {
 1834              		.loc 1 1258 69 is_stmt 1 view -0
 1835              		.cfi_startproc
 1836              		@ args = 0, pretend = 0, frame = 0
 1837              		@ frame_needed = 0, uses_anonymous_args = 0
 1838              		@ link register save eliminated.
 1839              		.loc 1 1258 69 is_stmt 0 view .LVU553
 1840 0000 30B4     		push	{r4, r5}
 1841              	.LCFI16:
 1842              		.cfi_def_cfa_offset 8
 1843              		.cfi_offset 4, -8
 1844              		.cfi_offset 5, -4
1259:./trace/SEGGER/SEGGER_RTT.c ****   SEGGER_RTT_BUFFER_UP* pRing;
 1845              		.loc 1 1259 3 is_stmt 1 view .LVU554
1260:./trace/SEGGER/SEGGER_RTT.c ****   unsigned              WrOff;
 1846              		.loc 1 1260 3 view .LVU555
1261:./trace/SEGGER/SEGGER_RTT.c ****   unsigned              Status;
 1847              		.loc 1 1261 3 view .LVU556
1262:./trace/SEGGER/SEGGER_RTT.c ****   volatile char*        pDst;
 1848              		.loc 1 1262 3 view .LVU557
1263:./trace/SEGGER/SEGGER_RTT.c ****   //
1264:./trace/SEGGER/SEGGER_RTT.c ****   // Get "to-host" ring buffer.
1265:./trace/SEGGER/SEGGER_RTT.c ****   //
1266:./trace/SEGGER/SEGGER_RTT.c ****   pRing = (SEGGER_RTT_BUFFER_UP*)((uintptr_t)&_SEGGER_RTT.aUp[BufferIndex] + SEGGER_RTT_UNCACHED_OF
 1849              		.loc 1 1266 3 view .LVU558
 1850              	.LVL201:
1267:./trace/SEGGER/SEGGER_RTT.c ****   //
1268:./trace/SEGGER/SEGGER_RTT.c ****   // Get write position and handle wrap-around if necessary
1269:./trace/SEGGER/SEGGER_RTT.c ****   //
1270:./trace/SEGGER/SEGGER_RTT.c ****   WrOff = pRing->WrOff + 1;
 1851              		.loc 1 1270 3 view .LVU559
 1852              		.loc 1 1270 16 is_stmt 0 view .LVU560
 1853 0002 00EB4002 		add	r2, r0, r0, lsl #1
ARM GAS  /tmp/ccZ5iSyA.s 			page 60


 1854 0006 124B     		ldr	r3, .L109
 1855 0008 03EBC203 		add	r3, r3, r2, lsl #3
 1856 000c 5D6A     		ldr	r5, [r3, #36]
 1857              		.loc 1 1270 9 view .LVU561
 1858 000e 6A1C     		adds	r2, r5, #1
 1859              	.LVL202:
1271:./trace/SEGGER/SEGGER_RTT.c ****   if (WrOff == pRing->SizeOfBuffer) {
 1860              		.loc 1 1271 3 is_stmt 1 view .LVU562
 1861              		.loc 1 1271 21 is_stmt 0 view .LVU563
 1862 0010 1B6A     		ldr	r3, [r3, #32]
 1863              		.loc 1 1271 6 view .LVU564
 1864 0012 9342     		cmp	r3, r2
 1865 0014 17D0     		beq	.L108
 1866              	.LVL203:
 1867              	.L103:
1272:./trace/SEGGER/SEGGER_RTT.c ****     WrOff = 0;
1273:./trace/SEGGER/SEGGER_RTT.c ****   }
1274:./trace/SEGGER/SEGGER_RTT.c ****   //
1275:./trace/SEGGER/SEGGER_RTT.c ****   // Output byte if free space is available
1276:./trace/SEGGER/SEGGER_RTT.c ****   //
1277:./trace/SEGGER/SEGGER_RTT.c ****   if (WrOff != pRing->RdOff) {
 1868              		.loc 1 1277 3 is_stmt 1 view .LVU565
 1869              		.loc 1 1277 21 is_stmt 0 view .LVU566
 1870 0016 00EB400C 		add	ip, r0, r0, lsl #1
 1871 001a 0D4B     		ldr	r3, .L109
 1872 001c 03EBCC03 		add	r3, r3, ip, lsl #3
 1873 0020 9B6A     		ldr	r3, [r3, #40]
 1874              		.loc 1 1277 6 view .LVU567
 1875 0022 9342     		cmp	r3, r2
 1876 0024 11D0     		beq	.L106
1278:./trace/SEGGER/SEGGER_RTT.c ****     pDst = (pRing->pBuffer + pRing->WrOff) + SEGGER_RTT_UNCACHED_OFF;
 1877              		.loc 1 1278 5 is_stmt 1 view .LVU568
 1878              		.loc 1 1278 18 is_stmt 0 view .LVU569
 1879 0026 0A4C     		ldr	r4, .L109
 1880 0028 431C     		adds	r3, r0, #1
 1881 002a 03EB4303 		add	r3, r3, r3, lsl #1
 1882 002e 04EBC303 		add	r3, r4, r3, lsl #3
 1883 0032 5B68     		ldr	r3, [r3, #4]
 1884              	.LVL204:
1279:./trace/SEGGER/SEGGER_RTT.c ****     *pDst = c;
 1885              		.loc 1 1279 5 is_stmt 1 view .LVU570
 1886              		.loc 1 1279 11 is_stmt 0 view .LVU571
 1887 0034 5955     		strb	r1, [r3, r5]
1280:./trace/SEGGER/SEGGER_RTT.c ****     RTT__DMB();                     // Force data write to be complete before writing the <WrOff>, 
 1888              		.loc 1 1280 5 is_stmt 1 view .LVU572
 1889              		.syntax unified
 1890              	@ 1280 "./trace/SEGGER/SEGGER_RTT.c" 1
 1891 0036 BFF35F8F 		dmb
 1892              	
 1893              	@ 0 "" 2
 1894              		.loc 1 1280 15 view .LVU573
1281:./trace/SEGGER/SEGGER_RTT.c ****     pRing->WrOff = WrOff;
 1895              		.loc 1 1281 5 view .LVU574
 1896              		.loc 1 1281 18 is_stmt 0 view .LVU575
 1897              		.thumb
 1898              		.syntax unified
 1899 003a 04EBCC04 		add	r4, r4, ip, lsl #3
ARM GAS  /tmp/ccZ5iSyA.s 			page 61


 1900 003e 6262     		str	r2, [r4, #36]
1282:./trace/SEGGER/SEGGER_RTT.c ****     Status = 1;
 1901              		.loc 1 1282 5 is_stmt 1 view .LVU576
 1902              	.LVL205:
 1903              		.loc 1 1282 12 is_stmt 0 view .LVU577
 1904 0040 0120     		movs	r0, #1
 1905              	.LVL206:
 1906              	.L102:
1283:./trace/SEGGER/SEGGER_RTT.c ****   } else {
1284:./trace/SEGGER/SEGGER_RTT.c ****     Status = 0;
1285:./trace/SEGGER/SEGGER_RTT.c ****   }
1286:./trace/SEGGER/SEGGER_RTT.c ****   //
1287:./trace/SEGGER/SEGGER_RTT.c ****   return Status;
1288:./trace/SEGGER/SEGGER_RTT.c **** }
 1907              		.loc 1 1288 1 view .LVU578
 1908 0042 30BC     		pop	{r4, r5}
 1909              	.LCFI17:
 1910              		.cfi_remember_state
 1911              		.cfi_restore 5
 1912              		.cfi_restore 4
 1913              		.cfi_def_cfa_offset 0
 1914 0044 7047     		bx	lr
 1915              	.LVL207:
 1916              	.L108:
 1917              	.LCFI18:
 1918              		.cfi_restore_state
1272:./trace/SEGGER/SEGGER_RTT.c ****   }
 1919              		.loc 1 1272 11 view .LVU579
 1920 0046 0022     		movs	r2, #0
 1921              	.LVL208:
1272:./trace/SEGGER/SEGGER_RTT.c ****   }
 1922              		.loc 1 1272 11 view .LVU580
 1923 0048 E5E7     		b	.L103
 1924              	.LVL209:
 1925              	.L106:
1284:./trace/SEGGER/SEGGER_RTT.c ****   }
 1926              		.loc 1 1284 12 view .LVU581
 1927 004a 0020     		movs	r0, #0
 1928              	.LVL210:
1287:./trace/SEGGER/SEGGER_RTT.c **** }
 1929              		.loc 1 1287 3 is_stmt 1 view .LVU582
1287:./trace/SEGGER/SEGGER_RTT.c **** }
 1930              		.loc 1 1287 10 is_stmt 0 view .LVU583
 1931 004c F9E7     		b	.L102
 1932              	.L110:
 1933 004e 00BF     		.align	2
 1934              	.L109:
 1935 0050 00000000 		.word	_SEGGER_RTT
 1936              		.cfi_endproc
 1937              	.LFE15:
 1939              		.section	.text.SEGGER_RTT_PutCharSkip,"ax",%progbits
 1940              		.align	1
 1941              		.global	SEGGER_RTT_PutCharSkip
 1942              		.syntax unified
 1943              		.thumb
 1944              		.thumb_func
 1946              	SEGGER_RTT_PutCharSkip:
ARM GAS  /tmp/ccZ5iSyA.s 			page 62


 1947              	.LVL211:
 1948              	.LFB16:
1289:./trace/SEGGER/SEGGER_RTT.c **** 
1290:./trace/SEGGER/SEGGER_RTT.c **** /*********************************************************************
1291:./trace/SEGGER/SEGGER_RTT.c **** *
1292:./trace/SEGGER/SEGGER_RTT.c **** *       SEGGER_RTT_PutCharSkip
1293:./trace/SEGGER/SEGGER_RTT.c **** *
1294:./trace/SEGGER/SEGGER_RTT.c **** *  Function description
1295:./trace/SEGGER/SEGGER_RTT.c **** *    Stores a single character/byte in SEGGER RTT buffer.
1296:./trace/SEGGER/SEGGER_RTT.c **** *
1297:./trace/SEGGER/SEGGER_RTT.c **** *  Parameters
1298:./trace/SEGGER/SEGGER_RTT.c **** *    BufferIndex  Index of "Up"-buffer to be used (e.g. 0 for "Terminal").
1299:./trace/SEGGER/SEGGER_RTT.c **** *    c            Byte to be stored.
1300:./trace/SEGGER/SEGGER_RTT.c **** *
1301:./trace/SEGGER/SEGGER_RTT.c **** *  Return value
1302:./trace/SEGGER/SEGGER_RTT.c **** *    Number of bytes which have been stored in the "Up"-buffer.
1303:./trace/SEGGER/SEGGER_RTT.c **** *
1304:./trace/SEGGER/SEGGER_RTT.c **** *  Notes
1305:./trace/SEGGER/SEGGER_RTT.c **** *    (1) If there is not enough space in the "Up"-buffer, the character is dropped.
1306:./trace/SEGGER/SEGGER_RTT.c **** */
1307:./trace/SEGGER/SEGGER_RTT.c **** 
1308:./trace/SEGGER/SEGGER_RTT.c **** unsigned SEGGER_RTT_PutCharSkip(unsigned BufferIndex, char c) {
 1949              		.loc 1 1308 63 is_stmt 1 view -0
 1950              		.cfi_startproc
 1951              		@ args = 0, pretend = 0, frame = 0
 1952              		@ frame_needed = 0, uses_anonymous_args = 0
 1953              		.loc 1 1308 63 is_stmt 0 view .LVU585
 1954 0000 70B5     		push	{r4, r5, r6, lr}
 1955              	.LCFI19:
 1956              		.cfi_def_cfa_offset 16
 1957              		.cfi_offset 4, -16
 1958              		.cfi_offset 5, -12
 1959              		.cfi_offset 6, -8
 1960              		.cfi_offset 14, -4
 1961 0002 0446     		mov	r4, r0
 1962 0004 0D46     		mov	r5, r1
1309:./trace/SEGGER/SEGGER_RTT.c ****   SEGGER_RTT_BUFFER_UP* pRing;
 1963              		.loc 1 1309 3 is_stmt 1 view .LVU586
1310:./trace/SEGGER/SEGGER_RTT.c ****   unsigned              WrOff;
 1964              		.loc 1 1310 3 view .LVU587
1311:./trace/SEGGER/SEGGER_RTT.c ****   unsigned              Status;
 1965              		.loc 1 1311 3 view .LVU588
1312:./trace/SEGGER/SEGGER_RTT.c ****   volatile char*        pDst;
 1966              		.loc 1 1312 3 view .LVU589
1313:./trace/SEGGER/SEGGER_RTT.c ****   //
1314:./trace/SEGGER/SEGGER_RTT.c ****   // Prepare
1315:./trace/SEGGER/SEGGER_RTT.c ****   //
1316:./trace/SEGGER/SEGGER_RTT.c ****   INIT();
 1967              		.loc 1 1316 3 view .LVU590
 1968              	.LBB14:
 1969              		.loc 1 1316 3 view .LVU591
 1970              		.loc 1 1316 3 view .LVU592
 1971              	.LVL212:
 1972              		.loc 1 1316 3 view .LVU593
 1973 0006 1B4B     		ldr	r3, .L120
 1974 0008 1B78     		ldrb	r3, [r3]	@ zero_extendqisi2
 1975 000a 532B     		cmp	r3, #83
ARM GAS  /tmp/ccZ5iSyA.s 			page 63


 1976 000c 2AD1     		bne	.L118
 1977              	.LVL213:
 1978              	.L112:
 1979              		.loc 1 1316 3 is_stmt 0 view .LVU594
 1980              	.LBE14:
 1981              		.loc 1 1316 3 is_stmt 1 discriminator 3 view .LVU595
 1982              	.LBB15:
1317:./trace/SEGGER/SEGGER_RTT.c ****   SEGGER_RTT_LOCK();
 1983              		.loc 1 1317 3 view .LVU596
 1984              		.loc 1 1317 3 view .LVU597
 1985              		.syntax unified
 1986              	@ 1317 "./trace/SEGGER/SEGGER_RTT.c" 1
 1987 000e EFF31182 		mrs   r2, basepri  
 1988 0012 4FF02001 		mov   r1, #32       
 1989 0016 81F31188 		msr   basepri, r1  
 1990              		
 1991              	@ 0 "" 2
 1992              	.LVL214:
 1993              		.loc 1 1317 20 view .LVU598
1318:./trace/SEGGER/SEGGER_RTT.c ****   //
1319:./trace/SEGGER/SEGGER_RTT.c ****   // Get "to-host" ring buffer.
1320:./trace/SEGGER/SEGGER_RTT.c ****   //
1321:./trace/SEGGER/SEGGER_RTT.c ****   pRing = (SEGGER_RTT_BUFFER_UP*)((uintptr_t)&_SEGGER_RTT.aUp[BufferIndex] + SEGGER_RTT_UNCACHED_OF
 1994              		.loc 1 1321 3 view .LVU599
1322:./trace/SEGGER/SEGGER_RTT.c ****   //
1323:./trace/SEGGER/SEGGER_RTT.c ****   // Get write position and handle wrap-around if necessary
1324:./trace/SEGGER/SEGGER_RTT.c ****   //
1325:./trace/SEGGER/SEGGER_RTT.c ****   WrOff = pRing->WrOff + 1;
 1995              		.loc 1 1325 3 view .LVU600
 1996              		.loc 1 1325 16 is_stmt 0 view .LVU601
 1997              		.thumb
 1998              		.syntax unified
 1999 001a 04EB4401 		add	r1, r4, r4, lsl #1
 2000 001e 154B     		ldr	r3, .L120
 2001 0020 03EBC103 		add	r3, r3, r1, lsl #3
 2002 0024 5E6A     		ldr	r6, [r3, #36]
 2003              		.loc 1 1325 9 view .LVU602
 2004 0026 711C     		adds	r1, r6, #1
 2005              	.LVL215:
1326:./trace/SEGGER/SEGGER_RTT.c ****   if (WrOff == pRing->SizeOfBuffer) {
 2006              		.loc 1 1326 3 is_stmt 1 view .LVU603
 2007              		.loc 1 1326 21 is_stmt 0 view .LVU604
 2008 0028 1B6A     		ldr	r3, [r3, #32]
 2009              		.loc 1 1326 6 view .LVU605
 2010 002a 8B42     		cmp	r3, r1
 2011 002c 1DD0     		beq	.L119
 2012              	.LVL216:
 2013              	.L113:
1327:./trace/SEGGER/SEGGER_RTT.c ****     WrOff = 0;
1328:./trace/SEGGER/SEGGER_RTT.c ****   }
1329:./trace/SEGGER/SEGGER_RTT.c ****   //
1330:./trace/SEGGER/SEGGER_RTT.c ****   // Output byte if free space is available
1331:./trace/SEGGER/SEGGER_RTT.c ****   //
1332:./trace/SEGGER/SEGGER_RTT.c ****   if (WrOff != pRing->RdOff) {
 2014              		.loc 1 1332 3 is_stmt 1 view .LVU606
 2015              		.loc 1 1332 21 is_stmt 0 view .LVU607
 2016 002e 04EB4400 		add	r0, r4, r4, lsl #1
ARM GAS  /tmp/ccZ5iSyA.s 			page 64


 2017 0032 104B     		ldr	r3, .L120
 2018 0034 03EBC003 		add	r3, r3, r0, lsl #3
 2019 0038 9B6A     		ldr	r3, [r3, #40]
 2020              		.loc 1 1332 6 view .LVU608
 2021 003a 8B42     		cmp	r3, r1
 2022 003c 17D0     		beq	.L116
1333:./trace/SEGGER/SEGGER_RTT.c ****     pDst  = (pRing->pBuffer + pRing->WrOff) + SEGGER_RTT_UNCACHED_OFF;
 2023              		.loc 1 1333 5 is_stmt 1 view .LVU609
 2024              		.loc 1 1333 19 is_stmt 0 view .LVU610
 2025 003e 0D48     		ldr	r0, .L120
 2026 0040 631C     		adds	r3, r4, #1
 2027 0042 03EB4303 		add	r3, r3, r3, lsl #1
 2028 0046 00EBC303 		add	r3, r0, r3, lsl #3
 2029 004a 5B68     		ldr	r3, [r3, #4]
 2030              	.LVL217:
1334:./trace/SEGGER/SEGGER_RTT.c ****     *pDst = c;
 2031              		.loc 1 1334 5 is_stmt 1 view .LVU611
 2032              		.loc 1 1334 11 is_stmt 0 view .LVU612
 2033 004c 9D55     		strb	r5, [r3, r6]
1335:./trace/SEGGER/SEGGER_RTT.c ****     RTT__DMB();                     // Force data write to be complete before writing the <WrOff>, 
 2034              		.loc 1 1335 5 is_stmt 1 view .LVU613
 2035              		.syntax unified
 2036              	@ 1335 "./trace/SEGGER/SEGGER_RTT.c" 1
 2037 004e BFF35F8F 		dmb
 2038              	
 2039              	@ 0 "" 2
 2040              		.loc 1 1335 15 view .LVU614
1336:./trace/SEGGER/SEGGER_RTT.c ****     pRing->WrOff = WrOff;
 2041              		.loc 1 1336 5 view .LVU615
 2042              		.loc 1 1336 18 is_stmt 0 view .LVU616
 2043              		.thumb
 2044              		.syntax unified
 2045 0052 04EB4404 		add	r4, r4, r4, lsl #1
 2046              	.LVL218:
 2047              		.loc 1 1336 18 view .LVU617
 2048 0056 00EBC400 		add	r0, r0, r4, lsl #3
 2049 005a 4162     		str	r1, [r0, #36]
1337:./trace/SEGGER/SEGGER_RTT.c ****     Status = 1;
 2050              		.loc 1 1337 5 is_stmt 1 view .LVU618
 2051              	.LVL219:
 2052              		.loc 1 1337 12 is_stmt 0 view .LVU619
 2053 005c 0120     		movs	r0, #1
 2054              	.LVL220:
 2055              	.L114:
1338:./trace/SEGGER/SEGGER_RTT.c ****   } else {
1339:./trace/SEGGER/SEGGER_RTT.c ****     Status = 0;
1340:./trace/SEGGER/SEGGER_RTT.c ****   }
1341:./trace/SEGGER/SEGGER_RTT.c ****   //
1342:./trace/SEGGER/SEGGER_RTT.c ****   // Finish up.
1343:./trace/SEGGER/SEGGER_RTT.c ****   //
1344:./trace/SEGGER/SEGGER_RTT.c ****   SEGGER_RTT_UNLOCK();
 2056              		.loc 1 1344 3 is_stmt 1 view .LVU620
 2057              		.syntax unified
 2058              	@ 1344 "./trace/SEGGER/SEGGER_RTT.c" 1
 2059 005e 82F31188 		msr   basepri, r2  
 2060              		
 2061              	@ 0 "" 2
ARM GAS  /tmp/ccZ5iSyA.s 			page 65


 2062              		.thumb
 2063              		.syntax unified
 2064              	.LBE15:
 2065              		.loc 1 1344 22 view .LVU621
1345:./trace/SEGGER/SEGGER_RTT.c ****   //
1346:./trace/SEGGER/SEGGER_RTT.c ****   return Status;
 2066              		.loc 1 1346 3 view .LVU622
1347:./trace/SEGGER/SEGGER_RTT.c **** }
 2067              		.loc 1 1347 1 is_stmt 0 view .LVU623
 2068 0062 70BD     		pop	{r4, r5, r6, pc}
 2069              	.LVL221:
 2070              	.L118:
 2071              	.LBB16:
1316:./trace/SEGGER/SEGGER_RTT.c ****   SEGGER_RTT_LOCK();
 2072              		.loc 1 1316 3 is_stmt 1 discriminator 1 view .LVU624
 2073 0064 FFF7FEFF 		bl	_DoInit
 2074              	.LVL222:
1316:./trace/SEGGER/SEGGER_RTT.c ****   SEGGER_RTT_LOCK();
 2075              		.loc 1 1316 3 is_stmt 0 discriminator 1 view .LVU625
 2076 0068 D1E7     		b	.L112
 2077              	.LVL223:
 2078              	.L119:
1316:./trace/SEGGER/SEGGER_RTT.c ****   SEGGER_RTT_LOCK();
 2079              		.loc 1 1316 3 discriminator 1 view .LVU626
 2080              	.LBE16:
 2081              	.LBB17:
1327:./trace/SEGGER/SEGGER_RTT.c ****   }
 2082              		.loc 1 1327 11 view .LVU627
 2083 006a 0021     		movs	r1, #0
 2084              	.LVL224:
1327:./trace/SEGGER/SEGGER_RTT.c ****   }
 2085              		.loc 1 1327 11 view .LVU628
 2086 006c DFE7     		b	.L113
 2087              	.LVL225:
 2088              	.L116:
1339:./trace/SEGGER/SEGGER_RTT.c ****   }
 2089              		.loc 1 1339 12 view .LVU629
 2090 006e 0020     		movs	r0, #0
 2091 0070 F5E7     		b	.L114
 2092              	.L121:
 2093 0072 00BF     		.align	2
 2094              	.L120:
 2095 0074 00000000 		.word	_SEGGER_RTT
 2096              	.LBE17:
 2097              		.cfi_endproc
 2098              	.LFE16:
 2100              		.section	.text.SEGGER_RTT_PutChar,"ax",%progbits
 2101              		.align	1
 2102              		.global	SEGGER_RTT_PutChar
 2103              		.syntax unified
 2104              		.thumb
 2105              		.thumb_func
 2107              	SEGGER_RTT_PutChar:
 2108              	.LVL226:
 2109              	.LFB17:
1348:./trace/SEGGER/SEGGER_RTT.c **** 
1349:./trace/SEGGER/SEGGER_RTT.c ****  /*********************************************************************
ARM GAS  /tmp/ccZ5iSyA.s 			page 66


1350:./trace/SEGGER/SEGGER_RTT.c **** *
1351:./trace/SEGGER/SEGGER_RTT.c **** *       SEGGER_RTT_PutChar
1352:./trace/SEGGER/SEGGER_RTT.c **** *
1353:./trace/SEGGER/SEGGER_RTT.c **** *  Function description
1354:./trace/SEGGER/SEGGER_RTT.c **** *    Stores a single character/byte in SEGGER RTT buffer.
1355:./trace/SEGGER/SEGGER_RTT.c **** *
1356:./trace/SEGGER/SEGGER_RTT.c **** *  Parameters
1357:./trace/SEGGER/SEGGER_RTT.c **** *    BufferIndex  Index of "Up"-buffer to be used (e.g. 0 for "Terminal").
1358:./trace/SEGGER/SEGGER_RTT.c **** *    c            Byte to be stored.
1359:./trace/SEGGER/SEGGER_RTT.c **** *
1360:./trace/SEGGER/SEGGER_RTT.c **** *  Return value
1361:./trace/SEGGER/SEGGER_RTT.c **** *    Number of bytes which have been stored in the "Up"-buffer.
1362:./trace/SEGGER/SEGGER_RTT.c **** *
1363:./trace/SEGGER/SEGGER_RTT.c **** *  Notes
1364:./trace/SEGGER/SEGGER_RTT.c **** *    (1) Data is stored according to buffer flags.
1365:./trace/SEGGER/SEGGER_RTT.c **** */
1366:./trace/SEGGER/SEGGER_RTT.c **** 
1367:./trace/SEGGER/SEGGER_RTT.c **** unsigned SEGGER_RTT_PutChar(unsigned BufferIndex, char c) {
 2110              		.loc 1 1367 59 is_stmt 1 view -0
 2111              		.cfi_startproc
 2112              		@ args = 0, pretend = 0, frame = 0
 2113              		@ frame_needed = 0, uses_anonymous_args = 0
 2114              		.loc 1 1367 59 is_stmt 0 view .LVU631
 2115 0000 70B5     		push	{r4, r5, r6, lr}
 2116              	.LCFI20:
 2117              		.cfi_def_cfa_offset 16
 2118              		.cfi_offset 4, -16
 2119              		.cfi_offset 5, -12
 2120              		.cfi_offset 6, -8
 2121              		.cfi_offset 14, -4
 2122 0002 0446     		mov	r4, r0
 2123 0004 0D46     		mov	r5, r1
1368:./trace/SEGGER/SEGGER_RTT.c ****   SEGGER_RTT_BUFFER_UP* pRing;
 2124              		.loc 1 1368 3 is_stmt 1 view .LVU632
1369:./trace/SEGGER/SEGGER_RTT.c ****   unsigned              WrOff;
 2125              		.loc 1 1369 3 view .LVU633
1370:./trace/SEGGER/SEGGER_RTT.c ****   unsigned              Status;
 2126              		.loc 1 1370 3 view .LVU634
1371:./trace/SEGGER/SEGGER_RTT.c ****   volatile char*        pDst;
 2127              		.loc 1 1371 3 view .LVU635
1372:./trace/SEGGER/SEGGER_RTT.c ****   //
1373:./trace/SEGGER/SEGGER_RTT.c ****   // Prepare
1374:./trace/SEGGER/SEGGER_RTT.c ****   //
1375:./trace/SEGGER/SEGGER_RTT.c ****   INIT();
 2128              		.loc 1 1375 3 view .LVU636
 2129              	.LBB18:
 2130              		.loc 1 1375 3 view .LVU637
 2131              		.loc 1 1375 3 view .LVU638
 2132              	.LVL227:
 2133              		.loc 1 1375 3 view .LVU639
 2134 0006 244B     		ldr	r3, .L133
 2135 0008 1B78     		ldrb	r3, [r3]	@ zero_extendqisi2
 2136 000a 532B     		cmp	r3, #83
 2137 000c 33D1     		bne	.L131
 2138              	.LVL228:
 2139              	.L123:
 2140              		.loc 1 1375 3 is_stmt 0 view .LVU640
ARM GAS  /tmp/ccZ5iSyA.s 			page 67


 2141              	.LBE18:
 2142              		.loc 1 1375 3 is_stmt 1 discriminator 3 view .LVU641
 2143              	.LBB19:
1376:./trace/SEGGER/SEGGER_RTT.c ****   SEGGER_RTT_LOCK();
 2144              		.loc 1 1376 3 view .LVU642
 2145              		.loc 1 1376 3 view .LVU643
 2146              		.syntax unified
 2147              	@ 1376 "./trace/SEGGER/SEGGER_RTT.c" 1
 2148 000e EFF31183 		mrs   r3, basepri  
 2149 0012 4FF02001 		mov   r1, #32       
 2150 0016 81F31188 		msr   basepri, r1  
 2151              		
 2152              	@ 0 "" 2
 2153              		.thumb
 2154              		.syntax unified
 2155 001a 1946     		mov	r1, r3
 2156              	.LVL229:
 2157              		.loc 1 1376 20 view .LVU644
1377:./trace/SEGGER/SEGGER_RTT.c ****   //
1378:./trace/SEGGER/SEGGER_RTT.c ****   // Get "to-host" ring buffer.
1379:./trace/SEGGER/SEGGER_RTT.c ****   //
1380:./trace/SEGGER/SEGGER_RTT.c ****   pRing = (SEGGER_RTT_BUFFER_UP*)((uintptr_t)&_SEGGER_RTT.aUp[BufferIndex] + SEGGER_RTT_UNCACHED_OF
 2158              		.loc 1 1380 3 view .LVU645
1381:./trace/SEGGER/SEGGER_RTT.c ****   //
1382:./trace/SEGGER/SEGGER_RTT.c ****   // Get write position and handle wrap-around if necessary
1383:./trace/SEGGER/SEGGER_RTT.c ****   //
1384:./trace/SEGGER/SEGGER_RTT.c ****   WrOff = pRing->WrOff + 1;
 2159              		.loc 1 1384 3 view .LVU646
 2160              		.loc 1 1384 16 is_stmt 0 view .LVU647
 2161 001c 04EB4402 		add	r2, r4, r4, lsl #1
 2162 0020 1D4B     		ldr	r3, .L133
 2163 0022 03EBC203 		add	r3, r3, r2, lsl #3
 2164 0026 5E6A     		ldr	r6, [r3, #36]
 2165              		.loc 1 1384 9 view .LVU648
 2166 0028 701C     		adds	r0, r6, #1
 2167              	.LVL230:
1385:./trace/SEGGER/SEGGER_RTT.c ****   if (WrOff == pRing->SizeOfBuffer) {
 2168              		.loc 1 1385 3 is_stmt 1 view .LVU649
 2169              		.loc 1 1385 21 is_stmt 0 view .LVU650
 2170 002a 1B6A     		ldr	r3, [r3, #32]
 2171              		.loc 1 1385 6 view .LVU651
 2172 002c 8342     		cmp	r3, r0
 2173 002e 25D0     		beq	.L132
 2174              	.LVL231:
 2175              	.L124:
1386:./trace/SEGGER/SEGGER_RTT.c ****     WrOff = 0;
1387:./trace/SEGGER/SEGGER_RTT.c ****   }
1388:./trace/SEGGER/SEGGER_RTT.c ****   //
1389:./trace/SEGGER/SEGGER_RTT.c ****   // Wait for free space if mode is set to blocking
1390:./trace/SEGGER/SEGGER_RTT.c ****   //
1391:./trace/SEGGER/SEGGER_RTT.c ****   if (pRing->Flags == SEGGER_RTT_MODE_BLOCK_IF_FIFO_FULL) {
 2176              		.loc 1 1391 3 is_stmt 1 view .LVU652
 2177              		.loc 1 1391 12 is_stmt 0 view .LVU653
 2178 0030 04EB4402 		add	r2, r4, r4, lsl #1
 2179 0034 184B     		ldr	r3, .L133
 2180 0036 03EBC203 		add	r3, r3, r2, lsl #3
 2181 003a DB6A     		ldr	r3, [r3, #44]
ARM GAS  /tmp/ccZ5iSyA.s 			page 68


 2182              		.loc 1 1391 6 view .LVU654
 2183 003c 022B     		cmp	r3, #2
 2184 003e 1FD0     		beq	.L126
 2185              	.L125:
1392:./trace/SEGGER/SEGGER_RTT.c ****     while (WrOff == pRing->RdOff) {
1393:./trace/SEGGER/SEGGER_RTT.c ****       ;
1394:./trace/SEGGER/SEGGER_RTT.c ****     }
1395:./trace/SEGGER/SEGGER_RTT.c ****   }
1396:./trace/SEGGER/SEGGER_RTT.c ****   //
1397:./trace/SEGGER/SEGGER_RTT.c ****   // Output byte if free space is available
1398:./trace/SEGGER/SEGGER_RTT.c ****   //
1399:./trace/SEGGER/SEGGER_RTT.c ****   if (WrOff != pRing->RdOff) {
 2186              		.loc 1 1399 3 is_stmt 1 view .LVU655
 2187              		.loc 1 1399 21 is_stmt 0 view .LVU656
 2188 0040 04EB4402 		add	r2, r4, r4, lsl #1
 2189 0044 144B     		ldr	r3, .L133
 2190 0046 03EBC203 		add	r3, r3, r2, lsl #3
 2191 004a 9B6A     		ldr	r3, [r3, #40]
 2192              		.loc 1 1399 6 view .LVU657
 2193 004c 8342     		cmp	r3, r0
 2194 004e 20D0     		beq	.L129
1400:./trace/SEGGER/SEGGER_RTT.c ****     pDst  = (pRing->pBuffer + pRing->WrOff) + SEGGER_RTT_UNCACHED_OFF;
 2195              		.loc 1 1400 5 is_stmt 1 view .LVU658
 2196              		.loc 1 1400 19 is_stmt 0 view .LVU659
 2197 0050 114A     		ldr	r2, .L133
 2198 0052 631C     		adds	r3, r4, #1
 2199 0054 03EB4303 		add	r3, r3, r3, lsl #1
 2200 0058 02EBC303 		add	r3, r2, r3, lsl #3
 2201 005c 5B68     		ldr	r3, [r3, #4]
 2202              	.LVL232:
1401:./trace/SEGGER/SEGGER_RTT.c ****     *pDst = c;
 2203              		.loc 1 1401 5 is_stmt 1 view .LVU660
 2204              		.loc 1 1401 11 is_stmt 0 view .LVU661
 2205 005e 9D55     		strb	r5, [r3, r6]
1402:./trace/SEGGER/SEGGER_RTT.c ****     RTT__DMB();                     // Force data write to be complete before writing the <WrOff>, 
 2206              		.loc 1 1402 5 is_stmt 1 view .LVU662
 2207              		.syntax unified
 2208              	@ 1402 "./trace/SEGGER/SEGGER_RTT.c" 1
 2209 0060 BFF35F8F 		dmb
 2210              	
 2211              	@ 0 "" 2
 2212              		.loc 1 1402 15 view .LVU663
1403:./trace/SEGGER/SEGGER_RTT.c ****     pRing->WrOff = WrOff;
 2213              		.loc 1 1403 5 view .LVU664
 2214              		.loc 1 1403 18 is_stmt 0 view .LVU665
 2215              		.thumb
 2216              		.syntax unified
 2217 0064 04EB4404 		add	r4, r4, r4, lsl #1
 2218              	.LVL233:
 2219              		.loc 1 1403 18 view .LVU666
 2220 0068 02EBC402 		add	r2, r2, r4, lsl #3
 2221 006c 5062     		str	r0, [r2, #36]
1404:./trace/SEGGER/SEGGER_RTT.c ****     Status = 1;
 2222              		.loc 1 1404 5 is_stmt 1 view .LVU667
 2223              	.LVL234:
 2224              		.loc 1 1404 12 is_stmt 0 view .LVU668
 2225 006e 0120     		movs	r0, #1
ARM GAS  /tmp/ccZ5iSyA.s 			page 69


 2226              	.LVL235:
 2227              	.L127:
1405:./trace/SEGGER/SEGGER_RTT.c ****   } else {
1406:./trace/SEGGER/SEGGER_RTT.c ****     Status = 0;
1407:./trace/SEGGER/SEGGER_RTT.c ****   }
1408:./trace/SEGGER/SEGGER_RTT.c ****   //
1409:./trace/SEGGER/SEGGER_RTT.c ****   // Finish up.
1410:./trace/SEGGER/SEGGER_RTT.c ****   //
1411:./trace/SEGGER/SEGGER_RTT.c ****   SEGGER_RTT_UNLOCK();
 2228              		.loc 1 1411 3 is_stmt 1 view .LVU669
 2229              		.syntax unified
 2230              	@ 1411 "./trace/SEGGER/SEGGER_RTT.c" 1
 2231 0070 81F31188 		msr   basepri, r1  
 2232              		
 2233              	@ 0 "" 2
 2234              		.thumb
 2235              		.syntax unified
 2236              	.LBE19:
 2237              		.loc 1 1411 22 view .LVU670
1412:./trace/SEGGER/SEGGER_RTT.c ****   return Status;
 2238              		.loc 1 1412 3 view .LVU671
1413:./trace/SEGGER/SEGGER_RTT.c **** }
 2239              		.loc 1 1413 1 is_stmt 0 view .LVU672
 2240 0074 70BD     		pop	{r4, r5, r6, pc}
 2241              	.LVL236:
 2242              	.L131:
 2243              	.LBB20:
1375:./trace/SEGGER/SEGGER_RTT.c ****   SEGGER_RTT_LOCK();
 2244              		.loc 1 1375 3 is_stmt 1 discriminator 1 view .LVU673
 2245 0076 FFF7FEFF 		bl	_DoInit
 2246              	.LVL237:
1375:./trace/SEGGER/SEGGER_RTT.c ****   SEGGER_RTT_LOCK();
 2247              		.loc 1 1375 3 is_stmt 0 discriminator 1 view .LVU674
 2248 007a C8E7     		b	.L123
 2249              	.LVL238:
 2250              	.L132:
1375:./trace/SEGGER/SEGGER_RTT.c ****   SEGGER_RTT_LOCK();
 2251              		.loc 1 1375 3 discriminator 1 view .LVU675
 2252              	.LBE20:
 2253              	.LBB21:
1386:./trace/SEGGER/SEGGER_RTT.c ****   }
 2254              		.loc 1 1386 11 view .LVU676
 2255 007c 0020     		movs	r0, #0
 2256              	.LVL239:
1386:./trace/SEGGER/SEGGER_RTT.c ****   }
 2257              		.loc 1 1386 11 view .LVU677
 2258 007e D7E7     		b	.L124
 2259              	.LVL240:
 2260              	.L126:
1393:./trace/SEGGER/SEGGER_RTT.c ****     }
 2261              		.loc 1 1393 7 is_stmt 1 view .LVU678
1392:./trace/SEGGER/SEGGER_RTT.c ****       ;
 2262              		.loc 1 1392 18 discriminator 1 view .LVU679
1392:./trace/SEGGER/SEGGER_RTT.c ****       ;
 2263              		.loc 1 1392 26 is_stmt 0 discriminator 1 view .LVU680
 2264 0080 04EB4402 		add	r2, r4, r4, lsl #1
 2265 0084 044B     		ldr	r3, .L133
ARM GAS  /tmp/ccZ5iSyA.s 			page 70


 2266 0086 03EBC203 		add	r3, r3, r2, lsl #3
 2267 008a 9B6A     		ldr	r3, [r3, #40]
1392:./trace/SEGGER/SEGGER_RTT.c ****       ;
 2268              		.loc 1 1392 18 discriminator 1 view .LVU681
 2269 008c 8342     		cmp	r3, r0
 2270 008e F7D0     		beq	.L126
 2271 0090 D6E7     		b	.L125
 2272              	.L129:
1406:./trace/SEGGER/SEGGER_RTT.c ****   }
 2273              		.loc 1 1406 12 view .LVU682
 2274 0092 0020     		movs	r0, #0
 2275              	.LVL241:
1406:./trace/SEGGER/SEGGER_RTT.c ****   }
 2276              		.loc 1 1406 12 view .LVU683
 2277 0094 ECE7     		b	.L127
 2278              	.L134:
 2279 0096 00BF     		.align	2
 2280              	.L133:
 2281 0098 00000000 		.word	_SEGGER_RTT
 2282              	.LBE21:
 2283              		.cfi_endproc
 2284              	.LFE17:
 2286              		.section	.text.SEGGER_RTT_GetKey,"ax",%progbits
 2287              		.align	1
 2288              		.global	SEGGER_RTT_GetKey
 2289              		.syntax unified
 2290              		.thumb
 2291              		.thumb_func
 2293              	SEGGER_RTT_GetKey:
 2294              	.LFB18:
1414:./trace/SEGGER/SEGGER_RTT.c **** 
1415:./trace/SEGGER/SEGGER_RTT.c **** /*********************************************************************
1416:./trace/SEGGER/SEGGER_RTT.c **** *
1417:./trace/SEGGER/SEGGER_RTT.c **** *       SEGGER_RTT_GetKey
1418:./trace/SEGGER/SEGGER_RTT.c **** *
1419:./trace/SEGGER/SEGGER_RTT.c **** *  Function description
1420:./trace/SEGGER/SEGGER_RTT.c **** *    Reads one character from the SEGGER RTT buffer.
1421:./trace/SEGGER/SEGGER_RTT.c **** *    Host has previously stored data there.
1422:./trace/SEGGER/SEGGER_RTT.c **** *
1423:./trace/SEGGER/SEGGER_RTT.c **** *  Return value
1424:./trace/SEGGER/SEGGER_RTT.c **** *    <  0 -   No character available (buffer empty).
1425:./trace/SEGGER/SEGGER_RTT.c **** *    >= 0 -   Character which has been read. (Possible values: 0 - 255)
1426:./trace/SEGGER/SEGGER_RTT.c **** *
1427:./trace/SEGGER/SEGGER_RTT.c **** *  Notes
1428:./trace/SEGGER/SEGGER_RTT.c **** *    (1) This function is only specified for accesses to RTT buffer 0.
1429:./trace/SEGGER/SEGGER_RTT.c **** */
1430:./trace/SEGGER/SEGGER_RTT.c **** int SEGGER_RTT_GetKey(void) {
 2295              		.loc 1 1430 29 is_stmt 1 view -0
 2296              		.cfi_startproc
 2297              		@ args = 0, pretend = 0, frame = 8
 2298              		@ frame_needed = 0, uses_anonymous_args = 0
 2299 0000 00B5     		push	{lr}
 2300              	.LCFI21:
 2301              		.cfi_def_cfa_offset 4
 2302              		.cfi_offset 14, -4
 2303 0002 83B0     		sub	sp, sp, #12
 2304              	.LCFI22:
ARM GAS  /tmp/ccZ5iSyA.s 			page 71


 2305              		.cfi_def_cfa_offset 16
1431:./trace/SEGGER/SEGGER_RTT.c ****   char c;
 2306              		.loc 1 1431 3 view .LVU685
1432:./trace/SEGGER/SEGGER_RTT.c ****   int r;
 2307              		.loc 1 1432 3 view .LVU686
1433:./trace/SEGGER/SEGGER_RTT.c **** 
1434:./trace/SEGGER/SEGGER_RTT.c ****   r = (int)SEGGER_RTT_Read(0u, &c, 1u);
 2308              		.loc 1 1434 3 view .LVU687
 2309              		.loc 1 1434 12 is_stmt 0 view .LVU688
 2310 0004 0122     		movs	r2, #1
 2311 0006 0DF10701 		add	r1, sp, #7
 2312 000a 0020     		movs	r0, #0
 2313 000c FFF7FEFF 		bl	SEGGER_RTT_Read
 2314              	.LVL242:
1435:./trace/SEGGER/SEGGER_RTT.c ****   if (r == 1) {
 2315              		.loc 1 1435 3 is_stmt 1 view .LVU689
 2316              		.loc 1 1435 6 is_stmt 0 view .LVU690
 2317 0010 0128     		cmp	r0, #1
 2318 0012 04D1     		bne	.L137
1436:./trace/SEGGER/SEGGER_RTT.c ****     r = (int)(unsigned char)c;
 2319              		.loc 1 1436 5 is_stmt 1 view .LVU691
 2320              		.loc 1 1436 9 is_stmt 0 view .LVU692
 2321 0014 9DF80700 		ldrb	r0, [sp, #7]	@ zero_extendqisi2
 2322              	.LVL243:
 2323              	.L135:
1437:./trace/SEGGER/SEGGER_RTT.c ****   } else {
1438:./trace/SEGGER/SEGGER_RTT.c ****     r = -1;
1439:./trace/SEGGER/SEGGER_RTT.c ****   }
1440:./trace/SEGGER/SEGGER_RTT.c ****   return r;
1441:./trace/SEGGER/SEGGER_RTT.c **** }
 2324              		.loc 1 1441 1 view .LVU693
 2325 0018 03B0     		add	sp, sp, #12
 2326              	.LCFI23:
 2327              		.cfi_remember_state
 2328              		.cfi_def_cfa_offset 4
 2329              		@ sp needed
 2330 001a 5DF804FB 		ldr	pc, [sp], #4
 2331              	.LVL244:
 2332              	.L137:
 2333              	.LCFI24:
 2334              		.cfi_restore_state
1438:./trace/SEGGER/SEGGER_RTT.c ****   }
 2335              		.loc 1 1438 7 view .LVU694
 2336 001e 4FF0FF30 		mov	r0, #-1
 2337              	.LVL245:
1440:./trace/SEGGER/SEGGER_RTT.c **** }
 2338              		.loc 1 1440 3 is_stmt 1 view .LVU695
1440:./trace/SEGGER/SEGGER_RTT.c **** }
 2339              		.loc 1 1440 10 is_stmt 0 view .LVU696
 2340 0022 F9E7     		b	.L135
 2341              		.cfi_endproc
 2342              	.LFE18:
 2344              		.section	.text.SEGGER_RTT_WaitKey,"ax",%progbits
 2345              		.align	1
 2346              		.global	SEGGER_RTT_WaitKey
 2347              		.syntax unified
 2348              		.thumb
ARM GAS  /tmp/ccZ5iSyA.s 			page 72


 2349              		.thumb_func
 2351              	SEGGER_RTT_WaitKey:
 2352              	.LFB19:
1442:./trace/SEGGER/SEGGER_RTT.c **** 
1443:./trace/SEGGER/SEGGER_RTT.c **** /*********************************************************************
1444:./trace/SEGGER/SEGGER_RTT.c **** *
1445:./trace/SEGGER/SEGGER_RTT.c **** *       SEGGER_RTT_WaitKey
1446:./trace/SEGGER/SEGGER_RTT.c **** *
1447:./trace/SEGGER/SEGGER_RTT.c **** *  Function description
1448:./trace/SEGGER/SEGGER_RTT.c **** *    Waits until at least one character is avaible in the SEGGER RTT buffer.
1449:./trace/SEGGER/SEGGER_RTT.c **** *    Once a character is available, it is read and this function returns.
1450:./trace/SEGGER/SEGGER_RTT.c **** *
1451:./trace/SEGGER/SEGGER_RTT.c **** *  Return value
1452:./trace/SEGGER/SEGGER_RTT.c **** *    >=0 -   Character which has been read.
1453:./trace/SEGGER/SEGGER_RTT.c **** *
1454:./trace/SEGGER/SEGGER_RTT.c **** *  Notes
1455:./trace/SEGGER/SEGGER_RTT.c **** *    (1) This function is only specified for accesses to RTT buffer 0
1456:./trace/SEGGER/SEGGER_RTT.c **** *    (2) This function is blocking if no character is present in RTT buffer
1457:./trace/SEGGER/SEGGER_RTT.c **** */
1458:./trace/SEGGER/SEGGER_RTT.c **** int SEGGER_RTT_WaitKey(void) {
 2353              		.loc 1 1458 30 is_stmt 1 view -0
 2354              		.cfi_startproc
 2355              		@ args = 0, pretend = 0, frame = 0
 2356              		@ frame_needed = 0, uses_anonymous_args = 0
 2357 0000 08B5     		push	{r3, lr}
 2358              	.LCFI25:
 2359              		.cfi_def_cfa_offset 8
 2360              		.cfi_offset 3, -8
 2361              		.cfi_offset 14, -4
 2362              	.L140:
1459:./trace/SEGGER/SEGGER_RTT.c ****   int r;
 2363              		.loc 1 1459 3 view .LVU698
1460:./trace/SEGGER/SEGGER_RTT.c **** 
1461:./trace/SEGGER/SEGGER_RTT.c ****   do {
 2364              		.loc 1 1461 3 view .LVU699
1462:./trace/SEGGER/SEGGER_RTT.c ****     r = SEGGER_RTT_GetKey();
 2365              		.loc 1 1462 5 view .LVU700
 2366              		.loc 1 1462 9 is_stmt 0 view .LVU701
 2367 0002 FFF7FEFF 		bl	SEGGER_RTT_GetKey
 2368              	.LVL246:
1463:./trace/SEGGER/SEGGER_RTT.c ****   } while (r < 0);
 2369              		.loc 1 1463 14 is_stmt 1 discriminator 1 view .LVU702
 2370 0006 0028     		cmp	r0, #0
 2371              		.loc 1 1463 14 is_stmt 0 discriminator 1 view .LVU703
 2372 0008 FBDB     		blt	.L140
1464:./trace/SEGGER/SEGGER_RTT.c ****   return r;
 2373              		.loc 1 1464 3 is_stmt 1 view .LVU704
1465:./trace/SEGGER/SEGGER_RTT.c **** }
 2374              		.loc 1 1465 1 is_stmt 0 view .LVU705
 2375 000a 08BD     		pop	{r3, pc}
 2376              		.cfi_endproc
 2377              	.LFE19:
 2379              		.section	.text.SEGGER_RTT_HasKey,"ax",%progbits
 2380              		.align	1
 2381              		.global	SEGGER_RTT_HasKey
 2382              		.syntax unified
 2383              		.thumb
ARM GAS  /tmp/ccZ5iSyA.s 			page 73


 2384              		.thumb_func
 2386              	SEGGER_RTT_HasKey:
 2387              	.LFB20:
1466:./trace/SEGGER/SEGGER_RTT.c **** 
1467:./trace/SEGGER/SEGGER_RTT.c **** /*********************************************************************
1468:./trace/SEGGER/SEGGER_RTT.c **** *
1469:./trace/SEGGER/SEGGER_RTT.c **** *       SEGGER_RTT_HasKey
1470:./trace/SEGGER/SEGGER_RTT.c **** *
1471:./trace/SEGGER/SEGGER_RTT.c **** *  Function description
1472:./trace/SEGGER/SEGGER_RTT.c **** *    Checks if at least one character for reading is available in the SEGGER RTT buffer.
1473:./trace/SEGGER/SEGGER_RTT.c **** *
1474:./trace/SEGGER/SEGGER_RTT.c **** *  Return value
1475:./trace/SEGGER/SEGGER_RTT.c **** *    == 0 -     No characters are available to read.
1476:./trace/SEGGER/SEGGER_RTT.c **** *    == 1 -     At least one character is available.
1477:./trace/SEGGER/SEGGER_RTT.c **** *
1478:./trace/SEGGER/SEGGER_RTT.c **** *  Notes
1479:./trace/SEGGER/SEGGER_RTT.c **** *    (1) This function is only specified for accesses to RTT buffer 0
1480:./trace/SEGGER/SEGGER_RTT.c **** */
1481:./trace/SEGGER/SEGGER_RTT.c **** int SEGGER_RTT_HasKey(void) {
 2388              		.loc 1 1481 29 is_stmt 1 view -0
 2389              		.cfi_startproc
 2390              		@ args = 0, pretend = 0, frame = 0
 2391              		@ frame_needed = 0, uses_anonymous_args = 0
 2392 0000 08B5     		push	{r3, lr}
 2393              	.LCFI26:
 2394              		.cfi_def_cfa_offset 8
 2395              		.cfi_offset 3, -8
 2396              		.cfi_offset 14, -4
1482:./trace/SEGGER/SEGGER_RTT.c ****   SEGGER_RTT_BUFFER_DOWN* pRing;
 2397              		.loc 1 1482 3 view .LVU707
1483:./trace/SEGGER/SEGGER_RTT.c ****   unsigned RdOff;
 2398              		.loc 1 1483 3 view .LVU708
1484:./trace/SEGGER/SEGGER_RTT.c ****   int r;
 2399              		.loc 1 1484 3 view .LVU709
1485:./trace/SEGGER/SEGGER_RTT.c **** 
1486:./trace/SEGGER/SEGGER_RTT.c ****   INIT();
 2400              		.loc 1 1486 3 view .LVU710
 2401              	.LBB22:
 2402              		.loc 1 1486 3 view .LVU711
 2403              		.loc 1 1486 3 view .LVU712
 2404              	.LVL247:
 2405              		.loc 1 1486 3 view .LVU713
 2406 0002 084B     		ldr	r3, .L148
 2407 0004 1B78     		ldrb	r3, [r3]	@ zero_extendqisi2
 2408 0006 532B     		cmp	r3, #83
 2409 0008 06D1     		bne	.L147
 2410              	.L143:
 2411              	.LBE22:
 2412              		.loc 1 1486 3 discriminator 3 view .LVU714
1487:./trace/SEGGER/SEGGER_RTT.c ****   pRing = (SEGGER_RTT_BUFFER_DOWN*)((uintptr_t)&_SEGGER_RTT.aDown[0] + SEGGER_RTT_UNCACHED_OFF);  /
 2413              		.loc 1 1487 3 view .LVU715
 2414              	.LVL248:
1488:./trace/SEGGER/SEGGER_RTT.c ****   RdOff = pRing->RdOff;
 2415              		.loc 1 1488 3 view .LVU716
 2416              		.loc 1 1488 9 is_stmt 0 view .LVU717
 2417 000a 064B     		ldr	r3, .L148
 2418 000c 1A6F     		ldr	r2, [r3, #112]
ARM GAS  /tmp/ccZ5iSyA.s 			page 74


 2419              	.LVL249:
1489:./trace/SEGGER/SEGGER_RTT.c ****   if (RdOff != pRing->WrOff) {
 2420              		.loc 1 1489 3 is_stmt 1 view .LVU718
 2421              		.loc 1 1489 21 is_stmt 0 view .LVU719
 2422 000e DB6E     		ldr	r3, [r3, #108]
 2423              		.loc 1 1489 6 view .LVU720
 2424 0010 9342     		cmp	r3, r2
 2425 0012 04D0     		beq	.L145
1490:./trace/SEGGER/SEGGER_RTT.c ****     r = 1;
 2426              		.loc 1 1490 7 view .LVU721
 2427 0014 0120     		movs	r0, #1
 2428              	.L142:
1491:./trace/SEGGER/SEGGER_RTT.c ****   } else {
1492:./trace/SEGGER/SEGGER_RTT.c ****     r = 0;
1493:./trace/SEGGER/SEGGER_RTT.c ****   }
1494:./trace/SEGGER/SEGGER_RTT.c ****   return r;
1495:./trace/SEGGER/SEGGER_RTT.c **** }
 2429              		.loc 1 1495 1 view .LVU722
 2430 0016 08BD     		pop	{r3, pc}
 2431              	.LVL250:
 2432              	.L147:
 2433              	.LBB23:
1486:./trace/SEGGER/SEGGER_RTT.c ****   pRing = (SEGGER_RTT_BUFFER_DOWN*)((uintptr_t)&_SEGGER_RTT.aDown[0] + SEGGER_RTT_UNCACHED_OFF);  /
 2434              		.loc 1 1486 3 is_stmt 1 discriminator 1 view .LVU723
 2435 0018 FFF7FEFF 		bl	_DoInit
 2436              	.LVL251:
 2437 001c F5E7     		b	.L143
 2438              	.LVL252:
 2439              	.L145:
1486:./trace/SEGGER/SEGGER_RTT.c ****   pRing = (SEGGER_RTT_BUFFER_DOWN*)((uintptr_t)&_SEGGER_RTT.aDown[0] + SEGGER_RTT_UNCACHED_OFF);  /
 2440              		.loc 1 1486 3 is_stmt 0 discriminator 1 view .LVU724
 2441              	.LBE23:
1492:./trace/SEGGER/SEGGER_RTT.c ****   }
 2442              		.loc 1 1492 7 view .LVU725
 2443 001e 0020     		movs	r0, #0
 2444              	.LVL253:
1494:./trace/SEGGER/SEGGER_RTT.c **** }
 2445              		.loc 1 1494 3 is_stmt 1 view .LVU726
1494:./trace/SEGGER/SEGGER_RTT.c **** }
 2446              		.loc 1 1494 10 is_stmt 0 view .LVU727
 2447 0020 F9E7     		b	.L142
 2448              	.L149:
 2449 0022 00BF     		.align	2
 2450              	.L148:
 2451 0024 00000000 		.word	_SEGGER_RTT
 2452              		.cfi_endproc
 2453              	.LFE20:
 2455              		.section	.text.SEGGER_RTT_HasData,"ax",%progbits
 2456              		.align	1
 2457              		.global	SEGGER_RTT_HasData
 2458              		.syntax unified
 2459              		.thumb
 2460              		.thumb_func
 2462              	SEGGER_RTT_HasData:
 2463              	.LVL254:
 2464              	.LFB21:
1496:./trace/SEGGER/SEGGER_RTT.c **** 
ARM GAS  /tmp/ccZ5iSyA.s 			page 75


1497:./trace/SEGGER/SEGGER_RTT.c **** /*********************************************************************
1498:./trace/SEGGER/SEGGER_RTT.c **** *
1499:./trace/SEGGER/SEGGER_RTT.c **** *       SEGGER_RTT_HasData
1500:./trace/SEGGER/SEGGER_RTT.c **** *
1501:./trace/SEGGER/SEGGER_RTT.c **** *  Function description
1502:./trace/SEGGER/SEGGER_RTT.c **** *    Check if there is data from the host in the given buffer.
1503:./trace/SEGGER/SEGGER_RTT.c **** *
1504:./trace/SEGGER/SEGGER_RTT.c **** *  Return value:
1505:./trace/SEGGER/SEGGER_RTT.c **** *  ==0:  No data
1506:./trace/SEGGER/SEGGER_RTT.c **** *  !=0:  Data in buffer
1507:./trace/SEGGER/SEGGER_RTT.c **** *
1508:./trace/SEGGER/SEGGER_RTT.c **** */
1509:./trace/SEGGER/SEGGER_RTT.c **** unsigned SEGGER_RTT_HasData(unsigned BufferIndex) {
 2465              		.loc 1 1509 51 is_stmt 1 view -0
 2466              		.cfi_startproc
 2467              		@ args = 0, pretend = 0, frame = 0
 2468              		@ frame_needed = 0, uses_anonymous_args = 0
 2469              		@ link register save eliminated.
1510:./trace/SEGGER/SEGGER_RTT.c ****   SEGGER_RTT_BUFFER_DOWN* pRing;
 2470              		.loc 1 1510 3 view .LVU729
1511:./trace/SEGGER/SEGGER_RTT.c ****   unsigned                v;
 2471              		.loc 1 1511 3 view .LVU730
1512:./trace/SEGGER/SEGGER_RTT.c **** 
1513:./trace/SEGGER/SEGGER_RTT.c ****   pRing = (SEGGER_RTT_BUFFER_DOWN*)((uintptr_t)&_SEGGER_RTT.aDown[BufferIndex] + SEGGER_RTT_UNCACHE
 2472              		.loc 1 1513 3 view .LVU731
1514:./trace/SEGGER/SEGGER_RTT.c ****   v = pRing->WrOff;
 2473              		.loc 1 1514 3 view .LVU732
 2474              		.loc 1 1514 5 is_stmt 0 view .LVU733
 2475 0000 064B     		ldr	r3, .L151
 2476 0002 00EB4002 		add	r2, r0, r0, lsl #1
 2477 0006 03EBC202 		add	r2, r3, r2, lsl #3
 2478 000a D26E     		ldr	r2, [r2, #108]
 2479              	.LVL255:
1515:./trace/SEGGER/SEGGER_RTT.c ****   return v - pRing->RdOff;
 2480              		.loc 1 1515 3 is_stmt 1 view .LVU734
 2481              		.loc 1 1515 19 is_stmt 0 view .LVU735
 2482 000c 00EB4000 		add	r0, r0, r0, lsl #1
 2483              	.LVL256:
 2484              		.loc 1 1515 19 view .LVU736
 2485 0010 03EBC003 		add	r3, r3, r0, lsl #3
 2486 0014 186F     		ldr	r0, [r3, #112]
1516:./trace/SEGGER/SEGGER_RTT.c **** }
 2487              		.loc 1 1516 1 view .LVU737
 2488 0016 101A     		subs	r0, r2, r0
 2489 0018 7047     		bx	lr
 2490              	.L152:
 2491 001a 00BF     		.align	2
 2492              	.L151:
 2493 001c 00000000 		.word	_SEGGER_RTT
 2494              		.cfi_endproc
 2495              	.LFE21:
 2497              		.section	.text.SEGGER_RTT_HasDataUp,"ax",%progbits
 2498              		.align	1
 2499              		.global	SEGGER_RTT_HasDataUp
 2500              		.syntax unified
 2501              		.thumb
 2502              		.thumb_func
ARM GAS  /tmp/ccZ5iSyA.s 			page 76


 2504              	SEGGER_RTT_HasDataUp:
 2505              	.LVL257:
 2506              	.LFB22:
1517:./trace/SEGGER/SEGGER_RTT.c **** 
1518:./trace/SEGGER/SEGGER_RTT.c **** /*********************************************************************
1519:./trace/SEGGER/SEGGER_RTT.c **** *
1520:./trace/SEGGER/SEGGER_RTT.c **** *       SEGGER_RTT_HasDataUp
1521:./trace/SEGGER/SEGGER_RTT.c **** *
1522:./trace/SEGGER/SEGGER_RTT.c **** *  Function description
1523:./trace/SEGGER/SEGGER_RTT.c **** *    Check if there is data remaining to be sent in the given buffer.
1524:./trace/SEGGER/SEGGER_RTT.c **** *
1525:./trace/SEGGER/SEGGER_RTT.c **** *  Return value:
1526:./trace/SEGGER/SEGGER_RTT.c **** *  ==0:  No data
1527:./trace/SEGGER/SEGGER_RTT.c **** *  !=0:  Data in buffer
1528:./trace/SEGGER/SEGGER_RTT.c **** *
1529:./trace/SEGGER/SEGGER_RTT.c **** */
1530:./trace/SEGGER/SEGGER_RTT.c **** unsigned SEGGER_RTT_HasDataUp(unsigned BufferIndex) {
 2507              		.loc 1 1530 53 is_stmt 1 view -0
 2508              		.cfi_startproc
 2509              		@ args = 0, pretend = 0, frame = 0
 2510              		@ frame_needed = 0, uses_anonymous_args = 0
 2511              		@ link register save eliminated.
1531:./trace/SEGGER/SEGGER_RTT.c ****   SEGGER_RTT_BUFFER_UP* pRing;
 2512              		.loc 1 1531 3 view .LVU739
1532:./trace/SEGGER/SEGGER_RTT.c ****   unsigned                v;
 2513              		.loc 1 1532 3 view .LVU740
1533:./trace/SEGGER/SEGGER_RTT.c **** 
1534:./trace/SEGGER/SEGGER_RTT.c ****   pRing = (SEGGER_RTT_BUFFER_UP*)((uintptr_t)&_SEGGER_RTT.aUp[BufferIndex] + SEGGER_RTT_UNCACHED_OF
 2514              		.loc 1 1534 3 view .LVU741
1535:./trace/SEGGER/SEGGER_RTT.c ****   v = pRing->RdOff;
 2515              		.loc 1 1535 3 view .LVU742
 2516              		.loc 1 1535 5 is_stmt 0 view .LVU743
 2517 0000 064B     		ldr	r3, .L154
 2518 0002 00EB4002 		add	r2, r0, r0, lsl #1
 2519 0006 03EBC202 		add	r2, r3, r2, lsl #3
 2520 000a 926A     		ldr	r2, [r2, #40]
 2521              	.LVL258:
1536:./trace/SEGGER/SEGGER_RTT.c ****   return pRing->WrOff - v;
 2522              		.loc 1 1536 3 is_stmt 1 view .LVU744
 2523              		.loc 1 1536 15 is_stmt 0 view .LVU745
 2524 000c 00EB4000 		add	r0, r0, r0, lsl #1
 2525              	.LVL259:
 2526              		.loc 1 1536 15 view .LVU746
 2527 0010 03EBC003 		add	r3, r3, r0, lsl #3
 2528 0014 586A     		ldr	r0, [r3, #36]
1537:./trace/SEGGER/SEGGER_RTT.c **** }
 2529              		.loc 1 1537 1 view .LVU747
 2530 0016 801A     		subs	r0, r0, r2
 2531 0018 7047     		bx	lr
 2532              	.L155:
 2533 001a 00BF     		.align	2
 2534              	.L154:
 2535 001c 00000000 		.word	_SEGGER_RTT
 2536              		.cfi_endproc
 2537              	.LFE22:
 2539              		.section	.text.SEGGER_RTT_AllocDownBuffer,"ax",%progbits
 2540              		.align	1
ARM GAS  /tmp/ccZ5iSyA.s 			page 77


 2541              		.global	SEGGER_RTT_AllocDownBuffer
 2542              		.syntax unified
 2543              		.thumb
 2544              		.thumb_func
 2546              	SEGGER_RTT_AllocDownBuffer:
 2547              	.LVL260:
 2548              	.LFB23:
1538:./trace/SEGGER/SEGGER_RTT.c **** 
1539:./trace/SEGGER/SEGGER_RTT.c **** /*********************************************************************
1540:./trace/SEGGER/SEGGER_RTT.c **** *
1541:./trace/SEGGER/SEGGER_RTT.c **** *       SEGGER_RTT_AllocDownBuffer
1542:./trace/SEGGER/SEGGER_RTT.c **** *
1543:./trace/SEGGER/SEGGER_RTT.c **** *  Function description
1544:./trace/SEGGER/SEGGER_RTT.c **** *    Run-time configuration of the next down-buffer (H->T).
1545:./trace/SEGGER/SEGGER_RTT.c **** *    The next buffer, which is not used yet is configured.
1546:./trace/SEGGER/SEGGER_RTT.c **** *    This includes: Buffer address, size, name, flags, ...
1547:./trace/SEGGER/SEGGER_RTT.c **** *
1548:./trace/SEGGER/SEGGER_RTT.c **** *  Parameters
1549:./trace/SEGGER/SEGGER_RTT.c **** *    sName        Pointer to a constant name string.
1550:./trace/SEGGER/SEGGER_RTT.c **** *    pBuffer      Pointer to a buffer to be used.
1551:./trace/SEGGER/SEGGER_RTT.c **** *    BufferSize   Size of the buffer.
1552:./trace/SEGGER/SEGGER_RTT.c **** *    Flags        Operating modes. Define behavior if buffer is full (not enough space for entire m
1553:./trace/SEGGER/SEGGER_RTT.c **** *                 Flags[31:24] are used for validity check and must be zero. Flags[23:2] are reserv
1554:./trace/SEGGER/SEGGER_RTT.c **** *
1555:./trace/SEGGER/SEGGER_RTT.c **** *  Return value
1556:./trace/SEGGER/SEGGER_RTT.c **** *    >= 0 - O.K. Buffer Index
1557:./trace/SEGGER/SEGGER_RTT.c **** *     < 0 - Error
1558:./trace/SEGGER/SEGGER_RTT.c **** */
1559:./trace/SEGGER/SEGGER_RTT.c **** int SEGGER_RTT_AllocDownBuffer(const char* sName, void* pBuffer, unsigned BufferSize, unsigned Flag
 2549              		.loc 1 1559 103 is_stmt 1 view -0
 2550              		.cfi_startproc
 2551              		@ args = 0, pretend = 0, frame = 0
 2552              		@ frame_needed = 0, uses_anonymous_args = 0
 2553              		.loc 1 1559 103 is_stmt 0 view .LVU749
 2554 0000 2DE9F041 		push	{r4, r5, r6, r7, r8, lr}
 2555              	.LCFI27:
 2556              		.cfi_def_cfa_offset 24
 2557              		.cfi_offset 4, -24
 2558              		.cfi_offset 5, -20
 2559              		.cfi_offset 6, -16
 2560              		.cfi_offset 7, -12
 2561              		.cfi_offset 8, -8
 2562              		.cfi_offset 14, -4
 2563 0004 8046     		mov	r8, r0
 2564 0006 0F46     		mov	r7, r1
 2565 0008 1646     		mov	r6, r2
 2566 000a 1D46     		mov	r5, r3
1560:./trace/SEGGER/SEGGER_RTT.c ****   int BufferIndex;
 2567              		.loc 1 1560 3 is_stmt 1 view .LVU750
1561:./trace/SEGGER/SEGGER_RTT.c ****   volatile SEGGER_RTT_CB* pRTTCB;
 2568              		.loc 1 1561 3 view .LVU751
1562:./trace/SEGGER/SEGGER_RTT.c **** 
1563:./trace/SEGGER/SEGGER_RTT.c ****   INIT();
 2569              		.loc 1 1563 3 view .LVU752
 2570              	.LBB24:
 2571              		.loc 1 1563 3 view .LVU753
 2572              		.loc 1 1563 3 view .LVU754
ARM GAS  /tmp/ccZ5iSyA.s 			page 78


 2573              	.LVL261:
 2574              		.loc 1 1563 3 view .LVU755
 2575 000c 194B     		ldr	r3, .L164
 2576              	.LVL262:
 2577              		.loc 1 1563 3 is_stmt 0 view .LVU756
 2578 000e 1B78     		ldrb	r3, [r3]	@ zero_extendqisi2
 2579 0010 532B     		cmp	r3, #83
 2580 0012 29D1     		bne	.L163
 2581              	.LVL263:
 2582              	.L157:
 2583              		.loc 1 1563 3 view .LVU757
 2584              	.LBE24:
 2585              		.loc 1 1563 3 is_stmt 1 discriminator 3 view .LVU758
 2586              	.LBB25:
1564:./trace/SEGGER/SEGGER_RTT.c ****   SEGGER_RTT_LOCK();
 2587              		.loc 1 1564 3 view .LVU759
 2588              		.loc 1 1564 3 view .LVU760
 2589              		.syntax unified
 2590              	@ 1564 "./trace/SEGGER/SEGGER_RTT.c" 1
 2591 0014 EFF31182 		mrs   r2, basepri  
 2592 0018 4FF02001 		mov   r1, #32       
 2593 001c 81F31188 		msr   basepri, r1  
 2594              		
 2595              	@ 0 "" 2
 2596              	.LVL264:
 2597              		.loc 1 1564 20 view .LVU761
1565:./trace/SEGGER/SEGGER_RTT.c ****   pRTTCB = (volatile SEGGER_RTT_CB*)((uintptr_t)&_SEGGER_RTT + SEGGER_RTT_UNCACHED_OFF);  // Access
 2598              		.loc 1 1565 3 view .LVU762
1566:./trace/SEGGER/SEGGER_RTT.c ****   BufferIndex = 0;
 2599              		.loc 1 1566 3 view .LVU763
 2600              		.loc 1 1566 15 is_stmt 0 view .LVU764
 2601              		.thumb
 2602              		.syntax unified
 2603 0020 0020     		movs	r0, #0
 2604              	.LVL265:
 2605              	.L159:
1567:./trace/SEGGER/SEGGER_RTT.c ****   do {
 2606              		.loc 1 1567 3 is_stmt 1 view .LVU765
1568:./trace/SEGGER/SEGGER_RTT.c ****     if (pRTTCB->aDown[BufferIndex].pBuffer == NULL) {
 2607              		.loc 1 1568 5 view .LVU766
 2608              		.loc 1 1568 35 is_stmt 0 view .LVU767
 2609 0022 00EB400C 		add	ip, r0, r0, lsl #1
 2610 0026 134C     		ldr	r4, .L164
 2611 0028 04EBCC0C 		add	ip, r4, ip, lsl #3
 2612 002c DCF86430 		ldr	r3, [ip, #100]
 2613              		.loc 1 1568 8 view .LVU768
 2614 0030 1BB1     		cbz	r3, .L158
1569:./trace/SEGGER/SEGGER_RTT.c ****       break;
1570:./trace/SEGGER/SEGGER_RTT.c ****     }
1571:./trace/SEGGER/SEGGER_RTT.c ****     BufferIndex++;
 2615              		.loc 1 1571 5 is_stmt 1 view .LVU769
 2616              		.loc 1 1571 16 is_stmt 0 view .LVU770
 2617 0032 0130     		adds	r0, r0, #1
 2618              	.LVL266:
1572:./trace/SEGGER/SEGGER_RTT.c ****   } while (BufferIndex < pRTTCB->MaxNumDownBuffers);
 2619              		.loc 1 1572 24 is_stmt 1 view .LVU771
 2620              		.loc 1 1572 32 is_stmt 0 view .LVU772
ARM GAS  /tmp/ccZ5iSyA.s 			page 79


 2621 0034 6369     		ldr	r3, [r4, #20]
 2622              		.loc 1 1572 24 view .LVU773
 2623 0036 8342     		cmp	r3, r0
 2624 0038 F3DC     		bgt	.L159
 2625              	.L158:
1573:./trace/SEGGER/SEGGER_RTT.c ****   if (BufferIndex < pRTTCB->MaxNumDownBuffers) {
 2626              		.loc 1 1573 3 is_stmt 1 view .LVU774
 2627              		.loc 1 1573 27 is_stmt 0 view .LVU775
 2628 003a 0E4B     		ldr	r3, .L164
 2629 003c 5B69     		ldr	r3, [r3, #20]
 2630              		.loc 1 1573 6 view .LVU776
 2631 003e 8342     		cmp	r3, r0
 2632 0040 15DD     		ble	.L161
1574:./trace/SEGGER/SEGGER_RTT.c ****     pRTTCB->aDown[BufferIndex].sName        = sName;
 2633              		.loc 1 1574 5 is_stmt 1 view .LVU777
 2634              		.loc 1 1574 45 is_stmt 0 view .LVU778
 2635 0042 00EB4001 		add	r1, r0, r0, lsl #1
 2636 0046 0B4B     		ldr	r3, .L164
 2637 0048 03EBC103 		add	r3, r3, r1, lsl #3
 2638 004c C3F86080 		str	r8, [r3, #96]
1575:./trace/SEGGER/SEGGER_RTT.c ****     pRTTCB->aDown[BufferIndex].pBuffer      = (char*)pBuffer;
 2639              		.loc 1 1575 5 is_stmt 1 view .LVU779
 2640              		.loc 1 1575 45 is_stmt 0 view .LVU780
 2641 0050 5F66     		str	r7, [r3, #100]
1576:./trace/SEGGER/SEGGER_RTT.c ****     pRTTCB->aDown[BufferIndex].SizeOfBuffer = BufferSize;
 2642              		.loc 1 1576 5 is_stmt 1 view .LVU781
 2643              		.loc 1 1576 45 is_stmt 0 view .LVU782
 2644 0052 9E66     		str	r6, [r3, #104]
1577:./trace/SEGGER/SEGGER_RTT.c ****     pRTTCB->aDown[BufferIndex].RdOff        = 0u;
 2645              		.loc 1 1577 5 is_stmt 1 view .LVU783
 2646              		.loc 1 1577 45 is_stmt 0 view .LVU784
 2647 0054 0021     		movs	r1, #0
 2648 0056 1967     		str	r1, [r3, #112]
1578:./trace/SEGGER/SEGGER_RTT.c ****     pRTTCB->aDown[BufferIndex].WrOff        = 0u;
 2649              		.loc 1 1578 5 is_stmt 1 view .LVU785
 2650              		.loc 1 1578 45 is_stmt 0 view .LVU786
 2651 0058 D966     		str	r1, [r3, #108]
1579:./trace/SEGGER/SEGGER_RTT.c ****     pRTTCB->aDown[BufferIndex].Flags        = Flags;
 2652              		.loc 1 1579 5 is_stmt 1 view .LVU787
 2653              		.loc 1 1579 45 is_stmt 0 view .LVU788
 2654 005a 5D67     		str	r5, [r3, #116]
1580:./trace/SEGGER/SEGGER_RTT.c ****     RTT__DMB();                     // Force data write to be complete before writing the <WrOff>, 
 2655              		.loc 1 1580 5 is_stmt 1 view .LVU789
 2656              		.syntax unified
 2657              	@ 1580 "./trace/SEGGER/SEGGER_RTT.c" 1
 2658 005c BFF35F8F 		dmb
 2659              	
 2660              	@ 0 "" 2
 2661              		.loc 1 1580 15 view .LVU790
 2662              	.LVL267:
 2663              		.thumb
 2664              		.syntax unified
 2665              	.L160:
1581:./trace/SEGGER/SEGGER_RTT.c ****   } else {
1582:./trace/SEGGER/SEGGER_RTT.c ****     BufferIndex = -1;
1583:./trace/SEGGER/SEGGER_RTT.c ****   }
1584:./trace/SEGGER/SEGGER_RTT.c ****   SEGGER_RTT_UNLOCK();
ARM GAS  /tmp/ccZ5iSyA.s 			page 80


 2666              		.loc 1 1584 3 view .LVU791
 2667              		.syntax unified
 2668              	@ 1584 "./trace/SEGGER/SEGGER_RTT.c" 1
 2669 0060 82F31188 		msr   basepri, r2  
 2670              		
 2671              	@ 0 "" 2
 2672              		.thumb
 2673              		.syntax unified
 2674              	.LBE25:
 2675              		.loc 1 1584 22 view .LVU792
1585:./trace/SEGGER/SEGGER_RTT.c ****   return BufferIndex;
 2676              		.loc 1 1585 3 view .LVU793
1586:./trace/SEGGER/SEGGER_RTT.c **** }
 2677              		.loc 1 1586 1 is_stmt 0 view .LVU794
 2678 0064 BDE8F081 		pop	{r4, r5, r6, r7, r8, pc}
 2679              	.LVL268:
 2680              	.L163:
 2681              	.LBB26:
1563:./trace/SEGGER/SEGGER_RTT.c ****   SEGGER_RTT_LOCK();
 2682              		.loc 1 1563 3 is_stmt 1 discriminator 1 view .LVU795
 2683 0068 FFF7FEFF 		bl	_DoInit
 2684              	.LVL269:
1563:./trace/SEGGER/SEGGER_RTT.c ****   SEGGER_RTT_LOCK();
 2685              		.loc 1 1563 3 is_stmt 0 discriminator 1 view .LVU796
 2686 006c D2E7     		b	.L157
 2687              	.LVL270:
 2688              	.L161:
1563:./trace/SEGGER/SEGGER_RTT.c ****   SEGGER_RTT_LOCK();
 2689              		.loc 1 1563 3 discriminator 1 view .LVU797
 2690              	.LBE26:
 2691              	.LBB27:
1582:./trace/SEGGER/SEGGER_RTT.c ****   }
 2692              		.loc 1 1582 17 view .LVU798
 2693 006e 4FF0FF30 		mov	r0, #-1
 2694              	.LVL271:
1582:./trace/SEGGER/SEGGER_RTT.c ****   }
 2695              		.loc 1 1582 17 view .LVU799
 2696 0072 F5E7     		b	.L160
 2697              	.L165:
 2698              		.align	2
 2699              	.L164:
 2700 0074 00000000 		.word	_SEGGER_RTT
 2701              	.LBE27:
 2702              		.cfi_endproc
 2703              	.LFE23:
 2705              		.section	.text.SEGGER_RTT_AllocUpBuffer,"ax",%progbits
 2706              		.align	1
 2707              		.global	SEGGER_RTT_AllocUpBuffer
 2708              		.syntax unified
 2709              		.thumb
 2710              		.thumb_func
 2712              	SEGGER_RTT_AllocUpBuffer:
 2713              	.LVL272:
 2714              	.LFB24:
1587:./trace/SEGGER/SEGGER_RTT.c **** 
1588:./trace/SEGGER/SEGGER_RTT.c **** /*********************************************************************
1589:./trace/SEGGER/SEGGER_RTT.c **** *
ARM GAS  /tmp/ccZ5iSyA.s 			page 81


1590:./trace/SEGGER/SEGGER_RTT.c **** *       SEGGER_RTT_AllocUpBuffer
1591:./trace/SEGGER/SEGGER_RTT.c **** *
1592:./trace/SEGGER/SEGGER_RTT.c **** *  Function description
1593:./trace/SEGGER/SEGGER_RTT.c **** *    Run-time configuration of the next up-buffer (T->H).
1594:./trace/SEGGER/SEGGER_RTT.c **** *    The next buffer, which is not used yet is configured.
1595:./trace/SEGGER/SEGGER_RTT.c **** *    This includes: Buffer address, size, name, flags, ...
1596:./trace/SEGGER/SEGGER_RTT.c **** *
1597:./trace/SEGGER/SEGGER_RTT.c **** *  Parameters
1598:./trace/SEGGER/SEGGER_RTT.c **** *    sName        Pointer to a constant name string.
1599:./trace/SEGGER/SEGGER_RTT.c **** *    pBuffer      Pointer to a buffer to be used.
1600:./trace/SEGGER/SEGGER_RTT.c **** *    BufferSize   Size of the buffer.
1601:./trace/SEGGER/SEGGER_RTT.c **** *    Flags        Operating modes. Define behavior if buffer is full (not enough space for entire m
1602:./trace/SEGGER/SEGGER_RTT.c **** *                 Flags[31:24] are used for validity check and must be zero. Flags[23:2] are reserv
1603:./trace/SEGGER/SEGGER_RTT.c **** *
1604:./trace/SEGGER/SEGGER_RTT.c **** *  Return value
1605:./trace/SEGGER/SEGGER_RTT.c **** *    >= 0 - O.K. Buffer Index
1606:./trace/SEGGER/SEGGER_RTT.c **** *     < 0 - Error
1607:./trace/SEGGER/SEGGER_RTT.c **** */
1608:./trace/SEGGER/SEGGER_RTT.c **** int SEGGER_RTT_AllocUpBuffer(const char* sName, void* pBuffer, unsigned BufferSize, unsigned Flags)
 2715              		.loc 1 1608 101 is_stmt 1 view -0
 2716              		.cfi_startproc
 2717              		@ args = 0, pretend = 0, frame = 0
 2718              		@ frame_needed = 0, uses_anonymous_args = 0
 2719              		.loc 1 1608 101 is_stmt 0 view .LVU801
 2720 0000 F8B5     		push	{r3, r4, r5, r6, r7, lr}
 2721              	.LCFI28:
 2722              		.cfi_def_cfa_offset 24
 2723              		.cfi_offset 3, -24
 2724              		.cfi_offset 4, -20
 2725              		.cfi_offset 5, -16
 2726              		.cfi_offset 6, -12
 2727              		.cfi_offset 7, -8
 2728              		.cfi_offset 14, -4
 2729 0002 0746     		mov	r7, r0
 2730 0004 0E46     		mov	r6, r1
 2731 0006 1546     		mov	r5, r2
 2732 0008 1C46     		mov	r4, r3
1609:./trace/SEGGER/SEGGER_RTT.c ****   int BufferIndex;
 2733              		.loc 1 1609 3 is_stmt 1 view .LVU802
1610:./trace/SEGGER/SEGGER_RTT.c ****   volatile SEGGER_RTT_CB* pRTTCB;
 2734              		.loc 1 1610 3 view .LVU803
1611:./trace/SEGGER/SEGGER_RTT.c **** 
1612:./trace/SEGGER/SEGGER_RTT.c ****   INIT();
 2735              		.loc 1 1612 3 view .LVU804
 2736              	.LBB28:
 2737              		.loc 1 1612 3 view .LVU805
 2738              		.loc 1 1612 3 view .LVU806
 2739              	.LVL273:
 2740              		.loc 1 1612 3 view .LVU807
 2741 000a 1F4B     		ldr	r3, .L174
 2742              	.LVL274:
 2743              		.loc 1 1612 3 is_stmt 0 view .LVU808
 2744 000c 1B78     		ldrb	r3, [r3]	@ zero_extendqisi2
 2745 000e 532B     		cmp	r3, #83
 2746 0010 34D1     		bne	.L173
 2747              	.LVL275:
 2748              	.L167:
ARM GAS  /tmp/ccZ5iSyA.s 			page 82


 2749              		.loc 1 1612 3 view .LVU809
 2750              	.LBE28:
 2751              		.loc 1 1612 3 is_stmt 1 discriminator 3 view .LVU810
 2752              	.LBB29:
1613:./trace/SEGGER/SEGGER_RTT.c ****   SEGGER_RTT_LOCK();
 2753              		.loc 1 1613 3 view .LVU811
 2754              		.loc 1 1613 3 view .LVU812
 2755              		.syntax unified
 2756              	@ 1613 "./trace/SEGGER/SEGGER_RTT.c" 1
 2757 0012 EFF31182 		mrs   r2, basepri  
 2758 0016 4FF02001 		mov   r1, #32       
 2759 001a 81F31188 		msr   basepri, r1  
 2760              		
 2761              	@ 0 "" 2
 2762              	.LVL276:
 2763              		.loc 1 1613 20 view .LVU813
1614:./trace/SEGGER/SEGGER_RTT.c ****   pRTTCB = (volatile SEGGER_RTT_CB*)((uintptr_t)&_SEGGER_RTT + SEGGER_RTT_UNCACHED_OFF);  // Access
 2764              		.loc 1 1614 3 view .LVU814
1615:./trace/SEGGER/SEGGER_RTT.c ****   BufferIndex = 0;
 2765              		.loc 1 1615 3 view .LVU815
 2766              		.loc 1 1615 15 is_stmt 0 view .LVU816
 2767              		.thumb
 2768              		.syntax unified
 2769 001e 0020     		movs	r0, #0
 2770              	.LVL277:
 2771              	.L169:
1616:./trace/SEGGER/SEGGER_RTT.c ****   do {
 2772              		.loc 1 1616 3 is_stmt 1 view .LVU817
1617:./trace/SEGGER/SEGGER_RTT.c ****     if (pRTTCB->aUp[BufferIndex].pBuffer == NULL) {
 2773              		.loc 1 1617 5 view .LVU818
 2774              		.loc 1 1617 33 is_stmt 0 view .LVU819
 2775 0020 00F1010C 		add	ip, r0, #1
 2776 0024 0CEB4C0C 		add	ip, ip, ip, lsl #1
 2777 0028 174B     		ldr	r3, .L174
 2778 002a 03EBCC0C 		add	ip, r3, ip, lsl #3
 2779 002e DCF80430 		ldr	r3, [ip, #4]
 2780              		.loc 1 1617 8 view .LVU820
 2781 0032 23B1     		cbz	r3, .L168
1618:./trace/SEGGER/SEGGER_RTT.c ****       break;
1619:./trace/SEGGER/SEGGER_RTT.c ****     }
1620:./trace/SEGGER/SEGGER_RTT.c ****     BufferIndex++;
 2782              		.loc 1 1620 5 is_stmt 1 view .LVU821
 2783              		.loc 1 1620 16 is_stmt 0 view .LVU822
 2784 0034 0130     		adds	r0, r0, #1
 2785              	.LVL278:
1621:./trace/SEGGER/SEGGER_RTT.c ****   } while (BufferIndex < pRTTCB->MaxNumUpBuffers);
 2786              		.loc 1 1621 24 is_stmt 1 view .LVU823
 2787              		.loc 1 1621 32 is_stmt 0 view .LVU824
 2788 0036 144B     		ldr	r3, .L174
 2789 0038 1B69     		ldr	r3, [r3, #16]
 2790              		.loc 1 1621 24 view .LVU825
 2791 003a 8342     		cmp	r3, r0
 2792 003c F0DC     		bgt	.L169
 2793              	.L168:
1622:./trace/SEGGER/SEGGER_RTT.c ****   if (BufferIndex < pRTTCB->MaxNumUpBuffers) {
 2794              		.loc 1 1622 3 is_stmt 1 view .LVU826
 2795              		.loc 1 1622 27 is_stmt 0 view .LVU827
ARM GAS  /tmp/ccZ5iSyA.s 			page 83


 2796 003e 124B     		ldr	r3, .L174
 2797 0040 1B69     		ldr	r3, [r3, #16]
 2798              		.loc 1 1622 6 view .LVU828
 2799 0042 8342     		cmp	r3, r0
 2800 0044 1DDD     		ble	.L171
1623:./trace/SEGGER/SEGGER_RTT.c ****     pRTTCB->aUp[BufferIndex].sName        = sName;
 2801              		.loc 1 1623 5 is_stmt 1 view .LVU829
 2802              		.loc 1 1623 43 is_stmt 0 view .LVU830
 2803 0046 104B     		ldr	r3, .L174
 2804 0048 411C     		adds	r1, r0, #1
 2805 004a 01EB410C 		add	ip, r1, r1, lsl #1
 2806 004e 4FEACC0C 		lsl	ip, ip, #3
 2807 0052 43F80C70 		str	r7, [r3, ip]
1624:./trace/SEGGER/SEGGER_RTT.c ****     pRTTCB->aUp[BufferIndex].pBuffer      = (char*)pBuffer;
 2808              		.loc 1 1624 5 is_stmt 1 view .LVU831
 2809              		.loc 1 1624 43 is_stmt 0 view .LVU832
 2810 0056 01EB4101 		add	r1, r1, r1, lsl #1
 2811 005a 03EBC101 		add	r1, r3, r1, lsl #3
 2812 005e 4E60     		str	r6, [r1, #4]
1625:./trace/SEGGER/SEGGER_RTT.c ****     pRTTCB->aUp[BufferIndex].SizeOfBuffer = BufferSize;
 2813              		.loc 1 1625 5 is_stmt 1 view .LVU833
 2814              		.loc 1 1625 43 is_stmt 0 view .LVU834
 2815 0060 00EB4001 		add	r1, r0, r0, lsl #1
 2816 0064 03EBC103 		add	r3, r3, r1, lsl #3
 2817 0068 1D62     		str	r5, [r3, #32]
1626:./trace/SEGGER/SEGGER_RTT.c ****     pRTTCB->aUp[BufferIndex].RdOff        = 0u;
 2818              		.loc 1 1626 5 is_stmt 1 view .LVU835
 2819              		.loc 1 1626 43 is_stmt 0 view .LVU836
 2820 006a 0021     		movs	r1, #0
 2821 006c 9962     		str	r1, [r3, #40]
1627:./trace/SEGGER/SEGGER_RTT.c ****     pRTTCB->aUp[BufferIndex].WrOff        = 0u;
 2822              		.loc 1 1627 5 is_stmt 1 view .LVU837
 2823              		.loc 1 1627 43 is_stmt 0 view .LVU838
 2824 006e 5962     		str	r1, [r3, #36]
1628:./trace/SEGGER/SEGGER_RTT.c ****     pRTTCB->aUp[BufferIndex].Flags        = Flags;
 2825              		.loc 1 1628 5 is_stmt 1 view .LVU839
 2826              		.loc 1 1628 43 is_stmt 0 view .LVU840
 2827 0070 DC62     		str	r4, [r3, #44]
1629:./trace/SEGGER/SEGGER_RTT.c ****     RTT__DMB();                     // Force data write to be complete before writing the <WrOff>, 
 2828              		.loc 1 1629 5 is_stmt 1 view .LVU841
 2829              		.syntax unified
 2830              	@ 1629 "./trace/SEGGER/SEGGER_RTT.c" 1
 2831 0072 BFF35F8F 		dmb
 2832              	
 2833              	@ 0 "" 2
 2834              		.loc 1 1629 15 view .LVU842
 2835              	.LVL279:
 2836              		.thumb
 2837              		.syntax unified
 2838              	.L170:
1630:./trace/SEGGER/SEGGER_RTT.c ****   } else {
1631:./trace/SEGGER/SEGGER_RTT.c ****     BufferIndex = -1;
1632:./trace/SEGGER/SEGGER_RTT.c ****   }
1633:./trace/SEGGER/SEGGER_RTT.c ****   SEGGER_RTT_UNLOCK();
 2839              		.loc 1 1633 3 view .LVU843
 2840              		.syntax unified
 2841              	@ 1633 "./trace/SEGGER/SEGGER_RTT.c" 1
ARM GAS  /tmp/ccZ5iSyA.s 			page 84


 2842 0076 82F31188 		msr   basepri, r2  
 2843              		
 2844              	@ 0 "" 2
 2845              		.thumb
 2846              		.syntax unified
 2847              	.LBE29:
 2848              		.loc 1 1633 22 view .LVU844
1634:./trace/SEGGER/SEGGER_RTT.c ****   return BufferIndex;
 2849              		.loc 1 1634 3 view .LVU845
1635:./trace/SEGGER/SEGGER_RTT.c **** }
 2850              		.loc 1 1635 1 is_stmt 0 view .LVU846
 2851 007a F8BD     		pop	{r3, r4, r5, r6, r7, pc}
 2852              	.LVL280:
 2853              	.L173:
 2854              	.LBB30:
1612:./trace/SEGGER/SEGGER_RTT.c ****   SEGGER_RTT_LOCK();
 2855              		.loc 1 1612 3 is_stmt 1 discriminator 1 view .LVU847
 2856 007c FFF7FEFF 		bl	_DoInit
 2857              	.LVL281:
1612:./trace/SEGGER/SEGGER_RTT.c ****   SEGGER_RTT_LOCK();
 2858              		.loc 1 1612 3 is_stmt 0 discriminator 1 view .LVU848
 2859 0080 C7E7     		b	.L167
 2860              	.LVL282:
 2861              	.L171:
1612:./trace/SEGGER/SEGGER_RTT.c ****   SEGGER_RTT_LOCK();
 2862              		.loc 1 1612 3 discriminator 1 view .LVU849
 2863              	.LBE30:
 2864              	.LBB31:
1631:./trace/SEGGER/SEGGER_RTT.c ****   }
 2865              		.loc 1 1631 17 view .LVU850
 2866 0082 4FF0FF30 		mov	r0, #-1
 2867              	.LVL283:
1631:./trace/SEGGER/SEGGER_RTT.c ****   }
 2868              		.loc 1 1631 17 view .LVU851
 2869 0086 F6E7     		b	.L170
 2870              	.L175:
 2871              		.align	2
 2872              	.L174:
 2873 0088 00000000 		.word	_SEGGER_RTT
 2874              	.LBE31:
 2875              		.cfi_endproc
 2876              	.LFE24:
 2878              		.section	.text.SEGGER_RTT_ConfigUpBuffer,"ax",%progbits
 2879              		.align	1
 2880              		.global	SEGGER_RTT_ConfigUpBuffer
 2881              		.syntax unified
 2882              		.thumb
 2883              		.thumb_func
 2885              	SEGGER_RTT_ConfigUpBuffer:
 2886              	.LVL284:
 2887              	.LFB25:
1636:./trace/SEGGER/SEGGER_RTT.c **** 
1637:./trace/SEGGER/SEGGER_RTT.c **** /*********************************************************************
1638:./trace/SEGGER/SEGGER_RTT.c **** *
1639:./trace/SEGGER/SEGGER_RTT.c **** *       SEGGER_RTT_ConfigUpBuffer
1640:./trace/SEGGER/SEGGER_RTT.c **** *
1641:./trace/SEGGER/SEGGER_RTT.c **** *  Function description
ARM GAS  /tmp/ccZ5iSyA.s 			page 85


1642:./trace/SEGGER/SEGGER_RTT.c **** *    Run-time configuration of a specific up-buffer (T->H).
1643:./trace/SEGGER/SEGGER_RTT.c **** *    Buffer to be configured is specified by index.
1644:./trace/SEGGER/SEGGER_RTT.c **** *    This includes: Buffer address, size, name, flags, ...
1645:./trace/SEGGER/SEGGER_RTT.c **** *
1646:./trace/SEGGER/SEGGER_RTT.c **** *  Parameters
1647:./trace/SEGGER/SEGGER_RTT.c **** *    BufferIndex  Index of the buffer to configure.
1648:./trace/SEGGER/SEGGER_RTT.c **** *    sName        Pointer to a constant name string.
1649:./trace/SEGGER/SEGGER_RTT.c **** *    pBuffer      Pointer to a buffer to be used.
1650:./trace/SEGGER/SEGGER_RTT.c **** *    BufferSize   Size of the buffer.
1651:./trace/SEGGER/SEGGER_RTT.c **** *    Flags        Operating modes. Define behavior if buffer is full (not enough space for entire m
1652:./trace/SEGGER/SEGGER_RTT.c **** *                 Flags[31:24] are used for validity check and must be zero. Flags[23:2] are reserv
1653:./trace/SEGGER/SEGGER_RTT.c **** *
1654:./trace/SEGGER/SEGGER_RTT.c **** *  Return value
1655:./trace/SEGGER/SEGGER_RTT.c **** *    >= 0 - O.K.
1656:./trace/SEGGER/SEGGER_RTT.c **** *     < 0 - Error
1657:./trace/SEGGER/SEGGER_RTT.c **** *
1658:./trace/SEGGER/SEGGER_RTT.c **** *  Additional information
1659:./trace/SEGGER/SEGGER_RTT.c **** *    Buffer 0 is configured on compile-time.
1660:./trace/SEGGER/SEGGER_RTT.c **** *    May only be called once per buffer.
1661:./trace/SEGGER/SEGGER_RTT.c **** *    Buffer name and flags can be reconfigured using the appropriate functions.
1662:./trace/SEGGER/SEGGER_RTT.c **** */
1663:./trace/SEGGER/SEGGER_RTT.c **** int SEGGER_RTT_ConfigUpBuffer(unsigned BufferIndex, const char* sName, void* pBuffer, unsigned Buff
 2888              		.loc 1 1663 124 is_stmt 1 view -0
 2889              		.cfi_startproc
 2890              		@ args = 4, pretend = 0, frame = 0
 2891              		@ frame_needed = 0, uses_anonymous_args = 0
 2892              		.loc 1 1663 124 is_stmt 0 view .LVU853
 2893 0000 F8B5     		push	{r3, r4, r5, r6, r7, lr}
 2894              	.LCFI29:
 2895              		.cfi_def_cfa_offset 24
 2896              		.cfi_offset 3, -24
 2897              		.cfi_offset 4, -20
 2898              		.cfi_offset 5, -16
 2899              		.cfi_offset 6, -12
 2900              		.cfi_offset 7, -8
 2901              		.cfi_offset 14, -4
 2902 0002 0446     		mov	r4, r0
 2903 0004 0D46     		mov	r5, r1
 2904 0006 1746     		mov	r7, r2
 2905 0008 1E46     		mov	r6, r3
1664:./trace/SEGGER/SEGGER_RTT.c ****   int r;
 2906              		.loc 1 1664 3 is_stmt 1 view .LVU854
1665:./trace/SEGGER/SEGGER_RTT.c ****   volatile SEGGER_RTT_CB* pRTTCB;
 2907              		.loc 1 1665 3 view .LVU855
1666:./trace/SEGGER/SEGGER_RTT.c ****   volatile SEGGER_RTT_BUFFER_UP* pUp;
 2908              		.loc 1 1666 3 view .LVU856
1667:./trace/SEGGER/SEGGER_RTT.c **** 
1668:./trace/SEGGER/SEGGER_RTT.c ****   INIT();
 2909              		.loc 1 1668 3 view .LVU857
 2910              	.LBB32:
 2911              		.loc 1 1668 3 view .LVU858
 2912              		.loc 1 1668 3 view .LVU859
 2913              	.LVL285:
 2914              		.loc 1 1668 3 view .LVU860
 2915 000a 184B     		ldr	r3, .L183
 2916              	.LVL286:
 2917              		.loc 1 1668 3 is_stmt 0 view .LVU861
ARM GAS  /tmp/ccZ5iSyA.s 			page 86


 2918 000c 1B78     		ldrb	r3, [r3]	@ zero_extendqisi2
 2919 000e 532B     		cmp	r3, #83
 2920 0010 26D1     		bne	.L182
 2921              	.LVL287:
 2922              	.L177:
 2923              		.loc 1 1668 3 view .LVU862
 2924              	.LBE32:
 2925              		.loc 1 1668 3 is_stmt 1 discriminator 3 view .LVU863
1669:./trace/SEGGER/SEGGER_RTT.c ****   pRTTCB = (volatile SEGGER_RTT_CB*)((uintptr_t)&_SEGGER_RTT + SEGGER_RTT_UNCACHED_OFF);  // Access
 2926              		.loc 1 1669 3 view .LVU864
1670:./trace/SEGGER/SEGGER_RTT.c ****   if (BufferIndex < SEGGER_RTT_MAX_NUM_UP_BUFFERS) {
 2927              		.loc 1 1670 3 view .LVU865
 2928              		.loc 1 1670 6 is_stmt 0 view .LVU866
 2929 0012 022C     		cmp	r4, #2
 2930 0014 27D8     		bhi	.L180
 2931              	.LBB33:
1671:./trace/SEGGER/SEGGER_RTT.c ****     SEGGER_RTT_LOCK();
 2932              		.loc 1 1671 5 is_stmt 1 view .LVU867
 2933              		.loc 1 1671 5 view .LVU868
 2934              		.syntax unified
 2935              	@ 1671 "./trace/SEGGER/SEGGER_RTT.c" 1
 2936 0016 EFF3118C 		mrs   ip, basepri  
 2937 001a 4FF02001 		mov   r1, #32       
 2938 001e 81F31188 		msr   basepri, r1  
 2939              		
 2940              	@ 0 "" 2
 2941              	.LVL288:
 2942              		.loc 1 1671 22 view .LVU869
1672:./trace/SEGGER/SEGGER_RTT.c ****     pUp = &pRTTCB->aUp[BufferIndex];
 2943              		.loc 1 1672 5 view .LVU870
1673:./trace/SEGGER/SEGGER_RTT.c ****     if (BufferIndex) {
 2944              		.loc 1 1673 5 view .LVU871
 2945              		.loc 1 1673 8 is_stmt 0 view .LVU872
 2946              		.thumb
 2947              		.syntax unified
 2948 0022 94B1     		cbz	r4, .L179
1674:./trace/SEGGER/SEGGER_RTT.c ****       pUp->sName        = sName;
 2949              		.loc 1 1674 7 is_stmt 1 view .LVU873
 2950              		.loc 1 1674 25 is_stmt 0 view .LVU874
 2951 0024 114A     		ldr	r2, .L183
 2952 0026 601C     		adds	r0, r4, #1
 2953 0028 00EB4003 		add	r3, r0, r0, lsl #1
 2954 002c DB00     		lsls	r3, r3, #3
 2955 002e D550     		str	r5, [r2, r3]
1675:./trace/SEGGER/SEGGER_RTT.c ****       pUp->pBuffer      = (char*)pBuffer;
 2956              		.loc 1 1675 7 is_stmt 1 view .LVU875
 2957              		.loc 1 1675 25 is_stmt 0 view .LVU876
 2958 0030 00EB4000 		add	r0, r0, r0, lsl #1
 2959 0034 02EBC000 		add	r0, r2, r0, lsl #3
 2960 0038 4760     		str	r7, [r0, #4]
1676:./trace/SEGGER/SEGGER_RTT.c ****       pUp->SizeOfBuffer = BufferSize;
 2961              		.loc 1 1676 7 is_stmt 1 view .LVU877
 2962              		.loc 1 1676 25 is_stmt 0 view .LVU878
 2963 003a 04EB4403 		add	r3, r4, r4, lsl #1
 2964 003e 02EBC302 		add	r2, r2, r3, lsl #3
 2965 0042 1662     		str	r6, [r2, #32]
1677:./trace/SEGGER/SEGGER_RTT.c ****       pUp->RdOff        = 0u;
ARM GAS  /tmp/ccZ5iSyA.s 			page 87


 2966              		.loc 1 1677 7 is_stmt 1 view .LVU879
 2967              		.loc 1 1677 25 is_stmt 0 view .LVU880
 2968 0044 0023     		movs	r3, #0
 2969 0046 9362     		str	r3, [r2, #40]
1678:./trace/SEGGER/SEGGER_RTT.c ****       pUp->WrOff        = 0u;
 2970              		.loc 1 1678 7 is_stmt 1 view .LVU881
 2971              		.loc 1 1678 25 is_stmt 0 view .LVU882
 2972 0048 5362     		str	r3, [r2, #36]
 2973              	.L179:
1679:./trace/SEGGER/SEGGER_RTT.c ****     }
1680:./trace/SEGGER/SEGGER_RTT.c ****     pUp->Flags          = Flags;
 2974              		.loc 1 1680 5 is_stmt 1 view .LVU883
 2975              		.loc 1 1680 25 is_stmt 0 view .LVU884
 2976 004a 04EB4404 		add	r4, r4, r4, lsl #1
 2977              	.LVL289:
 2978              		.loc 1 1680 25 view .LVU885
 2979 004e 074B     		ldr	r3, .L183
 2980 0050 03EBC403 		add	r3, r3, r4, lsl #3
 2981 0054 069A     		ldr	r2, [sp, #24]
 2982 0056 DA62     		str	r2, [r3, #44]
1681:./trace/SEGGER/SEGGER_RTT.c ****     SEGGER_RTT_UNLOCK();
 2983              		.loc 1 1681 5 is_stmt 1 view .LVU886
 2984              		.syntax unified
 2985              	@ 1681 "./trace/SEGGER/SEGGER_RTT.c" 1
 2986 0058 8CF31188 		msr   basepri, ip  
 2987              		
 2988              	@ 0 "" 2
 2989              		.thumb
 2990              		.syntax unified
 2991              	.LBE33:
 2992              		.loc 1 1681 24 view .LVU887
1682:./trace/SEGGER/SEGGER_RTT.c ****     r =  0;
 2993              		.loc 1 1682 5 view .LVU888
 2994              	.LVL290:
 2995              		.loc 1 1682 7 is_stmt 0 view .LVU889
 2996 005c 0020     		movs	r0, #0
 2997              	.LVL291:
 2998              	.L176:
1683:./trace/SEGGER/SEGGER_RTT.c ****   } else {
1684:./trace/SEGGER/SEGGER_RTT.c ****     r = -1;
1685:./trace/SEGGER/SEGGER_RTT.c ****   }
1686:./trace/SEGGER/SEGGER_RTT.c ****   return r;
1687:./trace/SEGGER/SEGGER_RTT.c **** }
 2999              		.loc 1 1687 1 view .LVU890
 3000 005e F8BD     		pop	{r3, r4, r5, r6, r7, pc}
 3001              	.LVL292:
 3002              	.L182:
 3003              	.LBB34:
1668:./trace/SEGGER/SEGGER_RTT.c ****   pRTTCB = (volatile SEGGER_RTT_CB*)((uintptr_t)&_SEGGER_RTT + SEGGER_RTT_UNCACHED_OFF);  // Access
 3004              		.loc 1 1668 3 is_stmt 1 discriminator 1 view .LVU891
 3005 0060 FFF7FEFF 		bl	_DoInit
 3006              	.LVL293:
1668:./trace/SEGGER/SEGGER_RTT.c ****   pRTTCB = (volatile SEGGER_RTT_CB*)((uintptr_t)&_SEGGER_RTT + SEGGER_RTT_UNCACHED_OFF);  // Access
 3007              		.loc 1 1668 3 is_stmt 0 discriminator 1 view .LVU892
 3008 0064 D5E7     		b	.L177
 3009              	.LVL294:
 3010              	.L180:
ARM GAS  /tmp/ccZ5iSyA.s 			page 88


1668:./trace/SEGGER/SEGGER_RTT.c ****   pRTTCB = (volatile SEGGER_RTT_CB*)((uintptr_t)&_SEGGER_RTT + SEGGER_RTT_UNCACHED_OFF);  // Access
 3011              		.loc 1 1668 3 discriminator 1 view .LVU893
 3012              	.LBE34:
1684:./trace/SEGGER/SEGGER_RTT.c ****   }
 3013              		.loc 1 1684 7 view .LVU894
 3014 0066 4FF0FF30 		mov	r0, #-1
 3015              	.LVL295:
1686:./trace/SEGGER/SEGGER_RTT.c **** }
 3016              		.loc 1 1686 3 is_stmt 1 view .LVU895
1686:./trace/SEGGER/SEGGER_RTT.c **** }
 3017              		.loc 1 1686 10 is_stmt 0 view .LVU896
 3018 006a F8E7     		b	.L176
 3019              	.L184:
 3020              		.align	2
 3021              	.L183:
 3022 006c 00000000 		.word	_SEGGER_RTT
 3023              		.cfi_endproc
 3024              	.LFE25:
 3026              		.section	.text.SEGGER_RTT_ConfigDownBuffer,"ax",%progbits
 3027              		.align	1
 3028              		.global	SEGGER_RTT_ConfigDownBuffer
 3029              		.syntax unified
 3030              		.thumb
 3031              		.thumb_func
 3033              	SEGGER_RTT_ConfigDownBuffer:
 3034              	.LVL296:
 3035              	.LFB26:
1688:./trace/SEGGER/SEGGER_RTT.c **** 
1689:./trace/SEGGER/SEGGER_RTT.c **** /*********************************************************************
1690:./trace/SEGGER/SEGGER_RTT.c **** *
1691:./trace/SEGGER/SEGGER_RTT.c **** *       SEGGER_RTT_ConfigDownBuffer
1692:./trace/SEGGER/SEGGER_RTT.c **** *
1693:./trace/SEGGER/SEGGER_RTT.c **** *  Function description
1694:./trace/SEGGER/SEGGER_RTT.c **** *    Run-time configuration of a specific down-buffer (H->T).
1695:./trace/SEGGER/SEGGER_RTT.c **** *    Buffer to be configured is specified by index.
1696:./trace/SEGGER/SEGGER_RTT.c **** *    This includes: Buffer address, size, name, flags, ...
1697:./trace/SEGGER/SEGGER_RTT.c **** *
1698:./trace/SEGGER/SEGGER_RTT.c **** *  Parameters
1699:./trace/SEGGER/SEGGER_RTT.c **** *    BufferIndex  Index of the buffer to configure.
1700:./trace/SEGGER/SEGGER_RTT.c **** *    sName        Pointer to a constant name string.
1701:./trace/SEGGER/SEGGER_RTT.c **** *    pBuffer      Pointer to a buffer to be used.
1702:./trace/SEGGER/SEGGER_RTT.c **** *    BufferSize   Size of the buffer.
1703:./trace/SEGGER/SEGGER_RTT.c **** *    Flags        Operating modes. Define behavior if buffer is full (not enough space for entire m
1704:./trace/SEGGER/SEGGER_RTT.c **** *                 Flags[31:24] are used for validity check and must be zero. Flags[23:2] are reserv
1705:./trace/SEGGER/SEGGER_RTT.c **** *
1706:./trace/SEGGER/SEGGER_RTT.c **** *  Return value
1707:./trace/SEGGER/SEGGER_RTT.c **** *    >= 0  O.K.
1708:./trace/SEGGER/SEGGER_RTT.c **** *     < 0  Error
1709:./trace/SEGGER/SEGGER_RTT.c **** *
1710:./trace/SEGGER/SEGGER_RTT.c **** *  Additional information
1711:./trace/SEGGER/SEGGER_RTT.c **** *    Buffer 0 is configured on compile-time.
1712:./trace/SEGGER/SEGGER_RTT.c **** *    May only be called once per buffer.
1713:./trace/SEGGER/SEGGER_RTT.c **** *    Buffer name and flags can be reconfigured using the appropriate functions.
1714:./trace/SEGGER/SEGGER_RTT.c **** */
1715:./trace/SEGGER/SEGGER_RTT.c **** int SEGGER_RTT_ConfigDownBuffer(unsigned BufferIndex, const char* sName, void* pBuffer, unsigned Bu
 3036              		.loc 1 1715 126 is_stmt 1 view -0
 3037              		.cfi_startproc
ARM GAS  /tmp/ccZ5iSyA.s 			page 89


 3038              		@ args = 4, pretend = 0, frame = 0
 3039              		@ frame_needed = 0, uses_anonymous_args = 0
 3040              		.loc 1 1715 126 is_stmt 0 view .LVU898
 3041 0000 2DE9F041 		push	{r4, r5, r6, r7, r8, lr}
 3042              	.LCFI30:
 3043              		.cfi_def_cfa_offset 24
 3044              		.cfi_offset 4, -24
 3045              		.cfi_offset 5, -20
 3046              		.cfi_offset 6, -16
 3047              		.cfi_offset 7, -12
 3048              		.cfi_offset 8, -8
 3049              		.cfi_offset 14, -4
 3050 0004 0446     		mov	r4, r0
 3051 0006 8846     		mov	r8, r1
 3052 0008 1746     		mov	r7, r2
 3053 000a 1E46     		mov	r6, r3
1716:./trace/SEGGER/SEGGER_RTT.c ****   int r;
 3054              		.loc 1 1716 3 is_stmt 1 view .LVU899
1717:./trace/SEGGER/SEGGER_RTT.c ****   volatile SEGGER_RTT_CB* pRTTCB;
 3055              		.loc 1 1717 3 view .LVU900
1718:./trace/SEGGER/SEGGER_RTT.c ****   volatile SEGGER_RTT_BUFFER_DOWN* pDown;
 3056              		.loc 1 1718 3 view .LVU901
1719:./trace/SEGGER/SEGGER_RTT.c **** 
1720:./trace/SEGGER/SEGGER_RTT.c ****   INIT();
 3057              		.loc 1 1720 3 view .LVU902
 3058              	.LBB35:
 3059              		.loc 1 1720 3 view .LVU903
 3060              		.loc 1 1720 3 view .LVU904
 3061              	.LVL297:
 3062              		.loc 1 1720 3 view .LVU905
 3063 000c 184B     		ldr	r3, .L192
 3064              	.LVL298:
 3065              		.loc 1 1720 3 is_stmt 0 view .LVU906
 3066 000e 1B78     		ldrb	r3, [r3]	@ zero_extendqisi2
 3067 0010 532B     		cmp	r3, #83
 3068 0012 26D1     		bne	.L191
 3069              	.LVL299:
 3070              	.L186:
 3071              		.loc 1 1720 3 view .LVU907
 3072              	.LBE35:
 3073              		.loc 1 1720 3 is_stmt 1 discriminator 3 view .LVU908
1721:./trace/SEGGER/SEGGER_RTT.c ****   pRTTCB = (volatile SEGGER_RTT_CB*)((uintptr_t)&_SEGGER_RTT + SEGGER_RTT_UNCACHED_OFF);  // Access
 3074              		.loc 1 1721 3 view .LVU909
1722:./trace/SEGGER/SEGGER_RTT.c ****   if (BufferIndex < SEGGER_RTT_MAX_NUM_DOWN_BUFFERS) {
 3075              		.loc 1 1722 3 view .LVU910
 3076              		.loc 1 1722 6 is_stmt 0 view .LVU911
 3077 0014 022C     		cmp	r4, #2
 3078 0016 27D8     		bhi	.L189
 3079              	.LBB36:
1723:./trace/SEGGER/SEGGER_RTT.c ****     SEGGER_RTT_LOCK();
 3080              		.loc 1 1723 5 is_stmt 1 view .LVU912
 3081              		.loc 1 1723 5 view .LVU913
 3082              		.syntax unified
 3083              	@ 1723 "./trace/SEGGER/SEGGER_RTT.c" 1
 3084 0018 EFF31180 		mrs   r0, basepri  
 3085 001c 4FF02001 		mov   r1, #32       
 3086 0020 81F31188 		msr   basepri, r1  
ARM GAS  /tmp/ccZ5iSyA.s 			page 90


 3087              		
 3088              	@ 0 "" 2
 3089              	.LVL300:
 3090              		.loc 1 1723 22 view .LVU914
1724:./trace/SEGGER/SEGGER_RTT.c ****     pDown = &pRTTCB->aDown[BufferIndex];
 3091              		.loc 1 1724 5 view .LVU915
1725:./trace/SEGGER/SEGGER_RTT.c ****     if (BufferIndex) {
 3092              		.loc 1 1725 5 view .LVU916
 3093              		.loc 1 1725 8 is_stmt 0 view .LVU917
 3094              		.thumb
 3095              		.syntax unified
 3096 0024 7CB1     		cbz	r4, .L188
1726:./trace/SEGGER/SEGGER_RTT.c ****       pDown->sName        = sName;
 3097              		.loc 1 1726 7 is_stmt 1 view .LVU918
 3098              		.loc 1 1726 27 is_stmt 0 view .LVU919
 3099 0026 04EB4403 		add	r3, r4, r4, lsl #1
 3100 002a 114D     		ldr	r5, .L192
 3101 002c 05EBC30C 		add	ip, r5, r3, lsl #3
 3102 0030 CCF86080 		str	r8, [ip, #96]
1727:./trace/SEGGER/SEGGER_RTT.c ****       pDown->pBuffer      = (char*)pBuffer;
 3103              		.loc 1 1727 7 is_stmt 1 view .LVU920
 3104              		.loc 1 1727 27 is_stmt 0 view .LVU921
 3105 0034 CCF86470 		str	r7, [ip, #100]
1728:./trace/SEGGER/SEGGER_RTT.c ****       pDown->SizeOfBuffer = BufferSize;
 3106              		.loc 1 1728 7 is_stmt 1 view .LVU922
 3107              		.loc 1 1728 27 is_stmt 0 view .LVU923
 3108 0038 CCF86860 		str	r6, [ip, #104]
1729:./trace/SEGGER/SEGGER_RTT.c ****       pDown->RdOff        = 0u;
 3109              		.loc 1 1729 7 is_stmt 1 view .LVU924
 3110              		.loc 1 1729 27 is_stmt 0 view .LVU925
 3111 003c 0023     		movs	r3, #0
 3112 003e CCF87030 		str	r3, [ip, #112]
1730:./trace/SEGGER/SEGGER_RTT.c ****       pDown->WrOff        = 0u;
 3113              		.loc 1 1730 7 is_stmt 1 view .LVU926
 3114              		.loc 1 1730 27 is_stmt 0 view .LVU927
 3115 0042 CCF86C30 		str	r3, [ip, #108]
 3116              	.L188:
1731:./trace/SEGGER/SEGGER_RTT.c ****     }
1732:./trace/SEGGER/SEGGER_RTT.c ****     pDown->Flags          = Flags;
 3117              		.loc 1 1732 5 is_stmt 1 view .LVU928
 3118              		.loc 1 1732 27 is_stmt 0 view .LVU929
 3119 0046 04EB4404 		add	r4, r4, r4, lsl #1
 3120              	.LVL301:
 3121              		.loc 1 1732 27 view .LVU930
 3122 004a 094B     		ldr	r3, .L192
 3123 004c 03EBC403 		add	r3, r3, r4, lsl #3
 3124 0050 069A     		ldr	r2, [sp, #24]
 3125 0052 5A67     		str	r2, [r3, #116]
1733:./trace/SEGGER/SEGGER_RTT.c ****     RTT__DMB();                     // Force data write to be complete before writing the <WrOff>, 
 3126              		.loc 1 1733 5 is_stmt 1 view .LVU931
 3127              		.syntax unified
 3128              	@ 1733 "./trace/SEGGER/SEGGER_RTT.c" 1
 3129 0054 BFF35F8F 		dmb
 3130              	
 3131              	@ 0 "" 2
 3132              		.loc 1 1733 15 view .LVU932
1734:./trace/SEGGER/SEGGER_RTT.c ****     SEGGER_RTT_UNLOCK();
ARM GAS  /tmp/ccZ5iSyA.s 			page 91


 3133              		.loc 1 1734 5 view .LVU933
 3134              	@ 1734 "./trace/SEGGER/SEGGER_RTT.c" 1
 3135 0058 80F31188 		msr   basepri, r0  
 3136              		
 3137              	@ 0 "" 2
 3138              		.thumb
 3139              		.syntax unified
 3140              	.LBE36:
 3141              		.loc 1 1734 24 view .LVU934
1735:./trace/SEGGER/SEGGER_RTT.c ****     r =  0;
 3142              		.loc 1 1735 5 view .LVU935
 3143              	.LVL302:
 3144              		.loc 1 1735 7 is_stmt 0 view .LVU936
 3145 005c 0020     		movs	r0, #0
 3146              	.LVL303:
 3147              	.L185:
1736:./trace/SEGGER/SEGGER_RTT.c ****   } else {
1737:./trace/SEGGER/SEGGER_RTT.c ****     r = -1;
1738:./trace/SEGGER/SEGGER_RTT.c ****   }
1739:./trace/SEGGER/SEGGER_RTT.c ****   return r;
1740:./trace/SEGGER/SEGGER_RTT.c **** }
 3148              		.loc 1 1740 1 view .LVU937
 3149 005e BDE8F081 		pop	{r4, r5, r6, r7, r8, pc}
 3150              	.LVL304:
 3151              	.L191:
 3152              	.LBB37:
1720:./trace/SEGGER/SEGGER_RTT.c ****   pRTTCB = (volatile SEGGER_RTT_CB*)((uintptr_t)&_SEGGER_RTT + SEGGER_RTT_UNCACHED_OFF);  // Access
 3153              		.loc 1 1720 3 is_stmt 1 discriminator 1 view .LVU938
 3154 0062 FFF7FEFF 		bl	_DoInit
 3155              	.LVL305:
1720:./trace/SEGGER/SEGGER_RTT.c ****   pRTTCB = (volatile SEGGER_RTT_CB*)((uintptr_t)&_SEGGER_RTT + SEGGER_RTT_UNCACHED_OFF);  // Access
 3156              		.loc 1 1720 3 is_stmt 0 discriminator 1 view .LVU939
 3157 0066 D5E7     		b	.L186
 3158              	.LVL306:
 3159              	.L189:
1720:./trace/SEGGER/SEGGER_RTT.c ****   pRTTCB = (volatile SEGGER_RTT_CB*)((uintptr_t)&_SEGGER_RTT + SEGGER_RTT_UNCACHED_OFF);  // Access
 3160              		.loc 1 1720 3 discriminator 1 view .LVU940
 3161              	.LBE37:
1737:./trace/SEGGER/SEGGER_RTT.c ****   }
 3162              		.loc 1 1737 7 view .LVU941
 3163 0068 4FF0FF30 		mov	r0, #-1
 3164              	.LVL307:
1739:./trace/SEGGER/SEGGER_RTT.c **** }
 3165              		.loc 1 1739 3 is_stmt 1 view .LVU942
1739:./trace/SEGGER/SEGGER_RTT.c **** }
 3166              		.loc 1 1739 10 is_stmt 0 view .LVU943
 3167 006c F7E7     		b	.L185
 3168              	.L193:
 3169 006e 00BF     		.align	2
 3170              	.L192:
 3171 0070 00000000 		.word	_SEGGER_RTT
 3172              		.cfi_endproc
 3173              	.LFE26:
 3175              		.section	.text.SEGGER_RTT_SetNameUpBuffer,"ax",%progbits
 3176              		.align	1
 3177              		.global	SEGGER_RTT_SetNameUpBuffer
 3178              		.syntax unified
ARM GAS  /tmp/ccZ5iSyA.s 			page 92


 3179              		.thumb
 3180              		.thumb_func
 3182              	SEGGER_RTT_SetNameUpBuffer:
 3183              	.LVL308:
 3184              	.LFB27:
1741:./trace/SEGGER/SEGGER_RTT.c **** 
1742:./trace/SEGGER/SEGGER_RTT.c **** /*********************************************************************
1743:./trace/SEGGER/SEGGER_RTT.c **** *
1744:./trace/SEGGER/SEGGER_RTT.c **** *       SEGGER_RTT_SetNameUpBuffer
1745:./trace/SEGGER/SEGGER_RTT.c **** *
1746:./trace/SEGGER/SEGGER_RTT.c **** *  Function description
1747:./trace/SEGGER/SEGGER_RTT.c **** *    Run-time configuration of a specific up-buffer name (T->H).
1748:./trace/SEGGER/SEGGER_RTT.c **** *    Buffer to be configured is specified by index.
1749:./trace/SEGGER/SEGGER_RTT.c **** *
1750:./trace/SEGGER/SEGGER_RTT.c **** *  Parameters
1751:./trace/SEGGER/SEGGER_RTT.c **** *    BufferIndex  Index of the buffer to renamed.
1752:./trace/SEGGER/SEGGER_RTT.c **** *    sName        Pointer to a constant name string.
1753:./trace/SEGGER/SEGGER_RTT.c **** *
1754:./trace/SEGGER/SEGGER_RTT.c **** *  Return value
1755:./trace/SEGGER/SEGGER_RTT.c **** *    >= 0  O.K.
1756:./trace/SEGGER/SEGGER_RTT.c **** *     < 0  Error
1757:./trace/SEGGER/SEGGER_RTT.c **** */
1758:./trace/SEGGER/SEGGER_RTT.c **** int SEGGER_RTT_SetNameUpBuffer(unsigned BufferIndex, const char* sName) {
 3185              		.loc 1 1758 73 is_stmt 1 view -0
 3186              		.cfi_startproc
 3187              		@ args = 0, pretend = 0, frame = 0
 3188              		@ frame_needed = 0, uses_anonymous_args = 0
 3189              		.loc 1 1758 73 is_stmt 0 view .LVU945
 3190 0000 38B5     		push	{r3, r4, r5, lr}
 3191              	.LCFI31:
 3192              		.cfi_def_cfa_offset 16
 3193              		.cfi_offset 3, -16
 3194              		.cfi_offset 4, -12
 3195              		.cfi_offset 5, -8
 3196              		.cfi_offset 14, -4
 3197 0002 0446     		mov	r4, r0
 3198 0004 0D46     		mov	r5, r1
1759:./trace/SEGGER/SEGGER_RTT.c ****   int r;
 3199              		.loc 1 1759 3 is_stmt 1 view .LVU946
1760:./trace/SEGGER/SEGGER_RTT.c ****   volatile SEGGER_RTT_CB* pRTTCB;
 3200              		.loc 1 1760 3 view .LVU947
1761:./trace/SEGGER/SEGGER_RTT.c ****   volatile SEGGER_RTT_BUFFER_UP* pUp;
 3201              		.loc 1 1761 3 view .LVU948
1762:./trace/SEGGER/SEGGER_RTT.c **** 
1763:./trace/SEGGER/SEGGER_RTT.c ****   INIT();
 3202              		.loc 1 1763 3 view .LVU949
 3203              	.LBB38:
 3204              		.loc 1 1763 3 view .LVU950
 3205              		.loc 1 1763 3 view .LVU951
 3206              	.LVL309:
 3207              		.loc 1 1763 3 view .LVU952
 3208 0006 0E4B     		ldr	r3, .L200
 3209 0008 1B78     		ldrb	r3, [r3]	@ zero_extendqisi2
 3210 000a 532B     		cmp	r3, #83
 3211 000c 11D1     		bne	.L199
 3212              	.LVL310:
 3213              	.L195:
ARM GAS  /tmp/ccZ5iSyA.s 			page 93


 3214              		.loc 1 1763 3 is_stmt 0 view .LVU953
 3215              	.LBE38:
 3216              		.loc 1 1763 3 is_stmt 1 discriminator 3 view .LVU954
1764:./trace/SEGGER/SEGGER_RTT.c ****   pRTTCB = (volatile SEGGER_RTT_CB*)((uintptr_t)&_SEGGER_RTT + SEGGER_RTT_UNCACHED_OFF);  // Access
 3217              		.loc 1 1764 3 view .LVU955
1765:./trace/SEGGER/SEGGER_RTT.c ****   if (BufferIndex < SEGGER_RTT_MAX_NUM_UP_BUFFERS) {
 3218              		.loc 1 1765 3 view .LVU956
 3219              		.loc 1 1765 6 is_stmt 0 view .LVU957
 3220 000e 022C     		cmp	r4, #2
 3221 0010 12D8     		bhi	.L197
 3222              	.LBB39:
1766:./trace/SEGGER/SEGGER_RTT.c ****     SEGGER_RTT_LOCK();
 3223              		.loc 1 1766 5 is_stmt 1 view .LVU958
 3224              		.loc 1 1766 5 view .LVU959
 3225              		.syntax unified
 3226              	@ 1766 "./trace/SEGGER/SEGGER_RTT.c" 1
 3227 0012 EFF31183 		mrs   r3, basepri  
 3228 0016 4FF02001 		mov   r1, #32       
 3229 001a 81F31188 		msr   basepri, r1  
 3230              		
 3231              	@ 0 "" 2
 3232              	.LVL311:
 3233              		.loc 1 1766 22 view .LVU960
1767:./trace/SEGGER/SEGGER_RTT.c ****     pUp = &pRTTCB->aUp[BufferIndex];
 3234              		.loc 1 1767 5 view .LVU961
1768:./trace/SEGGER/SEGGER_RTT.c ****     pUp->sName = sName;
 3235              		.loc 1 1768 5 view .LVU962
 3236              		.loc 1 1768 16 is_stmt 0 view .LVU963
 3237              		.thumb
 3238              		.syntax unified
 3239 001e 0134     		adds	r4, r4, #1
 3240              	.LVL312:
 3241              		.loc 1 1768 16 view .LVU964
 3242 0020 04EB4404 		add	r4, r4, r4, lsl #1
 3243              	.LVL313:
 3244              		.loc 1 1768 16 view .LVU965
 3245 0024 E400     		lsls	r4, r4, #3
 3246 0026 064A     		ldr	r2, .L200
 3247 0028 1551     		str	r5, [r2, r4]
1769:./trace/SEGGER/SEGGER_RTT.c ****     SEGGER_RTT_UNLOCK();
 3248              		.loc 1 1769 5 is_stmt 1 view .LVU966
 3249              		.syntax unified
 3250              	@ 1769 "./trace/SEGGER/SEGGER_RTT.c" 1
 3251 002a 83F31188 		msr   basepri, r3  
 3252              		
 3253              	@ 0 "" 2
 3254              		.thumb
 3255              		.syntax unified
 3256              	.LBE39:
 3257              		.loc 1 1769 24 view .LVU967
1770:./trace/SEGGER/SEGGER_RTT.c ****     r =  0;
 3258              		.loc 1 1770 5 view .LVU968
 3259              	.LVL314:
 3260              		.loc 1 1770 7 is_stmt 0 view .LVU969
 3261 002e 0020     		movs	r0, #0
 3262              	.LVL315:
 3263              	.L194:
ARM GAS  /tmp/ccZ5iSyA.s 			page 94


1771:./trace/SEGGER/SEGGER_RTT.c ****   } else {
1772:./trace/SEGGER/SEGGER_RTT.c ****     r = -1;
1773:./trace/SEGGER/SEGGER_RTT.c ****   }
1774:./trace/SEGGER/SEGGER_RTT.c ****   return r;
1775:./trace/SEGGER/SEGGER_RTT.c **** }
 3264              		.loc 1 1775 1 view .LVU970
 3265 0030 38BD     		pop	{r3, r4, r5, pc}
 3266              	.LVL316:
 3267              	.L199:
 3268              	.LBB40:
1763:./trace/SEGGER/SEGGER_RTT.c ****   pRTTCB = (volatile SEGGER_RTT_CB*)((uintptr_t)&_SEGGER_RTT + SEGGER_RTT_UNCACHED_OFF);  // Access
 3269              		.loc 1 1763 3 is_stmt 1 discriminator 1 view .LVU971
 3270 0032 FFF7FEFF 		bl	_DoInit
 3271              	.LVL317:
1763:./trace/SEGGER/SEGGER_RTT.c ****   pRTTCB = (volatile SEGGER_RTT_CB*)((uintptr_t)&_SEGGER_RTT + SEGGER_RTT_UNCACHED_OFF);  // Access
 3272              		.loc 1 1763 3 is_stmt 0 discriminator 1 view .LVU972
 3273 0036 EAE7     		b	.L195
 3274              	.LVL318:
 3275              	.L197:
1763:./trace/SEGGER/SEGGER_RTT.c ****   pRTTCB = (volatile SEGGER_RTT_CB*)((uintptr_t)&_SEGGER_RTT + SEGGER_RTT_UNCACHED_OFF);  // Access
 3276              		.loc 1 1763 3 discriminator 1 view .LVU973
 3277              	.LBE40:
1772:./trace/SEGGER/SEGGER_RTT.c ****   }
 3278              		.loc 1 1772 7 view .LVU974
 3279 0038 4FF0FF30 		mov	r0, #-1
 3280              	.LVL319:
1774:./trace/SEGGER/SEGGER_RTT.c **** }
 3281              		.loc 1 1774 3 is_stmt 1 view .LVU975
1774:./trace/SEGGER/SEGGER_RTT.c **** }
 3282              		.loc 1 1774 10 is_stmt 0 view .LVU976
 3283 003c F8E7     		b	.L194
 3284              	.L201:
 3285 003e 00BF     		.align	2
 3286              	.L200:
 3287 0040 00000000 		.word	_SEGGER_RTT
 3288              		.cfi_endproc
 3289              	.LFE27:
 3291              		.section	.text.SEGGER_RTT_SetNameDownBuffer,"ax",%progbits
 3292              		.align	1
 3293              		.global	SEGGER_RTT_SetNameDownBuffer
 3294              		.syntax unified
 3295              		.thumb
 3296              		.thumb_func
 3298              	SEGGER_RTT_SetNameDownBuffer:
 3299              	.LVL320:
 3300              	.LFB28:
1776:./trace/SEGGER/SEGGER_RTT.c **** 
1777:./trace/SEGGER/SEGGER_RTT.c **** /*********************************************************************
1778:./trace/SEGGER/SEGGER_RTT.c **** *
1779:./trace/SEGGER/SEGGER_RTT.c **** *       SEGGER_RTT_SetNameDownBuffer
1780:./trace/SEGGER/SEGGER_RTT.c **** *
1781:./trace/SEGGER/SEGGER_RTT.c **** *  Function description
1782:./trace/SEGGER/SEGGER_RTT.c **** *    Run-time configuration of a specific Down-buffer name (T->H).
1783:./trace/SEGGER/SEGGER_RTT.c **** *    Buffer to be configured is specified by index.
1784:./trace/SEGGER/SEGGER_RTT.c **** *
1785:./trace/SEGGER/SEGGER_RTT.c **** *  Parameters
1786:./trace/SEGGER/SEGGER_RTT.c **** *    BufferIndex  Index of the buffer to renamed.
ARM GAS  /tmp/ccZ5iSyA.s 			page 95


1787:./trace/SEGGER/SEGGER_RTT.c **** *    sName        Pointer to a constant name string.
1788:./trace/SEGGER/SEGGER_RTT.c **** *
1789:./trace/SEGGER/SEGGER_RTT.c **** *  Return value
1790:./trace/SEGGER/SEGGER_RTT.c **** *    >= 0  O.K.
1791:./trace/SEGGER/SEGGER_RTT.c **** *     < 0  Error
1792:./trace/SEGGER/SEGGER_RTT.c **** */
1793:./trace/SEGGER/SEGGER_RTT.c **** int SEGGER_RTT_SetNameDownBuffer(unsigned BufferIndex, const char* sName) {
 3301              		.loc 1 1793 75 is_stmt 1 view -0
 3302              		.cfi_startproc
 3303              		@ args = 0, pretend = 0, frame = 0
 3304              		@ frame_needed = 0, uses_anonymous_args = 0
 3305              		.loc 1 1793 75 is_stmt 0 view .LVU978
 3306 0000 38B5     		push	{r3, r4, r5, lr}
 3307              	.LCFI32:
 3308              		.cfi_def_cfa_offset 16
 3309              		.cfi_offset 3, -16
 3310              		.cfi_offset 4, -12
 3311              		.cfi_offset 5, -8
 3312              		.cfi_offset 14, -4
 3313 0002 0446     		mov	r4, r0
 3314 0004 0D46     		mov	r5, r1
1794:./trace/SEGGER/SEGGER_RTT.c ****   int r;
 3315              		.loc 1 1794 3 is_stmt 1 view .LVU979
1795:./trace/SEGGER/SEGGER_RTT.c ****   volatile SEGGER_RTT_CB* pRTTCB;
 3316              		.loc 1 1795 3 view .LVU980
1796:./trace/SEGGER/SEGGER_RTT.c ****   volatile SEGGER_RTT_BUFFER_DOWN* pDown;
 3317              		.loc 1 1796 3 view .LVU981
1797:./trace/SEGGER/SEGGER_RTT.c **** 
1798:./trace/SEGGER/SEGGER_RTT.c ****   INIT();
 3318              		.loc 1 1798 3 view .LVU982
 3319              	.LBB41:
 3320              		.loc 1 1798 3 view .LVU983
 3321              		.loc 1 1798 3 view .LVU984
 3322              	.LVL321:
 3323              		.loc 1 1798 3 view .LVU985
 3324 0006 0E4B     		ldr	r3, .L208
 3325 0008 1B78     		ldrb	r3, [r3]	@ zero_extendqisi2
 3326 000a 532B     		cmp	r3, #83
 3327 000c 11D1     		bne	.L207
 3328              	.LVL322:
 3329              	.L203:
 3330              		.loc 1 1798 3 is_stmt 0 view .LVU986
 3331              	.LBE41:
 3332              		.loc 1 1798 3 is_stmt 1 discriminator 3 view .LVU987
1799:./trace/SEGGER/SEGGER_RTT.c ****   pRTTCB = (volatile SEGGER_RTT_CB*)((uintptr_t)&_SEGGER_RTT + SEGGER_RTT_UNCACHED_OFF);  // Access
 3333              		.loc 1 1799 3 view .LVU988
1800:./trace/SEGGER/SEGGER_RTT.c ****   if (BufferIndex < SEGGER_RTT_MAX_NUM_DOWN_BUFFERS) {
 3334              		.loc 1 1800 3 view .LVU989
 3335              		.loc 1 1800 6 is_stmt 0 view .LVU990
 3336 000e 022C     		cmp	r4, #2
 3337 0010 12D8     		bhi	.L205
 3338              	.LBB42:
1801:./trace/SEGGER/SEGGER_RTT.c ****     SEGGER_RTT_LOCK();
 3339              		.loc 1 1801 5 is_stmt 1 view .LVU991
 3340              		.loc 1 1801 5 view .LVU992
 3341              		.syntax unified
 3342              	@ 1801 "./trace/SEGGER/SEGGER_RTT.c" 1
ARM GAS  /tmp/ccZ5iSyA.s 			page 96


 3343 0012 EFF31182 		mrs   r2, basepri  
 3344 0016 4FF02001 		mov   r1, #32       
 3345 001a 81F31188 		msr   basepri, r1  
 3346              		
 3347              	@ 0 "" 2
 3348              	.LVL323:
 3349              		.loc 1 1801 22 view .LVU993
1802:./trace/SEGGER/SEGGER_RTT.c ****     pDown = &pRTTCB->aDown[BufferIndex];
 3350              		.loc 1 1802 5 view .LVU994
1803:./trace/SEGGER/SEGGER_RTT.c ****     pDown->sName = sName;
 3351              		.loc 1 1803 5 view .LVU995
 3352              		.loc 1 1803 18 is_stmt 0 view .LVU996
 3353              		.thumb
 3354              		.syntax unified
 3355 001e 04EB4404 		add	r4, r4, r4, lsl #1
 3356              	.LVL324:
 3357              		.loc 1 1803 18 view .LVU997
 3358 0022 074B     		ldr	r3, .L208
 3359 0024 03EBC403 		add	r3, r3, r4, lsl #3
 3360 0028 1D66     		str	r5, [r3, #96]
1804:./trace/SEGGER/SEGGER_RTT.c ****     SEGGER_RTT_UNLOCK();
 3361              		.loc 1 1804 5 is_stmt 1 view .LVU998
 3362              		.syntax unified
 3363              	@ 1804 "./trace/SEGGER/SEGGER_RTT.c" 1
 3364 002a 82F31188 		msr   basepri, r2  
 3365              		
 3366              	@ 0 "" 2
 3367              		.thumb
 3368              		.syntax unified
 3369              	.LBE42:
 3370              		.loc 1 1804 24 view .LVU999
1805:./trace/SEGGER/SEGGER_RTT.c ****     r =  0;
 3371              		.loc 1 1805 5 view .LVU1000
 3372              	.LVL325:
 3373              		.loc 1 1805 7 is_stmt 0 view .LVU1001
 3374 002e 0020     		movs	r0, #0
 3375              	.LVL326:
 3376              	.L202:
1806:./trace/SEGGER/SEGGER_RTT.c ****   } else {
1807:./trace/SEGGER/SEGGER_RTT.c ****     r = -1;
1808:./trace/SEGGER/SEGGER_RTT.c ****   }
1809:./trace/SEGGER/SEGGER_RTT.c ****   return r;
1810:./trace/SEGGER/SEGGER_RTT.c **** }
 3377              		.loc 1 1810 1 view .LVU1002
 3378 0030 38BD     		pop	{r3, r4, r5, pc}
 3379              	.LVL327:
 3380              	.L207:
 3381              	.LBB43:
1798:./trace/SEGGER/SEGGER_RTT.c ****   pRTTCB = (volatile SEGGER_RTT_CB*)((uintptr_t)&_SEGGER_RTT + SEGGER_RTT_UNCACHED_OFF);  // Access
 3382              		.loc 1 1798 3 is_stmt 1 discriminator 1 view .LVU1003
 3383 0032 FFF7FEFF 		bl	_DoInit
 3384              	.LVL328:
1798:./trace/SEGGER/SEGGER_RTT.c ****   pRTTCB = (volatile SEGGER_RTT_CB*)((uintptr_t)&_SEGGER_RTT + SEGGER_RTT_UNCACHED_OFF);  // Access
 3385              		.loc 1 1798 3 is_stmt 0 discriminator 1 view .LVU1004
 3386 0036 EAE7     		b	.L203
 3387              	.LVL329:
 3388              	.L205:
ARM GAS  /tmp/ccZ5iSyA.s 			page 97


1798:./trace/SEGGER/SEGGER_RTT.c ****   pRTTCB = (volatile SEGGER_RTT_CB*)((uintptr_t)&_SEGGER_RTT + SEGGER_RTT_UNCACHED_OFF);  // Access
 3389              		.loc 1 1798 3 discriminator 1 view .LVU1005
 3390              	.LBE43:
1807:./trace/SEGGER/SEGGER_RTT.c ****   }
 3391              		.loc 1 1807 7 view .LVU1006
 3392 0038 4FF0FF30 		mov	r0, #-1
 3393              	.LVL330:
1809:./trace/SEGGER/SEGGER_RTT.c **** }
 3394              		.loc 1 1809 3 is_stmt 1 view .LVU1007
1809:./trace/SEGGER/SEGGER_RTT.c **** }
 3395              		.loc 1 1809 10 is_stmt 0 view .LVU1008
 3396 003c F8E7     		b	.L202
 3397              	.L209:
 3398 003e 00BF     		.align	2
 3399              	.L208:
 3400 0040 00000000 		.word	_SEGGER_RTT
 3401              		.cfi_endproc
 3402              	.LFE28:
 3404              		.section	.text.SEGGER_RTT_SetFlagsUpBuffer,"ax",%progbits
 3405              		.align	1
 3406              		.global	SEGGER_RTT_SetFlagsUpBuffer
 3407              		.syntax unified
 3408              		.thumb
 3409              		.thumb_func
 3411              	SEGGER_RTT_SetFlagsUpBuffer:
 3412              	.LVL331:
 3413              	.LFB29:
1811:./trace/SEGGER/SEGGER_RTT.c **** 
1812:./trace/SEGGER/SEGGER_RTT.c **** /*********************************************************************
1813:./trace/SEGGER/SEGGER_RTT.c **** *
1814:./trace/SEGGER/SEGGER_RTT.c **** *       SEGGER_RTT_SetFlagsUpBuffer
1815:./trace/SEGGER/SEGGER_RTT.c **** *
1816:./trace/SEGGER/SEGGER_RTT.c **** *  Function description
1817:./trace/SEGGER/SEGGER_RTT.c **** *    Run-time configuration of specific up-buffer flags (T->H).
1818:./trace/SEGGER/SEGGER_RTT.c **** *    Buffer to be configured is specified by index.
1819:./trace/SEGGER/SEGGER_RTT.c **** *
1820:./trace/SEGGER/SEGGER_RTT.c **** *  Parameters
1821:./trace/SEGGER/SEGGER_RTT.c **** *    BufferIndex  Index of the buffer.
1822:./trace/SEGGER/SEGGER_RTT.c **** *    Flags        Flags to set for the buffer.
1823:./trace/SEGGER/SEGGER_RTT.c **** *                 Flags[31:24] are used for validity check and must be zero. Flags[23:2] are reserv
1824:./trace/SEGGER/SEGGER_RTT.c **** *
1825:./trace/SEGGER/SEGGER_RTT.c **** *  Return value
1826:./trace/SEGGER/SEGGER_RTT.c **** *    >= 0  O.K.
1827:./trace/SEGGER/SEGGER_RTT.c **** *     < 0  Error
1828:./trace/SEGGER/SEGGER_RTT.c **** */
1829:./trace/SEGGER/SEGGER_RTT.c **** int SEGGER_RTT_SetFlagsUpBuffer(unsigned BufferIndex, unsigned Flags) {
 3414              		.loc 1 1829 71 is_stmt 1 view -0
 3415              		.cfi_startproc
 3416              		@ args = 0, pretend = 0, frame = 0
 3417              		@ frame_needed = 0, uses_anonymous_args = 0
 3418              		.loc 1 1829 71 is_stmt 0 view .LVU1010
 3419 0000 38B5     		push	{r3, r4, r5, lr}
 3420              	.LCFI33:
 3421              		.cfi_def_cfa_offset 16
 3422              		.cfi_offset 3, -16
 3423              		.cfi_offset 4, -12
 3424              		.cfi_offset 5, -8
ARM GAS  /tmp/ccZ5iSyA.s 			page 98


 3425              		.cfi_offset 14, -4
 3426 0002 0446     		mov	r4, r0
 3427 0004 0D46     		mov	r5, r1
1830:./trace/SEGGER/SEGGER_RTT.c ****   int r;
 3428              		.loc 1 1830 3 is_stmt 1 view .LVU1011
1831:./trace/SEGGER/SEGGER_RTT.c ****   volatile SEGGER_RTT_CB* pRTTCB;
 3429              		.loc 1 1831 3 view .LVU1012
1832:./trace/SEGGER/SEGGER_RTT.c ****   volatile SEGGER_RTT_BUFFER_UP* pUp;
 3430              		.loc 1 1832 3 view .LVU1013
1833:./trace/SEGGER/SEGGER_RTT.c **** 
1834:./trace/SEGGER/SEGGER_RTT.c ****   INIT();
 3431              		.loc 1 1834 3 view .LVU1014
 3432              	.LBB44:
 3433              		.loc 1 1834 3 view .LVU1015
 3434              		.loc 1 1834 3 view .LVU1016
 3435              	.LVL332:
 3436              		.loc 1 1834 3 view .LVU1017
 3437 0006 0E4B     		ldr	r3, .L216
 3438 0008 1B78     		ldrb	r3, [r3]	@ zero_extendqisi2
 3439 000a 532B     		cmp	r3, #83
 3440 000c 11D1     		bne	.L215
 3441              	.LVL333:
 3442              	.L211:
 3443              		.loc 1 1834 3 is_stmt 0 view .LVU1018
 3444              	.LBE44:
 3445              		.loc 1 1834 3 is_stmt 1 discriminator 3 view .LVU1019
1835:./trace/SEGGER/SEGGER_RTT.c ****   pRTTCB = (volatile SEGGER_RTT_CB*)((uintptr_t)&_SEGGER_RTT + SEGGER_RTT_UNCACHED_OFF);  // Access
 3446              		.loc 1 1835 3 view .LVU1020
1836:./trace/SEGGER/SEGGER_RTT.c ****   if (BufferIndex < SEGGER_RTT_MAX_NUM_UP_BUFFERS) {
 3447              		.loc 1 1836 3 view .LVU1021
 3448              		.loc 1 1836 6 is_stmt 0 view .LVU1022
 3449 000e 022C     		cmp	r4, #2
 3450 0010 12D8     		bhi	.L213
 3451              	.LBB45:
1837:./trace/SEGGER/SEGGER_RTT.c ****     SEGGER_RTT_LOCK();
 3452              		.loc 1 1837 5 is_stmt 1 view .LVU1023
 3453              		.loc 1 1837 5 view .LVU1024
 3454              		.syntax unified
 3455              	@ 1837 "./trace/SEGGER/SEGGER_RTT.c" 1
 3456 0012 EFF31182 		mrs   r2, basepri  
 3457 0016 4FF02001 		mov   r1, #32       
 3458 001a 81F31188 		msr   basepri, r1  
 3459              		
 3460              	@ 0 "" 2
 3461              	.LVL334:
 3462              		.loc 1 1837 22 view .LVU1025
1838:./trace/SEGGER/SEGGER_RTT.c ****     pUp = &pRTTCB->aUp[BufferIndex];
 3463              		.loc 1 1838 5 view .LVU1026
1839:./trace/SEGGER/SEGGER_RTT.c ****     pUp->Flags = Flags;
 3464              		.loc 1 1839 5 view .LVU1027
 3465              		.loc 1 1839 16 is_stmt 0 view .LVU1028
 3466              		.thumb
 3467              		.syntax unified
 3468 001e 04EB4404 		add	r4, r4, r4, lsl #1
 3469              	.LVL335:
 3470              		.loc 1 1839 16 view .LVU1029
 3471 0022 074B     		ldr	r3, .L216
ARM GAS  /tmp/ccZ5iSyA.s 			page 99


 3472 0024 03EBC403 		add	r3, r3, r4, lsl #3
 3473 0028 DD62     		str	r5, [r3, #44]
1840:./trace/SEGGER/SEGGER_RTT.c ****     SEGGER_RTT_UNLOCK();
 3474              		.loc 1 1840 5 is_stmt 1 view .LVU1030
 3475              		.syntax unified
 3476              	@ 1840 "./trace/SEGGER/SEGGER_RTT.c" 1
 3477 002a 82F31188 		msr   basepri, r2  
 3478              		
 3479              	@ 0 "" 2
 3480              		.thumb
 3481              		.syntax unified
 3482              	.LBE45:
 3483              		.loc 1 1840 24 view .LVU1031
1841:./trace/SEGGER/SEGGER_RTT.c ****     r =  0;
 3484              		.loc 1 1841 5 view .LVU1032
 3485              	.LVL336:
 3486              		.loc 1 1841 7 is_stmt 0 view .LVU1033
 3487 002e 0020     		movs	r0, #0
 3488              	.LVL337:
 3489              	.L210:
1842:./trace/SEGGER/SEGGER_RTT.c ****   } else {
1843:./trace/SEGGER/SEGGER_RTT.c ****     r = -1;
1844:./trace/SEGGER/SEGGER_RTT.c ****   }
1845:./trace/SEGGER/SEGGER_RTT.c ****   return r;
1846:./trace/SEGGER/SEGGER_RTT.c **** }
 3490              		.loc 1 1846 1 view .LVU1034
 3491 0030 38BD     		pop	{r3, r4, r5, pc}
 3492              	.LVL338:
 3493              	.L215:
 3494              	.LBB46:
1834:./trace/SEGGER/SEGGER_RTT.c ****   pRTTCB = (volatile SEGGER_RTT_CB*)((uintptr_t)&_SEGGER_RTT + SEGGER_RTT_UNCACHED_OFF);  // Access
 3495              		.loc 1 1834 3 is_stmt 1 discriminator 1 view .LVU1035
 3496 0032 FFF7FEFF 		bl	_DoInit
 3497              	.LVL339:
1834:./trace/SEGGER/SEGGER_RTT.c ****   pRTTCB = (volatile SEGGER_RTT_CB*)((uintptr_t)&_SEGGER_RTT + SEGGER_RTT_UNCACHED_OFF);  // Access
 3498              		.loc 1 1834 3 is_stmt 0 discriminator 1 view .LVU1036
 3499 0036 EAE7     		b	.L211
 3500              	.LVL340:
 3501              	.L213:
1834:./trace/SEGGER/SEGGER_RTT.c ****   pRTTCB = (volatile SEGGER_RTT_CB*)((uintptr_t)&_SEGGER_RTT + SEGGER_RTT_UNCACHED_OFF);  // Access
 3502              		.loc 1 1834 3 discriminator 1 view .LVU1037
 3503              	.LBE46:
1843:./trace/SEGGER/SEGGER_RTT.c ****   }
 3504              		.loc 1 1843 7 view .LVU1038
 3505 0038 4FF0FF30 		mov	r0, #-1
 3506              	.LVL341:
1845:./trace/SEGGER/SEGGER_RTT.c **** }
 3507              		.loc 1 1845 3 is_stmt 1 view .LVU1039
1845:./trace/SEGGER/SEGGER_RTT.c **** }
 3508              		.loc 1 1845 10 is_stmt 0 view .LVU1040
 3509 003c F8E7     		b	.L210
 3510              	.L217:
 3511 003e 00BF     		.align	2
 3512              	.L216:
 3513 0040 00000000 		.word	_SEGGER_RTT
 3514              		.cfi_endproc
 3515              	.LFE29:
ARM GAS  /tmp/ccZ5iSyA.s 			page 100


 3517              		.section	.text.SEGGER_RTT_SetFlagsDownBuffer,"ax",%progbits
 3518              		.align	1
 3519              		.global	SEGGER_RTT_SetFlagsDownBuffer
 3520              		.syntax unified
 3521              		.thumb
 3522              		.thumb_func
 3524              	SEGGER_RTT_SetFlagsDownBuffer:
 3525              	.LVL342:
 3526              	.LFB30:
1847:./trace/SEGGER/SEGGER_RTT.c **** 
1848:./trace/SEGGER/SEGGER_RTT.c **** /*********************************************************************
1849:./trace/SEGGER/SEGGER_RTT.c **** *
1850:./trace/SEGGER/SEGGER_RTT.c **** *       SEGGER_RTT_SetFlagsDownBuffer
1851:./trace/SEGGER/SEGGER_RTT.c **** *
1852:./trace/SEGGER/SEGGER_RTT.c **** *  Function description
1853:./trace/SEGGER/SEGGER_RTT.c **** *    Run-time configuration of specific Down-buffer flags (T->H).
1854:./trace/SEGGER/SEGGER_RTT.c **** *    Buffer to be configured is specified by index.
1855:./trace/SEGGER/SEGGER_RTT.c **** *
1856:./trace/SEGGER/SEGGER_RTT.c **** *  Parameters
1857:./trace/SEGGER/SEGGER_RTT.c **** *    BufferIndex  Index of the buffer to renamed.
1858:./trace/SEGGER/SEGGER_RTT.c **** *    Flags        Flags to set for the buffer.
1859:./trace/SEGGER/SEGGER_RTT.c **** *                 Flags[31:24] are used for validity check and must be zero. Flags[23:2] are reserv
1860:./trace/SEGGER/SEGGER_RTT.c **** *
1861:./trace/SEGGER/SEGGER_RTT.c **** *  Return value
1862:./trace/SEGGER/SEGGER_RTT.c **** *    >= 0  O.K.
1863:./trace/SEGGER/SEGGER_RTT.c **** *     < 0  Error
1864:./trace/SEGGER/SEGGER_RTT.c **** */
1865:./trace/SEGGER/SEGGER_RTT.c **** int SEGGER_RTT_SetFlagsDownBuffer(unsigned BufferIndex, unsigned Flags) {
 3527              		.loc 1 1865 73 is_stmt 1 view -0
 3528              		.cfi_startproc
 3529              		@ args = 0, pretend = 0, frame = 0
 3530              		@ frame_needed = 0, uses_anonymous_args = 0
 3531              		.loc 1 1865 73 is_stmt 0 view .LVU1042
 3532 0000 38B5     		push	{r3, r4, r5, lr}
 3533              	.LCFI34:
 3534              		.cfi_def_cfa_offset 16
 3535              		.cfi_offset 3, -16
 3536              		.cfi_offset 4, -12
 3537              		.cfi_offset 5, -8
 3538              		.cfi_offset 14, -4
 3539 0002 0446     		mov	r4, r0
 3540 0004 0D46     		mov	r5, r1
1866:./trace/SEGGER/SEGGER_RTT.c ****   int r;
 3541              		.loc 1 1866 3 is_stmt 1 view .LVU1043
1867:./trace/SEGGER/SEGGER_RTT.c ****   volatile SEGGER_RTT_CB* pRTTCB;
 3542              		.loc 1 1867 3 view .LVU1044
1868:./trace/SEGGER/SEGGER_RTT.c ****   volatile SEGGER_RTT_BUFFER_DOWN* pDown;
 3543              		.loc 1 1868 3 view .LVU1045
1869:./trace/SEGGER/SEGGER_RTT.c **** 
1870:./trace/SEGGER/SEGGER_RTT.c ****   INIT();
 3544              		.loc 1 1870 3 view .LVU1046
 3545              	.LBB47:
 3546              		.loc 1 1870 3 view .LVU1047
 3547              		.loc 1 1870 3 view .LVU1048
 3548              	.LVL343:
 3549              		.loc 1 1870 3 view .LVU1049
 3550 0006 0E4B     		ldr	r3, .L224
ARM GAS  /tmp/ccZ5iSyA.s 			page 101


 3551 0008 1B78     		ldrb	r3, [r3]	@ zero_extendqisi2
 3552 000a 532B     		cmp	r3, #83
 3553 000c 11D1     		bne	.L223
 3554              	.LVL344:
 3555              	.L219:
 3556              		.loc 1 1870 3 is_stmt 0 view .LVU1050
 3557              	.LBE47:
 3558              		.loc 1 1870 3 is_stmt 1 discriminator 3 view .LVU1051
1871:./trace/SEGGER/SEGGER_RTT.c ****   pRTTCB = (volatile SEGGER_RTT_CB*)((uintptr_t)&_SEGGER_RTT + SEGGER_RTT_UNCACHED_OFF);  // Access
 3559              		.loc 1 1871 3 view .LVU1052
1872:./trace/SEGGER/SEGGER_RTT.c ****   if (BufferIndex < SEGGER_RTT_MAX_NUM_DOWN_BUFFERS) {
 3560              		.loc 1 1872 3 view .LVU1053
 3561              		.loc 1 1872 6 is_stmt 0 view .LVU1054
 3562 000e 022C     		cmp	r4, #2
 3563 0010 12D8     		bhi	.L221
 3564              	.LBB48:
1873:./trace/SEGGER/SEGGER_RTT.c ****     SEGGER_RTT_LOCK();
 3565              		.loc 1 1873 5 is_stmt 1 view .LVU1055
 3566              		.loc 1 1873 5 view .LVU1056
 3567              		.syntax unified
 3568              	@ 1873 "./trace/SEGGER/SEGGER_RTT.c" 1
 3569 0012 EFF31182 		mrs   r2, basepri  
 3570 0016 4FF02001 		mov   r1, #32       
 3571 001a 81F31188 		msr   basepri, r1  
 3572              		
 3573              	@ 0 "" 2
 3574              	.LVL345:
 3575              		.loc 1 1873 22 view .LVU1057
1874:./trace/SEGGER/SEGGER_RTT.c ****     pDown = &pRTTCB->aDown[BufferIndex];
 3576              		.loc 1 1874 5 view .LVU1058
1875:./trace/SEGGER/SEGGER_RTT.c ****     pDown->Flags = Flags;
 3577              		.loc 1 1875 5 view .LVU1059
 3578              		.loc 1 1875 18 is_stmt 0 view .LVU1060
 3579              		.thumb
 3580              		.syntax unified
 3581 001e 04EB4404 		add	r4, r4, r4, lsl #1
 3582              	.LVL346:
 3583              		.loc 1 1875 18 view .LVU1061
 3584 0022 074B     		ldr	r3, .L224
 3585 0024 03EBC403 		add	r3, r3, r4, lsl #3
 3586 0028 5D67     		str	r5, [r3, #116]
1876:./trace/SEGGER/SEGGER_RTT.c ****     SEGGER_RTT_UNLOCK();
 3587              		.loc 1 1876 5 is_stmt 1 view .LVU1062
 3588              		.syntax unified
 3589              	@ 1876 "./trace/SEGGER/SEGGER_RTT.c" 1
 3590 002a 82F31188 		msr   basepri, r2  
 3591              		
 3592              	@ 0 "" 2
 3593              		.thumb
 3594              		.syntax unified
 3595              	.LBE48:
 3596              		.loc 1 1876 24 view .LVU1063
1877:./trace/SEGGER/SEGGER_RTT.c ****     r =  0;
 3597              		.loc 1 1877 5 view .LVU1064
 3598              	.LVL347:
 3599              		.loc 1 1877 7 is_stmt 0 view .LVU1065
 3600 002e 0020     		movs	r0, #0
ARM GAS  /tmp/ccZ5iSyA.s 			page 102


 3601              	.LVL348:
 3602              	.L218:
1878:./trace/SEGGER/SEGGER_RTT.c ****   } else {
1879:./trace/SEGGER/SEGGER_RTT.c ****     r = -1;
1880:./trace/SEGGER/SEGGER_RTT.c ****   }
1881:./trace/SEGGER/SEGGER_RTT.c ****   return r;
1882:./trace/SEGGER/SEGGER_RTT.c **** }
 3603              		.loc 1 1882 1 view .LVU1066
 3604 0030 38BD     		pop	{r3, r4, r5, pc}
 3605              	.LVL349:
 3606              	.L223:
 3607              	.LBB49:
1870:./trace/SEGGER/SEGGER_RTT.c ****   pRTTCB = (volatile SEGGER_RTT_CB*)((uintptr_t)&_SEGGER_RTT + SEGGER_RTT_UNCACHED_OFF);  // Access
 3608              		.loc 1 1870 3 is_stmt 1 discriminator 1 view .LVU1067
 3609 0032 FFF7FEFF 		bl	_DoInit
 3610              	.LVL350:
1870:./trace/SEGGER/SEGGER_RTT.c ****   pRTTCB = (volatile SEGGER_RTT_CB*)((uintptr_t)&_SEGGER_RTT + SEGGER_RTT_UNCACHED_OFF);  // Access
 3611              		.loc 1 1870 3 is_stmt 0 discriminator 1 view .LVU1068
 3612 0036 EAE7     		b	.L219
 3613              	.LVL351:
 3614              	.L221:
1870:./trace/SEGGER/SEGGER_RTT.c ****   pRTTCB = (volatile SEGGER_RTT_CB*)((uintptr_t)&_SEGGER_RTT + SEGGER_RTT_UNCACHED_OFF);  // Access
 3615              		.loc 1 1870 3 discriminator 1 view .LVU1069
 3616              	.LBE49:
1879:./trace/SEGGER/SEGGER_RTT.c ****   }
 3617              		.loc 1 1879 7 view .LVU1070
 3618 0038 4FF0FF30 		mov	r0, #-1
 3619              	.LVL352:
1881:./trace/SEGGER/SEGGER_RTT.c **** }
 3620              		.loc 1 1881 3 is_stmt 1 view .LVU1071
1881:./trace/SEGGER/SEGGER_RTT.c **** }
 3621              		.loc 1 1881 10 is_stmt 0 view .LVU1072
 3622 003c F8E7     		b	.L218
 3623              	.L225:
 3624 003e 00BF     		.align	2
 3625              	.L224:
 3626 0040 00000000 		.word	_SEGGER_RTT
 3627              		.cfi_endproc
 3628              	.LFE30:
 3630              		.section	.text.SEGGER_RTT_Init,"ax",%progbits
 3631              		.align	1
 3632              		.global	SEGGER_RTT_Init
 3633              		.syntax unified
 3634              		.thumb
 3635              		.thumb_func
 3637              	SEGGER_RTT_Init:
 3638              	.LFB31:
1883:./trace/SEGGER/SEGGER_RTT.c **** 
1884:./trace/SEGGER/SEGGER_RTT.c **** /*********************************************************************
1885:./trace/SEGGER/SEGGER_RTT.c **** *
1886:./trace/SEGGER/SEGGER_RTT.c **** *       SEGGER_RTT_Init
1887:./trace/SEGGER/SEGGER_RTT.c **** *
1888:./trace/SEGGER/SEGGER_RTT.c **** *  Function description
1889:./trace/SEGGER/SEGGER_RTT.c **** *    Initializes the RTT Control Block.
1890:./trace/SEGGER/SEGGER_RTT.c **** *    Should be used in RAM targets, at start of the application.
1891:./trace/SEGGER/SEGGER_RTT.c **** *
1892:./trace/SEGGER/SEGGER_RTT.c **** */
ARM GAS  /tmp/ccZ5iSyA.s 			page 103


1893:./trace/SEGGER/SEGGER_RTT.c **** void SEGGER_RTT_Init (void) {
 3639              		.loc 1 1893 29 is_stmt 1 view -0
 3640              		.cfi_startproc
 3641              		@ args = 0, pretend = 0, frame = 0
 3642              		@ frame_needed = 0, uses_anonymous_args = 0
 3643 0000 08B5     		push	{r3, lr}
 3644              	.LCFI35:
 3645              		.cfi_def_cfa_offset 8
 3646              		.cfi_offset 3, -8
 3647              		.cfi_offset 14, -4
1894:./trace/SEGGER/SEGGER_RTT.c ****   _DoInit();
 3648              		.loc 1 1894 3 view .LVU1074
 3649 0002 FFF7FEFF 		bl	_DoInit
 3650              	.LVL353:
1895:./trace/SEGGER/SEGGER_RTT.c **** }
 3651              		.loc 1 1895 1 is_stmt 0 view .LVU1075
 3652 0006 08BD     		pop	{r3, pc}
 3653              		.cfi_endproc
 3654              	.LFE31:
 3656              		.section	.text.SEGGER_RTT_SetTerminal,"ax",%progbits
 3657              		.align	1
 3658              		.global	SEGGER_RTT_SetTerminal
 3659              		.syntax unified
 3660              		.thumb
 3661              		.thumb_func
 3663              	SEGGER_RTT_SetTerminal:
 3664              	.LVL354:
 3665              	.LFB32:
1896:./trace/SEGGER/SEGGER_RTT.c **** 
1897:./trace/SEGGER/SEGGER_RTT.c **** /*********************************************************************
1898:./trace/SEGGER/SEGGER_RTT.c **** *
1899:./trace/SEGGER/SEGGER_RTT.c **** *       SEGGER_RTT_SetTerminal
1900:./trace/SEGGER/SEGGER_RTT.c **** *
1901:./trace/SEGGER/SEGGER_RTT.c **** *  Function description
1902:./trace/SEGGER/SEGGER_RTT.c **** *    Sets the terminal to be used for output on channel 0.
1903:./trace/SEGGER/SEGGER_RTT.c **** *
1904:./trace/SEGGER/SEGGER_RTT.c **** *  Parameters
1905:./trace/SEGGER/SEGGER_RTT.c **** *    TerminalId  Index of the terminal.
1906:./trace/SEGGER/SEGGER_RTT.c **** *
1907:./trace/SEGGER/SEGGER_RTT.c **** *  Return value
1908:./trace/SEGGER/SEGGER_RTT.c **** *    >= 0  O.K.
1909:./trace/SEGGER/SEGGER_RTT.c **** *     < 0  Error (e.g. if RTT is configured for non-blocking mode and there was no space in the buf
1910:./trace/SEGGER/SEGGER_RTT.c **** *
1911:./trace/SEGGER/SEGGER_RTT.c **** *  Notes
1912:./trace/SEGGER/SEGGER_RTT.c **** *    (1) Buffer 0 is always reserved for terminal I/O, so we can use index 0 here, fixed
1913:./trace/SEGGER/SEGGER_RTT.c **** */
1914:./trace/SEGGER/SEGGER_RTT.c **** int SEGGER_RTT_SetTerminal (unsigned char TerminalId) {
 3666              		.loc 1 1914 55 is_stmt 1 view -0
 3667              		.cfi_startproc
 3668              		@ args = 0, pretend = 0, frame = 8
 3669              		@ frame_needed = 0, uses_anonymous_args = 0
 3670              		.loc 1 1914 55 is_stmt 0 view .LVU1077
 3671 0000 30B5     		push	{r4, r5, lr}
 3672              	.LCFI36:
 3673              		.cfi_def_cfa_offset 12
 3674              		.cfi_offset 4, -12
 3675              		.cfi_offset 5, -8
ARM GAS  /tmp/ccZ5iSyA.s 			page 104


 3676              		.cfi_offset 14, -4
 3677 0002 83B0     		sub	sp, sp, #12
 3678              	.LCFI37:
 3679              		.cfi_def_cfa_offset 24
 3680 0004 0446     		mov	r4, r0
1915:./trace/SEGGER/SEGGER_RTT.c ****   unsigned char         ac[2];
 3681              		.loc 1 1915 3 is_stmt 1 view .LVU1078
1916:./trace/SEGGER/SEGGER_RTT.c ****   SEGGER_RTT_BUFFER_UP* pRing;
 3682              		.loc 1 1916 3 view .LVU1079
1917:./trace/SEGGER/SEGGER_RTT.c ****   unsigned Avail;
 3683              		.loc 1 1917 3 view .LVU1080
1918:./trace/SEGGER/SEGGER_RTT.c ****   int r;
 3684              		.loc 1 1918 3 view .LVU1081
1919:./trace/SEGGER/SEGGER_RTT.c **** 
1920:./trace/SEGGER/SEGGER_RTT.c ****   INIT();
 3685              		.loc 1 1920 3 view .LVU1082
 3686              	.LBB50:
 3687              		.loc 1 1920 3 view .LVU1083
 3688              		.loc 1 1920 3 view .LVU1084
 3689              	.LVL355:
 3690              		.loc 1 1920 3 view .LVU1085
 3691 0006 1E4B     		ldr	r3, .L239
 3692 0008 1B78     		ldrb	r3, [r3]	@ zero_extendqisi2
 3693 000a 532B     		cmp	r3, #83
 3694 000c 1FD1     		bne	.L236
 3695              	.LVL356:
 3696              	.L229:
 3697              		.loc 1 1920 3 is_stmt 0 view .LVU1086
 3698              	.LBE50:
 3699              		.loc 1 1920 3 is_stmt 1 discriminator 3 view .LVU1087
1921:./trace/SEGGER/SEGGER_RTT.c ****   r = 0;
 3700              		.loc 1 1921 3 view .LVU1088
1922:./trace/SEGGER/SEGGER_RTT.c ****   ac[0] = 0xFFu;
 3701              		.loc 1 1922 3 view .LVU1089
 3702              		.loc 1 1922 9 is_stmt 0 view .LVU1090
 3703 000e FF23     		movs	r3, #255
 3704 0010 8DF80430 		strb	r3, [sp, #4]
1923:./trace/SEGGER/SEGGER_RTT.c ****   if (TerminalId < sizeof(_aTerminalId)) { // We only support a certain number of channels
 3705              		.loc 1 1923 3 is_stmt 1 view .LVU1091
 3706              		.loc 1 1923 6 is_stmt 0 view .LVU1092
 3707 0014 0F2C     		cmp	r4, #15
 3708 0016 2FD8     		bhi	.L233
1924:./trace/SEGGER/SEGGER_RTT.c ****     ac[1] = _aTerminalId[TerminalId];
 3709              		.loc 1 1924 5 is_stmt 1 view .LVU1093
 3710              		.loc 1 1924 25 is_stmt 0 view .LVU1094
 3711 0018 1A4B     		ldr	r3, .L239+4
 3712 001a 1B5D     		ldrb	r3, [r3, r4]	@ zero_extendqisi2
 3713              		.loc 1 1924 11 view .LVU1095
 3714 001c 8DF80530 		strb	r3, [sp, #5]
1925:./trace/SEGGER/SEGGER_RTT.c ****     pRing = (SEGGER_RTT_BUFFER_UP*)((uintptr_t)&_SEGGER_RTT.aUp[0] + SEGGER_RTT_UNCACHED_OFF);  // 
 3715              		.loc 1 1925 5 is_stmt 1 view .LVU1096
 3716              	.LVL357:
 3717              	.LBB51:
1926:./trace/SEGGER/SEGGER_RTT.c ****     SEGGER_RTT_LOCK();                     // Lock to make sure that no other task is writing into 
 3718              		.loc 1 1926 5 view .LVU1097
 3719              		.loc 1 1926 5 view .LVU1098
 3720              		.syntax unified
ARM GAS  /tmp/ccZ5iSyA.s 			page 105


 3721              	@ 1926 "./trace/SEGGER/SEGGER_RTT.c" 1
 3722 0020 EFF31185 		mrs   r5, basepri  
 3723 0024 4FF02001 		mov   r1, #32       
 3724 0028 81F31188 		msr   basepri, r1  
 3725              		
 3726              	@ 0 "" 2
 3727              	.LVL358:
 3728              		.loc 1 1926 22 view .LVU1099
1927:./trace/SEGGER/SEGGER_RTT.c ****     if ((pRing->Flags & SEGGER_RTT_MODE_MASK) == SEGGER_RTT_MODE_BLOCK_IF_FIFO_FULL) {
 3729              		.loc 1 1927 5 view .LVU1100
 3730              		.loc 1 1927 15 is_stmt 0 view .LVU1101
 3731              		.thumb
 3732              		.syntax unified
 3733 002c 144B     		ldr	r3, .L239
 3734 002e DB6A     		ldr	r3, [r3, #44]
 3735              		.loc 1 1927 23 view .LVU1102
 3736 0030 03F00303 		and	r3, r3, #3
 3737              		.loc 1 1927 8 view .LVU1103
 3738 0034 022B     		cmp	r3, #2
 3739 0036 0DD0     		beq	.L237
1928:./trace/SEGGER/SEGGER_RTT.c ****       _ActiveTerminal = TerminalId;
1929:./trace/SEGGER/SEGGER_RTT.c ****       _WriteBlocking(pRing, (const char*)ac, 2u);
1930:./trace/SEGGER/SEGGER_RTT.c ****     } else {                                                                            // Skipping
1931:./trace/SEGGER/SEGGER_RTT.c ****       Avail = _GetAvailWriteSpace(pRing);
 3740              		.loc 1 1931 7 is_stmt 1 view .LVU1104
 3741              		.loc 1 1931 15 is_stmt 0 view .LVU1105
 3742 0038 1348     		ldr	r0, .L239+8
 3743              	.LVL359:
 3744              		.loc 1 1931 15 view .LVU1106
 3745 003a FFF7FEFF 		bl	_GetAvailWriteSpace
 3746              	.LVL360:
1932:./trace/SEGGER/SEGGER_RTT.c ****       if (Avail >= 2) {
 3747              		.loc 1 1932 7 is_stmt 1 view .LVU1107
 3748              		.loc 1 1932 10 is_stmt 0 view .LVU1108
 3749 003e 0128     		cmp	r0, #1
 3750 0040 11D8     		bhi	.L238
1933:./trace/SEGGER/SEGGER_RTT.c ****         _ActiveTerminal = TerminalId;    // Only change active terminal in case of success
1934:./trace/SEGGER/SEGGER_RTT.c ****         _WriteNoCheck(pRing, (const char*)ac, 2u);
1935:./trace/SEGGER/SEGGER_RTT.c ****       } else {
1936:./trace/SEGGER/SEGGER_RTT.c ****         r = -1;
 3751              		.loc 1 1936 11 view .LVU1109
 3752 0042 4FF0FF30 		mov	r0, #-1
 3753              	.LVL361:
 3754              	.L232:
1937:./trace/SEGGER/SEGGER_RTT.c ****       }
1938:./trace/SEGGER/SEGGER_RTT.c ****     }
1939:./trace/SEGGER/SEGGER_RTT.c ****     SEGGER_RTT_UNLOCK();
 3755              		.loc 1 1939 5 is_stmt 1 view .LVU1110
 3756              		.syntax unified
 3757              	@ 1939 "./trace/SEGGER/SEGGER_RTT.c" 1
 3758 0046 85F31188 		msr   basepri, r5  
 3759              		
 3760              	@ 0 "" 2
 3761              		.thumb
 3762              		.syntax unified
 3763              	.LBE51:
 3764              		.loc 1 1939 24 view .LVU1111
ARM GAS  /tmp/ccZ5iSyA.s 			page 106


 3765              	.LVL362:
 3766              	.L228:
1940:./trace/SEGGER/SEGGER_RTT.c ****   } else {
1941:./trace/SEGGER/SEGGER_RTT.c ****     r = -1;
1942:./trace/SEGGER/SEGGER_RTT.c ****   }
1943:./trace/SEGGER/SEGGER_RTT.c ****   return r;
1944:./trace/SEGGER/SEGGER_RTT.c **** }
 3767              		.loc 1 1944 1 is_stmt 0 view .LVU1112
 3768 004a 03B0     		add	sp, sp, #12
 3769              	.LCFI38:
 3770              		.cfi_remember_state
 3771              		.cfi_def_cfa_offset 12
 3772              		@ sp needed
 3773 004c 30BD     		pop	{r4, r5, pc}
 3774              	.LVL363:
 3775              	.L236:
 3776              	.LCFI39:
 3777              		.cfi_restore_state
 3778              	.LBB52:
1920:./trace/SEGGER/SEGGER_RTT.c ****   r = 0;
 3779              		.loc 1 1920 3 is_stmt 1 discriminator 1 view .LVU1113
 3780 004e FFF7FEFF 		bl	_DoInit
 3781              	.LVL364:
1920:./trace/SEGGER/SEGGER_RTT.c ****   r = 0;
 3782              		.loc 1 1920 3 is_stmt 0 discriminator 1 view .LVU1114
 3783 0052 DCE7     		b	.L229
 3784              	.LVL365:
 3785              	.L237:
1920:./trace/SEGGER/SEGGER_RTT.c ****   r = 0;
 3786              		.loc 1 1920 3 discriminator 1 view .LVU1115
 3787              	.LBE52:
 3788              	.LBB53:
1928:./trace/SEGGER/SEGGER_RTT.c ****       _WriteBlocking(pRing, (const char*)ac, 2u);
 3789              		.loc 1 1928 7 is_stmt 1 view .LVU1116
1928:./trace/SEGGER/SEGGER_RTT.c ****       _WriteBlocking(pRing, (const char*)ac, 2u);
 3790              		.loc 1 1928 23 is_stmt 0 view .LVU1117
 3791 0054 0D4B     		ldr	r3, .L239+12
 3792 0056 1C70     		strb	r4, [r3]
1929:./trace/SEGGER/SEGGER_RTT.c ****     } else {                                                                            // Skipping
 3793              		.loc 1 1929 7 is_stmt 1 view .LVU1118
 3794 0058 0222     		movs	r2, #2
 3795 005a 01A9     		add	r1, sp, #4
 3796 005c 0A48     		ldr	r0, .L239+8
 3797              	.LVL366:
1929:./trace/SEGGER/SEGGER_RTT.c ****     } else {                                                                            // Skipping
 3798              		.loc 1 1929 7 is_stmt 0 view .LVU1119
 3799 005e FFF7FEFF 		bl	_WriteBlocking
 3800              	.LVL367:
1929:./trace/SEGGER/SEGGER_RTT.c ****     } else {                                                                            // Skipping
 3801              		.loc 1 1929 7 view .LVU1120
 3802              	.LBE53:
1921:./trace/SEGGER/SEGGER_RTT.c ****   ac[0] = 0xFFu;
 3803              		.loc 1 1921 5 view .LVU1121
 3804 0062 0020     		movs	r0, #0
 3805              	.LBB54:
 3806 0064 EFE7     		b	.L232
 3807              	.LVL368:
ARM GAS  /tmp/ccZ5iSyA.s 			page 107


 3808              	.L238:
1933:./trace/SEGGER/SEGGER_RTT.c ****         _WriteNoCheck(pRing, (const char*)ac, 2u);
 3809              		.loc 1 1933 9 is_stmt 1 view .LVU1122
1933:./trace/SEGGER/SEGGER_RTT.c ****         _WriteNoCheck(pRing, (const char*)ac, 2u);
 3810              		.loc 1 1933 25 is_stmt 0 view .LVU1123
 3811 0066 094B     		ldr	r3, .L239+12
 3812 0068 1C70     		strb	r4, [r3]
1934:./trace/SEGGER/SEGGER_RTT.c ****       } else {
 3813              		.loc 1 1934 9 is_stmt 1 view .LVU1124
 3814 006a 0222     		movs	r2, #2
 3815 006c 01A9     		add	r1, sp, #4
 3816 006e 0648     		ldr	r0, .L239+8
 3817              	.LVL369:
1934:./trace/SEGGER/SEGGER_RTT.c ****       } else {
 3818              		.loc 1 1934 9 is_stmt 0 view .LVU1125
 3819 0070 FFF7FEFF 		bl	_WriteNoCheck
 3820              	.LVL370:
1934:./trace/SEGGER/SEGGER_RTT.c ****       } else {
 3821              		.loc 1 1934 9 view .LVU1126
 3822              	.LBE54:
1921:./trace/SEGGER/SEGGER_RTT.c ****   ac[0] = 0xFFu;
 3823              		.loc 1 1921 5 view .LVU1127
 3824 0074 0020     		movs	r0, #0
 3825              	.LBB55:
 3826 0076 E6E7     		b	.L232
 3827              	.LVL371:
 3828              	.L233:
1921:./trace/SEGGER/SEGGER_RTT.c ****   ac[0] = 0xFFu;
 3829              		.loc 1 1921 5 view .LVU1128
 3830              	.LBE55:
1941:./trace/SEGGER/SEGGER_RTT.c ****   }
 3831              		.loc 1 1941 7 view .LVU1129
 3832 0078 4FF0FF30 		mov	r0, #-1
 3833              	.LVL372:
1943:./trace/SEGGER/SEGGER_RTT.c **** }
 3834              		.loc 1 1943 3 is_stmt 1 view .LVU1130
1943:./trace/SEGGER/SEGGER_RTT.c **** }
 3835              		.loc 1 1943 10 is_stmt 0 view .LVU1131
 3836 007c E5E7     		b	.L228
 3837              	.L240:
 3838 007e 00BF     		.align	2
 3839              	.L239:
 3840 0080 00000000 		.word	_SEGGER_RTT
 3841 0084 00000000 		.word	_aTerminalId
 3842 0088 18000000 		.word	_SEGGER_RTT+24
 3843 008c 00000000 		.word	_ActiveTerminal
 3844              		.cfi_endproc
 3845              	.LFE32:
 3847              		.section	.text.SEGGER_RTT_TerminalOut,"ax",%progbits
 3848              		.align	1
 3849              		.global	SEGGER_RTT_TerminalOut
 3850              		.syntax unified
 3851              		.thumb
 3852              		.thumb_func
 3854              	SEGGER_RTT_TerminalOut:
 3855              	.LVL373:
 3856              	.LFB33:
ARM GAS  /tmp/ccZ5iSyA.s 			page 108


1945:./trace/SEGGER/SEGGER_RTT.c **** 
1946:./trace/SEGGER/SEGGER_RTT.c **** /*********************************************************************
1947:./trace/SEGGER/SEGGER_RTT.c **** *
1948:./trace/SEGGER/SEGGER_RTT.c **** *       SEGGER_RTT_TerminalOut
1949:./trace/SEGGER/SEGGER_RTT.c **** *
1950:./trace/SEGGER/SEGGER_RTT.c **** *  Function description
1951:./trace/SEGGER/SEGGER_RTT.c **** *    Writes a string to the given terminal
1952:./trace/SEGGER/SEGGER_RTT.c **** *     without changing the terminal for channel 0.
1953:./trace/SEGGER/SEGGER_RTT.c **** *
1954:./trace/SEGGER/SEGGER_RTT.c **** *  Parameters
1955:./trace/SEGGER/SEGGER_RTT.c **** *    TerminalId   Index of the terminal.
1956:./trace/SEGGER/SEGGER_RTT.c **** *    s            String to be printed on the terminal.
1957:./trace/SEGGER/SEGGER_RTT.c **** *
1958:./trace/SEGGER/SEGGER_RTT.c **** *  Return value
1959:./trace/SEGGER/SEGGER_RTT.c **** *    >= 0 - Number of bytes written.
1960:./trace/SEGGER/SEGGER_RTT.c **** *     < 0 - Error.
1961:./trace/SEGGER/SEGGER_RTT.c **** *
1962:./trace/SEGGER/SEGGER_RTT.c **** */
1963:./trace/SEGGER/SEGGER_RTT.c **** int SEGGER_RTT_TerminalOut (unsigned char TerminalId, const char* s) {
 3857              		.loc 1 1963 70 is_stmt 1 view -0
 3858              		.cfi_startproc
 3859              		@ args = 0, pretend = 0, frame = 0
 3860              		@ frame_needed = 0, uses_anonymous_args = 0
 3861              		.loc 1 1963 70 is_stmt 0 view .LVU1133
 3862 0000 2DE9F843 		push	{r3, r4, r5, r6, r7, r8, r9, lr}
 3863              	.LCFI40:
 3864              		.cfi_def_cfa_offset 32
 3865              		.cfi_offset 3, -32
 3866              		.cfi_offset 4, -28
 3867              		.cfi_offset 5, -24
 3868              		.cfi_offset 6, -20
 3869              		.cfi_offset 7, -16
 3870              		.cfi_offset 8, -12
 3871              		.cfi_offset 9, -8
 3872              		.cfi_offset 14, -4
 3873 0004 0446     		mov	r4, r0
 3874 0006 0D46     		mov	r5, r1
1964:./trace/SEGGER/SEGGER_RTT.c ****   int                   Status;
 3875              		.loc 1 1964 3 is_stmt 1 view .LVU1134
1965:./trace/SEGGER/SEGGER_RTT.c ****   unsigned              FragLen;
 3876              		.loc 1 1965 3 view .LVU1135
1966:./trace/SEGGER/SEGGER_RTT.c ****   unsigned              Avail;
 3877              		.loc 1 1966 3 view .LVU1136
1967:./trace/SEGGER/SEGGER_RTT.c ****   SEGGER_RTT_BUFFER_UP* pRing;
 3878              		.loc 1 1967 3 view .LVU1137
1968:./trace/SEGGER/SEGGER_RTT.c ****   //
1969:./trace/SEGGER/SEGGER_RTT.c ****   INIT();
 3879              		.loc 1 1969 3 view .LVU1138
 3880              	.LBB56:
 3881              		.loc 1 1969 3 view .LVU1139
 3882              		.loc 1 1969 3 view .LVU1140
 3883              	.LVL374:
 3884              		.loc 1 1969 3 view .LVU1141
 3885 0008 354B     		ldr	r3, .L255
 3886 000a 1B78     		ldrb	r3, [r3]	@ zero_extendqisi2
 3887 000c 532B     		cmp	r3, #83
 3888 000e 1FD1     		bne	.L252
ARM GAS  /tmp/ccZ5iSyA.s 			page 109


 3889              	.LVL375:
 3890              	.L242:
 3891              		.loc 1 1969 3 is_stmt 0 view .LVU1142
 3892              	.LBE56:
 3893              		.loc 1 1969 3 is_stmt 1 discriminator 3 view .LVU1143
1970:./trace/SEGGER/SEGGER_RTT.c ****   //
1971:./trace/SEGGER/SEGGER_RTT.c ****   // Validate terminal ID.
1972:./trace/SEGGER/SEGGER_RTT.c ****   //
1973:./trace/SEGGER/SEGGER_RTT.c ****   if (TerminalId < (char)sizeof(_aTerminalId)) { // We only support a certain number of channels
 3894              		.loc 1 1973 3 view .LVU1144
 3895              		.loc 1 1973 6 is_stmt 0 view .LVU1145
 3896 0010 0F2C     		cmp	r4, #15
 3897 0012 62D8     		bhi	.L247
1974:./trace/SEGGER/SEGGER_RTT.c ****     //
1975:./trace/SEGGER/SEGGER_RTT.c ****     // Get "to-host" ring buffer.
1976:./trace/SEGGER/SEGGER_RTT.c ****     //
1977:./trace/SEGGER/SEGGER_RTT.c ****     pRing = (SEGGER_RTT_BUFFER_UP*)((uintptr_t)&_SEGGER_RTT.aUp[0] + SEGGER_RTT_UNCACHED_OFF);  // 
 3898              		.loc 1 1977 5 is_stmt 1 view .LVU1146
 3899              	.LVL376:
1978:./trace/SEGGER/SEGGER_RTT.c ****     //
1979:./trace/SEGGER/SEGGER_RTT.c ****     // Need to be able to change terminal, write data, change back.
1980:./trace/SEGGER/SEGGER_RTT.c ****     // Compute the fixed and variable sizes.
1981:./trace/SEGGER/SEGGER_RTT.c ****     //
1982:./trace/SEGGER/SEGGER_RTT.c ****     FragLen = STRLEN(s);
 3900              		.loc 1 1982 5 view .LVU1147
 3901              		.loc 1 1982 15 is_stmt 0 view .LVU1148
 3902 0014 2846     		mov	r0, r5
 3903 0016 FFF7FEFF 		bl	strlen
 3904              	.LVL377:
 3905 001a 8046     		mov	r8, r0
 3906              	.LVL378:
 3907              	.LBB57:
1983:./trace/SEGGER/SEGGER_RTT.c ****     //
1984:./trace/SEGGER/SEGGER_RTT.c ****     // How we output depends upon the mode...
1985:./trace/SEGGER/SEGGER_RTT.c ****     //
1986:./trace/SEGGER/SEGGER_RTT.c ****     SEGGER_RTT_LOCK();
 3908              		.loc 1 1986 5 is_stmt 1 view .LVU1149
 3909              		.loc 1 1986 5 view .LVU1150
 3910              		.syntax unified
 3911              	@ 1986 "./trace/SEGGER/SEGGER_RTT.c" 1
 3912 001c EFF31186 		mrs   r6, basepri  
 3913 0020 4FF02001 		mov   r1, #32       
 3914 0024 81F31188 		msr   basepri, r1  
 3915              		
 3916              	@ 0 "" 2
 3917              	.LVL379:
 3918              		.loc 1 1986 22 view .LVU1151
1987:./trace/SEGGER/SEGGER_RTT.c ****     Avail = _GetAvailWriteSpace(pRing);
 3919              		.loc 1 1987 5 view .LVU1152
 3920              		.loc 1 1987 13 is_stmt 0 view .LVU1153
 3921              		.thumb
 3922              		.syntax unified
 3923 0028 2E4F     		ldr	r7, .L255+4
 3924              	.LVL380:
 3925              		.loc 1 1987 13 view .LVU1154
 3926 002a 3846     		mov	r0, r7
 3927              	.LVL381:
ARM GAS  /tmp/ccZ5iSyA.s 			page 110


 3928              		.loc 1 1987 13 view .LVU1155
 3929 002c FFF7FEFF 		bl	_GetAvailWriteSpace
 3930              	.LVL382:
 3931 0030 8146     		mov	r9, r0
 3932              	.LVL383:
1988:./trace/SEGGER/SEGGER_RTT.c ****     switch (pRing->Flags & SEGGER_RTT_MODE_MASK) {
 3933              		.loc 1 1988 5 is_stmt 1 view .LVU1156
 3934              		.loc 1 1988 18 is_stmt 0 view .LVU1157
 3935 0032 7B69     		ldr	r3, [r7, #20]
 3936              		.loc 1 1988 26 view .LVU1158
 3937 0034 03F00303 		and	r3, r3, #3
 3938              		.loc 1 1988 5 view .LVU1159
 3939 0038 012B     		cmp	r3, #1
 3940 003a 1CD0     		beq	.L244
 3941 003c 022B     		cmp	r3, #2
 3942 003e 34D0     		beq	.L245
 3943 0040 002B     		cmp	r3, #0
 3944 0042 47D1     		bne	.L248
1989:./trace/SEGGER/SEGGER_RTT.c ****     case SEGGER_RTT_MODE_NO_BLOCK_SKIP:
1990:./trace/SEGGER/SEGGER_RTT.c ****       //
1991:./trace/SEGGER/SEGGER_RTT.c ****       // If we are in skip mode and there is no space for the whole
1992:./trace/SEGGER/SEGGER_RTT.c ****       // of this output, don't bother switching terminals at all.
1993:./trace/SEGGER/SEGGER_RTT.c ****       //
1994:./trace/SEGGER/SEGGER_RTT.c ****       if (Avail < (FragLen + 4u)) {
 3945              		.loc 1 1994 7 is_stmt 1 view .LVU1160
 3946              		.loc 1 1994 28 is_stmt 0 view .LVU1161
 3947 0044 08F10403 		add	r3, r8, #4
 3948              		.loc 1 1994 10 view .LVU1162
 3949 0048 8342     		cmp	r3, r0
 3950 004a 04D9     		bls	.L253
1995:./trace/SEGGER/SEGGER_RTT.c ****         Status = 0;
 3951              		.loc 1 1995 16 view .LVU1163
 3952 004c 0024     		movs	r4, #0
 3953              	.LVL384:
 3954              		.loc 1 1995 16 view .LVU1164
 3955 004e 3CE0     		b	.L246
 3956              	.LVL385:
 3957              	.L252:
 3958              		.loc 1 1995 16 view .LVU1165
 3959              	.LBE57:
 3960              	.LBB58:
1969:./trace/SEGGER/SEGGER_RTT.c ****   //
 3961              		.loc 1 1969 3 is_stmt 1 discriminator 1 view .LVU1166
 3962 0050 FFF7FEFF 		bl	_DoInit
 3963              	.LVL386:
1969:./trace/SEGGER/SEGGER_RTT.c ****   //
 3964              		.loc 1 1969 3 is_stmt 0 discriminator 1 view .LVU1167
 3965 0054 DCE7     		b	.L242
 3966              	.LVL387:
 3967              	.L253:
1969:./trace/SEGGER/SEGGER_RTT.c ****   //
 3968              		.loc 1 1969 3 discriminator 1 view .LVU1168
 3969              	.LBE58:
 3970              	.LBB59:
1996:./trace/SEGGER/SEGGER_RTT.c ****       } else {
1997:./trace/SEGGER/SEGGER_RTT.c ****         _PostTerminalSwitch(pRing, TerminalId);
 3971              		.loc 1 1997 9 is_stmt 1 view .LVU1169
ARM GAS  /tmp/ccZ5iSyA.s 			page 111


 3972 0056 2146     		mov	r1, r4
 3973 0058 3846     		mov	r0, r7
 3974              	.LVL388:
 3975              		.loc 1 1997 9 is_stmt 0 view .LVU1170
 3976 005a FFF7FEFF 		bl	_PostTerminalSwitch
 3977              	.LVL389:
1998:./trace/SEGGER/SEGGER_RTT.c ****         Status = (int)_WriteBlocking(pRing, s, FragLen);
 3978              		.loc 1 1998 9 is_stmt 1 view .LVU1171
 3979              		.loc 1 1998 23 is_stmt 0 view .LVU1172
 3980 005e 4246     		mov	r2, r8
 3981 0060 2946     		mov	r1, r5
 3982 0062 3846     		mov	r0, r7
 3983 0064 FFF7FEFF 		bl	_WriteBlocking
 3984              	.LVL390:
 3985 0068 0446     		mov	r4, r0
 3986              	.LVL391:
1999:./trace/SEGGER/SEGGER_RTT.c ****         _PostTerminalSwitch(pRing, _ActiveTerminal);
 3987              		.loc 1 1999 9 is_stmt 1 view .LVU1173
 3988 006a 1F4B     		ldr	r3, .L255+8
 3989 006c 1978     		ldrb	r1, [r3]	@ zero_extendqisi2
 3990 006e 3846     		mov	r0, r7
 3991              	.LVL392:
 3992              		.loc 1 1999 9 is_stmt 0 view .LVU1174
 3993 0070 FFF7FEFF 		bl	_PostTerminalSwitch
 3994              	.LVL393:
 3995 0074 29E0     		b	.L246
 3996              	.LVL394:
 3997              	.L244:
2000:./trace/SEGGER/SEGGER_RTT.c ****       }
2001:./trace/SEGGER/SEGGER_RTT.c ****       break;
2002:./trace/SEGGER/SEGGER_RTT.c ****     case SEGGER_RTT_MODE_NO_BLOCK_TRIM:
2003:./trace/SEGGER/SEGGER_RTT.c ****       //
2004:./trace/SEGGER/SEGGER_RTT.c ****       // If we are in trim mode and there is not enough space for everything,
2005:./trace/SEGGER/SEGGER_RTT.c ****       // trim the output but always include the terminal switch.  If no room
2006:./trace/SEGGER/SEGGER_RTT.c ****       // for terminal switch, skip that totally.
2007:./trace/SEGGER/SEGGER_RTT.c ****       //
2008:./trace/SEGGER/SEGGER_RTT.c ****       if (Avail < 4u) {
 3998              		.loc 1 2008 7 is_stmt 1 view .LVU1175
 3999              		.loc 1 2008 10 is_stmt 0 view .LVU1176
 4000 0076 0328     		cmp	r0, #3
 4001 0078 02D8     		bhi	.L254
2009:./trace/SEGGER/SEGGER_RTT.c ****         Status = -1;
 4002              		.loc 1 2009 16 view .LVU1177
 4003 007a 4FF0FF34 		mov	r4, #-1
 4004 007e 24E0     		b	.L246
 4005              	.L254:
2010:./trace/SEGGER/SEGGER_RTT.c ****       } else {
2011:./trace/SEGGER/SEGGER_RTT.c ****         _PostTerminalSwitch(pRing, TerminalId);
 4006              		.loc 1 2011 9 is_stmt 1 view .LVU1178
 4007 0080 184F     		ldr	r7, .L255+4
 4008              		.loc 1 2011 9 is_stmt 0 view .LVU1179
 4009 0082 2146     		mov	r1, r4
 4010 0084 3846     		mov	r0, r7
 4011              	.LVL395:
 4012              		.loc 1 2011 9 view .LVU1180
 4013 0086 FFF7FEFF 		bl	_PostTerminalSwitch
 4014              	.LVL396:
ARM GAS  /tmp/ccZ5iSyA.s 			page 112


2012:./trace/SEGGER/SEGGER_RTT.c ****         Status = (int)_WriteBlocking(pRing, s, (FragLen < (Avail - 4u)) ? FragLen : (Avail - 4u));
 4015              		.loc 1 2012 9 is_stmt 1 view .LVU1181
 4016              		.loc 1 2012 66 is_stmt 0 view .LVU1182
 4017 008a A9F10402 		sub	r2, r9, #4
 4018              		.loc 1 2012 23 view .LVU1183
 4019 008e 4245     		cmp	r2, r8
 4020 0090 28BF     		it	cs
 4021 0092 4246     		movcs	r2, r8
 4022 0094 2946     		mov	r1, r5
 4023 0096 3846     		mov	r0, r7
 4024 0098 FFF7FEFF 		bl	_WriteBlocking
 4025              	.LVL397:
 4026 009c 0446     		mov	r4, r0
 4027              	.LVL398:
2013:./trace/SEGGER/SEGGER_RTT.c ****         _PostTerminalSwitch(pRing, _ActiveTerminal);
 4028              		.loc 1 2013 9 is_stmt 1 view .LVU1184
 4029 009e 124B     		ldr	r3, .L255+8
 4030 00a0 1978     		ldrb	r1, [r3]	@ zero_extendqisi2
 4031 00a2 3846     		mov	r0, r7
 4032              	.LVL399:
 4033              		.loc 1 2013 9 is_stmt 0 view .LVU1185
 4034 00a4 FFF7FEFF 		bl	_PostTerminalSwitch
 4035              	.LVL400:
 4036 00a8 0FE0     		b	.L246
 4037              	.LVL401:
 4038              	.L245:
2014:./trace/SEGGER/SEGGER_RTT.c ****       }
2015:./trace/SEGGER/SEGGER_RTT.c ****       break;
2016:./trace/SEGGER/SEGGER_RTT.c ****     case SEGGER_RTT_MODE_BLOCK_IF_FIFO_FULL:
2017:./trace/SEGGER/SEGGER_RTT.c ****       //
2018:./trace/SEGGER/SEGGER_RTT.c ****       // If we are in blocking mode, output everything.
2019:./trace/SEGGER/SEGGER_RTT.c ****       //
2020:./trace/SEGGER/SEGGER_RTT.c ****       _PostTerminalSwitch(pRing, TerminalId);
 4039              		.loc 1 2020 7 is_stmt 1 view .LVU1186
 4040 00aa 0E4F     		ldr	r7, .L255+4
 4041              		.loc 1 2020 7 is_stmt 0 view .LVU1187
 4042 00ac 2146     		mov	r1, r4
 4043 00ae 3846     		mov	r0, r7
 4044              	.LVL402:
 4045              		.loc 1 2020 7 view .LVU1188
 4046 00b0 FFF7FEFF 		bl	_PostTerminalSwitch
 4047              	.LVL403:
2021:./trace/SEGGER/SEGGER_RTT.c ****       Status = (int)_WriteBlocking(pRing, s, FragLen);
 4048              		.loc 1 2021 7 is_stmt 1 view .LVU1189
 4049              		.loc 1 2021 21 is_stmt 0 view .LVU1190
 4050 00b4 4246     		mov	r2, r8
 4051 00b6 2946     		mov	r1, r5
 4052 00b8 3846     		mov	r0, r7
 4053 00ba FFF7FEFF 		bl	_WriteBlocking
 4054              	.LVL404:
 4055 00be 0446     		mov	r4, r0
 4056              	.LVL405:
2022:./trace/SEGGER/SEGGER_RTT.c ****       _PostTerminalSwitch(pRing, _ActiveTerminal);
 4057              		.loc 1 2022 7 is_stmt 1 view .LVU1191
 4058 00c0 094B     		ldr	r3, .L255+8
 4059 00c2 1978     		ldrb	r1, [r3]	@ zero_extendqisi2
 4060 00c4 3846     		mov	r0, r7
ARM GAS  /tmp/ccZ5iSyA.s 			page 113


 4061              	.LVL406:
 4062              		.loc 1 2022 7 is_stmt 0 view .LVU1192
 4063 00c6 FFF7FEFF 		bl	_PostTerminalSwitch
 4064              	.LVL407:
2023:./trace/SEGGER/SEGGER_RTT.c ****       break;
 4065              		.loc 1 2023 7 is_stmt 1 view .LVU1193
 4066              	.L246:
2024:./trace/SEGGER/SEGGER_RTT.c ****     default:
2025:./trace/SEGGER/SEGGER_RTT.c ****       Status = -1;
2026:./trace/SEGGER/SEGGER_RTT.c ****       break;
2027:./trace/SEGGER/SEGGER_RTT.c ****     }
2028:./trace/SEGGER/SEGGER_RTT.c ****     //
2029:./trace/SEGGER/SEGGER_RTT.c ****     // Finish up.
2030:./trace/SEGGER/SEGGER_RTT.c ****     //
2031:./trace/SEGGER/SEGGER_RTT.c ****     SEGGER_RTT_UNLOCK();
 4067              		.loc 1 2031 5 view .LVU1194
 4068              		.syntax unified
 4069              	@ 2031 "./trace/SEGGER/SEGGER_RTT.c" 1
 4070 00ca 86F31188 		msr   basepri, r6  
 4071              		
 4072              	@ 0 "" 2
 4073              		.thumb
 4074              		.syntax unified
 4075              	.LBE59:
 4076              		.loc 1 2031 24 view .LVU1195
 4077              	.LVL408:
 4078              	.L241:
2032:./trace/SEGGER/SEGGER_RTT.c ****   } else {
2033:./trace/SEGGER/SEGGER_RTT.c ****     Status = -1;
2034:./trace/SEGGER/SEGGER_RTT.c ****   }
2035:./trace/SEGGER/SEGGER_RTT.c ****   return Status;
2036:./trace/SEGGER/SEGGER_RTT.c **** }
 4079              		.loc 1 2036 1 is_stmt 0 view .LVU1196
 4080 00ce 2046     		mov	r0, r4
 4081 00d0 BDE8F883 		pop	{r3, r4, r5, r6, r7, r8, r9, pc}
 4082              	.LVL409:
 4083              	.L248:
 4084              	.LBB60:
1988:./trace/SEGGER/SEGGER_RTT.c ****     case SEGGER_RTT_MODE_NO_BLOCK_SKIP:
 4085              		.loc 1 1988 5 view .LVU1197
 4086 00d4 4FF0FF34 		mov	r4, #-1
 4087 00d8 F7E7     		b	.L246
 4088              	.LVL410:
 4089              	.L247:
1988:./trace/SEGGER/SEGGER_RTT.c ****     case SEGGER_RTT_MODE_NO_BLOCK_SKIP:
 4090              		.loc 1 1988 5 view .LVU1198
 4091              	.LBE60:
2033:./trace/SEGGER/SEGGER_RTT.c ****   }
 4092              		.loc 1 2033 12 view .LVU1199
 4093 00da 4FF0FF34 		mov	r4, #-1
 4094              	.LVL411:
2035:./trace/SEGGER/SEGGER_RTT.c **** }
 4095              		.loc 1 2035 3 is_stmt 1 view .LVU1200
2035:./trace/SEGGER/SEGGER_RTT.c **** }
 4096              		.loc 1 2035 10 is_stmt 0 view .LVU1201
 4097 00de F6E7     		b	.L241
 4098              	.L256:
ARM GAS  /tmp/ccZ5iSyA.s 			page 114


 4099              		.align	2
 4100              	.L255:
 4101 00e0 00000000 		.word	_SEGGER_RTT
 4102 00e4 18000000 		.word	_SEGGER_RTT+24
 4103 00e8 00000000 		.word	_ActiveTerminal
 4104              		.cfi_endproc
 4105              	.LFE33:
 4107              		.section	.text.SEGGER_RTT_GetAvailWriteSpace,"ax",%progbits
 4108              		.align	1
 4109              		.global	SEGGER_RTT_GetAvailWriteSpace
 4110              		.syntax unified
 4111              		.thumb
 4112              		.thumb_func
 4114              	SEGGER_RTT_GetAvailWriteSpace:
 4115              	.LVL412:
 4116              	.LFB34:
2037:./trace/SEGGER/SEGGER_RTT.c **** 
2038:./trace/SEGGER/SEGGER_RTT.c **** /*********************************************************************
2039:./trace/SEGGER/SEGGER_RTT.c **** *
2040:./trace/SEGGER/SEGGER_RTT.c **** *       SEGGER_RTT_GetAvailWriteSpace
2041:./trace/SEGGER/SEGGER_RTT.c **** *
2042:./trace/SEGGER/SEGGER_RTT.c **** *  Function description
2043:./trace/SEGGER/SEGGER_RTT.c **** *    Returns the number of bytes available in the ring buffer.
2044:./trace/SEGGER/SEGGER_RTT.c **** *
2045:./trace/SEGGER/SEGGER_RTT.c **** *  Parameters
2046:./trace/SEGGER/SEGGER_RTT.c **** *    BufferIndex  Index of the up buffer.
2047:./trace/SEGGER/SEGGER_RTT.c **** *
2048:./trace/SEGGER/SEGGER_RTT.c **** *  Return value
2049:./trace/SEGGER/SEGGER_RTT.c **** *    Number of bytes that are free in the selected up buffer.
2050:./trace/SEGGER/SEGGER_RTT.c **** */
2051:./trace/SEGGER/SEGGER_RTT.c **** unsigned SEGGER_RTT_GetAvailWriteSpace (unsigned BufferIndex) {
 4117              		.loc 1 2051 63 is_stmt 1 view -0
 4118              		.cfi_startproc
 4119              		@ args = 0, pretend = 0, frame = 0
 4120              		@ frame_needed = 0, uses_anonymous_args = 0
 4121              		.loc 1 2051 63 is_stmt 0 view .LVU1203
 4122 0000 08B5     		push	{r3, lr}
 4123              	.LCFI41:
 4124              		.cfi_def_cfa_offset 8
 4125              		.cfi_offset 3, -8
 4126              		.cfi_offset 14, -4
2052:./trace/SEGGER/SEGGER_RTT.c ****   SEGGER_RTT_BUFFER_UP* pRing;
 4127              		.loc 1 2052 3 is_stmt 1 view .LVU1204
2053:./trace/SEGGER/SEGGER_RTT.c **** 
2054:./trace/SEGGER/SEGGER_RTT.c ****   pRing = (SEGGER_RTT_BUFFER_UP*)((uintptr_t)&_SEGGER_RTT.aUp[BufferIndex] + SEGGER_RTT_UNCACHED_OF
 4128              		.loc 1 2054 3 view .LVU1205
 4129              		.loc 1 2054 9 is_stmt 0 view .LVU1206
 4130 0002 0130     		adds	r0, r0, #1
 4131              	.LVL413:
 4132              		.loc 1 2054 9 view .LVU1207
 4133 0004 00EB4000 		add	r0, r0, r0, lsl #1
 4134              	.LVL414:
2055:./trace/SEGGER/SEGGER_RTT.c ****   return _GetAvailWriteSpace(pRing);
 4135              		.loc 1 2055 3 is_stmt 1 view .LVU1208
 4136              		.loc 1 2055 10 is_stmt 0 view .LVU1209
 4137 0008 024B     		ldr	r3, .L259
 4138 000a 03EBC000 		add	r0, r3, r0, lsl #3
ARM GAS  /tmp/ccZ5iSyA.s 			page 115


 4139              	.LVL415:
 4140              		.loc 1 2055 10 view .LVU1210
 4141 000e FFF7FEFF 		bl	_GetAvailWriteSpace
 4142              	.LVL416:
2056:./trace/SEGGER/SEGGER_RTT.c **** }
 4143              		.loc 1 2056 1 view .LVU1211
 4144 0012 08BD     		pop	{r3, pc}
 4145              	.L260:
 4146              		.align	2
 4147              	.L259:
 4148 0014 00000000 		.word	_SEGGER_RTT
 4149              		.cfi_endproc
 4150              	.LFE34:
 4152              		.section	.text.SEGGER_RTT_GetBytesInBuffer,"ax",%progbits
 4153              		.align	1
 4154              		.global	SEGGER_RTT_GetBytesInBuffer
 4155              		.syntax unified
 4156              		.thumb
 4157              		.thumb_func
 4159              	SEGGER_RTT_GetBytesInBuffer:
 4160              	.LVL417:
 4161              	.LFB35:
2057:./trace/SEGGER/SEGGER_RTT.c **** 
2058:./trace/SEGGER/SEGGER_RTT.c **** 
2059:./trace/SEGGER/SEGGER_RTT.c **** /*********************************************************************
2060:./trace/SEGGER/SEGGER_RTT.c **** *
2061:./trace/SEGGER/SEGGER_RTT.c **** *       SEGGER_RTT_GetBytesInBuffer()
2062:./trace/SEGGER/SEGGER_RTT.c **** *
2063:./trace/SEGGER/SEGGER_RTT.c **** *  Function description
2064:./trace/SEGGER/SEGGER_RTT.c **** *    Returns the number of bytes currently used in the up buffer.
2065:./trace/SEGGER/SEGGER_RTT.c **** *
2066:./trace/SEGGER/SEGGER_RTT.c **** *  Parameters
2067:./trace/SEGGER/SEGGER_RTT.c **** *    BufferIndex  Index of the up buffer.
2068:./trace/SEGGER/SEGGER_RTT.c **** *
2069:./trace/SEGGER/SEGGER_RTT.c **** *  Return value
2070:./trace/SEGGER/SEGGER_RTT.c **** *    Number of bytes that are used in the buffer.
2071:./trace/SEGGER/SEGGER_RTT.c **** */
2072:./trace/SEGGER/SEGGER_RTT.c **** unsigned SEGGER_RTT_GetBytesInBuffer(unsigned BufferIndex) {
 4162              		.loc 1 2072 60 is_stmt 1 view -0
 4163              		.cfi_startproc
 4164              		@ args = 0, pretend = 0, frame = 0
 4165              		@ frame_needed = 0, uses_anonymous_args = 0
 4166              		@ link register save eliminated.
2073:./trace/SEGGER/SEGGER_RTT.c ****   unsigned RdOff;
 4167              		.loc 1 2073 3 view .LVU1213
2074:./trace/SEGGER/SEGGER_RTT.c ****   unsigned WrOff;
 4168              		.loc 1 2074 3 view .LVU1214
2075:./trace/SEGGER/SEGGER_RTT.c ****   unsigned r;
 4169              		.loc 1 2075 3 view .LVU1215
2076:./trace/SEGGER/SEGGER_RTT.c ****   volatile SEGGER_RTT_CB* pRTTCB;
 4170              		.loc 1 2076 3 view .LVU1216
2077:./trace/SEGGER/SEGGER_RTT.c ****   //
2078:./trace/SEGGER/SEGGER_RTT.c ****   // Avoid warnings regarding volatile access order.  It's not a problem
2079:./trace/SEGGER/SEGGER_RTT.c ****   // in this case, but dampen compiler enthusiasm.
2080:./trace/SEGGER/SEGGER_RTT.c ****   //
2081:./trace/SEGGER/SEGGER_RTT.c ****   pRTTCB = (volatile SEGGER_RTT_CB*)((uintptr_t)&_SEGGER_RTT + SEGGER_RTT_UNCACHED_OFF);  // Access
 4171              		.loc 1 2081 3 view .LVU1217
ARM GAS  /tmp/ccZ5iSyA.s 			page 116


2082:./trace/SEGGER/SEGGER_RTT.c ****   RdOff = pRTTCB->aUp[BufferIndex].RdOff;
 4172              		.loc 1 2082 3 view .LVU1218
 4173              		.loc 1 2082 9 is_stmt 0 view .LVU1219
 4174 0000 00EB4002 		add	r2, r0, r0, lsl #1
 4175 0004 084B     		ldr	r3, .L264
 4176 0006 03EBC203 		add	r3, r3, r2, lsl #3
 4177 000a 9A6A     		ldr	r2, [r3, #40]
 4178              	.LVL418:
2083:./trace/SEGGER/SEGGER_RTT.c ****   WrOff = pRTTCB->aUp[BufferIndex].WrOff;
 4179              		.loc 1 2083 3 is_stmt 1 view .LVU1220
 4180              		.loc 1 2083 9 is_stmt 0 view .LVU1221
 4181 000c 5B6A     		ldr	r3, [r3, #36]
 4182              	.LVL419:
2084:./trace/SEGGER/SEGGER_RTT.c ****   if (RdOff <= WrOff) {
 4183              		.loc 1 2084 3 is_stmt 1 view .LVU1222
 4184              		.loc 1 2084 6 is_stmt 0 view .LVU1223
 4185 000e 9A42     		cmp	r2, r3
 4186 0010 01D8     		bhi	.L262
2085:./trace/SEGGER/SEGGER_RTT.c ****     r = WrOff - RdOff;
 4187              		.loc 1 2085 5 is_stmt 1 view .LVU1224
 4188              		.loc 1 2085 7 is_stmt 0 view .LVU1225
 4189 0012 981A     		subs	r0, r3, r2
 4190              	.LVL420:
 4191              		.loc 1 2085 7 view .LVU1226
 4192 0014 7047     		bx	lr
 4193              	.LVL421:
 4194              	.L262:
2086:./trace/SEGGER/SEGGER_RTT.c ****   } else {
2087:./trace/SEGGER/SEGGER_RTT.c ****     r = pRTTCB->aUp[BufferIndex].SizeOfBuffer - (WrOff - RdOff);
 4195              		.loc 1 2087 5 is_stmt 1 view .LVU1227
 4196              		.loc 1 2087 33 is_stmt 0 view .LVU1228
 4197 0016 00EB4000 		add	r0, r0, r0, lsl #1
 4198              	.LVL422:
 4199              		.loc 1 2087 33 view .LVU1229
 4200 001a 0349     		ldr	r1, .L264
 4201 001c 01EBC001 		add	r1, r1, r0, lsl #3
 4202 0020 086A     		ldr	r0, [r1, #32]
 4203              		.loc 1 2087 47 view .LVU1230
 4204 0022 D21A     		subs	r2, r2, r3
 4205              	.LVL423:
 4206              		.loc 1 2087 7 view .LVU1231
 4207 0024 1044     		add	r0, r0, r2
 4208              	.LVL424:
2088:./trace/SEGGER/SEGGER_RTT.c ****   }
2089:./trace/SEGGER/SEGGER_RTT.c ****   return r;
 4209              		.loc 1 2089 3 is_stmt 1 view .LVU1232
2090:./trace/SEGGER/SEGGER_RTT.c **** }
 4210              		.loc 1 2090 1 is_stmt 0 view .LVU1233
 4211 0026 7047     		bx	lr
 4212              	.L265:
 4213              		.align	2
 4214              	.L264:
 4215 0028 00000000 		.word	_SEGGER_RTT
 4216              		.cfi_endproc
 4217              	.LFE35:
 4219              		.section	.rodata._aInitStr.0,"a"
 4220              		.align	2
ARM GAS  /tmp/ccZ5iSyA.s 			page 117


 4223              	_aInitStr.0:
 4224 0000 00000000 		.ascii	"\000\000\000\000\000\000TTR REGGES\000"
 4224      00005454 
 4224      52205245 
 4224      47474553 
 4224      00
 4225              		.section	.bss._ActiveTerminal,"aw",%nobits
 4228              	_ActiveTerminal:
 4229 0000 00       		.space	1
 4230              		.section	.bss._acDownBuffer,"aw",%nobits
 4231              		.align	2
 4234              	_acDownBuffer:
 4235 0000 00000000 		.space	16
 4235      00000000 
 4235      00000000 
 4235      00000000 
 4236              		.section	.bss._acUpBuffer,"aw",%nobits
 4237              		.align	2
 4240              	_acUpBuffer:
 4241 0000 00000000 		.space	4096
 4241      00000000 
 4241      00000000 
 4241      00000000 
 4241      00000000 
 4242              		.global	_SEGGER_RTT
 4243              		.section	.bss._SEGGER_RTT,"aw",%nobits
 4244              		.align	2
 4247              	_SEGGER_RTT:
 4248 0000 00000000 		.space	168
 4248      00000000 
 4248      00000000 
 4248      00000000 
 4248      00000000 
 4249              		.section	.rodata._aTerminalId,"a"
 4250              		.align	2
 4253              	_aTerminalId:
 4254 0000 30313233 		.ascii	"0123456789ABCDEF"
 4254      34353637 
 4254      38394142 
 4254      43444546 
 4255              		.text
 4256              	.Letext0:
 4257              		.file 2 "/opt/gcc-arm-none-eabi/lib/gcc/arm-none-eabi/14.2.1/include/stddef.h"
 4258              		.file 3 "/opt/gcc-arm-none-eabi/arm-none-eabi/include/machine/_default_types.h"
 4259              		.file 4 "/opt/gcc-arm-none-eabi/arm-none-eabi/include/sys/_stdint.h"
 4260              		.file 5 "./trace/SEGGER/SEGGER_RTT.h"
 4261              		.file 6 "/opt/gcc-arm-none-eabi/arm-none-eabi/include/string.h"
 4262              		.file 7 "<built-in>"
ARM GAS  /tmp/ccZ5iSyA.s 			page 118


DEFINED SYMBOLS
                            *ABS*:00000000 SEGGER_RTT.c
     /tmp/ccZ5iSyA.s:21     .text._GetAvailWriteSpace:00000000 $t
     /tmp/ccZ5iSyA.s:26     .text._GetAvailWriteSpace:00000000 _GetAvailWriteSpace
     /tmp/ccZ5iSyA.s:79     .text._WriteNoCheck:00000000 $t
     /tmp/ccZ5iSyA.s:84     .text._WriteNoCheck:00000000 _WriteNoCheck
     /tmp/ccZ5iSyA.s:201    .text._WriteBlocking:00000000 $t
     /tmp/ccZ5iSyA.s:206    .text._WriteBlocking:00000000 _WriteBlocking
     /tmp/ccZ5iSyA.s:359    .text._PostTerminalSwitch:00000000 $t
     /tmp/ccZ5iSyA.s:364    .text._PostTerminalSwitch:00000000 _PostTerminalSwitch
     /tmp/ccZ5iSyA.s:406    .text._PostTerminalSwitch:00000020 $d
     /tmp/ccZ5iSyA.s:4253   .rodata._aTerminalId:00000000 _aTerminalId
     /tmp/ccZ5iSyA.s:411    .rodata._DoInit.str1.4:00000000 $d
     /tmp/ccZ5iSyA.s:415    .text._DoInit:00000000 $t
     /tmp/ccZ5iSyA.s:420    .text._DoInit:00000000 _DoInit
     /tmp/ccZ5iSyA.s:537    .text._DoInit:00000058 $d
     /tmp/ccZ5iSyA.s:4247   .bss._SEGGER_RTT:00000000 _SEGGER_RTT
     /tmp/ccZ5iSyA.s:4240   .bss._acUpBuffer:00000000 _acUpBuffer
     /tmp/ccZ5iSyA.s:4234   .bss._acDownBuffer:00000000 _acDownBuffer
     /tmp/ccZ5iSyA.s:4223   .rodata._aInitStr.0:00000000 _aInitStr.0
     /tmp/ccZ5iSyA.s:546    .text.SEGGER_RTT_ReadUpBufferNoLock:00000000 $t
     /tmp/ccZ5iSyA.s:552    .text.SEGGER_RTT_ReadUpBufferNoLock:00000000 SEGGER_RTT_ReadUpBufferNoLock
     /tmp/ccZ5iSyA.s:747    .text.SEGGER_RTT_ReadUpBufferNoLock:000000a4 $d
     /tmp/ccZ5iSyA.s:752    .text.SEGGER_RTT_ReadNoLock:00000000 $t
     /tmp/ccZ5iSyA.s:758    .text.SEGGER_RTT_ReadNoLock:00000000 SEGGER_RTT_ReadNoLock
     /tmp/ccZ5iSyA.s:950    .text.SEGGER_RTT_ReadNoLock:0000009c $d
     /tmp/ccZ5iSyA.s:955    .text.SEGGER_RTT_ReadUpBuffer:00000000 $t
     /tmp/ccZ5iSyA.s:961    .text.SEGGER_RTT_ReadUpBuffer:00000000 SEGGER_RTT_ReadUpBuffer
     /tmp/ccZ5iSyA.s:1013   .text.SEGGER_RTT_Read:00000000 $t
     /tmp/ccZ5iSyA.s:1019   .text.SEGGER_RTT_Read:00000000 SEGGER_RTT_Read
     /tmp/ccZ5iSyA.s:1071   .text.SEGGER_RTT_WriteWithOverwriteNoLock:00000000 $t
     /tmp/ccZ5iSyA.s:1077   .text.SEGGER_RTT_WriteWithOverwriteNoLock:00000000 SEGGER_RTT_WriteWithOverwriteNoLock
     /tmp/ccZ5iSyA.s:1330   .text.SEGGER_RTT_WriteWithOverwriteNoLock:00000110 $d
     /tmp/ccZ5iSyA.s:1335   .text.SEGGER_RTT_WriteDownBufferNoLock:00000000 $t
     /tmp/ccZ5iSyA.s:1341   .text.SEGGER_RTT_WriteDownBufferNoLock:00000000 SEGGER_RTT_WriteDownBufferNoLock
     /tmp/ccZ5iSyA.s:1457   .text.SEGGER_RTT_WriteDownBufferNoLock:00000060 $d
     /tmp/ccZ5iSyA.s:1462   .text.SEGGER_RTT_WriteNoLock:00000000 $t
     /tmp/ccZ5iSyA.s:1468   .text.SEGGER_RTT_WriteNoLock:00000000 SEGGER_RTT_WriteNoLock
     /tmp/ccZ5iSyA.s:1585   .text.SEGGER_RTT_WriteNoLock:00000068 $d
     /tmp/ccZ5iSyA.s:1590   .text.SEGGER_RTT_WriteDownBuffer:00000000 $t
     /tmp/ccZ5iSyA.s:1596   .text.SEGGER_RTT_WriteDownBuffer:00000000 SEGGER_RTT_WriteDownBuffer
     /tmp/ccZ5iSyA.s:1677   .text.SEGGER_RTT_WriteDownBuffer:00000034 $d
     /tmp/ccZ5iSyA.s:1683   .text.SEGGER_RTT_Write:00000000 $t
     /tmp/ccZ5iSyA.s:1689   .text.SEGGER_RTT_Write:00000000 SEGGER_RTT_Write
     /tmp/ccZ5iSyA.s:1770   .text.SEGGER_RTT_Write:00000034 $d
     /tmp/ccZ5iSyA.s:1776   .text.SEGGER_RTT_WriteString:00000000 $t
     /tmp/ccZ5iSyA.s:1782   .text.SEGGER_RTT_WriteString:00000000 SEGGER_RTT_WriteString
     /tmp/ccZ5iSyA.s:1825   .text.SEGGER_RTT_PutCharSkipNoLock:00000000 $t
     /tmp/ccZ5iSyA.s:1831   .text.SEGGER_RTT_PutCharSkipNoLock:00000000 SEGGER_RTT_PutCharSkipNoLock
     /tmp/ccZ5iSyA.s:1935   .text.SEGGER_RTT_PutCharSkipNoLock:00000050 $d
     /tmp/ccZ5iSyA.s:1940   .text.SEGGER_RTT_PutCharSkip:00000000 $t
     /tmp/ccZ5iSyA.s:1946   .text.SEGGER_RTT_PutCharSkip:00000000 SEGGER_RTT_PutCharSkip
     /tmp/ccZ5iSyA.s:2095   .text.SEGGER_RTT_PutCharSkip:00000074 $d
     /tmp/ccZ5iSyA.s:2101   .text.SEGGER_RTT_PutChar:00000000 $t
     /tmp/ccZ5iSyA.s:2107   .text.SEGGER_RTT_PutChar:00000000 SEGGER_RTT_PutChar
     /tmp/ccZ5iSyA.s:2281   .text.SEGGER_RTT_PutChar:00000098 $d
     /tmp/ccZ5iSyA.s:2287   .text.SEGGER_RTT_GetKey:00000000 $t
ARM GAS  /tmp/ccZ5iSyA.s 			page 119


     /tmp/ccZ5iSyA.s:2293   .text.SEGGER_RTT_GetKey:00000000 SEGGER_RTT_GetKey
     /tmp/ccZ5iSyA.s:2345   .text.SEGGER_RTT_WaitKey:00000000 $t
     /tmp/ccZ5iSyA.s:2351   .text.SEGGER_RTT_WaitKey:00000000 SEGGER_RTT_WaitKey
     /tmp/ccZ5iSyA.s:2380   .text.SEGGER_RTT_HasKey:00000000 $t
     /tmp/ccZ5iSyA.s:2386   .text.SEGGER_RTT_HasKey:00000000 SEGGER_RTT_HasKey
     /tmp/ccZ5iSyA.s:2451   .text.SEGGER_RTT_HasKey:00000024 $d
     /tmp/ccZ5iSyA.s:2456   .text.SEGGER_RTT_HasData:00000000 $t
     /tmp/ccZ5iSyA.s:2462   .text.SEGGER_RTT_HasData:00000000 SEGGER_RTT_HasData
     /tmp/ccZ5iSyA.s:2493   .text.SEGGER_RTT_HasData:0000001c $d
     /tmp/ccZ5iSyA.s:2498   .text.SEGGER_RTT_HasDataUp:00000000 $t
     /tmp/ccZ5iSyA.s:2504   .text.SEGGER_RTT_HasDataUp:00000000 SEGGER_RTT_HasDataUp
     /tmp/ccZ5iSyA.s:2535   .text.SEGGER_RTT_HasDataUp:0000001c $d
     /tmp/ccZ5iSyA.s:2540   .text.SEGGER_RTT_AllocDownBuffer:00000000 $t
     /tmp/ccZ5iSyA.s:2546   .text.SEGGER_RTT_AllocDownBuffer:00000000 SEGGER_RTT_AllocDownBuffer
     /tmp/ccZ5iSyA.s:2700   .text.SEGGER_RTT_AllocDownBuffer:00000074 $d
     /tmp/ccZ5iSyA.s:2706   .text.SEGGER_RTT_AllocUpBuffer:00000000 $t
     /tmp/ccZ5iSyA.s:2712   .text.SEGGER_RTT_AllocUpBuffer:00000000 SEGGER_RTT_AllocUpBuffer
     /tmp/ccZ5iSyA.s:2873   .text.SEGGER_RTT_AllocUpBuffer:00000088 $d
     /tmp/ccZ5iSyA.s:2879   .text.SEGGER_RTT_ConfigUpBuffer:00000000 $t
     /tmp/ccZ5iSyA.s:2885   .text.SEGGER_RTT_ConfigUpBuffer:00000000 SEGGER_RTT_ConfigUpBuffer
     /tmp/ccZ5iSyA.s:3022   .text.SEGGER_RTT_ConfigUpBuffer:0000006c $d
     /tmp/ccZ5iSyA.s:3027   .text.SEGGER_RTT_ConfigDownBuffer:00000000 $t
     /tmp/ccZ5iSyA.s:3033   .text.SEGGER_RTT_ConfigDownBuffer:00000000 SEGGER_RTT_ConfigDownBuffer
     /tmp/ccZ5iSyA.s:3171   .text.SEGGER_RTT_ConfigDownBuffer:00000070 $d
     /tmp/ccZ5iSyA.s:3176   .text.SEGGER_RTT_SetNameUpBuffer:00000000 $t
     /tmp/ccZ5iSyA.s:3182   .text.SEGGER_RTT_SetNameUpBuffer:00000000 SEGGER_RTT_SetNameUpBuffer
     /tmp/ccZ5iSyA.s:3287   .text.SEGGER_RTT_SetNameUpBuffer:00000040 $d
     /tmp/ccZ5iSyA.s:3292   .text.SEGGER_RTT_SetNameDownBuffer:00000000 $t
     /tmp/ccZ5iSyA.s:3298   .text.SEGGER_RTT_SetNameDownBuffer:00000000 SEGGER_RTT_SetNameDownBuffer
     /tmp/ccZ5iSyA.s:3400   .text.SEGGER_RTT_SetNameDownBuffer:00000040 $d
     /tmp/ccZ5iSyA.s:3405   .text.SEGGER_RTT_SetFlagsUpBuffer:00000000 $t
     /tmp/ccZ5iSyA.s:3411   .text.SEGGER_RTT_SetFlagsUpBuffer:00000000 SEGGER_RTT_SetFlagsUpBuffer
     /tmp/ccZ5iSyA.s:3513   .text.SEGGER_RTT_SetFlagsUpBuffer:00000040 $d
     /tmp/ccZ5iSyA.s:3518   .text.SEGGER_RTT_SetFlagsDownBuffer:00000000 $t
     /tmp/ccZ5iSyA.s:3524   .text.SEGGER_RTT_SetFlagsDownBuffer:00000000 SEGGER_RTT_SetFlagsDownBuffer
     /tmp/ccZ5iSyA.s:3626   .text.SEGGER_RTT_SetFlagsDownBuffer:00000040 $d
     /tmp/ccZ5iSyA.s:3631   .text.SEGGER_RTT_Init:00000000 $t
     /tmp/ccZ5iSyA.s:3637   .text.SEGGER_RTT_Init:00000000 SEGGER_RTT_Init
     /tmp/ccZ5iSyA.s:3657   .text.SEGGER_RTT_SetTerminal:00000000 $t
     /tmp/ccZ5iSyA.s:3663   .text.SEGGER_RTT_SetTerminal:00000000 SEGGER_RTT_SetTerminal
     /tmp/ccZ5iSyA.s:3840   .text.SEGGER_RTT_SetTerminal:00000080 $d
     /tmp/ccZ5iSyA.s:4228   .bss._ActiveTerminal:00000000 _ActiveTerminal
     /tmp/ccZ5iSyA.s:3848   .text.SEGGER_RTT_TerminalOut:00000000 $t
     /tmp/ccZ5iSyA.s:3854   .text.SEGGER_RTT_TerminalOut:00000000 SEGGER_RTT_TerminalOut
     /tmp/ccZ5iSyA.s:4101   .text.SEGGER_RTT_TerminalOut:000000e0 $d
     /tmp/ccZ5iSyA.s:4108   .text.SEGGER_RTT_GetAvailWriteSpace:00000000 $t
     /tmp/ccZ5iSyA.s:4114   .text.SEGGER_RTT_GetAvailWriteSpace:00000000 SEGGER_RTT_GetAvailWriteSpace
     /tmp/ccZ5iSyA.s:4148   .text.SEGGER_RTT_GetAvailWriteSpace:00000014 $d
     /tmp/ccZ5iSyA.s:4153   .text.SEGGER_RTT_GetBytesInBuffer:00000000 $t
     /tmp/ccZ5iSyA.s:4159   .text.SEGGER_RTT_GetBytesInBuffer:00000000 SEGGER_RTT_GetBytesInBuffer
     /tmp/ccZ5iSyA.s:4215   .text.SEGGER_RTT_GetBytesInBuffer:00000028 $d
     /tmp/ccZ5iSyA.s:4220   .rodata._aInitStr.0:00000000 $d
     /tmp/ccZ5iSyA.s:4229   .bss._ActiveTerminal:00000000 $d
     /tmp/ccZ5iSyA.s:4231   .bss._acDownBuffer:00000000 $d
     /tmp/ccZ5iSyA.s:4237   .bss._acUpBuffer:00000000 $d
     /tmp/ccZ5iSyA.s:4244   .bss._SEGGER_RTT:00000000 $d
     /tmp/ccZ5iSyA.s:4250   .rodata._aTerminalId:00000000 $d
ARM GAS  /tmp/ccZ5iSyA.s 			page 120



UNDEFINED SYMBOLS
memcpy
memset
strlen
