ARM GAS  /tmp/ccJ92bG0.s 			page 1


   1              		.cpu cortex-m4
   2              		.arch armv7e-m
   3              		.fpu fpv4-sp-d16
   4              		.eabi_attribute 27, 1
   5              		.eabi_attribute 28, 1
   6              		.eabi_attribute 20, 1
   7              		.eabi_attribute 21, 1
   8              		.eabi_attribute 23, 3
   9              		.eabi_attribute 24, 1
  10              		.eabi_attribute 25, 1
  11              		.eabi_attribute 26, 1
  12              		.eabi_attribute 30, 1
  13              		.eabi_attribute 34, 1
  14              		.eabi_attribute 18, 4
  15              		.file	"stm32f4xx_dma2d.c"
  16              		.text
  17              	.Ltext0:
  18              		.cfi_sections	.debug_frame
  19              		.file 1 "./Libraries/src/stm32f4xx_dma2d.c"
  20              		.section	.text.DMA2D_DeInit,"ax",%progbits
  21              		.align	1
  22              		.global	DMA2D_DeInit
  23              		.syntax unified
  24              		.thumb
  25              		.thumb_func
  27              	DMA2D_DeInit:
  28              	.LFB123:
   1:./Libraries/src/stm32f4xx_dma2d.c **** /**
   2:./Libraries/src/stm32f4xx_dma2d.c ****   ******************************************************************************
   3:./Libraries/src/stm32f4xx_dma2d.c ****   * @file    stm32f4xx_dma2d.c
   4:./Libraries/src/stm32f4xx_dma2d.c ****   * @author  MCD Application Team
   5:./Libraries/src/stm32f4xx_dma2d.c ****   * @version V1.8.0
   6:./Libraries/src/stm32f4xx_dma2d.c ****   * @date    04-November-2016
   7:./Libraries/src/stm32f4xx_dma2d.c ****   * @brief   This file provides firmware functions to manage the following 
   8:./Libraries/src/stm32f4xx_dma2d.c ****   *          functionalities of the DMA2D controller (DMA2D) peripheral:
   9:./Libraries/src/stm32f4xx_dma2d.c ****   *           + Initialization and configuration
  10:./Libraries/src/stm32f4xx_dma2d.c ****   *           + Interrupts and flags management
  11:./Libraries/src/stm32f4xx_dma2d.c ****   *           
  12:./Libraries/src/stm32f4xx_dma2d.c ****   @verbatim  
  13:./Libraries/src/stm32f4xx_dma2d.c ****  ===============================================================================
  14:./Libraries/src/stm32f4xx_dma2d.c ****                       ##### How to use this driver #####
  15:./Libraries/src/stm32f4xx_dma2d.c ****  ===============================================================================
  16:./Libraries/src/stm32f4xx_dma2d.c ****     [..]
  17:./Libraries/src/stm32f4xx_dma2d.c ****         (#) Enable DMA2D clock using 
  18:./Libraries/src/stm32f4xx_dma2d.c ****             RCC_APB2PeriphResetCmd(RCC_APB2Periph_DMA2D, ENABLE) function.
  19:./Libraries/src/stm32f4xx_dma2d.c ****             
  20:./Libraries/src/stm32f4xx_dma2d.c ****         (#) Configures DMA2D
  21:./Libraries/src/stm32f4xx_dma2d.c ****           (++) transfer mode 
  22:./Libraries/src/stm32f4xx_dma2d.c ****           (++) pixel format, line_number, pixel_per_line
  23:./Libraries/src/stm32f4xx_dma2d.c ****           (++) output memory address
  24:./Libraries/src/stm32f4xx_dma2d.c ****           (++) alpha value
  25:./Libraries/src/stm32f4xx_dma2d.c ****           (++) output offset
  26:./Libraries/src/stm32f4xx_dma2d.c ****           (++) Default color (RGB)
  27:./Libraries/src/stm32f4xx_dma2d.c ****            
  28:./Libraries/src/stm32f4xx_dma2d.c ****         (#) Configures Foreground or/and background
  29:./Libraries/src/stm32f4xx_dma2d.c ****           (++) memory address
  30:./Libraries/src/stm32f4xx_dma2d.c ****           (++) alpha value
ARM GAS  /tmp/ccJ92bG0.s 			page 2


  31:./Libraries/src/stm32f4xx_dma2d.c ****           (++) offset and default color
  32:./Libraries/src/stm32f4xx_dma2d.c ****   
  33:./Libraries/src/stm32f4xx_dma2d.c ****         (#) Call the DMA2D_Start() to enable the DMA2D controller.
  34:./Libraries/src/stm32f4xx_dma2d.c ****         
  35:./Libraries/src/stm32f4xx_dma2d.c ****     @endverbatim
  36:./Libraries/src/stm32f4xx_dma2d.c ****   
  37:./Libraries/src/stm32f4xx_dma2d.c ****   ******************************************************************************
  38:./Libraries/src/stm32f4xx_dma2d.c ****   * @attention
  39:./Libraries/src/stm32f4xx_dma2d.c ****   *
  40:./Libraries/src/stm32f4xx_dma2d.c ****   * <h2><center>&copy; COPYRIGHT 2016 STMicroelectronics</center></h2>
  41:./Libraries/src/stm32f4xx_dma2d.c ****   *
  42:./Libraries/src/stm32f4xx_dma2d.c ****   * Licensed under MCD-ST Liberty SW License Agreement V2, (the "License");
  43:./Libraries/src/stm32f4xx_dma2d.c ****   * You may not use this file except in compliance with the License.
  44:./Libraries/src/stm32f4xx_dma2d.c ****   * You may obtain a copy of the License at:
  45:./Libraries/src/stm32f4xx_dma2d.c ****   *
  46:./Libraries/src/stm32f4xx_dma2d.c ****   *        http://www.st.com/software_license_agreement_liberty_v2
  47:./Libraries/src/stm32f4xx_dma2d.c ****   *
  48:./Libraries/src/stm32f4xx_dma2d.c ****   * Unless required by applicable law or agreed to in writing, software 
  49:./Libraries/src/stm32f4xx_dma2d.c ****   * distributed under the License is distributed on an "AS IS" BASIS, 
  50:./Libraries/src/stm32f4xx_dma2d.c ****   * WITHOUT WARRANTIES OR CONDITIONS OF ANY KIND, either express or implied.
  51:./Libraries/src/stm32f4xx_dma2d.c ****   * See the License for the specific language governing permissions and
  52:./Libraries/src/stm32f4xx_dma2d.c ****   * limitations under the License.
  53:./Libraries/src/stm32f4xx_dma2d.c ****   *
  54:./Libraries/src/stm32f4xx_dma2d.c ****   ******************************************************************************
  55:./Libraries/src/stm32f4xx_dma2d.c ****   */ 
  56:./Libraries/src/stm32f4xx_dma2d.c **** 
  57:./Libraries/src/stm32f4xx_dma2d.c **** /* Includes ------------------------------------------------------------------*/
  58:./Libraries/src/stm32f4xx_dma2d.c **** #include "stm32f4xx_dma2d.h"
  59:./Libraries/src/stm32f4xx_dma2d.c **** #include "stm32f4xx_rcc.h"
  60:./Libraries/src/stm32f4xx_dma2d.c **** 
  61:./Libraries/src/stm32f4xx_dma2d.c **** /** @addtogroup STM32F4xx_StdPeriph_Driver
  62:./Libraries/src/stm32f4xx_dma2d.c ****   * @{
  63:./Libraries/src/stm32f4xx_dma2d.c ****   */
  64:./Libraries/src/stm32f4xx_dma2d.c **** 
  65:./Libraries/src/stm32f4xx_dma2d.c **** /** @defgroup DMA2D 
  66:./Libraries/src/stm32f4xx_dma2d.c ****   * @brief DMA2D driver modules
  67:./Libraries/src/stm32f4xx_dma2d.c ****   * @{
  68:./Libraries/src/stm32f4xx_dma2d.c ****   */
  69:./Libraries/src/stm32f4xx_dma2d.c **** 
  70:./Libraries/src/stm32f4xx_dma2d.c **** /* Private typedef -----------------------------------------------------------*/
  71:./Libraries/src/stm32f4xx_dma2d.c **** /* Private define ------------------------------------------------------------*/
  72:./Libraries/src/stm32f4xx_dma2d.c **** /* Private macro -------------------------------------------------------------*/
  73:./Libraries/src/stm32f4xx_dma2d.c **** /* Private variables ---------------------------------------------------------*/
  74:./Libraries/src/stm32f4xx_dma2d.c **** /* Private function prototypes -----------------------------------------------*/
  75:./Libraries/src/stm32f4xx_dma2d.c **** /* Private functions ---------------------------------------------------------*/
  76:./Libraries/src/stm32f4xx_dma2d.c **** 
  77:./Libraries/src/stm32f4xx_dma2d.c **** #define CR_MASK                     ((uint32_t)0xFFFCE0FC)  /* DMA2D CR Mask */
  78:./Libraries/src/stm32f4xx_dma2d.c **** #define PFCCR_MASK                  ((uint32_t)0x00FC00C0)  /* DMA2D FGPFCCR Mask */
  79:./Libraries/src/stm32f4xx_dma2d.c **** #define DEAD_MASK                   ((uint32_t)0xFFFF00FE)  /* DMA2D DEAD Mask */
  80:./Libraries/src/stm32f4xx_dma2d.c **** 
  81:./Libraries/src/stm32f4xx_dma2d.c **** /** @defgroup DMA2D_Private_Functions
  82:./Libraries/src/stm32f4xx_dma2d.c ****   * @{
  83:./Libraries/src/stm32f4xx_dma2d.c ****   */
  84:./Libraries/src/stm32f4xx_dma2d.c **** 
  85:./Libraries/src/stm32f4xx_dma2d.c **** /** @defgroup DMA2D_Group1 Initialization and Configuration functions
  86:./Libraries/src/stm32f4xx_dma2d.c ****  *  @brief   Initialization and Configuration functions 
  87:./Libraries/src/stm32f4xx_dma2d.c ****  *
ARM GAS  /tmp/ccJ92bG0.s 			page 3


  88:./Libraries/src/stm32f4xx_dma2d.c **** @verbatim
  89:./Libraries/src/stm32f4xx_dma2d.c ****  ===============================================================================
  90:./Libraries/src/stm32f4xx_dma2d.c ****             ##### Initialization and Configuration functions #####
  91:./Libraries/src/stm32f4xx_dma2d.c ****  ===============================================================================
  92:./Libraries/src/stm32f4xx_dma2d.c ****     [..]  This section provides functions allowing to:
  93:./Libraries/src/stm32f4xx_dma2d.c ****       (+) Initialize and configure the DMA2D
  94:./Libraries/src/stm32f4xx_dma2d.c ****       (+) Start/Abort/Suspend Transfer
  95:./Libraries/src/stm32f4xx_dma2d.c ****       (+) Initialize, configure and set Foreground and background
  96:./Libraries/src/stm32f4xx_dma2d.c ****       (+) configure and enable DeadTime
  97:./Libraries/src/stm32f4xx_dma2d.c ****       (+) configure lineWatermark
  98:./Libraries/src/stm32f4xx_dma2d.c ****     
  99:./Libraries/src/stm32f4xx_dma2d.c ****     
 100:./Libraries/src/stm32f4xx_dma2d.c **** @endverbatim
 101:./Libraries/src/stm32f4xx_dma2d.c ****   * @{
 102:./Libraries/src/stm32f4xx_dma2d.c ****   */
 103:./Libraries/src/stm32f4xx_dma2d.c **** 
 104:./Libraries/src/stm32f4xx_dma2d.c **** /**
 105:./Libraries/src/stm32f4xx_dma2d.c ****   * @brief  Deinitializes the DMA2D peripheral registers to their default reset
 106:./Libraries/src/stm32f4xx_dma2d.c ****   *         values.
 107:./Libraries/src/stm32f4xx_dma2d.c ****   * @param  None
 108:./Libraries/src/stm32f4xx_dma2d.c ****   * @retval None
 109:./Libraries/src/stm32f4xx_dma2d.c ****   */
 110:./Libraries/src/stm32f4xx_dma2d.c **** 
 111:./Libraries/src/stm32f4xx_dma2d.c **** void DMA2D_DeInit(void)
 112:./Libraries/src/stm32f4xx_dma2d.c **** {
  29              		.loc 1 112 1 view -0
  30              		.cfi_startproc
  31              		@ args = 0, pretend = 0, frame = 0
  32              		@ frame_needed = 0, uses_anonymous_args = 0
  33 0000 08B5     		push	{r3, lr}
  34              	.LCFI0:
  35              		.cfi_def_cfa_offset 8
  36              		.cfi_offset 3, -8
  37              		.cfi_offset 14, -4
 113:./Libraries/src/stm32f4xx_dma2d.c ****   /* Enable DMA2D reset state */
 114:./Libraries/src/stm32f4xx_dma2d.c ****   RCC_AHB1PeriphResetCmd(RCC_AHB1Periph_DMA2D, ENABLE);
  38              		.loc 1 114 3 view .LVU1
  39 0002 0121     		movs	r1, #1
  40 0004 4FF40000 		mov	r0, #8388608
  41 0008 FFF7FEFF 		bl	RCC_AHB1PeriphResetCmd
  42              	.LVL0:
 115:./Libraries/src/stm32f4xx_dma2d.c ****   /* Release DMA2D from reset state */
 116:./Libraries/src/stm32f4xx_dma2d.c ****   RCC_AHB1PeriphResetCmd(RCC_AHB1Periph_DMA2D, DISABLE);
  43              		.loc 1 116 3 view .LVU2
  44 000c 0021     		movs	r1, #0
  45 000e 4FF40000 		mov	r0, #8388608
  46 0012 FFF7FEFF 		bl	RCC_AHB1PeriphResetCmd
  47              	.LVL1:
 117:./Libraries/src/stm32f4xx_dma2d.c **** }
  48              		.loc 1 117 1 is_stmt 0 view .LVU3
  49 0016 08BD     		pop	{r3, pc}
  50              		.cfi_endproc
  51              	.LFE123:
  53              		.section	.text.DMA2D_Init,"ax",%progbits
  54              		.align	1
  55              		.global	DMA2D_Init
  56              		.syntax unified
ARM GAS  /tmp/ccJ92bG0.s 			page 4


  57              		.thumb
  58              		.thumb_func
  60              	DMA2D_Init:
  61              	.LVL2:
  62              	.LFB124:
 118:./Libraries/src/stm32f4xx_dma2d.c **** 
 119:./Libraries/src/stm32f4xx_dma2d.c **** 
 120:./Libraries/src/stm32f4xx_dma2d.c **** /**
 121:./Libraries/src/stm32f4xx_dma2d.c ****   * @brief  Initializes the DMA2D peripheral according to the specified parameters
 122:./Libraries/src/stm32f4xx_dma2d.c ****   *         in the DMA2D_InitStruct.
 123:./Libraries/src/stm32f4xx_dma2d.c ****   * @note   This function can be used only when the DMA2D is disabled.
 124:./Libraries/src/stm32f4xx_dma2d.c ****   * @param  DMA2D_InitStruct: pointer to a DMA2D_InitTypeDef structure that contains
 125:./Libraries/src/stm32f4xx_dma2d.c ****   *         the configuration information for the specified DMA2D peripheral.
 126:./Libraries/src/stm32f4xx_dma2d.c ****   * @retval None
 127:./Libraries/src/stm32f4xx_dma2d.c ****   */
 128:./Libraries/src/stm32f4xx_dma2d.c **** void DMA2D_Init(DMA2D_InitTypeDef* DMA2D_InitStruct)
 129:./Libraries/src/stm32f4xx_dma2d.c **** {
  63              		.loc 1 129 1 is_stmt 1 view -0
  64              		.cfi_startproc
  65              		@ args = 0, pretend = 0, frame = 0
  66              		@ frame_needed = 0, uses_anonymous_args = 0
  67              		@ link register save eliminated.
  68              		.loc 1 129 1 is_stmt 0 view .LVU5
  69 0000 10B4     		push	{r4}
  70              	.LCFI1:
  71              		.cfi_def_cfa_offset 4
  72              		.cfi_offset 4, -4
 130:./Libraries/src/stm32f4xx_dma2d.c **** 
 131:./Libraries/src/stm32f4xx_dma2d.c ****   uint32_t outgreen = 0;
  73              		.loc 1 131 3 is_stmt 1 view .LVU6
  74              	.LVL3:
 132:./Libraries/src/stm32f4xx_dma2d.c ****   uint32_t outred   = 0;
  75              		.loc 1 132 3 view .LVU7
 133:./Libraries/src/stm32f4xx_dma2d.c ****   uint32_t outalpha = 0;
  76              		.loc 1 133 3 view .LVU8
 134:./Libraries/src/stm32f4xx_dma2d.c ****   uint32_t pixline  = 0;
  77              		.loc 1 134 3 view .LVU9
 135:./Libraries/src/stm32f4xx_dma2d.c **** 
 136:./Libraries/src/stm32f4xx_dma2d.c ****   /* Check the parameters */
 137:./Libraries/src/stm32f4xx_dma2d.c ****   assert_param(IS_DMA2D_MODE(DMA2D_InitStruct->DMA2D_Mode));
  78              		.loc 1 137 3 view .LVU10
 138:./Libraries/src/stm32f4xx_dma2d.c ****   assert_param(IS_DMA2D_CMODE(DMA2D_InitStruct->DMA2D_CMode));
  79              		.loc 1 138 3 view .LVU11
 139:./Libraries/src/stm32f4xx_dma2d.c ****   assert_param(IS_DMA2D_OGREEN(DMA2D_InitStruct->DMA2D_OutputGreen));
  80              		.loc 1 139 3 view .LVU12
 140:./Libraries/src/stm32f4xx_dma2d.c ****   assert_param(IS_DMA2D_ORED(DMA2D_InitStruct->DMA2D_OutputRed));
  81              		.loc 1 140 3 view .LVU13
 141:./Libraries/src/stm32f4xx_dma2d.c ****   assert_param(IS_DMA2D_OBLUE(DMA2D_InitStruct->DMA2D_OutputBlue));
  82              		.loc 1 141 3 view .LVU14
 142:./Libraries/src/stm32f4xx_dma2d.c ****   assert_param(IS_DMA2D_OALPHA(DMA2D_InitStruct->DMA2D_OutputAlpha));
  83              		.loc 1 142 3 view .LVU15
 143:./Libraries/src/stm32f4xx_dma2d.c ****   assert_param(IS_DMA2D_OUTPUT_OFFSET(DMA2D_InitStruct->DMA2D_OutputOffset));
  84              		.loc 1 143 3 view .LVU16
 144:./Libraries/src/stm32f4xx_dma2d.c ****   assert_param(IS_DMA2D_LINE(DMA2D_InitStruct->DMA2D_NumberOfLine));
  85              		.loc 1 144 3 view .LVU17
 145:./Libraries/src/stm32f4xx_dma2d.c ****   assert_param(IS_DMA2D_PIXEL(DMA2D_InitStruct->DMA2D_PixelPerLine));
  86              		.loc 1 145 3 view .LVU18
ARM GAS  /tmp/ccJ92bG0.s 			page 5


 146:./Libraries/src/stm32f4xx_dma2d.c **** 
 147:./Libraries/src/stm32f4xx_dma2d.c ****   /* Configures the DMA2D operation mode */
 148:./Libraries/src/stm32f4xx_dma2d.c ****   DMA2D->CR &= (uint32_t)CR_MASK;
  87              		.loc 1 148 3 view .LVU19
  88              		.loc 1 148 8 is_stmt 0 view .LVU20
  89 0002 304B     		ldr	r3, .L12
  90 0004 1A68     		ldr	r2, [r3]
  91              		.loc 1 148 13 view .LVU21
  92 0006 22F00312 		bic	r2, r2, #196611
  93 000a 22F4F852 		bic	r2, r2, #7936
  94 000e 1A60     		str	r2, [r3]
 149:./Libraries/src/stm32f4xx_dma2d.c ****   DMA2D->CR |= (DMA2D_InitStruct->DMA2D_Mode);
  95              		.loc 1 149 3 is_stmt 1 view .LVU22
  96              		.loc 1 149 8 is_stmt 0 view .LVU23
  97 0010 1A68     		ldr	r2, [r3]
  98              		.loc 1 149 33 view .LVU24
  99 0012 0168     		ldr	r1, [r0]
 100              		.loc 1 149 13 view .LVU25
 101 0014 0A43     		orrs	r2, r2, r1
 102 0016 1A60     		str	r2, [r3]
 150:./Libraries/src/stm32f4xx_dma2d.c **** 
 151:./Libraries/src/stm32f4xx_dma2d.c ****   /* Configures the color mode of the output image */
 152:./Libraries/src/stm32f4xx_dma2d.c ****   DMA2D->OPFCCR &= ~(uint32_t)DMA2D_OPFCCR_CM;
 103              		.loc 1 152 3 is_stmt 1 view .LVU26
 104              		.loc 1 152 8 is_stmt 0 view .LVU27
 105 0018 5A6B     		ldr	r2, [r3, #52]
 106              		.loc 1 152 17 view .LVU28
 107 001a 22F00702 		bic	r2, r2, #7
 108 001e 5A63     		str	r2, [r3, #52]
 153:./Libraries/src/stm32f4xx_dma2d.c ****   DMA2D->OPFCCR |= (DMA2D_InitStruct->DMA2D_CMode);
 109              		.loc 1 153 3 is_stmt 1 view .LVU29
 110              		.loc 1 153 8 is_stmt 0 view .LVU30
 111 0020 5A6B     		ldr	r2, [r3, #52]
 112              		.loc 1 153 37 view .LVU31
 113 0022 4168     		ldr	r1, [r0, #4]
 114              		.loc 1 153 17 view .LVU32
 115 0024 0A43     		orrs	r2, r2, r1
 116 0026 5A63     		str	r2, [r3, #52]
 154:./Libraries/src/stm32f4xx_dma2d.c **** 
 155:./Libraries/src/stm32f4xx_dma2d.c ****   /* Configures the output color */
 156:./Libraries/src/stm32f4xx_dma2d.c **** 
 157:./Libraries/src/stm32f4xx_dma2d.c ****   if (DMA2D_InitStruct->DMA2D_CMode == DMA2D_ARGB8888)
 117              		.loc 1 157 3 is_stmt 1 view .LVU33
 118              		.loc 1 157 23 is_stmt 0 view .LVU34
 119 0028 4368     		ldr	r3, [r0, #4]
 120 002a 032B     		cmp	r3, #3
 121 002c 41D8     		bhi	.L4
 122 002e DFE803F0 		tbb	[pc, r3]
 123              	.L6:
 124 0032 02       		.byte	(.L9-.L6)/2
 125 0033 2A       		.byte	(.L8-.L6)/2
 126 0034 31       		.byte	(.L7-.L6)/2
 127 0035 38       		.byte	(.L5-.L6)/2
 128              		.p2align 1
 129              	.L9:
 158:./Libraries/src/stm32f4xx_dma2d.c ****   {
 159:./Libraries/src/stm32f4xx_dma2d.c ****     outgreen = DMA2D_InitStruct->DMA2D_OutputGreen << 8;
ARM GAS  /tmp/ccJ92bG0.s 			page 6


 130              		.loc 1 159 5 is_stmt 1 view .LVU35
 131              		.loc 1 159 32 is_stmt 0 view .LVU36
 132 0036 C268     		ldr	r2, [r0, #12]
 133              		.loc 1 159 14 view .LVU37
 134 0038 1202     		lsls	r2, r2, #8
 135              	.LVL4:
 160:./Libraries/src/stm32f4xx_dma2d.c ****     outred = DMA2D_InitStruct->DMA2D_OutputRed << 16;
 136              		.loc 1 160 5 is_stmt 1 view .LVU38
 137              		.loc 1 160 30 is_stmt 0 view .LVU39
 138 003a 0169     		ldr	r1, [r0, #16]
 139              		.loc 1 160 12 view .LVU40
 140 003c 0904     		lsls	r1, r1, #16
 141              	.LVL5:
 161:./Libraries/src/stm32f4xx_dma2d.c ****     outalpha = DMA2D_InitStruct->DMA2D_OutputAlpha << 24;
 142              		.loc 1 161 5 is_stmt 1 view .LVU41
 143              		.loc 1 161 32 is_stmt 0 view .LVU42
 144 003e 4369     		ldr	r3, [r0, #20]
 145              		.loc 1 161 14 view .LVU43
 146 0040 4FEA036C 		lsl	ip, r3, #24
 147              	.LVL6:
 148              	.L10:
 162:./Libraries/src/stm32f4xx_dma2d.c ****   }
 163:./Libraries/src/stm32f4xx_dma2d.c ****   else
 164:./Libraries/src/stm32f4xx_dma2d.c ****   
 165:./Libraries/src/stm32f4xx_dma2d.c ****     if (DMA2D_InitStruct->DMA2D_CMode == DMA2D_RGB888)
 166:./Libraries/src/stm32f4xx_dma2d.c ****     {
 167:./Libraries/src/stm32f4xx_dma2d.c ****       outgreen = DMA2D_InitStruct->DMA2D_OutputGreen << 8;
 168:./Libraries/src/stm32f4xx_dma2d.c ****       outred = DMA2D_InitStruct->DMA2D_OutputRed << 16;
 169:./Libraries/src/stm32f4xx_dma2d.c ****       outalpha = (uint32_t)0x00000000;
 170:./Libraries/src/stm32f4xx_dma2d.c ****     }
 171:./Libraries/src/stm32f4xx_dma2d.c ****      
 172:./Libraries/src/stm32f4xx_dma2d.c ****   else
 173:./Libraries/src/stm32f4xx_dma2d.c **** 
 174:./Libraries/src/stm32f4xx_dma2d.c ****     if (DMA2D_InitStruct->DMA2D_CMode == DMA2D_RGB565)
 175:./Libraries/src/stm32f4xx_dma2d.c ****     {
 176:./Libraries/src/stm32f4xx_dma2d.c ****       outgreen = DMA2D_InitStruct->DMA2D_OutputGreen << 5;
 177:./Libraries/src/stm32f4xx_dma2d.c ****       outred = DMA2D_InitStruct->DMA2D_OutputRed << 11;
 178:./Libraries/src/stm32f4xx_dma2d.c ****       outalpha = (uint32_t)0x00000000;
 179:./Libraries/src/stm32f4xx_dma2d.c ****     }
 180:./Libraries/src/stm32f4xx_dma2d.c **** 
 181:./Libraries/src/stm32f4xx_dma2d.c ****   else
 182:./Libraries/src/stm32f4xx_dma2d.c **** 
 183:./Libraries/src/stm32f4xx_dma2d.c ****     if (DMA2D_InitStruct->DMA2D_CMode == DMA2D_ARGB1555)
 184:./Libraries/src/stm32f4xx_dma2d.c ****     {  
 185:./Libraries/src/stm32f4xx_dma2d.c ****       outgreen = DMA2D_InitStruct->DMA2D_OutputGreen << 5;
 186:./Libraries/src/stm32f4xx_dma2d.c ****       outred = DMA2D_InitStruct->DMA2D_OutputRed << 10;
 187:./Libraries/src/stm32f4xx_dma2d.c ****       outalpha = DMA2D_InitStruct->DMA2D_OutputAlpha << 15;
 188:./Libraries/src/stm32f4xx_dma2d.c ****     }
 189:./Libraries/src/stm32f4xx_dma2d.c **** 
 190:./Libraries/src/stm32f4xx_dma2d.c ****   else /* DMA2D_CMode = DMA2D_ARGB4444 */
 191:./Libraries/src/stm32f4xx_dma2d.c ****   {
 192:./Libraries/src/stm32f4xx_dma2d.c ****     outgreen = DMA2D_InitStruct->DMA2D_OutputGreen << 4;
 193:./Libraries/src/stm32f4xx_dma2d.c ****     outred = DMA2D_InitStruct->DMA2D_OutputRed << 8;
 194:./Libraries/src/stm32f4xx_dma2d.c ****     outalpha = DMA2D_InitStruct->DMA2D_OutputAlpha << 12;
 195:./Libraries/src/stm32f4xx_dma2d.c ****   }  
 196:./Libraries/src/stm32f4xx_dma2d.c ****   DMA2D->OCOLR |= ((outgreen) | (outred) | (DMA2D_InitStruct->DMA2D_OutputBlue) | (outalpha));
 149              		.loc 1 196 3 is_stmt 1 view .LVU44
ARM GAS  /tmp/ccJ92bG0.s 			page 7


 150              		.loc 1 196 8 is_stmt 0 view .LVU45
 151 0044 1F4B     		ldr	r3, .L12
 152 0046 9C6B     		ldr	r4, [r3, #56]
 153              		.loc 1 196 31 view .LVU46
 154 0048 0A43     		orrs	r2, r2, r1
 155              	.LVL7:
 156              		.loc 1 196 61 view .LVU47
 157 004a 8168     		ldr	r1, [r0, #8]
 158              	.LVL8:
 159              		.loc 1 196 42 view .LVU48
 160 004c 0A43     		orrs	r2, r2, r1
 161              		.loc 1 196 81 view .LVU49
 162 004e 42EA0C02 		orr	r2, r2, ip
 163              		.loc 1 196 16 view .LVU50
 164 0052 2243     		orrs	r2, r2, r4
 165 0054 9A63     		str	r2, [r3, #56]
 197:./Libraries/src/stm32f4xx_dma2d.c **** 
 198:./Libraries/src/stm32f4xx_dma2d.c ****   /* Configures the output memory address */
 199:./Libraries/src/stm32f4xx_dma2d.c ****   DMA2D->OMAR = (DMA2D_InitStruct->DMA2D_OutputMemoryAdd);
 166              		.loc 1 199 3 is_stmt 1 view .LVU51
 167              		.loc 1 199 34 is_stmt 0 view .LVU52
 168 0056 8269     		ldr	r2, [r0, #24]
 169              		.loc 1 199 15 view .LVU53
 170 0058 DA63     		str	r2, [r3, #60]
 200:./Libraries/src/stm32f4xx_dma2d.c **** 
 201:./Libraries/src/stm32f4xx_dma2d.c ****   /* Configure  the line Offset */
 202:./Libraries/src/stm32f4xx_dma2d.c ****   DMA2D->OOR &= ~(uint32_t)DMA2D_OOR_LO;
 171              		.loc 1 202 3 is_stmt 1 view .LVU54
 172              		.loc 1 202 8 is_stmt 0 view .LVU55
 173 005a 1A6C     		ldr	r2, [r3, #64]
 174              		.loc 1 202 14 view .LVU56
 175 005c 6FF30D02 		bfc	r2, #0, #14
 176 0060 1A64     		str	r2, [r3, #64]
 203:./Libraries/src/stm32f4xx_dma2d.c ****   DMA2D->OOR |= (DMA2D_InitStruct->DMA2D_OutputOffset);
 177              		.loc 1 203 3 is_stmt 1 view .LVU57
 178              		.loc 1 203 8 is_stmt 0 view .LVU58
 179 0062 1A6C     		ldr	r2, [r3, #64]
 180              		.loc 1 203 34 view .LVU59
 181 0064 C169     		ldr	r1, [r0, #28]
 182              		.loc 1 203 14 view .LVU60
 183 0066 0A43     		orrs	r2, r2, r1
 184 0068 1A64     		str	r2, [r3, #64]
 204:./Libraries/src/stm32f4xx_dma2d.c **** 
 205:./Libraries/src/stm32f4xx_dma2d.c ****   /* Configure the number of line and pixel per line */
 206:./Libraries/src/stm32f4xx_dma2d.c ****   pixline = DMA2D_InitStruct->DMA2D_PixelPerLine << 16; 
 185              		.loc 1 206 3 is_stmt 1 view .LVU61
 186              		.loc 1 206 29 is_stmt 0 view .LVU62
 187 006a 446A     		ldr	r4, [r0, #36]
 188              	.LVL9:
 207:./Libraries/src/stm32f4xx_dma2d.c ****   DMA2D->NLR &= ~(DMA2D_NLR_NL | DMA2D_NLR_PL);
 189              		.loc 1 207 3 is_stmt 1 view .LVU63
 190              		.loc 1 207 8 is_stmt 0 view .LVU64
 191 006c 5A6C     		ldr	r2, [r3, #68]
 192              		.loc 1 207 14 view .LVU65
 193 006e 02F04042 		and	r2, r2, #-1073741824
 194 0072 5A64     		str	r2, [r3, #68]
 208:./Libraries/src/stm32f4xx_dma2d.c ****   DMA2D->NLR |= ((DMA2D_InitStruct->DMA2D_NumberOfLine) | (pixline));
ARM GAS  /tmp/ccJ92bG0.s 			page 8


 195              		.loc 1 208 3 is_stmt 1 view .LVU66
 196              		.loc 1 208 8 is_stmt 0 view .LVU67
 197 0074 5A6C     		ldr	r2, [r3, #68]
 198              		.loc 1 208 35 view .LVU68
 199 0076 016A     		ldr	r1, [r0, #32]
 200              		.loc 1 208 57 view .LVU69
 201 0078 41EA0441 		orr	r1, r1, r4, lsl #16
 202              		.loc 1 208 14 view .LVU70
 203 007c 0A43     		orrs	r2, r2, r1
 204 007e 5A64     		str	r2, [r3, #68]
 209:./Libraries/src/stm32f4xx_dma2d.c **** 
 210:./Libraries/src/stm32f4xx_dma2d.c **** /**
 211:./Libraries/src/stm32f4xx_dma2d.c ****   * @brief  Fills each DMA2D_InitStruct member with its default value.
 212:./Libraries/src/stm32f4xx_dma2d.c ****   * @param  DMA2D_InitStruct: pointer to a DMA2D_InitTypeDef structure which will
 213:./Libraries/src/stm32f4xx_dma2d.c ****   *         be initialized.
 214:./Libraries/src/stm32f4xx_dma2d.c ****   * @retval None
 215:./Libraries/src/stm32f4xx_dma2d.c ****   */
 216:./Libraries/src/stm32f4xx_dma2d.c **** }
 205              		.loc 1 216 1 view .LVU71
 206 0080 5DF8044B 		ldr	r4, [sp], #4
 207              	.LCFI2:
 208              		.cfi_remember_state
 209              		.cfi_restore 4
 210              		.cfi_def_cfa_offset 0
 211              	.LVL10:
 212              		.loc 1 216 1 view .LVU72
 213 0084 7047     		bx	lr
 214              	.LVL11:
 215              	.L8:
 216              	.LCFI3:
 217              		.cfi_restore_state
 167:./Libraries/src/stm32f4xx_dma2d.c ****       outred = DMA2D_InitStruct->DMA2D_OutputRed << 16;
 218              		.loc 1 167 7 is_stmt 1 view .LVU73
 167:./Libraries/src/stm32f4xx_dma2d.c ****       outred = DMA2D_InitStruct->DMA2D_OutputRed << 16;
 219              		.loc 1 167 34 is_stmt 0 view .LVU74
 220 0086 C268     		ldr	r2, [r0, #12]
 167:./Libraries/src/stm32f4xx_dma2d.c ****       outred = DMA2D_InitStruct->DMA2D_OutputRed << 16;
 221              		.loc 1 167 16 view .LVU75
 222 0088 1202     		lsls	r2, r2, #8
 223              	.LVL12:
 168:./Libraries/src/stm32f4xx_dma2d.c ****       outalpha = (uint32_t)0x00000000;
 224              		.loc 1 168 7 is_stmt 1 view .LVU76
 168:./Libraries/src/stm32f4xx_dma2d.c ****       outalpha = (uint32_t)0x00000000;
 225              		.loc 1 168 32 is_stmt 0 view .LVU77
 226 008a 0169     		ldr	r1, [r0, #16]
 168:./Libraries/src/stm32f4xx_dma2d.c ****       outalpha = (uint32_t)0x00000000;
 227              		.loc 1 168 14 view .LVU78
 228 008c 0904     		lsls	r1, r1, #16
 229              	.LVL13:
 169:./Libraries/src/stm32f4xx_dma2d.c ****     }
 230              		.loc 1 169 7 is_stmt 1 view .LVU79
 169:./Libraries/src/stm32f4xx_dma2d.c ****     }
 231              		.loc 1 169 16 is_stmt 0 view .LVU80
 232 008e 4FF0000C 		mov	ip, #0
 233 0092 D7E7     		b	.L10
 234              	.LVL14:
 235              	.L7:
ARM GAS  /tmp/ccJ92bG0.s 			page 9


 176:./Libraries/src/stm32f4xx_dma2d.c ****       outred = DMA2D_InitStruct->DMA2D_OutputRed << 11;
 236              		.loc 1 176 7 is_stmt 1 view .LVU81
 176:./Libraries/src/stm32f4xx_dma2d.c ****       outred = DMA2D_InitStruct->DMA2D_OutputRed << 11;
 237              		.loc 1 176 34 is_stmt 0 view .LVU82
 238 0094 C268     		ldr	r2, [r0, #12]
 176:./Libraries/src/stm32f4xx_dma2d.c ****       outred = DMA2D_InitStruct->DMA2D_OutputRed << 11;
 239              		.loc 1 176 16 view .LVU83
 240 0096 5201     		lsls	r2, r2, #5
 241              	.LVL15:
 177:./Libraries/src/stm32f4xx_dma2d.c ****       outalpha = (uint32_t)0x00000000;
 242              		.loc 1 177 7 is_stmt 1 view .LVU84
 177:./Libraries/src/stm32f4xx_dma2d.c ****       outalpha = (uint32_t)0x00000000;
 243              		.loc 1 177 32 is_stmt 0 view .LVU85
 244 0098 0169     		ldr	r1, [r0, #16]
 177:./Libraries/src/stm32f4xx_dma2d.c ****       outalpha = (uint32_t)0x00000000;
 245              		.loc 1 177 14 view .LVU86
 246 009a C902     		lsls	r1, r1, #11
 247              	.LVL16:
 178:./Libraries/src/stm32f4xx_dma2d.c ****     }
 248              		.loc 1 178 7 is_stmt 1 view .LVU87
 178:./Libraries/src/stm32f4xx_dma2d.c ****     }
 249              		.loc 1 178 16 is_stmt 0 view .LVU88
 250 009c 4FF0000C 		mov	ip, #0
 251 00a0 D0E7     		b	.L10
 252              	.LVL17:
 253              	.L5:
 185:./Libraries/src/stm32f4xx_dma2d.c ****       outred = DMA2D_InitStruct->DMA2D_OutputRed << 10;
 254              		.loc 1 185 7 is_stmt 1 view .LVU89
 185:./Libraries/src/stm32f4xx_dma2d.c ****       outred = DMA2D_InitStruct->DMA2D_OutputRed << 10;
 255              		.loc 1 185 34 is_stmt 0 view .LVU90
 256 00a2 C268     		ldr	r2, [r0, #12]
 185:./Libraries/src/stm32f4xx_dma2d.c ****       outred = DMA2D_InitStruct->DMA2D_OutputRed << 10;
 257              		.loc 1 185 16 view .LVU91
 258 00a4 5201     		lsls	r2, r2, #5
 259              	.LVL18:
 186:./Libraries/src/stm32f4xx_dma2d.c ****       outalpha = DMA2D_InitStruct->DMA2D_OutputAlpha << 15;
 260              		.loc 1 186 7 is_stmt 1 view .LVU92
 186:./Libraries/src/stm32f4xx_dma2d.c ****       outalpha = DMA2D_InitStruct->DMA2D_OutputAlpha << 15;
 261              		.loc 1 186 32 is_stmt 0 view .LVU93
 262 00a6 0169     		ldr	r1, [r0, #16]
 186:./Libraries/src/stm32f4xx_dma2d.c ****       outalpha = DMA2D_InitStruct->DMA2D_OutputAlpha << 15;
 263              		.loc 1 186 14 view .LVU94
 264 00a8 8902     		lsls	r1, r1, #10
 265              	.LVL19:
 187:./Libraries/src/stm32f4xx_dma2d.c ****     }
 266              		.loc 1 187 7 is_stmt 1 view .LVU95
 187:./Libraries/src/stm32f4xx_dma2d.c ****     }
 267              		.loc 1 187 34 is_stmt 0 view .LVU96
 268 00aa 4369     		ldr	r3, [r0, #20]
 187:./Libraries/src/stm32f4xx_dma2d.c ****     }
 269              		.loc 1 187 16 view .LVU97
 270 00ac 4FEAC33C 		lsl	ip, r3, #15
 271              	.LVL20:
 187:./Libraries/src/stm32f4xx_dma2d.c ****     }
 272              		.loc 1 187 16 view .LVU98
 273 00b0 C8E7     		b	.L10
 274              	.LVL21:
ARM GAS  /tmp/ccJ92bG0.s 			page 10


 275              	.L4:
 192:./Libraries/src/stm32f4xx_dma2d.c ****     outred = DMA2D_InitStruct->DMA2D_OutputRed << 8;
 276              		.loc 1 192 5 is_stmt 1 view .LVU99
 192:./Libraries/src/stm32f4xx_dma2d.c ****     outred = DMA2D_InitStruct->DMA2D_OutputRed << 8;
 277              		.loc 1 192 32 is_stmt 0 view .LVU100
 278 00b2 C268     		ldr	r2, [r0, #12]
 192:./Libraries/src/stm32f4xx_dma2d.c ****     outred = DMA2D_InitStruct->DMA2D_OutputRed << 8;
 279              		.loc 1 192 14 view .LVU101
 280 00b4 1201     		lsls	r2, r2, #4
 281              	.LVL22:
 193:./Libraries/src/stm32f4xx_dma2d.c ****     outalpha = DMA2D_InitStruct->DMA2D_OutputAlpha << 12;
 282              		.loc 1 193 5 is_stmt 1 view .LVU102
 193:./Libraries/src/stm32f4xx_dma2d.c ****     outalpha = DMA2D_InitStruct->DMA2D_OutputAlpha << 12;
 283              		.loc 1 193 30 is_stmt 0 view .LVU103
 284 00b6 0169     		ldr	r1, [r0, #16]
 193:./Libraries/src/stm32f4xx_dma2d.c ****     outalpha = DMA2D_InitStruct->DMA2D_OutputAlpha << 12;
 285              		.loc 1 193 12 view .LVU104
 286 00b8 0902     		lsls	r1, r1, #8
 287              	.LVL23:
 194:./Libraries/src/stm32f4xx_dma2d.c ****   }  
 288              		.loc 1 194 5 is_stmt 1 view .LVU105
 194:./Libraries/src/stm32f4xx_dma2d.c ****   }  
 289              		.loc 1 194 32 is_stmt 0 view .LVU106
 290 00ba 4369     		ldr	r3, [r0, #20]
 194:./Libraries/src/stm32f4xx_dma2d.c ****   }  
 291              		.loc 1 194 14 view .LVU107
 292 00bc 4FEA033C 		lsl	ip, r3, #12
 293 00c0 C0E7     		b	.L10
 294              	.L13:
 295 00c2 00BF     		.align	2
 296              	.L12:
 297 00c4 00B00240 		.word	1073917952
 298              		.cfi_endproc
 299              	.LFE124:
 301              		.section	.text.DMA2D_StructInit,"ax",%progbits
 302              		.align	1
 303              		.global	DMA2D_StructInit
 304              		.syntax unified
 305              		.thumb
 306              		.thumb_func
 308              	DMA2D_StructInit:
 309              	.LVL24:
 310              	.LFB125:
 217:./Libraries/src/stm32f4xx_dma2d.c **** void DMA2D_StructInit(DMA2D_InitTypeDef* DMA2D_InitStruct)
 218:./Libraries/src/stm32f4xx_dma2d.c **** {
 311              		.loc 1 218 1 is_stmt 1 view -0
 312              		.cfi_startproc
 313              		@ args = 0, pretend = 0, frame = 0
 314              		@ frame_needed = 0, uses_anonymous_args = 0
 315              		@ link register save eliminated.
 219:./Libraries/src/stm32f4xx_dma2d.c ****   /* Initialize the transfer mode member */
 220:./Libraries/src/stm32f4xx_dma2d.c ****   DMA2D_InitStruct->DMA2D_Mode = DMA2D_M2M;
 316              		.loc 1 220 3 view .LVU109
 317              		.loc 1 220 32 is_stmt 0 view .LVU110
 318 0000 0023     		movs	r3, #0
 319 0002 0360     		str	r3, [r0]
 221:./Libraries/src/stm32f4xx_dma2d.c **** 
ARM GAS  /tmp/ccJ92bG0.s 			page 11


 222:./Libraries/src/stm32f4xx_dma2d.c ****   /* Initialize the output color mode members */
 223:./Libraries/src/stm32f4xx_dma2d.c ****   DMA2D_InitStruct->DMA2D_CMode = DMA2D_ARGB8888;
 320              		.loc 1 223 3 is_stmt 1 view .LVU111
 321              		.loc 1 223 33 is_stmt 0 view .LVU112
 322 0004 4360     		str	r3, [r0, #4]
 224:./Libraries/src/stm32f4xx_dma2d.c **** 
 225:./Libraries/src/stm32f4xx_dma2d.c ****   /* Initialize the alpha and RGB values */
 226:./Libraries/src/stm32f4xx_dma2d.c ****   DMA2D_InitStruct->DMA2D_OutputGreen = 0x00;
 323              		.loc 1 226 3 is_stmt 1 view .LVU113
 324              		.loc 1 226 39 is_stmt 0 view .LVU114
 325 0006 C360     		str	r3, [r0, #12]
 227:./Libraries/src/stm32f4xx_dma2d.c ****   DMA2D_InitStruct->DMA2D_OutputBlue = 0x00;
 326              		.loc 1 227 3 is_stmt 1 view .LVU115
 327              		.loc 1 227 38 is_stmt 0 view .LVU116
 328 0008 8360     		str	r3, [r0, #8]
 228:./Libraries/src/stm32f4xx_dma2d.c ****   DMA2D_InitStruct->DMA2D_OutputRed = 0x00;
 329              		.loc 1 228 3 is_stmt 1 view .LVU117
 330              		.loc 1 228 37 is_stmt 0 view .LVU118
 331 000a 0361     		str	r3, [r0, #16]
 229:./Libraries/src/stm32f4xx_dma2d.c ****   DMA2D_InitStruct->DMA2D_OutputAlpha = 0x00;
 332              		.loc 1 229 3 is_stmt 1 view .LVU119
 333              		.loc 1 229 39 is_stmt 0 view .LVU120
 334 000c 4361     		str	r3, [r0, #20]
 230:./Libraries/src/stm32f4xx_dma2d.c **** 
 231:./Libraries/src/stm32f4xx_dma2d.c ****   /* Initialize the output memory address */
 232:./Libraries/src/stm32f4xx_dma2d.c ****   DMA2D_InitStruct->DMA2D_OutputMemoryAdd = 0x00;
 335              		.loc 1 232 3 is_stmt 1 view .LVU121
 336              		.loc 1 232 43 is_stmt 0 view .LVU122
 337 000e 8361     		str	r3, [r0, #24]
 233:./Libraries/src/stm32f4xx_dma2d.c **** 
 234:./Libraries/src/stm32f4xx_dma2d.c ****   /* Initialize the output offset */
 235:./Libraries/src/stm32f4xx_dma2d.c ****   DMA2D_InitStruct->DMA2D_OutputOffset = 0x00;
 338              		.loc 1 235 3 is_stmt 1 view .LVU123
 339              		.loc 1 235 40 is_stmt 0 view .LVU124
 340 0010 C361     		str	r3, [r0, #28]
 236:./Libraries/src/stm32f4xx_dma2d.c **** 
 237:./Libraries/src/stm32f4xx_dma2d.c ****   /* Initialize the number of line and the number of pixel per line */
 238:./Libraries/src/stm32f4xx_dma2d.c ****   DMA2D_InitStruct->DMA2D_NumberOfLine = 0x00;
 341              		.loc 1 238 3 is_stmt 1 view .LVU125
 342              		.loc 1 238 40 is_stmt 0 view .LVU126
 343 0012 0362     		str	r3, [r0, #32]
 239:./Libraries/src/stm32f4xx_dma2d.c ****   DMA2D_InitStruct->DMA2D_PixelPerLine = 0x00;
 344              		.loc 1 239 3 is_stmt 1 view .LVU127
 345              		.loc 1 239 40 is_stmt 0 view .LVU128
 346 0014 4362     		str	r3, [r0, #36]
 240:./Libraries/src/stm32f4xx_dma2d.c **** }
 347              		.loc 1 240 1 view .LVU129
 348 0016 7047     		bx	lr
 349              		.cfi_endproc
 350              	.LFE125:
 352              		.section	.text.DMA2D_StartTransfer,"ax",%progbits
 353              		.align	1
 354              		.global	DMA2D_StartTransfer
 355              		.syntax unified
 356              		.thumb
 357              		.thumb_func
 359              	DMA2D_StartTransfer:
ARM GAS  /tmp/ccJ92bG0.s 			page 12


 360              	.LFB126:
 241:./Libraries/src/stm32f4xx_dma2d.c **** 
 242:./Libraries/src/stm32f4xx_dma2d.c **** /**
 243:./Libraries/src/stm32f4xx_dma2d.c ****   * @brief  Start the DMA2D transfer.
 244:./Libraries/src/stm32f4xx_dma2d.c ****   * @param 
 245:./Libraries/src/stm32f4xx_dma2d.c ****   * @retval None
 246:./Libraries/src/stm32f4xx_dma2d.c ****   */
 247:./Libraries/src/stm32f4xx_dma2d.c **** 
 248:./Libraries/src/stm32f4xx_dma2d.c **** void DMA2D_StartTransfer(void)
 249:./Libraries/src/stm32f4xx_dma2d.c **** {
 361              		.loc 1 249 1 is_stmt 1 view -0
 362              		.cfi_startproc
 363              		@ args = 0, pretend = 0, frame = 0
 364              		@ frame_needed = 0, uses_anonymous_args = 0
 365              		@ link register save eliminated.
 250:./Libraries/src/stm32f4xx_dma2d.c ****     /* Start DMA2D transfer by setting START bit */
 251:./Libraries/src/stm32f4xx_dma2d.c ****     DMA2D->CR |= (uint32_t)DMA2D_CR_START;
 366              		.loc 1 251 5 view .LVU131
 367              		.loc 1 251 10 is_stmt 0 view .LVU132
 368 0000 024A     		ldr	r2, .L16
 369 0002 1368     		ldr	r3, [r2]
 370              		.loc 1 251 15 view .LVU133
 371 0004 43F00103 		orr	r3, r3, #1
 372 0008 1360     		str	r3, [r2]
 252:./Libraries/src/stm32f4xx_dma2d.c **** }
 373              		.loc 1 252 1 view .LVU134
 374 000a 7047     		bx	lr
 375              	.L17:
 376              		.align	2
 377              	.L16:
 378 000c 00B00240 		.word	1073917952
 379              		.cfi_endproc
 380              	.LFE126:
 382              		.section	.text.DMA2D_AbortTransfer,"ax",%progbits
 383              		.align	1
 384              		.global	DMA2D_AbortTransfer
 385              		.syntax unified
 386              		.thumb
 387              		.thumb_func
 389              	DMA2D_AbortTransfer:
 390              	.LFB127:
 253:./Libraries/src/stm32f4xx_dma2d.c **** 
 254:./Libraries/src/stm32f4xx_dma2d.c **** /**
 255:./Libraries/src/stm32f4xx_dma2d.c ****   * @brief  Abort the DMA2D transfer.
 256:./Libraries/src/stm32f4xx_dma2d.c ****   * @param
 257:./Libraries/src/stm32f4xx_dma2d.c ****   * @retval None
 258:./Libraries/src/stm32f4xx_dma2d.c ****   */
 259:./Libraries/src/stm32f4xx_dma2d.c **** 
 260:./Libraries/src/stm32f4xx_dma2d.c **** void DMA2D_AbortTransfer(void)
 261:./Libraries/src/stm32f4xx_dma2d.c **** {
 391              		.loc 1 261 1 is_stmt 1 view -0
 392              		.cfi_startproc
 393              		@ args = 0, pretend = 0, frame = 0
 394              		@ frame_needed = 0, uses_anonymous_args = 0
 395              		@ link register save eliminated.
 262:./Libraries/src/stm32f4xx_dma2d.c ****     /* Start DMA2D transfer by setting START bit */
 263:./Libraries/src/stm32f4xx_dma2d.c ****     DMA2D->CR |= (uint32_t)DMA2D_CR_ABORT;
ARM GAS  /tmp/ccJ92bG0.s 			page 13


 396              		.loc 1 263 5 view .LVU136
 397              		.loc 1 263 10 is_stmt 0 view .LVU137
 398 0000 024A     		ldr	r2, .L19
 399 0002 1368     		ldr	r3, [r2]
 400              		.loc 1 263 15 view .LVU138
 401 0004 43F00403 		orr	r3, r3, #4
 402 0008 1360     		str	r3, [r2]
 264:./Libraries/src/stm32f4xx_dma2d.c **** 
 265:./Libraries/src/stm32f4xx_dma2d.c **** }
 403              		.loc 1 265 1 view .LVU139
 404 000a 7047     		bx	lr
 405              	.L20:
 406              		.align	2
 407              	.L19:
 408 000c 00B00240 		.word	1073917952
 409              		.cfi_endproc
 410              	.LFE127:
 412              		.section	.text.DMA2D_Suspend,"ax",%progbits
 413              		.align	1
 414              		.global	DMA2D_Suspend
 415              		.syntax unified
 416              		.thumb
 417              		.thumb_func
 419              	DMA2D_Suspend:
 420              	.LVL25:
 421              	.LFB128:
 266:./Libraries/src/stm32f4xx_dma2d.c **** 
 267:./Libraries/src/stm32f4xx_dma2d.c **** /**
 268:./Libraries/src/stm32f4xx_dma2d.c ****   * @brief  Stop or continue the DMA2D transfer.
 269:./Libraries/src/stm32f4xx_dma2d.c ****   * @param  NewState: new state of the DMA2D peripheral.
 270:./Libraries/src/stm32f4xx_dma2d.c ****   *   This parameter can be: ENABLE or DISABLE.
 271:./Libraries/src/stm32f4xx_dma2d.c ****   * @retval None
 272:./Libraries/src/stm32f4xx_dma2d.c ****   */
 273:./Libraries/src/stm32f4xx_dma2d.c **** void DMA2D_Suspend(FunctionalState NewState)
 274:./Libraries/src/stm32f4xx_dma2d.c **** {
 422              		.loc 1 274 1 is_stmt 1 view -0
 423              		.cfi_startproc
 424              		@ args = 0, pretend = 0, frame = 0
 425              		@ frame_needed = 0, uses_anonymous_args = 0
 426              		@ link register save eliminated.
 275:./Libraries/src/stm32f4xx_dma2d.c ****   /* Check the parameters */
 276:./Libraries/src/stm32f4xx_dma2d.c ****   assert_param(IS_FUNCTIONAL_STATE(NewState));
 427              		.loc 1 276 3 view .LVU141
 277:./Libraries/src/stm32f4xx_dma2d.c **** 
 278:./Libraries/src/stm32f4xx_dma2d.c ****   if (NewState != DISABLE)
 428              		.loc 1 278 3 view .LVU142
 429              		.loc 1 278 6 is_stmt 0 view .LVU143
 430 0000 28B1     		cbz	r0, .L22
 279:./Libraries/src/stm32f4xx_dma2d.c ****   {
 280:./Libraries/src/stm32f4xx_dma2d.c ****     /* Suspend DMA2D transfer by setting STOP bit */
 281:./Libraries/src/stm32f4xx_dma2d.c ****     DMA2D->CR |= (uint32_t)DMA2D_CR_SUSP;
 431              		.loc 1 281 5 is_stmt 1 view .LVU144
 432              		.loc 1 281 10 is_stmt 0 view .LVU145
 433 0002 064A     		ldr	r2, .L24
 434 0004 1368     		ldr	r3, [r2]
 435              		.loc 1 281 15 view .LVU146
 436 0006 43F00203 		orr	r3, r3, #2
ARM GAS  /tmp/ccJ92bG0.s 			page 14


 437 000a 1360     		str	r3, [r2]
 438 000c 7047     		bx	lr
 439              	.L22:
 282:./Libraries/src/stm32f4xx_dma2d.c ****   }
 283:./Libraries/src/stm32f4xx_dma2d.c ****   else
 284:./Libraries/src/stm32f4xx_dma2d.c ****   {
 285:./Libraries/src/stm32f4xx_dma2d.c ****     /* Continue DMA2D transfer by clearing STOP bit */
 286:./Libraries/src/stm32f4xx_dma2d.c ****     DMA2D->CR &= ~(uint32_t)DMA2D_CR_SUSP;
 440              		.loc 1 286 5 is_stmt 1 view .LVU147
 441              		.loc 1 286 10 is_stmt 0 view .LVU148
 442 000e 034A     		ldr	r2, .L24
 443 0010 1368     		ldr	r3, [r2]
 444              		.loc 1 286 15 view .LVU149
 445 0012 23F00203 		bic	r3, r3, #2
 446 0016 1360     		str	r3, [r2]
 287:./Libraries/src/stm32f4xx_dma2d.c ****   }
 288:./Libraries/src/stm32f4xx_dma2d.c **** }
 447              		.loc 1 288 1 view .LVU150
 448 0018 7047     		bx	lr
 449              	.L25:
 450 001a 00BF     		.align	2
 451              	.L24:
 452 001c 00B00240 		.word	1073917952
 453              		.cfi_endproc
 454              	.LFE128:
 456              		.section	.text.DMA2D_FGConfig,"ax",%progbits
 457              		.align	1
 458              		.global	DMA2D_FGConfig
 459              		.syntax unified
 460              		.thumb
 461              		.thumb_func
 463              	DMA2D_FGConfig:
 464              	.LVL26:
 465              	.LFB129:
 289:./Libraries/src/stm32f4xx_dma2d.c **** 
 290:./Libraries/src/stm32f4xx_dma2d.c **** /**
 291:./Libraries/src/stm32f4xx_dma2d.c ****   * @brief  Configures the Foreground according to the specified parameters
 292:./Libraries/src/stm32f4xx_dma2d.c ****   *         in the DMA2D_FGStruct.
 293:./Libraries/src/stm32f4xx_dma2d.c ****   * @note   This function can be used only when the transfer is disabled.
 294:./Libraries/src/stm32f4xx_dma2d.c ****   * @param  DMA2D_FGStruct: pointer to a DMA2D_FGTypeDef structure that contains
 295:./Libraries/src/stm32f4xx_dma2d.c ****   *         the configuration information for the specified Background.
 296:./Libraries/src/stm32f4xx_dma2d.c ****   * @retval None
 297:./Libraries/src/stm32f4xx_dma2d.c ****   */
 298:./Libraries/src/stm32f4xx_dma2d.c **** void DMA2D_FGConfig(DMA2D_FG_InitTypeDef* DMA2D_FG_InitStruct)
 299:./Libraries/src/stm32f4xx_dma2d.c **** {
 466              		.loc 1 299 1 is_stmt 1 view -0
 467              		.cfi_startproc
 468              		@ args = 0, pretend = 0, frame = 0
 469              		@ frame_needed = 0, uses_anonymous_args = 0
 470              		@ link register save eliminated.
 471              		.loc 1 299 1 is_stmt 0 view .LVU152
 472 0000 10B4     		push	{r4}
 473              	.LCFI4:
 474              		.cfi_def_cfa_offset 4
 475              		.cfi_offset 4, -4
 300:./Libraries/src/stm32f4xx_dma2d.c **** 
 301:./Libraries/src/stm32f4xx_dma2d.c ****   uint32_t fg_clutcolormode = 0;
ARM GAS  /tmp/ccJ92bG0.s 			page 15


 476              		.loc 1 301 3 is_stmt 1 view .LVU153
 477              	.LVL27:
 302:./Libraries/src/stm32f4xx_dma2d.c ****   uint32_t fg_clutsize = 0;
 478              		.loc 1 302 3 view .LVU154
 303:./Libraries/src/stm32f4xx_dma2d.c ****   uint32_t fg_alpha_mode = 0;
 479              		.loc 1 303 3 view .LVU155
 304:./Libraries/src/stm32f4xx_dma2d.c ****   uint32_t fg_alphavalue = 0;
 480              		.loc 1 304 3 view .LVU156
 305:./Libraries/src/stm32f4xx_dma2d.c ****   uint32_t fg_colorgreen = 0;
 481              		.loc 1 305 3 view .LVU157
 306:./Libraries/src/stm32f4xx_dma2d.c ****   uint32_t fg_colorred = 0;
 482              		.loc 1 306 3 view .LVU158
 307:./Libraries/src/stm32f4xx_dma2d.c **** 
 308:./Libraries/src/stm32f4xx_dma2d.c ****   assert_param(IS_DMA2D_FGO(DMA2D_FG_InitStruct->DMA2D_FGO));
 483              		.loc 1 308 3 view .LVU159
 309:./Libraries/src/stm32f4xx_dma2d.c ****   assert_param(IS_DMA2D_FGCM(DMA2D_FG_InitStruct->DMA2D_FGCM));
 484              		.loc 1 309 3 view .LVU160
 310:./Libraries/src/stm32f4xx_dma2d.c ****   assert_param(IS_DMA2D_FG_CLUT_CM(DMA2D_FG_InitStruct->DMA2D_FG_CLUT_CM));
 485              		.loc 1 310 3 view .LVU161
 311:./Libraries/src/stm32f4xx_dma2d.c ****   assert_param(IS_DMA2D_FG_CLUT_SIZE(DMA2D_FG_InitStruct->DMA2D_FG_CLUT_SIZE));
 486              		.loc 1 311 3 view .LVU162
 312:./Libraries/src/stm32f4xx_dma2d.c ****   assert_param(IS_DMA2D_FG_ALPHA_MODE(DMA2D_FG_InitStruct->DMA2D_FGPFC_ALPHA_MODE));
 487              		.loc 1 312 3 view .LVU163
 313:./Libraries/src/stm32f4xx_dma2d.c ****   assert_param(IS_DMA2D_FG_ALPHA_VALUE(DMA2D_FG_InitStruct->DMA2D_FGPFC_ALPHA_VALUE));
 488              		.loc 1 313 3 view .LVU164
 314:./Libraries/src/stm32f4xx_dma2d.c ****   assert_param(IS_DMA2D_FGC_BLUE(DMA2D_FG_InitStruct->DMA2D_FGC_BLUE));
 489              		.loc 1 314 3 view .LVU165
 315:./Libraries/src/stm32f4xx_dma2d.c ****   assert_param(IS_DMA2D_FGC_GREEN(DMA2D_FG_InitStruct->DMA2D_FGC_GREEN));
 490              		.loc 1 315 3 view .LVU166
 316:./Libraries/src/stm32f4xx_dma2d.c ****   assert_param(IS_DMA2D_FGC_RED(DMA2D_FG_InitStruct->DMA2D_FGC_RED));
 491              		.loc 1 316 3 view .LVU167
 317:./Libraries/src/stm32f4xx_dma2d.c **** 
 318:./Libraries/src/stm32f4xx_dma2d.c ****   /* Configures the FG memory address */
 319:./Libraries/src/stm32f4xx_dma2d.c ****   DMA2D->FGMAR = (DMA2D_FG_InitStruct->DMA2D_FGMA);
 492              		.loc 1 319 3 view .LVU168
 493              		.loc 1 319 38 is_stmt 0 view .LVU169
 494 0002 0268     		ldr	r2, [r0]
 495              		.loc 1 319 16 view .LVU170
 496 0004 184B     		ldr	r3, .L28
 497 0006 DA60     		str	r2, [r3, #12]
 320:./Libraries/src/stm32f4xx_dma2d.c **** 
 321:./Libraries/src/stm32f4xx_dma2d.c ****   /* Configures the FG offset */
 322:./Libraries/src/stm32f4xx_dma2d.c ****   DMA2D->FGOR &= ~(uint32_t)DMA2D_FGOR_LO;
 498              		.loc 1 322 3 is_stmt 1 view .LVU171
 499              		.loc 1 322 8 is_stmt 0 view .LVU172
 500 0008 1A69     		ldr	r2, [r3, #16]
 501              		.loc 1 322 15 view .LVU173
 502 000a 6FF30D02 		bfc	r2, #0, #14
 503 000e 1A61     		str	r2, [r3, #16]
 323:./Libraries/src/stm32f4xx_dma2d.c ****   DMA2D->FGOR |= (DMA2D_FG_InitStruct->DMA2D_FGO);
 504              		.loc 1 323 3 is_stmt 1 view .LVU174
 505              		.loc 1 323 8 is_stmt 0 view .LVU175
 506 0010 1A69     		ldr	r2, [r3, #16]
 507              		.loc 1 323 38 view .LVU176
 508 0012 4168     		ldr	r1, [r0, #4]
 509              		.loc 1 323 15 view .LVU177
 510 0014 0A43     		orrs	r2, r2, r1
ARM GAS  /tmp/ccJ92bG0.s 			page 16


 511 0016 1A61     		str	r2, [r3, #16]
 324:./Libraries/src/stm32f4xx_dma2d.c **** 
 325:./Libraries/src/stm32f4xx_dma2d.c ****   /* Configures foreground Pixel Format Convertor */
 326:./Libraries/src/stm32f4xx_dma2d.c ****   DMA2D->FGPFCCR &= (uint32_t)PFCCR_MASK;
 512              		.loc 1 326 3 is_stmt 1 view .LVU178
 513              		.loc 1 326 8 is_stmt 0 view .LVU179
 514 0018 D969     		ldr	r1, [r3, #28]
 515              		.loc 1 326 18 view .LVU180
 516 001a 144A     		ldr	r2, .L28+4
 517 001c 0A40     		ands	r2, r2, r1
 518 001e DA61     		str	r2, [r3, #28]
 327:./Libraries/src/stm32f4xx_dma2d.c ****   fg_clutcolormode = DMA2D_FG_InitStruct->DMA2D_FG_CLUT_CM << 4;
 519              		.loc 1 327 3 is_stmt 1 view .LVU181
 520              	.LVL28:
 328:./Libraries/src/stm32f4xx_dma2d.c ****   fg_clutsize = DMA2D_FG_InitStruct->DMA2D_FG_CLUT_SIZE << 8;
 521              		.loc 1 328 3 view .LVU182
 329:./Libraries/src/stm32f4xx_dma2d.c ****   fg_alpha_mode = DMA2D_FG_InitStruct->DMA2D_FGPFC_ALPHA_MODE << 16;
 522              		.loc 1 329 3 view .LVU183
 330:./Libraries/src/stm32f4xx_dma2d.c ****   fg_alphavalue = DMA2D_FG_InitStruct->DMA2D_FGPFC_ALPHA_VALUE << 24;
 523              		.loc 1 330 3 view .LVU184
 331:./Libraries/src/stm32f4xx_dma2d.c ****   DMA2D->FGPFCCR |= (DMA2D_FG_InitStruct->DMA2D_FGCM | fg_clutcolormode | fg_clutsize | \
 524              		.loc 1 331 3 view .LVU185
 525              		.loc 1 331 8 is_stmt 0 view .LVU186
 526 0020 D969     		ldr	r1, [r3, #28]
 527              		.loc 1 331 41 view .LVU187
 528 0022 8268     		ldr	r2, [r0, #8]
 529              		.loc 1 331 54 view .LVU188
 530 0024 C468     		ldr	r4, [r0, #12]
 531 0026 42EA0412 		orr	r2, r2, r4, lsl #4
 532              		.loc 1 331 73 view .LVU189
 533 002a 0469     		ldr	r4, [r0, #16]
 534 002c 42EA0422 		orr	r2, r2, r4, lsl #8
 535              		.loc 1 331 87 view .LVU190
 536 0030 4469     		ldr	r4, [r0, #20]
 537 0032 42EA0442 		orr	r2, r2, r4, lsl #16
 332:./Libraries/src/stm32f4xx_dma2d.c ****                     fg_alpha_mode | fg_alphavalue);
 538              		.loc 1 332 35 view .LVU191
 539 0036 8469     		ldr	r4, [r0, #24]
 540 0038 42EA0462 		orr	r2, r2, r4, lsl #24
 331:./Libraries/src/stm32f4xx_dma2d.c ****   DMA2D->FGPFCCR |= (DMA2D_FG_InitStruct->DMA2D_FGCM | fg_clutcolormode | fg_clutsize | \
 541              		.loc 1 331 18 view .LVU192
 542 003c 0A43     		orrs	r2, r2, r1
 543 003e DA61     		str	r2, [r3, #28]
 544              	.LVL29:
 333:./Libraries/src/stm32f4xx_dma2d.c **** 
 334:./Libraries/src/stm32f4xx_dma2d.c ****   /* Configures foreground color */
 335:./Libraries/src/stm32f4xx_dma2d.c ****   DMA2D->FGCOLR &= ~(DMA2D_FGCOLR_BLUE | DMA2D_FGCOLR_GREEN | DMA2D_FGCOLR_RED);
 545              		.loc 1 335 3 is_stmt 1 view .LVU193
 546              		.loc 1 335 8 is_stmt 0 view .LVU194
 547 0040 1A6A     		ldr	r2, [r3, #32]
 548              		.loc 1 335 17 view .LVU195
 549 0042 02F07F42 		and	r2, r2, #-16777216
 550 0046 1A62     		str	r2, [r3, #32]
 336:./Libraries/src/stm32f4xx_dma2d.c ****   fg_colorgreen = DMA2D_FG_InitStruct->DMA2D_FGC_GREEN << 8;
 551              		.loc 1 336 3 is_stmt 1 view .LVU196
 552              	.LVL30:
 337:./Libraries/src/stm32f4xx_dma2d.c ****   fg_colorred = DMA2D_FG_InitStruct->DMA2D_FGC_RED << 16;
ARM GAS  /tmp/ccJ92bG0.s 			page 17


 553              		.loc 1 337 3 view .LVU197
 338:./Libraries/src/stm32f4xx_dma2d.c ****   DMA2D->FGCOLR |= (DMA2D_FG_InitStruct->DMA2D_FGC_BLUE | fg_colorgreen | fg_colorred);
 554              		.loc 1 338 3 view .LVU198
 555              		.loc 1 338 8 is_stmt 0 view .LVU199
 556 0048 196A     		ldr	r1, [r3, #32]
 557              		.loc 1 338 40 view .LVU200
 558 004a C269     		ldr	r2, [r0, #28]
 559              		.loc 1 338 57 view .LVU201
 560 004c 046A     		ldr	r4, [r0, #32]
 561              	.LVL31:
 562              		.loc 1 338 57 view .LVU202
 563 004e 42EA0422 		orr	r2, r2, r4, lsl #8
 564              		.loc 1 338 73 view .LVU203
 565 0052 446A     		ldr	r4, [r0, #36]
 566 0054 42EA0442 		orr	r2, r2, r4, lsl #16
 567              		.loc 1 338 17 view .LVU204
 568 0058 0A43     		orrs	r2, r2, r1
 569 005a 1A62     		str	r2, [r3, #32]
 570              	.LVL32:
 339:./Libraries/src/stm32f4xx_dma2d.c **** 
 340:./Libraries/src/stm32f4xx_dma2d.c ****   /* Configures foreground CLUT memory address */
 341:./Libraries/src/stm32f4xx_dma2d.c ****   DMA2D->FGCMAR = DMA2D_FG_InitStruct->DMA2D_FGCMAR;
 571              		.loc 1 341 3 is_stmt 1 view .LVU205
 572              		.loc 1 341 38 is_stmt 0 view .LVU206
 573 005c 826A     		ldr	r2, [r0, #40]
 574              		.loc 1 341 17 view .LVU207
 575 005e DA62     		str	r2, [r3, #44]
 342:./Libraries/src/stm32f4xx_dma2d.c **** }
 576              		.loc 1 342 1 view .LVU208
 577 0060 5DF8044B 		ldr	r4, [sp], #4
 578              	.LCFI5:
 579              		.cfi_restore 4
 580              		.cfi_def_cfa_offset 0
 581              	.LVL33:
 582              		.loc 1 342 1 view .LVU209
 583 0064 7047     		bx	lr
 584              	.L29:
 585 0066 00BF     		.align	2
 586              	.L28:
 587 0068 00B00240 		.word	1073917952
 588 006c C000FC00 		.word	16515264
 589              		.cfi_endproc
 590              	.LFE129:
 592              		.section	.text.DMA2D_FG_StructInit,"ax",%progbits
 593              		.align	1
 594              		.global	DMA2D_FG_StructInit
 595              		.syntax unified
 596              		.thumb
 597              		.thumb_func
 599              	DMA2D_FG_StructInit:
 600              	.LVL34:
 601              	.LFB130:
 343:./Libraries/src/stm32f4xx_dma2d.c **** 
 344:./Libraries/src/stm32f4xx_dma2d.c **** /**
 345:./Libraries/src/stm32f4xx_dma2d.c ****   * @brief  Fills each DMA2D_FGStruct member with its default value.
 346:./Libraries/src/stm32f4xx_dma2d.c ****   * @param  DMA2D_FGStruct: pointer to a DMA2D_FGTypeDef structure which will
 347:./Libraries/src/stm32f4xx_dma2d.c ****   *         be initialized.
ARM GAS  /tmp/ccJ92bG0.s 			page 18


 348:./Libraries/src/stm32f4xx_dma2d.c ****   * @retval None
 349:./Libraries/src/stm32f4xx_dma2d.c ****   */
 350:./Libraries/src/stm32f4xx_dma2d.c **** void DMA2D_FG_StructInit(DMA2D_FG_InitTypeDef* DMA2D_FG_InitStruct)
 351:./Libraries/src/stm32f4xx_dma2d.c **** {
 602              		.loc 1 351 1 is_stmt 1 view -0
 603              		.cfi_startproc
 604              		@ args = 0, pretend = 0, frame = 0
 605              		@ frame_needed = 0, uses_anonymous_args = 0
 606              		@ link register save eliminated.
 352:./Libraries/src/stm32f4xx_dma2d.c ****   /*!< Initialize the DMA2D foreground memory address */
 353:./Libraries/src/stm32f4xx_dma2d.c ****   DMA2D_FG_InitStruct->DMA2D_FGMA = 0x00;
 607              		.loc 1 353 3 view .LVU211
 608              		.loc 1 353 35 is_stmt 0 view .LVU212
 609 0000 0023     		movs	r3, #0
 610 0002 0360     		str	r3, [r0]
 354:./Libraries/src/stm32f4xx_dma2d.c **** 
 355:./Libraries/src/stm32f4xx_dma2d.c ****   /*!< Initialize the DMA2D foreground offset */
 356:./Libraries/src/stm32f4xx_dma2d.c ****   DMA2D_FG_InitStruct->DMA2D_FGO = 0x00;
 611              		.loc 1 356 3 is_stmt 1 view .LVU213
 612              		.loc 1 356 34 is_stmt 0 view .LVU214
 613 0004 4360     		str	r3, [r0, #4]
 357:./Libraries/src/stm32f4xx_dma2d.c **** 
 358:./Libraries/src/stm32f4xx_dma2d.c ****   /*!< Initialize the DMA2D foreground color mode */
 359:./Libraries/src/stm32f4xx_dma2d.c ****   DMA2D_FG_InitStruct->DMA2D_FGCM = CM_ARGB8888;
 614              		.loc 1 359 3 is_stmt 1 view .LVU215
 615              		.loc 1 359 35 is_stmt 0 view .LVU216
 616 0006 8360     		str	r3, [r0, #8]
 360:./Libraries/src/stm32f4xx_dma2d.c **** 
 361:./Libraries/src/stm32f4xx_dma2d.c ****   /*!< Initialize the DMA2D foreground CLUT color mode */
 362:./Libraries/src/stm32f4xx_dma2d.c ****   DMA2D_FG_InitStruct->DMA2D_FG_CLUT_CM = CLUT_CM_ARGB8888;
 617              		.loc 1 362 3 is_stmt 1 view .LVU217
 618              		.loc 1 362 41 is_stmt 0 view .LVU218
 619 0008 C360     		str	r3, [r0, #12]
 363:./Libraries/src/stm32f4xx_dma2d.c **** 
 364:./Libraries/src/stm32f4xx_dma2d.c ****   /*!< Initialize the DMA2D foreground CLUT size */
 365:./Libraries/src/stm32f4xx_dma2d.c ****   DMA2D_FG_InitStruct->DMA2D_FG_CLUT_SIZE = 0x00;
 620              		.loc 1 365 3 is_stmt 1 view .LVU219
 621              		.loc 1 365 43 is_stmt 0 view .LVU220
 622 000a 0361     		str	r3, [r0, #16]
 366:./Libraries/src/stm32f4xx_dma2d.c **** 
 367:./Libraries/src/stm32f4xx_dma2d.c ****   /*!< Initialize the DMA2D foreground alpha mode */
 368:./Libraries/src/stm32f4xx_dma2d.c ****   DMA2D_FG_InitStruct->DMA2D_FGPFC_ALPHA_MODE = NO_MODIF_ALPHA_VALUE;
 623              		.loc 1 368 3 is_stmt 1 view .LVU221
 624              		.loc 1 368 47 is_stmt 0 view .LVU222
 625 000c 4361     		str	r3, [r0, #20]
 369:./Libraries/src/stm32f4xx_dma2d.c **** 
 370:./Libraries/src/stm32f4xx_dma2d.c ****   /*!< Initialize the DMA2D foreground alpha value */
 371:./Libraries/src/stm32f4xx_dma2d.c ****   DMA2D_FG_InitStruct->DMA2D_FGPFC_ALPHA_VALUE = 0x00;
 626              		.loc 1 371 3 is_stmt 1 view .LVU223
 627              		.loc 1 371 48 is_stmt 0 view .LVU224
 628 000e 8361     		str	r3, [r0, #24]
 372:./Libraries/src/stm32f4xx_dma2d.c **** 
 373:./Libraries/src/stm32f4xx_dma2d.c ****   /*!< Initialize the DMA2D foreground blue value */
 374:./Libraries/src/stm32f4xx_dma2d.c ****   DMA2D_FG_InitStruct->DMA2D_FGC_BLUE = 0x00;
 629              		.loc 1 374 3 is_stmt 1 view .LVU225
 630              		.loc 1 374 39 is_stmt 0 view .LVU226
 631 0010 C361     		str	r3, [r0, #28]
ARM GAS  /tmp/ccJ92bG0.s 			page 19


 375:./Libraries/src/stm32f4xx_dma2d.c **** 
 376:./Libraries/src/stm32f4xx_dma2d.c ****   /*!< Initialize the DMA2D foreground green value */
 377:./Libraries/src/stm32f4xx_dma2d.c ****   DMA2D_FG_InitStruct->DMA2D_FGC_GREEN = 0x00;
 632              		.loc 1 377 3 is_stmt 1 view .LVU227
 633              		.loc 1 377 40 is_stmt 0 view .LVU228
 634 0012 0362     		str	r3, [r0, #32]
 378:./Libraries/src/stm32f4xx_dma2d.c **** 
 379:./Libraries/src/stm32f4xx_dma2d.c ****   /*!< Initialize the DMA2D foreground red value */
 380:./Libraries/src/stm32f4xx_dma2d.c ****   DMA2D_FG_InitStruct->DMA2D_FGC_RED = 0x00;
 635              		.loc 1 380 3 is_stmt 1 view .LVU229
 636              		.loc 1 380 38 is_stmt 0 view .LVU230
 637 0014 4362     		str	r3, [r0, #36]
 381:./Libraries/src/stm32f4xx_dma2d.c **** 
 382:./Libraries/src/stm32f4xx_dma2d.c ****   /*!< Initialize the DMA2D foreground CLUT memory address */
 383:./Libraries/src/stm32f4xx_dma2d.c ****   DMA2D_FG_InitStruct->DMA2D_FGCMAR = 0x00;
 638              		.loc 1 383 3 is_stmt 1 view .LVU231
 639              		.loc 1 383 37 is_stmt 0 view .LVU232
 640 0016 8362     		str	r3, [r0, #40]
 384:./Libraries/src/stm32f4xx_dma2d.c **** }
 641              		.loc 1 384 1 view .LVU233
 642 0018 7047     		bx	lr
 643              		.cfi_endproc
 644              	.LFE130:
 646              		.section	.text.DMA2D_BGConfig,"ax",%progbits
 647              		.align	1
 648              		.global	DMA2D_BGConfig
 649              		.syntax unified
 650              		.thumb
 651              		.thumb_func
 653              	DMA2D_BGConfig:
 654              	.LVL35:
 655              	.LFB131:
 385:./Libraries/src/stm32f4xx_dma2d.c **** 
 386:./Libraries/src/stm32f4xx_dma2d.c **** 
 387:./Libraries/src/stm32f4xx_dma2d.c **** /**
 388:./Libraries/src/stm32f4xx_dma2d.c ****   * @brief  Configures the Background according to the specified parameters
 389:./Libraries/src/stm32f4xx_dma2d.c ****   *         in the DMA2D_BGStruct.
 390:./Libraries/src/stm32f4xx_dma2d.c ****   * @note   This function can be used only when the transfer is disabled.
 391:./Libraries/src/stm32f4xx_dma2d.c ****   * @param  DMA2D_BGStruct: pointer to a DMA2D_BGTypeDef structure that contains
 392:./Libraries/src/stm32f4xx_dma2d.c ****   *         the configuration information for the specified Background.
 393:./Libraries/src/stm32f4xx_dma2d.c ****   * @retval None
 394:./Libraries/src/stm32f4xx_dma2d.c ****   */
 395:./Libraries/src/stm32f4xx_dma2d.c **** void DMA2D_BGConfig(DMA2D_BG_InitTypeDef* DMA2D_BG_InitStruct)
 396:./Libraries/src/stm32f4xx_dma2d.c **** {
 656              		.loc 1 396 1 is_stmt 1 view -0
 657              		.cfi_startproc
 658              		@ args = 0, pretend = 0, frame = 0
 659              		@ frame_needed = 0, uses_anonymous_args = 0
 660              		@ link register save eliminated.
 661              		.loc 1 396 1 is_stmt 0 view .LVU235
 662 0000 10B4     		push	{r4}
 663              	.LCFI6:
 664              		.cfi_def_cfa_offset 4
 665              		.cfi_offset 4, -4
 397:./Libraries/src/stm32f4xx_dma2d.c **** 
 398:./Libraries/src/stm32f4xx_dma2d.c ****   uint32_t bg_clutcolormode = 0;
 666              		.loc 1 398 3 is_stmt 1 view .LVU236
ARM GAS  /tmp/ccJ92bG0.s 			page 20


 667              	.LVL36:
 399:./Libraries/src/stm32f4xx_dma2d.c ****   uint32_t bg_clutsize = 0;
 668              		.loc 1 399 3 view .LVU237
 400:./Libraries/src/stm32f4xx_dma2d.c ****   uint32_t bg_alpha_mode = 0;
 669              		.loc 1 400 3 view .LVU238
 401:./Libraries/src/stm32f4xx_dma2d.c ****   uint32_t bg_alphavalue = 0;
 670              		.loc 1 401 3 view .LVU239
 402:./Libraries/src/stm32f4xx_dma2d.c ****   uint32_t bg_colorgreen = 0;
 671              		.loc 1 402 3 view .LVU240
 403:./Libraries/src/stm32f4xx_dma2d.c ****   uint32_t bg_colorred = 0;
 672              		.loc 1 403 3 view .LVU241
 404:./Libraries/src/stm32f4xx_dma2d.c **** 
 405:./Libraries/src/stm32f4xx_dma2d.c ****   assert_param(IS_DMA2D_BGO(DMA2D_BG_InitStruct->DMA2D_BGO));
 673              		.loc 1 405 3 view .LVU242
 406:./Libraries/src/stm32f4xx_dma2d.c ****   assert_param(IS_DMA2D_BGCM(DMA2D_BG_InitStruct->DMA2D_BGCM));
 674              		.loc 1 406 3 view .LVU243
 407:./Libraries/src/stm32f4xx_dma2d.c ****   assert_param(IS_DMA2D_BG_CLUT_CM(DMA2D_BG_InitStruct->DMA2D_BG_CLUT_CM));
 675              		.loc 1 407 3 view .LVU244
 408:./Libraries/src/stm32f4xx_dma2d.c ****   assert_param(IS_DMA2D_BG_CLUT_SIZE(DMA2D_BG_InitStruct->DMA2D_BG_CLUT_SIZE));
 676              		.loc 1 408 3 view .LVU245
 409:./Libraries/src/stm32f4xx_dma2d.c ****   assert_param(IS_DMA2D_BG_ALPHA_MODE(DMA2D_BG_InitStruct->DMA2D_BGPFC_ALPHA_MODE));
 677              		.loc 1 409 3 view .LVU246
 410:./Libraries/src/stm32f4xx_dma2d.c ****   assert_param(IS_DMA2D_BG_ALPHA_VALUE(DMA2D_BG_InitStruct->DMA2D_BGPFC_ALPHA_VALUE));
 678              		.loc 1 410 3 view .LVU247
 411:./Libraries/src/stm32f4xx_dma2d.c ****   assert_param(IS_DMA2D_BGC_BLUE(DMA2D_BG_InitStruct->DMA2D_BGC_BLUE));
 679              		.loc 1 411 3 view .LVU248
 412:./Libraries/src/stm32f4xx_dma2d.c ****   assert_param(IS_DMA2D_BGC_GREEN(DMA2D_BG_InitStruct->DMA2D_BGC_GREEN));
 680              		.loc 1 412 3 view .LVU249
 413:./Libraries/src/stm32f4xx_dma2d.c ****   assert_param(IS_DMA2D_BGC_RED(DMA2D_BG_InitStruct->DMA2D_BGC_RED));
 681              		.loc 1 413 3 view .LVU250
 414:./Libraries/src/stm32f4xx_dma2d.c **** 
 415:./Libraries/src/stm32f4xx_dma2d.c ****   /* Configures the BG memory address */
 416:./Libraries/src/stm32f4xx_dma2d.c ****   DMA2D->BGMAR = (DMA2D_BG_InitStruct->DMA2D_BGMA);
 682              		.loc 1 416 3 view .LVU251
 683              		.loc 1 416 38 is_stmt 0 view .LVU252
 684 0002 0268     		ldr	r2, [r0]
 685              		.loc 1 416 16 view .LVU253
 686 0004 184B     		ldr	r3, .L33
 687 0006 5A61     		str	r2, [r3, #20]
 417:./Libraries/src/stm32f4xx_dma2d.c **** 
 418:./Libraries/src/stm32f4xx_dma2d.c ****   /* Configures the BG offset */
 419:./Libraries/src/stm32f4xx_dma2d.c ****   DMA2D->BGOR &= ~(uint32_t)DMA2D_BGOR_LO;
 688              		.loc 1 419 3 is_stmt 1 view .LVU254
 689              		.loc 1 419 8 is_stmt 0 view .LVU255
 690 0008 9A69     		ldr	r2, [r3, #24]
 691              		.loc 1 419 15 view .LVU256
 692 000a 6FF30D02 		bfc	r2, #0, #14
 693 000e 9A61     		str	r2, [r3, #24]
 420:./Libraries/src/stm32f4xx_dma2d.c ****   DMA2D->BGOR |= (DMA2D_BG_InitStruct->DMA2D_BGO);
 694              		.loc 1 420 3 is_stmt 1 view .LVU257
 695              		.loc 1 420 8 is_stmt 0 view .LVU258
 696 0010 9A69     		ldr	r2, [r3, #24]
 697              		.loc 1 420 38 view .LVU259
 698 0012 4168     		ldr	r1, [r0, #4]
 699              		.loc 1 420 15 view .LVU260
 700 0014 0A43     		orrs	r2, r2, r1
 701 0016 9A61     		str	r2, [r3, #24]
ARM GAS  /tmp/ccJ92bG0.s 			page 21


 421:./Libraries/src/stm32f4xx_dma2d.c **** 
 422:./Libraries/src/stm32f4xx_dma2d.c ****   /* Configures background Pixel Format Convertor */
 423:./Libraries/src/stm32f4xx_dma2d.c ****   DMA2D->BGPFCCR &= (uint32_t)PFCCR_MASK;
 702              		.loc 1 423 3 is_stmt 1 view .LVU261
 703              		.loc 1 423 8 is_stmt 0 view .LVU262
 704 0018 596A     		ldr	r1, [r3, #36]
 705              		.loc 1 423 18 view .LVU263
 706 001a 144A     		ldr	r2, .L33+4
 707 001c 0A40     		ands	r2, r2, r1
 708 001e 5A62     		str	r2, [r3, #36]
 424:./Libraries/src/stm32f4xx_dma2d.c ****   bg_clutcolormode = DMA2D_BG_InitStruct->DMA2D_BG_CLUT_CM << 4;
 709              		.loc 1 424 3 is_stmt 1 view .LVU264
 710              	.LVL37:
 425:./Libraries/src/stm32f4xx_dma2d.c ****   bg_clutsize = DMA2D_BG_InitStruct->DMA2D_BG_CLUT_SIZE << 8;
 711              		.loc 1 425 3 view .LVU265
 426:./Libraries/src/stm32f4xx_dma2d.c ****   bg_alpha_mode = DMA2D_BG_InitStruct->DMA2D_BGPFC_ALPHA_MODE << 16;
 712              		.loc 1 426 3 view .LVU266
 427:./Libraries/src/stm32f4xx_dma2d.c ****   bg_alphavalue = DMA2D_BG_InitStruct->DMA2D_BGPFC_ALPHA_VALUE << 24;
 713              		.loc 1 427 3 view .LVU267
 428:./Libraries/src/stm32f4xx_dma2d.c ****   DMA2D->BGPFCCR |= (DMA2D_BG_InitStruct->DMA2D_BGCM | bg_clutcolormode | bg_clutsize | \
 714              		.loc 1 428 3 view .LVU268
 715              		.loc 1 428 8 is_stmt 0 view .LVU269
 716 0020 596A     		ldr	r1, [r3, #36]
 717              		.loc 1 428 41 view .LVU270
 718 0022 8268     		ldr	r2, [r0, #8]
 719              		.loc 1 428 54 view .LVU271
 720 0024 C468     		ldr	r4, [r0, #12]
 721 0026 42EA0412 		orr	r2, r2, r4, lsl #4
 722              		.loc 1 428 73 view .LVU272
 723 002a 0469     		ldr	r4, [r0, #16]
 724 002c 42EA0422 		orr	r2, r2, r4, lsl #8
 725              		.loc 1 428 87 view .LVU273
 726 0030 4469     		ldr	r4, [r0, #20]
 727 0032 42EA0442 		orr	r2, r2, r4, lsl #16
 429:./Libraries/src/stm32f4xx_dma2d.c ****                     bg_alpha_mode | bg_alphavalue);
 728              		.loc 1 429 35 view .LVU274
 729 0036 8469     		ldr	r4, [r0, #24]
 730 0038 42EA0462 		orr	r2, r2, r4, lsl #24
 428:./Libraries/src/stm32f4xx_dma2d.c ****   DMA2D->BGPFCCR |= (DMA2D_BG_InitStruct->DMA2D_BGCM | bg_clutcolormode | bg_clutsize | \
 731              		.loc 1 428 18 view .LVU275
 732 003c 0A43     		orrs	r2, r2, r1
 733 003e 5A62     		str	r2, [r3, #36]
 734              	.LVL38:
 430:./Libraries/src/stm32f4xx_dma2d.c **** 
 431:./Libraries/src/stm32f4xx_dma2d.c ****   /* Configures background color */
 432:./Libraries/src/stm32f4xx_dma2d.c ****   DMA2D->BGCOLR &= ~(DMA2D_BGCOLR_BLUE | DMA2D_BGCOLR_GREEN | DMA2D_BGCOLR_RED);
 735              		.loc 1 432 3 is_stmt 1 view .LVU276
 736              		.loc 1 432 8 is_stmt 0 view .LVU277
 737 0040 9A6A     		ldr	r2, [r3, #40]
 738              		.loc 1 432 17 view .LVU278
 739 0042 02F07F42 		and	r2, r2, #-16777216
 740 0046 9A62     		str	r2, [r3, #40]
 433:./Libraries/src/stm32f4xx_dma2d.c ****   bg_colorgreen = DMA2D_BG_InitStruct->DMA2D_BGC_GREEN << 8;
 741              		.loc 1 433 3 is_stmt 1 view .LVU279
 742              	.LVL39:
 434:./Libraries/src/stm32f4xx_dma2d.c ****   bg_colorred = DMA2D_BG_InitStruct->DMA2D_BGC_RED << 16;
 743              		.loc 1 434 3 view .LVU280
ARM GAS  /tmp/ccJ92bG0.s 			page 22


 435:./Libraries/src/stm32f4xx_dma2d.c ****   DMA2D->BGCOLR |= (DMA2D_BG_InitStruct->DMA2D_BGC_BLUE | bg_colorgreen | bg_colorred);
 744              		.loc 1 435 3 view .LVU281
 745              		.loc 1 435 8 is_stmt 0 view .LVU282
 746 0048 996A     		ldr	r1, [r3, #40]
 747              		.loc 1 435 40 view .LVU283
 748 004a C269     		ldr	r2, [r0, #28]
 749              		.loc 1 435 57 view .LVU284
 750 004c 046A     		ldr	r4, [r0, #32]
 751              	.LVL40:
 752              		.loc 1 435 57 view .LVU285
 753 004e 42EA0422 		orr	r2, r2, r4, lsl #8
 754              		.loc 1 435 73 view .LVU286
 755 0052 446A     		ldr	r4, [r0, #36]
 756 0054 42EA0442 		orr	r2, r2, r4, lsl #16
 757              		.loc 1 435 17 view .LVU287
 758 0058 0A43     		orrs	r2, r2, r1
 759 005a 9A62     		str	r2, [r3, #40]
 760              	.LVL41:
 436:./Libraries/src/stm32f4xx_dma2d.c ****   
 437:./Libraries/src/stm32f4xx_dma2d.c ****   /* Configures background CLUT memory address */
 438:./Libraries/src/stm32f4xx_dma2d.c ****   DMA2D->BGCMAR = DMA2D_BG_InitStruct->DMA2D_BGCMAR;
 761              		.loc 1 438 3 is_stmt 1 view .LVU288
 762              		.loc 1 438 38 is_stmt 0 view .LVU289
 763 005c 826A     		ldr	r2, [r0, #40]
 764              		.loc 1 438 17 view .LVU290
 765 005e 1A63     		str	r2, [r3, #48]
 439:./Libraries/src/stm32f4xx_dma2d.c **** 
 440:./Libraries/src/stm32f4xx_dma2d.c **** }
 766              		.loc 1 440 1 view .LVU291
 767 0060 5DF8044B 		ldr	r4, [sp], #4
 768              	.LCFI7:
 769              		.cfi_restore 4
 770              		.cfi_def_cfa_offset 0
 771              	.LVL42:
 772              		.loc 1 440 1 view .LVU292
 773 0064 7047     		bx	lr
 774              	.L34:
 775 0066 00BF     		.align	2
 776              	.L33:
 777 0068 00B00240 		.word	1073917952
 778 006c C000FC00 		.word	16515264
 779              		.cfi_endproc
 780              	.LFE131:
 782              		.section	.text.DMA2D_BG_StructInit,"ax",%progbits
 783              		.align	1
 784              		.global	DMA2D_BG_StructInit
 785              		.syntax unified
 786              		.thumb
 787              		.thumb_func
 789              	DMA2D_BG_StructInit:
 790              	.LVL43:
 791              	.LFB132:
 441:./Libraries/src/stm32f4xx_dma2d.c **** 
 442:./Libraries/src/stm32f4xx_dma2d.c **** /**
 443:./Libraries/src/stm32f4xx_dma2d.c ****   * @brief  Fills each DMA2D_BGStruct member with its default value.
 444:./Libraries/src/stm32f4xx_dma2d.c ****   * @param  DMA2D_BGStruct: pointer to a DMA2D_BGTypeDef structure which will
 445:./Libraries/src/stm32f4xx_dma2d.c ****   *         be initialized.
ARM GAS  /tmp/ccJ92bG0.s 			page 23


 446:./Libraries/src/stm32f4xx_dma2d.c ****   * @retval None
 447:./Libraries/src/stm32f4xx_dma2d.c ****   */
 448:./Libraries/src/stm32f4xx_dma2d.c **** void DMA2D_BG_StructInit(DMA2D_BG_InitTypeDef* DMA2D_BG_InitStruct)
 449:./Libraries/src/stm32f4xx_dma2d.c **** {
 792              		.loc 1 449 1 is_stmt 1 view -0
 793              		.cfi_startproc
 794              		@ args = 0, pretend = 0, frame = 0
 795              		@ frame_needed = 0, uses_anonymous_args = 0
 796              		@ link register save eliminated.
 450:./Libraries/src/stm32f4xx_dma2d.c ****   /*!< Initialize the DMA2D background memory address */
 451:./Libraries/src/stm32f4xx_dma2d.c ****   DMA2D_BG_InitStruct->DMA2D_BGMA = 0x00;
 797              		.loc 1 451 3 view .LVU294
 798              		.loc 1 451 35 is_stmt 0 view .LVU295
 799 0000 0023     		movs	r3, #0
 800 0002 0360     		str	r3, [r0]
 452:./Libraries/src/stm32f4xx_dma2d.c **** 
 453:./Libraries/src/stm32f4xx_dma2d.c ****   /*!< Initialize the DMA2D background offset */
 454:./Libraries/src/stm32f4xx_dma2d.c ****   DMA2D_BG_InitStruct->DMA2D_BGO = 0x00;
 801              		.loc 1 454 3 is_stmt 1 view .LVU296
 802              		.loc 1 454 34 is_stmt 0 view .LVU297
 803 0004 4360     		str	r3, [r0, #4]
 455:./Libraries/src/stm32f4xx_dma2d.c **** 
 456:./Libraries/src/stm32f4xx_dma2d.c ****   /*!< Initialize the DMA2D background color mode */
 457:./Libraries/src/stm32f4xx_dma2d.c ****   DMA2D_BG_InitStruct->DMA2D_BGCM = CM_ARGB8888;
 804              		.loc 1 457 3 is_stmt 1 view .LVU298
 805              		.loc 1 457 35 is_stmt 0 view .LVU299
 806 0006 8360     		str	r3, [r0, #8]
 458:./Libraries/src/stm32f4xx_dma2d.c **** 
 459:./Libraries/src/stm32f4xx_dma2d.c ****   /*!< Initialize the DMA2D background CLUT color mode */
 460:./Libraries/src/stm32f4xx_dma2d.c ****   DMA2D_BG_InitStruct->DMA2D_BG_CLUT_CM = CLUT_CM_ARGB8888;
 807              		.loc 1 460 3 is_stmt 1 view .LVU300
 808              		.loc 1 460 41 is_stmt 0 view .LVU301
 809 0008 C360     		str	r3, [r0, #12]
 461:./Libraries/src/stm32f4xx_dma2d.c **** 
 462:./Libraries/src/stm32f4xx_dma2d.c ****   /*!< Initialize the DMA2D background CLUT size */
 463:./Libraries/src/stm32f4xx_dma2d.c ****   DMA2D_BG_InitStruct->DMA2D_BG_CLUT_SIZE = 0x00;
 810              		.loc 1 463 3 is_stmt 1 view .LVU302
 811              		.loc 1 463 43 is_stmt 0 view .LVU303
 812 000a 0361     		str	r3, [r0, #16]
 464:./Libraries/src/stm32f4xx_dma2d.c **** 
 465:./Libraries/src/stm32f4xx_dma2d.c ****   /*!< Initialize the DMA2D background alpha mode */
 466:./Libraries/src/stm32f4xx_dma2d.c ****   DMA2D_BG_InitStruct->DMA2D_BGPFC_ALPHA_MODE = NO_MODIF_ALPHA_VALUE;
 813              		.loc 1 466 3 is_stmt 1 view .LVU304
 814              		.loc 1 466 47 is_stmt 0 view .LVU305
 815 000c 4361     		str	r3, [r0, #20]
 467:./Libraries/src/stm32f4xx_dma2d.c **** 
 468:./Libraries/src/stm32f4xx_dma2d.c ****   /*!< Initialize the DMA2D background alpha value */
 469:./Libraries/src/stm32f4xx_dma2d.c ****   DMA2D_BG_InitStruct->DMA2D_BGPFC_ALPHA_VALUE = 0x00;
 816              		.loc 1 469 3 is_stmt 1 view .LVU306
 817              		.loc 1 469 48 is_stmt 0 view .LVU307
 818 000e 8361     		str	r3, [r0, #24]
 470:./Libraries/src/stm32f4xx_dma2d.c **** 
 471:./Libraries/src/stm32f4xx_dma2d.c ****   /*!< Initialize the DMA2D background blue value */
 472:./Libraries/src/stm32f4xx_dma2d.c ****   DMA2D_BG_InitStruct->DMA2D_BGC_BLUE = 0x00;
 819              		.loc 1 472 3 is_stmt 1 view .LVU308
 820              		.loc 1 472 39 is_stmt 0 view .LVU309
 821 0010 C361     		str	r3, [r0, #28]
ARM GAS  /tmp/ccJ92bG0.s 			page 24


 473:./Libraries/src/stm32f4xx_dma2d.c **** 
 474:./Libraries/src/stm32f4xx_dma2d.c ****   /*!< Initialize the DMA2D background green value */
 475:./Libraries/src/stm32f4xx_dma2d.c ****   DMA2D_BG_InitStruct->DMA2D_BGC_GREEN = 0x00;
 822              		.loc 1 475 3 is_stmt 1 view .LVU310
 823              		.loc 1 475 40 is_stmt 0 view .LVU311
 824 0012 0362     		str	r3, [r0, #32]
 476:./Libraries/src/stm32f4xx_dma2d.c **** 
 477:./Libraries/src/stm32f4xx_dma2d.c ****   /*!< Initialize the DMA2D background red value */
 478:./Libraries/src/stm32f4xx_dma2d.c ****   DMA2D_BG_InitStruct->DMA2D_BGC_RED = 0x00;
 825              		.loc 1 478 3 is_stmt 1 view .LVU312
 826              		.loc 1 478 38 is_stmt 0 view .LVU313
 827 0014 4362     		str	r3, [r0, #36]
 479:./Libraries/src/stm32f4xx_dma2d.c **** 
 480:./Libraries/src/stm32f4xx_dma2d.c ****   /*!< Initialize the DMA2D background CLUT memory address */
 481:./Libraries/src/stm32f4xx_dma2d.c ****   DMA2D_BG_InitStruct->DMA2D_BGCMAR = 0x00;
 828              		.loc 1 481 3 is_stmt 1 view .LVU314
 829              		.loc 1 481 37 is_stmt 0 view .LVU315
 830 0016 8362     		str	r3, [r0, #40]
 482:./Libraries/src/stm32f4xx_dma2d.c **** }
 831              		.loc 1 482 1 view .LVU316
 832 0018 7047     		bx	lr
 833              		.cfi_endproc
 834              	.LFE132:
 836              		.section	.text.DMA2D_FGStart,"ax",%progbits
 837              		.align	1
 838              		.global	DMA2D_FGStart
 839              		.syntax unified
 840              		.thumb
 841              		.thumb_func
 843              	DMA2D_FGStart:
 844              	.LVL44:
 845              	.LFB133:
 483:./Libraries/src/stm32f4xx_dma2d.c **** 
 484:./Libraries/src/stm32f4xx_dma2d.c **** /**
 485:./Libraries/src/stm32f4xx_dma2d.c ****   * @brief  Start the automatic loading of the CLUT or abort the transfer.
 486:./Libraries/src/stm32f4xx_dma2d.c ****   * @param  NewState: new state of the DMA2D peripheral.
 487:./Libraries/src/stm32f4xx_dma2d.c ****   *   This parameter can be: ENABLE or DISABLE.
 488:./Libraries/src/stm32f4xx_dma2d.c ****   * @retval None
 489:./Libraries/src/stm32f4xx_dma2d.c ****   */
 490:./Libraries/src/stm32f4xx_dma2d.c **** 
 491:./Libraries/src/stm32f4xx_dma2d.c **** void DMA2D_FGStart(FunctionalState NewState) 
 492:./Libraries/src/stm32f4xx_dma2d.c **** {
 846              		.loc 1 492 1 is_stmt 1 view -0
 847              		.cfi_startproc
 848              		@ args = 0, pretend = 0, frame = 0
 849              		@ frame_needed = 0, uses_anonymous_args = 0
 850              		@ link register save eliminated.
 493:./Libraries/src/stm32f4xx_dma2d.c ****   /* Check the parameters */
 494:./Libraries/src/stm32f4xx_dma2d.c ****   assert_param(IS_FUNCTIONAL_STATE(NewState));
 851              		.loc 1 494 3 view .LVU318
 495:./Libraries/src/stm32f4xx_dma2d.c **** 
 496:./Libraries/src/stm32f4xx_dma2d.c ****   if (NewState != DISABLE)
 852              		.loc 1 496 3 view .LVU319
 853              		.loc 1 496 6 is_stmt 0 view .LVU320
 854 0000 28B1     		cbz	r0, .L37
 497:./Libraries/src/stm32f4xx_dma2d.c ****   {
 498:./Libraries/src/stm32f4xx_dma2d.c ****     /* Start the automatic loading of the CLUT */
ARM GAS  /tmp/ccJ92bG0.s 			page 25


 499:./Libraries/src/stm32f4xx_dma2d.c ****     DMA2D->FGPFCCR |= DMA2D_FGPFCCR_START;
 855              		.loc 1 499 5 is_stmt 1 view .LVU321
 856              		.loc 1 499 10 is_stmt 0 view .LVU322
 857 0002 064A     		ldr	r2, .L39
 858 0004 D369     		ldr	r3, [r2, #28]
 859              		.loc 1 499 20 view .LVU323
 860 0006 43F02003 		orr	r3, r3, #32
 861 000a D361     		str	r3, [r2, #28]
 862 000c 7047     		bx	lr
 863              	.L37:
 500:./Libraries/src/stm32f4xx_dma2d.c ****   }
 501:./Libraries/src/stm32f4xx_dma2d.c ****   else
 502:./Libraries/src/stm32f4xx_dma2d.c ****   {
 503:./Libraries/src/stm32f4xx_dma2d.c ****     /* abort the transfer */
 504:./Libraries/src/stm32f4xx_dma2d.c ****     DMA2D->FGPFCCR &= (uint32_t)~DMA2D_FGPFCCR_START;
 864              		.loc 1 504 5 is_stmt 1 view .LVU324
 865              		.loc 1 504 10 is_stmt 0 view .LVU325
 866 000e 034A     		ldr	r2, .L39
 867 0010 D369     		ldr	r3, [r2, #28]
 868              		.loc 1 504 20 view .LVU326
 869 0012 23F02003 		bic	r3, r3, #32
 870 0016 D361     		str	r3, [r2, #28]
 505:./Libraries/src/stm32f4xx_dma2d.c ****   }
 506:./Libraries/src/stm32f4xx_dma2d.c **** }
 871              		.loc 1 506 1 view .LVU327
 872 0018 7047     		bx	lr
 873              	.L40:
 874 001a 00BF     		.align	2
 875              	.L39:
 876 001c 00B00240 		.word	1073917952
 877              		.cfi_endproc
 878              	.LFE133:
 880              		.section	.text.DMA2D_BGStart,"ax",%progbits
 881              		.align	1
 882              		.global	DMA2D_BGStart
 883              		.syntax unified
 884              		.thumb
 885              		.thumb_func
 887              	DMA2D_BGStart:
 888              	.LVL45:
 889              	.LFB134:
 507:./Libraries/src/stm32f4xx_dma2d.c **** 
 508:./Libraries/src/stm32f4xx_dma2d.c **** /**
 509:./Libraries/src/stm32f4xx_dma2d.c ****   * @brief  Start the automatic loading of the CLUT or abort the transfer.
 510:./Libraries/src/stm32f4xx_dma2d.c ****   * @param  NewState: new state of the DMA2D peripheral.
 511:./Libraries/src/stm32f4xx_dma2d.c ****   *   This parameter can be: ENABLE or DISABLE.
 512:./Libraries/src/stm32f4xx_dma2d.c ****   * @retval None
 513:./Libraries/src/stm32f4xx_dma2d.c ****   */
 514:./Libraries/src/stm32f4xx_dma2d.c ****   
 515:./Libraries/src/stm32f4xx_dma2d.c **** void DMA2D_BGStart(FunctionalState NewState) 
 516:./Libraries/src/stm32f4xx_dma2d.c **** {
 890              		.loc 1 516 1 is_stmt 1 view -0
 891              		.cfi_startproc
 892              		@ args = 0, pretend = 0, frame = 0
 893              		@ frame_needed = 0, uses_anonymous_args = 0
 894              		@ link register save eliminated.
 517:./Libraries/src/stm32f4xx_dma2d.c ****   /* Check the parameters */
ARM GAS  /tmp/ccJ92bG0.s 			page 26


 518:./Libraries/src/stm32f4xx_dma2d.c ****   assert_param(IS_FUNCTIONAL_STATE(NewState));
 895              		.loc 1 518 3 view .LVU329
 519:./Libraries/src/stm32f4xx_dma2d.c ****   
 520:./Libraries/src/stm32f4xx_dma2d.c ****   if (NewState != DISABLE)
 896              		.loc 1 520 3 view .LVU330
 897              		.loc 1 520 6 is_stmt 0 view .LVU331
 898 0000 28B1     		cbz	r0, .L42
 521:./Libraries/src/stm32f4xx_dma2d.c ****   {
 522:./Libraries/src/stm32f4xx_dma2d.c ****     /* Start the automatic loading of the CLUT */
 523:./Libraries/src/stm32f4xx_dma2d.c ****     DMA2D->BGPFCCR |= DMA2D_BGPFCCR_START;
 899              		.loc 1 523 5 is_stmt 1 view .LVU332
 900              		.loc 1 523 10 is_stmt 0 view .LVU333
 901 0002 064A     		ldr	r2, .L44
 902 0004 536A     		ldr	r3, [r2, #36]
 903              		.loc 1 523 20 view .LVU334
 904 0006 43F02003 		orr	r3, r3, #32
 905 000a 5362     		str	r3, [r2, #36]
 906 000c 7047     		bx	lr
 907              	.L42:
 524:./Libraries/src/stm32f4xx_dma2d.c ****   }
 525:./Libraries/src/stm32f4xx_dma2d.c ****   else
 526:./Libraries/src/stm32f4xx_dma2d.c ****   {
 527:./Libraries/src/stm32f4xx_dma2d.c ****     /* abort the transfer */
 528:./Libraries/src/stm32f4xx_dma2d.c ****     DMA2D->BGPFCCR &= (uint32_t)~DMA2D_BGPFCCR_START;
 908              		.loc 1 528 5 is_stmt 1 view .LVU335
 909              		.loc 1 528 10 is_stmt 0 view .LVU336
 910 000e 034A     		ldr	r2, .L44
 911 0010 536A     		ldr	r3, [r2, #36]
 912              		.loc 1 528 20 view .LVU337
 913 0012 23F02003 		bic	r3, r3, #32
 914 0016 5362     		str	r3, [r2, #36]
 529:./Libraries/src/stm32f4xx_dma2d.c ****   }
 530:./Libraries/src/stm32f4xx_dma2d.c **** }
 915              		.loc 1 530 1 view .LVU338
 916 0018 7047     		bx	lr
 917              	.L45:
 918 001a 00BF     		.align	2
 919              	.L44:
 920 001c 00B00240 		.word	1073917952
 921              		.cfi_endproc
 922              	.LFE134:
 924              		.section	.text.DMA2D_DeadTimeConfig,"ax",%progbits
 925              		.align	1
 926              		.global	DMA2D_DeadTimeConfig
 927              		.syntax unified
 928              		.thumb
 929              		.thumb_func
 931              	DMA2D_DeadTimeConfig:
 932              	.LVL46:
 933              	.LFB135:
 531:./Libraries/src/stm32f4xx_dma2d.c **** 
 532:./Libraries/src/stm32f4xx_dma2d.c **** /**
 533:./Libraries/src/stm32f4xx_dma2d.c ****   * @brief  Configures the DMA2D dead time.
 534:./Libraries/src/stm32f4xx_dma2d.c ****   * @param  DMA2D_DeadTime: specifies the DMA2D dead time.
 535:./Libraries/src/stm32f4xx_dma2d.c ****   *   This parameter can be one of the following values:
 536:./Libraries/src/stm32f4xx_dma2d.c ****   * @retval None
 537:./Libraries/src/stm32f4xx_dma2d.c ****   */
ARM GAS  /tmp/ccJ92bG0.s 			page 27


 538:./Libraries/src/stm32f4xx_dma2d.c **** void DMA2D_DeadTimeConfig(uint32_t DMA2D_DeadTime, FunctionalState NewState)
 539:./Libraries/src/stm32f4xx_dma2d.c **** {
 934              		.loc 1 539 1 is_stmt 1 view -0
 935              		.cfi_startproc
 936              		@ args = 0, pretend = 0, frame = 0
 937              		@ frame_needed = 0, uses_anonymous_args = 0
 938              		@ link register save eliminated.
 540:./Libraries/src/stm32f4xx_dma2d.c ****    uint32_t DeadTime;
 939              		.loc 1 540 4 view .LVU340
 541:./Libraries/src/stm32f4xx_dma2d.c **** 
 542:./Libraries/src/stm32f4xx_dma2d.c ****   /* Check the parameters */
 543:./Libraries/src/stm32f4xx_dma2d.c ****   assert_param(IS_DMA2D_DEAD_TIME(DMA2D_DeadTime));
 940              		.loc 1 543 3 view .LVU341
 544:./Libraries/src/stm32f4xx_dma2d.c ****   assert_param(IS_FUNCTIONAL_STATE(NewState));
 941              		.loc 1 544 3 view .LVU342
 545:./Libraries/src/stm32f4xx_dma2d.c **** 
 546:./Libraries/src/stm32f4xx_dma2d.c ****   if (NewState != DISABLE)
 942              		.loc 1 546 3 view .LVU343
 943              		.loc 1 546 6 is_stmt 0 view .LVU344
 944 0000 69B1     		cbz	r1, .L47
 547:./Libraries/src/stm32f4xx_dma2d.c ****   {
 548:./Libraries/src/stm32f4xx_dma2d.c ****     /* Enable and Configures the dead time */
 549:./Libraries/src/stm32f4xx_dma2d.c ****     DMA2D->AMTCR &= (uint32_t)DEAD_MASK;
 945              		.loc 1 549 5 is_stmt 1 view .LVU345
 946              		.loc 1 549 10 is_stmt 0 view .LVU346
 947 0002 0A4A     		ldr	r2, .L49
 948 0004 D36C     		ldr	r3, [r2, #76]
 949              		.loc 1 549 18 view .LVU347
 950 0006 23F47F43 		bic	r3, r3, #65280
 951 000a 23F00103 		bic	r3, r3, #1
 952 000e D364     		str	r3, [r2, #76]
 550:./Libraries/src/stm32f4xx_dma2d.c ****     DeadTime = DMA2D_DeadTime << 8;
 953              		.loc 1 550 5 is_stmt 1 view .LVU348
 954              	.LVL47:
 551:./Libraries/src/stm32f4xx_dma2d.c ****     DMA2D->AMTCR |= (DeadTime | DMA2D_AMTCR_EN);
 955              		.loc 1 551 5 view .LVU349
 956              		.loc 1 551 10 is_stmt 0 view .LVU350
 957 0010 D36C     		ldr	r3, [r2, #76]
 958              		.loc 1 551 18 view .LVU351
 959 0012 43EA0023 		orr	r3, r3, r0, lsl #8
 960 0016 43F00103 		orr	r3, r3, #1
 961 001a D364     		str	r3, [r2, #76]
 962 001c 7047     		bx	lr
 963              	.LVL48:
 964              	.L47:
 552:./Libraries/src/stm32f4xx_dma2d.c ****   }
 553:./Libraries/src/stm32f4xx_dma2d.c ****   else
 554:./Libraries/src/stm32f4xx_dma2d.c ****   {
 555:./Libraries/src/stm32f4xx_dma2d.c ****      DMA2D->AMTCR &= ~(uint32_t)DMA2D_AMTCR_EN;
 965              		.loc 1 555 6 is_stmt 1 view .LVU352
 966              		.loc 1 555 11 is_stmt 0 view .LVU353
 967 001e 034A     		ldr	r2, .L49
 968 0020 D36C     		ldr	r3, [r2, #76]
 969              		.loc 1 555 19 view .LVU354
 970 0022 23F00103 		bic	r3, r3, #1
 971 0026 D364     		str	r3, [r2, #76]
 556:./Libraries/src/stm32f4xx_dma2d.c ****   }
ARM GAS  /tmp/ccJ92bG0.s 			page 28


 557:./Libraries/src/stm32f4xx_dma2d.c **** }
 972              		.loc 1 557 1 view .LVU355
 973 0028 7047     		bx	lr
 974              	.L50:
 975 002a 00BF     		.align	2
 976              	.L49:
 977 002c 00B00240 		.word	1073917952
 978              		.cfi_endproc
 979              	.LFE135:
 981              		.section	.text.DMA2D_LineWatermarkConfig,"ax",%progbits
 982              		.align	1
 983              		.global	DMA2D_LineWatermarkConfig
 984              		.syntax unified
 985              		.thumb
 986              		.thumb_func
 988              	DMA2D_LineWatermarkConfig:
 989              	.LVL49:
 990              	.LFB136:
 558:./Libraries/src/stm32f4xx_dma2d.c **** 
 559:./Libraries/src/stm32f4xx_dma2d.c **** /**
 560:./Libraries/src/stm32f4xx_dma2d.c ****   * @brief  Define the configuration of the line watermark .
 561:./Libraries/src/stm32f4xx_dma2d.c ****   * @param  DMA2D_LWatermarkConfig: Line Watermark configuration.
 562:./Libraries/src/stm32f4xx_dma2d.c ****   * @retval None
 563:./Libraries/src/stm32f4xx_dma2d.c ****   */
 564:./Libraries/src/stm32f4xx_dma2d.c **** 
 565:./Libraries/src/stm32f4xx_dma2d.c **** void DMA2D_LineWatermarkConfig(uint32_t DMA2D_LWatermarkConfig)
 566:./Libraries/src/stm32f4xx_dma2d.c **** {
 991              		.loc 1 566 1 is_stmt 1 view -0
 992              		.cfi_startproc
 993              		@ args = 0, pretend = 0, frame = 0
 994              		@ frame_needed = 0, uses_anonymous_args = 0
 995              		@ link register save eliminated.
 567:./Libraries/src/stm32f4xx_dma2d.c ****   /* Check the parameters */
 568:./Libraries/src/stm32f4xx_dma2d.c ****   assert_param(IS_DMA2D_LineWatermark(DMA2D_LWatermarkConfig));
 996              		.loc 1 568 3 view .LVU357
 569:./Libraries/src/stm32f4xx_dma2d.c **** 
 570:./Libraries/src/stm32f4xx_dma2d.c ****   /* Sets the Line watermark configuration */
 571:./Libraries/src/stm32f4xx_dma2d.c ****   DMA2D->LWR = (uint32_t)DMA2D_LWatermarkConfig;
 997              		.loc 1 571 3 view .LVU358
 998              		.loc 1 571 14 is_stmt 0 view .LVU359
 999 0000 014B     		ldr	r3, .L52
 1000 0002 9864     		str	r0, [r3, #72]
 572:./Libraries/src/stm32f4xx_dma2d.c **** }
 1001              		.loc 1 572 1 view .LVU360
 1002 0004 7047     		bx	lr
 1003              	.L53:
 1004 0006 00BF     		.align	2
 1005              	.L52:
 1006 0008 00B00240 		.word	1073917952
 1007              		.cfi_endproc
 1008              	.LFE136:
 1010              		.section	.text.DMA2D_ITConfig,"ax",%progbits
 1011              		.align	1
 1012              		.global	DMA2D_ITConfig
 1013              		.syntax unified
 1014              		.thumb
 1015              		.thumb_func
ARM GAS  /tmp/ccJ92bG0.s 			page 29


 1017              	DMA2D_ITConfig:
 1018              	.LVL50:
 1019              	.LFB137:
 573:./Libraries/src/stm32f4xx_dma2d.c **** 
 574:./Libraries/src/stm32f4xx_dma2d.c **** /**
 575:./Libraries/src/stm32f4xx_dma2d.c ****   * @}
 576:./Libraries/src/stm32f4xx_dma2d.c ****   */
 577:./Libraries/src/stm32f4xx_dma2d.c **** 
 578:./Libraries/src/stm32f4xx_dma2d.c **** /** @defgroup DMA2D_Group2 Interrupts and flags management functions
 579:./Libraries/src/stm32f4xx_dma2d.c ****  *  @brief   Interrupts and flags management functions
 580:./Libraries/src/stm32f4xx_dma2d.c ****  *
 581:./Libraries/src/stm32f4xx_dma2d.c **** @verbatim
 582:./Libraries/src/stm32f4xx_dma2d.c ****  ===============================================================================
 583:./Libraries/src/stm32f4xx_dma2d.c ****             ##### Interrupts and flags management functions #####
 584:./Libraries/src/stm32f4xx_dma2d.c ****  ===============================================================================
 585:./Libraries/src/stm32f4xx_dma2d.c **** 
 586:./Libraries/src/stm32f4xx_dma2d.c ****     [..] This section provides functions allowing to configure the DMA2D 
 587:./Libraries/src/stm32f4xx_dma2d.c ****          Interrupts and to get the status and clear flags and Interrupts 
 588:./Libraries/src/stm32f4xx_dma2d.c ****          pending bits.
 589:./Libraries/src/stm32f4xx_dma2d.c ****     [..] The DMA2D provides 6 Interrupts sources and 6 Flags
 590:./Libraries/src/stm32f4xx_dma2d.c ****     
 591:./Libraries/src/stm32f4xx_dma2d.c ****     *** Flags ***
 592:./Libraries/src/stm32f4xx_dma2d.c ****     =============
 593:./Libraries/src/stm32f4xx_dma2d.c ****     [..]
 594:./Libraries/src/stm32f4xx_dma2d.c ****       (+) DMA2D_FLAG_CE : Configuration Error Interrupt flag
 595:./Libraries/src/stm32f4xx_dma2d.c ****       (+) DMA2D_FLAG_CAE: CLUT Access Error Interrupt flag
 596:./Libraries/src/stm32f4xx_dma2d.c ****       (+) DMA2D_FLAG_TW:  Transfer Watermark Interrupt flag
 597:./Libraries/src/stm32f4xx_dma2d.c ****       (+) DMA2D_FLAG_TC:  Transfer Complete interrupt flag
 598:./Libraries/src/stm32f4xx_dma2d.c ****       (+) DMA2D_FLAG_TE:  Transfer Error interrupt flag
 599:./Libraries/src/stm32f4xx_dma2d.c ****       (+) DMA2D_FLAG_CTC: CLUT Transfer Complete Interrupt flag
 600:./Libraries/src/stm32f4xx_dma2d.c ****       
 601:./Libraries/src/stm32f4xx_dma2d.c ****     *** Interrupts ***
 602:./Libraries/src/stm32f4xx_dma2d.c ****     ==================
 603:./Libraries/src/stm32f4xx_dma2d.c ****     [..]
 604:./Libraries/src/stm32f4xx_dma2d.c ****       (+) DMA2D_IT_CE: Configuration Error Interrupt is generated when a wrong 
 605:./Libraries/src/stm32f4xx_dma2d.c ****                        configuration is detected
 606:./Libraries/src/stm32f4xx_dma2d.c ****       (+) DMA2D_IT_CAE: CLUT Access Error Interrupt
 607:./Libraries/src/stm32f4xx_dma2d.c ****       (+) DMA2D_IT_TW: Transfer Watermark Interrupt is generated when 
 608:./Libraries/src/stm32f4xx_dma2d.c ****                        the programmed watermark is reached 
 609:./Libraries/src/stm32f4xx_dma2d.c ****       (+) DMA2D_IT_TE: Transfer Error interrupt is generated when the CPU trying 
 610:./Libraries/src/stm32f4xx_dma2d.c ****                        to access the CLUT while a CLUT loading or a DMA2D1 transfer 
 611:./Libraries/src/stm32f4xx_dma2d.c ****                        is on going       
 612:./Libraries/src/stm32f4xx_dma2d.c ****       (+) DMA2D_IT_CTC: CLUT Transfer Complete Interrupt 
 613:./Libraries/src/stm32f4xx_dma2d.c ****       (+) DMA2D_IT_TC: Transfer Complete interrupt         
 614:./Libraries/src/stm32f4xx_dma2d.c **** @endverbatim
 615:./Libraries/src/stm32f4xx_dma2d.c ****   * @{
 616:./Libraries/src/stm32f4xx_dma2d.c ****   */
 617:./Libraries/src/stm32f4xx_dma2d.c **** /**
 618:./Libraries/src/stm32f4xx_dma2d.c ****   * @brief  Enables or disables the specified DMA2D's interrupts.
 619:./Libraries/src/stm32f4xx_dma2d.c ****   * @param  DMA2D_IT: specifies the DMA2D interrupts sources to be enabled or disabled.
 620:./Libraries/src/stm32f4xx_dma2d.c ****   *   This parameter can be any combination of the following values:
 621:./Libraries/src/stm32f4xx_dma2d.c ****   *     @arg DMA2D_IT_CE:   Configuration Error Interrupt Enable.
 622:./Libraries/src/stm32f4xx_dma2d.c ****   *     @arg DMA2D_IT_CTC:  CLUT Transfer Complete Interrupt Enable.
 623:./Libraries/src/stm32f4xx_dma2d.c ****   *     @arg DMA2D_IT_CAE:  CLUT Access Error Interrupt Enable.
 624:./Libraries/src/stm32f4xx_dma2d.c ****   *     @arg DMA2D_IT_TW:   Transfer Watermark Interrupt Enable.
 625:./Libraries/src/stm32f4xx_dma2d.c ****   *     @arg DMA2D_IT_TC:   Transfer Complete interrupt enable.
 626:./Libraries/src/stm32f4xx_dma2d.c ****   *     @arg DMA2D_IT_TE:   Transfer Error interrupt enable.
ARM GAS  /tmp/ccJ92bG0.s 			page 30


 627:./Libraries/src/stm32f4xx_dma2d.c ****   * @param NewState: new state of the specified DMA2D interrupts.
 628:./Libraries/src/stm32f4xx_dma2d.c ****   *   This parameter can be: ENABLE or DISABLE.
 629:./Libraries/src/stm32f4xx_dma2d.c ****   * @retval None
 630:./Libraries/src/stm32f4xx_dma2d.c ****   */
 631:./Libraries/src/stm32f4xx_dma2d.c **** 
 632:./Libraries/src/stm32f4xx_dma2d.c **** void DMA2D_ITConfig(uint32_t DMA2D_IT, FunctionalState NewState)
 633:./Libraries/src/stm32f4xx_dma2d.c **** {
 1020              		.loc 1 633 1 is_stmt 1 view -0
 1021              		.cfi_startproc
 1022              		@ args = 0, pretend = 0, frame = 0
 1023              		@ frame_needed = 0, uses_anonymous_args = 0
 1024              		@ link register save eliminated.
 634:./Libraries/src/stm32f4xx_dma2d.c ****   /* Check the parameters */
 635:./Libraries/src/stm32f4xx_dma2d.c ****   assert_param(IS_DMA2D_IT(DMA2D_IT));
 1025              		.loc 1 635 3 view .LVU362
 636:./Libraries/src/stm32f4xx_dma2d.c ****   assert_param(IS_FUNCTIONAL_STATE(NewState));
 1026              		.loc 1 636 3 view .LVU363
 637:./Libraries/src/stm32f4xx_dma2d.c **** 
 638:./Libraries/src/stm32f4xx_dma2d.c ****   if (NewState != DISABLE)
 1027              		.loc 1 638 3 view .LVU364
 1028              		.loc 1 638 6 is_stmt 0 view .LVU365
 1029 0000 21B1     		cbz	r1, .L55
 639:./Libraries/src/stm32f4xx_dma2d.c ****   {
 640:./Libraries/src/stm32f4xx_dma2d.c ****     /* Enable the selected DMA2D interrupts */
 641:./Libraries/src/stm32f4xx_dma2d.c ****     DMA2D->CR |= DMA2D_IT;
 1030              		.loc 1 641 5 is_stmt 1 view .LVU366
 1031              		.loc 1 641 10 is_stmt 0 view .LVU367
 1032 0002 054A     		ldr	r2, .L57
 1033 0004 1368     		ldr	r3, [r2]
 1034              		.loc 1 641 15 view .LVU368
 1035 0006 0343     		orrs	r3, r3, r0
 1036 0008 1360     		str	r3, [r2]
 1037 000a 7047     		bx	lr
 1038              	.L55:
 642:./Libraries/src/stm32f4xx_dma2d.c ****   }
 643:./Libraries/src/stm32f4xx_dma2d.c ****   else
 644:./Libraries/src/stm32f4xx_dma2d.c ****   {
 645:./Libraries/src/stm32f4xx_dma2d.c ****     /* Disable the selected DMA2D interrupts */
 646:./Libraries/src/stm32f4xx_dma2d.c ****     DMA2D->CR &= (uint32_t)~DMA2D_IT;
 1039              		.loc 1 646 5 is_stmt 1 view .LVU369
 1040              		.loc 1 646 10 is_stmt 0 view .LVU370
 1041 000c 024A     		ldr	r2, .L57
 1042 000e 1368     		ldr	r3, [r2]
 1043              		.loc 1 646 15 view .LVU371
 1044 0010 23EA0003 		bic	r3, r3, r0
 1045 0014 1360     		str	r3, [r2]
 647:./Libraries/src/stm32f4xx_dma2d.c ****   }
 648:./Libraries/src/stm32f4xx_dma2d.c **** }
 1046              		.loc 1 648 1 view .LVU372
 1047 0016 7047     		bx	lr
 1048              	.L58:
 1049              		.align	2
 1050              	.L57:
 1051 0018 00B00240 		.word	1073917952
 1052              		.cfi_endproc
 1053              	.LFE137:
 1055              		.section	.text.DMA2D_GetFlagStatus,"ax",%progbits
ARM GAS  /tmp/ccJ92bG0.s 			page 31


 1056              		.align	1
 1057              		.global	DMA2D_GetFlagStatus
 1058              		.syntax unified
 1059              		.thumb
 1060              		.thumb_func
 1062              	DMA2D_GetFlagStatus:
 1063              	.LVL51:
 1064              	.LFB138:
 649:./Libraries/src/stm32f4xx_dma2d.c **** 
 650:./Libraries/src/stm32f4xx_dma2d.c **** /**
 651:./Libraries/src/stm32f4xx_dma2d.c ****   * @brief  Checks whether the specified DMA2D's flag is set or not.
 652:./Libraries/src/stm32f4xx_dma2d.c ****   * @param  DMA2D_FLAG: specifies the flag to check.
 653:./Libraries/src/stm32f4xx_dma2d.c ****   *   This parameter can be one of the following values:
 654:./Libraries/src/stm32f4xx_dma2d.c ****   *     @arg DMA2D_FLAG_CE:   Configuration Error Interrupt flag.
 655:./Libraries/src/stm32f4xx_dma2d.c ****   *     @arg DMA2D_FLAG_CTC:  CLUT Transfer Complete Interrupt flag.
 656:./Libraries/src/stm32f4xx_dma2d.c ****   *     @arg DMA2D_FLAG_CAE:  CLUT Access Error Interrupt flag.
 657:./Libraries/src/stm32f4xx_dma2d.c ****   *     @arg DMA2D_FLAG_TW:   Transfer Watermark Interrupt flag.
 658:./Libraries/src/stm32f4xx_dma2d.c ****   *     @arg DMA2D_FLAG_TC:   Transfer Complete interrupt flag.
 659:./Libraries/src/stm32f4xx_dma2d.c ****   *     @arg DMA2D_FLAG_TE:   Transfer Error interrupt flag.
 660:./Libraries/src/stm32f4xx_dma2d.c ****   * @retval The new state of DMA2D_FLAG (SET or RESET).
 661:./Libraries/src/stm32f4xx_dma2d.c ****   */
 662:./Libraries/src/stm32f4xx_dma2d.c **** 
 663:./Libraries/src/stm32f4xx_dma2d.c **** FlagStatus DMA2D_GetFlagStatus(uint32_t DMA2D_FLAG)
 664:./Libraries/src/stm32f4xx_dma2d.c **** {
 1065              		.loc 1 664 1 is_stmt 1 view -0
 1066              		.cfi_startproc
 1067              		@ args = 0, pretend = 0, frame = 0
 1068              		@ frame_needed = 0, uses_anonymous_args = 0
 1069              		@ link register save eliminated.
 665:./Libraries/src/stm32f4xx_dma2d.c ****   FlagStatus bitstatus = RESET;
 1070              		.loc 1 665 3 view .LVU374
 666:./Libraries/src/stm32f4xx_dma2d.c ****   
 667:./Libraries/src/stm32f4xx_dma2d.c ****   /* Check the parameters */
 668:./Libraries/src/stm32f4xx_dma2d.c ****   assert_param(IS_DMA2D_GET_FLAG(DMA2D_FLAG));
 1071              		.loc 1 668 3 view .LVU375
 669:./Libraries/src/stm32f4xx_dma2d.c ****   
 670:./Libraries/src/stm32f4xx_dma2d.c ****   /* Check the status of the specified DMA2D flag */
 671:./Libraries/src/stm32f4xx_dma2d.c ****   if (((DMA2D->ISR) & DMA2D_FLAG) != (uint32_t)RESET)
 1072              		.loc 1 671 3 view .LVU376
 1073              		.loc 1 671 14 is_stmt 0 view .LVU377
 1074 0000 034B     		ldr	r3, .L62
 1075 0002 5B68     		ldr	r3, [r3, #4]
 1076              		.loc 1 671 6 view .LVU378
 1077 0004 0342     		tst	r3, r0
 1078 0006 01D0     		beq	.L61
 672:./Libraries/src/stm32f4xx_dma2d.c ****   {
 673:./Libraries/src/stm32f4xx_dma2d.c ****     /* DMA2D_FLAG is set */
 674:./Libraries/src/stm32f4xx_dma2d.c ****     bitstatus = SET;
 1079              		.loc 1 674 15 view .LVU379
 1080 0008 0120     		movs	r0, #1
 1081              	.LVL52:
 1082              		.loc 1 674 15 view .LVU380
 1083 000a 7047     		bx	lr
 1084              	.LVL53:
 1085              	.L61:
 675:./Libraries/src/stm32f4xx_dma2d.c ****   }
 676:./Libraries/src/stm32f4xx_dma2d.c ****   else
ARM GAS  /tmp/ccJ92bG0.s 			page 32


 677:./Libraries/src/stm32f4xx_dma2d.c ****   {
 678:./Libraries/src/stm32f4xx_dma2d.c ****     /* DMA2D_FLAG is reset */
 679:./Libraries/src/stm32f4xx_dma2d.c ****     bitstatus = RESET;
 1086              		.loc 1 679 15 view .LVU381
 1087 000c 0020     		movs	r0, #0
 1088              	.LVL54:
 680:./Libraries/src/stm32f4xx_dma2d.c ****   }
 681:./Libraries/src/stm32f4xx_dma2d.c ****   /* Return the DMA2D_FLAG status */
 682:./Libraries/src/stm32f4xx_dma2d.c ****   return bitstatus;
 1089              		.loc 1 682 3 is_stmt 1 view .LVU382
 683:./Libraries/src/stm32f4xx_dma2d.c **** }
 1090              		.loc 1 683 1 is_stmt 0 view .LVU383
 1091 000e 7047     		bx	lr
 1092              	.L63:
 1093              		.align	2
 1094              	.L62:
 1095 0010 00B00240 		.word	1073917952
 1096              		.cfi_endproc
 1097              	.LFE138:
 1099              		.section	.text.DMA2D_ClearFlag,"ax",%progbits
 1100              		.align	1
 1101              		.global	DMA2D_ClearFlag
 1102              		.syntax unified
 1103              		.thumb
 1104              		.thumb_func
 1106              	DMA2D_ClearFlag:
 1107              	.LVL55:
 1108              	.LFB139:
 684:./Libraries/src/stm32f4xx_dma2d.c **** 
 685:./Libraries/src/stm32f4xx_dma2d.c **** /**
 686:./Libraries/src/stm32f4xx_dma2d.c ****   * @brief  Clears the DMA2D's pending flags.
 687:./Libraries/src/stm32f4xx_dma2d.c ****   * @param  DMA2D_FLAG: specifies the flag to clear.
 688:./Libraries/src/stm32f4xx_dma2d.c ****   *   This parameter can be any combination of the following values:
 689:./Libraries/src/stm32f4xx_dma2d.c ****   *     @arg DMA2D_FLAG_CE:   Configuration Error Interrupt flag.
 690:./Libraries/src/stm32f4xx_dma2d.c ****   *     @arg DMA2D_FLAG_CTC:  CLUT Transfer Complete Interrupt flag.
 691:./Libraries/src/stm32f4xx_dma2d.c ****   *     @arg DMA2D_FLAG_CAE:  CLUT Access Error Interrupt flag.
 692:./Libraries/src/stm32f4xx_dma2d.c ****   *     @arg DMA2D_FLAG_TW:   Transfer Watermark Interrupt flag.
 693:./Libraries/src/stm32f4xx_dma2d.c ****   *     @arg DMA2D_FLAG_TC:   Transfer Complete interrupt flag.
 694:./Libraries/src/stm32f4xx_dma2d.c ****   *     @arg DMA2D_FLAG_TE:   Transfer Error interrupt flag.
 695:./Libraries/src/stm32f4xx_dma2d.c ****   * @retval None
 696:./Libraries/src/stm32f4xx_dma2d.c ****   */
 697:./Libraries/src/stm32f4xx_dma2d.c **** void DMA2D_ClearFlag(uint32_t DMA2D_FLAG)
 698:./Libraries/src/stm32f4xx_dma2d.c **** {
 1109              		.loc 1 698 1 is_stmt 1 view -0
 1110              		.cfi_startproc
 1111              		@ args = 0, pretend = 0, frame = 0
 1112              		@ frame_needed = 0, uses_anonymous_args = 0
 1113              		@ link register save eliminated.
 699:./Libraries/src/stm32f4xx_dma2d.c ****   /* Check the parameters */
 700:./Libraries/src/stm32f4xx_dma2d.c ****   assert_param(IS_DMA2D_GET_FLAG(DMA2D_FLAG));
 1114              		.loc 1 700 3 view .LVU385
 701:./Libraries/src/stm32f4xx_dma2d.c ****     
 702:./Libraries/src/stm32f4xx_dma2d.c ****   /* Clear the corresponding DMA2D flag */
 703:./Libraries/src/stm32f4xx_dma2d.c ****   DMA2D->IFCR = (uint32_t)DMA2D_FLAG;
 1115              		.loc 1 703 3 view .LVU386
 1116              		.loc 1 703 15 is_stmt 0 view .LVU387
 1117 0000 014B     		ldr	r3, .L65
ARM GAS  /tmp/ccJ92bG0.s 			page 33


 1118 0002 9860     		str	r0, [r3, #8]
 704:./Libraries/src/stm32f4xx_dma2d.c **** }
 1119              		.loc 1 704 1 view .LVU388
 1120 0004 7047     		bx	lr
 1121              	.L66:
 1122 0006 00BF     		.align	2
 1123              	.L65:
 1124 0008 00B00240 		.word	1073917952
 1125              		.cfi_endproc
 1126              	.LFE139:
 1128              		.section	.text.DMA2D_GetITStatus,"ax",%progbits
 1129              		.align	1
 1130              		.global	DMA2D_GetITStatus
 1131              		.syntax unified
 1132              		.thumb
 1133              		.thumb_func
 1135              	DMA2D_GetITStatus:
 1136              	.LVL56:
 1137              	.LFB140:
 705:./Libraries/src/stm32f4xx_dma2d.c **** 
 706:./Libraries/src/stm32f4xx_dma2d.c **** /**
 707:./Libraries/src/stm32f4xx_dma2d.c ****   * @brief  Checks whether the specified DMA2D's interrupt has occurred or not.
 708:./Libraries/src/stm32f4xx_dma2d.c ****   * @param  DMA2D_IT: specifies the DMA2D interrupts sources to check.
 709:./Libraries/src/stm32f4xx_dma2d.c ****   *   This parameter can be one of the following values:
 710:./Libraries/src/stm32f4xx_dma2d.c ****   *     @arg DMA2D_IT_CE:   Configuration Error Interrupt Enable.
 711:./Libraries/src/stm32f4xx_dma2d.c ****   *     @arg DMA2D_IT_CTC:  CLUT Transfer Complete Interrupt Enable.
 712:./Libraries/src/stm32f4xx_dma2d.c ****   *     @arg DMA2D_IT_CAE:  CLUT Access Error Interrupt Enable.
 713:./Libraries/src/stm32f4xx_dma2d.c ****   *     @arg DMA2D_IT_TW:   Transfer Watermark Interrupt Enable.
 714:./Libraries/src/stm32f4xx_dma2d.c ****   *     @arg DMA2D_IT_TC:   Transfer Complete interrupt enable.
 715:./Libraries/src/stm32f4xx_dma2d.c ****   *     @arg DMA2D_IT_TE:   Transfer Error interrupt enable.
 716:./Libraries/src/stm32f4xx_dma2d.c ****   * @retval The new state of the DMA2D_IT (SET or RESET).
 717:./Libraries/src/stm32f4xx_dma2d.c ****   */
 718:./Libraries/src/stm32f4xx_dma2d.c **** ITStatus DMA2D_GetITStatus(uint32_t DMA2D_IT)
 719:./Libraries/src/stm32f4xx_dma2d.c **** {
 1138              		.loc 1 719 1 is_stmt 1 view -0
 1139              		.cfi_startproc
 1140              		@ args = 0, pretend = 0, frame = 0
 1141              		@ frame_needed = 0, uses_anonymous_args = 0
 1142              		@ link register save eliminated.
 1143              		.loc 1 719 1 is_stmt 0 view .LVU390
 1144 0000 0346     		mov	r3, r0
 720:./Libraries/src/stm32f4xx_dma2d.c ****   ITStatus bitstatus = RESET;
 1145              		.loc 1 720 3 is_stmt 1 view .LVU391
 1146              	.LVL57:
 721:./Libraries/src/stm32f4xx_dma2d.c ****   uint32_t DMA2D_IT_FLAG = DMA2D_IT >> 8;
 1147              		.loc 1 721 3 view .LVU392
 722:./Libraries/src/stm32f4xx_dma2d.c ****   
 723:./Libraries/src/stm32f4xx_dma2d.c ****   /* Check the parameters */
 724:./Libraries/src/stm32f4xx_dma2d.c ****   assert_param(IS_DMA2D_IT(DMA2D_IT));
 1148              		.loc 1 724 3 view .LVU393
 725:./Libraries/src/stm32f4xx_dma2d.c **** 
 726:./Libraries/src/stm32f4xx_dma2d.c ****   if ((DMA2D->ISR & DMA2D_IT_FLAG) != (uint32_t)RESET)
 1149              		.loc 1 726 3 view .LVU394
 1150              		.loc 1 726 13 is_stmt 0 view .LVU395
 1151 0002 074A     		ldr	r2, .L72
 1152 0004 5268     		ldr	r2, [r2, #4]
 1153              		.loc 1 726 6 view .LVU396
ARM GAS  /tmp/ccJ92bG0.s 			page 34


 1154 0006 12EA1022 		ands	r2, r2, r0, lsr #8
 1155 000a 06D0     		beq	.L70
 727:./Libraries/src/stm32f4xx_dma2d.c ****   {
 728:./Libraries/src/stm32f4xx_dma2d.c ****     bitstatus = SET;
 1156              		.loc 1 728 15 view .LVU397
 1157 000c 0120     		movs	r0, #1
 1158              	.LVL58:
 1159              	.L68:
 729:./Libraries/src/stm32f4xx_dma2d.c ****   }
 730:./Libraries/src/stm32f4xx_dma2d.c ****   else
 731:./Libraries/src/stm32f4xx_dma2d.c ****   {
 732:./Libraries/src/stm32f4xx_dma2d.c ****     bitstatus = RESET;
 733:./Libraries/src/stm32f4xx_dma2d.c ****   }
 734:./Libraries/src/stm32f4xx_dma2d.c ****   
 735:./Libraries/src/stm32f4xx_dma2d.c ****   if (((DMA2D->CR & DMA2D_IT) != (uint32_t)RESET) && (bitstatus != (uint32_t)RESET))
 1160              		.loc 1 735 3 is_stmt 1 view .LVU398
 1161              		.loc 1 735 14 is_stmt 0 view .LVU399
 1162 000e 044A     		ldr	r2, .L72
 1163 0010 1268     		ldr	r2, [r2]
 1164              		.loc 1 735 6 view .LVU400
 1165 0012 1A42     		tst	r2, r3
 1166 0014 00D1     		bne	.L69
 736:./Libraries/src/stm32f4xx_dma2d.c ****   {
 737:./Libraries/src/stm32f4xx_dma2d.c ****     bitstatus = SET;
 738:./Libraries/src/stm32f4xx_dma2d.c ****   }
 739:./Libraries/src/stm32f4xx_dma2d.c ****   else
 740:./Libraries/src/stm32f4xx_dma2d.c ****   {
 741:./Libraries/src/stm32f4xx_dma2d.c ****     bitstatus = RESET;
 1167              		.loc 1 741 15 view .LVU401
 1168 0016 0020     		movs	r0, #0
 1169              	.LVL59:
 1170              	.L69:
 742:./Libraries/src/stm32f4xx_dma2d.c ****   }
 743:./Libraries/src/stm32f4xx_dma2d.c ****   return bitstatus;
 1171              		.loc 1 743 3 is_stmt 1 view .LVU402
 744:./Libraries/src/stm32f4xx_dma2d.c **** }
 1172              		.loc 1 744 1 is_stmt 0 view .LVU403
 1173 0018 7047     		bx	lr
 1174              	.LVL60:
 1175              	.L70:
 732:./Libraries/src/stm32f4xx_dma2d.c ****   }
 1176              		.loc 1 732 15 view .LVU404
 1177 001a 0020     		movs	r0, #0
 1178              	.LVL61:
 732:./Libraries/src/stm32f4xx_dma2d.c ****   }
 1179              		.loc 1 732 15 view .LVU405
 1180 001c F7E7     		b	.L68
 1181              	.L73:
 1182 001e 00BF     		.align	2
 1183              	.L72:
 1184 0020 00B00240 		.word	1073917952
 1185              		.cfi_endproc
 1186              	.LFE140:
 1188              		.section	.text.DMA2D_ClearITPendingBit,"ax",%progbits
 1189              		.align	1
 1190              		.global	DMA2D_ClearITPendingBit
 1191              		.syntax unified
ARM GAS  /tmp/ccJ92bG0.s 			page 35


 1192              		.thumb
 1193              		.thumb_func
 1195              	DMA2D_ClearITPendingBit:
 1196              	.LVL62:
 1197              	.LFB141:
 745:./Libraries/src/stm32f4xx_dma2d.c **** 
 746:./Libraries/src/stm32f4xx_dma2d.c **** /**
 747:./Libraries/src/stm32f4xx_dma2d.c ****   * @brief  Clears the DMA2D's interrupt pending bits.
 748:./Libraries/src/stm32f4xx_dma2d.c ****   * @param  DMA2D_IT: specifies the interrupt pending bit to clear.
 749:./Libraries/src/stm32f4xx_dma2d.c ****   *   This parameter can be any combination of the following values:
 750:./Libraries/src/stm32f4xx_dma2d.c ****   *     @arg DMA2D_IT_CE:   Configuration Error Interrupt.
 751:./Libraries/src/stm32f4xx_dma2d.c ****   *     @arg DMA2D_IT_CTC:  CLUT Transfer Complete Interrupt.
 752:./Libraries/src/stm32f4xx_dma2d.c ****   *     @arg DMA2D_IT_CAE:  CLUT Access Error Interrupt.
 753:./Libraries/src/stm32f4xx_dma2d.c ****   *     @arg DMA2D_IT_TW:   Transfer Watermark Interrupt.
 754:./Libraries/src/stm32f4xx_dma2d.c ****   *     @arg DMA2D_IT_TC:   Transfer Complete interrupt.
 755:./Libraries/src/stm32f4xx_dma2d.c ****   *     @arg DMA2D_IT_TE:   Transfer Error interrupt.
 756:./Libraries/src/stm32f4xx_dma2d.c ****   * @retval None
 757:./Libraries/src/stm32f4xx_dma2d.c ****   */
 758:./Libraries/src/stm32f4xx_dma2d.c **** void DMA2D_ClearITPendingBit(uint32_t DMA2D_IT)
 759:./Libraries/src/stm32f4xx_dma2d.c **** {
 1198              		.loc 1 759 1 is_stmt 1 view -0
 1199              		.cfi_startproc
 1200              		@ args = 0, pretend = 0, frame = 0
 1201              		@ frame_needed = 0, uses_anonymous_args = 0
 1202              		@ link register save eliminated.
 760:./Libraries/src/stm32f4xx_dma2d.c ****   /* Check the parameters */
 761:./Libraries/src/stm32f4xx_dma2d.c ****   assert_param(IS_DMA2D_IT(DMA2D_IT));
 1203              		.loc 1 761 3 view .LVU407
 762:./Libraries/src/stm32f4xx_dma2d.c ****   DMA2D_IT = DMA2D_IT >> 8;
 1204              		.loc 1 762 3 view .LVU408
 1205              		.loc 1 762 12 is_stmt 0 view .LVU409
 1206 0000 000A     		lsrs	r0, r0, #8
 1207              	.LVL63:
 763:./Libraries/src/stm32f4xx_dma2d.c ****     
 764:./Libraries/src/stm32f4xx_dma2d.c ****   /* Clear the corresponding DMA2D Interrupt */
 765:./Libraries/src/stm32f4xx_dma2d.c ****   DMA2D->IFCR = (uint32_t)DMA2D_IT;
 1208              		.loc 1 765 3 is_stmt 1 view .LVU410
 1209              		.loc 1 765 15 is_stmt 0 view .LVU411
 1210 0002 014B     		ldr	r3, .L75
 1211 0004 9860     		str	r0, [r3, #8]
 766:./Libraries/src/stm32f4xx_dma2d.c **** }
 1212              		.loc 1 766 1 view .LVU412
 1213 0006 7047     		bx	lr
 1214              	.L76:
 1215              		.align	2
 1216              	.L75:
 1217 0008 00B00240 		.word	1073917952
 1218              		.cfi_endproc
 1219              	.LFE141:
 1221              		.text
 1222              	.Letext0:
 1223              		.file 2 "/opt/gcc-arm-none-eabi/arm-none-eabi/include/machine/_default_types.h"
 1224              		.file 3 "/opt/gcc-arm-none-eabi/arm-none-eabi/include/sys/_stdint.h"
 1225              		.file 4 "./system/stm32f4xx.h"
 1226              		.file 5 "./Libraries/inc/stm32f4xx_dma2d.h"
 1227              		.file 6 "./Libraries/inc/stm32f4xx_rcc.h"
ARM GAS  /tmp/ccJ92bG0.s 			page 36


DEFINED SYMBOLS
                            *ABS*:00000000 stm32f4xx_dma2d.c
     /tmp/ccJ92bG0.s:21     .text.DMA2D_DeInit:00000000 $t
     /tmp/ccJ92bG0.s:27     .text.DMA2D_DeInit:00000000 DMA2D_DeInit
     /tmp/ccJ92bG0.s:54     .text.DMA2D_Init:00000000 $t
     /tmp/ccJ92bG0.s:60     .text.DMA2D_Init:00000000 DMA2D_Init
     /tmp/ccJ92bG0.s:124    .text.DMA2D_Init:00000032 $d
     /tmp/ccJ92bG0.s:128    .text.DMA2D_Init:00000036 $t
     /tmp/ccJ92bG0.s:297    .text.DMA2D_Init:000000c4 $d
     /tmp/ccJ92bG0.s:302    .text.DMA2D_StructInit:00000000 $t
     /tmp/ccJ92bG0.s:308    .text.DMA2D_StructInit:00000000 DMA2D_StructInit
     /tmp/ccJ92bG0.s:353    .text.DMA2D_StartTransfer:00000000 $t
     /tmp/ccJ92bG0.s:359    .text.DMA2D_StartTransfer:00000000 DMA2D_StartTransfer
     /tmp/ccJ92bG0.s:378    .text.DMA2D_StartTransfer:0000000c $d
     /tmp/ccJ92bG0.s:383    .text.DMA2D_AbortTransfer:00000000 $t
     /tmp/ccJ92bG0.s:389    .text.DMA2D_AbortTransfer:00000000 DMA2D_AbortTransfer
     /tmp/ccJ92bG0.s:408    .text.DMA2D_AbortTransfer:0000000c $d
     /tmp/ccJ92bG0.s:413    .text.DMA2D_Suspend:00000000 $t
     /tmp/ccJ92bG0.s:419    .text.DMA2D_Suspend:00000000 DMA2D_Suspend
     /tmp/ccJ92bG0.s:452    .text.DMA2D_Suspend:0000001c $d
     /tmp/ccJ92bG0.s:457    .text.DMA2D_FGConfig:00000000 $t
     /tmp/ccJ92bG0.s:463    .text.DMA2D_FGConfig:00000000 DMA2D_FGConfig
     /tmp/ccJ92bG0.s:587    .text.DMA2D_FGConfig:00000068 $d
     /tmp/ccJ92bG0.s:593    .text.DMA2D_FG_StructInit:00000000 $t
     /tmp/ccJ92bG0.s:599    .text.DMA2D_FG_StructInit:00000000 DMA2D_FG_StructInit
     /tmp/ccJ92bG0.s:647    .text.DMA2D_BGConfig:00000000 $t
     /tmp/ccJ92bG0.s:653    .text.DMA2D_BGConfig:00000000 DMA2D_BGConfig
     /tmp/ccJ92bG0.s:777    .text.DMA2D_BGConfig:00000068 $d
     /tmp/ccJ92bG0.s:783    .text.DMA2D_BG_StructInit:00000000 $t
     /tmp/ccJ92bG0.s:789    .text.DMA2D_BG_StructInit:00000000 DMA2D_BG_StructInit
     /tmp/ccJ92bG0.s:837    .text.DMA2D_FGStart:00000000 $t
     /tmp/ccJ92bG0.s:843    .text.DMA2D_FGStart:00000000 DMA2D_FGStart
     /tmp/ccJ92bG0.s:876    .text.DMA2D_FGStart:0000001c $d
     /tmp/ccJ92bG0.s:881    .text.DMA2D_BGStart:00000000 $t
     /tmp/ccJ92bG0.s:887    .text.DMA2D_BGStart:00000000 DMA2D_BGStart
     /tmp/ccJ92bG0.s:920    .text.DMA2D_BGStart:0000001c $d
     /tmp/ccJ92bG0.s:925    .text.DMA2D_DeadTimeConfig:00000000 $t
     /tmp/ccJ92bG0.s:931    .text.DMA2D_DeadTimeConfig:00000000 DMA2D_DeadTimeConfig
     /tmp/ccJ92bG0.s:977    .text.DMA2D_DeadTimeConfig:0000002c $d
     /tmp/ccJ92bG0.s:982    .text.DMA2D_LineWatermarkConfig:00000000 $t
     /tmp/ccJ92bG0.s:988    .text.DMA2D_LineWatermarkConfig:00000000 DMA2D_LineWatermarkConfig
     /tmp/ccJ92bG0.s:1006   .text.DMA2D_LineWatermarkConfig:00000008 $d
     /tmp/ccJ92bG0.s:1011   .text.DMA2D_ITConfig:00000000 $t
     /tmp/ccJ92bG0.s:1017   .text.DMA2D_ITConfig:00000000 DMA2D_ITConfig
     /tmp/ccJ92bG0.s:1051   .text.DMA2D_ITConfig:00000018 $d
     /tmp/ccJ92bG0.s:1056   .text.DMA2D_GetFlagStatus:00000000 $t
     /tmp/ccJ92bG0.s:1062   .text.DMA2D_GetFlagStatus:00000000 DMA2D_GetFlagStatus
     /tmp/ccJ92bG0.s:1095   .text.DMA2D_GetFlagStatus:00000010 $d
     /tmp/ccJ92bG0.s:1100   .text.DMA2D_ClearFlag:00000000 $t
     /tmp/ccJ92bG0.s:1106   .text.DMA2D_ClearFlag:00000000 DMA2D_ClearFlag
     /tmp/ccJ92bG0.s:1124   .text.DMA2D_ClearFlag:00000008 $d
     /tmp/ccJ92bG0.s:1129   .text.DMA2D_GetITStatus:00000000 $t
     /tmp/ccJ92bG0.s:1135   .text.DMA2D_GetITStatus:00000000 DMA2D_GetITStatus
     /tmp/ccJ92bG0.s:1184   .text.DMA2D_GetITStatus:00000020 $d
     /tmp/ccJ92bG0.s:1189   .text.DMA2D_ClearITPendingBit:00000000 $t
     /tmp/ccJ92bG0.s:1195   .text.DMA2D_ClearITPendingBit:00000000 DMA2D_ClearITPendingBit
     /tmp/ccJ92bG0.s:1217   .text.DMA2D_ClearITPendingBit:00000008 $d
ARM GAS  /tmp/ccJ92bG0.s 			page 37



UNDEFINED SYMBOLS
RCC_AHB1PeriphResetCmd
