ARM GAS  /tmp/ccgzaD3d.s 			page 1


   1              		.cpu cortex-m4
   2              		.arch armv7e-m
   3              		.fpu fpv4-sp-d16
   4              		.eabi_attribute 27, 1
   5              		.eabi_attribute 28, 1
   6              		.eabi_attribute 20, 1
   7              		.eabi_attribute 21, 1
   8              		.eabi_attribute 23, 3
   9              		.eabi_attribute 24, 1
  10              		.eabi_attribute 25, 1
  11              		.eabi_attribute 26, 1
  12              		.eabi_attribute 30, 1
  13              		.eabi_attribute 34, 1
  14              		.eabi_attribute 18, 4
  15              		.file	"stm32f4xx_rtc.c"
  16              		.text
  17              	.Ltext0:
  18              		.cfi_sections	.debug_frame
  19              		.file 1 "./Libraries/src/stm32f4xx_rtc.c"
  20              		.section	.text.RTC_ByteToBcd2,"ax",%progbits
  21              		.align	1
  22              		.syntax unified
  23              		.thumb
  24              		.thumb_func
  26              	RTC_ByteToBcd2:
  27              	.LVL0:
  28              	.LFB178:
   1:./Libraries/src/stm32f4xx_rtc.c **** /**
   2:./Libraries/src/stm32f4xx_rtc.c ****   ******************************************************************************
   3:./Libraries/src/stm32f4xx_rtc.c ****   * @file    stm32f4xx_rtc.c
   4:./Libraries/src/stm32f4xx_rtc.c ****   * @author  MCD Application Team
   5:./Libraries/src/stm32f4xx_rtc.c ****   * @version V1.8.0
   6:./Libraries/src/stm32f4xx_rtc.c ****   * @date    04-November-2016
   7:./Libraries/src/stm32f4xx_rtc.c ****   * @brief   This file provides firmware functions to manage the following 
   8:./Libraries/src/stm32f4xx_rtc.c ****   *          functionalities of the Real-Time Clock (RTC) peripheral:
   9:./Libraries/src/stm32f4xx_rtc.c ****   *           + Initialization
  10:./Libraries/src/stm32f4xx_rtc.c ****   *           + Calendar (Time and Date) configuration
  11:./Libraries/src/stm32f4xx_rtc.c ****   *           + Alarms (Alarm A and Alarm B) configuration
  12:./Libraries/src/stm32f4xx_rtc.c ****   *           + WakeUp Timer configuration
  13:./Libraries/src/stm32f4xx_rtc.c ****   *           + Daylight Saving configuration
  14:./Libraries/src/stm32f4xx_rtc.c ****   *           + Output pin Configuration
  15:./Libraries/src/stm32f4xx_rtc.c ****   *           + Coarse digital Calibration configuration
  16:./Libraries/src/stm32f4xx_rtc.c ****   *           + Smooth digital Calibration configuration
  17:./Libraries/src/stm32f4xx_rtc.c ****   *           + TimeStamp configuration
  18:./Libraries/src/stm32f4xx_rtc.c ****   *           + Tampers configuration
  19:./Libraries/src/stm32f4xx_rtc.c ****   *           + Backup Data Registers configuration
  20:./Libraries/src/stm32f4xx_rtc.c ****   *           + Shift control synchronisation    
  21:./Libraries/src/stm32f4xx_rtc.c ****   *           + RTC Tamper and TimeStamp Pins Selection and Output Type Config configuration
  22:./Libraries/src/stm32f4xx_rtc.c ****   *           + Interrupts and flags management
  23:./Libraries/src/stm32f4xx_rtc.c ****   *
  24:./Libraries/src/stm32f4xx_rtc.c **** @verbatim
  25:./Libraries/src/stm32f4xx_rtc.c **** 
  26:./Libraries/src/stm32f4xx_rtc.c ****  ===================================================================
  27:./Libraries/src/stm32f4xx_rtc.c ****               ##### Backup Domain Operating Condition #####
  28:./Libraries/src/stm32f4xx_rtc.c ****  ===================================================================
  29:./Libraries/src/stm32f4xx_rtc.c ****  [..] The real-time clock (RTC), the RTC backup registers, and the backup 
  30:./Libraries/src/stm32f4xx_rtc.c ****       SRAM (BKP SRAM) can be powered from the VBAT voltage when the main 
ARM GAS  /tmp/ccgzaD3d.s 			page 2


  31:./Libraries/src/stm32f4xx_rtc.c ****       VDD supply is powered off.
  32:./Libraries/src/stm32f4xx_rtc.c ****       To retain the content of the RTC backup registers, backup SRAM, and supply 
  33:./Libraries/src/stm32f4xx_rtc.c ****       the RTC when VDD is turned off, VBAT pin can be connected to an optional 
  34:./Libraries/src/stm32f4xx_rtc.c ****       standby voltage supplied by a battery or by another source.
  35:./Libraries/src/stm32f4xx_rtc.c **** 
  36:./Libraries/src/stm32f4xx_rtc.c ****  [..] To allow the RTC to operate even when the main digital supply (VDD) is turned
  37:./Libraries/src/stm32f4xx_rtc.c ****       off, the VBAT pin powers the following blocks:
  38:./Libraries/src/stm32f4xx_rtc.c ****    (#) The RTC
  39:./Libraries/src/stm32f4xx_rtc.c ****    (#) The LSE oscillator
  40:./Libraries/src/stm32f4xx_rtc.c ****    (#) The backup SRAM when the low power backup regulator is enabled
  41:./Libraries/src/stm32f4xx_rtc.c ****    (#) PC13 to PC15 I/Os, plus PI8 I/O (when available)
  42:./Libraries/src/stm32f4xx_rtc.c ****   
  43:./Libraries/src/stm32f4xx_rtc.c ****  [..] When the backup domain is supplied by VDD (analog switch connected to VDD),
  44:./Libraries/src/stm32f4xx_rtc.c ****       the following functions are available:
  45:./Libraries/src/stm32f4xx_rtc.c ****    (#) PC14 and PC15 can be used as either GPIO or LSE pins
  46:./Libraries/src/stm32f4xx_rtc.c ****    (#) PC13 can be used as a GPIO or as the RTC_AF1 pin
  47:./Libraries/src/stm32f4xx_rtc.c ****    (#) PI8 can be used as a GPIO or as the RTC_AF2 pin
  48:./Libraries/src/stm32f4xx_rtc.c ****   
  49:./Libraries/src/stm32f4xx_rtc.c ****  [..] When the backup domain is supplied by VBAT (analog switch connected to VBAT 
  50:./Libraries/src/stm32f4xx_rtc.c ****       because VDD is not present), the following functions are available:
  51:./Libraries/src/stm32f4xx_rtc.c ****    (#) PC14 and PC15 can be used as LSE pins only
  52:./Libraries/src/stm32f4xx_rtc.c ****    (#) PC13 can be used as the RTC_AF1 pin 
  53:./Libraries/src/stm32f4xx_rtc.c ****    (#) PI8 can be used as the RTC_AF2 pin
  54:./Libraries/src/stm32f4xx_rtc.c ****   
  55:./Libraries/src/stm32f4xx_rtc.c ****             
  56:./Libraries/src/stm32f4xx_rtc.c ****                    ##### Backup Domain Reset #####
  57:./Libraries/src/stm32f4xx_rtc.c ****  ===================================================================
  58:./Libraries/src/stm32f4xx_rtc.c ****  [..] The backup domain reset sets all RTC registers and the RCC_BDCR register 
  59:./Libraries/src/stm32f4xx_rtc.c ****       to their reset values. The BKPSRAM is not affected by this reset. The only
  60:./Libraries/src/stm32f4xx_rtc.c ****       way of resetting the BKPSRAM is through the Flash interface by requesting 
  61:./Libraries/src/stm32f4xx_rtc.c ****       a protection level change from 1 to 0.
  62:./Libraries/src/stm32f4xx_rtc.c ****  [..] A backup domain reset is generated when one of the following events occurs:
  63:./Libraries/src/stm32f4xx_rtc.c ****    (#) Software reset, triggered by setting the BDRST bit in the 
  64:./Libraries/src/stm32f4xx_rtc.c ****        RCC Backup domain control register (RCC_BDCR). You can use the
  65:./Libraries/src/stm32f4xx_rtc.c ****        RCC_BackupResetCmd().
  66:./Libraries/src/stm32f4xx_rtc.c ****    (#) VDD or VBAT power on, if both supplies have previously been powered off.
  67:./Libraries/src/stm32f4xx_rtc.c ****   
  68:./Libraries/src/stm32f4xx_rtc.c **** 
  69:./Libraries/src/stm32f4xx_rtc.c ****                    ##### Backup Domain Access #####
  70:./Libraries/src/stm32f4xx_rtc.c ****  ===================================================================
  71:./Libraries/src/stm32f4xx_rtc.c ****  [..] After reset, the backup domain (RTC registers, RTC backup data 
  72:./Libraries/src/stm32f4xx_rtc.c ****       registers and backup SRAM) is protected against possible unwanted write 
  73:./Libraries/src/stm32f4xx_rtc.c ****       accesses. 
  74:./Libraries/src/stm32f4xx_rtc.c ****  [..] To enable access to the RTC Domain and RTC registers, proceed as follows:
  75:./Libraries/src/stm32f4xx_rtc.c ****    (+) Enable the Power Controller (PWR) APB1 interface clock using the
  76:./Libraries/src/stm32f4xx_rtc.c ****        RCC_APB1PeriphClockCmd() function.
  77:./Libraries/src/stm32f4xx_rtc.c ****    (+) Enable access to RTC domain using the PWR_BackupAccessCmd() function.
  78:./Libraries/src/stm32f4xx_rtc.c ****    (+) Select the RTC clock source using the RCC_RTCCLKConfig() function.
  79:./Libraries/src/stm32f4xx_rtc.c ****    (+) Enable RTC Clock using the RCC_RTCCLKCmd() function.
  80:./Libraries/src/stm32f4xx_rtc.c ****   
  81:./Libraries/src/stm32f4xx_rtc.c ****   
  82:./Libraries/src/stm32f4xx_rtc.c ****                   ##### How to use RTC Driver #####
  83:./Libraries/src/stm32f4xx_rtc.c ****  ===================================================================
  84:./Libraries/src/stm32f4xx_rtc.c ****  [..] 
  85:./Libraries/src/stm32f4xx_rtc.c ****    (+) Enable the RTC domain access (see description in the section above)
  86:./Libraries/src/stm32f4xx_rtc.c ****    (+) Configure the RTC Prescaler (Asynchronous and Synchronous) and RTC hour 
  87:./Libraries/src/stm32f4xx_rtc.c ****        format using the RTC_Init() function.
ARM GAS  /tmp/ccgzaD3d.s 			page 3


  88:./Libraries/src/stm32f4xx_rtc.c ****   
  89:./Libraries/src/stm32f4xx_rtc.c ****  *** Time and Date configuration ***
  90:./Libraries/src/stm32f4xx_rtc.c ****  ===================================
  91:./Libraries/src/stm32f4xx_rtc.c ****  [..] 
  92:./Libraries/src/stm32f4xx_rtc.c ****    (+) To configure the RTC Calendar (Time and Date) use the RTC_SetTime()
  93:./Libraries/src/stm32f4xx_rtc.c ****        and RTC_SetDate() functions.
  94:./Libraries/src/stm32f4xx_rtc.c ****    (+) To read the RTC Calendar, use the RTC_GetTime() and RTC_GetDate() functions.
  95:./Libraries/src/stm32f4xx_rtc.c ****    (+) Use the RTC_DayLightSavingConfig() function to add or sub one
  96:./Libraries/src/stm32f4xx_rtc.c ****        hour to the RTC Calendar.    
  97:./Libraries/src/stm32f4xx_rtc.c ****   
  98:./Libraries/src/stm32f4xx_rtc.c ****  *** Alarm configuration ***
  99:./Libraries/src/stm32f4xx_rtc.c ****  ===========================
 100:./Libraries/src/stm32f4xx_rtc.c ****  [..]
 101:./Libraries/src/stm32f4xx_rtc.c ****    (+) To configure the RTC Alarm use the RTC_SetAlarm() function.
 102:./Libraries/src/stm32f4xx_rtc.c ****    (+) Enable the selected RTC Alarm using the RTC_AlarmCmd() function
 103:./Libraries/src/stm32f4xx_rtc.c ****    (+) To read the RTC Alarm, use the RTC_GetAlarm() function.
 104:./Libraries/src/stm32f4xx_rtc.c ****    (+) To read the RTC alarm SubSecond, use the RTC_GetAlarmSubSecond() function.
 105:./Libraries/src/stm32f4xx_rtc.c ****   
 106:./Libraries/src/stm32f4xx_rtc.c ****  *** RTC Wakeup configuration ***
 107:./Libraries/src/stm32f4xx_rtc.c ****  ================================
 108:./Libraries/src/stm32f4xx_rtc.c ****  [..] 
 109:./Libraries/src/stm32f4xx_rtc.c ****    (+) Configure the RTC Wakeup Clock source use the RTC_WakeUpClockConfig()
 110:./Libraries/src/stm32f4xx_rtc.c ****        function.
 111:./Libraries/src/stm32f4xx_rtc.c ****    (+) Configure the RTC WakeUp Counter using the RTC_SetWakeUpCounter() function  
 112:./Libraries/src/stm32f4xx_rtc.c ****    (+) Enable the RTC WakeUp using the RTC_WakeUpCmd() function  
 113:./Libraries/src/stm32f4xx_rtc.c ****    (+) To read the RTC WakeUp Counter register, use the RTC_GetWakeUpCounter() 
 114:./Libraries/src/stm32f4xx_rtc.c ****        function.
 115:./Libraries/src/stm32f4xx_rtc.c ****   
 116:./Libraries/src/stm32f4xx_rtc.c ****  *** Outputs configuration ***
 117:./Libraries/src/stm32f4xx_rtc.c ****  =============================
 118:./Libraries/src/stm32f4xx_rtc.c ****  [..] The RTC has 2 different outputs:
 119:./Libraries/src/stm32f4xx_rtc.c ****    (+) AFO_ALARM: this output is used to manage the RTC Alarm A, Alarm B
 120:./Libraries/src/stm32f4xx_rtc.c ****        and WaKeUp signals. To output the selected RTC signal on RTC_AF1 pin, use the 
 121:./Libraries/src/stm32f4xx_rtc.c ****        RTC_OutputConfig() function.                
 122:./Libraries/src/stm32f4xx_rtc.c ****    (+) AFO_CALIB: this output is 512Hz signal or 1Hz. To output the RTC Clock on 
 123:./Libraries/src/stm32f4xx_rtc.c ****        RTC_AF1 pin, use the RTC_CalibOutputCmd() function.
 124:./Libraries/src/stm32f4xx_rtc.c ****   
 125:./Libraries/src/stm32f4xx_rtc.c ****  *** Smooth digital Calibration configuration ***
 126:./Libraries/src/stm32f4xx_rtc.c ****  ================================================    
 127:./Libraries/src/stm32f4xx_rtc.c ****  [..]
 128:./Libraries/src/stm32f4xx_rtc.c ****    (+) Configure the RTC Original Digital Calibration Value and the corresponding
 129:./Libraries/src/stm32f4xx_rtc.c ****        calibration cycle period (32s,16s and 8s) using the RTC_SmoothCalibConfig() 
 130:./Libraries/src/stm32f4xx_rtc.c ****        function.
 131:./Libraries/src/stm32f4xx_rtc.c ****   
 132:./Libraries/src/stm32f4xx_rtc.c ****  *** Coarse digital Calibration configuration ***
 133:./Libraries/src/stm32f4xx_rtc.c ****  ================================================
 134:./Libraries/src/stm32f4xx_rtc.c ****  [..]
 135:./Libraries/src/stm32f4xx_rtc.c ****    (+) Configure the RTC Coarse Calibration Value and the corresponding
 136:./Libraries/src/stm32f4xx_rtc.c ****        sign using the RTC_CoarseCalibConfig() function.
 137:./Libraries/src/stm32f4xx_rtc.c ****    (+) Enable the RTC Coarse Calibration using the RTC_CoarseCalibCmd() function  
 138:./Libraries/src/stm32f4xx_rtc.c ****   
 139:./Libraries/src/stm32f4xx_rtc.c ****  *** TimeStamp configuration ***
 140:./Libraries/src/stm32f4xx_rtc.c ****  ===============================
 141:./Libraries/src/stm32f4xx_rtc.c ****  [..]
 142:./Libraries/src/stm32f4xx_rtc.c ****    (+) Configure the RTC_AF1 trigger and enables the RTC TimeStamp using the RTC
 143:./Libraries/src/stm32f4xx_rtc.c ****       _TimeStampCmd() function.
 144:./Libraries/src/stm32f4xx_rtc.c ****    (+) To read the RTC TimeStamp Time and Date register, use the RTC_GetTimeStamp()
ARM GAS  /tmp/ccgzaD3d.s 			page 4


 145:./Libraries/src/stm32f4xx_rtc.c ****        function.
 146:./Libraries/src/stm32f4xx_rtc.c ****    (+) To read the RTC TimeStamp SubSecond register, use the 
 147:./Libraries/src/stm32f4xx_rtc.c ****        RTC_GetTimeStampSubSecond() function.
 148:./Libraries/src/stm32f4xx_rtc.c ****    (+) The TAMPER1 alternate function can be mapped either to RTC_AF1(PC13)
 149:./Libraries/src/stm32f4xx_rtc.c ****        or RTC_AF2 (PI8) depending on the value of TAMP1INSEL bit in 
 150:./Libraries/src/stm32f4xx_rtc.c ****        RTC_TAFCR register. You can use the  RTC_TamperPinSelection() function to
 151:./Libraries/src/stm32f4xx_rtc.c ****        select the corresponding pin.     
 152:./Libraries/src/stm32f4xx_rtc.c ****   
 153:./Libraries/src/stm32f4xx_rtc.c ****  *** Tamper configuration ***
 154:./Libraries/src/stm32f4xx_rtc.c ****  ============================
 155:./Libraries/src/stm32f4xx_rtc.c ****  [..]
 156:./Libraries/src/stm32f4xx_rtc.c ****    (+) Enable the RTC Tamper using the RTC_TamperCmd() function.
 157:./Libraries/src/stm32f4xx_rtc.c ****    (+) Configure the Tamper filter count using RTC_TamperFilterConfig()
 158:./Libraries/src/stm32f4xx_rtc.c ****        function. 
 159:./Libraries/src/stm32f4xx_rtc.c ****    (+) Configure the RTC Tamper trigger Edge or Level according to the Tamper 
 160:./Libraries/src/stm32f4xx_rtc.c ****        filter (if equal to 0 Edge else Level) value using the RTC_TamperConfig() 
 161:./Libraries/src/stm32f4xx_rtc.c ****        function.
 162:./Libraries/src/stm32f4xx_rtc.c ****    (+) Configure the Tamper sampling frequency using RTC_TamperSamplingFreqConfig()
 163:./Libraries/src/stm32f4xx_rtc.c ****        function.
 164:./Libraries/src/stm32f4xx_rtc.c ****    (+) Configure the Tamper precharge or discharge duration using 
 165:./Libraries/src/stm32f4xx_rtc.c ****        RTC_TamperPinsPrechargeDuration() function.
 166:./Libraries/src/stm32f4xx_rtc.c ****    (+) Enable the Tamper Pull-UP using RTC_TamperPullUpDisableCmd() function.
 167:./Libraries/src/stm32f4xx_rtc.c ****    (+) Enable the Time stamp on Tamper detection event using  
 168:./Libraries/src/stm32f4xx_rtc.c ****        TC_TSOnTamperDetecCmd() function.
 169:./Libraries/src/stm32f4xx_rtc.c ****    (+) The TIMESTAMP alternate function can be mapped to either RTC_AF1 
 170:./Libraries/src/stm32f4xx_rtc.c ****        or RTC_AF2 depending on the value of the TSINSEL bit in the RTC_TAFCR 
 171:./Libraries/src/stm32f4xx_rtc.c ****        register. You can use the  RTC_TimeStampPinSelection() function to select 
 172:./Libraries/src/stm32f4xx_rtc.c ****        the corresponding pin. 
 173:./Libraries/src/stm32f4xx_rtc.c ****   
 174:./Libraries/src/stm32f4xx_rtc.c ****  *** Backup Data Registers configuration ***
 175:./Libraries/src/stm32f4xx_rtc.c ****  ===========================================
 176:./Libraries/src/stm32f4xx_rtc.c ****  [..]
 177:./Libraries/src/stm32f4xx_rtc.c ****    (+) To write to the RTC Backup Data registers, use the RTC_WriteBackupRegister()
 178:./Libraries/src/stm32f4xx_rtc.c ****        function.  
 179:./Libraries/src/stm32f4xx_rtc.c ****    (+) To read the RTC Backup Data registers, use the RTC_ReadBackupRegister()
 180:./Libraries/src/stm32f4xx_rtc.c ****        function.
 181:./Libraries/src/stm32f4xx_rtc.c ****    
 182:./Libraries/src/stm32f4xx_rtc.c **** 
 183:./Libraries/src/stm32f4xx_rtc.c ****                   ##### RTC and low power modes #####
 184:./Libraries/src/stm32f4xx_rtc.c ****  ===================================================================
 185:./Libraries/src/stm32f4xx_rtc.c ****  [..] The MCU can be woken up from a low power mode by an RTC alternate 
 186:./Libraries/src/stm32f4xx_rtc.c ****       function.
 187:./Libraries/src/stm32f4xx_rtc.c ****  [..] The RTC alternate functions are the RTC alarms (Alarm A and Alarm B), 
 188:./Libraries/src/stm32f4xx_rtc.c ****       RTC wakeup, RTC tamper event detection and RTC time stamp event detection.
 189:./Libraries/src/stm32f4xx_rtc.c ****       These RTC alternate functions can wake up the system from the Stop and 
 190:./Libraries/src/stm32f4xx_rtc.c ****       Standby lowpower modes.
 191:./Libraries/src/stm32f4xx_rtc.c ****  [..] The system can also wake up from low power modes without depending 
 192:./Libraries/src/stm32f4xx_rtc.c ****       on an external interrupt (Auto-wakeup mode), by using the RTC alarm 
 193:./Libraries/src/stm32f4xx_rtc.c ****       or the RTC wakeup events.
 194:./Libraries/src/stm32f4xx_rtc.c ****  [..] The RTC provides a programmable time base for waking up from the 
 195:./Libraries/src/stm32f4xx_rtc.c ****       Stop or Standby mode at regular intervals.
 196:./Libraries/src/stm32f4xx_rtc.c ****       Wakeup from STOP and Standby modes is possible only when the RTC clock source
 197:./Libraries/src/stm32f4xx_rtc.c ****       is LSE or LSI.
 198:./Libraries/src/stm32f4xx_rtc.c ****   
 199:./Libraries/src/stm32f4xx_rtc.c **** 
 200:./Libraries/src/stm32f4xx_rtc.c ****           ##### Selection of RTC_AF1 alternate functions #####
 201:./Libraries/src/stm32f4xx_rtc.c ****  ===================================================================
ARM GAS  /tmp/ccgzaD3d.s 			page 5


 202:./Libraries/src/stm32f4xx_rtc.c ****  [..] The RTC_AF1 pin (PC13) can be used for the following purposes:
 203:./Libraries/src/stm32f4xx_rtc.c ****    (+) AFO_ALARM output
 204:./Libraries/src/stm32f4xx_rtc.c ****    (+) AFO_CALIB output
 205:./Libraries/src/stm32f4xx_rtc.c ****    (+) AFI_TAMPER
 206:./Libraries/src/stm32f4xx_rtc.c ****    (+) AFI_TIMESTAMP
 207:./Libraries/src/stm32f4xx_rtc.c ****  
 208:./Libraries/src/stm32f4xx_rtc.c ****  [..]   
 209:./Libraries/src/stm32f4xx_rtc.c ****    +-----------------------------------------------------------------------------------------------
 210:./Libraries/src/stm32f4xx_rtc.c ****    |     Pin         |AFO_ALARM |AFO_CALIB |AFI_TAMPER |AFI_TIMESTAMP | TAMP1INSEL |   TSINSEL    |
 211:./Libraries/src/stm32f4xx_rtc.c ****    |  configuration  | ENABLED  | ENABLED  |  ENABLED  |   ENABLED    |TAMPER1 pin |TIMESTAMP pin |
 212:./Libraries/src/stm32f4xx_rtc.c ****    |  and function   |          |          |           |              | selection  |  selection   |
 213:./Libraries/src/stm32f4xx_rtc.c ****    |-----------------|----------|----------|-----------|--------------|------------|--------------|
 214:./Libraries/src/stm32f4xx_rtc.c ****    |   Alarm out     |          |          |           |              |    Don't   |     Don't    |
 215:./Libraries/src/stm32f4xx_rtc.c ****    |   output OD     |     1    |Don't care|Don't care | Don't care   |    care    |     care     |
 216:./Libraries/src/stm32f4xx_rtc.c ****    |-----------------|----------|----------|-----------|--------------|------------|--------------|
 217:./Libraries/src/stm32f4xx_rtc.c ****    |   Alarm out     |          |          |           |              |    Don't   |     Don't    |
 218:./Libraries/src/stm32f4xx_rtc.c ****    |   output PP     |     1    |Don't care|Don't care | Don't care   |    care    |     care     |
 219:./Libraries/src/stm32f4xx_rtc.c ****    |-----------------|----------|----------|-----------|--------------|------------|--------------|
 220:./Libraries/src/stm32f4xx_rtc.c ****    | Calibration out |          |          |           |              |    Don't   |     Don't    |
 221:./Libraries/src/stm32f4xx_rtc.c ****    |   output PP     |     0    |    1     |Don't care | Don't care   |    care    |     care     |
 222:./Libraries/src/stm32f4xx_rtc.c ****    |-----------------|----------|----------|-----------|--------------|------------|--------------|
 223:./Libraries/src/stm32f4xx_rtc.c ****    |  TAMPER input   |          |          |           |              |            |     Don't    |
 224:./Libraries/src/stm32f4xx_rtc.c ****    |   floating      |     0    |    0     |     1     |      0       |      0     |     care     |
 225:./Libraries/src/stm32f4xx_rtc.c ****    |-----------------|----------|----------|-----------|--------------|------------|--------------|
 226:./Libraries/src/stm32f4xx_rtc.c ****    |  TIMESTAMP and  |          |          |           |              |            |              |
 227:./Libraries/src/stm32f4xx_rtc.c ****    |  TAMPER input   |     0    |    0     |     1     |      1       |      0     |      0       |
 228:./Libraries/src/stm32f4xx_rtc.c ****    |   floating      |          |          |           |              |            |              |
 229:./Libraries/src/stm32f4xx_rtc.c ****    |-----------------|----------|----------|-----------|--------------|------------|--------------|
 230:./Libraries/src/stm32f4xx_rtc.c ****    | TIMESTAMP input |          |          |           |              |    Don't   |              |
 231:./Libraries/src/stm32f4xx_rtc.c ****    |    floating     |     0    |    0     |     0     |      1       |    care    |      0       |
 232:./Libraries/src/stm32f4xx_rtc.c ****    |-----------------|----------|----------|-----------|--------------|------------|--------------|
 233:./Libraries/src/stm32f4xx_rtc.c ****    |  Standard GPIO  |     0    |    0     |     0     |      0       | Don't care |  Don't care  |
 234:./Libraries/src/stm32f4xx_rtc.c ****    +-----------------------------------------------------------------------------------------------
 235:./Libraries/src/stm32f4xx_rtc.c **** 
 236:./Libraries/src/stm32f4xx_rtc.c ****             
 237:./Libraries/src/stm32f4xx_rtc.c ****         #####  Selection of RTC_AF2 alternate functions #####
 238:./Libraries/src/stm32f4xx_rtc.c ****  ===================================================================
 239:./Libraries/src/stm32f4xx_rtc.c ****  [..] The RTC_AF2 pin (PI8) can be used for the following purposes:
 240:./Libraries/src/stm32f4xx_rtc.c ****    (+) AFI_TAMPER
 241:./Libraries/src/stm32f4xx_rtc.c ****    (+) AFI_TIMESTAMP
 242:./Libraries/src/stm32f4xx_rtc.c ****  [..]
 243:./Libraries/src/stm32f4xx_rtc.c ****    +---------------------------------------------------------------------------------------+
 244:./Libraries/src/stm32f4xx_rtc.c ****    |     Pin         |AFI_TAMPER |AFI_TIMESTAMP | TAMP1INSEL |   TSINSEL    |ALARMOUTTYPE  |
 245:./Libraries/src/stm32f4xx_rtc.c ****    |  configuration  |  ENABLED  |   ENABLED    |TAMPER1 pin |TIMESTAMP pin |  AFO_ALARM   |
 246:./Libraries/src/stm32f4xx_rtc.c ****    |  and function   |           |              | selection  |  selection   |Configuration |
 247:./Libraries/src/stm32f4xx_rtc.c ****    |-----------------|-----------|--------------|------------|--------------|--------------|
 248:./Libraries/src/stm32f4xx_rtc.c ****    |  TAMPER input   |           |              |            |     Don't    |              |
 249:./Libraries/src/stm32f4xx_rtc.c ****    |   floating      |     1     |      0       |      1     |     care     |  Don't care  |
 250:./Libraries/src/stm32f4xx_rtc.c ****    |-----------------|-----------|--------------|------------|--------------|--------------|
 251:./Libraries/src/stm32f4xx_rtc.c ****    |  TIMESTAMP and  |           |              |            |              |              |
 252:./Libraries/src/stm32f4xx_rtc.c ****    |  TAMPER input   |     1     |      1       |      1     |      1       |  Don't care  |
 253:./Libraries/src/stm32f4xx_rtc.c ****    |   floating      |           |              |            |              |              |
 254:./Libraries/src/stm32f4xx_rtc.c ****    |-----------------|-----------|--------------|------------|--------------|--------------|
 255:./Libraries/src/stm32f4xx_rtc.c ****    | TIMESTAMP input |           |              |    Don't   |              |              |
 256:./Libraries/src/stm32f4xx_rtc.c ****    |    floating     |     0     |      1       |    care    |      1       |  Don't care  |
 257:./Libraries/src/stm32f4xx_rtc.c ****    |-----------------|-----------|--------------|------------|--------------|--------------|
 258:./Libraries/src/stm32f4xx_rtc.c ****    |  Standard GPIO  |     0     |      0       | Don't care |  Don't care  |  Don't care  |
ARM GAS  /tmp/ccgzaD3d.s 			page 6


 259:./Libraries/src/stm32f4xx_rtc.c ****    +---------------------------------------------------------------------------------------+   
 260:./Libraries/src/stm32f4xx_rtc.c ****  
 261:./Libraries/src/stm32f4xx_rtc.c ****      
 262:./Libraries/src/stm32f4xx_rtc.c **** @endverbatim
 263:./Libraries/src/stm32f4xx_rtc.c ****   
 264:./Libraries/src/stm32f4xx_rtc.c ****   ******************************************************************************
 265:./Libraries/src/stm32f4xx_rtc.c ****   * @attention
 266:./Libraries/src/stm32f4xx_rtc.c ****   *
 267:./Libraries/src/stm32f4xx_rtc.c ****   * <h2><center>&copy; COPYRIGHT 2016 STMicroelectronics</center></h2>
 268:./Libraries/src/stm32f4xx_rtc.c ****   *
 269:./Libraries/src/stm32f4xx_rtc.c ****   * Licensed under MCD-ST Liberty SW License Agreement V2, (the "License");
 270:./Libraries/src/stm32f4xx_rtc.c ****   * You may not use this file except in compliance with the License.
 271:./Libraries/src/stm32f4xx_rtc.c ****   * You may obtain a copy of the License at:
 272:./Libraries/src/stm32f4xx_rtc.c ****   *
 273:./Libraries/src/stm32f4xx_rtc.c ****   *        http://www.st.com/software_license_agreement_liberty_v2
 274:./Libraries/src/stm32f4xx_rtc.c ****   *
 275:./Libraries/src/stm32f4xx_rtc.c ****   * Unless required by applicable law or agreed to in writing, software 
 276:./Libraries/src/stm32f4xx_rtc.c ****   * distributed under the License is distributed on an "AS IS" BASIS, 
 277:./Libraries/src/stm32f4xx_rtc.c ****   * WITHOUT WARRANTIES OR CONDITIONS OF ANY KIND, either express or implied.
 278:./Libraries/src/stm32f4xx_rtc.c ****   * See the License for the specific language governing permissions and
 279:./Libraries/src/stm32f4xx_rtc.c ****   * limitations under the License.
 280:./Libraries/src/stm32f4xx_rtc.c ****   *
 281:./Libraries/src/stm32f4xx_rtc.c ****   ******************************************************************************
 282:./Libraries/src/stm32f4xx_rtc.c ****   */ 
 283:./Libraries/src/stm32f4xx_rtc.c **** 
 284:./Libraries/src/stm32f4xx_rtc.c **** /* Includes ------------------------------------------------------------------*/
 285:./Libraries/src/stm32f4xx_rtc.c **** #include "stm32f4xx_rtc.h"
 286:./Libraries/src/stm32f4xx_rtc.c **** 
 287:./Libraries/src/stm32f4xx_rtc.c **** /** @addtogroup STM32F4xx_StdPeriph_Driver
 288:./Libraries/src/stm32f4xx_rtc.c ****   * @{
 289:./Libraries/src/stm32f4xx_rtc.c ****   */
 290:./Libraries/src/stm32f4xx_rtc.c **** 
 291:./Libraries/src/stm32f4xx_rtc.c **** /** @defgroup RTC 
 292:./Libraries/src/stm32f4xx_rtc.c ****   * @brief RTC driver modules
 293:./Libraries/src/stm32f4xx_rtc.c ****   * @{
 294:./Libraries/src/stm32f4xx_rtc.c ****   */
 295:./Libraries/src/stm32f4xx_rtc.c **** 
 296:./Libraries/src/stm32f4xx_rtc.c **** /* Private typedef -----------------------------------------------------------*/
 297:./Libraries/src/stm32f4xx_rtc.c **** /* Private define ------------------------------------------------------------*/
 298:./Libraries/src/stm32f4xx_rtc.c **** 
 299:./Libraries/src/stm32f4xx_rtc.c **** /* Masks Definition */
 300:./Libraries/src/stm32f4xx_rtc.c **** #define RTC_TR_RESERVED_MASK    ((uint32_t)0x007F7F7F)
 301:./Libraries/src/stm32f4xx_rtc.c **** #define RTC_DR_RESERVED_MASK    ((uint32_t)0x00FFFF3F) 
 302:./Libraries/src/stm32f4xx_rtc.c **** #define RTC_INIT_MASK           ((uint32_t)0xFFFFFFFF)  
 303:./Libraries/src/stm32f4xx_rtc.c **** #define RTC_RSF_MASK            ((uint32_t)0xFFFFFF5F)
 304:./Libraries/src/stm32f4xx_rtc.c **** #define RTC_FLAGS_MASK          ((uint32_t)(RTC_FLAG_TSOVF | RTC_FLAG_TSF | RTC_FLAG_WUTF | \
 305:./Libraries/src/stm32f4xx_rtc.c ****                                             RTC_FLAG_ALRBF | RTC_FLAG_ALRAF | RTC_FLAG_INITF | \
 306:./Libraries/src/stm32f4xx_rtc.c ****                                             RTC_FLAG_RSF | RTC_FLAG_INITS | RTC_FLAG_WUTWF | \
 307:./Libraries/src/stm32f4xx_rtc.c ****                                             RTC_FLAG_ALRBWF | RTC_FLAG_ALRAWF | RTC_FLAG_TAMP1F | \
 308:./Libraries/src/stm32f4xx_rtc.c ****                                             RTC_FLAG_TAMP2F | RTC_FLAG_RECALPF | RTC_FLAG_SHPF))
 309:./Libraries/src/stm32f4xx_rtc.c **** 
 310:./Libraries/src/stm32f4xx_rtc.c **** #define INITMODE_TIMEOUT         ((uint32_t) 0x00010000)
 311:./Libraries/src/stm32f4xx_rtc.c **** #define SYNCHRO_TIMEOUT          ((uint32_t) 0x00020000)
 312:./Libraries/src/stm32f4xx_rtc.c **** #define RECALPF_TIMEOUT          ((uint32_t) 0x00020000)
 313:./Libraries/src/stm32f4xx_rtc.c **** #define SHPF_TIMEOUT             ((uint32_t) 0x00001000)
 314:./Libraries/src/stm32f4xx_rtc.c **** 
 315:./Libraries/src/stm32f4xx_rtc.c **** /* Private macro -------------------------------------------------------------*/
ARM GAS  /tmp/ccgzaD3d.s 			page 7


 316:./Libraries/src/stm32f4xx_rtc.c **** /* Private variables ---------------------------------------------------------*/
 317:./Libraries/src/stm32f4xx_rtc.c **** /* Private function prototypes -----------------------------------------------*/
 318:./Libraries/src/stm32f4xx_rtc.c **** static uint8_t RTC_ByteToBcd2(uint8_t Value);
 319:./Libraries/src/stm32f4xx_rtc.c **** static uint8_t RTC_Bcd2ToByte(uint8_t Value);
 320:./Libraries/src/stm32f4xx_rtc.c **** 
 321:./Libraries/src/stm32f4xx_rtc.c **** /* Private functions ---------------------------------------------------------*/
 322:./Libraries/src/stm32f4xx_rtc.c **** 
 323:./Libraries/src/stm32f4xx_rtc.c **** /** @defgroup RTC_Private_Functions
 324:./Libraries/src/stm32f4xx_rtc.c ****   * @{
 325:./Libraries/src/stm32f4xx_rtc.c ****   */ 
 326:./Libraries/src/stm32f4xx_rtc.c **** 
 327:./Libraries/src/stm32f4xx_rtc.c **** /** @defgroup RTC_Group1 Initialization and Configuration functions
 328:./Libraries/src/stm32f4xx_rtc.c ****  *  @brief   Initialization and Configuration functions 
 329:./Libraries/src/stm32f4xx_rtc.c ****  *
 330:./Libraries/src/stm32f4xx_rtc.c **** @verbatim   
 331:./Libraries/src/stm32f4xx_rtc.c ****  ===============================================================================
 332:./Libraries/src/stm32f4xx_rtc.c ****              ##### Initialization and Configuration functions #####
 333:./Libraries/src/stm32f4xx_rtc.c ****  ===============================================================================
 334:./Libraries/src/stm32f4xx_rtc.c ****  
 335:./Libraries/src/stm32f4xx_rtc.c ****  [..] This section provide functions allowing to initialize and configure the RTC
 336:./Libraries/src/stm32f4xx_rtc.c ****       Prescaler (Synchronous and Asynchronous), RTC Hour format, disable RTC registers
 337:./Libraries/src/stm32f4xx_rtc.c ****       Write protection, enter and exit the RTC initialization mode, RTC registers
 338:./Libraries/src/stm32f4xx_rtc.c ****       synchronization check and reference clock detection enable.
 339:./Libraries/src/stm32f4xx_rtc.c ****   
 340:./Libraries/src/stm32f4xx_rtc.c ****    (#) The RTC Prescaler is programmed to generate the RTC 1Hz time base. It is
 341:./Libraries/src/stm32f4xx_rtc.c ****        split into 2 programmable prescalers to minimize power consumption.
 342:./Libraries/src/stm32f4xx_rtc.c ****        (++) A 7-bit asynchronous prescaler and A 13-bit synchronous prescaler.
 343:./Libraries/src/stm32f4xx_rtc.c ****        (++) When both prescalers are used, it is recommended to configure the 
 344:./Libraries/src/stm32f4xx_rtc.c ****             asynchronous prescaler to a high value to minimize consumption.
 345:./Libraries/src/stm32f4xx_rtc.c **** 
 346:./Libraries/src/stm32f4xx_rtc.c ****    (#) All RTC registers are Write protected. Writing to the RTC registers
 347:./Libraries/src/stm32f4xx_rtc.c ****        is enabled by writing a key into the Write Protection register, RTC_WPR.
 348:./Libraries/src/stm32f4xx_rtc.c **** 
 349:./Libraries/src/stm32f4xx_rtc.c ****    (#) To Configure the RTC Calendar, user application should enter initialization
 350:./Libraries/src/stm32f4xx_rtc.c ****        mode. In this mode, the calendar counter is stopped and its value can be 
 351:./Libraries/src/stm32f4xx_rtc.c ****        updated. When the initialization sequence is complete, the calendar restarts 
 352:./Libraries/src/stm32f4xx_rtc.c ****        counting after 4 RTCCLK cycles.
 353:./Libraries/src/stm32f4xx_rtc.c **** 
 354:./Libraries/src/stm32f4xx_rtc.c ****    (#) To read the calendar through the shadow registers after Calendar initialization,
 355:./Libraries/src/stm32f4xx_rtc.c ****        calendar update or after wakeup from low power modes the software must first 
 356:./Libraries/src/stm32f4xx_rtc.c ****        clear the RSF flag. The software must then wait until it is set again before 
 357:./Libraries/src/stm32f4xx_rtc.c ****        reading the calendar, which means that the calendar registers have been 
 358:./Libraries/src/stm32f4xx_rtc.c ****        correctly copied into the RTC_TR and RTC_DR shadow registers.
 359:./Libraries/src/stm32f4xx_rtc.c ****        The RTC_WaitForSynchro() function implements the above software sequence 
 360:./Libraries/src/stm32f4xx_rtc.c ****        (RSF clear and RSF check).
 361:./Libraries/src/stm32f4xx_rtc.c **** 
 362:./Libraries/src/stm32f4xx_rtc.c **** @endverbatim
 363:./Libraries/src/stm32f4xx_rtc.c ****   * @{
 364:./Libraries/src/stm32f4xx_rtc.c ****   */
 365:./Libraries/src/stm32f4xx_rtc.c **** 
 366:./Libraries/src/stm32f4xx_rtc.c **** /**
 367:./Libraries/src/stm32f4xx_rtc.c ****   * @brief  Deinitializes the RTC registers to their default reset values.
 368:./Libraries/src/stm32f4xx_rtc.c ****   * @note   This function doesn't reset the RTC Clock source and RTC Backup Data
 369:./Libraries/src/stm32f4xx_rtc.c ****   *         registers.       
 370:./Libraries/src/stm32f4xx_rtc.c ****   * @param  None
 371:./Libraries/src/stm32f4xx_rtc.c ****   * @retval An ErrorStatus enumeration value:
 372:./Libraries/src/stm32f4xx_rtc.c ****   *          - SUCCESS: RTC registers are deinitialized
ARM GAS  /tmp/ccgzaD3d.s 			page 8


 373:./Libraries/src/stm32f4xx_rtc.c ****   *          - ERROR: RTC registers are not deinitialized
 374:./Libraries/src/stm32f4xx_rtc.c ****   */
 375:./Libraries/src/stm32f4xx_rtc.c **** ErrorStatus RTC_DeInit(void)
 376:./Libraries/src/stm32f4xx_rtc.c **** {
 377:./Libraries/src/stm32f4xx_rtc.c ****   __IO uint32_t wutcounter = 0x00;
 378:./Libraries/src/stm32f4xx_rtc.c ****   uint32_t wutwfstatus = 0x00;
 379:./Libraries/src/stm32f4xx_rtc.c ****   ErrorStatus status = ERROR;
 380:./Libraries/src/stm32f4xx_rtc.c ****   
 381:./Libraries/src/stm32f4xx_rtc.c ****   /* Disable the write protection for RTC registers */
 382:./Libraries/src/stm32f4xx_rtc.c ****   RTC->WPR = 0xCA;
 383:./Libraries/src/stm32f4xx_rtc.c ****   RTC->WPR = 0x53;
 384:./Libraries/src/stm32f4xx_rtc.c **** 
 385:./Libraries/src/stm32f4xx_rtc.c ****   /* Set Initialization mode */
 386:./Libraries/src/stm32f4xx_rtc.c ****   if (RTC_EnterInitMode() == ERROR)
 387:./Libraries/src/stm32f4xx_rtc.c ****   {
 388:./Libraries/src/stm32f4xx_rtc.c ****     status = ERROR;
 389:./Libraries/src/stm32f4xx_rtc.c ****   }  
 390:./Libraries/src/stm32f4xx_rtc.c ****   else
 391:./Libraries/src/stm32f4xx_rtc.c ****   {
 392:./Libraries/src/stm32f4xx_rtc.c ****     /* Reset TR, DR and CR registers */
 393:./Libraries/src/stm32f4xx_rtc.c ****     RTC->TR = (uint32_t)0x00000000;
 394:./Libraries/src/stm32f4xx_rtc.c ****     RTC->DR = (uint32_t)0x00002101;
 395:./Libraries/src/stm32f4xx_rtc.c ****     /* Reset All CR bits except CR[2:0] */
 396:./Libraries/src/stm32f4xx_rtc.c ****     RTC->CR &= (uint32_t)0x00000007;
 397:./Libraries/src/stm32f4xx_rtc.c ****   
 398:./Libraries/src/stm32f4xx_rtc.c ****     /* Wait till RTC WUTWF flag is set and if Time out is reached exit */
 399:./Libraries/src/stm32f4xx_rtc.c ****     do
 400:./Libraries/src/stm32f4xx_rtc.c ****     {
 401:./Libraries/src/stm32f4xx_rtc.c ****       wutwfstatus = RTC->ISR & RTC_ISR_WUTWF;
 402:./Libraries/src/stm32f4xx_rtc.c ****       wutcounter++;  
 403:./Libraries/src/stm32f4xx_rtc.c ****     } while((wutcounter != INITMODE_TIMEOUT) && (wutwfstatus == 0x00));
 404:./Libraries/src/stm32f4xx_rtc.c ****     
 405:./Libraries/src/stm32f4xx_rtc.c ****     if ((RTC->ISR & RTC_ISR_WUTWF) == RESET)
 406:./Libraries/src/stm32f4xx_rtc.c ****     {
 407:./Libraries/src/stm32f4xx_rtc.c ****       status = ERROR;
 408:./Libraries/src/stm32f4xx_rtc.c ****     }
 409:./Libraries/src/stm32f4xx_rtc.c ****     else
 410:./Libraries/src/stm32f4xx_rtc.c ****     {
 411:./Libraries/src/stm32f4xx_rtc.c ****       /* Reset all RTC CR register bits */
 412:./Libraries/src/stm32f4xx_rtc.c ****       RTC->CR &= (uint32_t)0x00000000;
 413:./Libraries/src/stm32f4xx_rtc.c ****       RTC->WUTR = (uint32_t)0x0000FFFF;
 414:./Libraries/src/stm32f4xx_rtc.c ****       RTC->PRER = (uint32_t)0x007F00FF;
 415:./Libraries/src/stm32f4xx_rtc.c ****       RTC->CALIBR = (uint32_t)0x00000000;
 416:./Libraries/src/stm32f4xx_rtc.c ****       RTC->ALRMAR = (uint32_t)0x00000000;        
 417:./Libraries/src/stm32f4xx_rtc.c ****       RTC->ALRMBR = (uint32_t)0x00000000;
 418:./Libraries/src/stm32f4xx_rtc.c ****       RTC->SHIFTR = (uint32_t)0x00000000;
 419:./Libraries/src/stm32f4xx_rtc.c ****       RTC->CALR = (uint32_t)0x00000000;
 420:./Libraries/src/stm32f4xx_rtc.c ****       RTC->ALRMASSR = (uint32_t)0x00000000;
 421:./Libraries/src/stm32f4xx_rtc.c ****       RTC->ALRMBSSR = (uint32_t)0x00000000;
 422:./Libraries/src/stm32f4xx_rtc.c ****       
 423:./Libraries/src/stm32f4xx_rtc.c ****       /* Reset ISR register and exit initialization mode */
 424:./Libraries/src/stm32f4xx_rtc.c ****       RTC->ISR = (uint32_t)0x00000000;
 425:./Libraries/src/stm32f4xx_rtc.c ****       
 426:./Libraries/src/stm32f4xx_rtc.c ****       /* Reset Tamper and alternate functions configuration register */
 427:./Libraries/src/stm32f4xx_rtc.c ****       RTC->TAFCR = 0x00000000;
 428:./Libraries/src/stm32f4xx_rtc.c ****   
 429:./Libraries/src/stm32f4xx_rtc.c ****       if(RTC_WaitForSynchro() == ERROR)
ARM GAS  /tmp/ccgzaD3d.s 			page 9


 430:./Libraries/src/stm32f4xx_rtc.c ****       {
 431:./Libraries/src/stm32f4xx_rtc.c ****         status = ERROR;
 432:./Libraries/src/stm32f4xx_rtc.c ****       }
 433:./Libraries/src/stm32f4xx_rtc.c ****       else
 434:./Libraries/src/stm32f4xx_rtc.c ****       {
 435:./Libraries/src/stm32f4xx_rtc.c ****         status = SUCCESS;      
 436:./Libraries/src/stm32f4xx_rtc.c ****       }
 437:./Libraries/src/stm32f4xx_rtc.c ****     }
 438:./Libraries/src/stm32f4xx_rtc.c ****   }
 439:./Libraries/src/stm32f4xx_rtc.c ****   
 440:./Libraries/src/stm32f4xx_rtc.c ****   /* Enable the write protection for RTC registers */
 441:./Libraries/src/stm32f4xx_rtc.c ****   RTC->WPR = 0xFF;  
 442:./Libraries/src/stm32f4xx_rtc.c ****   
 443:./Libraries/src/stm32f4xx_rtc.c ****   return status;
 444:./Libraries/src/stm32f4xx_rtc.c **** }
 445:./Libraries/src/stm32f4xx_rtc.c **** 
 446:./Libraries/src/stm32f4xx_rtc.c **** /**
 447:./Libraries/src/stm32f4xx_rtc.c ****   * @brief  Initializes the RTC registers according to the specified parameters 
 448:./Libraries/src/stm32f4xx_rtc.c ****   *         in RTC_InitStruct.
 449:./Libraries/src/stm32f4xx_rtc.c ****   * @param  RTC_InitStruct: pointer to a RTC_InitTypeDef structure that contains 
 450:./Libraries/src/stm32f4xx_rtc.c ****   *         the configuration information for the RTC peripheral.
 451:./Libraries/src/stm32f4xx_rtc.c ****   * @note   The RTC Prescaler register is write protected and can be written in 
 452:./Libraries/src/stm32f4xx_rtc.c ****   *         initialization mode only.  
 453:./Libraries/src/stm32f4xx_rtc.c ****   * @retval An ErrorStatus enumeration value:
 454:./Libraries/src/stm32f4xx_rtc.c ****   *          - SUCCESS: RTC registers are initialized
 455:./Libraries/src/stm32f4xx_rtc.c ****   *          - ERROR: RTC registers are not initialized  
 456:./Libraries/src/stm32f4xx_rtc.c ****   */
 457:./Libraries/src/stm32f4xx_rtc.c **** ErrorStatus RTC_Init(RTC_InitTypeDef* RTC_InitStruct)
 458:./Libraries/src/stm32f4xx_rtc.c **** {
 459:./Libraries/src/stm32f4xx_rtc.c ****   ErrorStatus status = ERROR;
 460:./Libraries/src/stm32f4xx_rtc.c ****   
 461:./Libraries/src/stm32f4xx_rtc.c ****   /* Check the parameters */
 462:./Libraries/src/stm32f4xx_rtc.c ****   assert_param(IS_RTC_HOUR_FORMAT(RTC_InitStruct->RTC_HourFormat));
 463:./Libraries/src/stm32f4xx_rtc.c ****   assert_param(IS_RTC_ASYNCH_PREDIV(RTC_InitStruct->RTC_AsynchPrediv));
 464:./Libraries/src/stm32f4xx_rtc.c ****   assert_param(IS_RTC_SYNCH_PREDIV(RTC_InitStruct->RTC_SynchPrediv));
 465:./Libraries/src/stm32f4xx_rtc.c **** 
 466:./Libraries/src/stm32f4xx_rtc.c ****   /* Disable the write protection for RTC registers */
 467:./Libraries/src/stm32f4xx_rtc.c ****   RTC->WPR = 0xCA;
 468:./Libraries/src/stm32f4xx_rtc.c ****   RTC->WPR = 0x53;
 469:./Libraries/src/stm32f4xx_rtc.c **** 
 470:./Libraries/src/stm32f4xx_rtc.c ****   /* Set Initialization mode */
 471:./Libraries/src/stm32f4xx_rtc.c ****   if (RTC_EnterInitMode() == ERROR)
 472:./Libraries/src/stm32f4xx_rtc.c ****   {
 473:./Libraries/src/stm32f4xx_rtc.c ****     status = ERROR;
 474:./Libraries/src/stm32f4xx_rtc.c ****   } 
 475:./Libraries/src/stm32f4xx_rtc.c ****   else
 476:./Libraries/src/stm32f4xx_rtc.c ****   {
 477:./Libraries/src/stm32f4xx_rtc.c ****     /* Clear RTC CR FMT Bit */
 478:./Libraries/src/stm32f4xx_rtc.c ****     RTC->CR &= ((uint32_t)~(RTC_CR_FMT));
 479:./Libraries/src/stm32f4xx_rtc.c ****     /* Set RTC_CR register */
 480:./Libraries/src/stm32f4xx_rtc.c ****     RTC->CR |=  ((uint32_t)(RTC_InitStruct->RTC_HourFormat));
 481:./Libraries/src/stm32f4xx_rtc.c ****   
 482:./Libraries/src/stm32f4xx_rtc.c ****     /* Configure the RTC PRER */
 483:./Libraries/src/stm32f4xx_rtc.c ****     RTC->PRER = (uint32_t)(RTC_InitStruct->RTC_SynchPrediv);
 484:./Libraries/src/stm32f4xx_rtc.c ****     RTC->PRER |= (uint32_t)(RTC_InitStruct->RTC_AsynchPrediv << 16);
 485:./Libraries/src/stm32f4xx_rtc.c **** 
 486:./Libraries/src/stm32f4xx_rtc.c ****     /* Exit Initialization mode */
ARM GAS  /tmp/ccgzaD3d.s 			page 10


 487:./Libraries/src/stm32f4xx_rtc.c ****     RTC_ExitInitMode();
 488:./Libraries/src/stm32f4xx_rtc.c **** 
 489:./Libraries/src/stm32f4xx_rtc.c ****     status = SUCCESS;    
 490:./Libraries/src/stm32f4xx_rtc.c ****   }
 491:./Libraries/src/stm32f4xx_rtc.c ****   /* Enable the write protection for RTC registers */
 492:./Libraries/src/stm32f4xx_rtc.c ****   RTC->WPR = 0xFF; 
 493:./Libraries/src/stm32f4xx_rtc.c ****   
 494:./Libraries/src/stm32f4xx_rtc.c ****   return status;
 495:./Libraries/src/stm32f4xx_rtc.c **** }
 496:./Libraries/src/stm32f4xx_rtc.c **** 
 497:./Libraries/src/stm32f4xx_rtc.c **** /**
 498:./Libraries/src/stm32f4xx_rtc.c ****   * @brief  Fills each RTC_InitStruct member with its default value.
 499:./Libraries/src/stm32f4xx_rtc.c ****   * @param  RTC_InitStruct: pointer to a RTC_InitTypeDef structure which will be 
 500:./Libraries/src/stm32f4xx_rtc.c ****   *         initialized.
 501:./Libraries/src/stm32f4xx_rtc.c ****   * @retval None
 502:./Libraries/src/stm32f4xx_rtc.c ****   */
 503:./Libraries/src/stm32f4xx_rtc.c **** void RTC_StructInit(RTC_InitTypeDef* RTC_InitStruct)
 504:./Libraries/src/stm32f4xx_rtc.c **** {
 505:./Libraries/src/stm32f4xx_rtc.c ****   /* Initialize the RTC_HourFormat member */
 506:./Libraries/src/stm32f4xx_rtc.c ****   RTC_InitStruct->RTC_HourFormat = RTC_HourFormat_24;
 507:./Libraries/src/stm32f4xx_rtc.c ****     
 508:./Libraries/src/stm32f4xx_rtc.c ****   /* Initialize the RTC_AsynchPrediv member */
 509:./Libraries/src/stm32f4xx_rtc.c ****   RTC_InitStruct->RTC_AsynchPrediv = (uint32_t)0x7F;
 510:./Libraries/src/stm32f4xx_rtc.c **** 
 511:./Libraries/src/stm32f4xx_rtc.c ****   /* Initialize the RTC_SynchPrediv member */
 512:./Libraries/src/stm32f4xx_rtc.c ****   RTC_InitStruct->RTC_SynchPrediv = (uint32_t)0xFF; 
 513:./Libraries/src/stm32f4xx_rtc.c **** }
 514:./Libraries/src/stm32f4xx_rtc.c **** 
 515:./Libraries/src/stm32f4xx_rtc.c **** /**
 516:./Libraries/src/stm32f4xx_rtc.c ****   * @brief  Enables or disables the RTC registers write protection.
 517:./Libraries/src/stm32f4xx_rtc.c ****   * @note   All the RTC registers are write protected except for RTC_ISR[13:8], 
 518:./Libraries/src/stm32f4xx_rtc.c ****   *         RTC_TAFCR and RTC_BKPxR.
 519:./Libraries/src/stm32f4xx_rtc.c ****   * @note   Writing a wrong key reactivates the write protection.
 520:./Libraries/src/stm32f4xx_rtc.c ****   * @note   The protection mechanism is not affected by system reset.  
 521:./Libraries/src/stm32f4xx_rtc.c ****   * @param  NewState: new state of the write protection.
 522:./Libraries/src/stm32f4xx_rtc.c ****   *          This parameter can be: ENABLE or DISABLE.
 523:./Libraries/src/stm32f4xx_rtc.c ****   * @retval None
 524:./Libraries/src/stm32f4xx_rtc.c ****   */
 525:./Libraries/src/stm32f4xx_rtc.c **** void RTC_WriteProtectionCmd(FunctionalState NewState)
 526:./Libraries/src/stm32f4xx_rtc.c **** {
 527:./Libraries/src/stm32f4xx_rtc.c ****   /* Check the parameters */
 528:./Libraries/src/stm32f4xx_rtc.c ****   assert_param(IS_FUNCTIONAL_STATE(NewState));
 529:./Libraries/src/stm32f4xx_rtc.c ****     
 530:./Libraries/src/stm32f4xx_rtc.c ****   if (NewState != DISABLE)
 531:./Libraries/src/stm32f4xx_rtc.c ****   {
 532:./Libraries/src/stm32f4xx_rtc.c ****     /* Enable the write protection for RTC registers */
 533:./Libraries/src/stm32f4xx_rtc.c ****     RTC->WPR = 0xFF;   
 534:./Libraries/src/stm32f4xx_rtc.c ****   }
 535:./Libraries/src/stm32f4xx_rtc.c ****   else
 536:./Libraries/src/stm32f4xx_rtc.c ****   {
 537:./Libraries/src/stm32f4xx_rtc.c ****     /* Disable the write protection for RTC registers */
 538:./Libraries/src/stm32f4xx_rtc.c ****     RTC->WPR = 0xCA;
 539:./Libraries/src/stm32f4xx_rtc.c ****     RTC->WPR = 0x53;    
 540:./Libraries/src/stm32f4xx_rtc.c ****   }
 541:./Libraries/src/stm32f4xx_rtc.c **** }
 542:./Libraries/src/stm32f4xx_rtc.c **** 
 543:./Libraries/src/stm32f4xx_rtc.c **** /**
ARM GAS  /tmp/ccgzaD3d.s 			page 11


 544:./Libraries/src/stm32f4xx_rtc.c ****   * @brief  Enters the RTC Initialization mode.
 545:./Libraries/src/stm32f4xx_rtc.c ****   * @note   The RTC Initialization mode is write protected, use the 
 546:./Libraries/src/stm32f4xx_rtc.c ****   *         RTC_WriteProtectionCmd(DISABLE) before calling this function.    
 547:./Libraries/src/stm32f4xx_rtc.c ****   * @param  None
 548:./Libraries/src/stm32f4xx_rtc.c ****   * @retval An ErrorStatus enumeration value:
 549:./Libraries/src/stm32f4xx_rtc.c ****   *          - SUCCESS: RTC is in Init mode
 550:./Libraries/src/stm32f4xx_rtc.c ****   *          - ERROR: RTC is not in Init mode  
 551:./Libraries/src/stm32f4xx_rtc.c ****   */
 552:./Libraries/src/stm32f4xx_rtc.c **** ErrorStatus RTC_EnterInitMode(void)
 553:./Libraries/src/stm32f4xx_rtc.c **** {
 554:./Libraries/src/stm32f4xx_rtc.c ****   __IO uint32_t initcounter = 0x00;
 555:./Libraries/src/stm32f4xx_rtc.c ****   ErrorStatus status = ERROR;
 556:./Libraries/src/stm32f4xx_rtc.c ****   uint32_t initstatus = 0x00;
 557:./Libraries/src/stm32f4xx_rtc.c ****      
 558:./Libraries/src/stm32f4xx_rtc.c ****   /* Check if the Initialization mode is set */
 559:./Libraries/src/stm32f4xx_rtc.c ****   if ((RTC->ISR & RTC_ISR_INITF) == (uint32_t)RESET)
 560:./Libraries/src/stm32f4xx_rtc.c ****   {
 561:./Libraries/src/stm32f4xx_rtc.c ****     /* Set the Initialization mode */
 562:./Libraries/src/stm32f4xx_rtc.c ****     RTC->ISR = (uint32_t)RTC_INIT_MASK;
 563:./Libraries/src/stm32f4xx_rtc.c ****     
 564:./Libraries/src/stm32f4xx_rtc.c ****     /* Wait till RTC is in INIT state and if Time out is reached exit */
 565:./Libraries/src/stm32f4xx_rtc.c ****     do
 566:./Libraries/src/stm32f4xx_rtc.c ****     {
 567:./Libraries/src/stm32f4xx_rtc.c ****       initstatus = RTC->ISR & RTC_ISR_INITF;
 568:./Libraries/src/stm32f4xx_rtc.c ****       initcounter++;  
 569:./Libraries/src/stm32f4xx_rtc.c ****     } while((initcounter != INITMODE_TIMEOUT) && (initstatus == 0x00));
 570:./Libraries/src/stm32f4xx_rtc.c ****     
 571:./Libraries/src/stm32f4xx_rtc.c ****     if ((RTC->ISR & RTC_ISR_INITF) != RESET)
 572:./Libraries/src/stm32f4xx_rtc.c ****     {
 573:./Libraries/src/stm32f4xx_rtc.c ****       status = SUCCESS;
 574:./Libraries/src/stm32f4xx_rtc.c ****     }
 575:./Libraries/src/stm32f4xx_rtc.c ****     else
 576:./Libraries/src/stm32f4xx_rtc.c ****     {
 577:./Libraries/src/stm32f4xx_rtc.c ****       status = ERROR;
 578:./Libraries/src/stm32f4xx_rtc.c ****     }        
 579:./Libraries/src/stm32f4xx_rtc.c ****   }
 580:./Libraries/src/stm32f4xx_rtc.c ****   else
 581:./Libraries/src/stm32f4xx_rtc.c ****   {
 582:./Libraries/src/stm32f4xx_rtc.c ****     status = SUCCESS;  
 583:./Libraries/src/stm32f4xx_rtc.c ****   } 
 584:./Libraries/src/stm32f4xx_rtc.c ****     
 585:./Libraries/src/stm32f4xx_rtc.c ****   return (status);  
 586:./Libraries/src/stm32f4xx_rtc.c **** }
 587:./Libraries/src/stm32f4xx_rtc.c **** 
 588:./Libraries/src/stm32f4xx_rtc.c **** /**
 589:./Libraries/src/stm32f4xx_rtc.c ****   * @brief  Exits the RTC Initialization mode.
 590:./Libraries/src/stm32f4xx_rtc.c ****   * @note   When the initialization sequence is complete, the calendar restarts 
 591:./Libraries/src/stm32f4xx_rtc.c ****   *         counting after 4 RTCCLK cycles.  
 592:./Libraries/src/stm32f4xx_rtc.c ****   * @note   The RTC Initialization mode is write protected, use the 
 593:./Libraries/src/stm32f4xx_rtc.c ****   *         RTC_WriteProtectionCmd(DISABLE) before calling this function.      
 594:./Libraries/src/stm32f4xx_rtc.c ****   * @param  None
 595:./Libraries/src/stm32f4xx_rtc.c ****   * @retval None
 596:./Libraries/src/stm32f4xx_rtc.c ****   */
 597:./Libraries/src/stm32f4xx_rtc.c **** void RTC_ExitInitMode(void)
 598:./Libraries/src/stm32f4xx_rtc.c **** { 
 599:./Libraries/src/stm32f4xx_rtc.c ****   /* Exit Initialization mode */
 600:./Libraries/src/stm32f4xx_rtc.c ****   RTC->ISR &= (uint32_t)~RTC_ISR_INIT;  
ARM GAS  /tmp/ccgzaD3d.s 			page 12


 601:./Libraries/src/stm32f4xx_rtc.c **** }
 602:./Libraries/src/stm32f4xx_rtc.c **** 
 603:./Libraries/src/stm32f4xx_rtc.c **** /**
 604:./Libraries/src/stm32f4xx_rtc.c ****   * @brief  Waits until the RTC Time and Date registers (RTC_TR and RTC_DR) are 
 605:./Libraries/src/stm32f4xx_rtc.c ****   *         synchronized with RTC APB clock.
 606:./Libraries/src/stm32f4xx_rtc.c ****   * @note   The RTC Resynchronization mode is write protected, use the 
 607:./Libraries/src/stm32f4xx_rtc.c ****   *         RTC_WriteProtectionCmd(DISABLE) before calling this function. 
 608:./Libraries/src/stm32f4xx_rtc.c ****   * @note   To read the calendar through the shadow registers after Calendar 
 609:./Libraries/src/stm32f4xx_rtc.c ****   *         initialization, calendar update or after wakeup from low power modes 
 610:./Libraries/src/stm32f4xx_rtc.c ****   *         the software must first clear the RSF flag. 
 611:./Libraries/src/stm32f4xx_rtc.c ****   *         The software must then wait until it is set again before reading 
 612:./Libraries/src/stm32f4xx_rtc.c ****   *         the calendar, which means that the calendar registers have been 
 613:./Libraries/src/stm32f4xx_rtc.c ****   *         correctly copied into the RTC_TR and RTC_DR shadow registers.   
 614:./Libraries/src/stm32f4xx_rtc.c ****   * @param  None
 615:./Libraries/src/stm32f4xx_rtc.c ****   * @retval An ErrorStatus enumeration value:
 616:./Libraries/src/stm32f4xx_rtc.c ****   *          - SUCCESS: RTC registers are synchronised
 617:./Libraries/src/stm32f4xx_rtc.c ****   *          - ERROR: RTC registers are not synchronised
 618:./Libraries/src/stm32f4xx_rtc.c ****   */
 619:./Libraries/src/stm32f4xx_rtc.c **** ErrorStatus RTC_WaitForSynchro(void)
 620:./Libraries/src/stm32f4xx_rtc.c **** {
 621:./Libraries/src/stm32f4xx_rtc.c ****   __IO uint32_t synchrocounter = 0;
 622:./Libraries/src/stm32f4xx_rtc.c ****   ErrorStatus status = ERROR;
 623:./Libraries/src/stm32f4xx_rtc.c ****   uint32_t synchrostatus = 0x00;
 624:./Libraries/src/stm32f4xx_rtc.c **** 
 625:./Libraries/src/stm32f4xx_rtc.c ****   /* Disable the write protection for RTC registers */
 626:./Libraries/src/stm32f4xx_rtc.c ****   RTC->WPR = 0xCA;
 627:./Libraries/src/stm32f4xx_rtc.c ****   RTC->WPR = 0x53;
 628:./Libraries/src/stm32f4xx_rtc.c ****     
 629:./Libraries/src/stm32f4xx_rtc.c ****   /* Clear RSF flag */
 630:./Libraries/src/stm32f4xx_rtc.c ****   RTC->ISR &= (uint32_t)RTC_RSF_MASK;
 631:./Libraries/src/stm32f4xx_rtc.c ****     
 632:./Libraries/src/stm32f4xx_rtc.c ****   /* Wait the registers to be synchronised */
 633:./Libraries/src/stm32f4xx_rtc.c ****   do
 634:./Libraries/src/stm32f4xx_rtc.c ****   {
 635:./Libraries/src/stm32f4xx_rtc.c ****     synchrostatus = RTC->ISR & RTC_ISR_RSF;
 636:./Libraries/src/stm32f4xx_rtc.c ****     synchrocounter++;  
 637:./Libraries/src/stm32f4xx_rtc.c ****   } while((synchrocounter != SYNCHRO_TIMEOUT) && (synchrostatus == 0x00));
 638:./Libraries/src/stm32f4xx_rtc.c ****     
 639:./Libraries/src/stm32f4xx_rtc.c ****   if ((RTC->ISR & RTC_ISR_RSF) != RESET)
 640:./Libraries/src/stm32f4xx_rtc.c ****   {
 641:./Libraries/src/stm32f4xx_rtc.c ****     status = SUCCESS;
 642:./Libraries/src/stm32f4xx_rtc.c ****   }
 643:./Libraries/src/stm32f4xx_rtc.c ****   else
 644:./Libraries/src/stm32f4xx_rtc.c ****   {
 645:./Libraries/src/stm32f4xx_rtc.c ****     status = ERROR;
 646:./Libraries/src/stm32f4xx_rtc.c ****   }        
 647:./Libraries/src/stm32f4xx_rtc.c **** 
 648:./Libraries/src/stm32f4xx_rtc.c ****   /* Enable the write protection for RTC registers */
 649:./Libraries/src/stm32f4xx_rtc.c ****   RTC->WPR = 0xFF; 
 650:./Libraries/src/stm32f4xx_rtc.c ****     
 651:./Libraries/src/stm32f4xx_rtc.c ****   return (status); 
 652:./Libraries/src/stm32f4xx_rtc.c **** }
 653:./Libraries/src/stm32f4xx_rtc.c **** 
 654:./Libraries/src/stm32f4xx_rtc.c **** /**
 655:./Libraries/src/stm32f4xx_rtc.c ****   * @brief  Enables or disables the RTC reference clock detection.
 656:./Libraries/src/stm32f4xx_rtc.c ****   * @param  NewState: new state of the RTC reference clock.
 657:./Libraries/src/stm32f4xx_rtc.c ****   *          This parameter can be: ENABLE or DISABLE.
ARM GAS  /tmp/ccgzaD3d.s 			page 13


 658:./Libraries/src/stm32f4xx_rtc.c ****   * @retval An ErrorStatus enumeration value:
 659:./Libraries/src/stm32f4xx_rtc.c ****   *          - SUCCESS: RTC reference clock detection is enabled
 660:./Libraries/src/stm32f4xx_rtc.c ****   *          - ERROR: RTC reference clock detection is disabled  
 661:./Libraries/src/stm32f4xx_rtc.c ****   */
 662:./Libraries/src/stm32f4xx_rtc.c **** ErrorStatus RTC_RefClockCmd(FunctionalState NewState)
 663:./Libraries/src/stm32f4xx_rtc.c **** { 
 664:./Libraries/src/stm32f4xx_rtc.c ****   ErrorStatus status = ERROR;
 665:./Libraries/src/stm32f4xx_rtc.c ****   
 666:./Libraries/src/stm32f4xx_rtc.c ****   /* Check the parameters */
 667:./Libraries/src/stm32f4xx_rtc.c ****   assert_param(IS_FUNCTIONAL_STATE(NewState));
 668:./Libraries/src/stm32f4xx_rtc.c ****   
 669:./Libraries/src/stm32f4xx_rtc.c ****   /* Disable the write protection for RTC registers */
 670:./Libraries/src/stm32f4xx_rtc.c ****   RTC->WPR = 0xCA;
 671:./Libraries/src/stm32f4xx_rtc.c ****   RTC->WPR = 0x53;
 672:./Libraries/src/stm32f4xx_rtc.c ****     
 673:./Libraries/src/stm32f4xx_rtc.c ****   /* Set Initialization mode */
 674:./Libraries/src/stm32f4xx_rtc.c ****   if (RTC_EnterInitMode() == ERROR)
 675:./Libraries/src/stm32f4xx_rtc.c ****   {
 676:./Libraries/src/stm32f4xx_rtc.c ****     status = ERROR;
 677:./Libraries/src/stm32f4xx_rtc.c ****   } 
 678:./Libraries/src/stm32f4xx_rtc.c ****   else
 679:./Libraries/src/stm32f4xx_rtc.c ****   {  
 680:./Libraries/src/stm32f4xx_rtc.c ****     if (NewState != DISABLE)
 681:./Libraries/src/stm32f4xx_rtc.c ****     {
 682:./Libraries/src/stm32f4xx_rtc.c ****       /* Enable the RTC reference clock detection */
 683:./Libraries/src/stm32f4xx_rtc.c ****       RTC->CR |= RTC_CR_REFCKON;   
 684:./Libraries/src/stm32f4xx_rtc.c ****     }
 685:./Libraries/src/stm32f4xx_rtc.c ****     else
 686:./Libraries/src/stm32f4xx_rtc.c ****     {
 687:./Libraries/src/stm32f4xx_rtc.c ****       /* Disable the RTC reference clock detection */
 688:./Libraries/src/stm32f4xx_rtc.c ****       RTC->CR &= ~RTC_CR_REFCKON;    
 689:./Libraries/src/stm32f4xx_rtc.c ****     }
 690:./Libraries/src/stm32f4xx_rtc.c ****     /* Exit Initialization mode */
 691:./Libraries/src/stm32f4xx_rtc.c ****     RTC_ExitInitMode();
 692:./Libraries/src/stm32f4xx_rtc.c ****     
 693:./Libraries/src/stm32f4xx_rtc.c ****     status = SUCCESS;
 694:./Libraries/src/stm32f4xx_rtc.c ****   }
 695:./Libraries/src/stm32f4xx_rtc.c ****   
 696:./Libraries/src/stm32f4xx_rtc.c ****   /* Enable the write protection for RTC registers */
 697:./Libraries/src/stm32f4xx_rtc.c ****   RTC->WPR = 0xFF;  
 698:./Libraries/src/stm32f4xx_rtc.c ****   
 699:./Libraries/src/stm32f4xx_rtc.c ****   return status; 
 700:./Libraries/src/stm32f4xx_rtc.c **** }
 701:./Libraries/src/stm32f4xx_rtc.c **** 
 702:./Libraries/src/stm32f4xx_rtc.c **** /**
 703:./Libraries/src/stm32f4xx_rtc.c ****   * @brief  Enables or Disables the Bypass Shadow feature.
 704:./Libraries/src/stm32f4xx_rtc.c ****   * @note   When the Bypass Shadow is enabled the calendar value are taken 
 705:./Libraries/src/stm32f4xx_rtc.c ****   *         directly from the Calendar counter.
 706:./Libraries/src/stm32f4xx_rtc.c ****   * @param  NewState: new state of the Bypass Shadow feature.
 707:./Libraries/src/stm32f4xx_rtc.c ****   *         This parameter can be: ENABLE or DISABLE.
 708:./Libraries/src/stm32f4xx_rtc.c ****   * @retval None
 709:./Libraries/src/stm32f4xx_rtc.c **** */
 710:./Libraries/src/stm32f4xx_rtc.c **** void RTC_BypassShadowCmd(FunctionalState NewState)
 711:./Libraries/src/stm32f4xx_rtc.c **** {
 712:./Libraries/src/stm32f4xx_rtc.c ****   /* Check the parameters */
 713:./Libraries/src/stm32f4xx_rtc.c ****   assert_param(IS_FUNCTIONAL_STATE(NewState));
 714:./Libraries/src/stm32f4xx_rtc.c **** 
ARM GAS  /tmp/ccgzaD3d.s 			page 14


 715:./Libraries/src/stm32f4xx_rtc.c ****   /* Disable the write protection for RTC registers */
 716:./Libraries/src/stm32f4xx_rtc.c ****   RTC->WPR = 0xCA;
 717:./Libraries/src/stm32f4xx_rtc.c ****   RTC->WPR = 0x53;
 718:./Libraries/src/stm32f4xx_rtc.c ****   
 719:./Libraries/src/stm32f4xx_rtc.c ****   if (NewState != DISABLE)
 720:./Libraries/src/stm32f4xx_rtc.c ****   {
 721:./Libraries/src/stm32f4xx_rtc.c ****     /* Set the BYPSHAD bit */
 722:./Libraries/src/stm32f4xx_rtc.c ****     RTC->CR |= (uint8_t)RTC_CR_BYPSHAD;
 723:./Libraries/src/stm32f4xx_rtc.c ****   }
 724:./Libraries/src/stm32f4xx_rtc.c ****   else
 725:./Libraries/src/stm32f4xx_rtc.c ****   {
 726:./Libraries/src/stm32f4xx_rtc.c ****     /* Reset the BYPSHAD bit */
 727:./Libraries/src/stm32f4xx_rtc.c ****     RTC->CR &= (uint8_t)~RTC_CR_BYPSHAD;
 728:./Libraries/src/stm32f4xx_rtc.c ****   }
 729:./Libraries/src/stm32f4xx_rtc.c **** 
 730:./Libraries/src/stm32f4xx_rtc.c ****   /* Enable the write protection for RTC registers */
 731:./Libraries/src/stm32f4xx_rtc.c ****   RTC->WPR = 0xFF;
 732:./Libraries/src/stm32f4xx_rtc.c **** }
 733:./Libraries/src/stm32f4xx_rtc.c **** 
 734:./Libraries/src/stm32f4xx_rtc.c **** /**
 735:./Libraries/src/stm32f4xx_rtc.c ****   * @}
 736:./Libraries/src/stm32f4xx_rtc.c ****   */
 737:./Libraries/src/stm32f4xx_rtc.c **** 
 738:./Libraries/src/stm32f4xx_rtc.c **** /** @defgroup RTC_Group2 Time and Date configuration functions
 739:./Libraries/src/stm32f4xx_rtc.c ****  *  @brief   Time and Date configuration functions 
 740:./Libraries/src/stm32f4xx_rtc.c ****  *
 741:./Libraries/src/stm32f4xx_rtc.c **** @verbatim   
 742:./Libraries/src/stm32f4xx_rtc.c ****  ===============================================================================
 743:./Libraries/src/stm32f4xx_rtc.c ****                  ##### Time and Date configuration functions #####
 744:./Libraries/src/stm32f4xx_rtc.c ****  ===============================================================================  
 745:./Libraries/src/stm32f4xx_rtc.c ****  
 746:./Libraries/src/stm32f4xx_rtc.c ****  [..] This section provide functions allowing to program and read the RTC Calendar
 747:./Libraries/src/stm32f4xx_rtc.c ****       (Time and Date).
 748:./Libraries/src/stm32f4xx_rtc.c **** 
 749:./Libraries/src/stm32f4xx_rtc.c **** @endverbatim
 750:./Libraries/src/stm32f4xx_rtc.c ****   * @{
 751:./Libraries/src/stm32f4xx_rtc.c ****   */
 752:./Libraries/src/stm32f4xx_rtc.c **** 
 753:./Libraries/src/stm32f4xx_rtc.c **** /**
 754:./Libraries/src/stm32f4xx_rtc.c ****   * @brief  Set the RTC current time.
 755:./Libraries/src/stm32f4xx_rtc.c ****   * @param  RTC_Format: specifies the format of the entered parameters.
 756:./Libraries/src/stm32f4xx_rtc.c ****   *          This parameter can be  one of the following values:
 757:./Libraries/src/stm32f4xx_rtc.c ****   *            @arg RTC_Format_BIN:  Binary data format 
 758:./Libraries/src/stm32f4xx_rtc.c ****   *            @arg RTC_Format_BCD:  BCD data format
 759:./Libraries/src/stm32f4xx_rtc.c ****   * @param  RTC_TimeStruct: pointer to a RTC_TimeTypeDef structure that contains 
 760:./Libraries/src/stm32f4xx_rtc.c ****   *                        the time configuration information for the RTC.     
 761:./Libraries/src/stm32f4xx_rtc.c ****   * @retval An ErrorStatus enumeration value:
 762:./Libraries/src/stm32f4xx_rtc.c ****   *          - SUCCESS: RTC Time register is configured
 763:./Libraries/src/stm32f4xx_rtc.c ****   *          - ERROR: RTC Time register is not configured
 764:./Libraries/src/stm32f4xx_rtc.c ****   */
 765:./Libraries/src/stm32f4xx_rtc.c **** ErrorStatus RTC_SetTime(uint32_t RTC_Format, RTC_TimeTypeDef* RTC_TimeStruct)
 766:./Libraries/src/stm32f4xx_rtc.c **** {
 767:./Libraries/src/stm32f4xx_rtc.c ****   uint32_t tmpreg = 0;
 768:./Libraries/src/stm32f4xx_rtc.c ****   ErrorStatus status = ERROR;
 769:./Libraries/src/stm32f4xx_rtc.c ****     
 770:./Libraries/src/stm32f4xx_rtc.c ****   /* Check the parameters */
 771:./Libraries/src/stm32f4xx_rtc.c ****   assert_param(IS_RTC_FORMAT(RTC_Format));
ARM GAS  /tmp/ccgzaD3d.s 			page 15


 772:./Libraries/src/stm32f4xx_rtc.c ****   
 773:./Libraries/src/stm32f4xx_rtc.c ****   if (RTC_Format == RTC_Format_BIN)
 774:./Libraries/src/stm32f4xx_rtc.c ****   {
 775:./Libraries/src/stm32f4xx_rtc.c ****     if ((RTC->CR & RTC_CR_FMT) != (uint32_t)RESET)
 776:./Libraries/src/stm32f4xx_rtc.c ****     {
 777:./Libraries/src/stm32f4xx_rtc.c ****       assert_param(IS_RTC_HOUR12(RTC_TimeStruct->RTC_Hours));
 778:./Libraries/src/stm32f4xx_rtc.c ****       assert_param(IS_RTC_H12(RTC_TimeStruct->RTC_H12));
 779:./Libraries/src/stm32f4xx_rtc.c ****     } 
 780:./Libraries/src/stm32f4xx_rtc.c ****     else
 781:./Libraries/src/stm32f4xx_rtc.c ****     {
 782:./Libraries/src/stm32f4xx_rtc.c ****       RTC_TimeStruct->RTC_H12 = 0x00;
 783:./Libraries/src/stm32f4xx_rtc.c ****       assert_param(IS_RTC_HOUR24(RTC_TimeStruct->RTC_Hours));
 784:./Libraries/src/stm32f4xx_rtc.c ****     }
 785:./Libraries/src/stm32f4xx_rtc.c ****     assert_param(IS_RTC_MINUTES(RTC_TimeStruct->RTC_Minutes));
 786:./Libraries/src/stm32f4xx_rtc.c ****     assert_param(IS_RTC_SECONDS(RTC_TimeStruct->RTC_Seconds));
 787:./Libraries/src/stm32f4xx_rtc.c ****   }
 788:./Libraries/src/stm32f4xx_rtc.c ****   else
 789:./Libraries/src/stm32f4xx_rtc.c ****   {
 790:./Libraries/src/stm32f4xx_rtc.c ****     if ((RTC->CR & RTC_CR_FMT) != (uint32_t)RESET)
 791:./Libraries/src/stm32f4xx_rtc.c ****     {
 792:./Libraries/src/stm32f4xx_rtc.c ****       tmpreg = RTC_Bcd2ToByte(RTC_TimeStruct->RTC_Hours);
 793:./Libraries/src/stm32f4xx_rtc.c ****       assert_param(IS_RTC_HOUR12(tmpreg));
 794:./Libraries/src/stm32f4xx_rtc.c ****       assert_param(IS_RTC_H12(RTC_TimeStruct->RTC_H12)); 
 795:./Libraries/src/stm32f4xx_rtc.c ****     } 
 796:./Libraries/src/stm32f4xx_rtc.c ****     else
 797:./Libraries/src/stm32f4xx_rtc.c ****     {
 798:./Libraries/src/stm32f4xx_rtc.c ****       RTC_TimeStruct->RTC_H12 = 0x00;
 799:./Libraries/src/stm32f4xx_rtc.c ****       assert_param(IS_RTC_HOUR24(RTC_Bcd2ToByte(RTC_TimeStruct->RTC_Hours)));
 800:./Libraries/src/stm32f4xx_rtc.c ****     }
 801:./Libraries/src/stm32f4xx_rtc.c ****     assert_param(IS_RTC_MINUTES(RTC_Bcd2ToByte(RTC_TimeStruct->RTC_Minutes)));
 802:./Libraries/src/stm32f4xx_rtc.c ****     assert_param(IS_RTC_SECONDS(RTC_Bcd2ToByte(RTC_TimeStruct->RTC_Seconds)));
 803:./Libraries/src/stm32f4xx_rtc.c ****   }
 804:./Libraries/src/stm32f4xx_rtc.c ****   
 805:./Libraries/src/stm32f4xx_rtc.c ****   /* Check the input parameters format */
 806:./Libraries/src/stm32f4xx_rtc.c ****   if (RTC_Format != RTC_Format_BIN)
 807:./Libraries/src/stm32f4xx_rtc.c ****   {
 808:./Libraries/src/stm32f4xx_rtc.c ****     tmpreg = (((uint32_t)(RTC_TimeStruct->RTC_Hours) << 16) | \
 809:./Libraries/src/stm32f4xx_rtc.c ****              ((uint32_t)(RTC_TimeStruct->RTC_Minutes) << 8) | \
 810:./Libraries/src/stm32f4xx_rtc.c ****              ((uint32_t)RTC_TimeStruct->RTC_Seconds) | \
 811:./Libraries/src/stm32f4xx_rtc.c ****              ((uint32_t)(RTC_TimeStruct->RTC_H12) << 16)); 
 812:./Libraries/src/stm32f4xx_rtc.c ****   }  
 813:./Libraries/src/stm32f4xx_rtc.c ****   else
 814:./Libraries/src/stm32f4xx_rtc.c ****   {
 815:./Libraries/src/stm32f4xx_rtc.c ****     tmpreg = (uint32_t)(((uint32_t)RTC_ByteToBcd2(RTC_TimeStruct->RTC_Hours) << 16) | \
 816:./Libraries/src/stm32f4xx_rtc.c ****                    ((uint32_t)RTC_ByteToBcd2(RTC_TimeStruct->RTC_Minutes) << 8) | \
 817:./Libraries/src/stm32f4xx_rtc.c ****                    ((uint32_t)RTC_ByteToBcd2(RTC_TimeStruct->RTC_Seconds)) | \
 818:./Libraries/src/stm32f4xx_rtc.c ****                    (((uint32_t)RTC_TimeStruct->RTC_H12) << 16));
 819:./Libraries/src/stm32f4xx_rtc.c ****   }  
 820:./Libraries/src/stm32f4xx_rtc.c **** 
 821:./Libraries/src/stm32f4xx_rtc.c ****   /* Disable the write protection for RTC registers */
 822:./Libraries/src/stm32f4xx_rtc.c ****   RTC->WPR = 0xCA;
 823:./Libraries/src/stm32f4xx_rtc.c ****   RTC->WPR = 0x53;
 824:./Libraries/src/stm32f4xx_rtc.c **** 
 825:./Libraries/src/stm32f4xx_rtc.c ****   /* Set Initialization mode */
 826:./Libraries/src/stm32f4xx_rtc.c ****   if (RTC_EnterInitMode() == ERROR)
 827:./Libraries/src/stm32f4xx_rtc.c ****   {
 828:./Libraries/src/stm32f4xx_rtc.c ****     status = ERROR;
ARM GAS  /tmp/ccgzaD3d.s 			page 16


 829:./Libraries/src/stm32f4xx_rtc.c ****   } 
 830:./Libraries/src/stm32f4xx_rtc.c ****   else
 831:./Libraries/src/stm32f4xx_rtc.c ****   {
 832:./Libraries/src/stm32f4xx_rtc.c ****     /* Set the RTC_TR register */
 833:./Libraries/src/stm32f4xx_rtc.c ****     RTC->TR = (uint32_t)(tmpreg & RTC_TR_RESERVED_MASK);
 834:./Libraries/src/stm32f4xx_rtc.c **** 
 835:./Libraries/src/stm32f4xx_rtc.c ****     /* Exit Initialization mode */
 836:./Libraries/src/stm32f4xx_rtc.c ****     RTC_ExitInitMode(); 
 837:./Libraries/src/stm32f4xx_rtc.c **** 
 838:./Libraries/src/stm32f4xx_rtc.c ****     /* If  RTC_CR_BYPSHAD bit = 0, wait for synchro else this check is not needed */
 839:./Libraries/src/stm32f4xx_rtc.c ****     if ((RTC->CR & RTC_CR_BYPSHAD) == RESET)
 840:./Libraries/src/stm32f4xx_rtc.c ****     {
 841:./Libraries/src/stm32f4xx_rtc.c ****     if(RTC_WaitForSynchro() == ERROR)
 842:./Libraries/src/stm32f4xx_rtc.c ****     {
 843:./Libraries/src/stm32f4xx_rtc.c ****       status = ERROR;
 844:./Libraries/src/stm32f4xx_rtc.c ****     }
 845:./Libraries/src/stm32f4xx_rtc.c ****     else
 846:./Libraries/src/stm32f4xx_rtc.c ****     {
 847:./Libraries/src/stm32f4xx_rtc.c ****       status = SUCCESS;
 848:./Libraries/src/stm32f4xx_rtc.c ****     }
 849:./Libraries/src/stm32f4xx_rtc.c ****   }
 850:./Libraries/src/stm32f4xx_rtc.c ****     else
 851:./Libraries/src/stm32f4xx_rtc.c ****     {
 852:./Libraries/src/stm32f4xx_rtc.c ****       status = SUCCESS;
 853:./Libraries/src/stm32f4xx_rtc.c ****     }
 854:./Libraries/src/stm32f4xx_rtc.c ****   }
 855:./Libraries/src/stm32f4xx_rtc.c ****   /* Enable the write protection for RTC registers */
 856:./Libraries/src/stm32f4xx_rtc.c ****   RTC->WPR = 0xFF; 
 857:./Libraries/src/stm32f4xx_rtc.c ****     
 858:./Libraries/src/stm32f4xx_rtc.c ****   return status;
 859:./Libraries/src/stm32f4xx_rtc.c **** }
 860:./Libraries/src/stm32f4xx_rtc.c **** 
 861:./Libraries/src/stm32f4xx_rtc.c **** /**
 862:./Libraries/src/stm32f4xx_rtc.c ****   * @brief  Fills each RTC_TimeStruct member with its default value
 863:./Libraries/src/stm32f4xx_rtc.c ****   *         (Time = 00h:00min:00sec).
 864:./Libraries/src/stm32f4xx_rtc.c ****   * @param  RTC_TimeStruct: pointer to a RTC_TimeTypeDef structure which will be 
 865:./Libraries/src/stm32f4xx_rtc.c ****   *         initialized.
 866:./Libraries/src/stm32f4xx_rtc.c ****   * @retval None
 867:./Libraries/src/stm32f4xx_rtc.c ****   */
 868:./Libraries/src/stm32f4xx_rtc.c **** void RTC_TimeStructInit(RTC_TimeTypeDef* RTC_TimeStruct)
 869:./Libraries/src/stm32f4xx_rtc.c **** {
 870:./Libraries/src/stm32f4xx_rtc.c ****   /* Time = 00h:00min:00sec */
 871:./Libraries/src/stm32f4xx_rtc.c ****   RTC_TimeStruct->RTC_H12 = RTC_H12_AM;
 872:./Libraries/src/stm32f4xx_rtc.c ****   RTC_TimeStruct->RTC_Hours = 0;
 873:./Libraries/src/stm32f4xx_rtc.c ****   RTC_TimeStruct->RTC_Minutes = 0;
 874:./Libraries/src/stm32f4xx_rtc.c ****   RTC_TimeStruct->RTC_Seconds = 0; 
 875:./Libraries/src/stm32f4xx_rtc.c **** }
 876:./Libraries/src/stm32f4xx_rtc.c **** 
 877:./Libraries/src/stm32f4xx_rtc.c **** /**
 878:./Libraries/src/stm32f4xx_rtc.c ****   * @brief  Get the RTC current Time.
 879:./Libraries/src/stm32f4xx_rtc.c ****   * @param  RTC_Format: specifies the format of the returned parameters.
 880:./Libraries/src/stm32f4xx_rtc.c ****   *          This parameter can be  one of the following values:
 881:./Libraries/src/stm32f4xx_rtc.c ****   *            @arg RTC_Format_BIN:  Binary data format 
 882:./Libraries/src/stm32f4xx_rtc.c ****   *            @arg RTC_Format_BCD:  BCD data format
 883:./Libraries/src/stm32f4xx_rtc.c ****   * @param  RTC_TimeStruct: pointer to a RTC_TimeTypeDef structure that will 
 884:./Libraries/src/stm32f4xx_rtc.c ****   *                        contain the returned current time configuration.     
 885:./Libraries/src/stm32f4xx_rtc.c ****   * @retval None
ARM GAS  /tmp/ccgzaD3d.s 			page 17


 886:./Libraries/src/stm32f4xx_rtc.c ****   */
 887:./Libraries/src/stm32f4xx_rtc.c **** void RTC_GetTime(uint32_t RTC_Format, RTC_TimeTypeDef* RTC_TimeStruct)
 888:./Libraries/src/stm32f4xx_rtc.c **** {
 889:./Libraries/src/stm32f4xx_rtc.c ****   uint32_t tmpreg = 0;
 890:./Libraries/src/stm32f4xx_rtc.c **** 
 891:./Libraries/src/stm32f4xx_rtc.c ****   /* Check the parameters */
 892:./Libraries/src/stm32f4xx_rtc.c ****   assert_param(IS_RTC_FORMAT(RTC_Format));
 893:./Libraries/src/stm32f4xx_rtc.c **** 
 894:./Libraries/src/stm32f4xx_rtc.c ****   /* Get the RTC_TR register */
 895:./Libraries/src/stm32f4xx_rtc.c ****   tmpreg = (uint32_t)(RTC->TR & RTC_TR_RESERVED_MASK); 
 896:./Libraries/src/stm32f4xx_rtc.c ****   
 897:./Libraries/src/stm32f4xx_rtc.c ****   /* Fill the structure fields with the read parameters */
 898:./Libraries/src/stm32f4xx_rtc.c ****   RTC_TimeStruct->RTC_Hours = (uint8_t)((tmpreg & (RTC_TR_HT | RTC_TR_HU)) >> 16);
 899:./Libraries/src/stm32f4xx_rtc.c ****   RTC_TimeStruct->RTC_Minutes = (uint8_t)((tmpreg & (RTC_TR_MNT | RTC_TR_MNU)) >>8);
 900:./Libraries/src/stm32f4xx_rtc.c ****   RTC_TimeStruct->RTC_Seconds = (uint8_t)(tmpreg & (RTC_TR_ST | RTC_TR_SU));
 901:./Libraries/src/stm32f4xx_rtc.c ****   RTC_TimeStruct->RTC_H12 = (uint8_t)((tmpreg & (RTC_TR_PM)) >> 16);  
 902:./Libraries/src/stm32f4xx_rtc.c **** 
 903:./Libraries/src/stm32f4xx_rtc.c ****   /* Check the input parameters format */
 904:./Libraries/src/stm32f4xx_rtc.c ****   if (RTC_Format == RTC_Format_BIN)
 905:./Libraries/src/stm32f4xx_rtc.c ****   {
 906:./Libraries/src/stm32f4xx_rtc.c ****     /* Convert the structure parameters to Binary format */
 907:./Libraries/src/stm32f4xx_rtc.c ****     RTC_TimeStruct->RTC_Hours = (uint8_t)RTC_Bcd2ToByte(RTC_TimeStruct->RTC_Hours);
 908:./Libraries/src/stm32f4xx_rtc.c ****     RTC_TimeStruct->RTC_Minutes = (uint8_t)RTC_Bcd2ToByte(RTC_TimeStruct->RTC_Minutes);
 909:./Libraries/src/stm32f4xx_rtc.c ****     RTC_TimeStruct->RTC_Seconds = (uint8_t)RTC_Bcd2ToByte(RTC_TimeStruct->RTC_Seconds);   
 910:./Libraries/src/stm32f4xx_rtc.c ****   }
 911:./Libraries/src/stm32f4xx_rtc.c **** }
 912:./Libraries/src/stm32f4xx_rtc.c **** 
 913:./Libraries/src/stm32f4xx_rtc.c **** /**
 914:./Libraries/src/stm32f4xx_rtc.c ****   * @brief  Gets the RTC current Calendar Sub seconds value.
 915:./Libraries/src/stm32f4xx_rtc.c ****   * @note   This function freeze the Time and Date registers after reading the 
 916:./Libraries/src/stm32f4xx_rtc.c ****   *         SSR register.
 917:./Libraries/src/stm32f4xx_rtc.c ****   * @param  None
 918:./Libraries/src/stm32f4xx_rtc.c ****   * @retval RTC current Calendar Sub seconds value.
 919:./Libraries/src/stm32f4xx_rtc.c ****   */
 920:./Libraries/src/stm32f4xx_rtc.c **** uint32_t RTC_GetSubSecond(void)
 921:./Libraries/src/stm32f4xx_rtc.c **** {
 922:./Libraries/src/stm32f4xx_rtc.c ****   uint32_t tmpreg = 0;
 923:./Libraries/src/stm32f4xx_rtc.c ****   
 924:./Libraries/src/stm32f4xx_rtc.c ****   /* Get sub seconds values from the correspondent registers*/
 925:./Libraries/src/stm32f4xx_rtc.c ****   tmpreg = (uint32_t)(RTC->SSR);
 926:./Libraries/src/stm32f4xx_rtc.c ****   
 927:./Libraries/src/stm32f4xx_rtc.c ****   /* Read DR register to unfroze calendar registers */
 928:./Libraries/src/stm32f4xx_rtc.c ****   (void) (RTC->DR);
 929:./Libraries/src/stm32f4xx_rtc.c ****   
 930:./Libraries/src/stm32f4xx_rtc.c ****   return (tmpreg);
 931:./Libraries/src/stm32f4xx_rtc.c **** }
 932:./Libraries/src/stm32f4xx_rtc.c **** 
 933:./Libraries/src/stm32f4xx_rtc.c **** /**
 934:./Libraries/src/stm32f4xx_rtc.c ****   * @brief  Set the RTC current date.
 935:./Libraries/src/stm32f4xx_rtc.c ****   * @param  RTC_Format: specifies the format of the entered parameters.
 936:./Libraries/src/stm32f4xx_rtc.c ****   *          This parameter can be  one of the following values:
 937:./Libraries/src/stm32f4xx_rtc.c ****   *            @arg RTC_Format_BIN:  Binary data format 
 938:./Libraries/src/stm32f4xx_rtc.c ****   *            @arg RTC_Format_BCD:  BCD data format
 939:./Libraries/src/stm32f4xx_rtc.c ****   * @param  RTC_DateStruct: pointer to a RTC_DateTypeDef structure that contains 
 940:./Libraries/src/stm32f4xx_rtc.c ****   *                         the date configuration information for the RTC.
 941:./Libraries/src/stm32f4xx_rtc.c ****   * @retval An ErrorStatus enumeration value:
 942:./Libraries/src/stm32f4xx_rtc.c ****   *          - SUCCESS: RTC Date register is configured
ARM GAS  /tmp/ccgzaD3d.s 			page 18


 943:./Libraries/src/stm32f4xx_rtc.c ****   *          - ERROR: RTC Date register is not configured
 944:./Libraries/src/stm32f4xx_rtc.c ****   */
 945:./Libraries/src/stm32f4xx_rtc.c **** ErrorStatus RTC_SetDate(uint32_t RTC_Format, RTC_DateTypeDef* RTC_DateStruct)
 946:./Libraries/src/stm32f4xx_rtc.c **** {
 947:./Libraries/src/stm32f4xx_rtc.c ****   uint32_t tmpreg = 0;
 948:./Libraries/src/stm32f4xx_rtc.c ****   ErrorStatus status = ERROR;
 949:./Libraries/src/stm32f4xx_rtc.c ****   
 950:./Libraries/src/stm32f4xx_rtc.c ****   /* Check the parameters */
 951:./Libraries/src/stm32f4xx_rtc.c ****   assert_param(IS_RTC_FORMAT(RTC_Format));
 952:./Libraries/src/stm32f4xx_rtc.c **** 
 953:./Libraries/src/stm32f4xx_rtc.c ****   if ((RTC_Format == RTC_Format_BIN) && ((RTC_DateStruct->RTC_Month & 0x10) == 0x10))
 954:./Libraries/src/stm32f4xx_rtc.c ****   {
 955:./Libraries/src/stm32f4xx_rtc.c ****     RTC_DateStruct->RTC_Month = (RTC_DateStruct->RTC_Month & (uint32_t)~(0x10)) + 0x0A;
 956:./Libraries/src/stm32f4xx_rtc.c ****   }  
 957:./Libraries/src/stm32f4xx_rtc.c ****   if (RTC_Format == RTC_Format_BIN)
 958:./Libraries/src/stm32f4xx_rtc.c ****   {
 959:./Libraries/src/stm32f4xx_rtc.c ****     assert_param(IS_RTC_YEAR(RTC_DateStruct->RTC_Year));
 960:./Libraries/src/stm32f4xx_rtc.c ****     assert_param(IS_RTC_MONTH(RTC_DateStruct->RTC_Month));
 961:./Libraries/src/stm32f4xx_rtc.c ****     assert_param(IS_RTC_DATE(RTC_DateStruct->RTC_Date));
 962:./Libraries/src/stm32f4xx_rtc.c ****   }
 963:./Libraries/src/stm32f4xx_rtc.c ****   else
 964:./Libraries/src/stm32f4xx_rtc.c ****   {
 965:./Libraries/src/stm32f4xx_rtc.c ****     assert_param(IS_RTC_YEAR(RTC_Bcd2ToByte(RTC_DateStruct->RTC_Year)));
 966:./Libraries/src/stm32f4xx_rtc.c ****     tmpreg = RTC_Bcd2ToByte(RTC_DateStruct->RTC_Month);
 967:./Libraries/src/stm32f4xx_rtc.c ****     assert_param(IS_RTC_MONTH(tmpreg));
 968:./Libraries/src/stm32f4xx_rtc.c ****     tmpreg = RTC_Bcd2ToByte(RTC_DateStruct->RTC_Date);
 969:./Libraries/src/stm32f4xx_rtc.c ****     assert_param(IS_RTC_DATE(tmpreg));
 970:./Libraries/src/stm32f4xx_rtc.c ****   }
 971:./Libraries/src/stm32f4xx_rtc.c ****   assert_param(IS_RTC_WEEKDAY(RTC_DateStruct->RTC_WeekDay));
 972:./Libraries/src/stm32f4xx_rtc.c **** 
 973:./Libraries/src/stm32f4xx_rtc.c ****   /* Check the input parameters format */
 974:./Libraries/src/stm32f4xx_rtc.c ****   if (RTC_Format != RTC_Format_BIN)
 975:./Libraries/src/stm32f4xx_rtc.c ****   {
 976:./Libraries/src/stm32f4xx_rtc.c ****     tmpreg = ((((uint32_t)RTC_DateStruct->RTC_Year) << 16) | \
 977:./Libraries/src/stm32f4xx_rtc.c ****               (((uint32_t)RTC_DateStruct->RTC_Month) << 8) | \
 978:./Libraries/src/stm32f4xx_rtc.c ****               ((uint32_t)RTC_DateStruct->RTC_Date) | \
 979:./Libraries/src/stm32f4xx_rtc.c ****               (((uint32_t)RTC_DateStruct->RTC_WeekDay) << 13)); 
 980:./Libraries/src/stm32f4xx_rtc.c ****   }  
 981:./Libraries/src/stm32f4xx_rtc.c ****   else
 982:./Libraries/src/stm32f4xx_rtc.c ****   {
 983:./Libraries/src/stm32f4xx_rtc.c ****     tmpreg = (((uint32_t)RTC_ByteToBcd2(RTC_DateStruct->RTC_Year) << 16) | \
 984:./Libraries/src/stm32f4xx_rtc.c ****               ((uint32_t)RTC_ByteToBcd2(RTC_DateStruct->RTC_Month) << 8) | \
 985:./Libraries/src/stm32f4xx_rtc.c ****               ((uint32_t)RTC_ByteToBcd2(RTC_DateStruct->RTC_Date)) | \
 986:./Libraries/src/stm32f4xx_rtc.c ****               ((uint32_t)RTC_DateStruct->RTC_WeekDay << 13));
 987:./Libraries/src/stm32f4xx_rtc.c ****   }
 988:./Libraries/src/stm32f4xx_rtc.c **** 
 989:./Libraries/src/stm32f4xx_rtc.c ****   /* Disable the write protection for RTC registers */
 990:./Libraries/src/stm32f4xx_rtc.c ****   RTC->WPR = 0xCA;
 991:./Libraries/src/stm32f4xx_rtc.c ****   RTC->WPR = 0x53;
 992:./Libraries/src/stm32f4xx_rtc.c **** 
 993:./Libraries/src/stm32f4xx_rtc.c ****   /* Set Initialization mode */
 994:./Libraries/src/stm32f4xx_rtc.c ****   if (RTC_EnterInitMode() == ERROR)
 995:./Libraries/src/stm32f4xx_rtc.c ****   {
 996:./Libraries/src/stm32f4xx_rtc.c ****     status = ERROR;
 997:./Libraries/src/stm32f4xx_rtc.c ****   } 
 998:./Libraries/src/stm32f4xx_rtc.c ****   else
 999:./Libraries/src/stm32f4xx_rtc.c ****   {
ARM GAS  /tmp/ccgzaD3d.s 			page 19


1000:./Libraries/src/stm32f4xx_rtc.c ****     /* Set the RTC_DR register */
1001:./Libraries/src/stm32f4xx_rtc.c ****     RTC->DR = (uint32_t)(tmpreg & RTC_DR_RESERVED_MASK);
1002:./Libraries/src/stm32f4xx_rtc.c **** 
1003:./Libraries/src/stm32f4xx_rtc.c ****     /* Exit Initialization mode */
1004:./Libraries/src/stm32f4xx_rtc.c ****     RTC_ExitInitMode(); 
1005:./Libraries/src/stm32f4xx_rtc.c **** 
1006:./Libraries/src/stm32f4xx_rtc.c ****     /* If  RTC_CR_BYPSHAD bit = 0, wait for synchro else this check is not needed */
1007:./Libraries/src/stm32f4xx_rtc.c ****     if ((RTC->CR & RTC_CR_BYPSHAD) == RESET)
1008:./Libraries/src/stm32f4xx_rtc.c ****     {
1009:./Libraries/src/stm32f4xx_rtc.c ****     if(RTC_WaitForSynchro() == ERROR)
1010:./Libraries/src/stm32f4xx_rtc.c ****     {
1011:./Libraries/src/stm32f4xx_rtc.c ****       status = ERROR;
1012:./Libraries/src/stm32f4xx_rtc.c ****     }
1013:./Libraries/src/stm32f4xx_rtc.c ****     else
1014:./Libraries/src/stm32f4xx_rtc.c ****     {
1015:./Libraries/src/stm32f4xx_rtc.c ****       status = SUCCESS;
1016:./Libraries/src/stm32f4xx_rtc.c ****     }
1017:./Libraries/src/stm32f4xx_rtc.c ****   }
1018:./Libraries/src/stm32f4xx_rtc.c ****     else
1019:./Libraries/src/stm32f4xx_rtc.c ****     {
1020:./Libraries/src/stm32f4xx_rtc.c ****       status = SUCCESS;
1021:./Libraries/src/stm32f4xx_rtc.c ****     }
1022:./Libraries/src/stm32f4xx_rtc.c ****   }
1023:./Libraries/src/stm32f4xx_rtc.c ****   /* Enable the write protection for RTC registers */
1024:./Libraries/src/stm32f4xx_rtc.c ****   RTC->WPR = 0xFF;   
1025:./Libraries/src/stm32f4xx_rtc.c ****   
1026:./Libraries/src/stm32f4xx_rtc.c ****   return status;
1027:./Libraries/src/stm32f4xx_rtc.c **** }
1028:./Libraries/src/stm32f4xx_rtc.c **** 
1029:./Libraries/src/stm32f4xx_rtc.c **** /**
1030:./Libraries/src/stm32f4xx_rtc.c ****   * @brief  Fills each RTC_DateStruct member with its default value
1031:./Libraries/src/stm32f4xx_rtc.c ****   *         (Monday, January 01 xx00).
1032:./Libraries/src/stm32f4xx_rtc.c ****   * @param  RTC_DateStruct: pointer to a RTC_DateTypeDef structure which will be 
1033:./Libraries/src/stm32f4xx_rtc.c ****   *         initialized.
1034:./Libraries/src/stm32f4xx_rtc.c ****   * @retval None
1035:./Libraries/src/stm32f4xx_rtc.c ****   */
1036:./Libraries/src/stm32f4xx_rtc.c **** void RTC_DateStructInit(RTC_DateTypeDef* RTC_DateStruct)
1037:./Libraries/src/stm32f4xx_rtc.c **** {
1038:./Libraries/src/stm32f4xx_rtc.c ****   /* Monday, January 01 xx00 */
1039:./Libraries/src/stm32f4xx_rtc.c ****   RTC_DateStruct->RTC_WeekDay = RTC_Weekday_Monday;
1040:./Libraries/src/stm32f4xx_rtc.c ****   RTC_DateStruct->RTC_Date = 1;
1041:./Libraries/src/stm32f4xx_rtc.c ****   RTC_DateStruct->RTC_Month = RTC_Month_January;
1042:./Libraries/src/stm32f4xx_rtc.c ****   RTC_DateStruct->RTC_Year = 0;
1043:./Libraries/src/stm32f4xx_rtc.c **** }
1044:./Libraries/src/stm32f4xx_rtc.c **** 
1045:./Libraries/src/stm32f4xx_rtc.c **** /**
1046:./Libraries/src/stm32f4xx_rtc.c ****   * @brief  Get the RTC current date. 
1047:./Libraries/src/stm32f4xx_rtc.c ****   * @param  RTC_Format: specifies the format of the returned parameters.
1048:./Libraries/src/stm32f4xx_rtc.c ****   *          This parameter can be one of the following values:
1049:./Libraries/src/stm32f4xx_rtc.c ****   *            @arg RTC_Format_BIN: Binary data format 
1050:./Libraries/src/stm32f4xx_rtc.c ****   *            @arg RTC_Format_BCD: BCD data format
1051:./Libraries/src/stm32f4xx_rtc.c ****   * @param RTC_DateStruct: pointer to a RTC_DateTypeDef structure that will 
1052:./Libraries/src/stm32f4xx_rtc.c ****   *                        contain the returned current date configuration.     
1053:./Libraries/src/stm32f4xx_rtc.c ****   * @retval None
1054:./Libraries/src/stm32f4xx_rtc.c ****   */
1055:./Libraries/src/stm32f4xx_rtc.c **** void RTC_GetDate(uint32_t RTC_Format, RTC_DateTypeDef* RTC_DateStruct)
1056:./Libraries/src/stm32f4xx_rtc.c **** {
ARM GAS  /tmp/ccgzaD3d.s 			page 20


1057:./Libraries/src/stm32f4xx_rtc.c ****   uint32_t tmpreg = 0;
1058:./Libraries/src/stm32f4xx_rtc.c **** 
1059:./Libraries/src/stm32f4xx_rtc.c ****   /* Check the parameters */
1060:./Libraries/src/stm32f4xx_rtc.c ****   assert_param(IS_RTC_FORMAT(RTC_Format));
1061:./Libraries/src/stm32f4xx_rtc.c ****   
1062:./Libraries/src/stm32f4xx_rtc.c ****   /* Get the RTC_TR register */
1063:./Libraries/src/stm32f4xx_rtc.c ****   tmpreg = (uint32_t)(RTC->DR & RTC_DR_RESERVED_MASK); 
1064:./Libraries/src/stm32f4xx_rtc.c **** 
1065:./Libraries/src/stm32f4xx_rtc.c ****   /* Fill the structure fields with the read parameters */
1066:./Libraries/src/stm32f4xx_rtc.c ****   RTC_DateStruct->RTC_Year = (uint8_t)((tmpreg & (RTC_DR_YT | RTC_DR_YU)) >> 16);
1067:./Libraries/src/stm32f4xx_rtc.c ****   RTC_DateStruct->RTC_Month = (uint8_t)((tmpreg & (RTC_DR_MT | RTC_DR_MU)) >> 8);
1068:./Libraries/src/stm32f4xx_rtc.c ****   RTC_DateStruct->RTC_Date = (uint8_t)(tmpreg & (RTC_DR_DT | RTC_DR_DU));
1069:./Libraries/src/stm32f4xx_rtc.c ****   RTC_DateStruct->RTC_WeekDay = (uint8_t)((tmpreg & (RTC_DR_WDU)) >> 13);
1070:./Libraries/src/stm32f4xx_rtc.c **** 
1071:./Libraries/src/stm32f4xx_rtc.c ****   /* Check the input parameters format */
1072:./Libraries/src/stm32f4xx_rtc.c ****   if (RTC_Format == RTC_Format_BIN)
1073:./Libraries/src/stm32f4xx_rtc.c ****   {
1074:./Libraries/src/stm32f4xx_rtc.c ****     /* Convert the structure parameters to Binary format */
1075:./Libraries/src/stm32f4xx_rtc.c ****     RTC_DateStruct->RTC_Year = (uint8_t)RTC_Bcd2ToByte(RTC_DateStruct->RTC_Year);
1076:./Libraries/src/stm32f4xx_rtc.c ****     RTC_DateStruct->RTC_Month = (uint8_t)RTC_Bcd2ToByte(RTC_DateStruct->RTC_Month);
1077:./Libraries/src/stm32f4xx_rtc.c ****     RTC_DateStruct->RTC_Date = (uint8_t)RTC_Bcd2ToByte(RTC_DateStruct->RTC_Date);
1078:./Libraries/src/stm32f4xx_rtc.c ****   }
1079:./Libraries/src/stm32f4xx_rtc.c **** }
1080:./Libraries/src/stm32f4xx_rtc.c **** 
1081:./Libraries/src/stm32f4xx_rtc.c **** /**
1082:./Libraries/src/stm32f4xx_rtc.c ****   * @}
1083:./Libraries/src/stm32f4xx_rtc.c ****   */
1084:./Libraries/src/stm32f4xx_rtc.c **** 
1085:./Libraries/src/stm32f4xx_rtc.c **** /** @defgroup RTC_Group3 Alarms configuration functions
1086:./Libraries/src/stm32f4xx_rtc.c ****  *  @brief   Alarms (Alarm A and Alarm B) configuration functions 
1087:./Libraries/src/stm32f4xx_rtc.c ****  *
1088:./Libraries/src/stm32f4xx_rtc.c **** @verbatim   
1089:./Libraries/src/stm32f4xx_rtc.c ****  ===============================================================================
1090:./Libraries/src/stm32f4xx_rtc.c ****          ##### Alarms A and B configuration functions #####
1091:./Libraries/src/stm32f4xx_rtc.c ****  ===============================================================================  
1092:./Libraries/src/stm32f4xx_rtc.c ****  
1093:./Libraries/src/stm32f4xx_rtc.c ****  [..] This section provide functions allowing to program and read the RTC Alarms.
1094:./Libraries/src/stm32f4xx_rtc.c **** 
1095:./Libraries/src/stm32f4xx_rtc.c **** @endverbatim
1096:./Libraries/src/stm32f4xx_rtc.c ****   * @{
1097:./Libraries/src/stm32f4xx_rtc.c ****   */
1098:./Libraries/src/stm32f4xx_rtc.c **** 
1099:./Libraries/src/stm32f4xx_rtc.c **** /**
1100:./Libraries/src/stm32f4xx_rtc.c ****   * @brief  Set the specified RTC Alarm.
1101:./Libraries/src/stm32f4xx_rtc.c ****   * @note   The Alarm register can only be written when the corresponding Alarm
1102:./Libraries/src/stm32f4xx_rtc.c ****   *         is disabled (Use the RTC_AlarmCmd(DISABLE)).    
1103:./Libraries/src/stm32f4xx_rtc.c ****   * @param  RTC_Format: specifies the format of the returned parameters.
1104:./Libraries/src/stm32f4xx_rtc.c ****   *          This parameter can be one of the following values:
1105:./Libraries/src/stm32f4xx_rtc.c ****   *            @arg RTC_Format_BIN: Binary data format 
1106:./Libraries/src/stm32f4xx_rtc.c ****   *            @arg RTC_Format_BCD: BCD data format
1107:./Libraries/src/stm32f4xx_rtc.c ****   * @param  RTC_Alarm: specifies the alarm to be configured.
1108:./Libraries/src/stm32f4xx_rtc.c ****   *          This parameter can be one of the following values:
1109:./Libraries/src/stm32f4xx_rtc.c ****   *            @arg RTC_Alarm_A: to select Alarm A
1110:./Libraries/src/stm32f4xx_rtc.c ****   *            @arg RTC_Alarm_B: to select Alarm B  
1111:./Libraries/src/stm32f4xx_rtc.c ****   * @param  RTC_AlarmStruct: pointer to a RTC_AlarmTypeDef structure that 
1112:./Libraries/src/stm32f4xx_rtc.c ****   *                          contains the alarm configuration parameters.     
1113:./Libraries/src/stm32f4xx_rtc.c ****   * @retval None
ARM GAS  /tmp/ccgzaD3d.s 			page 21


1114:./Libraries/src/stm32f4xx_rtc.c ****   */
1115:./Libraries/src/stm32f4xx_rtc.c **** void RTC_SetAlarm(uint32_t RTC_Format, uint32_t RTC_Alarm, RTC_AlarmTypeDef* RTC_AlarmStruct)
1116:./Libraries/src/stm32f4xx_rtc.c **** {
1117:./Libraries/src/stm32f4xx_rtc.c ****   uint32_t tmpreg = 0;
1118:./Libraries/src/stm32f4xx_rtc.c ****   
1119:./Libraries/src/stm32f4xx_rtc.c ****   /* Check the parameters */
1120:./Libraries/src/stm32f4xx_rtc.c ****   assert_param(IS_RTC_FORMAT(RTC_Format));
1121:./Libraries/src/stm32f4xx_rtc.c ****   assert_param(IS_RTC_ALARM(RTC_Alarm));
1122:./Libraries/src/stm32f4xx_rtc.c ****   assert_param(IS_ALARM_MASK(RTC_AlarmStruct->RTC_AlarmMask));
1123:./Libraries/src/stm32f4xx_rtc.c ****   assert_param(IS_RTC_ALARM_DATE_WEEKDAY_SEL(RTC_AlarmStruct->RTC_AlarmDateWeekDaySel));
1124:./Libraries/src/stm32f4xx_rtc.c **** 
1125:./Libraries/src/stm32f4xx_rtc.c ****   if (RTC_Format == RTC_Format_BIN)
1126:./Libraries/src/stm32f4xx_rtc.c ****   {
1127:./Libraries/src/stm32f4xx_rtc.c ****     if ((RTC->CR & RTC_CR_FMT) != (uint32_t)RESET)
1128:./Libraries/src/stm32f4xx_rtc.c ****     {
1129:./Libraries/src/stm32f4xx_rtc.c ****       assert_param(IS_RTC_HOUR12(RTC_AlarmStruct->RTC_AlarmTime.RTC_Hours));
1130:./Libraries/src/stm32f4xx_rtc.c ****       assert_param(IS_RTC_H12(RTC_AlarmStruct->RTC_AlarmTime.RTC_H12));
1131:./Libraries/src/stm32f4xx_rtc.c ****     } 
1132:./Libraries/src/stm32f4xx_rtc.c ****     else
1133:./Libraries/src/stm32f4xx_rtc.c ****     {
1134:./Libraries/src/stm32f4xx_rtc.c ****       RTC_AlarmStruct->RTC_AlarmTime.RTC_H12 = 0x00;
1135:./Libraries/src/stm32f4xx_rtc.c ****       assert_param(IS_RTC_HOUR24(RTC_AlarmStruct->RTC_AlarmTime.RTC_Hours));
1136:./Libraries/src/stm32f4xx_rtc.c ****     }
1137:./Libraries/src/stm32f4xx_rtc.c ****     assert_param(IS_RTC_MINUTES(RTC_AlarmStruct->RTC_AlarmTime.RTC_Minutes));
1138:./Libraries/src/stm32f4xx_rtc.c ****     assert_param(IS_RTC_SECONDS(RTC_AlarmStruct->RTC_AlarmTime.RTC_Seconds));
1139:./Libraries/src/stm32f4xx_rtc.c ****     
1140:./Libraries/src/stm32f4xx_rtc.c ****     if(RTC_AlarmStruct->RTC_AlarmDateWeekDaySel == RTC_AlarmDateWeekDaySel_Date)
1141:./Libraries/src/stm32f4xx_rtc.c ****     {
1142:./Libraries/src/stm32f4xx_rtc.c ****       assert_param(IS_RTC_ALARM_DATE_WEEKDAY_DATE(RTC_AlarmStruct->RTC_AlarmDateWeekDay));
1143:./Libraries/src/stm32f4xx_rtc.c ****     }
1144:./Libraries/src/stm32f4xx_rtc.c ****     else
1145:./Libraries/src/stm32f4xx_rtc.c ****     {
1146:./Libraries/src/stm32f4xx_rtc.c ****       assert_param(IS_RTC_ALARM_DATE_WEEKDAY_WEEKDAY(RTC_AlarmStruct->RTC_AlarmDateWeekDay));
1147:./Libraries/src/stm32f4xx_rtc.c ****     }
1148:./Libraries/src/stm32f4xx_rtc.c ****   }
1149:./Libraries/src/stm32f4xx_rtc.c ****   else
1150:./Libraries/src/stm32f4xx_rtc.c ****   {
1151:./Libraries/src/stm32f4xx_rtc.c ****     if ((RTC->CR & RTC_CR_FMT) != (uint32_t)RESET)
1152:./Libraries/src/stm32f4xx_rtc.c ****     {
1153:./Libraries/src/stm32f4xx_rtc.c ****       tmpreg = RTC_Bcd2ToByte(RTC_AlarmStruct->RTC_AlarmTime.RTC_Hours);
1154:./Libraries/src/stm32f4xx_rtc.c ****       assert_param(IS_RTC_HOUR12(tmpreg));
1155:./Libraries/src/stm32f4xx_rtc.c ****       assert_param(IS_RTC_H12(RTC_AlarmStruct->RTC_AlarmTime.RTC_H12));
1156:./Libraries/src/stm32f4xx_rtc.c ****     } 
1157:./Libraries/src/stm32f4xx_rtc.c ****     else
1158:./Libraries/src/stm32f4xx_rtc.c ****     {
1159:./Libraries/src/stm32f4xx_rtc.c ****       RTC_AlarmStruct->RTC_AlarmTime.RTC_H12 = 0x00;
1160:./Libraries/src/stm32f4xx_rtc.c ****       assert_param(IS_RTC_HOUR24(RTC_Bcd2ToByte(RTC_AlarmStruct->RTC_AlarmTime.RTC_Hours)));
1161:./Libraries/src/stm32f4xx_rtc.c ****     }
1162:./Libraries/src/stm32f4xx_rtc.c ****     
1163:./Libraries/src/stm32f4xx_rtc.c ****     assert_param(IS_RTC_MINUTES(RTC_Bcd2ToByte(RTC_AlarmStruct->RTC_AlarmTime.RTC_Minutes)));
1164:./Libraries/src/stm32f4xx_rtc.c ****     assert_param(IS_RTC_SECONDS(RTC_Bcd2ToByte(RTC_AlarmStruct->RTC_AlarmTime.RTC_Seconds)));
1165:./Libraries/src/stm32f4xx_rtc.c ****     
1166:./Libraries/src/stm32f4xx_rtc.c ****     if(RTC_AlarmStruct->RTC_AlarmDateWeekDaySel == RTC_AlarmDateWeekDaySel_Date)
1167:./Libraries/src/stm32f4xx_rtc.c ****     {
1168:./Libraries/src/stm32f4xx_rtc.c ****       tmpreg = RTC_Bcd2ToByte(RTC_AlarmStruct->RTC_AlarmDateWeekDay);
1169:./Libraries/src/stm32f4xx_rtc.c ****       assert_param(IS_RTC_ALARM_DATE_WEEKDAY_DATE(tmpreg));    
1170:./Libraries/src/stm32f4xx_rtc.c ****     }
ARM GAS  /tmp/ccgzaD3d.s 			page 22


1171:./Libraries/src/stm32f4xx_rtc.c ****     else
1172:./Libraries/src/stm32f4xx_rtc.c ****     {
1173:./Libraries/src/stm32f4xx_rtc.c ****       tmpreg = RTC_Bcd2ToByte(RTC_AlarmStruct->RTC_AlarmDateWeekDay);
1174:./Libraries/src/stm32f4xx_rtc.c ****       assert_param(IS_RTC_ALARM_DATE_WEEKDAY_WEEKDAY(tmpreg));      
1175:./Libraries/src/stm32f4xx_rtc.c ****     }    
1176:./Libraries/src/stm32f4xx_rtc.c ****   }
1177:./Libraries/src/stm32f4xx_rtc.c **** 
1178:./Libraries/src/stm32f4xx_rtc.c ****   /* Check the input parameters format */
1179:./Libraries/src/stm32f4xx_rtc.c ****   if (RTC_Format != RTC_Format_BIN)
1180:./Libraries/src/stm32f4xx_rtc.c ****   {
1181:./Libraries/src/stm32f4xx_rtc.c ****     tmpreg = (((uint32_t)(RTC_AlarmStruct->RTC_AlarmTime.RTC_Hours) << 16) | \
1182:./Libraries/src/stm32f4xx_rtc.c ****               ((uint32_t)(RTC_AlarmStruct->RTC_AlarmTime.RTC_Minutes) << 8) | \
1183:./Libraries/src/stm32f4xx_rtc.c ****               ((uint32_t)RTC_AlarmStruct->RTC_AlarmTime.RTC_Seconds) | \
1184:./Libraries/src/stm32f4xx_rtc.c ****               ((uint32_t)(RTC_AlarmStruct->RTC_AlarmTime.RTC_H12) << 16) | \
1185:./Libraries/src/stm32f4xx_rtc.c ****               ((uint32_t)(RTC_AlarmStruct->RTC_AlarmDateWeekDay) << 24) | \
1186:./Libraries/src/stm32f4xx_rtc.c ****               ((uint32_t)RTC_AlarmStruct->RTC_AlarmDateWeekDaySel) | \
1187:./Libraries/src/stm32f4xx_rtc.c ****               ((uint32_t)RTC_AlarmStruct->RTC_AlarmMask)); 
1188:./Libraries/src/stm32f4xx_rtc.c ****   }  
1189:./Libraries/src/stm32f4xx_rtc.c ****   else
1190:./Libraries/src/stm32f4xx_rtc.c ****   {
1191:./Libraries/src/stm32f4xx_rtc.c ****     tmpreg = (((uint32_t)RTC_ByteToBcd2(RTC_AlarmStruct->RTC_AlarmTime.RTC_Hours) << 16) | \
1192:./Libraries/src/stm32f4xx_rtc.c ****               ((uint32_t)RTC_ByteToBcd2(RTC_AlarmStruct->RTC_AlarmTime.RTC_Minutes) << 8) | \
1193:./Libraries/src/stm32f4xx_rtc.c ****               ((uint32_t)RTC_ByteToBcd2(RTC_AlarmStruct->RTC_AlarmTime.RTC_Seconds)) | \
1194:./Libraries/src/stm32f4xx_rtc.c ****               ((uint32_t)(RTC_AlarmStruct->RTC_AlarmTime.RTC_H12) << 16) | \
1195:./Libraries/src/stm32f4xx_rtc.c ****               ((uint32_t)RTC_ByteToBcd2(RTC_AlarmStruct->RTC_AlarmDateWeekDay) << 24) | \
1196:./Libraries/src/stm32f4xx_rtc.c ****               ((uint32_t)RTC_AlarmStruct->RTC_AlarmDateWeekDaySel) | \
1197:./Libraries/src/stm32f4xx_rtc.c ****               ((uint32_t)RTC_AlarmStruct->RTC_AlarmMask)); 
1198:./Libraries/src/stm32f4xx_rtc.c ****   } 
1199:./Libraries/src/stm32f4xx_rtc.c **** 
1200:./Libraries/src/stm32f4xx_rtc.c ****   /* Disable the write protection for RTC registers */
1201:./Libraries/src/stm32f4xx_rtc.c ****   RTC->WPR = 0xCA;
1202:./Libraries/src/stm32f4xx_rtc.c ****   RTC->WPR = 0x53;
1203:./Libraries/src/stm32f4xx_rtc.c **** 
1204:./Libraries/src/stm32f4xx_rtc.c ****   /* Configure the Alarm register */
1205:./Libraries/src/stm32f4xx_rtc.c ****   if (RTC_Alarm == RTC_Alarm_A)
1206:./Libraries/src/stm32f4xx_rtc.c ****   {
1207:./Libraries/src/stm32f4xx_rtc.c ****     RTC->ALRMAR = (uint32_t)tmpreg;
1208:./Libraries/src/stm32f4xx_rtc.c ****   }
1209:./Libraries/src/stm32f4xx_rtc.c ****   else
1210:./Libraries/src/stm32f4xx_rtc.c ****   {
1211:./Libraries/src/stm32f4xx_rtc.c ****     RTC->ALRMBR = (uint32_t)tmpreg;
1212:./Libraries/src/stm32f4xx_rtc.c ****   }
1213:./Libraries/src/stm32f4xx_rtc.c **** 
1214:./Libraries/src/stm32f4xx_rtc.c ****   /* Enable the write protection for RTC registers */
1215:./Libraries/src/stm32f4xx_rtc.c ****   RTC->WPR = 0xFF;   
1216:./Libraries/src/stm32f4xx_rtc.c **** }
1217:./Libraries/src/stm32f4xx_rtc.c **** 
1218:./Libraries/src/stm32f4xx_rtc.c **** /**
1219:./Libraries/src/stm32f4xx_rtc.c ****   * @brief  Fills each RTC_AlarmStruct member with its default value
1220:./Libraries/src/stm32f4xx_rtc.c ****   *         (Time = 00h:00mn:00sec / Date = 1st day of the month/Mask =
1221:./Libraries/src/stm32f4xx_rtc.c ****   *         all fields are masked).
1222:./Libraries/src/stm32f4xx_rtc.c ****   * @param  RTC_AlarmStruct: pointer to a @ref RTC_AlarmTypeDef structure which
1223:./Libraries/src/stm32f4xx_rtc.c ****   *         will be initialized.
1224:./Libraries/src/stm32f4xx_rtc.c ****   * @retval None
1225:./Libraries/src/stm32f4xx_rtc.c ****   */
1226:./Libraries/src/stm32f4xx_rtc.c **** void RTC_AlarmStructInit(RTC_AlarmTypeDef* RTC_AlarmStruct)
1227:./Libraries/src/stm32f4xx_rtc.c **** {
ARM GAS  /tmp/ccgzaD3d.s 			page 23


1228:./Libraries/src/stm32f4xx_rtc.c ****   /* Alarm Time Settings : Time = 00h:00mn:00sec */
1229:./Libraries/src/stm32f4xx_rtc.c ****   RTC_AlarmStruct->RTC_AlarmTime.RTC_H12 = RTC_H12_AM;
1230:./Libraries/src/stm32f4xx_rtc.c ****   RTC_AlarmStruct->RTC_AlarmTime.RTC_Hours = 0;
1231:./Libraries/src/stm32f4xx_rtc.c ****   RTC_AlarmStruct->RTC_AlarmTime.RTC_Minutes = 0;
1232:./Libraries/src/stm32f4xx_rtc.c ****   RTC_AlarmStruct->RTC_AlarmTime.RTC_Seconds = 0;
1233:./Libraries/src/stm32f4xx_rtc.c **** 
1234:./Libraries/src/stm32f4xx_rtc.c ****   /* Alarm Date Settings : Date = 1st day of the month */
1235:./Libraries/src/stm32f4xx_rtc.c ****   RTC_AlarmStruct->RTC_AlarmDateWeekDaySel = RTC_AlarmDateWeekDaySel_Date;
1236:./Libraries/src/stm32f4xx_rtc.c ****   RTC_AlarmStruct->RTC_AlarmDateWeekDay = 1;
1237:./Libraries/src/stm32f4xx_rtc.c **** 
1238:./Libraries/src/stm32f4xx_rtc.c ****   /* Alarm Masks Settings : Mask =  all fields are not masked */
1239:./Libraries/src/stm32f4xx_rtc.c ****   RTC_AlarmStruct->RTC_AlarmMask = RTC_AlarmMask_None;
1240:./Libraries/src/stm32f4xx_rtc.c **** }
1241:./Libraries/src/stm32f4xx_rtc.c **** 
1242:./Libraries/src/stm32f4xx_rtc.c **** /**
1243:./Libraries/src/stm32f4xx_rtc.c ****   * @brief  Get the RTC Alarm value and masks.
1244:./Libraries/src/stm32f4xx_rtc.c ****   * @param  RTC_Format: specifies the format of the output parameters.
1245:./Libraries/src/stm32f4xx_rtc.c ****   *          This parameter can be one of the following values:
1246:./Libraries/src/stm32f4xx_rtc.c ****   *            @arg RTC_Format_BIN: Binary data format 
1247:./Libraries/src/stm32f4xx_rtc.c ****   *            @arg RTC_Format_BCD: BCD data format
1248:./Libraries/src/stm32f4xx_rtc.c ****   * @param  RTC_Alarm: specifies the alarm to be read.
1249:./Libraries/src/stm32f4xx_rtc.c ****   *          This parameter can be one of the following values:
1250:./Libraries/src/stm32f4xx_rtc.c ****   *            @arg RTC_Alarm_A: to select Alarm A
1251:./Libraries/src/stm32f4xx_rtc.c ****   *            @arg RTC_Alarm_B: to select Alarm B  
1252:./Libraries/src/stm32f4xx_rtc.c ****   * @param  RTC_AlarmStruct: pointer to a RTC_AlarmTypeDef structure that will 
1253:./Libraries/src/stm32f4xx_rtc.c ****   *                          contains the output alarm configuration values.     
1254:./Libraries/src/stm32f4xx_rtc.c ****   * @retval None
1255:./Libraries/src/stm32f4xx_rtc.c ****   */
1256:./Libraries/src/stm32f4xx_rtc.c **** void RTC_GetAlarm(uint32_t RTC_Format, uint32_t RTC_Alarm, RTC_AlarmTypeDef* RTC_AlarmStruct)
1257:./Libraries/src/stm32f4xx_rtc.c **** {
1258:./Libraries/src/stm32f4xx_rtc.c ****   uint32_t tmpreg = 0;
1259:./Libraries/src/stm32f4xx_rtc.c **** 
1260:./Libraries/src/stm32f4xx_rtc.c ****   /* Check the parameters */
1261:./Libraries/src/stm32f4xx_rtc.c ****   assert_param(IS_RTC_FORMAT(RTC_Format));
1262:./Libraries/src/stm32f4xx_rtc.c ****   assert_param(IS_RTC_ALARM(RTC_Alarm)); 
1263:./Libraries/src/stm32f4xx_rtc.c **** 
1264:./Libraries/src/stm32f4xx_rtc.c ****   /* Get the RTC_ALRMxR register */
1265:./Libraries/src/stm32f4xx_rtc.c ****   if (RTC_Alarm == RTC_Alarm_A)
1266:./Libraries/src/stm32f4xx_rtc.c ****   {
1267:./Libraries/src/stm32f4xx_rtc.c ****     tmpreg = (uint32_t)(RTC->ALRMAR);
1268:./Libraries/src/stm32f4xx_rtc.c ****   }
1269:./Libraries/src/stm32f4xx_rtc.c ****   else
1270:./Libraries/src/stm32f4xx_rtc.c ****   {
1271:./Libraries/src/stm32f4xx_rtc.c ****     tmpreg = (uint32_t)(RTC->ALRMBR);
1272:./Libraries/src/stm32f4xx_rtc.c ****   }
1273:./Libraries/src/stm32f4xx_rtc.c **** 
1274:./Libraries/src/stm32f4xx_rtc.c ****   /* Fill the structure with the read parameters */
1275:./Libraries/src/stm32f4xx_rtc.c ****   RTC_AlarmStruct->RTC_AlarmTime.RTC_Hours = (uint32_t)((tmpreg & (RTC_ALRMAR_HT | \
1276:./Libraries/src/stm32f4xx_rtc.c ****                                                      RTC_ALRMAR_HU)) >> 16);
1277:./Libraries/src/stm32f4xx_rtc.c ****   RTC_AlarmStruct->RTC_AlarmTime.RTC_Minutes = (uint32_t)((tmpreg & (RTC_ALRMAR_MNT | \
1278:./Libraries/src/stm32f4xx_rtc.c ****                                                      RTC_ALRMAR_MNU)) >> 8);
1279:./Libraries/src/stm32f4xx_rtc.c ****   RTC_AlarmStruct->RTC_AlarmTime.RTC_Seconds = (uint32_t)(tmpreg & (RTC_ALRMAR_ST | \
1280:./Libraries/src/stm32f4xx_rtc.c ****                                                      RTC_ALRMAR_SU));
1281:./Libraries/src/stm32f4xx_rtc.c ****   RTC_AlarmStruct->RTC_AlarmTime.RTC_H12 = (uint32_t)((tmpreg & RTC_ALRMAR_PM) >> 16);
1282:./Libraries/src/stm32f4xx_rtc.c ****   RTC_AlarmStruct->RTC_AlarmDateWeekDay = (uint32_t)((tmpreg & (RTC_ALRMAR_DT | RTC_ALRMAR_DU)) >> 
1283:./Libraries/src/stm32f4xx_rtc.c ****   RTC_AlarmStruct->RTC_AlarmDateWeekDaySel = (uint32_t)(tmpreg & RTC_ALRMAR_WDSEL);
1284:./Libraries/src/stm32f4xx_rtc.c ****   RTC_AlarmStruct->RTC_AlarmMask = (uint32_t)(tmpreg & RTC_AlarmMask_All);
ARM GAS  /tmp/ccgzaD3d.s 			page 24


1285:./Libraries/src/stm32f4xx_rtc.c **** 
1286:./Libraries/src/stm32f4xx_rtc.c ****   if (RTC_Format == RTC_Format_BIN)
1287:./Libraries/src/stm32f4xx_rtc.c ****   {
1288:./Libraries/src/stm32f4xx_rtc.c ****     RTC_AlarmStruct->RTC_AlarmTime.RTC_Hours = RTC_Bcd2ToByte(RTC_AlarmStruct-> \
1289:./Libraries/src/stm32f4xx_rtc.c ****                                                         RTC_AlarmTime.RTC_Hours);
1290:./Libraries/src/stm32f4xx_rtc.c ****     RTC_AlarmStruct->RTC_AlarmTime.RTC_Minutes = RTC_Bcd2ToByte(RTC_AlarmStruct-> \
1291:./Libraries/src/stm32f4xx_rtc.c ****                                                         RTC_AlarmTime.RTC_Minutes);
1292:./Libraries/src/stm32f4xx_rtc.c ****     RTC_AlarmStruct->RTC_AlarmTime.RTC_Seconds = RTC_Bcd2ToByte(RTC_AlarmStruct-> \
1293:./Libraries/src/stm32f4xx_rtc.c ****                                                         RTC_AlarmTime.RTC_Seconds);
1294:./Libraries/src/stm32f4xx_rtc.c ****     RTC_AlarmStruct->RTC_AlarmDateWeekDay = RTC_Bcd2ToByte(RTC_AlarmStruct->RTC_AlarmDateWeekDay);
1295:./Libraries/src/stm32f4xx_rtc.c ****   }  
1296:./Libraries/src/stm32f4xx_rtc.c **** }
1297:./Libraries/src/stm32f4xx_rtc.c **** 
1298:./Libraries/src/stm32f4xx_rtc.c **** /**
1299:./Libraries/src/stm32f4xx_rtc.c ****   * @brief  Enables or disables the specified RTC Alarm.
1300:./Libraries/src/stm32f4xx_rtc.c ****   * @param  RTC_Alarm: specifies the alarm to be configured.
1301:./Libraries/src/stm32f4xx_rtc.c ****   *          This parameter can be any combination of the following values:
1302:./Libraries/src/stm32f4xx_rtc.c ****   *            @arg RTC_Alarm_A: to select Alarm A
1303:./Libraries/src/stm32f4xx_rtc.c ****   *            @arg RTC_Alarm_B: to select Alarm B  
1304:./Libraries/src/stm32f4xx_rtc.c ****   * @param  NewState: new state of the specified alarm.
1305:./Libraries/src/stm32f4xx_rtc.c ****   *          This parameter can be: ENABLE or DISABLE.
1306:./Libraries/src/stm32f4xx_rtc.c ****   * @retval An ErrorStatus enumeration value:
1307:./Libraries/src/stm32f4xx_rtc.c ****   *          - SUCCESS: RTC Alarm is enabled/disabled
1308:./Libraries/src/stm32f4xx_rtc.c ****   *          - ERROR: RTC Alarm is not enabled/disabled  
1309:./Libraries/src/stm32f4xx_rtc.c ****   */
1310:./Libraries/src/stm32f4xx_rtc.c **** ErrorStatus RTC_AlarmCmd(uint32_t RTC_Alarm, FunctionalState NewState)
1311:./Libraries/src/stm32f4xx_rtc.c **** {
1312:./Libraries/src/stm32f4xx_rtc.c ****   __IO uint32_t alarmcounter = 0x00;
1313:./Libraries/src/stm32f4xx_rtc.c ****   uint32_t alarmstatus = 0x00;
1314:./Libraries/src/stm32f4xx_rtc.c ****   ErrorStatus status = ERROR;
1315:./Libraries/src/stm32f4xx_rtc.c ****     
1316:./Libraries/src/stm32f4xx_rtc.c ****   /* Check the parameters */
1317:./Libraries/src/stm32f4xx_rtc.c ****   assert_param(IS_RTC_CMD_ALARM(RTC_Alarm));
1318:./Libraries/src/stm32f4xx_rtc.c ****   assert_param(IS_FUNCTIONAL_STATE(NewState));
1319:./Libraries/src/stm32f4xx_rtc.c **** 
1320:./Libraries/src/stm32f4xx_rtc.c ****   /* Disable the write protection for RTC registers */
1321:./Libraries/src/stm32f4xx_rtc.c ****   RTC->WPR = 0xCA;
1322:./Libraries/src/stm32f4xx_rtc.c ****   RTC->WPR = 0x53;
1323:./Libraries/src/stm32f4xx_rtc.c **** 
1324:./Libraries/src/stm32f4xx_rtc.c ****   /* Configure the Alarm state */
1325:./Libraries/src/stm32f4xx_rtc.c ****   if (NewState != DISABLE)
1326:./Libraries/src/stm32f4xx_rtc.c ****   {
1327:./Libraries/src/stm32f4xx_rtc.c ****     RTC->CR |= (uint32_t)RTC_Alarm;
1328:./Libraries/src/stm32f4xx_rtc.c **** 
1329:./Libraries/src/stm32f4xx_rtc.c ****     status = SUCCESS;    
1330:./Libraries/src/stm32f4xx_rtc.c ****   }
1331:./Libraries/src/stm32f4xx_rtc.c ****   else
1332:./Libraries/src/stm32f4xx_rtc.c ****   { 
1333:./Libraries/src/stm32f4xx_rtc.c ****     /* Disable the Alarm in RTC_CR register */
1334:./Libraries/src/stm32f4xx_rtc.c ****     RTC->CR &= (uint32_t)~RTC_Alarm;
1335:./Libraries/src/stm32f4xx_rtc.c ****    
1336:./Libraries/src/stm32f4xx_rtc.c ****     /* Wait till RTC ALRxWF flag is set and if Time out is reached exit */
1337:./Libraries/src/stm32f4xx_rtc.c ****     do
1338:./Libraries/src/stm32f4xx_rtc.c ****     {
1339:./Libraries/src/stm32f4xx_rtc.c ****       alarmstatus = RTC->ISR & (RTC_Alarm >> 8);
1340:./Libraries/src/stm32f4xx_rtc.c ****       alarmcounter++;  
1341:./Libraries/src/stm32f4xx_rtc.c ****     } while((alarmcounter != INITMODE_TIMEOUT) && (alarmstatus == 0x00));
ARM GAS  /tmp/ccgzaD3d.s 			page 25


1342:./Libraries/src/stm32f4xx_rtc.c ****     
1343:./Libraries/src/stm32f4xx_rtc.c ****     if ((RTC->ISR & (RTC_Alarm >> 8)) == RESET)
1344:./Libraries/src/stm32f4xx_rtc.c ****     {
1345:./Libraries/src/stm32f4xx_rtc.c ****       status = ERROR;
1346:./Libraries/src/stm32f4xx_rtc.c ****     } 
1347:./Libraries/src/stm32f4xx_rtc.c ****     else
1348:./Libraries/src/stm32f4xx_rtc.c ****     {
1349:./Libraries/src/stm32f4xx_rtc.c ****       status = SUCCESS;
1350:./Libraries/src/stm32f4xx_rtc.c ****     }        
1351:./Libraries/src/stm32f4xx_rtc.c ****   } 
1352:./Libraries/src/stm32f4xx_rtc.c **** 
1353:./Libraries/src/stm32f4xx_rtc.c ****   /* Enable the write protection for RTC registers */
1354:./Libraries/src/stm32f4xx_rtc.c ****   RTC->WPR = 0xFF; 
1355:./Libraries/src/stm32f4xx_rtc.c ****   
1356:./Libraries/src/stm32f4xx_rtc.c ****   return status;
1357:./Libraries/src/stm32f4xx_rtc.c **** }
1358:./Libraries/src/stm32f4xx_rtc.c **** 
1359:./Libraries/src/stm32f4xx_rtc.c **** /**
1360:./Libraries/src/stm32f4xx_rtc.c ****   * @brief  Configure the RTC AlarmA/B Sub seconds value and mask.*
1361:./Libraries/src/stm32f4xx_rtc.c ****   * @note   This function is performed only when the Alarm is disabled. 
1362:./Libraries/src/stm32f4xx_rtc.c ****   * @param  RTC_Alarm: specifies the alarm to be configured.
1363:./Libraries/src/stm32f4xx_rtc.c ****   *   This parameter can be one of the following values:
1364:./Libraries/src/stm32f4xx_rtc.c ****   *     @arg RTC_Alarm_A: to select Alarm A
1365:./Libraries/src/stm32f4xx_rtc.c ****   *     @arg RTC_Alarm_B: to select Alarm B
1366:./Libraries/src/stm32f4xx_rtc.c ****   * @param  RTC_AlarmSubSecondValue: specifies the Sub seconds value.
1367:./Libraries/src/stm32f4xx_rtc.c ****   *   This parameter can be a value from 0 to 0x00007FFF.
1368:./Libraries/src/stm32f4xx_rtc.c ****   * @param  RTC_AlarmSubSecondMask:  specifies the Sub seconds Mask.
1369:./Libraries/src/stm32f4xx_rtc.c ****   *   This parameter can be any combination of the following values:
1370:./Libraries/src/stm32f4xx_rtc.c ****   *     @arg RTC_AlarmSubSecondMask_All    : All Alarm SS fields are masked.
1371:./Libraries/src/stm32f4xx_rtc.c ****   *                                          There is no comparison on sub seconds for Alarm.
1372:./Libraries/src/stm32f4xx_rtc.c ****   *     @arg RTC_AlarmSubSecondMask_SS14_1 : SS[14:1] are don't care in Alarm comparison.
1373:./Libraries/src/stm32f4xx_rtc.c ****   *                                          Only SS[0] is compared
1374:./Libraries/src/stm32f4xx_rtc.c ****   *     @arg RTC_AlarmSubSecondMask_SS14_2 : SS[14:2] are don't care in Alarm comparison.
1375:./Libraries/src/stm32f4xx_rtc.c ****   *                                          Only SS[1:0] are compared
1376:./Libraries/src/stm32f4xx_rtc.c ****   *     @arg RTC_AlarmSubSecondMask_SS14_3 : SS[14:3] are don't care in Alarm comparison.
1377:./Libraries/src/stm32f4xx_rtc.c ****   *                                          Only SS[2:0] are compared
1378:./Libraries/src/stm32f4xx_rtc.c ****   *     @arg RTC_AlarmSubSecondMask_SS14_4 : SS[14:4] are don't care in Alarm comparison.
1379:./Libraries/src/stm32f4xx_rtc.c ****   *                                          Only SS[3:0] are compared
1380:./Libraries/src/stm32f4xx_rtc.c ****   *     @arg RTC_AlarmSubSecondMask_SS14_5 : SS[14:5] are don't care in Alarm comparison.
1381:./Libraries/src/stm32f4xx_rtc.c ****   *                                          Only SS[4:0] are compared
1382:./Libraries/src/stm32f4xx_rtc.c ****   *     @arg RTC_AlarmSubSecondMask_SS14_6 : SS[14:6] are don't care in Alarm comparison.
1383:./Libraries/src/stm32f4xx_rtc.c ****   *                                          Only SS[5:0] are compared
1384:./Libraries/src/stm32f4xx_rtc.c ****   *     @arg RTC_AlarmSubSecondMask_SS14_7 : SS[14:7] are don't care in Alarm comparison.
1385:./Libraries/src/stm32f4xx_rtc.c ****   *                                          Only SS[6:0] are compared
1386:./Libraries/src/stm32f4xx_rtc.c ****   *     @arg RTC_AlarmSubSecondMask_SS14_8 : SS[14:8] are don't care in Alarm comparison.
1387:./Libraries/src/stm32f4xx_rtc.c ****   *                                          Only SS[7:0] are compared
1388:./Libraries/src/stm32f4xx_rtc.c ****   *     @arg RTC_AlarmSubSecondMask_SS14_9 : SS[14:9] are don't care in Alarm comparison.
1389:./Libraries/src/stm32f4xx_rtc.c ****   *                                          Only SS[8:0] are compared
1390:./Libraries/src/stm32f4xx_rtc.c ****   *     @arg RTC_AlarmSubSecondMask_SS14_10: SS[14:10] are don't care in Alarm comparison.
1391:./Libraries/src/stm32f4xx_rtc.c ****   *                                          Only SS[9:0] are compared
1392:./Libraries/src/stm32f4xx_rtc.c ****   *     @arg RTC_AlarmSubSecondMask_SS14_11: SS[14:11] are don't care in Alarm comparison.
1393:./Libraries/src/stm32f4xx_rtc.c ****   *                                          Only SS[10:0] are compared
1394:./Libraries/src/stm32f4xx_rtc.c ****   *     @arg RTC_AlarmSubSecondMask_SS14_12: SS[14:12] are don't care in Alarm comparison.
1395:./Libraries/src/stm32f4xx_rtc.c ****   *                                          Only SS[11:0] are compared
1396:./Libraries/src/stm32f4xx_rtc.c ****   *     @arg RTC_AlarmSubSecondMask_SS14_13: SS[14:13] are don't care in Alarm comparison.
1397:./Libraries/src/stm32f4xx_rtc.c ****   *                                          Only SS[12:0] are compared
1398:./Libraries/src/stm32f4xx_rtc.c ****   *     @arg RTC_AlarmSubSecondMask_SS14   : SS[14] is don't care in Alarm comparison.
ARM GAS  /tmp/ccgzaD3d.s 			page 26


1399:./Libraries/src/stm32f4xx_rtc.c ****   *                                          Only SS[13:0] are compared
1400:./Libraries/src/stm32f4xx_rtc.c ****   *     @arg RTC_AlarmSubSecondMask_None   : SS[14:0] are compared and must match
1401:./Libraries/src/stm32f4xx_rtc.c ****   *                                          to activate alarm
1402:./Libraries/src/stm32f4xx_rtc.c ****   * @retval None
1403:./Libraries/src/stm32f4xx_rtc.c ****   */
1404:./Libraries/src/stm32f4xx_rtc.c **** void RTC_AlarmSubSecondConfig(uint32_t RTC_Alarm, uint32_t RTC_AlarmSubSecondValue, uint32_t RTC_Al
1405:./Libraries/src/stm32f4xx_rtc.c **** {
1406:./Libraries/src/stm32f4xx_rtc.c ****   uint32_t tmpreg = 0;
1407:./Libraries/src/stm32f4xx_rtc.c **** 
1408:./Libraries/src/stm32f4xx_rtc.c ****   /* Check the parameters */
1409:./Libraries/src/stm32f4xx_rtc.c ****   assert_param(IS_RTC_ALARM(RTC_Alarm));
1410:./Libraries/src/stm32f4xx_rtc.c ****   assert_param(IS_RTC_ALARM_SUB_SECOND_VALUE(RTC_AlarmSubSecondValue));
1411:./Libraries/src/stm32f4xx_rtc.c ****   assert_param(IS_RTC_ALARM_SUB_SECOND_MASK(RTC_AlarmSubSecondMask));
1412:./Libraries/src/stm32f4xx_rtc.c ****   
1413:./Libraries/src/stm32f4xx_rtc.c ****   /* Disable the write protection for RTC registers */
1414:./Libraries/src/stm32f4xx_rtc.c ****   RTC->WPR = 0xCA;
1415:./Libraries/src/stm32f4xx_rtc.c ****   RTC->WPR = 0x53;
1416:./Libraries/src/stm32f4xx_rtc.c ****   
1417:./Libraries/src/stm32f4xx_rtc.c ****   /* Configure the Alarm A or Alarm B Sub Second registers */
1418:./Libraries/src/stm32f4xx_rtc.c ****   tmpreg = (uint32_t) (uint32_t)(RTC_AlarmSubSecondValue) | (uint32_t)(RTC_AlarmSubSecondMask);
1419:./Libraries/src/stm32f4xx_rtc.c ****   
1420:./Libraries/src/stm32f4xx_rtc.c ****   if (RTC_Alarm == RTC_Alarm_A)
1421:./Libraries/src/stm32f4xx_rtc.c ****   {
1422:./Libraries/src/stm32f4xx_rtc.c ****     /* Configure the Alarm A Sub Second register */
1423:./Libraries/src/stm32f4xx_rtc.c ****     RTC->ALRMASSR = tmpreg;
1424:./Libraries/src/stm32f4xx_rtc.c ****   }
1425:./Libraries/src/stm32f4xx_rtc.c ****   else
1426:./Libraries/src/stm32f4xx_rtc.c ****   {
1427:./Libraries/src/stm32f4xx_rtc.c ****     /* Configure the Alarm B Sub Second register */
1428:./Libraries/src/stm32f4xx_rtc.c ****     RTC->ALRMBSSR = tmpreg;
1429:./Libraries/src/stm32f4xx_rtc.c ****   }
1430:./Libraries/src/stm32f4xx_rtc.c **** 
1431:./Libraries/src/stm32f4xx_rtc.c ****   /* Enable the write protection for RTC registers */
1432:./Libraries/src/stm32f4xx_rtc.c ****   RTC->WPR = 0xFF;
1433:./Libraries/src/stm32f4xx_rtc.c **** 
1434:./Libraries/src/stm32f4xx_rtc.c **** }
1435:./Libraries/src/stm32f4xx_rtc.c **** 
1436:./Libraries/src/stm32f4xx_rtc.c **** /**
1437:./Libraries/src/stm32f4xx_rtc.c ****   * @brief  Gets the RTC Alarm Sub seconds value.
1438:./Libraries/src/stm32f4xx_rtc.c ****   * @param  RTC_Alarm: specifies the alarm to be read.
1439:./Libraries/src/stm32f4xx_rtc.c ****   *   This parameter can be one of the following values:
1440:./Libraries/src/stm32f4xx_rtc.c ****   *     @arg RTC_Alarm_A: to select Alarm A
1441:./Libraries/src/stm32f4xx_rtc.c ****   *     @arg RTC_Alarm_B: to select Alarm B
1442:./Libraries/src/stm32f4xx_rtc.c ****   * @param  None
1443:./Libraries/src/stm32f4xx_rtc.c ****   * @retval RTC Alarm Sub seconds value.
1444:./Libraries/src/stm32f4xx_rtc.c ****   */
1445:./Libraries/src/stm32f4xx_rtc.c **** uint32_t RTC_GetAlarmSubSecond(uint32_t RTC_Alarm)
1446:./Libraries/src/stm32f4xx_rtc.c **** {
1447:./Libraries/src/stm32f4xx_rtc.c ****   uint32_t tmpreg = 0;
1448:./Libraries/src/stm32f4xx_rtc.c ****   
1449:./Libraries/src/stm32f4xx_rtc.c ****   /* Get the RTC_ALRMxR register */
1450:./Libraries/src/stm32f4xx_rtc.c ****   if (RTC_Alarm == RTC_Alarm_A)
1451:./Libraries/src/stm32f4xx_rtc.c ****   {
1452:./Libraries/src/stm32f4xx_rtc.c ****     tmpreg = (uint32_t)((RTC->ALRMASSR) & RTC_ALRMASSR_SS);
1453:./Libraries/src/stm32f4xx_rtc.c ****   }
1454:./Libraries/src/stm32f4xx_rtc.c ****   else
1455:./Libraries/src/stm32f4xx_rtc.c ****   {
ARM GAS  /tmp/ccgzaD3d.s 			page 27


1456:./Libraries/src/stm32f4xx_rtc.c ****     tmpreg = (uint32_t)((RTC->ALRMBSSR) & RTC_ALRMBSSR_SS);
1457:./Libraries/src/stm32f4xx_rtc.c ****   } 
1458:./Libraries/src/stm32f4xx_rtc.c ****   
1459:./Libraries/src/stm32f4xx_rtc.c ****   return (tmpreg);
1460:./Libraries/src/stm32f4xx_rtc.c **** }
1461:./Libraries/src/stm32f4xx_rtc.c **** 
1462:./Libraries/src/stm32f4xx_rtc.c **** /**
1463:./Libraries/src/stm32f4xx_rtc.c ****   * @}
1464:./Libraries/src/stm32f4xx_rtc.c ****   */
1465:./Libraries/src/stm32f4xx_rtc.c **** 
1466:./Libraries/src/stm32f4xx_rtc.c **** /** @defgroup RTC_Group4 WakeUp Timer configuration functions
1467:./Libraries/src/stm32f4xx_rtc.c ****  *  @brief   WakeUp Timer configuration functions 
1468:./Libraries/src/stm32f4xx_rtc.c ****  *
1469:./Libraries/src/stm32f4xx_rtc.c **** @verbatim   
1470:./Libraries/src/stm32f4xx_rtc.c ****  ===============================================================================
1471:./Libraries/src/stm32f4xx_rtc.c ****                  ##### WakeUp Timer configuration functions #####
1472:./Libraries/src/stm32f4xx_rtc.c ****  ===============================================================================  
1473:./Libraries/src/stm32f4xx_rtc.c **** 
1474:./Libraries/src/stm32f4xx_rtc.c ****  [..] This section provide functions allowing to program and read the RTC WakeUp.
1475:./Libraries/src/stm32f4xx_rtc.c **** 
1476:./Libraries/src/stm32f4xx_rtc.c **** @endverbatim
1477:./Libraries/src/stm32f4xx_rtc.c ****   * @{
1478:./Libraries/src/stm32f4xx_rtc.c ****   */
1479:./Libraries/src/stm32f4xx_rtc.c **** 
1480:./Libraries/src/stm32f4xx_rtc.c **** /**
1481:./Libraries/src/stm32f4xx_rtc.c ****   * @brief  Configures the RTC Wakeup clock source.
1482:./Libraries/src/stm32f4xx_rtc.c ****   * @note   The WakeUp Clock source can only be changed when the RTC WakeUp
1483:./Libraries/src/stm32f4xx_rtc.c ****   *         is disabled (Use the RTC_WakeUpCmd(DISABLE)).      
1484:./Libraries/src/stm32f4xx_rtc.c ****   * @param  RTC_WakeUpClock: Wakeup Clock source.
1485:./Libraries/src/stm32f4xx_rtc.c ****   *          This parameter can be one of the following values:
1486:./Libraries/src/stm32f4xx_rtc.c ****   *            @arg RTC_WakeUpClock_RTCCLK_Div16: RTC Wakeup Counter Clock = RTCCLK/16
1487:./Libraries/src/stm32f4xx_rtc.c ****   *            @arg RTC_WakeUpClock_RTCCLK_Div8: RTC Wakeup Counter Clock = RTCCLK/8
1488:./Libraries/src/stm32f4xx_rtc.c ****   *            @arg RTC_WakeUpClock_RTCCLK_Div4: RTC Wakeup Counter Clock = RTCCLK/4
1489:./Libraries/src/stm32f4xx_rtc.c ****   *            @arg RTC_WakeUpClock_RTCCLK_Div2: RTC Wakeup Counter Clock = RTCCLK/2
1490:./Libraries/src/stm32f4xx_rtc.c ****   *            @arg RTC_WakeUpClock_CK_SPRE_16bits: RTC Wakeup Counter Clock = CK_SPRE
1491:./Libraries/src/stm32f4xx_rtc.c ****   *            @arg RTC_WakeUpClock_CK_SPRE_17bits: RTC Wakeup Counter Clock = CK_SPRE
1492:./Libraries/src/stm32f4xx_rtc.c ****   * @retval None
1493:./Libraries/src/stm32f4xx_rtc.c ****   */
1494:./Libraries/src/stm32f4xx_rtc.c **** void RTC_WakeUpClockConfig(uint32_t RTC_WakeUpClock)
1495:./Libraries/src/stm32f4xx_rtc.c **** {
1496:./Libraries/src/stm32f4xx_rtc.c ****   /* Check the parameters */
1497:./Libraries/src/stm32f4xx_rtc.c ****   assert_param(IS_RTC_WAKEUP_CLOCK(RTC_WakeUpClock));
1498:./Libraries/src/stm32f4xx_rtc.c **** 
1499:./Libraries/src/stm32f4xx_rtc.c ****   /* Disable the write protection for RTC registers */
1500:./Libraries/src/stm32f4xx_rtc.c ****   RTC->WPR = 0xCA;
1501:./Libraries/src/stm32f4xx_rtc.c ****   RTC->WPR = 0x53;
1502:./Libraries/src/stm32f4xx_rtc.c **** 
1503:./Libraries/src/stm32f4xx_rtc.c ****   /* Clear the Wakeup Timer clock source bits in CR register */
1504:./Libraries/src/stm32f4xx_rtc.c ****   RTC->CR &= (uint32_t)~RTC_CR_WUCKSEL;
1505:./Libraries/src/stm32f4xx_rtc.c **** 
1506:./Libraries/src/stm32f4xx_rtc.c ****   /* Configure the clock source */
1507:./Libraries/src/stm32f4xx_rtc.c ****   RTC->CR |= (uint32_t)RTC_WakeUpClock;
1508:./Libraries/src/stm32f4xx_rtc.c ****   
1509:./Libraries/src/stm32f4xx_rtc.c ****   /* Enable the write protection for RTC registers */
1510:./Libraries/src/stm32f4xx_rtc.c ****   RTC->WPR = 0xFF; 
1511:./Libraries/src/stm32f4xx_rtc.c **** }
1512:./Libraries/src/stm32f4xx_rtc.c **** 
ARM GAS  /tmp/ccgzaD3d.s 			page 28


1513:./Libraries/src/stm32f4xx_rtc.c **** /**
1514:./Libraries/src/stm32f4xx_rtc.c ****   * @brief  Configures the RTC Wakeup counter.
1515:./Libraries/src/stm32f4xx_rtc.c ****   * @note   The RTC WakeUp counter can only be written when the RTC WakeUp
1516:./Libraries/src/stm32f4xx_rtc.c ****   *         is disabled (Use the RTC_WakeUpCmd(DISABLE)).        
1517:./Libraries/src/stm32f4xx_rtc.c ****   * @param  RTC_WakeUpCounter: specifies the WakeUp counter.
1518:./Libraries/src/stm32f4xx_rtc.c ****   *          This parameter can be a value from 0x0000 to 0xFFFF. 
1519:./Libraries/src/stm32f4xx_rtc.c ****   * @retval None
1520:./Libraries/src/stm32f4xx_rtc.c ****   */
1521:./Libraries/src/stm32f4xx_rtc.c **** void RTC_SetWakeUpCounter(uint32_t RTC_WakeUpCounter)
1522:./Libraries/src/stm32f4xx_rtc.c **** {
1523:./Libraries/src/stm32f4xx_rtc.c ****   /* Check the parameters */
1524:./Libraries/src/stm32f4xx_rtc.c ****   assert_param(IS_RTC_WAKEUP_COUNTER(RTC_WakeUpCounter));
1525:./Libraries/src/stm32f4xx_rtc.c ****   
1526:./Libraries/src/stm32f4xx_rtc.c ****   /* Disable the write protection for RTC registers */
1527:./Libraries/src/stm32f4xx_rtc.c ****   RTC->WPR = 0xCA;
1528:./Libraries/src/stm32f4xx_rtc.c ****   RTC->WPR = 0x53;
1529:./Libraries/src/stm32f4xx_rtc.c ****   
1530:./Libraries/src/stm32f4xx_rtc.c ****   /* Configure the Wakeup Timer counter */
1531:./Libraries/src/stm32f4xx_rtc.c ****   RTC->WUTR = (uint32_t)RTC_WakeUpCounter;
1532:./Libraries/src/stm32f4xx_rtc.c ****   
1533:./Libraries/src/stm32f4xx_rtc.c ****   /* Enable the write protection for RTC registers */
1534:./Libraries/src/stm32f4xx_rtc.c ****   RTC->WPR = 0xFF; 
1535:./Libraries/src/stm32f4xx_rtc.c **** }
1536:./Libraries/src/stm32f4xx_rtc.c **** 
1537:./Libraries/src/stm32f4xx_rtc.c **** /**
1538:./Libraries/src/stm32f4xx_rtc.c ****   * @brief  Returns the RTC WakeUp timer counter value.
1539:./Libraries/src/stm32f4xx_rtc.c ****   * @param  None
1540:./Libraries/src/stm32f4xx_rtc.c ****   * @retval The RTC WakeUp Counter value.
1541:./Libraries/src/stm32f4xx_rtc.c ****   */
1542:./Libraries/src/stm32f4xx_rtc.c **** uint32_t RTC_GetWakeUpCounter(void)
1543:./Libraries/src/stm32f4xx_rtc.c **** {
1544:./Libraries/src/stm32f4xx_rtc.c ****   /* Get the counter value */
1545:./Libraries/src/stm32f4xx_rtc.c ****   return ((uint32_t)(RTC->WUTR & RTC_WUTR_WUT));
1546:./Libraries/src/stm32f4xx_rtc.c **** }
1547:./Libraries/src/stm32f4xx_rtc.c **** 
1548:./Libraries/src/stm32f4xx_rtc.c **** /**
1549:./Libraries/src/stm32f4xx_rtc.c ****   * @brief  Enables or Disables the RTC WakeUp timer.
1550:./Libraries/src/stm32f4xx_rtc.c ****   * @param  NewState: new state of the WakeUp timer.
1551:./Libraries/src/stm32f4xx_rtc.c ****   *          This parameter can be: ENABLE or DISABLE.
1552:./Libraries/src/stm32f4xx_rtc.c ****   * @retval None
1553:./Libraries/src/stm32f4xx_rtc.c ****   */
1554:./Libraries/src/stm32f4xx_rtc.c **** ErrorStatus RTC_WakeUpCmd(FunctionalState NewState)
1555:./Libraries/src/stm32f4xx_rtc.c **** {
1556:./Libraries/src/stm32f4xx_rtc.c ****   __IO uint32_t wutcounter = 0x00;
1557:./Libraries/src/stm32f4xx_rtc.c ****   uint32_t wutwfstatus = 0x00;
1558:./Libraries/src/stm32f4xx_rtc.c ****   ErrorStatus status = ERROR;
1559:./Libraries/src/stm32f4xx_rtc.c ****   
1560:./Libraries/src/stm32f4xx_rtc.c ****   /* Check the parameters */
1561:./Libraries/src/stm32f4xx_rtc.c ****   assert_param(IS_FUNCTIONAL_STATE(NewState));
1562:./Libraries/src/stm32f4xx_rtc.c **** 
1563:./Libraries/src/stm32f4xx_rtc.c ****   /* Disable the write protection for RTC registers */
1564:./Libraries/src/stm32f4xx_rtc.c ****   RTC->WPR = 0xCA;
1565:./Libraries/src/stm32f4xx_rtc.c ****   RTC->WPR = 0x53;
1566:./Libraries/src/stm32f4xx_rtc.c **** 
1567:./Libraries/src/stm32f4xx_rtc.c ****   if (NewState != DISABLE)
1568:./Libraries/src/stm32f4xx_rtc.c ****   {
1569:./Libraries/src/stm32f4xx_rtc.c ****     /* Enable the Wakeup Timer */
ARM GAS  /tmp/ccgzaD3d.s 			page 29


1570:./Libraries/src/stm32f4xx_rtc.c ****     RTC->CR |= (uint32_t)RTC_CR_WUTE;
1571:./Libraries/src/stm32f4xx_rtc.c ****     status = SUCCESS;    
1572:./Libraries/src/stm32f4xx_rtc.c ****   }
1573:./Libraries/src/stm32f4xx_rtc.c ****   else
1574:./Libraries/src/stm32f4xx_rtc.c ****   {
1575:./Libraries/src/stm32f4xx_rtc.c ****     /* Disable the Wakeup Timer */
1576:./Libraries/src/stm32f4xx_rtc.c ****     RTC->CR &= (uint32_t)~RTC_CR_WUTE;
1577:./Libraries/src/stm32f4xx_rtc.c ****     /* Wait till RTC WUTWF flag is set and if Time out is reached exit */
1578:./Libraries/src/stm32f4xx_rtc.c ****     do
1579:./Libraries/src/stm32f4xx_rtc.c ****     {
1580:./Libraries/src/stm32f4xx_rtc.c ****       wutwfstatus = RTC->ISR & RTC_ISR_WUTWF;
1581:./Libraries/src/stm32f4xx_rtc.c ****       wutcounter++;  
1582:./Libraries/src/stm32f4xx_rtc.c ****     } while((wutcounter != INITMODE_TIMEOUT) && (wutwfstatus == 0x00));
1583:./Libraries/src/stm32f4xx_rtc.c ****     
1584:./Libraries/src/stm32f4xx_rtc.c ****     if ((RTC->ISR & RTC_ISR_WUTWF) == RESET)
1585:./Libraries/src/stm32f4xx_rtc.c ****     {
1586:./Libraries/src/stm32f4xx_rtc.c ****       status = ERROR;
1587:./Libraries/src/stm32f4xx_rtc.c ****     }
1588:./Libraries/src/stm32f4xx_rtc.c ****     else
1589:./Libraries/src/stm32f4xx_rtc.c ****     {
1590:./Libraries/src/stm32f4xx_rtc.c ****       status = SUCCESS;
1591:./Libraries/src/stm32f4xx_rtc.c ****     }    
1592:./Libraries/src/stm32f4xx_rtc.c ****   }
1593:./Libraries/src/stm32f4xx_rtc.c **** 
1594:./Libraries/src/stm32f4xx_rtc.c ****   /* Enable the write protection for RTC registers */
1595:./Libraries/src/stm32f4xx_rtc.c ****   RTC->WPR = 0xFF; 
1596:./Libraries/src/stm32f4xx_rtc.c ****   
1597:./Libraries/src/stm32f4xx_rtc.c ****   return status;
1598:./Libraries/src/stm32f4xx_rtc.c **** }
1599:./Libraries/src/stm32f4xx_rtc.c **** 
1600:./Libraries/src/stm32f4xx_rtc.c **** /**
1601:./Libraries/src/stm32f4xx_rtc.c ****   * @}
1602:./Libraries/src/stm32f4xx_rtc.c ****   */
1603:./Libraries/src/stm32f4xx_rtc.c **** 
1604:./Libraries/src/stm32f4xx_rtc.c **** /** @defgroup RTC_Group5 Daylight Saving configuration functions
1605:./Libraries/src/stm32f4xx_rtc.c ****  *  @brief   Daylight Saving configuration functions 
1606:./Libraries/src/stm32f4xx_rtc.c ****  *
1607:./Libraries/src/stm32f4xx_rtc.c **** @verbatim   
1608:./Libraries/src/stm32f4xx_rtc.c ****  ===============================================================================
1609:./Libraries/src/stm32f4xx_rtc.c ****               ##### Daylight Saving configuration functions #####
1610:./Libraries/src/stm32f4xx_rtc.c ****  ===============================================================================  
1611:./Libraries/src/stm32f4xx_rtc.c **** 
1612:./Libraries/src/stm32f4xx_rtc.c ****  [..] This section provide functions allowing to configure the RTC DayLight Saving.
1613:./Libraries/src/stm32f4xx_rtc.c **** 
1614:./Libraries/src/stm32f4xx_rtc.c **** @endverbatim
1615:./Libraries/src/stm32f4xx_rtc.c ****   * @{
1616:./Libraries/src/stm32f4xx_rtc.c ****   */
1617:./Libraries/src/stm32f4xx_rtc.c **** 
1618:./Libraries/src/stm32f4xx_rtc.c **** /**
1619:./Libraries/src/stm32f4xx_rtc.c ****   * @brief  Adds or substract one hour from the current time.
1620:./Libraries/src/stm32f4xx_rtc.c ****   * @param  RTC_DayLightSaveOperation: the value of hour adjustment. 
1621:./Libraries/src/stm32f4xx_rtc.c ****   *          This parameter can be one of the following values:
1622:./Libraries/src/stm32f4xx_rtc.c ****   *            @arg RTC_DayLightSaving_SUB1H: Substract one hour (winter time)
1623:./Libraries/src/stm32f4xx_rtc.c ****   *            @arg RTC_DayLightSaving_ADD1H: Add one hour (summer time)
1624:./Libraries/src/stm32f4xx_rtc.c ****   * @param  RTC_StoreOperation: Specifies the value to be written in the BCK bit 
1625:./Libraries/src/stm32f4xx_rtc.c ****   *                            in CR register to store the operation.
1626:./Libraries/src/stm32f4xx_rtc.c ****   *          This parameter can be one of the following values:
ARM GAS  /tmp/ccgzaD3d.s 			page 30


1627:./Libraries/src/stm32f4xx_rtc.c ****   *            @arg RTC_StoreOperation_Reset: BCK Bit Reset
1628:./Libraries/src/stm32f4xx_rtc.c ****   *            @arg RTC_StoreOperation_Set: BCK Bit Set
1629:./Libraries/src/stm32f4xx_rtc.c ****   * @retval None
1630:./Libraries/src/stm32f4xx_rtc.c ****   */
1631:./Libraries/src/stm32f4xx_rtc.c **** void RTC_DayLightSavingConfig(uint32_t RTC_DayLightSaving, uint32_t RTC_StoreOperation)
1632:./Libraries/src/stm32f4xx_rtc.c **** {
1633:./Libraries/src/stm32f4xx_rtc.c ****   /* Check the parameters */
1634:./Libraries/src/stm32f4xx_rtc.c ****   assert_param(IS_RTC_DAYLIGHT_SAVING(RTC_DayLightSaving));
1635:./Libraries/src/stm32f4xx_rtc.c ****   assert_param(IS_RTC_STORE_OPERATION(RTC_StoreOperation));
1636:./Libraries/src/stm32f4xx_rtc.c **** 
1637:./Libraries/src/stm32f4xx_rtc.c ****   /* Disable the write protection for RTC registers */
1638:./Libraries/src/stm32f4xx_rtc.c ****   RTC->WPR = 0xCA;
1639:./Libraries/src/stm32f4xx_rtc.c ****   RTC->WPR = 0x53;
1640:./Libraries/src/stm32f4xx_rtc.c **** 
1641:./Libraries/src/stm32f4xx_rtc.c ****   /* Clear the bits to be configured */
1642:./Libraries/src/stm32f4xx_rtc.c ****   RTC->CR &= (uint32_t)~(RTC_CR_BCK);
1643:./Libraries/src/stm32f4xx_rtc.c **** 
1644:./Libraries/src/stm32f4xx_rtc.c ****   /* Configure the RTC_CR register */
1645:./Libraries/src/stm32f4xx_rtc.c ****   RTC->CR |= (uint32_t)(RTC_DayLightSaving | RTC_StoreOperation);
1646:./Libraries/src/stm32f4xx_rtc.c **** 
1647:./Libraries/src/stm32f4xx_rtc.c ****   /* Enable the write protection for RTC registers */
1648:./Libraries/src/stm32f4xx_rtc.c ****   RTC->WPR = 0xFF; 
1649:./Libraries/src/stm32f4xx_rtc.c **** }
1650:./Libraries/src/stm32f4xx_rtc.c **** 
1651:./Libraries/src/stm32f4xx_rtc.c **** /**
1652:./Libraries/src/stm32f4xx_rtc.c ****   * @brief  Returns the RTC Day Light Saving stored operation.
1653:./Libraries/src/stm32f4xx_rtc.c ****   * @param  None
1654:./Libraries/src/stm32f4xx_rtc.c ****   * @retval RTC Day Light Saving stored operation.
1655:./Libraries/src/stm32f4xx_rtc.c ****   *          - RTC_StoreOperation_Reset
1656:./Libraries/src/stm32f4xx_rtc.c ****   *          - RTC_StoreOperation_Set       
1657:./Libraries/src/stm32f4xx_rtc.c ****   */
1658:./Libraries/src/stm32f4xx_rtc.c **** uint32_t RTC_GetStoreOperation(void)
1659:./Libraries/src/stm32f4xx_rtc.c **** {
1660:./Libraries/src/stm32f4xx_rtc.c ****   return (RTC->CR & RTC_CR_BCK);
1661:./Libraries/src/stm32f4xx_rtc.c **** }
1662:./Libraries/src/stm32f4xx_rtc.c **** 
1663:./Libraries/src/stm32f4xx_rtc.c **** /**
1664:./Libraries/src/stm32f4xx_rtc.c ****   * @}
1665:./Libraries/src/stm32f4xx_rtc.c ****   */
1666:./Libraries/src/stm32f4xx_rtc.c **** 
1667:./Libraries/src/stm32f4xx_rtc.c **** /** @defgroup RTC_Group6 Output pin Configuration function
1668:./Libraries/src/stm32f4xx_rtc.c ****  *  @brief   Output pin Configuration function 
1669:./Libraries/src/stm32f4xx_rtc.c ****  *
1670:./Libraries/src/stm32f4xx_rtc.c **** @verbatim   
1671:./Libraries/src/stm32f4xx_rtc.c ****  ===============================================================================
1672:./Libraries/src/stm32f4xx_rtc.c ****                  ##### Output pin Configuration function #####
1673:./Libraries/src/stm32f4xx_rtc.c ****  ===============================================================================  
1674:./Libraries/src/stm32f4xx_rtc.c **** 
1675:./Libraries/src/stm32f4xx_rtc.c ****  [..] This section provide functions allowing to configure the RTC Output source.
1676:./Libraries/src/stm32f4xx_rtc.c **** 
1677:./Libraries/src/stm32f4xx_rtc.c **** @endverbatim
1678:./Libraries/src/stm32f4xx_rtc.c ****   * @{
1679:./Libraries/src/stm32f4xx_rtc.c ****   */
1680:./Libraries/src/stm32f4xx_rtc.c **** 
1681:./Libraries/src/stm32f4xx_rtc.c **** /**
1682:./Libraries/src/stm32f4xx_rtc.c ****   * @brief  Configures the RTC output source (AFO_ALARM).
1683:./Libraries/src/stm32f4xx_rtc.c ****   * @param  RTC_Output: Specifies which signal will be routed to the RTC output. 
ARM GAS  /tmp/ccgzaD3d.s 			page 31


1684:./Libraries/src/stm32f4xx_rtc.c ****   *          This parameter can be one of the following values:
1685:./Libraries/src/stm32f4xx_rtc.c ****   *            @arg RTC_Output_Disable: No output selected
1686:./Libraries/src/stm32f4xx_rtc.c ****   *            @arg RTC_Output_AlarmA: signal of AlarmA mapped to output
1687:./Libraries/src/stm32f4xx_rtc.c ****   *            @arg RTC_Output_AlarmB: signal of AlarmB mapped to output
1688:./Libraries/src/stm32f4xx_rtc.c ****   *            @arg RTC_Output_WakeUp: signal of WakeUp mapped to output
1689:./Libraries/src/stm32f4xx_rtc.c ****   * @param  RTC_OutputPolarity: Specifies the polarity of the output signal. 
1690:./Libraries/src/stm32f4xx_rtc.c ****   *          This parameter can be one of the following:
1691:./Libraries/src/stm32f4xx_rtc.c ****   *            @arg RTC_OutputPolarity_High: The output pin is high when the 
1692:./Libraries/src/stm32f4xx_rtc.c ****   *                                 ALRAF/ALRBF/WUTF is high (depending on OSEL)
1693:./Libraries/src/stm32f4xx_rtc.c ****   *            @arg RTC_OutputPolarity_Low: The output pin is low when the 
1694:./Libraries/src/stm32f4xx_rtc.c ****   *                                 ALRAF/ALRBF/WUTF is high (depending on OSEL)
1695:./Libraries/src/stm32f4xx_rtc.c ****   * @retval None
1696:./Libraries/src/stm32f4xx_rtc.c ****   */
1697:./Libraries/src/stm32f4xx_rtc.c **** void RTC_OutputConfig(uint32_t RTC_Output, uint32_t RTC_OutputPolarity)
1698:./Libraries/src/stm32f4xx_rtc.c **** {
1699:./Libraries/src/stm32f4xx_rtc.c ****   /* Check the parameters */
1700:./Libraries/src/stm32f4xx_rtc.c ****   assert_param(IS_RTC_OUTPUT(RTC_Output));
1701:./Libraries/src/stm32f4xx_rtc.c ****   assert_param(IS_RTC_OUTPUT_POL(RTC_OutputPolarity));
1702:./Libraries/src/stm32f4xx_rtc.c **** 
1703:./Libraries/src/stm32f4xx_rtc.c ****   /* Disable the write protection for RTC registers */
1704:./Libraries/src/stm32f4xx_rtc.c ****   RTC->WPR = 0xCA;
1705:./Libraries/src/stm32f4xx_rtc.c ****   RTC->WPR = 0x53;
1706:./Libraries/src/stm32f4xx_rtc.c **** 
1707:./Libraries/src/stm32f4xx_rtc.c ****   /* Clear the bits to be configured */
1708:./Libraries/src/stm32f4xx_rtc.c ****   RTC->CR &= (uint32_t)~(RTC_CR_OSEL | RTC_CR_POL);
1709:./Libraries/src/stm32f4xx_rtc.c **** 
1710:./Libraries/src/stm32f4xx_rtc.c ****   /* Configure the output selection and polarity */
1711:./Libraries/src/stm32f4xx_rtc.c ****   RTC->CR |= (uint32_t)(RTC_Output | RTC_OutputPolarity);
1712:./Libraries/src/stm32f4xx_rtc.c **** 
1713:./Libraries/src/stm32f4xx_rtc.c ****   /* Enable the write protection for RTC registers */
1714:./Libraries/src/stm32f4xx_rtc.c ****   RTC->WPR = 0xFF; 
1715:./Libraries/src/stm32f4xx_rtc.c **** }
1716:./Libraries/src/stm32f4xx_rtc.c **** 
1717:./Libraries/src/stm32f4xx_rtc.c **** /**
1718:./Libraries/src/stm32f4xx_rtc.c ****   * @}
1719:./Libraries/src/stm32f4xx_rtc.c ****   */
1720:./Libraries/src/stm32f4xx_rtc.c **** 
1721:./Libraries/src/stm32f4xx_rtc.c **** /** @defgroup RTC_Group7 Digital Calibration configuration functions
1722:./Libraries/src/stm32f4xx_rtc.c ****  *  @brief   Coarse Calibration configuration functions 
1723:./Libraries/src/stm32f4xx_rtc.c ****  *
1724:./Libraries/src/stm32f4xx_rtc.c **** @verbatim   
1725:./Libraries/src/stm32f4xx_rtc.c ****  ===============================================================================
1726:./Libraries/src/stm32f4xx_rtc.c ****               ##### Digital Calibration configuration functions #####
1727:./Libraries/src/stm32f4xx_rtc.c ****  ===============================================================================  
1728:./Libraries/src/stm32f4xx_rtc.c **** 
1729:./Libraries/src/stm32f4xx_rtc.c **** @endverbatim
1730:./Libraries/src/stm32f4xx_rtc.c ****   * @{
1731:./Libraries/src/stm32f4xx_rtc.c ****   */
1732:./Libraries/src/stm32f4xx_rtc.c **** 
1733:./Libraries/src/stm32f4xx_rtc.c **** /**
1734:./Libraries/src/stm32f4xx_rtc.c ****   * @brief  Configures the Coarse calibration parameters.
1735:./Libraries/src/stm32f4xx_rtc.c ****   * @param  RTC_CalibSign: specifies the sign of the coarse calibration value.
1736:./Libraries/src/stm32f4xx_rtc.c ****   *          This parameter can be  one of the following values:
1737:./Libraries/src/stm32f4xx_rtc.c ****   *            @arg RTC_CalibSign_Positive: The value sign is positive 
1738:./Libraries/src/stm32f4xx_rtc.c ****   *            @arg RTC_CalibSign_Negative: The value sign is negative
1739:./Libraries/src/stm32f4xx_rtc.c ****   * @param  Value: value of coarse calibration expressed in ppm (coded on 5 bits).
1740:./Libraries/src/stm32f4xx_rtc.c ****   *    
ARM GAS  /tmp/ccgzaD3d.s 			page 32


1741:./Libraries/src/stm32f4xx_rtc.c ****   * @note   This Calibration value should be between 0 and 63 when using negative
1742:./Libraries/src/stm32f4xx_rtc.c ****   *         sign with a 2-ppm step.
1743:./Libraries/src/stm32f4xx_rtc.c ****   *           
1744:./Libraries/src/stm32f4xx_rtc.c ****   * @note   This Calibration value should be between 0 and 126 when using positive
1745:./Libraries/src/stm32f4xx_rtc.c ****   *         sign with a 4-ppm step.
1746:./Libraries/src/stm32f4xx_rtc.c ****   *           
1747:./Libraries/src/stm32f4xx_rtc.c ****   * @retval An ErrorStatus enumeration value:
1748:./Libraries/src/stm32f4xx_rtc.c ****   *          - SUCCESS: RTC Coarse calibration are initialized
1749:./Libraries/src/stm32f4xx_rtc.c ****   *          - ERROR: RTC Coarse calibration are not initialized     
1750:./Libraries/src/stm32f4xx_rtc.c ****   */
1751:./Libraries/src/stm32f4xx_rtc.c **** ErrorStatus RTC_CoarseCalibConfig(uint32_t RTC_CalibSign, uint32_t Value)
1752:./Libraries/src/stm32f4xx_rtc.c **** {
1753:./Libraries/src/stm32f4xx_rtc.c ****   ErrorStatus status = ERROR;
1754:./Libraries/src/stm32f4xx_rtc.c ****    
1755:./Libraries/src/stm32f4xx_rtc.c ****   /* Check the parameters */
1756:./Libraries/src/stm32f4xx_rtc.c ****   assert_param(IS_RTC_CALIB_SIGN(RTC_CalibSign));
1757:./Libraries/src/stm32f4xx_rtc.c ****   assert_param(IS_RTC_CALIB_VALUE(Value)); 
1758:./Libraries/src/stm32f4xx_rtc.c **** 
1759:./Libraries/src/stm32f4xx_rtc.c ****   /* Disable the write protection for RTC registers */
1760:./Libraries/src/stm32f4xx_rtc.c ****   RTC->WPR = 0xCA;
1761:./Libraries/src/stm32f4xx_rtc.c ****   RTC->WPR = 0x53;
1762:./Libraries/src/stm32f4xx_rtc.c **** 
1763:./Libraries/src/stm32f4xx_rtc.c ****   /* Set Initialization mode */
1764:./Libraries/src/stm32f4xx_rtc.c ****   if (RTC_EnterInitMode() == ERROR)
1765:./Libraries/src/stm32f4xx_rtc.c ****   {
1766:./Libraries/src/stm32f4xx_rtc.c ****     status = ERROR;
1767:./Libraries/src/stm32f4xx_rtc.c ****   } 
1768:./Libraries/src/stm32f4xx_rtc.c ****   else
1769:./Libraries/src/stm32f4xx_rtc.c ****   {
1770:./Libraries/src/stm32f4xx_rtc.c ****     /* Set the coarse calibration value */
1771:./Libraries/src/stm32f4xx_rtc.c ****     RTC->CALIBR = (uint32_t)(RTC_CalibSign | Value);
1772:./Libraries/src/stm32f4xx_rtc.c ****     /* Exit Initialization mode */
1773:./Libraries/src/stm32f4xx_rtc.c ****     RTC_ExitInitMode();
1774:./Libraries/src/stm32f4xx_rtc.c ****     
1775:./Libraries/src/stm32f4xx_rtc.c ****     status = SUCCESS;
1776:./Libraries/src/stm32f4xx_rtc.c ****   } 
1777:./Libraries/src/stm32f4xx_rtc.c **** 
1778:./Libraries/src/stm32f4xx_rtc.c ****   /* Enable the write protection for RTC registers */
1779:./Libraries/src/stm32f4xx_rtc.c ****   RTC->WPR = 0xFF; 
1780:./Libraries/src/stm32f4xx_rtc.c ****   
1781:./Libraries/src/stm32f4xx_rtc.c ****   return status;
1782:./Libraries/src/stm32f4xx_rtc.c **** }
1783:./Libraries/src/stm32f4xx_rtc.c **** 
1784:./Libraries/src/stm32f4xx_rtc.c **** /**
1785:./Libraries/src/stm32f4xx_rtc.c ****   * @brief  Enables or disables the Coarse calibration process.
1786:./Libraries/src/stm32f4xx_rtc.c ****   * @param  NewState: new state of the Coarse calibration.
1787:./Libraries/src/stm32f4xx_rtc.c ****   *          This parameter can be: ENABLE or DISABLE.
1788:./Libraries/src/stm32f4xx_rtc.c ****   * @retval An ErrorStatus enumeration value:
1789:./Libraries/src/stm32f4xx_rtc.c ****   *          - SUCCESS: RTC Coarse calibration are enabled/disabled
1790:./Libraries/src/stm32f4xx_rtc.c ****   *          - ERROR: RTC Coarse calibration are not enabled/disabled    
1791:./Libraries/src/stm32f4xx_rtc.c ****   */
1792:./Libraries/src/stm32f4xx_rtc.c **** ErrorStatus RTC_CoarseCalibCmd(FunctionalState NewState)
1793:./Libraries/src/stm32f4xx_rtc.c **** {
1794:./Libraries/src/stm32f4xx_rtc.c ****   ErrorStatus status = ERROR;
1795:./Libraries/src/stm32f4xx_rtc.c ****   
1796:./Libraries/src/stm32f4xx_rtc.c ****   /* Check the parameters */
1797:./Libraries/src/stm32f4xx_rtc.c ****   assert_param(IS_FUNCTIONAL_STATE(NewState));
ARM GAS  /tmp/ccgzaD3d.s 			page 33


1798:./Libraries/src/stm32f4xx_rtc.c **** 
1799:./Libraries/src/stm32f4xx_rtc.c ****   /* Disable the write protection for RTC registers */
1800:./Libraries/src/stm32f4xx_rtc.c ****   RTC->WPR = 0xCA;
1801:./Libraries/src/stm32f4xx_rtc.c ****   RTC->WPR = 0x53;
1802:./Libraries/src/stm32f4xx_rtc.c ****   
1803:./Libraries/src/stm32f4xx_rtc.c ****   /* Set Initialization mode */
1804:./Libraries/src/stm32f4xx_rtc.c ****   if (RTC_EnterInitMode() == ERROR)
1805:./Libraries/src/stm32f4xx_rtc.c ****   {
1806:./Libraries/src/stm32f4xx_rtc.c ****     status =  ERROR;
1807:./Libraries/src/stm32f4xx_rtc.c ****   }
1808:./Libraries/src/stm32f4xx_rtc.c ****   else
1809:./Libraries/src/stm32f4xx_rtc.c ****   {
1810:./Libraries/src/stm32f4xx_rtc.c ****     if (NewState != DISABLE)
1811:./Libraries/src/stm32f4xx_rtc.c ****     {
1812:./Libraries/src/stm32f4xx_rtc.c ****       /* Enable the Coarse Calibration */
1813:./Libraries/src/stm32f4xx_rtc.c ****       RTC->CR |= (uint32_t)RTC_CR_DCE;
1814:./Libraries/src/stm32f4xx_rtc.c ****     }
1815:./Libraries/src/stm32f4xx_rtc.c ****     else
1816:./Libraries/src/stm32f4xx_rtc.c ****     { 
1817:./Libraries/src/stm32f4xx_rtc.c ****       /* Disable the Coarse Calibration */
1818:./Libraries/src/stm32f4xx_rtc.c ****       RTC->CR &= (uint32_t)~RTC_CR_DCE;
1819:./Libraries/src/stm32f4xx_rtc.c ****     }
1820:./Libraries/src/stm32f4xx_rtc.c ****     /* Exit Initialization mode */
1821:./Libraries/src/stm32f4xx_rtc.c ****     RTC_ExitInitMode();
1822:./Libraries/src/stm32f4xx_rtc.c ****     
1823:./Libraries/src/stm32f4xx_rtc.c ****     status = SUCCESS;
1824:./Libraries/src/stm32f4xx_rtc.c ****   } 
1825:./Libraries/src/stm32f4xx_rtc.c ****   
1826:./Libraries/src/stm32f4xx_rtc.c ****   /* Enable the write protection for RTC registers */
1827:./Libraries/src/stm32f4xx_rtc.c ****   RTC->WPR = 0xFF; 
1828:./Libraries/src/stm32f4xx_rtc.c ****   
1829:./Libraries/src/stm32f4xx_rtc.c ****   return status;
1830:./Libraries/src/stm32f4xx_rtc.c **** }
1831:./Libraries/src/stm32f4xx_rtc.c **** 
1832:./Libraries/src/stm32f4xx_rtc.c **** /**
1833:./Libraries/src/stm32f4xx_rtc.c ****   * @brief  Enables or disables the RTC clock to be output through the relative pin.
1834:./Libraries/src/stm32f4xx_rtc.c ****   * @param  NewState: new state of the digital calibration Output.
1835:./Libraries/src/stm32f4xx_rtc.c ****   *          This parameter can be: ENABLE or DISABLE.
1836:./Libraries/src/stm32f4xx_rtc.c ****   * @retval None
1837:./Libraries/src/stm32f4xx_rtc.c ****   */
1838:./Libraries/src/stm32f4xx_rtc.c **** void RTC_CalibOutputCmd(FunctionalState NewState)
1839:./Libraries/src/stm32f4xx_rtc.c **** {
1840:./Libraries/src/stm32f4xx_rtc.c ****   /* Check the parameters */
1841:./Libraries/src/stm32f4xx_rtc.c ****   assert_param(IS_FUNCTIONAL_STATE(NewState));
1842:./Libraries/src/stm32f4xx_rtc.c ****   
1843:./Libraries/src/stm32f4xx_rtc.c ****   /* Disable the write protection for RTC registers */
1844:./Libraries/src/stm32f4xx_rtc.c ****   RTC->WPR = 0xCA;
1845:./Libraries/src/stm32f4xx_rtc.c ****   RTC->WPR = 0x53;
1846:./Libraries/src/stm32f4xx_rtc.c ****   
1847:./Libraries/src/stm32f4xx_rtc.c ****   if (NewState != DISABLE)
1848:./Libraries/src/stm32f4xx_rtc.c ****   {
1849:./Libraries/src/stm32f4xx_rtc.c ****     /* Enable the RTC clock output */
1850:./Libraries/src/stm32f4xx_rtc.c ****     RTC->CR |= (uint32_t)RTC_CR_COE;
1851:./Libraries/src/stm32f4xx_rtc.c ****   }
1852:./Libraries/src/stm32f4xx_rtc.c ****   else
1853:./Libraries/src/stm32f4xx_rtc.c ****   { 
1854:./Libraries/src/stm32f4xx_rtc.c ****     /* Disable the RTC clock output */
ARM GAS  /tmp/ccgzaD3d.s 			page 34


1855:./Libraries/src/stm32f4xx_rtc.c ****     RTC->CR &= (uint32_t)~RTC_CR_COE;
1856:./Libraries/src/stm32f4xx_rtc.c ****   }
1857:./Libraries/src/stm32f4xx_rtc.c ****   
1858:./Libraries/src/stm32f4xx_rtc.c ****   /* Enable the write protection for RTC registers */
1859:./Libraries/src/stm32f4xx_rtc.c ****   RTC->WPR = 0xFF; 
1860:./Libraries/src/stm32f4xx_rtc.c **** }
1861:./Libraries/src/stm32f4xx_rtc.c **** 
1862:./Libraries/src/stm32f4xx_rtc.c **** /**
1863:./Libraries/src/stm32f4xx_rtc.c ****   * @brief  Configure the Calibration Pinout (RTC_CALIB) Selection (1Hz or 512Hz).
1864:./Libraries/src/stm32f4xx_rtc.c ****   * @param  RTC_CalibOutput : Select the Calibration output Selection .
1865:./Libraries/src/stm32f4xx_rtc.c ****   *   This parameter can be one of the following values:
1866:./Libraries/src/stm32f4xx_rtc.c ****   *     @arg RTC_CalibOutput_512Hz: A signal has a regular waveform at 512Hz. 
1867:./Libraries/src/stm32f4xx_rtc.c ****   *     @arg RTC_CalibOutput_1Hz  : A signal has a regular waveform at 1Hz.
1868:./Libraries/src/stm32f4xx_rtc.c ****   * @retval None
1869:./Libraries/src/stm32f4xx_rtc.c **** */
1870:./Libraries/src/stm32f4xx_rtc.c **** void RTC_CalibOutputConfig(uint32_t RTC_CalibOutput)
1871:./Libraries/src/stm32f4xx_rtc.c **** {
1872:./Libraries/src/stm32f4xx_rtc.c ****   /* Check the parameters */
1873:./Libraries/src/stm32f4xx_rtc.c ****   assert_param(IS_RTC_CALIB_OUTPUT(RTC_CalibOutput));
1874:./Libraries/src/stm32f4xx_rtc.c **** 
1875:./Libraries/src/stm32f4xx_rtc.c ****   /* Disable the write protection for RTC registers */
1876:./Libraries/src/stm32f4xx_rtc.c ****   RTC->WPR = 0xCA;
1877:./Libraries/src/stm32f4xx_rtc.c ****   RTC->WPR = 0x53;
1878:./Libraries/src/stm32f4xx_rtc.c ****   
1879:./Libraries/src/stm32f4xx_rtc.c ****   /*clear flags before configuration */
1880:./Libraries/src/stm32f4xx_rtc.c ****   RTC->CR &= (uint32_t)~(RTC_CR_COSEL);
1881:./Libraries/src/stm32f4xx_rtc.c **** 
1882:./Libraries/src/stm32f4xx_rtc.c ****   /* Configure the RTC_CR register */
1883:./Libraries/src/stm32f4xx_rtc.c ****   RTC->CR |= (uint32_t)RTC_CalibOutput;
1884:./Libraries/src/stm32f4xx_rtc.c **** 
1885:./Libraries/src/stm32f4xx_rtc.c ****   /* Enable the write protection for RTC registers */
1886:./Libraries/src/stm32f4xx_rtc.c ****   RTC->WPR = 0xFF;
1887:./Libraries/src/stm32f4xx_rtc.c **** }
1888:./Libraries/src/stm32f4xx_rtc.c **** 
1889:./Libraries/src/stm32f4xx_rtc.c **** /**
1890:./Libraries/src/stm32f4xx_rtc.c ****   * @brief  Configures the Smooth Calibration Settings.
1891:./Libraries/src/stm32f4xx_rtc.c ****   * @param  RTC_SmoothCalibPeriod : Select the Smooth Calibration Period.
1892:./Libraries/src/stm32f4xx_rtc.c ****   *   This parameter can be can be one of the following values:
1893:./Libraries/src/stm32f4xx_rtc.c ****   *     @arg RTC_SmoothCalibPeriod_32sec : The smooth calibration period is 32s.
1894:./Libraries/src/stm32f4xx_rtc.c ****   *     @arg RTC_SmoothCalibPeriod_16sec : The smooth calibration period is 16s.
1895:./Libraries/src/stm32f4xx_rtc.c ****   *     @arg RTC_SmoothCalibPeriod_8sec  : The smooth calibration period is 8s.
1896:./Libraries/src/stm32f4xx_rtc.c ****   * @param  RTC_SmoothCalibPlusPulses : Select to Set or reset the CALP bit.
1897:./Libraries/src/stm32f4xx_rtc.c ****   *   This parameter can be one of the following values:
1898:./Libraries/src/stm32f4xx_rtc.c ****   *     @arg RTC_SmoothCalibPlusPulses_Set  : Add one RTCCLK pulse every 2**11 pulses.
1899:./Libraries/src/stm32f4xx_rtc.c ****   *     @arg RTC_SmoothCalibPlusPulses_Reset: No RTCCLK pulses are added.
1900:./Libraries/src/stm32f4xx_rtc.c ****   * @param  RTC_SmouthCalibMinusPulsesValue: Select the value of CALM[8:0] bits.
1901:./Libraries/src/stm32f4xx_rtc.c ****   *   This parameter can be one any value from 0 to 0x000001FF.
1902:./Libraries/src/stm32f4xx_rtc.c ****   * @retval An ErrorStatus enumeration value:
1903:./Libraries/src/stm32f4xx_rtc.c ****   *          - SUCCESS: RTC Calib registers are configured
1904:./Libraries/src/stm32f4xx_rtc.c ****   *          - ERROR: RTC Calib registers are not configured
1905:./Libraries/src/stm32f4xx_rtc.c **** */
1906:./Libraries/src/stm32f4xx_rtc.c **** ErrorStatus RTC_SmoothCalibConfig(uint32_t RTC_SmoothCalibPeriod,
1907:./Libraries/src/stm32f4xx_rtc.c ****                                   uint32_t RTC_SmoothCalibPlusPulses,
1908:./Libraries/src/stm32f4xx_rtc.c ****                                   uint32_t RTC_SmouthCalibMinusPulsesValue)
1909:./Libraries/src/stm32f4xx_rtc.c **** {
1910:./Libraries/src/stm32f4xx_rtc.c ****   ErrorStatus status = ERROR;
1911:./Libraries/src/stm32f4xx_rtc.c ****   uint32_t recalpfcount = 0;
ARM GAS  /tmp/ccgzaD3d.s 			page 35


1912:./Libraries/src/stm32f4xx_rtc.c **** 
1913:./Libraries/src/stm32f4xx_rtc.c ****   /* Check the parameters */
1914:./Libraries/src/stm32f4xx_rtc.c ****   assert_param(IS_RTC_SMOOTH_CALIB_PERIOD(RTC_SmoothCalibPeriod));
1915:./Libraries/src/stm32f4xx_rtc.c ****   assert_param(IS_RTC_SMOOTH_CALIB_PLUS(RTC_SmoothCalibPlusPulses));
1916:./Libraries/src/stm32f4xx_rtc.c ****   assert_param(IS_RTC_SMOOTH_CALIB_MINUS(RTC_SmouthCalibMinusPulsesValue));
1917:./Libraries/src/stm32f4xx_rtc.c **** 
1918:./Libraries/src/stm32f4xx_rtc.c ****   /* Disable the write protection for RTC registers */
1919:./Libraries/src/stm32f4xx_rtc.c ****   RTC->WPR = 0xCA;
1920:./Libraries/src/stm32f4xx_rtc.c ****   RTC->WPR = 0x53;
1921:./Libraries/src/stm32f4xx_rtc.c ****   
1922:./Libraries/src/stm32f4xx_rtc.c ****   /* check if a calibration is pending*/
1923:./Libraries/src/stm32f4xx_rtc.c ****   if ((RTC->ISR & RTC_ISR_RECALPF) != RESET)
1924:./Libraries/src/stm32f4xx_rtc.c ****   {
1925:./Libraries/src/stm32f4xx_rtc.c ****     /* wait until the Calibration is completed*/
1926:./Libraries/src/stm32f4xx_rtc.c ****     while (((RTC->ISR & RTC_ISR_RECALPF) != RESET) && (recalpfcount != RECALPF_TIMEOUT))
1927:./Libraries/src/stm32f4xx_rtc.c ****     {
1928:./Libraries/src/stm32f4xx_rtc.c ****       recalpfcount++;
1929:./Libraries/src/stm32f4xx_rtc.c ****     }
1930:./Libraries/src/stm32f4xx_rtc.c ****   }
1931:./Libraries/src/stm32f4xx_rtc.c **** 
1932:./Libraries/src/stm32f4xx_rtc.c ****   /* check if the calibration pending is completed or if there is no calibration operation at all*/
1933:./Libraries/src/stm32f4xx_rtc.c ****   if ((RTC->ISR & RTC_ISR_RECALPF) == RESET)
1934:./Libraries/src/stm32f4xx_rtc.c ****   {
1935:./Libraries/src/stm32f4xx_rtc.c ****     /* Configure the Smooth calibration settings */
1936:./Libraries/src/stm32f4xx_rtc.c ****     RTC->CALR = (uint32_t)((uint32_t)RTC_SmoothCalibPeriod | (uint32_t)RTC_SmoothCalibPlusPulses | 
1937:./Libraries/src/stm32f4xx_rtc.c **** 
1938:./Libraries/src/stm32f4xx_rtc.c ****     status = SUCCESS;
1939:./Libraries/src/stm32f4xx_rtc.c ****   }
1940:./Libraries/src/stm32f4xx_rtc.c ****   else
1941:./Libraries/src/stm32f4xx_rtc.c ****   {
1942:./Libraries/src/stm32f4xx_rtc.c ****     status = ERROR;
1943:./Libraries/src/stm32f4xx_rtc.c ****   }
1944:./Libraries/src/stm32f4xx_rtc.c **** 
1945:./Libraries/src/stm32f4xx_rtc.c ****   /* Enable the write protection for RTC registers */
1946:./Libraries/src/stm32f4xx_rtc.c ****   RTC->WPR = 0xFF;
1947:./Libraries/src/stm32f4xx_rtc.c ****   
1948:./Libraries/src/stm32f4xx_rtc.c ****   return (ErrorStatus)(status);
1949:./Libraries/src/stm32f4xx_rtc.c **** }
1950:./Libraries/src/stm32f4xx_rtc.c **** 
1951:./Libraries/src/stm32f4xx_rtc.c **** /**
1952:./Libraries/src/stm32f4xx_rtc.c ****   * @}
1953:./Libraries/src/stm32f4xx_rtc.c ****   */
1954:./Libraries/src/stm32f4xx_rtc.c **** 
1955:./Libraries/src/stm32f4xx_rtc.c **** 
1956:./Libraries/src/stm32f4xx_rtc.c **** /** @defgroup RTC_Group8 TimeStamp configuration functions
1957:./Libraries/src/stm32f4xx_rtc.c ****  *  @brief   TimeStamp configuration functions 
1958:./Libraries/src/stm32f4xx_rtc.c ****  *
1959:./Libraries/src/stm32f4xx_rtc.c **** @verbatim   
1960:./Libraries/src/stm32f4xx_rtc.c ****  ===============================================================================
1961:./Libraries/src/stm32f4xx_rtc.c ****                  ##### TimeStamp configuration functions #####
1962:./Libraries/src/stm32f4xx_rtc.c ****  ===============================================================================  
1963:./Libraries/src/stm32f4xx_rtc.c **** 
1964:./Libraries/src/stm32f4xx_rtc.c **** @endverbatim
1965:./Libraries/src/stm32f4xx_rtc.c ****   * @{
1966:./Libraries/src/stm32f4xx_rtc.c ****   */
1967:./Libraries/src/stm32f4xx_rtc.c **** 
1968:./Libraries/src/stm32f4xx_rtc.c **** /**
ARM GAS  /tmp/ccgzaD3d.s 			page 36


1969:./Libraries/src/stm32f4xx_rtc.c ****   * @brief  Enables or Disables the RTC TimeStamp functionality with the 
1970:./Libraries/src/stm32f4xx_rtc.c ****   *         specified time stamp pin stimulating edge.
1971:./Libraries/src/stm32f4xx_rtc.c ****   * @param  RTC_TimeStampEdge: Specifies the pin edge on which the TimeStamp is 
1972:./Libraries/src/stm32f4xx_rtc.c ****   *         activated.
1973:./Libraries/src/stm32f4xx_rtc.c ****   *          This parameter can be one of the following:
1974:./Libraries/src/stm32f4xx_rtc.c ****   *            @arg RTC_TimeStampEdge_Rising: the Time stamp event occurs on the rising 
1975:./Libraries/src/stm32f4xx_rtc.c ****   *                                    edge of the related pin.
1976:./Libraries/src/stm32f4xx_rtc.c ****   *            @arg RTC_TimeStampEdge_Falling: the Time stamp event occurs on the 
1977:./Libraries/src/stm32f4xx_rtc.c ****   *                                     falling edge of the related pin.
1978:./Libraries/src/stm32f4xx_rtc.c ****   * @param  NewState: new state of the TimeStamp.
1979:./Libraries/src/stm32f4xx_rtc.c ****   *          This parameter can be: ENABLE or DISABLE.
1980:./Libraries/src/stm32f4xx_rtc.c ****   * @retval None
1981:./Libraries/src/stm32f4xx_rtc.c ****   */
1982:./Libraries/src/stm32f4xx_rtc.c **** void RTC_TimeStampCmd(uint32_t RTC_TimeStampEdge, FunctionalState NewState)
1983:./Libraries/src/stm32f4xx_rtc.c **** {
1984:./Libraries/src/stm32f4xx_rtc.c ****   uint32_t tmpreg = 0;
1985:./Libraries/src/stm32f4xx_rtc.c **** 
1986:./Libraries/src/stm32f4xx_rtc.c ****   /* Check the parameters */
1987:./Libraries/src/stm32f4xx_rtc.c ****   assert_param(IS_RTC_TIMESTAMP_EDGE(RTC_TimeStampEdge));
1988:./Libraries/src/stm32f4xx_rtc.c ****   assert_param(IS_FUNCTIONAL_STATE(NewState));
1989:./Libraries/src/stm32f4xx_rtc.c **** 
1990:./Libraries/src/stm32f4xx_rtc.c ****   /* Get the RTC_CR register and clear the bits to be configured */
1991:./Libraries/src/stm32f4xx_rtc.c ****   tmpreg = (uint32_t)(RTC->CR & (uint32_t)~(RTC_CR_TSEDGE | RTC_CR_TSE));
1992:./Libraries/src/stm32f4xx_rtc.c **** 
1993:./Libraries/src/stm32f4xx_rtc.c ****   /* Get the new configuration */
1994:./Libraries/src/stm32f4xx_rtc.c ****   if (NewState != DISABLE)
1995:./Libraries/src/stm32f4xx_rtc.c ****   {
1996:./Libraries/src/stm32f4xx_rtc.c ****     tmpreg |= (uint32_t)(RTC_TimeStampEdge | RTC_CR_TSE);
1997:./Libraries/src/stm32f4xx_rtc.c ****   }
1998:./Libraries/src/stm32f4xx_rtc.c ****   else
1999:./Libraries/src/stm32f4xx_rtc.c ****   {
2000:./Libraries/src/stm32f4xx_rtc.c ****     tmpreg |= (uint32_t)(RTC_TimeStampEdge);
2001:./Libraries/src/stm32f4xx_rtc.c ****   }
2002:./Libraries/src/stm32f4xx_rtc.c **** 
2003:./Libraries/src/stm32f4xx_rtc.c ****   /* Disable the write protection for RTC registers */
2004:./Libraries/src/stm32f4xx_rtc.c ****   RTC->WPR = 0xCA;
2005:./Libraries/src/stm32f4xx_rtc.c ****   RTC->WPR = 0x53;
2006:./Libraries/src/stm32f4xx_rtc.c **** 
2007:./Libraries/src/stm32f4xx_rtc.c ****   /* Configure the Time Stamp TSEDGE and Enable bits */
2008:./Libraries/src/stm32f4xx_rtc.c ****   RTC->CR = (uint32_t)tmpreg;
2009:./Libraries/src/stm32f4xx_rtc.c **** 
2010:./Libraries/src/stm32f4xx_rtc.c ****   /* Enable the write protection for RTC registers */
2011:./Libraries/src/stm32f4xx_rtc.c ****   RTC->WPR = 0xFF; 
2012:./Libraries/src/stm32f4xx_rtc.c **** }
2013:./Libraries/src/stm32f4xx_rtc.c **** 
2014:./Libraries/src/stm32f4xx_rtc.c **** /**
2015:./Libraries/src/stm32f4xx_rtc.c ****   * @brief  Get the RTC TimeStamp value and masks.
2016:./Libraries/src/stm32f4xx_rtc.c ****   * @param  RTC_Format: specifies the format of the output parameters.
2017:./Libraries/src/stm32f4xx_rtc.c ****   *          This parameter can be one of the following values:
2018:./Libraries/src/stm32f4xx_rtc.c ****   *            @arg RTC_Format_BIN: Binary data format 
2019:./Libraries/src/stm32f4xx_rtc.c ****   *            @arg RTC_Format_BCD: BCD data format
2020:./Libraries/src/stm32f4xx_rtc.c ****   * @param RTC_StampTimeStruct: pointer to a RTC_TimeTypeDef structure that will 
2021:./Libraries/src/stm32f4xx_rtc.c ****   *                             contains the TimeStamp time values. 
2022:./Libraries/src/stm32f4xx_rtc.c ****   * @param RTC_StampDateStruct: pointer to a RTC_DateTypeDef structure that will 
2023:./Libraries/src/stm32f4xx_rtc.c ****   *                             contains the TimeStamp date values.     
2024:./Libraries/src/stm32f4xx_rtc.c ****   * @retval None
2025:./Libraries/src/stm32f4xx_rtc.c ****   */
ARM GAS  /tmp/ccgzaD3d.s 			page 37


2026:./Libraries/src/stm32f4xx_rtc.c **** void RTC_GetTimeStamp(uint32_t RTC_Format, RTC_TimeTypeDef* RTC_StampTimeStruct, 
2027:./Libraries/src/stm32f4xx_rtc.c ****                                       RTC_DateTypeDef* RTC_StampDateStruct)
2028:./Libraries/src/stm32f4xx_rtc.c **** {
2029:./Libraries/src/stm32f4xx_rtc.c ****   uint32_t tmptime = 0, tmpdate = 0;
2030:./Libraries/src/stm32f4xx_rtc.c **** 
2031:./Libraries/src/stm32f4xx_rtc.c ****   /* Check the parameters */
2032:./Libraries/src/stm32f4xx_rtc.c ****   assert_param(IS_RTC_FORMAT(RTC_Format));
2033:./Libraries/src/stm32f4xx_rtc.c **** 
2034:./Libraries/src/stm32f4xx_rtc.c ****   /* Get the TimeStamp time and date registers values */
2035:./Libraries/src/stm32f4xx_rtc.c ****   tmptime = (uint32_t)(RTC->TSTR & RTC_TR_RESERVED_MASK);
2036:./Libraries/src/stm32f4xx_rtc.c ****   tmpdate = (uint32_t)(RTC->TSDR & RTC_DR_RESERVED_MASK);
2037:./Libraries/src/stm32f4xx_rtc.c **** 
2038:./Libraries/src/stm32f4xx_rtc.c ****   /* Fill the Time structure fields with the read parameters */
2039:./Libraries/src/stm32f4xx_rtc.c ****   RTC_StampTimeStruct->RTC_Hours = (uint8_t)((tmptime & (RTC_TR_HT | RTC_TR_HU)) >> 16);
2040:./Libraries/src/stm32f4xx_rtc.c ****   RTC_StampTimeStruct->RTC_Minutes = (uint8_t)((tmptime & (RTC_TR_MNT | RTC_TR_MNU)) >> 8);
2041:./Libraries/src/stm32f4xx_rtc.c ****   RTC_StampTimeStruct->RTC_Seconds = (uint8_t)(tmptime & (RTC_TR_ST | RTC_TR_SU));
2042:./Libraries/src/stm32f4xx_rtc.c ****   RTC_StampTimeStruct->RTC_H12 = (uint8_t)((tmptime & (RTC_TR_PM)) >> 16);  
2043:./Libraries/src/stm32f4xx_rtc.c **** 
2044:./Libraries/src/stm32f4xx_rtc.c ****   /* Fill the Date structure fields with the read parameters */
2045:./Libraries/src/stm32f4xx_rtc.c ****   RTC_StampDateStruct->RTC_Year = 0;
2046:./Libraries/src/stm32f4xx_rtc.c ****   RTC_StampDateStruct->RTC_Month = (uint8_t)((tmpdate & (RTC_DR_MT | RTC_DR_MU)) >> 8);
2047:./Libraries/src/stm32f4xx_rtc.c ****   RTC_StampDateStruct->RTC_Date = (uint8_t)(tmpdate & (RTC_DR_DT | RTC_DR_DU));
2048:./Libraries/src/stm32f4xx_rtc.c ****   RTC_StampDateStruct->RTC_WeekDay = (uint8_t)((tmpdate & (RTC_DR_WDU)) >> 13);
2049:./Libraries/src/stm32f4xx_rtc.c **** 
2050:./Libraries/src/stm32f4xx_rtc.c ****   /* Check the input parameters format */
2051:./Libraries/src/stm32f4xx_rtc.c ****   if (RTC_Format == RTC_Format_BIN)
2052:./Libraries/src/stm32f4xx_rtc.c ****   {
2053:./Libraries/src/stm32f4xx_rtc.c ****     /* Convert the Time structure parameters to Binary format */
2054:./Libraries/src/stm32f4xx_rtc.c ****     RTC_StampTimeStruct->RTC_Hours = (uint8_t)RTC_Bcd2ToByte(RTC_StampTimeStruct->RTC_Hours);
2055:./Libraries/src/stm32f4xx_rtc.c ****     RTC_StampTimeStruct->RTC_Minutes = (uint8_t)RTC_Bcd2ToByte(RTC_StampTimeStruct->RTC_Minutes);
2056:./Libraries/src/stm32f4xx_rtc.c ****     RTC_StampTimeStruct->RTC_Seconds = (uint8_t)RTC_Bcd2ToByte(RTC_StampTimeStruct->RTC_Seconds);
2057:./Libraries/src/stm32f4xx_rtc.c **** 
2058:./Libraries/src/stm32f4xx_rtc.c ****     /* Convert the Date structure parameters to Binary format */
2059:./Libraries/src/stm32f4xx_rtc.c ****     RTC_StampDateStruct->RTC_Month = (uint8_t)RTC_Bcd2ToByte(RTC_StampDateStruct->RTC_Month);
2060:./Libraries/src/stm32f4xx_rtc.c ****     RTC_StampDateStruct->RTC_Date = (uint8_t)RTC_Bcd2ToByte(RTC_StampDateStruct->RTC_Date);
2061:./Libraries/src/stm32f4xx_rtc.c ****     RTC_StampDateStruct->RTC_WeekDay = (uint8_t)RTC_Bcd2ToByte(RTC_StampDateStruct->RTC_WeekDay);
2062:./Libraries/src/stm32f4xx_rtc.c ****   }
2063:./Libraries/src/stm32f4xx_rtc.c **** }
2064:./Libraries/src/stm32f4xx_rtc.c **** 
2065:./Libraries/src/stm32f4xx_rtc.c **** /**
2066:./Libraries/src/stm32f4xx_rtc.c ****   * @brief  Get the RTC timestamp Sub seconds value.
2067:./Libraries/src/stm32f4xx_rtc.c ****   * @param  None
2068:./Libraries/src/stm32f4xx_rtc.c ****   * @retval RTC current timestamp Sub seconds value.
2069:./Libraries/src/stm32f4xx_rtc.c ****   */
2070:./Libraries/src/stm32f4xx_rtc.c **** uint32_t RTC_GetTimeStampSubSecond(void)
2071:./Libraries/src/stm32f4xx_rtc.c **** {
2072:./Libraries/src/stm32f4xx_rtc.c ****   /* Get timestamp sub seconds values from the correspondent registers */
2073:./Libraries/src/stm32f4xx_rtc.c ****   return (uint32_t)(RTC->TSSSR);
2074:./Libraries/src/stm32f4xx_rtc.c **** }
2075:./Libraries/src/stm32f4xx_rtc.c **** 
2076:./Libraries/src/stm32f4xx_rtc.c **** /**
2077:./Libraries/src/stm32f4xx_rtc.c ****   * @}
2078:./Libraries/src/stm32f4xx_rtc.c ****   */
2079:./Libraries/src/stm32f4xx_rtc.c **** 
2080:./Libraries/src/stm32f4xx_rtc.c **** /** @defgroup RTC_Group9 Tampers configuration functions
2081:./Libraries/src/stm32f4xx_rtc.c ****  *  @brief   Tampers configuration functions 
2082:./Libraries/src/stm32f4xx_rtc.c ****  *
ARM GAS  /tmp/ccgzaD3d.s 			page 38


2083:./Libraries/src/stm32f4xx_rtc.c **** @verbatim   
2084:./Libraries/src/stm32f4xx_rtc.c ****  ===============================================================================
2085:./Libraries/src/stm32f4xx_rtc.c ****                  ##### Tampers configuration functions #####
2086:./Libraries/src/stm32f4xx_rtc.c ****  ===============================================================================  
2087:./Libraries/src/stm32f4xx_rtc.c **** 
2088:./Libraries/src/stm32f4xx_rtc.c **** @endverbatim
2089:./Libraries/src/stm32f4xx_rtc.c ****   * @{
2090:./Libraries/src/stm32f4xx_rtc.c ****   */
2091:./Libraries/src/stm32f4xx_rtc.c **** 
2092:./Libraries/src/stm32f4xx_rtc.c **** /**
2093:./Libraries/src/stm32f4xx_rtc.c ****   * @brief  Configures the select Tamper pin edge.
2094:./Libraries/src/stm32f4xx_rtc.c ****   * @param  RTC_Tamper: Selected tamper pin.
2095:./Libraries/src/stm32f4xx_rtc.c ****   *          This parameter can be RTC_Tamper_1 or RTC_Tamper 2
2096:./Libraries/src/stm32f4xx_rtc.c ****   * @param  RTC_TamperTrigger: Specifies the trigger on the tamper pin that 
2097:./Libraries/src/stm32f4xx_rtc.c ****   *         stimulates tamper event. 
2098:./Libraries/src/stm32f4xx_rtc.c ****   *   This parameter can be one of the following values:
2099:./Libraries/src/stm32f4xx_rtc.c ****   *     @arg RTC_TamperTrigger_RisingEdge: Rising Edge of the tamper pin causes tamper event.
2100:./Libraries/src/stm32f4xx_rtc.c ****   *     @arg RTC_TamperTrigger_FallingEdge: Falling Edge of the tamper pin causes tamper event.
2101:./Libraries/src/stm32f4xx_rtc.c ****   *     @arg RTC_TamperTrigger_LowLevel: Low Level of the tamper pin causes tamper event.
2102:./Libraries/src/stm32f4xx_rtc.c ****   *     @arg RTC_TamperTrigger_HighLevel: High Level of the tamper pin causes tamper event.
2103:./Libraries/src/stm32f4xx_rtc.c ****   * @retval None
2104:./Libraries/src/stm32f4xx_rtc.c ****   */
2105:./Libraries/src/stm32f4xx_rtc.c **** void RTC_TamperTriggerConfig(uint32_t RTC_Tamper, uint32_t RTC_TamperTrigger)
2106:./Libraries/src/stm32f4xx_rtc.c **** {
2107:./Libraries/src/stm32f4xx_rtc.c ****   /* Check the parameters */
2108:./Libraries/src/stm32f4xx_rtc.c ****   assert_param(IS_RTC_TAMPER(RTC_Tamper)); 
2109:./Libraries/src/stm32f4xx_rtc.c ****   assert_param(IS_RTC_TAMPER_TRIGGER(RTC_TamperTrigger));
2110:./Libraries/src/stm32f4xx_rtc.c ****  
2111:./Libraries/src/stm32f4xx_rtc.c ****   if (RTC_TamperTrigger == RTC_TamperTrigger_RisingEdge)
2112:./Libraries/src/stm32f4xx_rtc.c ****   {  
2113:./Libraries/src/stm32f4xx_rtc.c ****     /* Configure the RTC_TAFCR register */
2114:./Libraries/src/stm32f4xx_rtc.c ****     RTC->TAFCR &= (uint32_t)((uint32_t)~(RTC_Tamper << 1));	
2115:./Libraries/src/stm32f4xx_rtc.c ****   }
2116:./Libraries/src/stm32f4xx_rtc.c ****   else
2117:./Libraries/src/stm32f4xx_rtc.c ****   { 
2118:./Libraries/src/stm32f4xx_rtc.c ****     /* Configure the RTC_TAFCR register */
2119:./Libraries/src/stm32f4xx_rtc.c ****     RTC->TAFCR |= (uint32_t)(RTC_Tamper << 1);  
2120:./Libraries/src/stm32f4xx_rtc.c ****   }  
2121:./Libraries/src/stm32f4xx_rtc.c **** }
2122:./Libraries/src/stm32f4xx_rtc.c **** 
2123:./Libraries/src/stm32f4xx_rtc.c **** /**
2124:./Libraries/src/stm32f4xx_rtc.c ****   * @brief  Enables or Disables the Tamper detection.
2125:./Libraries/src/stm32f4xx_rtc.c ****   * @param  RTC_Tamper: Selected tamper pin.
2126:./Libraries/src/stm32f4xx_rtc.c ****   *          This parameter can be RTC_Tamper_1 or RTC_Tamper_2
2127:./Libraries/src/stm32f4xx_rtc.c ****   * @param  NewState: new state of the tamper pin.
2128:./Libraries/src/stm32f4xx_rtc.c ****   *          This parameter can be: ENABLE or DISABLE.                   
2129:./Libraries/src/stm32f4xx_rtc.c ****   * @retval None
2130:./Libraries/src/stm32f4xx_rtc.c ****   */
2131:./Libraries/src/stm32f4xx_rtc.c **** void RTC_TamperCmd(uint32_t RTC_Tamper, FunctionalState NewState)
2132:./Libraries/src/stm32f4xx_rtc.c **** {
2133:./Libraries/src/stm32f4xx_rtc.c ****   /* Check the parameters */
2134:./Libraries/src/stm32f4xx_rtc.c ****   assert_param(IS_RTC_TAMPER(RTC_Tamper));  
2135:./Libraries/src/stm32f4xx_rtc.c ****   assert_param(IS_FUNCTIONAL_STATE(NewState));
2136:./Libraries/src/stm32f4xx_rtc.c ****   
2137:./Libraries/src/stm32f4xx_rtc.c ****   if (NewState != DISABLE)
2138:./Libraries/src/stm32f4xx_rtc.c ****   {
2139:./Libraries/src/stm32f4xx_rtc.c ****     /* Enable the selected Tamper pin */
ARM GAS  /tmp/ccgzaD3d.s 			page 39


2140:./Libraries/src/stm32f4xx_rtc.c ****     RTC->TAFCR |= (uint32_t)RTC_Tamper;
2141:./Libraries/src/stm32f4xx_rtc.c ****   }
2142:./Libraries/src/stm32f4xx_rtc.c ****   else
2143:./Libraries/src/stm32f4xx_rtc.c ****   {
2144:./Libraries/src/stm32f4xx_rtc.c ****     /* Disable the selected Tamper pin */
2145:./Libraries/src/stm32f4xx_rtc.c ****     RTC->TAFCR &= (uint32_t)~RTC_Tamper;    
2146:./Libraries/src/stm32f4xx_rtc.c ****   }  
2147:./Libraries/src/stm32f4xx_rtc.c **** }
2148:./Libraries/src/stm32f4xx_rtc.c **** 
2149:./Libraries/src/stm32f4xx_rtc.c **** /**
2150:./Libraries/src/stm32f4xx_rtc.c ****   * @brief  Configures the Tampers Filter.
2151:./Libraries/src/stm32f4xx_rtc.c ****   * @param  RTC_TamperFilter: Specifies the tampers filter.
2152:./Libraries/src/stm32f4xx_rtc.c ****   *   This parameter can be one of the following values:
2153:./Libraries/src/stm32f4xx_rtc.c ****   *     @arg RTC_TamperFilter_Disable: Tamper filter is disabled.
2154:./Libraries/src/stm32f4xx_rtc.c ****   *     @arg RTC_TamperFilter_2Sample: Tamper is activated after 2 consecutive 
2155:./Libraries/src/stm32f4xx_rtc.c ****   *                                    samples at the active level 
2156:./Libraries/src/stm32f4xx_rtc.c ****   *     @arg RTC_TamperFilter_4Sample: Tamper is activated after 4 consecutive 
2157:./Libraries/src/stm32f4xx_rtc.c ****   *                                    samples at the active level
2158:./Libraries/src/stm32f4xx_rtc.c ****   *     @arg RTC_TamperFilter_8Sample: Tamper is activated after 8 consecutive 
2159:./Libraries/src/stm32f4xx_rtc.c ****   *                                    samples at the active level 
2160:./Libraries/src/stm32f4xx_rtc.c ****   * @retval None
2161:./Libraries/src/stm32f4xx_rtc.c ****   */
2162:./Libraries/src/stm32f4xx_rtc.c **** void RTC_TamperFilterConfig(uint32_t RTC_TamperFilter)
2163:./Libraries/src/stm32f4xx_rtc.c **** {
2164:./Libraries/src/stm32f4xx_rtc.c ****   /* Check the parameters */
2165:./Libraries/src/stm32f4xx_rtc.c ****   assert_param(IS_RTC_TAMPER_FILTER(RTC_TamperFilter));
2166:./Libraries/src/stm32f4xx_rtc.c ****    
2167:./Libraries/src/stm32f4xx_rtc.c ****   /* Clear TAMPFLT[1:0] bits in the RTC_TAFCR register */
2168:./Libraries/src/stm32f4xx_rtc.c ****   RTC->TAFCR &= (uint32_t)~(RTC_TAFCR_TAMPFLT);
2169:./Libraries/src/stm32f4xx_rtc.c **** 
2170:./Libraries/src/stm32f4xx_rtc.c ****   /* Configure the RTC_TAFCR register */
2171:./Libraries/src/stm32f4xx_rtc.c ****   RTC->TAFCR |= (uint32_t)RTC_TamperFilter;
2172:./Libraries/src/stm32f4xx_rtc.c **** }
2173:./Libraries/src/stm32f4xx_rtc.c **** 
2174:./Libraries/src/stm32f4xx_rtc.c **** /**
2175:./Libraries/src/stm32f4xx_rtc.c ****   * @brief  Configures the Tampers Sampling Frequency.
2176:./Libraries/src/stm32f4xx_rtc.c ****   * @param  RTC_TamperSamplingFreq: Specifies the tampers Sampling Frequency.
2177:./Libraries/src/stm32f4xx_rtc.c ****   *   This parameter can be one of the following values:
2178:./Libraries/src/stm32f4xx_rtc.c ****   *     @arg RTC_TamperSamplingFreq_RTCCLK_Div32768: Each of the tamper inputs are sampled
2179:./Libraries/src/stm32f4xx_rtc.c ****   *                                           with a frequency =  RTCCLK / 32768
2180:./Libraries/src/stm32f4xx_rtc.c ****   *     @arg RTC_TamperSamplingFreq_RTCCLK_Div16384: Each of the tamper inputs are sampled
2181:./Libraries/src/stm32f4xx_rtc.c ****   *                                           with a frequency =  RTCCLK / 16384
2182:./Libraries/src/stm32f4xx_rtc.c ****   *     @arg RTC_TamperSamplingFreq_RTCCLK_Div8192: Each of the tamper inputs are sampled
2183:./Libraries/src/stm32f4xx_rtc.c ****   *                                           with a frequency =  RTCCLK / 8192
2184:./Libraries/src/stm32f4xx_rtc.c ****   *     @arg RTC_TamperSamplingFreq_RTCCLK_Div4096: Each of the tamper inputs are sampled
2185:./Libraries/src/stm32f4xx_rtc.c ****   *                                           with a frequency =  RTCCLK / 4096
2186:./Libraries/src/stm32f4xx_rtc.c ****   *     @arg RTC_TamperSamplingFreq_RTCCLK_Div2048: Each of the tamper inputs are sampled
2187:./Libraries/src/stm32f4xx_rtc.c ****   *                                           with a frequency =  RTCCLK / 2048
2188:./Libraries/src/stm32f4xx_rtc.c ****   *     @arg RTC_TamperSamplingFreq_RTCCLK_Div1024: Each of the tamper inputs are sampled
2189:./Libraries/src/stm32f4xx_rtc.c ****   *                                           with a frequency =  RTCCLK / 1024
2190:./Libraries/src/stm32f4xx_rtc.c ****   *     @arg RTC_TamperSamplingFreq_RTCCLK_Div512: Each of the tamper inputs are sampled
2191:./Libraries/src/stm32f4xx_rtc.c ****   *                                           with a frequency =  RTCCLK / 512  
2192:./Libraries/src/stm32f4xx_rtc.c ****   *     @arg RTC_TamperSamplingFreq_RTCCLK_Div256: Each of the tamper inputs are sampled
2193:./Libraries/src/stm32f4xx_rtc.c ****   *                                           with a frequency =  RTCCLK / 256  
2194:./Libraries/src/stm32f4xx_rtc.c ****   * @retval None
2195:./Libraries/src/stm32f4xx_rtc.c ****   */
2196:./Libraries/src/stm32f4xx_rtc.c **** void RTC_TamperSamplingFreqConfig(uint32_t RTC_TamperSamplingFreq)
ARM GAS  /tmp/ccgzaD3d.s 			page 40


2197:./Libraries/src/stm32f4xx_rtc.c **** {
2198:./Libraries/src/stm32f4xx_rtc.c ****   /* Check the parameters */
2199:./Libraries/src/stm32f4xx_rtc.c ****   assert_param(IS_RTC_TAMPER_SAMPLING_FREQ(RTC_TamperSamplingFreq));
2200:./Libraries/src/stm32f4xx_rtc.c ****  
2201:./Libraries/src/stm32f4xx_rtc.c ****   /* Clear TAMPFREQ[2:0] bits in the RTC_TAFCR register */
2202:./Libraries/src/stm32f4xx_rtc.c ****   RTC->TAFCR &= (uint32_t)~(RTC_TAFCR_TAMPFREQ);
2203:./Libraries/src/stm32f4xx_rtc.c **** 
2204:./Libraries/src/stm32f4xx_rtc.c ****   /* Configure the RTC_TAFCR register */
2205:./Libraries/src/stm32f4xx_rtc.c ****   RTC->TAFCR |= (uint32_t)RTC_TamperSamplingFreq;
2206:./Libraries/src/stm32f4xx_rtc.c **** }
2207:./Libraries/src/stm32f4xx_rtc.c **** 
2208:./Libraries/src/stm32f4xx_rtc.c **** /**
2209:./Libraries/src/stm32f4xx_rtc.c ****   * @brief  Configures the Tampers Pins input Precharge Duration.
2210:./Libraries/src/stm32f4xx_rtc.c ****   * @param  RTC_TamperPrechargeDuration: Specifies the Tampers Pins input
2211:./Libraries/src/stm32f4xx_rtc.c ****   *         Precharge Duration.
2212:./Libraries/src/stm32f4xx_rtc.c ****   *   This parameter can be one of the following values:
2213:./Libraries/src/stm32f4xx_rtc.c ****   *     @arg RTC_TamperPrechargeDuration_1RTCCLK: Tamper pins are precharged before sampling during
2214:./Libraries/src/stm32f4xx_rtc.c ****   *     @arg RTC_TamperPrechargeDuration_2RTCCLK: Tamper pins are precharged before sampling during
2215:./Libraries/src/stm32f4xx_rtc.c ****   *     @arg RTC_TamperPrechargeDuration_4RTCCLK: Tamper pins are precharged before sampling during
2216:./Libraries/src/stm32f4xx_rtc.c ****   *     @arg RTC_TamperPrechargeDuration_8RTCCLK: Tamper pins are precharged before sampling during
2217:./Libraries/src/stm32f4xx_rtc.c ****   * @retval None
2218:./Libraries/src/stm32f4xx_rtc.c ****   */
2219:./Libraries/src/stm32f4xx_rtc.c **** void RTC_TamperPinsPrechargeDuration(uint32_t RTC_TamperPrechargeDuration)
2220:./Libraries/src/stm32f4xx_rtc.c **** {
2221:./Libraries/src/stm32f4xx_rtc.c ****   /* Check the parameters */
2222:./Libraries/src/stm32f4xx_rtc.c ****   assert_param(IS_RTC_TAMPER_PRECHARGE_DURATION(RTC_TamperPrechargeDuration));
2223:./Libraries/src/stm32f4xx_rtc.c ****    
2224:./Libraries/src/stm32f4xx_rtc.c ****   /* Clear TAMPPRCH[1:0] bits in the RTC_TAFCR register */
2225:./Libraries/src/stm32f4xx_rtc.c ****   RTC->TAFCR &= (uint32_t)~(RTC_TAFCR_TAMPPRCH);
2226:./Libraries/src/stm32f4xx_rtc.c **** 
2227:./Libraries/src/stm32f4xx_rtc.c ****   /* Configure the RTC_TAFCR register */
2228:./Libraries/src/stm32f4xx_rtc.c ****   RTC->TAFCR |= (uint32_t)RTC_TamperPrechargeDuration;
2229:./Libraries/src/stm32f4xx_rtc.c **** }
2230:./Libraries/src/stm32f4xx_rtc.c **** 
2231:./Libraries/src/stm32f4xx_rtc.c **** /**
2232:./Libraries/src/stm32f4xx_rtc.c ****   * @brief  Enables or Disables the TimeStamp on Tamper Detection Event.
2233:./Libraries/src/stm32f4xx_rtc.c ****   * @note   The timestamp is valid even the TSE bit in tamper control register 
2234:./Libraries/src/stm32f4xx_rtc.c ****   *         is reset.   
2235:./Libraries/src/stm32f4xx_rtc.c ****   * @param  NewState: new state of the timestamp on tamper event.
2236:./Libraries/src/stm32f4xx_rtc.c ****   *         This parameter can be: ENABLE or DISABLE.
2237:./Libraries/src/stm32f4xx_rtc.c ****   * @retval None
2238:./Libraries/src/stm32f4xx_rtc.c ****   */
2239:./Libraries/src/stm32f4xx_rtc.c **** void RTC_TimeStampOnTamperDetectionCmd(FunctionalState NewState)
2240:./Libraries/src/stm32f4xx_rtc.c **** {
2241:./Libraries/src/stm32f4xx_rtc.c ****   /* Check the parameters */
2242:./Libraries/src/stm32f4xx_rtc.c ****   assert_param(IS_FUNCTIONAL_STATE(NewState));
2243:./Libraries/src/stm32f4xx_rtc.c ****    
2244:./Libraries/src/stm32f4xx_rtc.c ****   if (NewState != DISABLE)
2245:./Libraries/src/stm32f4xx_rtc.c ****   {
2246:./Libraries/src/stm32f4xx_rtc.c ****     /* Save timestamp on tamper detection event */
2247:./Libraries/src/stm32f4xx_rtc.c ****     RTC->TAFCR |= (uint32_t)RTC_TAFCR_TAMPTS;
2248:./Libraries/src/stm32f4xx_rtc.c ****   }
2249:./Libraries/src/stm32f4xx_rtc.c ****   else
2250:./Libraries/src/stm32f4xx_rtc.c ****   {
2251:./Libraries/src/stm32f4xx_rtc.c ****     /* Tamper detection does not cause a timestamp to be saved */
2252:./Libraries/src/stm32f4xx_rtc.c ****     RTC->TAFCR &= (uint32_t)~RTC_TAFCR_TAMPTS;    
2253:./Libraries/src/stm32f4xx_rtc.c ****   }
ARM GAS  /tmp/ccgzaD3d.s 			page 41


2254:./Libraries/src/stm32f4xx_rtc.c **** }
2255:./Libraries/src/stm32f4xx_rtc.c **** 
2256:./Libraries/src/stm32f4xx_rtc.c **** /**
2257:./Libraries/src/stm32f4xx_rtc.c ****   * @brief  Enables or Disables the Precharge of Tamper pin.
2258:./Libraries/src/stm32f4xx_rtc.c ****   * @param  NewState: new state of tamper pull up.
2259:./Libraries/src/stm32f4xx_rtc.c ****   *   This parameter can be: ENABLE or DISABLE.                   
2260:./Libraries/src/stm32f4xx_rtc.c ****   * @retval None
2261:./Libraries/src/stm32f4xx_rtc.c ****   */
2262:./Libraries/src/stm32f4xx_rtc.c **** void RTC_TamperPullUpCmd(FunctionalState NewState)
2263:./Libraries/src/stm32f4xx_rtc.c **** {
2264:./Libraries/src/stm32f4xx_rtc.c ****   /* Check the parameters */
2265:./Libraries/src/stm32f4xx_rtc.c ****   assert_param(IS_FUNCTIONAL_STATE(NewState));
2266:./Libraries/src/stm32f4xx_rtc.c ****   
2267:./Libraries/src/stm32f4xx_rtc.c ****  if (NewState != DISABLE)
2268:./Libraries/src/stm32f4xx_rtc.c ****   {
2269:./Libraries/src/stm32f4xx_rtc.c ****     /* Enable precharge of the selected Tamper pin */
2270:./Libraries/src/stm32f4xx_rtc.c ****     RTC->TAFCR &= (uint32_t)~RTC_TAFCR_TAMPPUDIS; 
2271:./Libraries/src/stm32f4xx_rtc.c ****   }
2272:./Libraries/src/stm32f4xx_rtc.c ****   else
2273:./Libraries/src/stm32f4xx_rtc.c ****   {
2274:./Libraries/src/stm32f4xx_rtc.c ****     /* Disable precharge of the selected Tamper pin */
2275:./Libraries/src/stm32f4xx_rtc.c ****     RTC->TAFCR |= (uint32_t)RTC_TAFCR_TAMPPUDIS;    
2276:./Libraries/src/stm32f4xx_rtc.c ****   } 
2277:./Libraries/src/stm32f4xx_rtc.c **** }
2278:./Libraries/src/stm32f4xx_rtc.c **** 
2279:./Libraries/src/stm32f4xx_rtc.c **** /**
2280:./Libraries/src/stm32f4xx_rtc.c ****   * @}
2281:./Libraries/src/stm32f4xx_rtc.c ****   */
2282:./Libraries/src/stm32f4xx_rtc.c **** 
2283:./Libraries/src/stm32f4xx_rtc.c **** /** @defgroup RTC_Group10 Backup Data Registers configuration functions
2284:./Libraries/src/stm32f4xx_rtc.c ****  *  @brief   Backup Data Registers configuration functions  
2285:./Libraries/src/stm32f4xx_rtc.c ****  *
2286:./Libraries/src/stm32f4xx_rtc.c **** @verbatim   
2287:./Libraries/src/stm32f4xx_rtc.c ****  ===============================================================================
2288:./Libraries/src/stm32f4xx_rtc.c ****              ##### Backup Data Registers configuration functions ##### 
2289:./Libraries/src/stm32f4xx_rtc.c ****  ===============================================================================  
2290:./Libraries/src/stm32f4xx_rtc.c **** 
2291:./Libraries/src/stm32f4xx_rtc.c **** @endverbatim
2292:./Libraries/src/stm32f4xx_rtc.c ****   * @{
2293:./Libraries/src/stm32f4xx_rtc.c ****   */
2294:./Libraries/src/stm32f4xx_rtc.c **** 
2295:./Libraries/src/stm32f4xx_rtc.c **** /**
2296:./Libraries/src/stm32f4xx_rtc.c ****   * @brief  Writes a data in a specified RTC Backup data register.
2297:./Libraries/src/stm32f4xx_rtc.c ****   * @param  RTC_BKP_DR: RTC Backup data Register number.
2298:./Libraries/src/stm32f4xx_rtc.c ****   *          This parameter can be: RTC_BKP_DRx where x can be from 0 to 19 to 
2299:./Libraries/src/stm32f4xx_rtc.c ****   *                          specify the register.
2300:./Libraries/src/stm32f4xx_rtc.c ****   * @param  Data: Data to be written in the specified RTC Backup data register.                    
2301:./Libraries/src/stm32f4xx_rtc.c ****   * @retval None
2302:./Libraries/src/stm32f4xx_rtc.c ****   */
2303:./Libraries/src/stm32f4xx_rtc.c **** void RTC_WriteBackupRegister(uint32_t RTC_BKP_DR, uint32_t Data)
2304:./Libraries/src/stm32f4xx_rtc.c **** {
2305:./Libraries/src/stm32f4xx_rtc.c ****   __IO uint32_t tmp = 0;
2306:./Libraries/src/stm32f4xx_rtc.c ****   
2307:./Libraries/src/stm32f4xx_rtc.c ****   /* Check the parameters */
2308:./Libraries/src/stm32f4xx_rtc.c ****   assert_param(IS_RTC_BKP(RTC_BKP_DR));
2309:./Libraries/src/stm32f4xx_rtc.c **** 
2310:./Libraries/src/stm32f4xx_rtc.c ****   tmp = RTC_BASE + 0x50;
ARM GAS  /tmp/ccgzaD3d.s 			page 42


2311:./Libraries/src/stm32f4xx_rtc.c ****   tmp += (RTC_BKP_DR * 4);
2312:./Libraries/src/stm32f4xx_rtc.c **** 
2313:./Libraries/src/stm32f4xx_rtc.c ****   /* Write the specified register */
2314:./Libraries/src/stm32f4xx_rtc.c ****   *(__IO uint32_t *)tmp = (uint32_t)Data;
2315:./Libraries/src/stm32f4xx_rtc.c **** }
2316:./Libraries/src/stm32f4xx_rtc.c **** 
2317:./Libraries/src/stm32f4xx_rtc.c **** /**
2318:./Libraries/src/stm32f4xx_rtc.c ****   * @brief  Reads data from the specified RTC Backup data Register.
2319:./Libraries/src/stm32f4xx_rtc.c ****   * @param  RTC_BKP_DR: RTC Backup data Register number.
2320:./Libraries/src/stm32f4xx_rtc.c ****   *          This parameter can be: RTC_BKP_DRx where x can be from 0 to 19 to 
2321:./Libraries/src/stm32f4xx_rtc.c ****   *                          specify the register.                   
2322:./Libraries/src/stm32f4xx_rtc.c ****   * @retval None
2323:./Libraries/src/stm32f4xx_rtc.c ****   */
2324:./Libraries/src/stm32f4xx_rtc.c **** uint32_t RTC_ReadBackupRegister(uint32_t RTC_BKP_DR)
2325:./Libraries/src/stm32f4xx_rtc.c **** {
2326:./Libraries/src/stm32f4xx_rtc.c ****   __IO uint32_t tmp = 0;
2327:./Libraries/src/stm32f4xx_rtc.c ****   
2328:./Libraries/src/stm32f4xx_rtc.c ****   /* Check the parameters */
2329:./Libraries/src/stm32f4xx_rtc.c ****   assert_param(IS_RTC_BKP(RTC_BKP_DR));
2330:./Libraries/src/stm32f4xx_rtc.c **** 
2331:./Libraries/src/stm32f4xx_rtc.c ****   tmp = RTC_BASE + 0x50;
2332:./Libraries/src/stm32f4xx_rtc.c ****   tmp += (RTC_BKP_DR * 4);
2333:./Libraries/src/stm32f4xx_rtc.c ****   
2334:./Libraries/src/stm32f4xx_rtc.c ****   /* Read the specified register */
2335:./Libraries/src/stm32f4xx_rtc.c ****   return (*(__IO uint32_t *)tmp);
2336:./Libraries/src/stm32f4xx_rtc.c **** }
2337:./Libraries/src/stm32f4xx_rtc.c **** 
2338:./Libraries/src/stm32f4xx_rtc.c **** /**
2339:./Libraries/src/stm32f4xx_rtc.c ****   * @}
2340:./Libraries/src/stm32f4xx_rtc.c ****   */
2341:./Libraries/src/stm32f4xx_rtc.c **** 
2342:./Libraries/src/stm32f4xx_rtc.c **** /** @defgroup RTC_Group11 RTC Tamper and TimeStamp Pins Selection and Output Type Config configurat
2343:./Libraries/src/stm32f4xx_rtc.c ****  *  @brief   RTC Tamper and TimeStamp Pins Selection and Output Type Config 
2344:./Libraries/src/stm32f4xx_rtc.c ****  *           configuration functions  
2345:./Libraries/src/stm32f4xx_rtc.c ****  *
2346:./Libraries/src/stm32f4xx_rtc.c **** @verbatim   
2347:./Libraries/src/stm32f4xx_rtc.c ****  ==================================================================================================
2348:./Libraries/src/stm32f4xx_rtc.c ****  ##### RTC Tamper and TimeStamp Pins Selection and Output Type Config configuration functions #####
2349:./Libraries/src/stm32f4xx_rtc.c ****  ==================================================================================================
2350:./Libraries/src/stm32f4xx_rtc.c **** 
2351:./Libraries/src/stm32f4xx_rtc.c **** @endverbatim
2352:./Libraries/src/stm32f4xx_rtc.c ****   * @{
2353:./Libraries/src/stm32f4xx_rtc.c ****   */
2354:./Libraries/src/stm32f4xx_rtc.c **** 
2355:./Libraries/src/stm32f4xx_rtc.c **** /**
2356:./Libraries/src/stm32f4xx_rtc.c ****   * @brief  Selects the RTC Tamper Pin.
2357:./Libraries/src/stm32f4xx_rtc.c ****   * @param  RTC_TamperPin: specifies the RTC Tamper Pin.
2358:./Libraries/src/stm32f4xx_rtc.c ****   *          This parameter can be one of the following values:
2359:./Libraries/src/stm32f4xx_rtc.c ****   *            @arg RTC_TamperPin_Default: RTC_AF1 is used as RTC Tamper Pin.
2360:./Libraries/src/stm32f4xx_rtc.c ****   *            @arg RTC_TamperPin_Pos1: RTC_AF2 is selected as RTC Tamper Pin.    
2361:./Libraries/src/stm32f4xx_rtc.c ****   * @retval None
2362:./Libraries/src/stm32f4xx_rtc.c ****   */
2363:./Libraries/src/stm32f4xx_rtc.c **** void RTC_TamperPinSelection(uint32_t RTC_TamperPin)
2364:./Libraries/src/stm32f4xx_rtc.c **** {
2365:./Libraries/src/stm32f4xx_rtc.c ****   /* Check the parameters */
2366:./Libraries/src/stm32f4xx_rtc.c ****   assert_param(IS_RTC_TAMPER_PIN(RTC_TamperPin));
2367:./Libraries/src/stm32f4xx_rtc.c ****   
ARM GAS  /tmp/ccgzaD3d.s 			page 43


2368:./Libraries/src/stm32f4xx_rtc.c ****   RTC->TAFCR &= (uint32_t)~(RTC_TAFCR_TAMPINSEL);
2369:./Libraries/src/stm32f4xx_rtc.c ****   RTC->TAFCR |= (uint32_t)(RTC_TamperPin);  
2370:./Libraries/src/stm32f4xx_rtc.c **** }
2371:./Libraries/src/stm32f4xx_rtc.c **** 
2372:./Libraries/src/stm32f4xx_rtc.c **** /**
2373:./Libraries/src/stm32f4xx_rtc.c ****   * @brief  Selects the RTC TimeStamp Pin.
2374:./Libraries/src/stm32f4xx_rtc.c ****   * @param  RTC_TimeStampPin: specifies the RTC TimeStamp Pin.
2375:./Libraries/src/stm32f4xx_rtc.c ****   *          This parameter can be one of the following values:
2376:./Libraries/src/stm32f4xx_rtc.c ****   *            @arg RTC_TimeStampPin_PC13: PC13 is selected as RTC TimeStamp Pin.
2377:./Libraries/src/stm32f4xx_rtc.c ****   *            @arg RTC_TimeStampPin_PI8: PI8 is selected as RTC TimeStamp Pin.    
2378:./Libraries/src/stm32f4xx_rtc.c ****   * @retval None
2379:./Libraries/src/stm32f4xx_rtc.c ****   */
2380:./Libraries/src/stm32f4xx_rtc.c **** void RTC_TimeStampPinSelection(uint32_t RTC_TimeStampPin)
2381:./Libraries/src/stm32f4xx_rtc.c **** {
2382:./Libraries/src/stm32f4xx_rtc.c ****   /* Check the parameters */
2383:./Libraries/src/stm32f4xx_rtc.c ****   assert_param(IS_RTC_TIMESTAMP_PIN(RTC_TimeStampPin));
2384:./Libraries/src/stm32f4xx_rtc.c ****   
2385:./Libraries/src/stm32f4xx_rtc.c ****   RTC->TAFCR &= (uint32_t)~(RTC_TAFCR_TSINSEL);
2386:./Libraries/src/stm32f4xx_rtc.c ****   RTC->TAFCR |= (uint32_t)(RTC_TimeStampPin);  
2387:./Libraries/src/stm32f4xx_rtc.c **** }
2388:./Libraries/src/stm32f4xx_rtc.c **** 
2389:./Libraries/src/stm32f4xx_rtc.c **** /**
2390:./Libraries/src/stm32f4xx_rtc.c ****   * @brief  Configures the RTC Output Pin mode. 
2391:./Libraries/src/stm32f4xx_rtc.c ****   * @param  RTC_OutputType: specifies the RTC Output (PC13) pin mode.
2392:./Libraries/src/stm32f4xx_rtc.c ****   *          This parameter can be one of the following values:
2393:./Libraries/src/stm32f4xx_rtc.c ****   *            @arg RTC_OutputType_OpenDrain: RTC Output (PC13) is configured in 
2394:./Libraries/src/stm32f4xx_rtc.c ****   *                                    Open Drain mode.
2395:./Libraries/src/stm32f4xx_rtc.c ****   *            @arg RTC_OutputType_PushPull:  RTC Output (PC13) is configured in 
2396:./Libraries/src/stm32f4xx_rtc.c ****   *                                    Push Pull mode.    
2397:./Libraries/src/stm32f4xx_rtc.c ****   * @retval None
2398:./Libraries/src/stm32f4xx_rtc.c ****   */
2399:./Libraries/src/stm32f4xx_rtc.c **** void RTC_OutputTypeConfig(uint32_t RTC_OutputType)
2400:./Libraries/src/stm32f4xx_rtc.c **** {
2401:./Libraries/src/stm32f4xx_rtc.c ****   /* Check the parameters */
2402:./Libraries/src/stm32f4xx_rtc.c ****   assert_param(IS_RTC_OUTPUT_TYPE(RTC_OutputType));
2403:./Libraries/src/stm32f4xx_rtc.c ****   
2404:./Libraries/src/stm32f4xx_rtc.c ****   RTC->TAFCR &= (uint32_t)~(RTC_TAFCR_ALARMOUTTYPE);
2405:./Libraries/src/stm32f4xx_rtc.c ****   RTC->TAFCR |= (uint32_t)(RTC_OutputType);  
2406:./Libraries/src/stm32f4xx_rtc.c **** }
2407:./Libraries/src/stm32f4xx_rtc.c **** 
2408:./Libraries/src/stm32f4xx_rtc.c **** /**
2409:./Libraries/src/stm32f4xx_rtc.c ****   * @}
2410:./Libraries/src/stm32f4xx_rtc.c ****   */
2411:./Libraries/src/stm32f4xx_rtc.c **** 
2412:./Libraries/src/stm32f4xx_rtc.c **** /** @defgroup RTC_Group12 Shift control synchronisation functions
2413:./Libraries/src/stm32f4xx_rtc.c ****  *  @brief   Shift control synchronisation functions 
2414:./Libraries/src/stm32f4xx_rtc.c ****  *
2415:./Libraries/src/stm32f4xx_rtc.c **** @verbatim   
2416:./Libraries/src/stm32f4xx_rtc.c ****  ===============================================================================
2417:./Libraries/src/stm32f4xx_rtc.c ****               ##### Shift control synchronisation functions #####
2418:./Libraries/src/stm32f4xx_rtc.c ****  ===============================================================================  
2419:./Libraries/src/stm32f4xx_rtc.c **** 
2420:./Libraries/src/stm32f4xx_rtc.c **** @endverbatim
2421:./Libraries/src/stm32f4xx_rtc.c ****   * @{
2422:./Libraries/src/stm32f4xx_rtc.c ****   */
2423:./Libraries/src/stm32f4xx_rtc.c **** 
2424:./Libraries/src/stm32f4xx_rtc.c **** /**
ARM GAS  /tmp/ccgzaD3d.s 			page 44


2425:./Libraries/src/stm32f4xx_rtc.c ****   * @brief  Configures the Synchronization Shift Control Settings.
2426:./Libraries/src/stm32f4xx_rtc.c ****   * @note   When REFCKON is set, firmware must not write to Shift control register 
2427:./Libraries/src/stm32f4xx_rtc.c ****   * @param  RTC_ShiftAdd1S : Select to add or not 1 second to the time Calendar.
2428:./Libraries/src/stm32f4xx_rtc.c ****   *   This parameter can be one of the following values :
2429:./Libraries/src/stm32f4xx_rtc.c ****   *     @arg RTC_ShiftAdd1S_Set  : Add one second to the clock calendar. 
2430:./Libraries/src/stm32f4xx_rtc.c ****   *     @arg RTC_ShiftAdd1S_Reset: No effect.
2431:./Libraries/src/stm32f4xx_rtc.c ****   * @param  RTC_ShiftSubFS: Select the number of Second Fractions to Substitute.
2432:./Libraries/src/stm32f4xx_rtc.c ****   *         This parameter can be one any value from 0 to 0x7FFF.
2433:./Libraries/src/stm32f4xx_rtc.c ****   * @retval An ErrorStatus enumeration value:
2434:./Libraries/src/stm32f4xx_rtc.c ****   *          - SUCCESS: RTC Shift registers are configured
2435:./Libraries/src/stm32f4xx_rtc.c ****   *          - ERROR: RTC Shift registers are not configured
2436:./Libraries/src/stm32f4xx_rtc.c **** */
2437:./Libraries/src/stm32f4xx_rtc.c **** ErrorStatus RTC_SynchroShiftConfig(uint32_t RTC_ShiftAdd1S, uint32_t RTC_ShiftSubFS)
2438:./Libraries/src/stm32f4xx_rtc.c **** {
2439:./Libraries/src/stm32f4xx_rtc.c ****   ErrorStatus status = ERROR;
2440:./Libraries/src/stm32f4xx_rtc.c ****   uint32_t shpfcount = 0;
2441:./Libraries/src/stm32f4xx_rtc.c **** 
2442:./Libraries/src/stm32f4xx_rtc.c ****   /* Check the parameters */
2443:./Libraries/src/stm32f4xx_rtc.c ****   assert_param(IS_RTC_SHIFT_ADD1S(RTC_ShiftAdd1S));
2444:./Libraries/src/stm32f4xx_rtc.c ****   assert_param(IS_RTC_SHIFT_SUBFS(RTC_ShiftSubFS));
2445:./Libraries/src/stm32f4xx_rtc.c **** 
2446:./Libraries/src/stm32f4xx_rtc.c ****   /* Disable the write protection for RTC registers */
2447:./Libraries/src/stm32f4xx_rtc.c ****   RTC->WPR = 0xCA;
2448:./Libraries/src/stm32f4xx_rtc.c ****   RTC->WPR = 0x53;
2449:./Libraries/src/stm32f4xx_rtc.c ****   
2450:./Libraries/src/stm32f4xx_rtc.c ****   /* Check if a Shift is pending*/
2451:./Libraries/src/stm32f4xx_rtc.c ****   if ((RTC->ISR & RTC_ISR_SHPF) != RESET)
2452:./Libraries/src/stm32f4xx_rtc.c ****   {
2453:./Libraries/src/stm32f4xx_rtc.c ****     /* Wait until the shift is completed*/
2454:./Libraries/src/stm32f4xx_rtc.c ****     while (((RTC->ISR & RTC_ISR_SHPF) != RESET) && (shpfcount != SHPF_TIMEOUT))
2455:./Libraries/src/stm32f4xx_rtc.c ****     {
2456:./Libraries/src/stm32f4xx_rtc.c ****       shpfcount++;
2457:./Libraries/src/stm32f4xx_rtc.c ****     }
2458:./Libraries/src/stm32f4xx_rtc.c ****   }
2459:./Libraries/src/stm32f4xx_rtc.c **** 
2460:./Libraries/src/stm32f4xx_rtc.c ****   /* Check if the Shift pending is completed or if there is no Shift operation at all*/
2461:./Libraries/src/stm32f4xx_rtc.c ****   if ((RTC->ISR & RTC_ISR_SHPF) == RESET)
2462:./Libraries/src/stm32f4xx_rtc.c ****   {
2463:./Libraries/src/stm32f4xx_rtc.c ****     /* check if the reference clock detection is disabled */
2464:./Libraries/src/stm32f4xx_rtc.c ****     if((RTC->CR & RTC_CR_REFCKON) == RESET)
2465:./Libraries/src/stm32f4xx_rtc.c ****     {
2466:./Libraries/src/stm32f4xx_rtc.c ****       /* Configure the Shift settings */
2467:./Libraries/src/stm32f4xx_rtc.c ****       RTC->SHIFTR = (uint32_t)(uint32_t)(RTC_ShiftSubFS) | (uint32_t)(RTC_ShiftAdd1S);
2468:./Libraries/src/stm32f4xx_rtc.c ****     
2469:./Libraries/src/stm32f4xx_rtc.c ****       if(RTC_WaitForSynchro() == ERROR)
2470:./Libraries/src/stm32f4xx_rtc.c ****       {
2471:./Libraries/src/stm32f4xx_rtc.c ****         status = ERROR;
2472:./Libraries/src/stm32f4xx_rtc.c ****       }
2473:./Libraries/src/stm32f4xx_rtc.c ****       else
2474:./Libraries/src/stm32f4xx_rtc.c ****       {
2475:./Libraries/src/stm32f4xx_rtc.c ****         status = SUCCESS;
2476:./Libraries/src/stm32f4xx_rtc.c ****       }
2477:./Libraries/src/stm32f4xx_rtc.c ****     }
2478:./Libraries/src/stm32f4xx_rtc.c ****     else
2479:./Libraries/src/stm32f4xx_rtc.c ****     {
2480:./Libraries/src/stm32f4xx_rtc.c ****       status = ERROR;
2481:./Libraries/src/stm32f4xx_rtc.c ****     }
ARM GAS  /tmp/ccgzaD3d.s 			page 45


2482:./Libraries/src/stm32f4xx_rtc.c ****   }
2483:./Libraries/src/stm32f4xx_rtc.c ****   else
2484:./Libraries/src/stm32f4xx_rtc.c ****   {
2485:./Libraries/src/stm32f4xx_rtc.c ****     status = ERROR;
2486:./Libraries/src/stm32f4xx_rtc.c ****   }
2487:./Libraries/src/stm32f4xx_rtc.c **** 
2488:./Libraries/src/stm32f4xx_rtc.c ****   /* Enable the write protection for RTC registers */
2489:./Libraries/src/stm32f4xx_rtc.c ****   RTC->WPR = 0xFF;
2490:./Libraries/src/stm32f4xx_rtc.c ****   
2491:./Libraries/src/stm32f4xx_rtc.c ****   return (ErrorStatus)(status);
2492:./Libraries/src/stm32f4xx_rtc.c **** }
2493:./Libraries/src/stm32f4xx_rtc.c **** 
2494:./Libraries/src/stm32f4xx_rtc.c **** /**
2495:./Libraries/src/stm32f4xx_rtc.c ****   * @}
2496:./Libraries/src/stm32f4xx_rtc.c ****   */
2497:./Libraries/src/stm32f4xx_rtc.c **** 
2498:./Libraries/src/stm32f4xx_rtc.c **** /** @defgroup RTC_Group13 Interrupts and flags management functions
2499:./Libraries/src/stm32f4xx_rtc.c ****  *  @brief   Interrupts and flags management functions  
2500:./Libraries/src/stm32f4xx_rtc.c ****  *
2501:./Libraries/src/stm32f4xx_rtc.c **** @verbatim   
2502:./Libraries/src/stm32f4xx_rtc.c ****  ===============================================================================
2503:./Libraries/src/stm32f4xx_rtc.c ****               ##### Interrupts and flags management functions #####
2504:./Libraries/src/stm32f4xx_rtc.c ****  ===============================================================================  
2505:./Libraries/src/stm32f4xx_rtc.c ****  [..] All RTC interrupts are connected to the EXTI controller.
2506:./Libraries/src/stm32f4xx_rtc.c ****  
2507:./Libraries/src/stm32f4xx_rtc.c ****    (+) To enable the RTC Alarm interrupt, the following sequence is required:
2508:./Libraries/src/stm32f4xx_rtc.c ****        (++) Configure and enable the EXTI Line 17 in interrupt mode and select 
2509:./Libraries/src/stm32f4xx_rtc.c ****             the rising edge sensitivity using the EXTI_Init() function.
2510:./Libraries/src/stm32f4xx_rtc.c ****        (++) Configure and enable the RTC_Alarm IRQ channel in the NVIC using the 
2511:./Libraries/src/stm32f4xx_rtc.c ****             NVIC_Init() function.
2512:./Libraries/src/stm32f4xx_rtc.c ****        (++) Configure the RTC to generate RTC alarms (Alarm A and/or Alarm B) using
2513:./Libraries/src/stm32f4xx_rtc.c ****             the RTC_SetAlarm() and RTC_AlarmCmd() functions.
2514:./Libraries/src/stm32f4xx_rtc.c **** 
2515:./Libraries/src/stm32f4xx_rtc.c ****    (+) To enable the RTC Wakeup interrupt, the following sequence is required:
2516:./Libraries/src/stm32f4xx_rtc.c ****        (++) Configure and enable the EXTI Line 22 in interrupt mode and select the
2517:./Libraries/src/stm32f4xx_rtc.c ****             rising edge sensitivity using the EXTI_Init() function.
2518:./Libraries/src/stm32f4xx_rtc.c ****        (++) Configure and enable the RTC_WKUP IRQ channel in the NVIC using the 
2519:./Libraries/src/stm32f4xx_rtc.c ****             NVIC_Init() function.
2520:./Libraries/src/stm32f4xx_rtc.c ****        (++) Configure the RTC to generate the RTC wakeup timer event using the 
2521:./Libraries/src/stm32f4xx_rtc.c ****             RTC_WakeUpClockConfig(), RTC_SetWakeUpCounter() and RTC_WakeUpCmd() 
2522:./Libraries/src/stm32f4xx_rtc.c ****             functions.
2523:./Libraries/src/stm32f4xx_rtc.c **** 
2524:./Libraries/src/stm32f4xx_rtc.c ****    (+) To enable the RTC Tamper interrupt, the following sequence is required:
2525:./Libraries/src/stm32f4xx_rtc.c ****        (++) Configure and enable the EXTI Line 21 in interrupt mode and select 
2526:./Libraries/src/stm32f4xx_rtc.c ****             the rising edge sensitivity using the EXTI_Init() function.
2527:./Libraries/src/stm32f4xx_rtc.c ****        (++) Configure and enable the TAMP_STAMP IRQ channel in the NVIC using the
2528:./Libraries/src/stm32f4xx_rtc.c ****             NVIC_Init() function.
2529:./Libraries/src/stm32f4xx_rtc.c ****        (++) Configure the RTC to detect the RTC tamper event using the 
2530:./Libraries/src/stm32f4xx_rtc.c ****             RTC_TamperTriggerConfig() and RTC_TamperCmd() functions.
2531:./Libraries/src/stm32f4xx_rtc.c **** 
2532:./Libraries/src/stm32f4xx_rtc.c ****    (+) To enable the RTC TimeStamp interrupt, the following sequence is required:
2533:./Libraries/src/stm32f4xx_rtc.c ****        (++) Configure and enable the EXTI Line 21 in interrupt mode and select the
2534:./Libraries/src/stm32f4xx_rtc.c ****             rising edge sensitivity using the EXTI_Init() function.
2535:./Libraries/src/stm32f4xx_rtc.c ****        (++) Configure and enable the TAMP_STAMP IRQ channel in the NVIC using the 
2536:./Libraries/src/stm32f4xx_rtc.c ****             NVIC_Init() function.
2537:./Libraries/src/stm32f4xx_rtc.c ****        (++) Configure the RTC to detect the RTC time stamp event using the 
2538:./Libraries/src/stm32f4xx_rtc.c ****             RTC_TimeStampCmd() functions.
ARM GAS  /tmp/ccgzaD3d.s 			page 46


2539:./Libraries/src/stm32f4xx_rtc.c **** 
2540:./Libraries/src/stm32f4xx_rtc.c **** @endverbatim
2541:./Libraries/src/stm32f4xx_rtc.c ****   * @{
2542:./Libraries/src/stm32f4xx_rtc.c ****   */
2543:./Libraries/src/stm32f4xx_rtc.c **** 
2544:./Libraries/src/stm32f4xx_rtc.c **** /**
2545:./Libraries/src/stm32f4xx_rtc.c ****   * @brief  Enables or disables the specified RTC interrupts.
2546:./Libraries/src/stm32f4xx_rtc.c ****   * @param  RTC_IT: specifies the RTC interrupt sources to be enabled or disabled. 
2547:./Libraries/src/stm32f4xx_rtc.c ****   *          This parameter can be any combination of the following values:
2548:./Libraries/src/stm32f4xx_rtc.c ****   *            @arg RTC_IT_TS:  Time Stamp interrupt mask
2549:./Libraries/src/stm32f4xx_rtc.c ****   *            @arg RTC_IT_WUT:  WakeUp Timer interrupt mask
2550:./Libraries/src/stm32f4xx_rtc.c ****   *            @arg RTC_IT_ALRB:  Alarm B interrupt mask
2551:./Libraries/src/stm32f4xx_rtc.c ****   *            @arg RTC_IT_ALRA:  Alarm A interrupt mask
2552:./Libraries/src/stm32f4xx_rtc.c ****   *            @arg RTC_IT_TAMP: Tamper event interrupt mask
2553:./Libraries/src/stm32f4xx_rtc.c ****   * @param  NewState: new state of the specified RTC interrupts.
2554:./Libraries/src/stm32f4xx_rtc.c ****   *          This parameter can be: ENABLE or DISABLE.
2555:./Libraries/src/stm32f4xx_rtc.c ****   * @retval None
2556:./Libraries/src/stm32f4xx_rtc.c ****   */
2557:./Libraries/src/stm32f4xx_rtc.c **** void RTC_ITConfig(uint32_t RTC_IT, FunctionalState NewState)
2558:./Libraries/src/stm32f4xx_rtc.c **** {
2559:./Libraries/src/stm32f4xx_rtc.c ****   /* Check the parameters */
2560:./Libraries/src/stm32f4xx_rtc.c ****   assert_param(IS_RTC_CONFIG_IT(RTC_IT));
2561:./Libraries/src/stm32f4xx_rtc.c ****   assert_param(IS_FUNCTIONAL_STATE(NewState));
2562:./Libraries/src/stm32f4xx_rtc.c **** 
2563:./Libraries/src/stm32f4xx_rtc.c ****   /* Disable the write protection for RTC registers */
2564:./Libraries/src/stm32f4xx_rtc.c ****   RTC->WPR = 0xCA;
2565:./Libraries/src/stm32f4xx_rtc.c ****   RTC->WPR = 0x53;
2566:./Libraries/src/stm32f4xx_rtc.c **** 
2567:./Libraries/src/stm32f4xx_rtc.c ****   if (NewState != DISABLE)
2568:./Libraries/src/stm32f4xx_rtc.c ****   {
2569:./Libraries/src/stm32f4xx_rtc.c ****     /* Configure the Interrupts in the RTC_CR register */
2570:./Libraries/src/stm32f4xx_rtc.c ****     RTC->CR |= (uint32_t)(RTC_IT & ~RTC_TAFCR_TAMPIE);
2571:./Libraries/src/stm32f4xx_rtc.c ****     /* Configure the Tamper Interrupt in the RTC_TAFCR */
2572:./Libraries/src/stm32f4xx_rtc.c ****     RTC->TAFCR |= (uint32_t)(RTC_IT & RTC_TAFCR_TAMPIE);
2573:./Libraries/src/stm32f4xx_rtc.c ****   }
2574:./Libraries/src/stm32f4xx_rtc.c ****   else
2575:./Libraries/src/stm32f4xx_rtc.c ****   {
2576:./Libraries/src/stm32f4xx_rtc.c ****     /* Configure the Interrupts in the RTC_CR register */
2577:./Libraries/src/stm32f4xx_rtc.c ****     RTC->CR &= (uint32_t)~(RTC_IT & (uint32_t)~RTC_TAFCR_TAMPIE);
2578:./Libraries/src/stm32f4xx_rtc.c ****     /* Configure the Tamper Interrupt in the RTC_TAFCR */
2579:./Libraries/src/stm32f4xx_rtc.c ****     RTC->TAFCR &= (uint32_t)~(RTC_IT & RTC_TAFCR_TAMPIE);
2580:./Libraries/src/stm32f4xx_rtc.c ****   }
2581:./Libraries/src/stm32f4xx_rtc.c ****   /* Enable the write protection for RTC registers */
2582:./Libraries/src/stm32f4xx_rtc.c ****   RTC->WPR = 0xFF; 
2583:./Libraries/src/stm32f4xx_rtc.c **** }
2584:./Libraries/src/stm32f4xx_rtc.c **** 
2585:./Libraries/src/stm32f4xx_rtc.c **** /**
2586:./Libraries/src/stm32f4xx_rtc.c ****   * @brief  Checks whether the specified RTC flag is set or not.
2587:./Libraries/src/stm32f4xx_rtc.c ****   * @param  RTC_FLAG: specifies the flag to check.
2588:./Libraries/src/stm32f4xx_rtc.c ****   *          This parameter can be one of the following values:
2589:./Libraries/src/stm32f4xx_rtc.c ****   *            @arg RTC_FLAG_RECALPF: RECALPF event flag.
2590:./Libraries/src/stm32f4xx_rtc.c ****   *            @arg RTC_FLAG_TAMP1F: Tamper 1 event flag
2591:./Libraries/src/stm32f4xx_rtc.c ****   *            @arg RTC_FLAG_TAMP2F: Tamper 2 event flag
2592:./Libraries/src/stm32f4xx_rtc.c ****   *            @arg RTC_FLAG_TSOVF: Time Stamp OverFlow flag
2593:./Libraries/src/stm32f4xx_rtc.c ****   *            @arg RTC_FLAG_TSF: Time Stamp event flag
2594:./Libraries/src/stm32f4xx_rtc.c ****   *            @arg RTC_FLAG_WUTF: WakeUp Timer flag
2595:./Libraries/src/stm32f4xx_rtc.c ****   *            @arg RTC_FLAG_ALRBF: Alarm B flag
ARM GAS  /tmp/ccgzaD3d.s 			page 47


2596:./Libraries/src/stm32f4xx_rtc.c ****   *            @arg RTC_FLAG_ALRAF: Alarm A flag
2597:./Libraries/src/stm32f4xx_rtc.c ****   *            @arg RTC_FLAG_INITF: Initialization mode flag
2598:./Libraries/src/stm32f4xx_rtc.c ****   *            @arg RTC_FLAG_RSF: Registers Synchronized flag
2599:./Libraries/src/stm32f4xx_rtc.c ****   *            @arg RTC_FLAG_INITS: Registers Configured flag
2600:./Libraries/src/stm32f4xx_rtc.c ****   *            @arg RTC_FLAG_SHPF: Shift operation pending flag.
2601:./Libraries/src/stm32f4xx_rtc.c ****   *            @arg RTC_FLAG_WUTWF: WakeUp Timer Write flag
2602:./Libraries/src/stm32f4xx_rtc.c ****   *            @arg RTC_FLAG_ALRBWF: Alarm B Write flag
2603:./Libraries/src/stm32f4xx_rtc.c ****   *            @arg RTC_FLAG_ALRAWF: Alarm A write flag
2604:./Libraries/src/stm32f4xx_rtc.c ****   * @retval The new state of RTC_FLAG (SET or RESET).
2605:./Libraries/src/stm32f4xx_rtc.c ****   */
2606:./Libraries/src/stm32f4xx_rtc.c **** FlagStatus RTC_GetFlagStatus(uint32_t RTC_FLAG)
2607:./Libraries/src/stm32f4xx_rtc.c **** {
2608:./Libraries/src/stm32f4xx_rtc.c ****   FlagStatus bitstatus = RESET;
2609:./Libraries/src/stm32f4xx_rtc.c ****   uint32_t tmpreg = 0;
2610:./Libraries/src/stm32f4xx_rtc.c ****   
2611:./Libraries/src/stm32f4xx_rtc.c ****   /* Check the parameters */
2612:./Libraries/src/stm32f4xx_rtc.c ****   assert_param(IS_RTC_GET_FLAG(RTC_FLAG));
2613:./Libraries/src/stm32f4xx_rtc.c ****   
2614:./Libraries/src/stm32f4xx_rtc.c ****   /* Get all the flags */
2615:./Libraries/src/stm32f4xx_rtc.c ****   tmpreg = (uint32_t)(RTC->ISR & RTC_FLAGS_MASK);
2616:./Libraries/src/stm32f4xx_rtc.c ****   
2617:./Libraries/src/stm32f4xx_rtc.c ****   /* Return the status of the flag */
2618:./Libraries/src/stm32f4xx_rtc.c ****   if ((tmpreg & RTC_FLAG) != (uint32_t)RESET)
2619:./Libraries/src/stm32f4xx_rtc.c ****   {
2620:./Libraries/src/stm32f4xx_rtc.c ****     bitstatus = SET;
2621:./Libraries/src/stm32f4xx_rtc.c ****   }
2622:./Libraries/src/stm32f4xx_rtc.c ****   else
2623:./Libraries/src/stm32f4xx_rtc.c ****   {
2624:./Libraries/src/stm32f4xx_rtc.c ****     bitstatus = RESET;
2625:./Libraries/src/stm32f4xx_rtc.c ****   }
2626:./Libraries/src/stm32f4xx_rtc.c ****   return bitstatus;
2627:./Libraries/src/stm32f4xx_rtc.c **** }
2628:./Libraries/src/stm32f4xx_rtc.c **** 
2629:./Libraries/src/stm32f4xx_rtc.c **** /**
2630:./Libraries/src/stm32f4xx_rtc.c ****   * @brief  Clears the RTC's pending flags.
2631:./Libraries/src/stm32f4xx_rtc.c ****   * @param  RTC_FLAG: specifies the RTC flag to clear.
2632:./Libraries/src/stm32f4xx_rtc.c ****   *          This parameter can be any combination of the following values:
2633:./Libraries/src/stm32f4xx_rtc.c ****   *            @arg RTC_FLAG_TAMP1F: Tamper 1 event flag
2634:./Libraries/src/stm32f4xx_rtc.c ****   *            @arg RTC_FLAG_TAMP2F: Tamper 2 event flag
2635:./Libraries/src/stm32f4xx_rtc.c ****   *            @arg RTC_FLAG_TSOVF: Time Stamp Overflow flag 
2636:./Libraries/src/stm32f4xx_rtc.c ****   *            @arg RTC_FLAG_TSF: Time Stamp event flag
2637:./Libraries/src/stm32f4xx_rtc.c ****   *            @arg RTC_FLAG_WUTF: WakeUp Timer flag
2638:./Libraries/src/stm32f4xx_rtc.c ****   *            @arg RTC_FLAG_ALRBF: Alarm B flag
2639:./Libraries/src/stm32f4xx_rtc.c ****   *            @arg RTC_FLAG_ALRAF: Alarm A flag
2640:./Libraries/src/stm32f4xx_rtc.c ****   *            @arg RTC_FLAG_RSF: Registers Synchronized flag
2641:./Libraries/src/stm32f4xx_rtc.c ****   * @retval None
2642:./Libraries/src/stm32f4xx_rtc.c ****   */
2643:./Libraries/src/stm32f4xx_rtc.c **** void RTC_ClearFlag(uint32_t RTC_FLAG)
2644:./Libraries/src/stm32f4xx_rtc.c **** {
2645:./Libraries/src/stm32f4xx_rtc.c ****   /* Check the parameters */
2646:./Libraries/src/stm32f4xx_rtc.c ****   assert_param(IS_RTC_CLEAR_FLAG(RTC_FLAG));
2647:./Libraries/src/stm32f4xx_rtc.c **** 
2648:./Libraries/src/stm32f4xx_rtc.c ****   /* Clear the Flags in the RTC_ISR register */
2649:./Libraries/src/stm32f4xx_rtc.c ****   RTC->ISR = (uint32_t)((uint32_t)(~((RTC_FLAG | RTC_ISR_INIT)& 0x0000FFFF) | (uint32_t)(RTC->ISR &
2650:./Libraries/src/stm32f4xx_rtc.c **** }
2651:./Libraries/src/stm32f4xx_rtc.c **** 
2652:./Libraries/src/stm32f4xx_rtc.c **** /**
ARM GAS  /tmp/ccgzaD3d.s 			page 48


2653:./Libraries/src/stm32f4xx_rtc.c ****   * @brief  Checks whether the specified RTC interrupt has occurred or not.
2654:./Libraries/src/stm32f4xx_rtc.c ****   * @param  RTC_IT: specifies the RTC interrupt source to check.
2655:./Libraries/src/stm32f4xx_rtc.c ****   *          This parameter can be one of the following values:
2656:./Libraries/src/stm32f4xx_rtc.c ****   *            @arg RTC_IT_TS: Time Stamp interrupt 
2657:./Libraries/src/stm32f4xx_rtc.c ****   *            @arg RTC_IT_WUT: WakeUp Timer interrupt 
2658:./Libraries/src/stm32f4xx_rtc.c ****   *            @arg RTC_IT_ALRB: Alarm B interrupt 
2659:./Libraries/src/stm32f4xx_rtc.c ****   *            @arg RTC_IT_ALRA: Alarm A interrupt 
2660:./Libraries/src/stm32f4xx_rtc.c ****   *            @arg RTC_IT_TAMP1: Tamper 1 event interrupt
2661:./Libraries/src/stm32f4xx_rtc.c ****   *            @arg RTC_IT_TAMP2: Tamper 2 event interrupt
2662:./Libraries/src/stm32f4xx_rtc.c ****   * @retval The new state of RTC_IT (SET or RESET).
2663:./Libraries/src/stm32f4xx_rtc.c ****   */
2664:./Libraries/src/stm32f4xx_rtc.c **** ITStatus RTC_GetITStatus(uint32_t RTC_IT)
2665:./Libraries/src/stm32f4xx_rtc.c **** {
2666:./Libraries/src/stm32f4xx_rtc.c ****   ITStatus bitstatus = RESET;
2667:./Libraries/src/stm32f4xx_rtc.c ****   uint32_t tmpreg = 0, enablestatus = 0;
2668:./Libraries/src/stm32f4xx_rtc.c ****  
2669:./Libraries/src/stm32f4xx_rtc.c ****   /* Check the parameters */
2670:./Libraries/src/stm32f4xx_rtc.c ****   assert_param(IS_RTC_GET_IT(RTC_IT));
2671:./Libraries/src/stm32f4xx_rtc.c ****   
2672:./Libraries/src/stm32f4xx_rtc.c ****   /* Get the TAMPER Interrupt enable bit and pending bit */
2673:./Libraries/src/stm32f4xx_rtc.c ****   tmpreg = (uint32_t)(RTC->TAFCR & (RTC_TAFCR_TAMPIE));
2674:./Libraries/src/stm32f4xx_rtc.c ****  
2675:./Libraries/src/stm32f4xx_rtc.c ****   /* Get the Interrupt enable Status */
2676:./Libraries/src/stm32f4xx_rtc.c ****   enablestatus = (uint32_t)((RTC->CR & RTC_IT) | (tmpreg & (RTC_IT >> 15)) | (tmpreg & (RTC_IT >> 1
2677:./Libraries/src/stm32f4xx_rtc.c ****   
2678:./Libraries/src/stm32f4xx_rtc.c ****   /* Get the Interrupt pending bit */
2679:./Libraries/src/stm32f4xx_rtc.c ****   tmpreg = (uint32_t)((RTC->ISR & (uint32_t)(RTC_IT >> 4)));
2680:./Libraries/src/stm32f4xx_rtc.c ****   
2681:./Libraries/src/stm32f4xx_rtc.c ****   /* Get the status of the Interrupt */
2682:./Libraries/src/stm32f4xx_rtc.c ****   if ((enablestatus != (uint32_t)RESET) && ((tmpreg & 0x0000FFFF) != (uint32_t)RESET))
2683:./Libraries/src/stm32f4xx_rtc.c ****   {
2684:./Libraries/src/stm32f4xx_rtc.c ****     bitstatus = SET;
2685:./Libraries/src/stm32f4xx_rtc.c ****   }
2686:./Libraries/src/stm32f4xx_rtc.c ****   else
2687:./Libraries/src/stm32f4xx_rtc.c ****   {
2688:./Libraries/src/stm32f4xx_rtc.c ****     bitstatus = RESET;
2689:./Libraries/src/stm32f4xx_rtc.c ****   }
2690:./Libraries/src/stm32f4xx_rtc.c ****   return bitstatus;
2691:./Libraries/src/stm32f4xx_rtc.c **** }
2692:./Libraries/src/stm32f4xx_rtc.c **** 
2693:./Libraries/src/stm32f4xx_rtc.c **** /**
2694:./Libraries/src/stm32f4xx_rtc.c ****   * @brief  Clears the RTC's interrupt pending bits.
2695:./Libraries/src/stm32f4xx_rtc.c ****   * @param  RTC_IT: specifies the RTC interrupt pending bit to clear.
2696:./Libraries/src/stm32f4xx_rtc.c ****   *          This parameter can be any combination of the following values:
2697:./Libraries/src/stm32f4xx_rtc.c ****   *            @arg RTC_IT_TS: Time Stamp interrupt 
2698:./Libraries/src/stm32f4xx_rtc.c ****   *            @arg RTC_IT_WUT: WakeUp Timer interrupt 
2699:./Libraries/src/stm32f4xx_rtc.c ****   *            @arg RTC_IT_ALRB: Alarm B interrupt 
2700:./Libraries/src/stm32f4xx_rtc.c ****   *            @arg RTC_IT_ALRA: Alarm A interrupt 
2701:./Libraries/src/stm32f4xx_rtc.c ****   *            @arg RTC_IT_TAMP1: Tamper 1 event interrupt
2702:./Libraries/src/stm32f4xx_rtc.c ****   *            @arg RTC_IT_TAMP2: Tamper 2 event interrupt 
2703:./Libraries/src/stm32f4xx_rtc.c ****   * @retval None
2704:./Libraries/src/stm32f4xx_rtc.c ****   */
2705:./Libraries/src/stm32f4xx_rtc.c **** void RTC_ClearITPendingBit(uint32_t RTC_IT)
2706:./Libraries/src/stm32f4xx_rtc.c **** {
2707:./Libraries/src/stm32f4xx_rtc.c ****   uint32_t tmpreg = 0;
2708:./Libraries/src/stm32f4xx_rtc.c **** 
2709:./Libraries/src/stm32f4xx_rtc.c ****   /* Check the parameters */
ARM GAS  /tmp/ccgzaD3d.s 			page 49


2710:./Libraries/src/stm32f4xx_rtc.c ****   assert_param(IS_RTC_CLEAR_IT(RTC_IT));
2711:./Libraries/src/stm32f4xx_rtc.c **** 
2712:./Libraries/src/stm32f4xx_rtc.c ****   /* Get the RTC_ISR Interrupt pending bits mask */
2713:./Libraries/src/stm32f4xx_rtc.c ****   tmpreg = (uint32_t)(RTC_IT >> 4);
2714:./Libraries/src/stm32f4xx_rtc.c **** 
2715:./Libraries/src/stm32f4xx_rtc.c ****   /* Clear the interrupt pending bits in the RTC_ISR register */
2716:./Libraries/src/stm32f4xx_rtc.c ****   RTC->ISR = (uint32_t)((uint32_t)(~((tmpreg | RTC_ISR_INIT)& 0x0000FFFF) | (uint32_t)(RTC->ISR & R
2717:./Libraries/src/stm32f4xx_rtc.c **** }
2718:./Libraries/src/stm32f4xx_rtc.c **** 
2719:./Libraries/src/stm32f4xx_rtc.c **** /**
2720:./Libraries/src/stm32f4xx_rtc.c ****   * @}
2721:./Libraries/src/stm32f4xx_rtc.c ****   */
2722:./Libraries/src/stm32f4xx_rtc.c **** 
2723:./Libraries/src/stm32f4xx_rtc.c **** /**
2724:./Libraries/src/stm32f4xx_rtc.c ****   * @brief  Converts a 2 digit decimal to BCD format.
2725:./Libraries/src/stm32f4xx_rtc.c ****   * @param  Value: Byte to be converted.
2726:./Libraries/src/stm32f4xx_rtc.c ****   * @retval Converted byte
2727:./Libraries/src/stm32f4xx_rtc.c ****   */
2728:./Libraries/src/stm32f4xx_rtc.c **** static uint8_t RTC_ByteToBcd2(uint8_t Value)
2729:./Libraries/src/stm32f4xx_rtc.c **** {
  29              		.loc 1 2729 1 view -0
  30              		.cfi_startproc
  31              		@ args = 0, pretend = 0, frame = 0
  32              		@ frame_needed = 0, uses_anonymous_args = 0
  33              		@ link register save eliminated.
2730:./Libraries/src/stm32f4xx_rtc.c ****   uint8_t bcdhigh = 0;
  34              		.loc 1 2730 3 view .LVU1
2731:./Libraries/src/stm32f4xx_rtc.c ****   
2732:./Libraries/src/stm32f4xx_rtc.c ****   while (Value >= 10)
  35              		.loc 1 2732 3 view .LVU2
2730:./Libraries/src/stm32f4xx_rtc.c ****   uint8_t bcdhigh = 0;
  36              		.loc 1 2730 11 is_stmt 0 view .LVU3
  37 0000 0023     		movs	r3, #0
  38              		.loc 1 2732 9 view .LVU4
  39 0002 03E0     		b	.L2
  40              	.LVL1:
  41              	.L3:
2733:./Libraries/src/stm32f4xx_rtc.c ****   {
2734:./Libraries/src/stm32f4xx_rtc.c ****     bcdhigh++;
  42              		.loc 1 2734 5 is_stmt 1 view .LVU5
  43              		.loc 1 2734 12 is_stmt 0 view .LVU6
  44 0004 0133     		adds	r3, r3, #1
  45              	.LVL2:
  46              		.loc 1 2734 12 view .LVU7
  47 0006 DBB2     		uxtb	r3, r3
  48              	.LVL3:
2735:./Libraries/src/stm32f4xx_rtc.c ****     Value -= 10;
  49              		.loc 1 2735 5 is_stmt 1 view .LVU8
  50              		.loc 1 2735 11 is_stmt 0 view .LVU9
  51 0008 0A38     		subs	r0, r0, #10
  52              	.LVL4:
  53              		.loc 1 2735 11 view .LVU10
  54 000a C0B2     		uxtb	r0, r0
  55              	.LVL5:
  56              	.L2:
2732:./Libraries/src/stm32f4xx_rtc.c ****   {
  57              		.loc 1 2732 16 is_stmt 1 view .LVU11
ARM GAS  /tmp/ccgzaD3d.s 			page 50


  58 000c 0928     		cmp	r0, #9
  59 000e F9D8     		bhi	.L3
2736:./Libraries/src/stm32f4xx_rtc.c ****   }
2737:./Libraries/src/stm32f4xx_rtc.c ****   
2738:./Libraries/src/stm32f4xx_rtc.c ****   return  ((uint8_t)(bcdhigh << 4) | Value);
  60              		.loc 1 2738 3 view .LVU12
  61              		.loc 1 2738 12 is_stmt 0 view .LVU13
  62 0010 1B01     		lsls	r3, r3, #4
  63              	.LVL6:
  64              		.loc 1 2738 12 view .LVU14
  65 0012 DBB2     		uxtb	r3, r3
2739:./Libraries/src/stm32f4xx_rtc.c **** }
  66              		.loc 1 2739 1 view .LVU15
  67 0014 1843     		orrs	r0, r0, r3
  68              	.LVL7:
  69              		.loc 1 2739 1 view .LVU16
  70 0016 7047     		bx	lr
  71              		.cfi_endproc
  72              	.LFE178:
  74              		.section	.text.RTC_Bcd2ToByte,"ax",%progbits
  75              		.align	1
  76              		.syntax unified
  77              		.thumb
  78              		.thumb_func
  80              	RTC_Bcd2ToByte:
  81              	.LVL8:
  82              	.LFB179:
2740:./Libraries/src/stm32f4xx_rtc.c **** 
2741:./Libraries/src/stm32f4xx_rtc.c **** /**
2742:./Libraries/src/stm32f4xx_rtc.c ****   * @brief  Convert from 2 digit BCD to Binary.
2743:./Libraries/src/stm32f4xx_rtc.c ****   * @param  Value: BCD value to be converted.
2744:./Libraries/src/stm32f4xx_rtc.c ****   * @retval Converted word
2745:./Libraries/src/stm32f4xx_rtc.c ****   */
2746:./Libraries/src/stm32f4xx_rtc.c **** static uint8_t RTC_Bcd2ToByte(uint8_t Value)
2747:./Libraries/src/stm32f4xx_rtc.c **** {
  83              		.loc 1 2747 1 is_stmt 1 view -0
  84              		.cfi_startproc
  85              		@ args = 0, pretend = 0, frame = 0
  86              		@ frame_needed = 0, uses_anonymous_args = 0
  87              		@ link register save eliminated.
2748:./Libraries/src/stm32f4xx_rtc.c ****   uint8_t tmp = 0;
  88              		.loc 1 2748 3 view .LVU18
2749:./Libraries/src/stm32f4xx_rtc.c ****   tmp = ((uint8_t)(Value & (uint8_t)0xF0) >> (uint8_t)0x4) * 10;
  89              		.loc 1 2749 3 view .LVU19
  90              		.loc 1 2749 43 is_stmt 0 view .LVU20
  91 0000 0309     		lsrs	r3, r0, #4
  92              		.loc 1 2749 7 view .LVU21
  93 0002 03EB8303 		add	r3, r3, r3, lsl #2
  94              	.LVL9:
2750:./Libraries/src/stm32f4xx_rtc.c ****   return (tmp + (Value & (uint8_t)0x0F));
  95              		.loc 1 2750 3 is_stmt 1 view .LVU22
  96              		.loc 1 2750 24 is_stmt 0 view .LVU23
  97 0006 00F00F00 		and	r0, r0, #15
  98              	.LVL10:
  99              		.loc 1 2750 15 view .LVU24
 100 000a 00EB4300 		add	r0, r0, r3, lsl #1
2751:./Libraries/src/stm32f4xx_rtc.c **** }
ARM GAS  /tmp/ccgzaD3d.s 			page 51


 101              		.loc 1 2751 1 view .LVU25
 102 000e C0B2     		uxtb	r0, r0
 103 0010 7047     		bx	lr
 104              		.cfi_endproc
 105              	.LFE179:
 107              		.section	.text.RTC_StructInit,"ax",%progbits
 108              		.align	1
 109              		.global	RTC_StructInit
 110              		.syntax unified
 111              		.thumb
 112              		.thumb_func
 114              	RTC_StructInit:
 115              	.LVL11:
 116              	.LFB125:
 504:./Libraries/src/stm32f4xx_rtc.c ****   /* Initialize the RTC_HourFormat member */
 117              		.loc 1 504 1 is_stmt 1 view -0
 118              		.cfi_startproc
 119              		@ args = 0, pretend = 0, frame = 0
 120              		@ frame_needed = 0, uses_anonymous_args = 0
 121              		@ link register save eliminated.
 506:./Libraries/src/stm32f4xx_rtc.c ****     
 122              		.loc 1 506 3 view .LVU27
 506:./Libraries/src/stm32f4xx_rtc.c ****     
 123              		.loc 1 506 34 is_stmt 0 view .LVU28
 124 0000 0023     		movs	r3, #0
 125 0002 0360     		str	r3, [r0]
 509:./Libraries/src/stm32f4xx_rtc.c **** 
 126              		.loc 1 509 3 is_stmt 1 view .LVU29
 509:./Libraries/src/stm32f4xx_rtc.c **** 
 127              		.loc 1 509 36 is_stmt 0 view .LVU30
 128 0004 7F23     		movs	r3, #127
 129 0006 4360     		str	r3, [r0, #4]
 512:./Libraries/src/stm32f4xx_rtc.c **** }
 130              		.loc 1 512 3 is_stmt 1 view .LVU31
 512:./Libraries/src/stm32f4xx_rtc.c **** }
 131              		.loc 1 512 35 is_stmt 0 view .LVU32
 132 0008 FF23     		movs	r3, #255
 133 000a 8360     		str	r3, [r0, #8]
 513:./Libraries/src/stm32f4xx_rtc.c **** 
 134              		.loc 1 513 1 view .LVU33
 135 000c 7047     		bx	lr
 136              		.cfi_endproc
 137              	.LFE125:
 139              		.section	.text.RTC_WriteProtectionCmd,"ax",%progbits
 140              		.align	1
 141              		.global	RTC_WriteProtectionCmd
 142              		.syntax unified
 143              		.thumb
 144              		.thumb_func
 146              	RTC_WriteProtectionCmd:
 147              	.LVL12:
 148              	.LFB126:
 526:./Libraries/src/stm32f4xx_rtc.c ****   /* Check the parameters */
 149              		.loc 1 526 1 is_stmt 1 view -0
 150              		.cfi_startproc
 151              		@ args = 0, pretend = 0, frame = 0
 152              		@ frame_needed = 0, uses_anonymous_args = 0
ARM GAS  /tmp/ccgzaD3d.s 			page 52


 153              		@ link register save eliminated.
 528:./Libraries/src/stm32f4xx_rtc.c ****     
 154              		.loc 1 528 3 view .LVU35
 530:./Libraries/src/stm32f4xx_rtc.c ****   {
 155              		.loc 1 530 3 view .LVU36
 530:./Libraries/src/stm32f4xx_rtc.c ****   {
 156              		.loc 1 530 6 is_stmt 0 view .LVU37
 157 0000 18B1     		cbz	r0, .L7
 533:./Libraries/src/stm32f4xx_rtc.c ****   }
 158              		.loc 1 533 5 is_stmt 1 view .LVU38
 533:./Libraries/src/stm32f4xx_rtc.c ****   }
 159              		.loc 1 533 14 is_stmt 0 view .LVU39
 160 0002 054B     		ldr	r3, .L9
 161 0004 FF22     		movs	r2, #255
 162 0006 5A62     		str	r2, [r3, #36]
 163 0008 7047     		bx	lr
 164              	.L7:
 538:./Libraries/src/stm32f4xx_rtc.c ****     RTC->WPR = 0x53;    
 165              		.loc 1 538 5 is_stmt 1 view .LVU40
 538:./Libraries/src/stm32f4xx_rtc.c ****     RTC->WPR = 0x53;    
 166              		.loc 1 538 14 is_stmt 0 view .LVU41
 167 000a 034B     		ldr	r3, .L9
 168 000c CA22     		movs	r2, #202
 169 000e 5A62     		str	r2, [r3, #36]
 539:./Libraries/src/stm32f4xx_rtc.c ****   }
 170              		.loc 1 539 5 is_stmt 1 view .LVU42
 539:./Libraries/src/stm32f4xx_rtc.c ****   }
 171              		.loc 1 539 14 is_stmt 0 view .LVU43
 172 0010 5322     		movs	r2, #83
 173 0012 5A62     		str	r2, [r3, #36]
 541:./Libraries/src/stm32f4xx_rtc.c **** 
 174              		.loc 1 541 1 view .LVU44
 175 0014 7047     		bx	lr
 176              	.L10:
 177 0016 00BF     		.align	2
 178              	.L9:
 179 0018 00280040 		.word	1073752064
 180              		.cfi_endproc
 181              	.LFE126:
 183              		.section	.text.RTC_EnterInitMode,"ax",%progbits
 184              		.align	1
 185              		.global	RTC_EnterInitMode
 186              		.syntax unified
 187              		.thumb
 188              		.thumb_func
 190              	RTC_EnterInitMode:
 191              	.LFB127:
 553:./Libraries/src/stm32f4xx_rtc.c ****   __IO uint32_t initcounter = 0x00;
 192              		.loc 1 553 1 is_stmt 1 view -0
 193              		.cfi_startproc
 194              		@ args = 0, pretend = 0, frame = 8
 195              		@ frame_needed = 0, uses_anonymous_args = 0
 196              		@ link register save eliminated.
 197 0000 82B0     		sub	sp, sp, #8
 198              	.LCFI0:
 199              		.cfi_def_cfa_offset 8
 554:./Libraries/src/stm32f4xx_rtc.c ****   ErrorStatus status = ERROR;
ARM GAS  /tmp/ccgzaD3d.s 			page 53


 200              		.loc 1 554 3 view .LVU46
 554:./Libraries/src/stm32f4xx_rtc.c ****   ErrorStatus status = ERROR;
 201              		.loc 1 554 17 is_stmt 0 view .LVU47
 202 0002 0023     		movs	r3, #0
 203 0004 0193     		str	r3, [sp, #4]
 555:./Libraries/src/stm32f4xx_rtc.c ****   uint32_t initstatus = 0x00;
 204              		.loc 1 555 3 is_stmt 1 view .LVU48
 205              	.LVL13:
 556:./Libraries/src/stm32f4xx_rtc.c ****      
 206              		.loc 1 556 3 view .LVU49
 559:./Libraries/src/stm32f4xx_rtc.c ****   {
 207              		.loc 1 559 3 view .LVU50
 559:./Libraries/src/stm32f4xx_rtc.c ****   {
 208              		.loc 1 559 11 is_stmt 0 view .LVU51
 209 0006 114B     		ldr	r3, .L18
 210 0008 DB68     		ldr	r3, [r3, #12]
 559:./Libraries/src/stm32f4xx_rtc.c ****   {
 211              		.loc 1 559 6 view .LVU52
 212 000a 13F0400F 		tst	r3, #64
 213 000e 17D1     		bne	.L15
 562:./Libraries/src/stm32f4xx_rtc.c ****     
 214              		.loc 1 562 5 is_stmt 1 view .LVU53
 562:./Libraries/src/stm32f4xx_rtc.c ****     
 215              		.loc 1 562 14 is_stmt 0 view .LVU54
 216 0010 0E4B     		ldr	r3, .L18
 217 0012 4FF0FF32 		mov	r2, #-1
 218 0016 DA60     		str	r2, [r3, #12]
 219              	.LVL14:
 220              	.L14:
 565:./Libraries/src/stm32f4xx_rtc.c ****     {
 221              		.loc 1 565 5 is_stmt 1 view .LVU55
 567:./Libraries/src/stm32f4xx_rtc.c ****       initcounter++;  
 222              		.loc 1 567 7 view .LVU56
 567:./Libraries/src/stm32f4xx_rtc.c ****       initcounter++;  
 223              		.loc 1 567 23 is_stmt 0 view .LVU57
 224 0018 0C4B     		ldr	r3, .L18
 225 001a DA68     		ldr	r2, [r3, #12]
 567:./Libraries/src/stm32f4xx_rtc.c ****       initcounter++;  
 226              		.loc 1 567 18 view .LVU58
 227 001c 02F04002 		and	r2, r2, #64
 228              	.LVL15:
 568:./Libraries/src/stm32f4xx_rtc.c ****     } while((initcounter != INITMODE_TIMEOUT) && (initstatus == 0x00));
 229              		.loc 1 568 7 is_stmt 1 view .LVU59
 568:./Libraries/src/stm32f4xx_rtc.c ****     } while((initcounter != INITMODE_TIMEOUT) && (initstatus == 0x00));
 230              		.loc 1 568 18 is_stmt 0 view .LVU60
 231 0020 019B     		ldr	r3, [sp, #4]
 232 0022 0133     		adds	r3, r3, #1
 233 0024 0193     		str	r3, [sp, #4]
 569:./Libraries/src/stm32f4xx_rtc.c ****     
 234              		.loc 1 569 47 is_stmt 1 discriminator 2 view .LVU61
 569:./Libraries/src/stm32f4xx_rtc.c ****     
 235              		.loc 1 569 26 is_stmt 0 discriminator 2 view .LVU62
 236 0026 019B     		ldr	r3, [sp, #4]
 569:./Libraries/src/stm32f4xx_rtc.c ****     
 237              		.loc 1 569 47 discriminator 2 view .LVU63
 238 0028 B3F5803F 		cmp	r3, #65536
 239 002c 01D0     		beq	.L13
ARM GAS  /tmp/ccgzaD3d.s 			page 54


 569:./Libraries/src/stm32f4xx_rtc.c ****     
 240              		.loc 1 569 47 discriminator 1 view .LVU64
 241 002e 002A     		cmp	r2, #0
 242 0030 F2D0     		beq	.L14
 243              	.L13:
 571:./Libraries/src/stm32f4xx_rtc.c ****     {
 244              		.loc 1 571 5 is_stmt 1 view .LVU65
 571:./Libraries/src/stm32f4xx_rtc.c ****     {
 245              		.loc 1 571 13 is_stmt 0 view .LVU66
 246 0032 064B     		ldr	r3, .L18
 247 0034 DB68     		ldr	r3, [r3, #12]
 571:./Libraries/src/stm32f4xx_rtc.c ****     {
 248              		.loc 1 571 8 view .LVU67
 249 0036 13F0400F 		tst	r3, #64
 250 003a 04D0     		beq	.L16
 573:./Libraries/src/stm32f4xx_rtc.c ****     }
 251              		.loc 1 573 14 view .LVU68
 252 003c 0120     		movs	r0, #1
 253 003e 00E0     		b	.L12
 254              	.LVL16:
 255              	.L15:
 582:./Libraries/src/stm32f4xx_rtc.c ****   } 
 256              		.loc 1 582 12 view .LVU69
 257 0040 0120     		movs	r0, #1
 258              	.LVL17:
 259              	.L12:
 585:./Libraries/src/stm32f4xx_rtc.c **** }
 260              		.loc 1 585 3 is_stmt 1 view .LVU70
 586:./Libraries/src/stm32f4xx_rtc.c **** 
 261              		.loc 1 586 1 is_stmt 0 view .LVU71
 262 0042 02B0     		add	sp, sp, #8
 263              	.LCFI1:
 264              		.cfi_remember_state
 265              		.cfi_def_cfa_offset 0
 266              		@ sp needed
 267 0044 7047     		bx	lr
 268              	.LVL18:
 269              	.L16:
 270              	.LCFI2:
 271              		.cfi_restore_state
 577:./Libraries/src/stm32f4xx_rtc.c ****     }        
 272              		.loc 1 577 14 view .LVU72
 273 0046 0020     		movs	r0, #0
 274 0048 FBE7     		b	.L12
 275              	.L19:
 276 004a 00BF     		.align	2
 277              	.L18:
 278 004c 00280040 		.word	1073752064
 279              		.cfi_endproc
 280              	.LFE127:
 282              		.section	.text.RTC_ExitInitMode,"ax",%progbits
 283              		.align	1
 284              		.global	RTC_ExitInitMode
 285              		.syntax unified
 286              		.thumb
 287              		.thumb_func
 289              	RTC_ExitInitMode:
ARM GAS  /tmp/ccgzaD3d.s 			page 55


 290              	.LFB128:
 598:./Libraries/src/stm32f4xx_rtc.c ****   /* Exit Initialization mode */
 291              		.loc 1 598 1 is_stmt 1 view -0
 292              		.cfi_startproc
 293              		@ args = 0, pretend = 0, frame = 0
 294              		@ frame_needed = 0, uses_anonymous_args = 0
 295              		@ link register save eliminated.
 600:./Libraries/src/stm32f4xx_rtc.c **** }
 296              		.loc 1 600 3 view .LVU74
 600:./Libraries/src/stm32f4xx_rtc.c **** }
 297              		.loc 1 600 6 is_stmt 0 view .LVU75
 298 0000 024A     		ldr	r2, .L21
 299 0002 D368     		ldr	r3, [r2, #12]
 600:./Libraries/src/stm32f4xx_rtc.c **** }
 300              		.loc 1 600 12 view .LVU76
 301 0004 23F08003 		bic	r3, r3, #128
 302 0008 D360     		str	r3, [r2, #12]
 601:./Libraries/src/stm32f4xx_rtc.c **** 
 303              		.loc 1 601 1 view .LVU77
 304 000a 7047     		bx	lr
 305              	.L22:
 306              		.align	2
 307              	.L21:
 308 000c 00280040 		.word	1073752064
 309              		.cfi_endproc
 310              	.LFE128:
 312              		.section	.text.RTC_Init,"ax",%progbits
 313              		.align	1
 314              		.global	RTC_Init
 315              		.syntax unified
 316              		.thumb
 317              		.thumb_func
 319              	RTC_Init:
 320              	.LVL19:
 321              	.LFB124:
 458:./Libraries/src/stm32f4xx_rtc.c ****   ErrorStatus status = ERROR;
 322              		.loc 1 458 1 is_stmt 1 view -0
 323              		.cfi_startproc
 324              		@ args = 0, pretend = 0, frame = 0
 325              		@ frame_needed = 0, uses_anonymous_args = 0
 458:./Libraries/src/stm32f4xx_rtc.c ****   ErrorStatus status = ERROR;
 326              		.loc 1 458 1 is_stmt 0 view .LVU79
 327 0000 10B5     		push	{r4, lr}
 328              	.LCFI3:
 329              		.cfi_def_cfa_offset 8
 330              		.cfi_offset 4, -8
 331              		.cfi_offset 14, -4
 332 0002 0446     		mov	r4, r0
 459:./Libraries/src/stm32f4xx_rtc.c ****   
 333              		.loc 1 459 3 is_stmt 1 view .LVU80
 334              	.LVL20:
 462:./Libraries/src/stm32f4xx_rtc.c ****   assert_param(IS_RTC_ASYNCH_PREDIV(RTC_InitStruct->RTC_AsynchPrediv));
 335              		.loc 1 462 3 view .LVU81
 463:./Libraries/src/stm32f4xx_rtc.c ****   assert_param(IS_RTC_SYNCH_PREDIV(RTC_InitStruct->RTC_SynchPrediv));
 336              		.loc 1 463 3 view .LVU82
 464:./Libraries/src/stm32f4xx_rtc.c **** 
 337              		.loc 1 464 3 view .LVU83
ARM GAS  /tmp/ccgzaD3d.s 			page 56


 467:./Libraries/src/stm32f4xx_rtc.c ****   RTC->WPR = 0x53;
 338              		.loc 1 467 3 view .LVU84
 467:./Libraries/src/stm32f4xx_rtc.c ****   RTC->WPR = 0x53;
 339              		.loc 1 467 12 is_stmt 0 view .LVU85
 340 0004 0F4B     		ldr	r3, .L27
 341 0006 CA22     		movs	r2, #202
 342 0008 5A62     		str	r2, [r3, #36]
 468:./Libraries/src/stm32f4xx_rtc.c **** 
 343              		.loc 1 468 3 is_stmt 1 view .LVU86
 468:./Libraries/src/stm32f4xx_rtc.c **** 
 344              		.loc 1 468 12 is_stmt 0 view .LVU87
 345 000a 5322     		movs	r2, #83
 346 000c 5A62     		str	r2, [r3, #36]
 471:./Libraries/src/stm32f4xx_rtc.c ****   {
 347              		.loc 1 471 3 is_stmt 1 view .LVU88
 471:./Libraries/src/stm32f4xx_rtc.c ****   {
 348              		.loc 1 471 7 is_stmt 0 view .LVU89
 349 000e FFF7FEFF 		bl	RTC_EnterInitMode
 350              	.LVL21:
 471:./Libraries/src/stm32f4xx_rtc.c ****   {
 351              		.loc 1 471 6 discriminator 1 view .LVU90
 352 0012 18B9     		cbnz	r0, .L26
 353              	.LVL22:
 354              	.L24:
 492:./Libraries/src/stm32f4xx_rtc.c ****   
 355              		.loc 1 492 3 is_stmt 1 view .LVU91
 492:./Libraries/src/stm32f4xx_rtc.c ****   
 356              		.loc 1 492 12 is_stmt 0 view .LVU92
 357 0014 0B4B     		ldr	r3, .L27
 358 0016 FF22     		movs	r2, #255
 359 0018 5A62     		str	r2, [r3, #36]
 494:./Libraries/src/stm32f4xx_rtc.c **** }
 360              		.loc 1 494 3 is_stmt 1 view .LVU93
 495:./Libraries/src/stm32f4xx_rtc.c **** 
 361              		.loc 1 495 1 is_stmt 0 view .LVU94
 362 001a 10BD     		pop	{r4, pc}
 363              	.LVL23:
 364              	.L26:
 478:./Libraries/src/stm32f4xx_rtc.c ****     /* Set RTC_CR register */
 365              		.loc 1 478 5 is_stmt 1 view .LVU95
 478:./Libraries/src/stm32f4xx_rtc.c ****     /* Set RTC_CR register */
 366              		.loc 1 478 8 is_stmt 0 view .LVU96
 367 001c 094B     		ldr	r3, .L27
 368 001e 9A68     		ldr	r2, [r3, #8]
 478:./Libraries/src/stm32f4xx_rtc.c ****     /* Set RTC_CR register */
 369              		.loc 1 478 13 view .LVU97
 370 0020 22F04002 		bic	r2, r2, #64
 371 0024 9A60     		str	r2, [r3, #8]
 480:./Libraries/src/stm32f4xx_rtc.c ****   
 372              		.loc 1 480 5 is_stmt 1 view .LVU98
 480:./Libraries/src/stm32f4xx_rtc.c ****   
 373              		.loc 1 480 8 is_stmt 0 view .LVU99
 374 0026 9A68     		ldr	r2, [r3, #8]
 480:./Libraries/src/stm32f4xx_rtc.c ****   
 375              		.loc 1 480 43 view .LVU100
 376 0028 2168     		ldr	r1, [r4]
 480:./Libraries/src/stm32f4xx_rtc.c ****   
ARM GAS  /tmp/ccgzaD3d.s 			page 57


 377              		.loc 1 480 13 view .LVU101
 378 002a 0A43     		orrs	r2, r2, r1
 379 002c 9A60     		str	r2, [r3, #8]
 483:./Libraries/src/stm32f4xx_rtc.c ****     RTC->PRER |= (uint32_t)(RTC_InitStruct->RTC_AsynchPrediv << 16);
 380              		.loc 1 483 5 is_stmt 1 view .LVU102
 483:./Libraries/src/stm32f4xx_rtc.c ****     RTC->PRER |= (uint32_t)(RTC_InitStruct->RTC_AsynchPrediv << 16);
 381              		.loc 1 483 42 is_stmt 0 view .LVU103
 382 002e A268     		ldr	r2, [r4, #8]
 483:./Libraries/src/stm32f4xx_rtc.c ****     RTC->PRER |= (uint32_t)(RTC_InitStruct->RTC_AsynchPrediv << 16);
 383              		.loc 1 483 15 view .LVU104
 384 0030 1A61     		str	r2, [r3, #16]
 484:./Libraries/src/stm32f4xx_rtc.c **** 
 385              		.loc 1 484 5 is_stmt 1 view .LVU105
 484:./Libraries/src/stm32f4xx_rtc.c **** 
 386              		.loc 1 484 8 is_stmt 0 view .LVU106
 387 0032 1A69     		ldr	r2, [r3, #16]
 484:./Libraries/src/stm32f4xx_rtc.c **** 
 388              		.loc 1 484 43 view .LVU107
 389 0034 6168     		ldr	r1, [r4, #4]
 484:./Libraries/src/stm32f4xx_rtc.c **** 
 390              		.loc 1 484 15 view .LVU108
 391 0036 42EA0142 		orr	r2, r2, r1, lsl #16
 392 003a 1A61     		str	r2, [r3, #16]
 487:./Libraries/src/stm32f4xx_rtc.c **** 
 393              		.loc 1 487 5 is_stmt 1 view .LVU109
 394 003c FFF7FEFF 		bl	RTC_ExitInitMode
 395              	.LVL24:
 489:./Libraries/src/stm32f4xx_rtc.c ****   }
 396              		.loc 1 489 5 view .LVU110
 489:./Libraries/src/stm32f4xx_rtc.c ****   }
 397              		.loc 1 489 12 is_stmt 0 view .LVU111
 398 0040 0120     		movs	r0, #1
 399 0042 E7E7     		b	.L24
 400              	.L28:
 401              		.align	2
 402              	.L27:
 403 0044 00280040 		.word	1073752064
 404              		.cfi_endproc
 405              	.LFE124:
 407              		.section	.text.RTC_WaitForSynchro,"ax",%progbits
 408              		.align	1
 409              		.global	RTC_WaitForSynchro
 410              		.syntax unified
 411              		.thumb
 412              		.thumb_func
 414              	RTC_WaitForSynchro:
 415              	.LFB129:
 620:./Libraries/src/stm32f4xx_rtc.c ****   __IO uint32_t synchrocounter = 0;
 416              		.loc 1 620 1 is_stmt 1 view -0
 417              		.cfi_startproc
 418              		@ args = 0, pretend = 0, frame = 8
 419              		@ frame_needed = 0, uses_anonymous_args = 0
 420              		@ link register save eliminated.
 421 0000 82B0     		sub	sp, sp, #8
 422              	.LCFI4:
 423              		.cfi_def_cfa_offset 8
 621:./Libraries/src/stm32f4xx_rtc.c ****   ErrorStatus status = ERROR;
ARM GAS  /tmp/ccgzaD3d.s 			page 58


 424              		.loc 1 621 3 view .LVU113
 621:./Libraries/src/stm32f4xx_rtc.c ****   ErrorStatus status = ERROR;
 425              		.loc 1 621 17 is_stmt 0 view .LVU114
 426 0002 0023     		movs	r3, #0
 427 0004 0193     		str	r3, [sp, #4]
 622:./Libraries/src/stm32f4xx_rtc.c ****   uint32_t synchrostatus = 0x00;
 428              		.loc 1 622 3 is_stmt 1 view .LVU115
 429              	.LVL25:
 623:./Libraries/src/stm32f4xx_rtc.c **** 
 430              		.loc 1 623 3 view .LVU116
 626:./Libraries/src/stm32f4xx_rtc.c ****   RTC->WPR = 0x53;
 431              		.loc 1 626 3 view .LVU117
 626:./Libraries/src/stm32f4xx_rtc.c ****   RTC->WPR = 0x53;
 432              		.loc 1 626 12 is_stmt 0 view .LVU118
 433 0006 114B     		ldr	r3, .L35
 434 0008 CA22     		movs	r2, #202
 435 000a 5A62     		str	r2, [r3, #36]
 627:./Libraries/src/stm32f4xx_rtc.c ****     
 436              		.loc 1 627 3 is_stmt 1 view .LVU119
 627:./Libraries/src/stm32f4xx_rtc.c ****     
 437              		.loc 1 627 12 is_stmt 0 view .LVU120
 438 000c 5322     		movs	r2, #83
 439 000e 5A62     		str	r2, [r3, #36]
 630:./Libraries/src/stm32f4xx_rtc.c ****     
 440              		.loc 1 630 3 is_stmt 1 view .LVU121
 630:./Libraries/src/stm32f4xx_rtc.c ****     
 441              		.loc 1 630 6 is_stmt 0 view .LVU122
 442 0010 DA68     		ldr	r2, [r3, #12]
 630:./Libraries/src/stm32f4xx_rtc.c ****     
 443              		.loc 1 630 12 view .LVU123
 444 0012 22F0A002 		bic	r2, r2, #160
 445 0016 DA60     		str	r2, [r3, #12]
 446              	.LVL26:
 447              	.L31:
 633:./Libraries/src/stm32f4xx_rtc.c ****   {
 448              		.loc 1 633 3 is_stmt 1 view .LVU124
 635:./Libraries/src/stm32f4xx_rtc.c ****     synchrocounter++;  
 449              		.loc 1 635 5 view .LVU125
 635:./Libraries/src/stm32f4xx_rtc.c ****     synchrocounter++;  
 450              		.loc 1 635 24 is_stmt 0 view .LVU126
 451 0018 0C4B     		ldr	r3, .L35
 452 001a DA68     		ldr	r2, [r3, #12]
 635:./Libraries/src/stm32f4xx_rtc.c ****     synchrocounter++;  
 453              		.loc 1 635 19 view .LVU127
 454 001c 02F02002 		and	r2, r2, #32
 455              	.LVL27:
 636:./Libraries/src/stm32f4xx_rtc.c ****   } while((synchrocounter != SYNCHRO_TIMEOUT) && (synchrostatus == 0x00));
 456              		.loc 1 636 5 is_stmt 1 view .LVU128
 636:./Libraries/src/stm32f4xx_rtc.c ****   } while((synchrocounter != SYNCHRO_TIMEOUT) && (synchrostatus == 0x00));
 457              		.loc 1 636 19 is_stmt 0 view .LVU129
 458 0020 019B     		ldr	r3, [sp, #4]
 459 0022 0133     		adds	r3, r3, #1
 460 0024 0193     		str	r3, [sp, #4]
 637:./Libraries/src/stm32f4xx_rtc.c ****     
 461              		.loc 1 637 47 is_stmt 1 discriminator 2 view .LVU130
 637:./Libraries/src/stm32f4xx_rtc.c ****     
 462              		.loc 1 637 27 is_stmt 0 discriminator 2 view .LVU131
ARM GAS  /tmp/ccgzaD3d.s 			page 59


 463 0026 019B     		ldr	r3, [sp, #4]
 637:./Libraries/src/stm32f4xx_rtc.c ****     
 464              		.loc 1 637 47 discriminator 2 view .LVU132
 465 0028 B3F5003F 		cmp	r3, #131072
 466 002c 01D0     		beq	.L30
 637:./Libraries/src/stm32f4xx_rtc.c ****     
 467              		.loc 1 637 47 discriminator 1 view .LVU133
 468 002e 002A     		cmp	r2, #0
 469 0030 F2D0     		beq	.L31
 470              	.L30:
 639:./Libraries/src/stm32f4xx_rtc.c ****   {
 471              		.loc 1 639 3 is_stmt 1 view .LVU134
 639:./Libraries/src/stm32f4xx_rtc.c ****   {
 472              		.loc 1 639 11 is_stmt 0 view .LVU135
 473 0032 064B     		ldr	r3, .L35
 474 0034 DB68     		ldr	r3, [r3, #12]
 639:./Libraries/src/stm32f4xx_rtc.c ****   {
 475              		.loc 1 639 6 view .LVU136
 476 0036 13F0200F 		tst	r3, #32
 477 003a 05D0     		beq	.L33
 641:./Libraries/src/stm32f4xx_rtc.c ****   }
 478              		.loc 1 641 12 view .LVU137
 479 003c 0120     		movs	r0, #1
 480              	.L32:
 481              	.LVL28:
 649:./Libraries/src/stm32f4xx_rtc.c ****     
 482              		.loc 1 649 3 is_stmt 1 view .LVU138
 649:./Libraries/src/stm32f4xx_rtc.c ****     
 483              		.loc 1 649 12 is_stmt 0 view .LVU139
 484 003e 034B     		ldr	r3, .L35
 485 0040 FF22     		movs	r2, #255
 486              	.LVL29:
 649:./Libraries/src/stm32f4xx_rtc.c ****     
 487              		.loc 1 649 12 view .LVU140
 488 0042 5A62     		str	r2, [r3, #36]
 651:./Libraries/src/stm32f4xx_rtc.c **** }
 489              		.loc 1 651 3 is_stmt 1 view .LVU141
 652:./Libraries/src/stm32f4xx_rtc.c **** 
 490              		.loc 1 652 1 is_stmt 0 view .LVU142
 491 0044 02B0     		add	sp, sp, #8
 492              	.LCFI5:
 493              		.cfi_remember_state
 494              		.cfi_def_cfa_offset 0
 495              		@ sp needed
 496 0046 7047     		bx	lr
 497              	.LVL30:
 498              	.L33:
 499              	.LCFI6:
 500              		.cfi_restore_state
 645:./Libraries/src/stm32f4xx_rtc.c ****   }        
 501              		.loc 1 645 12 view .LVU143
 502 0048 0020     		movs	r0, #0
 503 004a F8E7     		b	.L32
 504              	.L36:
 505              		.align	2
 506              	.L35:
 507 004c 00280040 		.word	1073752064
ARM GAS  /tmp/ccgzaD3d.s 			page 60


 508              		.cfi_endproc
 509              	.LFE129:
 511              		.section	.text.RTC_DeInit,"ax",%progbits
 512              		.align	1
 513              		.global	RTC_DeInit
 514              		.syntax unified
 515              		.thumb
 516              		.thumb_func
 518              	RTC_DeInit:
 519              	.LFB123:
 376:./Libraries/src/stm32f4xx_rtc.c ****   __IO uint32_t wutcounter = 0x00;
 520              		.loc 1 376 1 is_stmt 1 view -0
 521              		.cfi_startproc
 522              		@ args = 0, pretend = 0, frame = 8
 523              		@ frame_needed = 0, uses_anonymous_args = 0
 524 0000 00B5     		push	{lr}
 525              	.LCFI7:
 526              		.cfi_def_cfa_offset 4
 527              		.cfi_offset 14, -4
 528 0002 83B0     		sub	sp, sp, #12
 529              	.LCFI8:
 530              		.cfi_def_cfa_offset 16
 377:./Libraries/src/stm32f4xx_rtc.c ****   uint32_t wutwfstatus = 0x00;
 531              		.loc 1 377 3 view .LVU145
 377:./Libraries/src/stm32f4xx_rtc.c ****   uint32_t wutwfstatus = 0x00;
 532              		.loc 1 377 17 is_stmt 0 view .LVU146
 533 0004 0023     		movs	r3, #0
 534 0006 0193     		str	r3, [sp, #4]
 378:./Libraries/src/stm32f4xx_rtc.c ****   ErrorStatus status = ERROR;
 535              		.loc 1 378 3 is_stmt 1 view .LVU147
 536              	.LVL31:
 379:./Libraries/src/stm32f4xx_rtc.c ****   
 537              		.loc 1 379 3 view .LVU148
 382:./Libraries/src/stm32f4xx_rtc.c ****   RTC->WPR = 0x53;
 538              		.loc 1 382 3 view .LVU149
 382:./Libraries/src/stm32f4xx_rtc.c ****   RTC->WPR = 0x53;
 539              		.loc 1 382 12 is_stmt 0 view .LVU150
 540 0008 214B     		ldr	r3, .L45
 541 000a CA22     		movs	r2, #202
 542 000c 5A62     		str	r2, [r3, #36]
 383:./Libraries/src/stm32f4xx_rtc.c **** 
 543              		.loc 1 383 3 is_stmt 1 view .LVU151
 383:./Libraries/src/stm32f4xx_rtc.c **** 
 544              		.loc 1 383 12 is_stmt 0 view .LVU152
 545 000e 5322     		movs	r2, #83
 546 0010 5A62     		str	r2, [r3, #36]
 386:./Libraries/src/stm32f4xx_rtc.c ****   {
 547              		.loc 1 386 3 is_stmt 1 view .LVU153
 386:./Libraries/src/stm32f4xx_rtc.c ****   {
 548              		.loc 1 386 7 is_stmt 0 view .LVU154
 549 0012 FFF7FEFF 		bl	RTC_EnterInitMode
 550              	.LVL32:
 386:./Libraries/src/stm32f4xx_rtc.c ****   {
 551              		.loc 1 386 6 discriminator 1 view .LVU155
 552 0016 E0B1     		cbz	r0, .L38
 393:./Libraries/src/stm32f4xx_rtc.c ****     RTC->DR = (uint32_t)0x00002101;
 553              		.loc 1 393 5 is_stmt 1 view .LVU156
ARM GAS  /tmp/ccgzaD3d.s 			page 61


 393:./Libraries/src/stm32f4xx_rtc.c ****     RTC->DR = (uint32_t)0x00002101;
 554              		.loc 1 393 13 is_stmt 0 view .LVU157
 555 0018 1D4B     		ldr	r3, .L45
 556 001a 0022     		movs	r2, #0
 557 001c 1A60     		str	r2, [r3]
 394:./Libraries/src/stm32f4xx_rtc.c ****     /* Reset All CR bits except CR[2:0] */
 558              		.loc 1 394 5 is_stmt 1 view .LVU158
 394:./Libraries/src/stm32f4xx_rtc.c ****     /* Reset All CR bits except CR[2:0] */
 559              		.loc 1 394 13 is_stmt 0 view .LVU159
 560 001e 42F20112 		movw	r2, #8449
 561 0022 5A60     		str	r2, [r3, #4]
 396:./Libraries/src/stm32f4xx_rtc.c ****   
 562              		.loc 1 396 5 is_stmt 1 view .LVU160
 396:./Libraries/src/stm32f4xx_rtc.c ****   
 563              		.loc 1 396 8 is_stmt 0 view .LVU161
 564 0024 9A68     		ldr	r2, [r3, #8]
 396:./Libraries/src/stm32f4xx_rtc.c ****   
 565              		.loc 1 396 13 view .LVU162
 566 0026 02F00702 		and	r2, r2, #7
 567 002a 9A60     		str	r2, [r3, #8]
 568              	.LVL33:
 569              	.L40:
 399:./Libraries/src/stm32f4xx_rtc.c ****     {
 570              		.loc 1 399 5 is_stmt 1 view .LVU163
 401:./Libraries/src/stm32f4xx_rtc.c ****       wutcounter++;  
 571              		.loc 1 401 7 view .LVU164
 401:./Libraries/src/stm32f4xx_rtc.c ****       wutcounter++;  
 572              		.loc 1 401 24 is_stmt 0 view .LVU165
 573 002c 184B     		ldr	r3, .L45
 574 002e DA68     		ldr	r2, [r3, #12]
 401:./Libraries/src/stm32f4xx_rtc.c ****       wutcounter++;  
 575              		.loc 1 401 19 view .LVU166
 576 0030 02F00402 		and	r2, r2, #4
 577              	.LVL34:
 402:./Libraries/src/stm32f4xx_rtc.c ****     } while((wutcounter != INITMODE_TIMEOUT) && (wutwfstatus == 0x00));
 578              		.loc 1 402 7 is_stmt 1 view .LVU167
 402:./Libraries/src/stm32f4xx_rtc.c ****     } while((wutcounter != INITMODE_TIMEOUT) && (wutwfstatus == 0x00));
 579              		.loc 1 402 17 is_stmt 0 view .LVU168
 580 0034 019B     		ldr	r3, [sp, #4]
 581 0036 0133     		adds	r3, r3, #1
 582 0038 0193     		str	r3, [sp, #4]
 403:./Libraries/src/stm32f4xx_rtc.c ****     
 583              		.loc 1 403 46 is_stmt 1 discriminator 2 view .LVU169
 403:./Libraries/src/stm32f4xx_rtc.c ****     
 584              		.loc 1 403 25 is_stmt 0 discriminator 2 view .LVU170
 585 003a 019B     		ldr	r3, [sp, #4]
 403:./Libraries/src/stm32f4xx_rtc.c ****     
 586              		.loc 1 403 46 discriminator 2 view .LVU171
 587 003c B3F5803F 		cmp	r3, #65536
 588 0040 01D0     		beq	.L39
 403:./Libraries/src/stm32f4xx_rtc.c ****     
 589              		.loc 1 403 46 discriminator 1 view .LVU172
 590 0042 002A     		cmp	r2, #0
 591 0044 F2D0     		beq	.L40
 592              	.L39:
 405:./Libraries/src/stm32f4xx_rtc.c ****     {
 593              		.loc 1 405 5 is_stmt 1 view .LVU173
ARM GAS  /tmp/ccgzaD3d.s 			page 62


 405:./Libraries/src/stm32f4xx_rtc.c ****     {
 594              		.loc 1 405 13 is_stmt 0 view .LVU174
 595 0046 124B     		ldr	r3, .L45
 596 0048 DB68     		ldr	r3, [r3, #12]
 405:./Libraries/src/stm32f4xx_rtc.c ****     {
 597              		.loc 1 405 8 view .LVU175
 598 004a 13F0040F 		tst	r3, #4
 599 004e 06D1     		bne	.L44
 407:./Libraries/src/stm32f4xx_rtc.c ****     }
 600              		.loc 1 407 14 view .LVU176
 601 0050 0020     		movs	r0, #0
 602              	.LVL35:
 603              	.L38:
 441:./Libraries/src/stm32f4xx_rtc.c ****   
 604              		.loc 1 441 3 is_stmt 1 view .LVU177
 441:./Libraries/src/stm32f4xx_rtc.c ****   
 605              		.loc 1 441 12 is_stmt 0 view .LVU178
 606 0052 0F4B     		ldr	r3, .L45
 607 0054 FF22     		movs	r2, #255
 608 0056 5A62     		str	r2, [r3, #36]
 443:./Libraries/src/stm32f4xx_rtc.c **** }
 609              		.loc 1 443 3 is_stmt 1 view .LVU179
 444:./Libraries/src/stm32f4xx_rtc.c **** 
 610              		.loc 1 444 1 is_stmt 0 view .LVU180
 611 0058 03B0     		add	sp, sp, #12
 612              	.LCFI9:
 613              		.cfi_remember_state
 614              		.cfi_def_cfa_offset 4
 615              		@ sp needed
 616 005a 5DF804FB 		ldr	pc, [sp], #4
 617              	.LVL36:
 618              	.L44:
 619              	.LCFI10:
 620              		.cfi_restore_state
 412:./Libraries/src/stm32f4xx_rtc.c ****       RTC->WUTR = (uint32_t)0x0000FFFF;
 621              		.loc 1 412 7 is_stmt 1 view .LVU181
 412:./Libraries/src/stm32f4xx_rtc.c ****       RTC->WUTR = (uint32_t)0x0000FFFF;
 622              		.loc 1 412 10 is_stmt 0 view .LVU182
 623 005e 0C4B     		ldr	r3, .L45
 624 0060 9A68     		ldr	r2, [r3, #8]
 625              	.LVL37:
 412:./Libraries/src/stm32f4xx_rtc.c ****       RTC->WUTR = (uint32_t)0x0000FFFF;
 626              		.loc 1 412 15 view .LVU183
 627 0062 0022     		movs	r2, #0
 628 0064 9A60     		str	r2, [r3, #8]
 413:./Libraries/src/stm32f4xx_rtc.c ****       RTC->PRER = (uint32_t)0x007F00FF;
 629              		.loc 1 413 7 is_stmt 1 view .LVU184
 413:./Libraries/src/stm32f4xx_rtc.c ****       RTC->PRER = (uint32_t)0x007F00FF;
 630              		.loc 1 413 17 is_stmt 0 view .LVU185
 631 0066 4FF6FF71 		movw	r1, #65535
 632 006a 5961     		str	r1, [r3, #20]
 414:./Libraries/src/stm32f4xx_rtc.c ****       RTC->CALIBR = (uint32_t)0x00000000;
 633              		.loc 1 414 7 is_stmt 1 view .LVU186
 414:./Libraries/src/stm32f4xx_rtc.c ****       RTC->CALIBR = (uint32_t)0x00000000;
 634              		.loc 1 414 17 is_stmt 0 view .LVU187
 635 006c 0949     		ldr	r1, .L45+4
 636 006e 1961     		str	r1, [r3, #16]
ARM GAS  /tmp/ccgzaD3d.s 			page 63


 415:./Libraries/src/stm32f4xx_rtc.c ****       RTC->ALRMAR = (uint32_t)0x00000000;        
 637              		.loc 1 415 7 is_stmt 1 view .LVU188
 415:./Libraries/src/stm32f4xx_rtc.c ****       RTC->ALRMAR = (uint32_t)0x00000000;        
 638              		.loc 1 415 19 is_stmt 0 view .LVU189
 639 0070 9A61     		str	r2, [r3, #24]
 416:./Libraries/src/stm32f4xx_rtc.c ****       RTC->ALRMBR = (uint32_t)0x00000000;
 640              		.loc 1 416 7 is_stmt 1 view .LVU190
 416:./Libraries/src/stm32f4xx_rtc.c ****       RTC->ALRMBR = (uint32_t)0x00000000;
 641              		.loc 1 416 19 is_stmt 0 view .LVU191
 642 0072 DA61     		str	r2, [r3, #28]
 417:./Libraries/src/stm32f4xx_rtc.c ****       RTC->SHIFTR = (uint32_t)0x00000000;
 643              		.loc 1 417 7 is_stmt 1 view .LVU192
 417:./Libraries/src/stm32f4xx_rtc.c ****       RTC->SHIFTR = (uint32_t)0x00000000;
 644              		.loc 1 417 19 is_stmt 0 view .LVU193
 645 0074 1A62     		str	r2, [r3, #32]
 418:./Libraries/src/stm32f4xx_rtc.c ****       RTC->CALR = (uint32_t)0x00000000;
 646              		.loc 1 418 7 is_stmt 1 view .LVU194
 418:./Libraries/src/stm32f4xx_rtc.c ****       RTC->CALR = (uint32_t)0x00000000;
 647              		.loc 1 418 19 is_stmt 0 view .LVU195
 648 0076 DA62     		str	r2, [r3, #44]
 419:./Libraries/src/stm32f4xx_rtc.c ****       RTC->ALRMASSR = (uint32_t)0x00000000;
 649              		.loc 1 419 7 is_stmt 1 view .LVU196
 419:./Libraries/src/stm32f4xx_rtc.c ****       RTC->ALRMASSR = (uint32_t)0x00000000;
 650              		.loc 1 419 17 is_stmt 0 view .LVU197
 651 0078 DA63     		str	r2, [r3, #60]
 420:./Libraries/src/stm32f4xx_rtc.c ****       RTC->ALRMBSSR = (uint32_t)0x00000000;
 652              		.loc 1 420 7 is_stmt 1 view .LVU198
 420:./Libraries/src/stm32f4xx_rtc.c ****       RTC->ALRMBSSR = (uint32_t)0x00000000;
 653              		.loc 1 420 21 is_stmt 0 view .LVU199
 654 007a 5A64     		str	r2, [r3, #68]
 421:./Libraries/src/stm32f4xx_rtc.c ****       
 655              		.loc 1 421 7 is_stmt 1 view .LVU200
 421:./Libraries/src/stm32f4xx_rtc.c ****       
 656              		.loc 1 421 21 is_stmt 0 view .LVU201
 657 007c 9A64     		str	r2, [r3, #72]
 424:./Libraries/src/stm32f4xx_rtc.c ****       
 658              		.loc 1 424 7 is_stmt 1 view .LVU202
 424:./Libraries/src/stm32f4xx_rtc.c ****       
 659              		.loc 1 424 16 is_stmt 0 view .LVU203
 660 007e DA60     		str	r2, [r3, #12]
 427:./Libraries/src/stm32f4xx_rtc.c ****   
 661              		.loc 1 427 7 is_stmt 1 view .LVU204
 427:./Libraries/src/stm32f4xx_rtc.c ****   
 662              		.loc 1 427 18 is_stmt 0 view .LVU205
 663 0080 1A64     		str	r2, [r3, #64]
 429:./Libraries/src/stm32f4xx_rtc.c ****       {
 664              		.loc 1 429 7 is_stmt 1 view .LVU206
 429:./Libraries/src/stm32f4xx_rtc.c ****       {
 665              		.loc 1 429 10 is_stmt 0 view .LVU207
 666 0082 FFF7FEFF 		bl	RTC_WaitForSynchro
 667              	.LVL38:
 429:./Libraries/src/stm32f4xx_rtc.c ****       {
 668              		.loc 1 429 9 discriminator 1 view .LVU208
 669 0086 0028     		cmp	r0, #0
 670 0088 E3D0     		beq	.L38
 435:./Libraries/src/stm32f4xx_rtc.c ****       }
 671              		.loc 1 435 16 view .LVU209
ARM GAS  /tmp/ccgzaD3d.s 			page 64


 672 008a 0120     		movs	r0, #1
 673 008c E1E7     		b	.L38
 674              	.L46:
 675 008e 00BF     		.align	2
 676              	.L45:
 677 0090 00280040 		.word	1073752064
 678 0094 FF007F00 		.word	8323327
 679              		.cfi_endproc
 680              	.LFE123:
 682              		.section	.text.RTC_RefClockCmd,"ax",%progbits
 683              		.align	1
 684              		.global	RTC_RefClockCmd
 685              		.syntax unified
 686              		.thumb
 687              		.thumb_func
 689              	RTC_RefClockCmd:
 690              	.LVL39:
 691              	.LFB130:
 663:./Libraries/src/stm32f4xx_rtc.c ****   ErrorStatus status = ERROR;
 692              		.loc 1 663 1 is_stmt 1 view -0
 693              		.cfi_startproc
 694              		@ args = 0, pretend = 0, frame = 0
 695              		@ frame_needed = 0, uses_anonymous_args = 0
 663:./Libraries/src/stm32f4xx_rtc.c ****   ErrorStatus status = ERROR;
 696              		.loc 1 663 1 is_stmt 0 view .LVU211
 697 0000 10B5     		push	{r4, lr}
 698              	.LCFI11:
 699              		.cfi_def_cfa_offset 8
 700              		.cfi_offset 4, -8
 701              		.cfi_offset 14, -4
 702 0002 0446     		mov	r4, r0
 664:./Libraries/src/stm32f4xx_rtc.c ****   
 703              		.loc 1 664 3 is_stmt 1 view .LVU212
 704              	.LVL40:
 667:./Libraries/src/stm32f4xx_rtc.c ****   
 705              		.loc 1 667 3 view .LVU213
 670:./Libraries/src/stm32f4xx_rtc.c ****   RTC->WPR = 0x53;
 706              		.loc 1 670 3 view .LVU214
 670:./Libraries/src/stm32f4xx_rtc.c ****   RTC->WPR = 0x53;
 707              		.loc 1 670 12 is_stmt 0 view .LVU215
 708 0004 0D4B     		ldr	r3, .L52
 709 0006 CA22     		movs	r2, #202
 710 0008 5A62     		str	r2, [r3, #36]
 671:./Libraries/src/stm32f4xx_rtc.c ****     
 711              		.loc 1 671 3 is_stmt 1 view .LVU216
 671:./Libraries/src/stm32f4xx_rtc.c ****     
 712              		.loc 1 671 12 is_stmt 0 view .LVU217
 713 000a 5322     		movs	r2, #83
 714 000c 5A62     		str	r2, [r3, #36]
 674:./Libraries/src/stm32f4xx_rtc.c ****   {
 715              		.loc 1 674 3 is_stmt 1 view .LVU218
 674:./Libraries/src/stm32f4xx_rtc.c ****   {
 716              		.loc 1 674 7 is_stmt 0 view .LVU219
 717 000e FFF7FEFF 		bl	RTC_EnterInitMode
 718              	.LVL41:
 674:./Libraries/src/stm32f4xx_rtc.c ****   {
 719              		.loc 1 674 6 discriminator 1 view .LVU220
ARM GAS  /tmp/ccgzaD3d.s 			page 65


 720 0012 40B1     		cbz	r0, .L48
 680:./Libraries/src/stm32f4xx_rtc.c ****     {
 721              		.loc 1 680 5 is_stmt 1 view .LVU221
 680:./Libraries/src/stm32f4xx_rtc.c ****     {
 722              		.loc 1 680 8 is_stmt 0 view .LVU222
 723 0014 5CB1     		cbz	r4, .L49
 683:./Libraries/src/stm32f4xx_rtc.c ****     }
 724              		.loc 1 683 7 is_stmt 1 view .LVU223
 683:./Libraries/src/stm32f4xx_rtc.c ****     }
 725              		.loc 1 683 10 is_stmt 0 view .LVU224
 726 0016 094A     		ldr	r2, .L52
 727 0018 9368     		ldr	r3, [r2, #8]
 683:./Libraries/src/stm32f4xx_rtc.c ****     }
 728              		.loc 1 683 15 view .LVU225
 729 001a 43F01003 		orr	r3, r3, #16
 730 001e 9360     		str	r3, [r2, #8]
 731              	.L50:
 691:./Libraries/src/stm32f4xx_rtc.c ****     
 732              		.loc 1 691 5 is_stmt 1 view .LVU226
 733 0020 FFF7FEFF 		bl	RTC_ExitInitMode
 734              	.LVL42:
 693:./Libraries/src/stm32f4xx_rtc.c ****   }
 735              		.loc 1 693 5 view .LVU227
 693:./Libraries/src/stm32f4xx_rtc.c ****   }
 736              		.loc 1 693 12 is_stmt 0 view .LVU228
 737 0024 0120     		movs	r0, #1
 738              	.LVL43:
 739              	.L48:
 697:./Libraries/src/stm32f4xx_rtc.c ****   
 740              		.loc 1 697 3 is_stmt 1 view .LVU229
 697:./Libraries/src/stm32f4xx_rtc.c ****   
 741              		.loc 1 697 12 is_stmt 0 view .LVU230
 742 0026 054B     		ldr	r3, .L52
 743 0028 FF22     		movs	r2, #255
 744 002a 5A62     		str	r2, [r3, #36]
 699:./Libraries/src/stm32f4xx_rtc.c **** }
 745              		.loc 1 699 3 is_stmt 1 view .LVU231
 700:./Libraries/src/stm32f4xx_rtc.c **** 
 746              		.loc 1 700 1 is_stmt 0 view .LVU232
 747 002c 10BD     		pop	{r4, pc}
 748              	.LVL44:
 749              	.L49:
 688:./Libraries/src/stm32f4xx_rtc.c ****     }
 750              		.loc 1 688 7 is_stmt 1 view .LVU233
 688:./Libraries/src/stm32f4xx_rtc.c ****     }
 751              		.loc 1 688 10 is_stmt 0 view .LVU234
 752 002e 034A     		ldr	r2, .L52
 753 0030 9368     		ldr	r3, [r2, #8]
 688:./Libraries/src/stm32f4xx_rtc.c ****     }
 754              		.loc 1 688 15 view .LVU235
 755 0032 23F01003 		bic	r3, r3, #16
 756 0036 9360     		str	r3, [r2, #8]
 757 0038 F2E7     		b	.L50
 758              	.L53:
 759 003a 00BF     		.align	2
 760              	.L52:
 761 003c 00280040 		.word	1073752064
ARM GAS  /tmp/ccgzaD3d.s 			page 66


 762              		.cfi_endproc
 763              	.LFE130:
 765              		.section	.text.RTC_BypassShadowCmd,"ax",%progbits
 766              		.align	1
 767              		.global	RTC_BypassShadowCmd
 768              		.syntax unified
 769              		.thumb
 770              		.thumb_func
 772              	RTC_BypassShadowCmd:
 773              	.LVL45:
 774              	.LFB131:
 711:./Libraries/src/stm32f4xx_rtc.c ****   /* Check the parameters */
 775              		.loc 1 711 1 is_stmt 1 view -0
 776              		.cfi_startproc
 777              		@ args = 0, pretend = 0, frame = 0
 778              		@ frame_needed = 0, uses_anonymous_args = 0
 779              		@ link register save eliminated.
 713:./Libraries/src/stm32f4xx_rtc.c **** 
 780              		.loc 1 713 3 view .LVU237
 716:./Libraries/src/stm32f4xx_rtc.c ****   RTC->WPR = 0x53;
 781              		.loc 1 716 3 view .LVU238
 716:./Libraries/src/stm32f4xx_rtc.c ****   RTC->WPR = 0x53;
 782              		.loc 1 716 12 is_stmt 0 view .LVU239
 783 0000 0A4B     		ldr	r3, .L57
 784 0002 CA22     		movs	r2, #202
 785 0004 5A62     		str	r2, [r3, #36]
 717:./Libraries/src/stm32f4xx_rtc.c ****   
 786              		.loc 1 717 3 is_stmt 1 view .LVU240
 717:./Libraries/src/stm32f4xx_rtc.c ****   
 787              		.loc 1 717 12 is_stmt 0 view .LVU241
 788 0006 5322     		movs	r2, #83
 789 0008 5A62     		str	r2, [r3, #36]
 719:./Libraries/src/stm32f4xx_rtc.c ****   {
 790              		.loc 1 719 3 is_stmt 1 view .LVU242
 719:./Libraries/src/stm32f4xx_rtc.c ****   {
 791              		.loc 1 719 6 is_stmt 0 view .LVU243
 792 000a 40B1     		cbz	r0, .L55
 722:./Libraries/src/stm32f4xx_rtc.c ****   }
 793              		.loc 1 722 5 is_stmt 1 view .LVU244
 722:./Libraries/src/stm32f4xx_rtc.c ****   }
 794              		.loc 1 722 8 is_stmt 0 view .LVU245
 795 000c 1A46     		mov	r2, r3
 796 000e 9B68     		ldr	r3, [r3, #8]
 722:./Libraries/src/stm32f4xx_rtc.c ****   }
 797              		.loc 1 722 13 view .LVU246
 798 0010 43F02003 		orr	r3, r3, #32
 799 0014 9360     		str	r3, [r2, #8]
 800              	.L56:
 731:./Libraries/src/stm32f4xx_rtc.c **** }
 801              		.loc 1 731 3 is_stmt 1 view .LVU247
 731:./Libraries/src/stm32f4xx_rtc.c **** }
 802              		.loc 1 731 12 is_stmt 0 view .LVU248
 803 0016 054B     		ldr	r3, .L57
 804 0018 FF22     		movs	r2, #255
 805 001a 5A62     		str	r2, [r3, #36]
 732:./Libraries/src/stm32f4xx_rtc.c **** 
 806              		.loc 1 732 1 view .LVU249
ARM GAS  /tmp/ccgzaD3d.s 			page 67


 807 001c 7047     		bx	lr
 808              	.L55:
 727:./Libraries/src/stm32f4xx_rtc.c ****   }
 809              		.loc 1 727 5 is_stmt 1 view .LVU250
 727:./Libraries/src/stm32f4xx_rtc.c ****   }
 810              		.loc 1 727 8 is_stmt 0 view .LVU251
 811 001e 034A     		ldr	r2, .L57
 812 0020 9368     		ldr	r3, [r2, #8]
 727:./Libraries/src/stm32f4xx_rtc.c ****   }
 813              		.loc 1 727 13 view .LVU252
 814 0022 03F0DF03 		and	r3, r3, #223
 815 0026 9360     		str	r3, [r2, #8]
 816 0028 F5E7     		b	.L56
 817              	.L58:
 818 002a 00BF     		.align	2
 819              	.L57:
 820 002c 00280040 		.word	1073752064
 821              		.cfi_endproc
 822              	.LFE131:
 824              		.section	.text.RTC_SetTime,"ax",%progbits
 825              		.align	1
 826              		.global	RTC_SetTime
 827              		.syntax unified
 828              		.thumb
 829              		.thumb_func
 831              	RTC_SetTime:
 832              	.LVL46:
 833              	.LFB132:
 766:./Libraries/src/stm32f4xx_rtc.c ****   uint32_t tmpreg = 0;
 834              		.loc 1 766 1 is_stmt 1 view -0
 835              		.cfi_startproc
 836              		@ args = 0, pretend = 0, frame = 0
 837              		@ frame_needed = 0, uses_anonymous_args = 0
 766:./Libraries/src/stm32f4xx_rtc.c ****   uint32_t tmpreg = 0;
 838              		.loc 1 766 1 is_stmt 0 view .LVU254
 839 0000 38B5     		push	{r3, r4, r5, lr}
 840              	.LCFI12:
 841              		.cfi_def_cfa_offset 16
 842              		.cfi_offset 3, -16
 843              		.cfi_offset 4, -12
 844              		.cfi_offset 5, -8
 845              		.cfi_offset 14, -4
 846 0002 0D46     		mov	r5, r1
 767:./Libraries/src/stm32f4xx_rtc.c ****   ErrorStatus status = ERROR;
 847              		.loc 1 767 3 is_stmt 1 view .LVU255
 848              	.LVL47:
 768:./Libraries/src/stm32f4xx_rtc.c ****     
 849              		.loc 1 768 3 view .LVU256
 771:./Libraries/src/stm32f4xx_rtc.c ****   
 850              		.loc 1 771 3 view .LVU257
 773:./Libraries/src/stm32f4xx_rtc.c ****   {
 851              		.loc 1 773 3 view .LVU258
 773:./Libraries/src/stm32f4xx_rtc.c ****   {
 852              		.loc 1 773 6 is_stmt 0 view .LVU259
 853 0004 0346     		mov	r3, r0
 854 0006 E8B9     		cbnz	r0, .L60
 775:./Libraries/src/stm32f4xx_rtc.c ****     {
ARM GAS  /tmp/ccgzaD3d.s 			page 68


 855              		.loc 1 775 5 is_stmt 1 view .LVU260
 775:./Libraries/src/stm32f4xx_rtc.c ****     {
 856              		.loc 1 775 13 is_stmt 0 view .LVU261
 857 0008 254A     		ldr	r2, .L70
 858 000a 9268     		ldr	r2, [r2, #8]
 775:./Libraries/src/stm32f4xx_rtc.c ****     {
 859              		.loc 1 775 8 view .LVU262
 860 000c 12F0400F 		tst	r2, #64
 861 0010 01D1     		bne	.L61
 782:./Libraries/src/stm32f4xx_rtc.c ****       assert_param(IS_RTC_HOUR24(RTC_TimeStruct->RTC_Hours));
 862              		.loc 1 782 7 is_stmt 1 view .LVU263
 782:./Libraries/src/stm32f4xx_rtc.c ****       assert_param(IS_RTC_HOUR24(RTC_TimeStruct->RTC_Hours));
 863              		.loc 1 782 31 is_stmt 0 view .LVU264
 864 0012 0022     		movs	r2, #0
 865 0014 CA70     		strb	r2, [r1, #3]
 866              	.L61:
 867              	.LVL48:
 799:./Libraries/src/stm32f4xx_rtc.c ****     }
 868              		.loc 1 799 7 is_stmt 1 view .LVU265
 801:./Libraries/src/stm32f4xx_rtc.c ****     assert_param(IS_RTC_SECONDS(RTC_Bcd2ToByte(RTC_TimeStruct->RTC_Seconds)));
 869              		.loc 1 801 5 view .LVU266
 802:./Libraries/src/stm32f4xx_rtc.c ****   }
 870              		.loc 1 802 5 view .LVU267
 806:./Libraries/src/stm32f4xx_rtc.c ****   {
 871              		.loc 1 806 3 view .LVU268
 806:./Libraries/src/stm32f4xx_rtc.c ****   {
 872              		.loc 1 806 6 is_stmt 0 view .LVU269
 873 0016 EBB1     		cbz	r3, .L62
 808:./Libraries/src/stm32f4xx_rtc.c ****              ((uint32_t)(RTC_TimeStruct->RTC_Minutes) << 8) | \
 874              		.loc 1 808 5 is_stmt 1 view .LVU270
 808:./Libraries/src/stm32f4xx_rtc.c ****              ((uint32_t)(RTC_TimeStruct->RTC_Minutes) << 8) | \
 875              		.loc 1 808 41 is_stmt 0 view .LVU271
 876 0018 2B78     		ldrb	r3, [r5]	@ zero_extendqisi2
 809:./Libraries/src/stm32f4xx_rtc.c ****              ((uint32_t)RTC_TimeStruct->RTC_Seconds) | \
 877              		.loc 1 809 40 view .LVU272
 878 001a 6C78     		ldrb	r4, [r5, #1]	@ zero_extendqisi2
 809:./Libraries/src/stm32f4xx_rtc.c ****              ((uint32_t)RTC_TimeStruct->RTC_Seconds) | \
 879              		.loc 1 809 55 view .LVU273
 880 001c 2402     		lsls	r4, r4, #8
 808:./Libraries/src/stm32f4xx_rtc.c ****              ((uint32_t)(RTC_TimeStruct->RTC_Minutes) << 8) | \
 881              		.loc 1 808 61 view .LVU274
 882 001e 44EA0344 		orr	r4, r4, r3, lsl #16
 810:./Libraries/src/stm32f4xx_rtc.c ****              ((uint32_t)(RTC_TimeStruct->RTC_H12) << 16)); 
 883              		.loc 1 810 39 view .LVU275
 884 0022 AB78     		ldrb	r3, [r5, #2]	@ zero_extendqisi2
 809:./Libraries/src/stm32f4xx_rtc.c ****              ((uint32_t)RTC_TimeStruct->RTC_Seconds) | \
 885              		.loc 1 809 61 view .LVU276
 886 0024 1C43     		orrs	r4, r4, r3
 811:./Libraries/src/stm32f4xx_rtc.c ****   }  
 887              		.loc 1 811 40 view .LVU277
 888 0026 EB78     		ldrb	r3, [r5, #3]	@ zero_extendqisi2
 808:./Libraries/src/stm32f4xx_rtc.c ****              ((uint32_t)(RTC_TimeStruct->RTC_Minutes) << 8) | \
 889              		.loc 1 808 12 view .LVU278
 890 0028 44EA0344 		orr	r4, r4, r3, lsl #16
 891              	.LVL49:
 892              	.L63:
 822:./Libraries/src/stm32f4xx_rtc.c ****   RTC->WPR = 0x53;
ARM GAS  /tmp/ccgzaD3d.s 			page 69


 893              		.loc 1 822 3 is_stmt 1 view .LVU279
 822:./Libraries/src/stm32f4xx_rtc.c ****   RTC->WPR = 0x53;
 894              		.loc 1 822 12 is_stmt 0 view .LVU280
 895 002c 1C4B     		ldr	r3, .L70
 896 002e CA22     		movs	r2, #202
 897 0030 5A62     		str	r2, [r3, #36]
 823:./Libraries/src/stm32f4xx_rtc.c **** 
 898              		.loc 1 823 3 is_stmt 1 view .LVU281
 823:./Libraries/src/stm32f4xx_rtc.c **** 
 899              		.loc 1 823 12 is_stmt 0 view .LVU282
 900 0032 5322     		movs	r2, #83
 901 0034 5A62     		str	r2, [r3, #36]
 826:./Libraries/src/stm32f4xx_rtc.c ****   {
 902              		.loc 1 826 3 is_stmt 1 view .LVU283
 826:./Libraries/src/stm32f4xx_rtc.c ****   {
 903              		.loc 1 826 7 is_stmt 0 view .LVU284
 904 0036 FFF7FEFF 		bl	RTC_EnterInitMode
 905              	.LVL50:
 826:./Libraries/src/stm32f4xx_rtc.c ****   {
 906              		.loc 1 826 6 discriminator 1 view .LVU285
 907 003a E0B9     		cbnz	r0, .L68
 908              	.LVL51:
 909              	.L64:
 856:./Libraries/src/stm32f4xx_rtc.c ****     
 910              		.loc 1 856 3 is_stmt 1 view .LVU286
 856:./Libraries/src/stm32f4xx_rtc.c ****     
 911              		.loc 1 856 12 is_stmt 0 view .LVU287
 912 003c 184B     		ldr	r3, .L70
 913 003e FF22     		movs	r2, #255
 914 0040 5A62     		str	r2, [r3, #36]
 858:./Libraries/src/stm32f4xx_rtc.c **** }
 915              		.loc 1 858 3 is_stmt 1 view .LVU288
 859:./Libraries/src/stm32f4xx_rtc.c **** 
 916              		.loc 1 859 1 is_stmt 0 view .LVU289
 917 0042 38BD     		pop	{r3, r4, r5, pc}
 918              	.LVL52:
 919              	.L60:
 790:./Libraries/src/stm32f4xx_rtc.c ****     {
 920              		.loc 1 790 5 is_stmt 1 view .LVU290
 790:./Libraries/src/stm32f4xx_rtc.c ****     {
 921              		.loc 1 790 13 is_stmt 0 view .LVU291
 922 0044 164A     		ldr	r2, .L70
 923 0046 9268     		ldr	r2, [r2, #8]
 790:./Libraries/src/stm32f4xx_rtc.c ****     {
 924              		.loc 1 790 8 view .LVU292
 925 0048 12F0400F 		tst	r2, #64
 926 004c E3D1     		bne	.L61
 798:./Libraries/src/stm32f4xx_rtc.c ****       assert_param(IS_RTC_HOUR24(RTC_Bcd2ToByte(RTC_TimeStruct->RTC_Hours)));
 927              		.loc 1 798 7 is_stmt 1 view .LVU293
 798:./Libraries/src/stm32f4xx_rtc.c ****       assert_param(IS_RTC_HOUR24(RTC_Bcd2ToByte(RTC_TimeStruct->RTC_Hours)));
 928              		.loc 1 798 31 is_stmt 0 view .LVU294
 929 004e 0022     		movs	r2, #0
 930 0050 CA70     		strb	r2, [r1, #3]
 931 0052 E0E7     		b	.L61
 932              	.LVL53:
 933              	.L62:
 815:./Libraries/src/stm32f4xx_rtc.c ****                    ((uint32_t)RTC_ByteToBcd2(RTC_TimeStruct->RTC_Minutes) << 8) | \
ARM GAS  /tmp/ccgzaD3d.s 			page 70


 934              		.loc 1 815 5 is_stmt 1 view .LVU295
 815:./Libraries/src/stm32f4xx_rtc.c ****                    ((uint32_t)RTC_ByteToBcd2(RTC_TimeStruct->RTC_Minutes) << 8) | \
 935              		.loc 1 815 36 is_stmt 0 view .LVU296
 936 0054 2878     		ldrb	r0, [r5]	@ zero_extendqisi2
 937              	.LVL54:
 815:./Libraries/src/stm32f4xx_rtc.c ****                    ((uint32_t)RTC_ByteToBcd2(RTC_TimeStruct->RTC_Minutes) << 8) | \
 938              		.loc 1 815 36 view .LVU297
 939 0056 FFF7FEFF 		bl	RTC_ByteToBcd2
 940              	.LVL55:
 815:./Libraries/src/stm32f4xx_rtc.c ****                    ((uint32_t)RTC_ByteToBcd2(RTC_TimeStruct->RTC_Minutes) << 8) | \
 941              		.loc 1 815 78 discriminator 1 view .LVU298
 942 005a 0404     		lsls	r4, r0, #16
 816:./Libraries/src/stm32f4xx_rtc.c ****                    ((uint32_t)RTC_ByteToBcd2(RTC_TimeStruct->RTC_Seconds)) | \
 943              		.loc 1 816 31 view .LVU299
 944 005c 6878     		ldrb	r0, [r5, #1]	@ zero_extendqisi2
 945 005e FFF7FEFF 		bl	RTC_ByteToBcd2
 946              	.LVL56:
 815:./Libraries/src/stm32f4xx_rtc.c ****                    ((uint32_t)RTC_ByteToBcd2(RTC_TimeStruct->RTC_Minutes) << 8) | \
 947              		.loc 1 815 85 view .LVU300
 948 0062 44EA0024 		orr	r4, r4, r0, lsl #8
 817:./Libraries/src/stm32f4xx_rtc.c ****                    (((uint32_t)RTC_TimeStruct->RTC_H12) << 16));
 949              		.loc 1 817 31 view .LVU301
 950 0066 A878     		ldrb	r0, [r5, #2]	@ zero_extendqisi2
 951 0068 FFF7FEFF 		bl	RTC_ByteToBcd2
 952              	.LVL57:
 816:./Libraries/src/stm32f4xx_rtc.c ****                    ((uint32_t)RTC_ByteToBcd2(RTC_TimeStruct->RTC_Seconds)) | \
 953              		.loc 1 816 81 view .LVU302
 954 006c 0443     		orrs	r4, r4, r0
 818:./Libraries/src/stm32f4xx_rtc.c ****   }  
 955              		.loc 1 818 46 view .LVU303
 956 006e EB78     		ldrb	r3, [r5, #3]	@ zero_extendqisi2
 815:./Libraries/src/stm32f4xx_rtc.c ****                    ((uint32_t)RTC_ByteToBcd2(RTC_TimeStruct->RTC_Minutes) << 8) | \
 957              		.loc 1 815 12 view .LVU304
 958 0070 44EA0344 		orr	r4, r4, r3, lsl #16
 959 0074 DAE7     		b	.L63
 960              	.LVL58:
 961              	.L68:
 833:./Libraries/src/stm32f4xx_rtc.c **** 
 962              		.loc 1 833 5 is_stmt 1 view .LVU305
 833:./Libraries/src/stm32f4xx_rtc.c **** 
 963              		.loc 1 833 15 is_stmt 0 view .LVU306
 964 0076 04F07F34 		and	r4, r4, #2139062143
 965              	.LVL59:
 833:./Libraries/src/stm32f4xx_rtc.c **** 
 966              		.loc 1 833 15 view .LVU307
 967 007a 24F0FE44 		bic	r4, r4, #2130706432
 833:./Libraries/src/stm32f4xx_rtc.c **** 
 968              		.loc 1 833 13 view .LVU308
 969 007e 084D     		ldr	r5, .L70
 970              	.LVL60:
 833:./Libraries/src/stm32f4xx_rtc.c **** 
 971              		.loc 1 833 13 view .LVU309
 972 0080 2C60     		str	r4, [r5]
 836:./Libraries/src/stm32f4xx_rtc.c **** 
 973              		.loc 1 836 5 is_stmt 1 view .LVU310
 974 0082 FFF7FEFF 		bl	RTC_ExitInitMode
 975              	.LVL61:
ARM GAS  /tmp/ccgzaD3d.s 			page 71


 839:./Libraries/src/stm32f4xx_rtc.c ****     {
 976              		.loc 1 839 5 view .LVU311
 839:./Libraries/src/stm32f4xx_rtc.c ****     {
 977              		.loc 1 839 13 is_stmt 0 view .LVU312
 978 0086 AB68     		ldr	r3, [r5, #8]
 839:./Libraries/src/stm32f4xx_rtc.c ****     {
 979              		.loc 1 839 8 view .LVU313
 980 0088 13F0200F 		tst	r3, #32
 981 008c 01D0     		beq	.L69
 852:./Libraries/src/stm32f4xx_rtc.c ****     }
 982              		.loc 1 852 14 view .LVU314
 983 008e 0120     		movs	r0, #1
 984 0090 D4E7     		b	.L64
 985              	.L69:
 841:./Libraries/src/stm32f4xx_rtc.c ****     {
 986              		.loc 1 841 5 is_stmt 1 view .LVU315
 841:./Libraries/src/stm32f4xx_rtc.c ****     {
 987              		.loc 1 841 8 is_stmt 0 view .LVU316
 988 0092 FFF7FEFF 		bl	RTC_WaitForSynchro
 989              	.LVL62:
 841:./Libraries/src/stm32f4xx_rtc.c ****     {
 990              		.loc 1 841 7 discriminator 1 view .LVU317
 991 0096 0028     		cmp	r0, #0
 992 0098 D0D0     		beq	.L64
 847:./Libraries/src/stm32f4xx_rtc.c ****     }
 993              		.loc 1 847 14 view .LVU318
 994 009a 0120     		movs	r0, #1
 995 009c CEE7     		b	.L64
 996              	.L71:
 997 009e 00BF     		.align	2
 998              	.L70:
 999 00a0 00280040 		.word	1073752064
 1000              		.cfi_endproc
 1001              	.LFE132:
 1003              		.section	.text.RTC_TimeStructInit,"ax",%progbits
 1004              		.align	1
 1005              		.global	RTC_TimeStructInit
 1006              		.syntax unified
 1007              		.thumb
 1008              		.thumb_func
 1010              	RTC_TimeStructInit:
 1011              	.LVL63:
 1012              	.LFB133:
 869:./Libraries/src/stm32f4xx_rtc.c ****   /* Time = 00h:00min:00sec */
 1013              		.loc 1 869 1 is_stmt 1 view -0
 1014              		.cfi_startproc
 1015              		@ args = 0, pretend = 0, frame = 0
 1016              		@ frame_needed = 0, uses_anonymous_args = 0
 1017              		@ link register save eliminated.
 871:./Libraries/src/stm32f4xx_rtc.c ****   RTC_TimeStruct->RTC_Hours = 0;
 1018              		.loc 1 871 3 view .LVU320
 871:./Libraries/src/stm32f4xx_rtc.c ****   RTC_TimeStruct->RTC_Hours = 0;
 1019              		.loc 1 871 27 is_stmt 0 view .LVU321
 1020 0000 0023     		movs	r3, #0
 1021 0002 C370     		strb	r3, [r0, #3]
 872:./Libraries/src/stm32f4xx_rtc.c ****   RTC_TimeStruct->RTC_Minutes = 0;
 1022              		.loc 1 872 3 is_stmt 1 view .LVU322
ARM GAS  /tmp/ccgzaD3d.s 			page 72


 872:./Libraries/src/stm32f4xx_rtc.c ****   RTC_TimeStruct->RTC_Minutes = 0;
 1023              		.loc 1 872 29 is_stmt 0 view .LVU323
 1024 0004 0370     		strb	r3, [r0]
 873:./Libraries/src/stm32f4xx_rtc.c ****   RTC_TimeStruct->RTC_Seconds = 0; 
 1025              		.loc 1 873 3 is_stmt 1 view .LVU324
 873:./Libraries/src/stm32f4xx_rtc.c ****   RTC_TimeStruct->RTC_Seconds = 0; 
 1026              		.loc 1 873 31 is_stmt 0 view .LVU325
 1027 0006 4370     		strb	r3, [r0, #1]
 874:./Libraries/src/stm32f4xx_rtc.c **** }
 1028              		.loc 1 874 3 is_stmt 1 view .LVU326
 874:./Libraries/src/stm32f4xx_rtc.c **** }
 1029              		.loc 1 874 31 is_stmt 0 view .LVU327
 1030 0008 8370     		strb	r3, [r0, #2]
 875:./Libraries/src/stm32f4xx_rtc.c **** 
 1031              		.loc 1 875 1 view .LVU328
 1032 000a 7047     		bx	lr
 1033              		.cfi_endproc
 1034              	.LFE133:
 1036              		.section	.text.RTC_GetTime,"ax",%progbits
 1037              		.align	1
 1038              		.global	RTC_GetTime
 1039              		.syntax unified
 1040              		.thumb
 1041              		.thumb_func
 1043              	RTC_GetTime:
 1044              	.LVL64:
 1045              	.LFB134:
 888:./Libraries/src/stm32f4xx_rtc.c ****   uint32_t tmpreg = 0;
 1046              		.loc 1 888 1 is_stmt 1 view -0
 1047              		.cfi_startproc
 1048              		@ args = 0, pretend = 0, frame = 0
 1049              		@ frame_needed = 0, uses_anonymous_args = 0
 888:./Libraries/src/stm32f4xx_rtc.c ****   uint32_t tmpreg = 0;
 1050              		.loc 1 888 1 is_stmt 0 view .LVU330
 1051 0000 70B5     		push	{r4, r5, r6, lr}
 1052              	.LCFI13:
 1053              		.cfi_def_cfa_offset 16
 1054              		.cfi_offset 4, -16
 1055              		.cfi_offset 5, -12
 1056              		.cfi_offset 6, -8
 1057              		.cfi_offset 14, -4
 1058 0002 0C46     		mov	r4, r1
 889:./Libraries/src/stm32f4xx_rtc.c **** 
 1059              		.loc 1 889 3 is_stmt 1 view .LVU331
 1060              	.LVL65:
 892:./Libraries/src/stm32f4xx_rtc.c **** 
 1061              		.loc 1 892 3 view .LVU332
 895:./Libraries/src/stm32f4xx_rtc.c ****   
 1062              		.loc 1 895 3 view .LVU333
 895:./Libraries/src/stm32f4xx_rtc.c ****   
 1063              		.loc 1 895 26 is_stmt 0 view .LVU334
 1064 0004 0E4B     		ldr	r3, .L76
 1065 0006 1D68     		ldr	r5, [r3]
 1066              	.LVL66:
 898:./Libraries/src/stm32f4xx_rtc.c ****   RTC_TimeStruct->RTC_Minutes = (uint8_t)((tmpreg & (RTC_TR_MNT | RTC_TR_MNU)) >>8);
 1067              		.loc 1 898 3 is_stmt 1 view .LVU335
 898:./Libraries/src/stm32f4xx_rtc.c ****   RTC_TimeStruct->RTC_Minutes = (uint8_t)((tmpreg & (RTC_TR_MNT | RTC_TR_MNU)) >>8);
ARM GAS  /tmp/ccgzaD3d.s 			page 73


 1068              		.loc 1 898 31 is_stmt 0 view .LVU336
 1069 0008 C5F30642 		ubfx	r2, r5, #16, #7
 1070 000c C5F30541 		ubfx	r1, r5, #16, #6
 1071              	.LVL67:
 898:./Libraries/src/stm32f4xx_rtc.c ****   RTC_TimeStruct->RTC_Minutes = (uint8_t)((tmpreg & (RTC_TR_MNT | RTC_TR_MNU)) >>8);
 1072              		.loc 1 898 29 view .LVU337
 1073 0010 2170     		strb	r1, [r4]
 899:./Libraries/src/stm32f4xx_rtc.c ****   RTC_TimeStruct->RTC_Seconds = (uint8_t)(tmpreg & (RTC_TR_ST | RTC_TR_SU));
 1074              		.loc 1 899 3 is_stmt 1 view .LVU338
 899:./Libraries/src/stm32f4xx_rtc.c ****   RTC_TimeStruct->RTC_Seconds = (uint8_t)(tmpreg & (RTC_TR_ST | RTC_TR_SU));
 1075              		.loc 1 899 33 is_stmt 0 view .LVU339
 1076 0012 C5F30626 		ubfx	r6, r5, #8, #7
 899:./Libraries/src/stm32f4xx_rtc.c ****   RTC_TimeStruct->RTC_Seconds = (uint8_t)(tmpreg & (RTC_TR_ST | RTC_TR_SU));
 1077              		.loc 1 899 31 view .LVU340
 1078 0016 6670     		strb	r6, [r4, #1]
 900:./Libraries/src/stm32f4xx_rtc.c ****   RTC_TimeStruct->RTC_H12 = (uint8_t)((tmpreg & (RTC_TR_PM)) >> 16);  
 1079              		.loc 1 900 3 is_stmt 1 view .LVU341
 900:./Libraries/src/stm32f4xx_rtc.c ****   RTC_TimeStruct->RTC_H12 = (uint8_t)((tmpreg & (RTC_TR_PM)) >> 16);  
 1080              		.loc 1 900 33 is_stmt 0 view .LVU342
 1081 0018 05F07F05 		and	r5, r5, #127
 1082              	.LVL68:
 900:./Libraries/src/stm32f4xx_rtc.c ****   RTC_TimeStruct->RTC_H12 = (uint8_t)((tmpreg & (RTC_TR_PM)) >> 16);  
 1083              		.loc 1 900 31 view .LVU343
 1084 001c A570     		strb	r5, [r4, #2]
 901:./Libraries/src/stm32f4xx_rtc.c **** 
 1085              		.loc 1 901 3 is_stmt 1 view .LVU344
 901:./Libraries/src/stm32f4xx_rtc.c **** 
 1086              		.loc 1 901 29 is_stmt 0 view .LVU345
 1087 001e 02F04003 		and	r3, r2, #64
 901:./Libraries/src/stm32f4xx_rtc.c **** 
 1088              		.loc 1 901 27 view .LVU346
 1089 0022 E370     		strb	r3, [r4, #3]
 904:./Libraries/src/stm32f4xx_rtc.c ****   {
 1090              		.loc 1 904 3 is_stmt 1 view .LVU347
 904:./Libraries/src/stm32f4xx_rtc.c ****   {
 1091              		.loc 1 904 6 is_stmt 0 view .LVU348
 1092 0024 58B9     		cbnz	r0, .L73
 907:./Libraries/src/stm32f4xx_rtc.c ****     RTC_TimeStruct->RTC_Minutes = (uint8_t)RTC_Bcd2ToByte(RTC_TimeStruct->RTC_Minutes);
 1093              		.loc 1 907 5 is_stmt 1 view .LVU349
 907:./Libraries/src/stm32f4xx_rtc.c ****     RTC_TimeStruct->RTC_Minutes = (uint8_t)RTC_Bcd2ToByte(RTC_TimeStruct->RTC_Minutes);
 1094              		.loc 1 907 42 is_stmt 0 view .LVU350
 1095 0026 0846     		mov	r0, r1
 1096              	.LVL69:
 907:./Libraries/src/stm32f4xx_rtc.c ****     RTC_TimeStruct->RTC_Minutes = (uint8_t)RTC_Bcd2ToByte(RTC_TimeStruct->RTC_Minutes);
 1097              		.loc 1 907 42 view .LVU351
 1098 0028 FFF7FEFF 		bl	RTC_Bcd2ToByte
 1099              	.LVL70:
 907:./Libraries/src/stm32f4xx_rtc.c ****     RTC_TimeStruct->RTC_Minutes = (uint8_t)RTC_Bcd2ToByte(RTC_TimeStruct->RTC_Minutes);
 1100              		.loc 1 907 31 discriminator 1 view .LVU352
 1101 002c 2070     		strb	r0, [r4]
 908:./Libraries/src/stm32f4xx_rtc.c ****     RTC_TimeStruct->RTC_Seconds = (uint8_t)RTC_Bcd2ToByte(RTC_TimeStruct->RTC_Seconds);   
 1102              		.loc 1 908 5 is_stmt 1 view .LVU353
 908:./Libraries/src/stm32f4xx_rtc.c ****     RTC_TimeStruct->RTC_Seconds = (uint8_t)RTC_Bcd2ToByte(RTC_TimeStruct->RTC_Seconds);   
 1103              		.loc 1 908 44 is_stmt 0 view .LVU354
 1104 002e 3046     		mov	r0, r6
 1105 0030 FFF7FEFF 		bl	RTC_Bcd2ToByte
 1106              	.LVL71:
ARM GAS  /tmp/ccgzaD3d.s 			page 74


 908:./Libraries/src/stm32f4xx_rtc.c ****     RTC_TimeStruct->RTC_Seconds = (uint8_t)RTC_Bcd2ToByte(RTC_TimeStruct->RTC_Seconds);   
 1107              		.loc 1 908 33 discriminator 1 view .LVU355
 1108 0034 6070     		strb	r0, [r4, #1]
 909:./Libraries/src/stm32f4xx_rtc.c ****   }
 1109              		.loc 1 909 5 is_stmt 1 view .LVU356
 909:./Libraries/src/stm32f4xx_rtc.c ****   }
 1110              		.loc 1 909 44 is_stmt 0 view .LVU357
 1111 0036 2846     		mov	r0, r5
 1112 0038 FFF7FEFF 		bl	RTC_Bcd2ToByte
 1113              	.LVL72:
 909:./Libraries/src/stm32f4xx_rtc.c ****   }
 1114              		.loc 1 909 33 discriminator 1 view .LVU358
 1115 003c A070     		strb	r0, [r4, #2]
 1116              	.L73:
 911:./Libraries/src/stm32f4xx_rtc.c **** 
 1117              		.loc 1 911 1 view .LVU359
 1118 003e 70BD     		pop	{r4, r5, r6, pc}
 1119              	.LVL73:
 1120              	.L77:
 911:./Libraries/src/stm32f4xx_rtc.c **** 
 1121              		.loc 1 911 1 view .LVU360
 1122              		.align	2
 1123              	.L76:
 1124 0040 00280040 		.word	1073752064
 1125              		.cfi_endproc
 1126              	.LFE134:
 1128              		.section	.text.RTC_GetSubSecond,"ax",%progbits
 1129              		.align	1
 1130              		.global	RTC_GetSubSecond
 1131              		.syntax unified
 1132              		.thumb
 1133              		.thumb_func
 1135              	RTC_GetSubSecond:
 1136              	.LFB135:
 921:./Libraries/src/stm32f4xx_rtc.c ****   uint32_t tmpreg = 0;
 1137              		.loc 1 921 1 is_stmt 1 view -0
 1138              		.cfi_startproc
 1139              		@ args = 0, pretend = 0, frame = 0
 1140              		@ frame_needed = 0, uses_anonymous_args = 0
 1141              		@ link register save eliminated.
 922:./Libraries/src/stm32f4xx_rtc.c ****   
 1142              		.loc 1 922 3 view .LVU362
 1143              	.LVL74:
 925:./Libraries/src/stm32f4xx_rtc.c ****   
 1144              		.loc 1 925 3 view .LVU363
 925:./Libraries/src/stm32f4xx_rtc.c ****   
 1145              		.loc 1 925 10 is_stmt 0 view .LVU364
 1146 0000 014B     		ldr	r3, .L79
 1147 0002 986A     		ldr	r0, [r3, #40]
 1148              	.LVL75:
 928:./Libraries/src/stm32f4xx_rtc.c ****   
 1149              		.loc 1 928 3 is_stmt 1 view .LVU365
 1150 0004 5B68     		ldr	r3, [r3, #4]
 930:./Libraries/src/stm32f4xx_rtc.c **** }
 1151              		.loc 1 930 3 view .LVU366
 931:./Libraries/src/stm32f4xx_rtc.c **** 
 1152              		.loc 1 931 1 is_stmt 0 view .LVU367
ARM GAS  /tmp/ccgzaD3d.s 			page 75


 1153 0006 7047     		bx	lr
 1154              	.L80:
 1155              		.align	2
 1156              	.L79:
 1157 0008 00280040 		.word	1073752064
 1158              		.cfi_endproc
 1159              	.LFE135:
 1161              		.section	.text.RTC_SetDate,"ax",%progbits
 1162              		.align	1
 1163              		.global	RTC_SetDate
 1164              		.syntax unified
 1165              		.thumb
 1166              		.thumb_func
 1168              	RTC_SetDate:
 1169              	.LVL76:
 1170              	.LFB136:
 946:./Libraries/src/stm32f4xx_rtc.c ****   uint32_t tmpreg = 0;
 1171              		.loc 1 946 1 is_stmt 1 view -0
 1172              		.cfi_startproc
 1173              		@ args = 0, pretend = 0, frame = 0
 1174              		@ frame_needed = 0, uses_anonymous_args = 0
 946:./Libraries/src/stm32f4xx_rtc.c ****   uint32_t tmpreg = 0;
 1175              		.loc 1 946 1 is_stmt 0 view .LVU369
 1176 0000 38B5     		push	{r3, r4, r5, lr}
 1177              	.LCFI14:
 1178              		.cfi_def_cfa_offset 16
 1179              		.cfi_offset 3, -16
 1180              		.cfi_offset 4, -12
 1181              		.cfi_offset 5, -8
 1182              		.cfi_offset 14, -4
 1183 0002 0D46     		mov	r5, r1
 947:./Libraries/src/stm32f4xx_rtc.c ****   ErrorStatus status = ERROR;
 1184              		.loc 1 947 3 is_stmt 1 view .LVU370
 1185              	.LVL77:
 948:./Libraries/src/stm32f4xx_rtc.c ****   
 1186              		.loc 1 948 3 view .LVU371
 951:./Libraries/src/stm32f4xx_rtc.c **** 
 1187              		.loc 1 951 3 view .LVU372
 953:./Libraries/src/stm32f4xx_rtc.c ****   {
 1188              		.loc 1 953 3 view .LVU373
 953:./Libraries/src/stm32f4xx_rtc.c ****   {
 1189              		.loc 1 953 6 is_stmt 0 view .LVU374
 1190 0004 A8B1     		cbz	r0, .L82
 957:./Libraries/src/stm32f4xx_rtc.c ****   {
 1191              		.loc 1 957 3 is_stmt 1 view .LVU375
 965:./Libraries/src/stm32f4xx_rtc.c ****     tmpreg = RTC_Bcd2ToByte(RTC_DateStruct->RTC_Month);
 1192              		.loc 1 965 5 view .LVU376
 966:./Libraries/src/stm32f4xx_rtc.c ****     assert_param(IS_RTC_MONTH(tmpreg));
 1193              		.loc 1 966 5 view .LVU377
 966:./Libraries/src/stm32f4xx_rtc.c ****     assert_param(IS_RTC_MONTH(tmpreg));
 1194              		.loc 1 966 14 is_stmt 0 view .LVU378
 1195 0006 4C78     		ldrb	r4, [r1, #1]	@ zero_extendqisi2
 1196              	.LVL78:
 967:./Libraries/src/stm32f4xx_rtc.c ****     tmpreg = RTC_Bcd2ToByte(RTC_DateStruct->RTC_Date);
 1197              		.loc 1 967 5 is_stmt 1 view .LVU379
 968:./Libraries/src/stm32f4xx_rtc.c ****     assert_param(IS_RTC_DATE(tmpreg));
 1198              		.loc 1 968 5 view .LVU380
ARM GAS  /tmp/ccgzaD3d.s 			page 76


 968:./Libraries/src/stm32f4xx_rtc.c ****     assert_param(IS_RTC_DATE(tmpreg));
 1199              		.loc 1 968 14 is_stmt 0 view .LVU381
 1200 0008 8B78     		ldrb	r3, [r1, #2]	@ zero_extendqisi2
 969:./Libraries/src/stm32f4xx_rtc.c ****   }
 1201              		.loc 1 969 5 is_stmt 1 view .LVU382
 971:./Libraries/src/stm32f4xx_rtc.c **** 
 1202              		.loc 1 971 3 view .LVU383
 974:./Libraries/src/stm32f4xx_rtc.c ****   {
 1203              		.loc 1 974 3 view .LVU384
 976:./Libraries/src/stm32f4xx_rtc.c ****               (((uint32_t)RTC_DateStruct->RTC_Month) << 8) | \
 1204              		.loc 1 976 5 view .LVU385
 976:./Libraries/src/stm32f4xx_rtc.c ****               (((uint32_t)RTC_DateStruct->RTC_Month) << 8) | \
 1205              		.loc 1 976 41 is_stmt 0 view .LVU386
 1206 000a CA78     		ldrb	r2, [r1, #3]	@ zero_extendqisi2
 977:./Libraries/src/stm32f4xx_rtc.c ****               ((uint32_t)RTC_DateStruct->RTC_Date) | \
 1207              		.loc 1 977 54 view .LVU387
 1208 000c 2402     		lsls	r4, r4, #8
 976:./Libraries/src/stm32f4xx_rtc.c ****               (((uint32_t)RTC_DateStruct->RTC_Month) << 8) | \
 1209              		.loc 1 976 60 view .LVU388
 1210 000e 44EA0244 		orr	r4, r4, r2, lsl #16
 977:./Libraries/src/stm32f4xx_rtc.c ****               ((uint32_t)RTC_DateStruct->RTC_Date) | \
 1211              		.loc 1 977 60 view .LVU389
 1212 0012 1C43     		orrs	r4, r4, r3
 979:./Libraries/src/stm32f4xx_rtc.c ****   }  
 1213              		.loc 1 979 41 view .LVU390
 1214 0014 0B78     		ldrb	r3, [r1]	@ zero_extendqisi2
 976:./Libraries/src/stm32f4xx_rtc.c ****               (((uint32_t)RTC_DateStruct->RTC_Month) << 8) | \
 1215              		.loc 1 976 12 view .LVU391
 1216 0016 44EA4334 		orr	r4, r4, r3, lsl #13
 1217              	.LVL79:
 1218              	.L83:
 990:./Libraries/src/stm32f4xx_rtc.c ****   RTC->WPR = 0x53;
 1219              		.loc 1 990 3 is_stmt 1 view .LVU392
 990:./Libraries/src/stm32f4xx_rtc.c ****   RTC->WPR = 0x53;
 1220              		.loc 1 990 12 is_stmt 0 view .LVU393
 1221 001a 1C4B     		ldr	r3, .L91
 1222 001c CA22     		movs	r2, #202
 1223 001e 5A62     		str	r2, [r3, #36]
 991:./Libraries/src/stm32f4xx_rtc.c **** 
 1224              		.loc 1 991 3 is_stmt 1 view .LVU394
 991:./Libraries/src/stm32f4xx_rtc.c **** 
 1225              		.loc 1 991 12 is_stmt 0 view .LVU395
 1226 0020 5322     		movs	r2, #83
 1227 0022 5A62     		str	r2, [r3, #36]
 994:./Libraries/src/stm32f4xx_rtc.c ****   {
 1228              		.loc 1 994 3 is_stmt 1 view .LVU396
 994:./Libraries/src/stm32f4xx_rtc.c ****   {
 1229              		.loc 1 994 7 is_stmt 0 view .LVU397
 1230 0024 FFF7FEFF 		bl	RTC_EnterInitMode
 1231              	.LVL80:
 994:./Libraries/src/stm32f4xx_rtc.c ****   {
 1232              		.loc 1 994 6 discriminator 1 view .LVU398
 1233 0028 E0B9     		cbnz	r0, .L89
 1234              	.LVL81:
 1235              	.L85:
1024:./Libraries/src/stm32f4xx_rtc.c ****   
 1236              		.loc 1 1024 3 is_stmt 1 view .LVU399
ARM GAS  /tmp/ccgzaD3d.s 			page 77


1024:./Libraries/src/stm32f4xx_rtc.c ****   
 1237              		.loc 1 1024 12 is_stmt 0 view .LVU400
 1238 002a 184B     		ldr	r3, .L91
 1239 002c FF22     		movs	r2, #255
 1240 002e 5A62     		str	r2, [r3, #36]
1026:./Libraries/src/stm32f4xx_rtc.c **** }
 1241              		.loc 1 1026 3 is_stmt 1 view .LVU401
1027:./Libraries/src/stm32f4xx_rtc.c **** 
 1242              		.loc 1 1027 1 is_stmt 0 view .LVU402
 1243 0030 38BD     		pop	{r3, r4, r5, pc}
 1244              	.LVL82:
 1245              	.L82:
 953:./Libraries/src/stm32f4xx_rtc.c ****   {
 1246              		.loc 1 953 57 discriminator 1 view .LVU403
 1247 0032 4B78     		ldrb	r3, [r1, #1]	@ zero_extendqisi2
 953:./Libraries/src/stm32f4xx_rtc.c ****   {
 1248              		.loc 1 953 38 discriminator 1 view .LVU404
 1249 0034 13F0100F 		tst	r3, #16
 1250 0038 03D0     		beq	.L84
 955:./Libraries/src/stm32f4xx_rtc.c ****   }  
 1251              		.loc 1 955 5 is_stmt 1 view .LVU405
 955:./Libraries/src/stm32f4xx_rtc.c ****   }  
 1252              		.loc 1 955 60 is_stmt 0 view .LVU406
 1253 003a 03F0EF03 		and	r3, r3, #239
 955:./Libraries/src/stm32f4xx_rtc.c ****   }  
 1254              		.loc 1 955 81 view .LVU407
 1255 003e 0A33     		adds	r3, r3, #10
 955:./Libraries/src/stm32f4xx_rtc.c ****   }  
 1256              		.loc 1 955 31 view .LVU408
 1257 0040 4B70     		strb	r3, [r1, #1]
 1258              	.L84:
 957:./Libraries/src/stm32f4xx_rtc.c ****   {
 1259              		.loc 1 957 3 is_stmt 1 view .LVU409
 969:./Libraries/src/stm32f4xx_rtc.c ****   }
 1260              		.loc 1 969 5 view .LVU410
 971:./Libraries/src/stm32f4xx_rtc.c **** 
 1261              		.loc 1 971 3 view .LVU411
 974:./Libraries/src/stm32f4xx_rtc.c ****   {
 1262              		.loc 1 974 3 view .LVU412
 983:./Libraries/src/stm32f4xx_rtc.c ****               ((uint32_t)RTC_ByteToBcd2(RTC_DateStruct->RTC_Month) << 8) | \
 1263              		.loc 1 983 5 view .LVU413
 983:./Libraries/src/stm32f4xx_rtc.c ****               ((uint32_t)RTC_ByteToBcd2(RTC_DateStruct->RTC_Month) << 8) | \
 1264              		.loc 1 983 26 is_stmt 0 view .LVU414
 1265 0042 E878     		ldrb	r0, [r5, #3]	@ zero_extendqisi2
 1266              	.LVL83:
 983:./Libraries/src/stm32f4xx_rtc.c ****               ((uint32_t)RTC_ByteToBcd2(RTC_DateStruct->RTC_Month) << 8) | \
 1267              		.loc 1 983 26 view .LVU415
 1268 0044 FFF7FEFF 		bl	RTC_ByteToBcd2
 1269              	.LVL84:
 983:./Libraries/src/stm32f4xx_rtc.c ****               ((uint32_t)RTC_ByteToBcd2(RTC_DateStruct->RTC_Month) << 8) | \
 1270              		.loc 1 983 67 discriminator 1 view .LVU416
 1271 0048 0404     		lsls	r4, r0, #16
 984:./Libraries/src/stm32f4xx_rtc.c ****               ((uint32_t)RTC_ByteToBcd2(RTC_DateStruct->RTC_Date)) | \
 1272              		.loc 1 984 26 view .LVU417
 1273 004a 6878     		ldrb	r0, [r5, #1]	@ zero_extendqisi2
 1274 004c FFF7FEFF 		bl	RTC_ByteToBcd2
 1275              	.LVL85:
ARM GAS  /tmp/ccgzaD3d.s 			page 78


 983:./Libraries/src/stm32f4xx_rtc.c ****               ((uint32_t)RTC_ByteToBcd2(RTC_DateStruct->RTC_Month) << 8) | \
 1276              		.loc 1 983 74 view .LVU418
 1277 0050 44EA0024 		orr	r4, r4, r0, lsl #8
 985:./Libraries/src/stm32f4xx_rtc.c ****               ((uint32_t)RTC_DateStruct->RTC_WeekDay << 13));
 1278              		.loc 1 985 26 view .LVU419
 1279 0054 A878     		ldrb	r0, [r5, #2]	@ zero_extendqisi2
 1280 0056 FFF7FEFF 		bl	RTC_ByteToBcd2
 1281              	.LVL86:
 984:./Libraries/src/stm32f4xx_rtc.c ****               ((uint32_t)RTC_ByteToBcd2(RTC_DateStruct->RTC_Date)) | \
 1282              		.loc 1 984 74 view .LVU420
 1283 005a 0443     		orrs	r4, r4, r0
 986:./Libraries/src/stm32f4xx_rtc.c ****   }
 1284              		.loc 1 986 40 view .LVU421
 1285 005c 2B78     		ldrb	r3, [r5]	@ zero_extendqisi2
 983:./Libraries/src/stm32f4xx_rtc.c ****               ((uint32_t)RTC_ByteToBcd2(RTC_DateStruct->RTC_Month) << 8) | \
 1286              		.loc 1 983 12 view .LVU422
 1287 005e 44EA4334 		orr	r4, r4, r3, lsl #13
 1288 0062 DAE7     		b	.L83
 1289              	.LVL87:
 1290              	.L89:
1001:./Libraries/src/stm32f4xx_rtc.c **** 
 1291              		.loc 1 1001 5 is_stmt 1 view .LVU423
1001:./Libraries/src/stm32f4xx_rtc.c **** 
 1292              		.loc 1 1001 15 is_stmt 0 view .LVU424
 1293 0064 24F07F44 		bic	r4, r4, #-16777216
 1294              	.LVL88:
1001:./Libraries/src/stm32f4xx_rtc.c **** 
 1295              		.loc 1 1001 15 view .LVU425
 1296 0068 24F0C004 		bic	r4, r4, #192
1001:./Libraries/src/stm32f4xx_rtc.c **** 
 1297              		.loc 1 1001 13 view .LVU426
 1298 006c 074D     		ldr	r5, .L91
 1299              	.LVL89:
1001:./Libraries/src/stm32f4xx_rtc.c **** 
 1300              		.loc 1 1001 13 view .LVU427
 1301 006e 6C60     		str	r4, [r5, #4]
1004:./Libraries/src/stm32f4xx_rtc.c **** 
 1302              		.loc 1 1004 5 is_stmt 1 view .LVU428
 1303 0070 FFF7FEFF 		bl	RTC_ExitInitMode
 1304              	.LVL90:
1007:./Libraries/src/stm32f4xx_rtc.c ****     {
 1305              		.loc 1 1007 5 view .LVU429
1007:./Libraries/src/stm32f4xx_rtc.c ****     {
 1306              		.loc 1 1007 13 is_stmt 0 view .LVU430
 1307 0074 AB68     		ldr	r3, [r5, #8]
1007:./Libraries/src/stm32f4xx_rtc.c ****     {
 1308              		.loc 1 1007 8 view .LVU431
 1309 0076 13F0200F 		tst	r3, #32
 1310 007a 01D0     		beq	.L90
1020:./Libraries/src/stm32f4xx_rtc.c ****     }
 1311              		.loc 1 1020 14 view .LVU432
 1312 007c 0120     		movs	r0, #1
 1313 007e D4E7     		b	.L85
 1314              	.L90:
1009:./Libraries/src/stm32f4xx_rtc.c ****     {
 1315              		.loc 1 1009 5 is_stmt 1 view .LVU433
1009:./Libraries/src/stm32f4xx_rtc.c ****     {
ARM GAS  /tmp/ccgzaD3d.s 			page 79


 1316              		.loc 1 1009 8 is_stmt 0 view .LVU434
 1317 0080 FFF7FEFF 		bl	RTC_WaitForSynchro
 1318              	.LVL91:
1009:./Libraries/src/stm32f4xx_rtc.c ****     {
 1319              		.loc 1 1009 7 discriminator 1 view .LVU435
 1320 0084 0028     		cmp	r0, #0
 1321 0086 D0D0     		beq	.L85
1015:./Libraries/src/stm32f4xx_rtc.c ****     }
 1322              		.loc 1 1015 14 view .LVU436
 1323 0088 0120     		movs	r0, #1
 1324 008a CEE7     		b	.L85
 1325              	.L92:
 1326              		.align	2
 1327              	.L91:
 1328 008c 00280040 		.word	1073752064
 1329              		.cfi_endproc
 1330              	.LFE136:
 1332              		.section	.text.RTC_DateStructInit,"ax",%progbits
 1333              		.align	1
 1334              		.global	RTC_DateStructInit
 1335              		.syntax unified
 1336              		.thumb
 1337              		.thumb_func
 1339              	RTC_DateStructInit:
 1340              	.LVL92:
 1341              	.LFB137:
1037:./Libraries/src/stm32f4xx_rtc.c ****   /* Monday, January 01 xx00 */
 1342              		.loc 1 1037 1 is_stmt 1 view -0
 1343              		.cfi_startproc
 1344              		@ args = 0, pretend = 0, frame = 0
 1345              		@ frame_needed = 0, uses_anonymous_args = 0
 1346              		@ link register save eliminated.
1039:./Libraries/src/stm32f4xx_rtc.c ****   RTC_DateStruct->RTC_Date = 1;
 1347              		.loc 1 1039 3 view .LVU438
1039:./Libraries/src/stm32f4xx_rtc.c ****   RTC_DateStruct->RTC_Date = 1;
 1348              		.loc 1 1039 31 is_stmt 0 view .LVU439
 1349 0000 0123     		movs	r3, #1
 1350 0002 0370     		strb	r3, [r0]
1040:./Libraries/src/stm32f4xx_rtc.c ****   RTC_DateStruct->RTC_Month = RTC_Month_January;
 1351              		.loc 1 1040 3 is_stmt 1 view .LVU440
1040:./Libraries/src/stm32f4xx_rtc.c ****   RTC_DateStruct->RTC_Month = RTC_Month_January;
 1352              		.loc 1 1040 28 is_stmt 0 view .LVU441
 1353 0004 8370     		strb	r3, [r0, #2]
1041:./Libraries/src/stm32f4xx_rtc.c ****   RTC_DateStruct->RTC_Year = 0;
 1354              		.loc 1 1041 3 is_stmt 1 view .LVU442
1041:./Libraries/src/stm32f4xx_rtc.c ****   RTC_DateStruct->RTC_Year = 0;
 1355              		.loc 1 1041 29 is_stmt 0 view .LVU443
 1356 0006 4370     		strb	r3, [r0, #1]
1042:./Libraries/src/stm32f4xx_rtc.c **** }
 1357              		.loc 1 1042 3 is_stmt 1 view .LVU444
1042:./Libraries/src/stm32f4xx_rtc.c **** }
 1358              		.loc 1 1042 28 is_stmt 0 view .LVU445
 1359 0008 0023     		movs	r3, #0
 1360 000a C370     		strb	r3, [r0, #3]
1043:./Libraries/src/stm32f4xx_rtc.c **** 
 1361              		.loc 1 1043 1 view .LVU446
 1362 000c 7047     		bx	lr
ARM GAS  /tmp/ccgzaD3d.s 			page 80


 1363              		.cfi_endproc
 1364              	.LFE137:
 1366              		.section	.text.RTC_GetDate,"ax",%progbits
 1367              		.align	1
 1368              		.global	RTC_GetDate
 1369              		.syntax unified
 1370              		.thumb
 1371              		.thumb_func
 1373              	RTC_GetDate:
 1374              	.LVL93:
 1375              	.LFB138:
1056:./Libraries/src/stm32f4xx_rtc.c ****   uint32_t tmpreg = 0;
 1376              		.loc 1 1056 1 is_stmt 1 view -0
 1377              		.cfi_startproc
 1378              		@ args = 0, pretend = 0, frame = 0
 1379              		@ frame_needed = 0, uses_anonymous_args = 0
1056:./Libraries/src/stm32f4xx_rtc.c ****   uint32_t tmpreg = 0;
 1380              		.loc 1 1056 1 is_stmt 0 view .LVU448
 1381 0000 70B5     		push	{r4, r5, r6, lr}
 1382              	.LCFI15:
 1383              		.cfi_def_cfa_offset 16
 1384              		.cfi_offset 4, -16
 1385              		.cfi_offset 5, -12
 1386              		.cfi_offset 6, -8
 1387              		.cfi_offset 14, -4
1057:./Libraries/src/stm32f4xx_rtc.c **** 
 1388              		.loc 1 1057 3 is_stmt 1 view .LVU449
 1389              	.LVL94:
1060:./Libraries/src/stm32f4xx_rtc.c ****   
 1390              		.loc 1 1060 3 view .LVU450
1063:./Libraries/src/stm32f4xx_rtc.c **** 
 1391              		.loc 1 1063 3 view .LVU451
1063:./Libraries/src/stm32f4xx_rtc.c **** 
 1392              		.loc 1 1063 26 is_stmt 0 view .LVU452
 1393 0002 0E4B     		ldr	r3, .L97
 1394 0004 5B68     		ldr	r3, [r3, #4]
 1395              	.LVL95:
1066:./Libraries/src/stm32f4xx_rtc.c ****   RTC_DateStruct->RTC_Month = (uint8_t)((tmpreg & (RTC_DR_MT | RTC_DR_MU)) >> 8);
 1396              		.loc 1 1066 3 is_stmt 1 view .LVU453
1066:./Libraries/src/stm32f4xx_rtc.c ****   RTC_DateStruct->RTC_Month = (uint8_t)((tmpreg & (RTC_DR_MT | RTC_DR_MU)) >> 8);
 1397              		.loc 1 1066 30 is_stmt 0 view .LVU454
 1398 0006 C3F30742 		ubfx	r2, r3, #16, #8
1066:./Libraries/src/stm32f4xx_rtc.c ****   RTC_DateStruct->RTC_Month = (uint8_t)((tmpreg & (RTC_DR_MT | RTC_DR_MU)) >> 8);
 1399              		.loc 1 1066 28 view .LVU455
 1400 000a CA70     		strb	r2, [r1, #3]
1067:./Libraries/src/stm32f4xx_rtc.c ****   RTC_DateStruct->RTC_Date = (uint8_t)(tmpreg & (RTC_DR_DT | RTC_DR_DU));
 1401              		.loc 1 1067 3 is_stmt 1 view .LVU456
1067:./Libraries/src/stm32f4xx_rtc.c ****   RTC_DateStruct->RTC_Date = (uint8_t)(tmpreg & (RTC_DR_DT | RTC_DR_DU));
 1402              		.loc 1 1067 31 is_stmt 0 view .LVU457
 1403 000c C3F30426 		ubfx	r6, r3, #8, #5
1067:./Libraries/src/stm32f4xx_rtc.c ****   RTC_DateStruct->RTC_Date = (uint8_t)(tmpreg & (RTC_DR_DT | RTC_DR_DU));
 1404              		.loc 1 1067 29 view .LVU458
 1405 0010 4E70     		strb	r6, [r1, #1]
1068:./Libraries/src/stm32f4xx_rtc.c ****   RTC_DateStruct->RTC_WeekDay = (uint8_t)((tmpreg & (RTC_DR_WDU)) >> 13);
 1406              		.loc 1 1068 3 is_stmt 1 view .LVU459
1068:./Libraries/src/stm32f4xx_rtc.c ****   RTC_DateStruct->RTC_WeekDay = (uint8_t)((tmpreg & (RTC_DR_WDU)) >> 13);
 1407              		.loc 1 1068 30 is_stmt 0 view .LVU460
ARM GAS  /tmp/ccgzaD3d.s 			page 81


 1408 0012 03F03F05 		and	r5, r3, #63
1068:./Libraries/src/stm32f4xx_rtc.c ****   RTC_DateStruct->RTC_WeekDay = (uint8_t)((tmpreg & (RTC_DR_WDU)) >> 13);
 1409              		.loc 1 1068 28 view .LVU461
 1410 0016 8D70     		strb	r5, [r1, #2]
1069:./Libraries/src/stm32f4xx_rtc.c **** 
 1411              		.loc 1 1069 3 is_stmt 1 view .LVU462
1069:./Libraries/src/stm32f4xx_rtc.c **** 
 1412              		.loc 1 1069 33 is_stmt 0 view .LVU463
 1413 0018 C3F34233 		ubfx	r3, r3, #13, #3
 1414              	.LVL96:
1069:./Libraries/src/stm32f4xx_rtc.c **** 
 1415              		.loc 1 1069 31 view .LVU464
 1416 001c 0B70     		strb	r3, [r1]
1072:./Libraries/src/stm32f4xx_rtc.c ****   {
 1417              		.loc 1 1072 3 is_stmt 1 view .LVU465
1072:./Libraries/src/stm32f4xx_rtc.c ****   {
 1418              		.loc 1 1072 6 is_stmt 0 view .LVU466
 1419 001e 60B9     		cbnz	r0, .L94
 1420 0020 0C46     		mov	r4, r1
1075:./Libraries/src/stm32f4xx_rtc.c ****     RTC_DateStruct->RTC_Month = (uint8_t)RTC_Bcd2ToByte(RTC_DateStruct->RTC_Month);
 1421              		.loc 1 1075 5 is_stmt 1 view .LVU467
1075:./Libraries/src/stm32f4xx_rtc.c ****     RTC_DateStruct->RTC_Month = (uint8_t)RTC_Bcd2ToByte(RTC_DateStruct->RTC_Month);
 1422              		.loc 1 1075 41 is_stmt 0 view .LVU468
 1423 0022 1046     		mov	r0, r2
 1424              	.LVL97:
1075:./Libraries/src/stm32f4xx_rtc.c ****     RTC_DateStruct->RTC_Month = (uint8_t)RTC_Bcd2ToByte(RTC_DateStruct->RTC_Month);
 1425              		.loc 1 1075 41 view .LVU469
 1426 0024 FFF7FEFF 		bl	RTC_Bcd2ToByte
 1427              	.LVL98:
1075:./Libraries/src/stm32f4xx_rtc.c ****     RTC_DateStruct->RTC_Month = (uint8_t)RTC_Bcd2ToByte(RTC_DateStruct->RTC_Month);
 1428              		.loc 1 1075 30 discriminator 1 view .LVU470
 1429 0028 E070     		strb	r0, [r4, #3]
1076:./Libraries/src/stm32f4xx_rtc.c ****     RTC_DateStruct->RTC_Date = (uint8_t)RTC_Bcd2ToByte(RTC_DateStruct->RTC_Date);
 1430              		.loc 1 1076 5 is_stmt 1 view .LVU471
1076:./Libraries/src/stm32f4xx_rtc.c ****     RTC_DateStruct->RTC_Date = (uint8_t)RTC_Bcd2ToByte(RTC_DateStruct->RTC_Date);
 1431              		.loc 1 1076 42 is_stmt 0 view .LVU472
 1432 002a 3046     		mov	r0, r6
 1433 002c FFF7FEFF 		bl	RTC_Bcd2ToByte
 1434              	.LVL99:
1076:./Libraries/src/stm32f4xx_rtc.c ****     RTC_DateStruct->RTC_Date = (uint8_t)RTC_Bcd2ToByte(RTC_DateStruct->RTC_Date);
 1435              		.loc 1 1076 31 discriminator 1 view .LVU473
 1436 0030 6070     		strb	r0, [r4, #1]
1077:./Libraries/src/stm32f4xx_rtc.c ****   }
 1437              		.loc 1 1077 5 is_stmt 1 view .LVU474
1077:./Libraries/src/stm32f4xx_rtc.c ****   }
 1438              		.loc 1 1077 41 is_stmt 0 view .LVU475
 1439 0032 2846     		mov	r0, r5
 1440 0034 FFF7FEFF 		bl	RTC_Bcd2ToByte
 1441              	.LVL100:
1077:./Libraries/src/stm32f4xx_rtc.c ****   }
 1442              		.loc 1 1077 30 discriminator 1 view .LVU476
 1443 0038 A070     		strb	r0, [r4, #2]
 1444              	.LVL101:
 1445              	.L94:
1079:./Libraries/src/stm32f4xx_rtc.c **** 
 1446              		.loc 1 1079 1 view .LVU477
 1447 003a 70BD     		pop	{r4, r5, r6, pc}
ARM GAS  /tmp/ccgzaD3d.s 			page 82


 1448              	.L98:
 1449              		.align	2
 1450              	.L97:
 1451 003c 00280040 		.word	1073752064
 1452              		.cfi_endproc
 1453              	.LFE138:
 1455              		.section	.text.RTC_SetAlarm,"ax",%progbits
 1456              		.align	1
 1457              		.global	RTC_SetAlarm
 1458              		.syntax unified
 1459              		.thumb
 1460              		.thumb_func
 1462              	RTC_SetAlarm:
 1463              	.LVL102:
 1464              	.LFB139:
1116:./Libraries/src/stm32f4xx_rtc.c ****   uint32_t tmpreg = 0;
 1465              		.loc 1 1116 1 is_stmt 1 view -0
 1466              		.cfi_startproc
 1467              		@ args = 0, pretend = 0, frame = 0
 1468              		@ frame_needed = 0, uses_anonymous_args = 0
1116:./Libraries/src/stm32f4xx_rtc.c ****   uint32_t tmpreg = 0;
 1469              		.loc 1 1116 1 is_stmt 0 view .LVU479
 1470 0000 70B5     		push	{r4, r5, r6, lr}
 1471              	.LCFI16:
 1472              		.cfi_def_cfa_offset 16
 1473              		.cfi_offset 4, -16
 1474              		.cfi_offset 5, -12
 1475              		.cfi_offset 6, -8
 1476              		.cfi_offset 14, -4
 1477 0002 0D46     		mov	r5, r1
 1478 0004 1646     		mov	r6, r2
1117:./Libraries/src/stm32f4xx_rtc.c ****   
 1479              		.loc 1 1117 3 is_stmt 1 view .LVU480
 1480              	.LVL103:
1120:./Libraries/src/stm32f4xx_rtc.c ****   assert_param(IS_RTC_ALARM(RTC_Alarm));
 1481              		.loc 1 1120 3 view .LVU481
1121:./Libraries/src/stm32f4xx_rtc.c ****   assert_param(IS_ALARM_MASK(RTC_AlarmStruct->RTC_AlarmMask));
 1482              		.loc 1 1121 3 view .LVU482
1122:./Libraries/src/stm32f4xx_rtc.c ****   assert_param(IS_RTC_ALARM_DATE_WEEKDAY_SEL(RTC_AlarmStruct->RTC_AlarmDateWeekDaySel));
 1483              		.loc 1 1122 3 view .LVU483
1123:./Libraries/src/stm32f4xx_rtc.c **** 
 1484              		.loc 1 1123 3 view .LVU484
1125:./Libraries/src/stm32f4xx_rtc.c ****   {
 1485              		.loc 1 1125 3 view .LVU485
1125:./Libraries/src/stm32f4xx_rtc.c ****   {
 1486              		.loc 1 1125 6 is_stmt 0 view .LVU486
 1487 0006 0346     		mov	r3, r0
 1488 0008 30BB     		cbnz	r0, .L100
1127:./Libraries/src/stm32f4xx_rtc.c ****     {
 1489              		.loc 1 1127 5 is_stmt 1 view .LVU487
1127:./Libraries/src/stm32f4xx_rtc.c ****     {
 1490              		.loc 1 1127 13 is_stmt 0 view .LVU488
 1491 000a 254A     		ldr	r2, .L110
 1492              	.LVL104:
1127:./Libraries/src/stm32f4xx_rtc.c ****     {
 1493              		.loc 1 1127 13 view .LVU489
 1494 000c 9268     		ldr	r2, [r2, #8]
ARM GAS  /tmp/ccgzaD3d.s 			page 83


1127:./Libraries/src/stm32f4xx_rtc.c ****     {
 1495              		.loc 1 1127 8 view .LVU490
 1496 000e 12F0400F 		tst	r2, #64
 1497 0012 01D1     		bne	.L102
1134:./Libraries/src/stm32f4xx_rtc.c ****       assert_param(IS_RTC_HOUR24(RTC_AlarmStruct->RTC_AlarmTime.RTC_Hours));
 1498              		.loc 1 1134 7 is_stmt 1 view .LVU491
1134:./Libraries/src/stm32f4xx_rtc.c ****       assert_param(IS_RTC_HOUR24(RTC_AlarmStruct->RTC_AlarmTime.RTC_Hours));
 1499              		.loc 1 1134 46 is_stmt 0 view .LVU492
 1500 0014 0022     		movs	r2, #0
 1501 0016 F270     		strb	r2, [r6, #3]
1135:./Libraries/src/stm32f4xx_rtc.c ****     }
 1502              		.loc 1 1135 7 is_stmt 1 view .LVU493
1137:./Libraries/src/stm32f4xx_rtc.c ****     assert_param(IS_RTC_SECONDS(RTC_AlarmStruct->RTC_AlarmTime.RTC_Seconds));
 1503              		.loc 1 1137 5 view .LVU494
1138:./Libraries/src/stm32f4xx_rtc.c ****     
 1504              		.loc 1 1138 5 view .LVU495
1140:./Libraries/src/stm32f4xx_rtc.c ****     {
 1505              		.loc 1 1140 5 view .LVU496
1142:./Libraries/src/stm32f4xx_rtc.c ****     }
 1506              		.loc 1 1142 7 view .LVU497
1146:./Libraries/src/stm32f4xx_rtc.c ****     }
 1507              		.loc 1 1146 7 view .LVU498
 1508              	.LVL105:
 1509              	.L102:
1174:./Libraries/src/stm32f4xx_rtc.c ****     }    
 1510              		.loc 1 1174 7 view .LVU499
1179:./Libraries/src/stm32f4xx_rtc.c ****   {
 1511              		.loc 1 1179 3 view .LVU500
1179:./Libraries/src/stm32f4xx_rtc.c ****   {
 1512              		.loc 1 1179 6 is_stmt 0 view .LVU501
 1513 0018 33B3     		cbz	r3, .L104
1181:./Libraries/src/stm32f4xx_rtc.c ****               ((uint32_t)(RTC_AlarmStruct->RTC_AlarmTime.RTC_Minutes) << 8) | \
 1514              		.loc 1 1181 5 is_stmt 1 view .LVU502
1181:./Libraries/src/stm32f4xx_rtc.c ****               ((uint32_t)(RTC_AlarmStruct->RTC_AlarmTime.RTC_Minutes) << 8) | \
 1515              		.loc 1 1181 57 is_stmt 0 view .LVU503
 1516 001a 3378     		ldrb	r3, [r6]	@ zero_extendqisi2
1182:./Libraries/src/stm32f4xx_rtc.c ****               ((uint32_t)RTC_AlarmStruct->RTC_AlarmTime.RTC_Seconds) | \
 1517              		.loc 1 1182 57 view .LVU504
 1518 001c 7078     		ldrb	r0, [r6, #1]	@ zero_extendqisi2
 1519              	.LVL106:
1182:./Libraries/src/stm32f4xx_rtc.c ****               ((uint32_t)RTC_AlarmStruct->RTC_AlarmTime.RTC_Seconds) | \
 1520              		.loc 1 1182 71 view .LVU505
 1521 001e 0002     		lsls	r0, r0, #8
1181:./Libraries/src/stm32f4xx_rtc.c ****               ((uint32_t)(RTC_AlarmStruct->RTC_AlarmTime.RTC_Minutes) << 8) | \
 1522              		.loc 1 1181 76 view .LVU506
 1523 0020 40EA0340 		orr	r0, r0, r3, lsl #16
1183:./Libraries/src/stm32f4xx_rtc.c ****               ((uint32_t)(RTC_AlarmStruct->RTC_AlarmTime.RTC_H12) << 16) | \
 1524              		.loc 1 1183 56 view .LVU507
 1525 0024 B378     		ldrb	r3, [r6, #2]	@ zero_extendqisi2
1182:./Libraries/src/stm32f4xx_rtc.c ****               ((uint32_t)RTC_AlarmStruct->RTC_AlarmTime.RTC_Seconds) | \
 1526              		.loc 1 1182 77 view .LVU508
 1527 0026 1843     		orrs	r0, r0, r3
1184:./Libraries/src/stm32f4xx_rtc.c ****               ((uint32_t)(RTC_AlarmStruct->RTC_AlarmDateWeekDay) << 24) | \
 1528              		.loc 1 1184 57 view .LVU509
 1529 0028 F378     		ldrb	r3, [r6, #3]	@ zero_extendqisi2
1183:./Libraries/src/stm32f4xx_rtc.c ****               ((uint32_t)(RTC_AlarmStruct->RTC_AlarmTime.RTC_H12) << 16) | \
 1530              		.loc 1 1183 70 view .LVU510
ARM GAS  /tmp/ccgzaD3d.s 			page 84


 1531 002a 40EA0340 		orr	r0, r0, r3, lsl #16
1185:./Libraries/src/stm32f4xx_rtc.c ****               ((uint32_t)RTC_AlarmStruct->RTC_AlarmDateWeekDaySel) | \
 1532              		.loc 1 1185 42 view .LVU511
 1533 002e 337B     		ldrb	r3, [r6, #12]	@ zero_extendqisi2
1184:./Libraries/src/stm32f4xx_rtc.c ****               ((uint32_t)(RTC_AlarmStruct->RTC_AlarmDateWeekDay) << 24) | \
 1534              		.loc 1 1184 74 view .LVU512
 1535 0030 40EA0360 		orr	r0, r0, r3, lsl #24
1186:./Libraries/src/stm32f4xx_rtc.c ****               ((uint32_t)RTC_AlarmStruct->RTC_AlarmMask)); 
 1536              		.loc 1 1186 41 view .LVU513
 1537 0034 B368     		ldr	r3, [r6, #8]
1185:./Libraries/src/stm32f4xx_rtc.c ****               ((uint32_t)RTC_AlarmStruct->RTC_AlarmDateWeekDaySel) | \
 1538              		.loc 1 1185 73 view .LVU514
 1539 0036 1843     		orrs	r0, r0, r3
1187:./Libraries/src/stm32f4xx_rtc.c ****   }  
 1540              		.loc 1 1187 41 view .LVU515
 1541 0038 7368     		ldr	r3, [r6, #4]
1181:./Libraries/src/stm32f4xx_rtc.c ****               ((uint32_t)(RTC_AlarmStruct->RTC_AlarmTime.RTC_Minutes) << 8) | \
 1542              		.loc 1 1181 12 view .LVU516
 1543 003a 1843     		orrs	r0, r0, r3
 1544              	.LVL107:
 1545              	.L105:
1201:./Libraries/src/stm32f4xx_rtc.c ****   RTC->WPR = 0x53;
 1546              		.loc 1 1201 3 is_stmt 1 view .LVU517
1201:./Libraries/src/stm32f4xx_rtc.c ****   RTC->WPR = 0x53;
 1547              		.loc 1 1201 12 is_stmt 0 view .LVU518
 1548 003c 184B     		ldr	r3, .L110
 1549 003e CA22     		movs	r2, #202
 1550 0040 5A62     		str	r2, [r3, #36]
1202:./Libraries/src/stm32f4xx_rtc.c **** 
 1551              		.loc 1 1202 3 is_stmt 1 view .LVU519
1202:./Libraries/src/stm32f4xx_rtc.c **** 
 1552              		.loc 1 1202 12 is_stmt 0 view .LVU520
 1553 0042 5322     		movs	r2, #83
 1554 0044 5A62     		str	r2, [r3, #36]
1205:./Libraries/src/stm32f4xx_rtc.c ****   {
 1555              		.loc 1 1205 3 is_stmt 1 view .LVU521
1205:./Libraries/src/stm32f4xx_rtc.c ****   {
 1556              		.loc 1 1205 6 is_stmt 0 view .LVU522
 1557 0046 B5F5807F 		cmp	r5, #256
 1558 004a 27D0     		beq	.L109
1211:./Libraries/src/stm32f4xx_rtc.c ****   }
 1559              		.loc 1 1211 5 is_stmt 1 view .LVU523
1211:./Libraries/src/stm32f4xx_rtc.c ****   }
 1560              		.loc 1 1211 17 is_stmt 0 view .LVU524
 1561 004c 144B     		ldr	r3, .L110
 1562 004e 1862     		str	r0, [r3, #32]
 1563              	.L107:
1215:./Libraries/src/stm32f4xx_rtc.c **** }
 1564              		.loc 1 1215 3 is_stmt 1 view .LVU525
1215:./Libraries/src/stm32f4xx_rtc.c **** }
 1565              		.loc 1 1215 12 is_stmt 0 view .LVU526
 1566 0050 134B     		ldr	r3, .L110
 1567 0052 FF22     		movs	r2, #255
 1568 0054 5A62     		str	r2, [r3, #36]
1216:./Libraries/src/stm32f4xx_rtc.c **** 
 1569              		.loc 1 1216 1 view .LVU527
 1570 0056 70BD     		pop	{r4, r5, r6, pc}
ARM GAS  /tmp/ccgzaD3d.s 			page 85


 1571              	.LVL108:
 1572              	.L100:
1151:./Libraries/src/stm32f4xx_rtc.c ****     {
 1573              		.loc 1 1151 5 is_stmt 1 view .LVU528
1151:./Libraries/src/stm32f4xx_rtc.c ****     {
 1574              		.loc 1 1151 13 is_stmt 0 view .LVU529
 1575 0058 114A     		ldr	r2, .L110
 1576              	.LVL109:
1151:./Libraries/src/stm32f4xx_rtc.c ****     {
 1577              		.loc 1 1151 13 view .LVU530
 1578 005a 9268     		ldr	r2, [r2, #8]
1151:./Libraries/src/stm32f4xx_rtc.c ****     {
 1579              		.loc 1 1151 8 view .LVU531
 1580 005c 12F0400F 		tst	r2, #64
 1581 0060 DAD1     		bne	.L102
1159:./Libraries/src/stm32f4xx_rtc.c ****       assert_param(IS_RTC_HOUR24(RTC_Bcd2ToByte(RTC_AlarmStruct->RTC_AlarmTime.RTC_Hours)));
 1582              		.loc 1 1159 7 is_stmt 1 view .LVU532
1159:./Libraries/src/stm32f4xx_rtc.c ****       assert_param(IS_RTC_HOUR24(RTC_Bcd2ToByte(RTC_AlarmStruct->RTC_AlarmTime.RTC_Hours)));
 1583              		.loc 1 1159 46 is_stmt 0 view .LVU533
 1584 0062 0022     		movs	r2, #0
 1585 0064 F270     		strb	r2, [r6, #3]
 1586              	.LVL110:
1160:./Libraries/src/stm32f4xx_rtc.c ****     }
 1587              		.loc 1 1160 7 is_stmt 1 view .LVU534
1163:./Libraries/src/stm32f4xx_rtc.c ****     assert_param(IS_RTC_SECONDS(RTC_Bcd2ToByte(RTC_AlarmStruct->RTC_AlarmTime.RTC_Seconds)));
 1588              		.loc 1 1163 5 view .LVU535
1164:./Libraries/src/stm32f4xx_rtc.c ****     
 1589              		.loc 1 1164 5 view .LVU536
1166:./Libraries/src/stm32f4xx_rtc.c ****     {
 1590              		.loc 1 1166 5 view .LVU537
1173:./Libraries/src/stm32f4xx_rtc.c ****       assert_param(IS_RTC_ALARM_DATE_WEEKDAY_WEEKDAY(tmpreg));      
 1591              		.loc 1 1173 7 view .LVU538
 1592 0066 D7E7     		b	.L102
 1593              	.L104:
1191:./Libraries/src/stm32f4xx_rtc.c ****               ((uint32_t)RTC_ByteToBcd2(RTC_AlarmStruct->RTC_AlarmTime.RTC_Minutes) << 8) | \
 1594              		.loc 1 1191 5 view .LVU539
1191:./Libraries/src/stm32f4xx_rtc.c ****               ((uint32_t)RTC_ByteToBcd2(RTC_AlarmStruct->RTC_AlarmTime.RTC_Minutes) << 8) | \
 1595              		.loc 1 1191 26 is_stmt 0 view .LVU540
 1596 0068 3078     		ldrb	r0, [r6]	@ zero_extendqisi2
 1597              	.LVL111:
1191:./Libraries/src/stm32f4xx_rtc.c ****               ((uint32_t)RTC_ByteToBcd2(RTC_AlarmStruct->RTC_AlarmTime.RTC_Minutes) << 8) | \
 1598              		.loc 1 1191 26 view .LVU541
 1599 006a FFF7FEFF 		bl	RTC_ByteToBcd2
 1600              	.LVL112:
1191:./Libraries/src/stm32f4xx_rtc.c ****               ((uint32_t)RTC_ByteToBcd2(RTC_AlarmStruct->RTC_AlarmTime.RTC_Minutes) << 8) | \
 1601              		.loc 1 1191 83 discriminator 1 view .LVU542
 1602 006e 0404     		lsls	r4, r0, #16
1192:./Libraries/src/stm32f4xx_rtc.c ****               ((uint32_t)RTC_ByteToBcd2(RTC_AlarmStruct->RTC_AlarmTime.RTC_Seconds)) | \
 1603              		.loc 1 1192 26 view .LVU543
 1604 0070 7078     		ldrb	r0, [r6, #1]	@ zero_extendqisi2
 1605 0072 FFF7FEFF 		bl	RTC_ByteToBcd2
 1606              	.LVL113:
1191:./Libraries/src/stm32f4xx_rtc.c ****               ((uint32_t)RTC_ByteToBcd2(RTC_AlarmStruct->RTC_AlarmTime.RTC_Minutes) << 8) | \
 1607              		.loc 1 1191 90 view .LVU544
 1608 0076 44EA0024 		orr	r4, r4, r0, lsl #8
1193:./Libraries/src/stm32f4xx_rtc.c ****               ((uint32_t)(RTC_AlarmStruct->RTC_AlarmTime.RTC_H12) << 16) | \
 1609              		.loc 1 1193 26 view .LVU545
ARM GAS  /tmp/ccgzaD3d.s 			page 86


 1610 007a B078     		ldrb	r0, [r6, #2]	@ zero_extendqisi2
 1611 007c FFF7FEFF 		bl	RTC_ByteToBcd2
 1612              	.LVL114:
1192:./Libraries/src/stm32f4xx_rtc.c ****               ((uint32_t)RTC_ByteToBcd2(RTC_AlarmStruct->RTC_AlarmTime.RTC_Seconds)) | \
 1613              		.loc 1 1192 91 view .LVU546
 1614 0080 0443     		orrs	r4, r4, r0
1194:./Libraries/src/stm32f4xx_rtc.c ****               ((uint32_t)RTC_ByteToBcd2(RTC_AlarmStruct->RTC_AlarmDateWeekDay) << 24) | \
 1615              		.loc 1 1194 57 view .LVU547
 1616 0082 F378     		ldrb	r3, [r6, #3]	@ zero_extendqisi2
1193:./Libraries/src/stm32f4xx_rtc.c ****               ((uint32_t)(RTC_AlarmStruct->RTC_AlarmTime.RTC_H12) << 16) | \
 1617              		.loc 1 1193 86 view .LVU548
 1618 0084 44EA0344 		orr	r4, r4, r3, lsl #16
1195:./Libraries/src/stm32f4xx_rtc.c ****               ((uint32_t)RTC_AlarmStruct->RTC_AlarmDateWeekDaySel) | \
 1619              		.loc 1 1195 26 view .LVU549
 1620 0088 307B     		ldrb	r0, [r6, #12]	@ zero_extendqisi2
 1621 008a FFF7FEFF 		bl	RTC_ByteToBcd2
 1622              	.LVL115:
1194:./Libraries/src/stm32f4xx_rtc.c ****               ((uint32_t)RTC_ByteToBcd2(RTC_AlarmStruct->RTC_AlarmDateWeekDay) << 24) | \
 1623              		.loc 1 1194 74 view .LVU550
 1624 008e 44EA0060 		orr	r0, r4, r0, lsl #24
1196:./Libraries/src/stm32f4xx_rtc.c ****               ((uint32_t)RTC_AlarmStruct->RTC_AlarmMask)); 
 1625              		.loc 1 1196 41 view .LVU551
 1626 0092 B368     		ldr	r3, [r6, #8]
1195:./Libraries/src/stm32f4xx_rtc.c ****               ((uint32_t)RTC_AlarmStruct->RTC_AlarmDateWeekDaySel) | \
 1627              		.loc 1 1195 87 view .LVU552
 1628 0094 1843     		orrs	r0, r0, r3
1197:./Libraries/src/stm32f4xx_rtc.c ****   } 
 1629              		.loc 1 1197 41 view .LVU553
 1630 0096 7368     		ldr	r3, [r6, #4]
1191:./Libraries/src/stm32f4xx_rtc.c ****               ((uint32_t)RTC_ByteToBcd2(RTC_AlarmStruct->RTC_AlarmTime.RTC_Minutes) << 8) | \
 1631              		.loc 1 1191 12 view .LVU554
 1632 0098 1843     		orrs	r0, r0, r3
 1633 009a CFE7     		b	.L105
 1634              	.LVL116:
 1635              	.L109:
1207:./Libraries/src/stm32f4xx_rtc.c ****   }
 1636              		.loc 1 1207 5 is_stmt 1 view .LVU555
1207:./Libraries/src/stm32f4xx_rtc.c ****   }
 1637              		.loc 1 1207 17 is_stmt 0 view .LVU556
 1638 009c D861     		str	r0, [r3, #28]
 1639 009e D7E7     		b	.L107
 1640              	.L111:
 1641              		.align	2
 1642              	.L110:
 1643 00a0 00280040 		.word	1073752064
 1644              		.cfi_endproc
 1645              	.LFE139:
 1647              		.section	.text.RTC_AlarmStructInit,"ax",%progbits
 1648              		.align	1
 1649              		.global	RTC_AlarmStructInit
 1650              		.syntax unified
 1651              		.thumb
 1652              		.thumb_func
 1654              	RTC_AlarmStructInit:
 1655              	.LVL117:
 1656              	.LFB140:
1227:./Libraries/src/stm32f4xx_rtc.c ****   /* Alarm Time Settings : Time = 00h:00mn:00sec */
ARM GAS  /tmp/ccgzaD3d.s 			page 87


 1657              		.loc 1 1227 1 is_stmt 1 view -0
 1658              		.cfi_startproc
 1659              		@ args = 0, pretend = 0, frame = 0
 1660              		@ frame_needed = 0, uses_anonymous_args = 0
 1661              		@ link register save eliminated.
1229:./Libraries/src/stm32f4xx_rtc.c ****   RTC_AlarmStruct->RTC_AlarmTime.RTC_Hours = 0;
 1662              		.loc 1 1229 3 view .LVU558
1229:./Libraries/src/stm32f4xx_rtc.c ****   RTC_AlarmStruct->RTC_AlarmTime.RTC_Hours = 0;
 1663              		.loc 1 1229 42 is_stmt 0 view .LVU559
 1664 0000 0023     		movs	r3, #0
 1665 0002 C370     		strb	r3, [r0, #3]
1230:./Libraries/src/stm32f4xx_rtc.c ****   RTC_AlarmStruct->RTC_AlarmTime.RTC_Minutes = 0;
 1666              		.loc 1 1230 3 is_stmt 1 view .LVU560
1230:./Libraries/src/stm32f4xx_rtc.c ****   RTC_AlarmStruct->RTC_AlarmTime.RTC_Minutes = 0;
 1667              		.loc 1 1230 44 is_stmt 0 view .LVU561
 1668 0004 0370     		strb	r3, [r0]
1231:./Libraries/src/stm32f4xx_rtc.c ****   RTC_AlarmStruct->RTC_AlarmTime.RTC_Seconds = 0;
 1669              		.loc 1 1231 3 is_stmt 1 view .LVU562
1231:./Libraries/src/stm32f4xx_rtc.c ****   RTC_AlarmStruct->RTC_AlarmTime.RTC_Seconds = 0;
 1670              		.loc 1 1231 46 is_stmt 0 view .LVU563
 1671 0006 4370     		strb	r3, [r0, #1]
1232:./Libraries/src/stm32f4xx_rtc.c **** 
 1672              		.loc 1 1232 3 is_stmt 1 view .LVU564
1232:./Libraries/src/stm32f4xx_rtc.c **** 
 1673              		.loc 1 1232 46 is_stmt 0 view .LVU565
 1674 0008 8370     		strb	r3, [r0, #2]
1235:./Libraries/src/stm32f4xx_rtc.c ****   RTC_AlarmStruct->RTC_AlarmDateWeekDay = 1;
 1675              		.loc 1 1235 3 is_stmt 1 view .LVU566
1235:./Libraries/src/stm32f4xx_rtc.c ****   RTC_AlarmStruct->RTC_AlarmDateWeekDay = 1;
 1676              		.loc 1 1235 44 is_stmt 0 view .LVU567
 1677 000a 8360     		str	r3, [r0, #8]
1236:./Libraries/src/stm32f4xx_rtc.c **** 
 1678              		.loc 1 1236 3 is_stmt 1 view .LVU568
1236:./Libraries/src/stm32f4xx_rtc.c **** 
 1679              		.loc 1 1236 41 is_stmt 0 view .LVU569
 1680 000c 0122     		movs	r2, #1
 1681 000e 0273     		strb	r2, [r0, #12]
1239:./Libraries/src/stm32f4xx_rtc.c **** }
 1682              		.loc 1 1239 3 is_stmt 1 view .LVU570
1239:./Libraries/src/stm32f4xx_rtc.c **** }
 1683              		.loc 1 1239 34 is_stmt 0 view .LVU571
 1684 0010 4360     		str	r3, [r0, #4]
1240:./Libraries/src/stm32f4xx_rtc.c **** 
 1685              		.loc 1 1240 1 view .LVU572
 1686 0012 7047     		bx	lr
 1687              		.cfi_endproc
 1688              	.LFE140:
 1690              		.section	.text.RTC_GetAlarm,"ax",%progbits
 1691              		.align	1
 1692              		.global	RTC_GetAlarm
 1693              		.syntax unified
 1694              		.thumb
 1695              		.thumb_func
 1697              	RTC_GetAlarm:
 1698              	.LVL118:
 1699              	.LFB141:
1257:./Libraries/src/stm32f4xx_rtc.c ****   uint32_t tmpreg = 0;
ARM GAS  /tmp/ccgzaD3d.s 			page 88


 1700              		.loc 1 1257 1 is_stmt 1 view -0
 1701              		.cfi_startproc
 1702              		@ args = 0, pretend = 0, frame = 0
 1703              		@ frame_needed = 0, uses_anonymous_args = 0
1257:./Libraries/src/stm32f4xx_rtc.c ****   uint32_t tmpreg = 0;
 1704              		.loc 1 1257 1 is_stmt 0 view .LVU574
 1705 0000 2DE9F041 		push	{r4, r5, r6, r7, r8, lr}
 1706              	.LCFI17:
 1707              		.cfi_def_cfa_offset 24
 1708              		.cfi_offset 4, -24
 1709              		.cfi_offset 5, -20
 1710              		.cfi_offset 6, -16
 1711              		.cfi_offset 7, -12
 1712              		.cfi_offset 8, -8
 1713              		.cfi_offset 14, -4
 1714 0004 0546     		mov	r5, r0
 1715 0006 1446     		mov	r4, r2
1258:./Libraries/src/stm32f4xx_rtc.c **** 
 1716              		.loc 1 1258 3 is_stmt 1 view .LVU575
 1717              	.LVL119:
1261:./Libraries/src/stm32f4xx_rtc.c ****   assert_param(IS_RTC_ALARM(RTC_Alarm)); 
 1718              		.loc 1 1261 3 view .LVU576
1262:./Libraries/src/stm32f4xx_rtc.c **** 
 1719              		.loc 1 1262 3 view .LVU577
1265:./Libraries/src/stm32f4xx_rtc.c ****   {
 1720              		.loc 1 1265 3 view .LVU578
1265:./Libraries/src/stm32f4xx_rtc.c ****   {
 1721              		.loc 1 1265 6 is_stmt 0 view .LVU579
 1722 0008 B1F5807F 		cmp	r1, #256
 1723 000c 2BD0     		beq	.L118
1271:./Libraries/src/stm32f4xx_rtc.c ****   }
 1724              		.loc 1 1271 5 is_stmt 1 view .LVU580
1271:./Libraries/src/stm32f4xx_rtc.c ****   }
 1725              		.loc 1 1271 12 is_stmt 0 view .LVU581
 1726 000e 174B     		ldr	r3, .L119
 1727 0010 1B6A     		ldr	r3, [r3, #32]
 1728              	.LVL120:
 1729              	.L115:
1275:./Libraries/src/stm32f4xx_rtc.c ****                                                      RTC_ALRMAR_HU)) >> 16);
 1730              		.loc 1 1275 3 is_stmt 1 view .LVU582
1275:./Libraries/src/stm32f4xx_rtc.c ****                                                      RTC_ALRMAR_HU)) >> 16);
 1731              		.loc 1 1275 46 is_stmt 0 view .LVU583
 1732 0012 C3F30742 		ubfx	r2, r3, #16, #8
 1733              	.LVL121:
1275:./Libraries/src/stm32f4xx_rtc.c ****                                                      RTC_ALRMAR_HU)) >> 16);
 1734              		.loc 1 1275 46 view .LVU584
 1735 0016 C3F30540 		ubfx	r0, r3, #16, #6
 1736              	.LVL122:
1275:./Libraries/src/stm32f4xx_rtc.c ****                                                      RTC_ALRMAR_HU)) >> 16);
 1737              		.loc 1 1275 44 view .LVU585
 1738 001a 2070     		strb	r0, [r4]
1277:./Libraries/src/stm32f4xx_rtc.c ****                                                      RTC_ALRMAR_MNU)) >> 8);
 1739              		.loc 1 1277 3 is_stmt 1 view .LVU586
1277:./Libraries/src/stm32f4xx_rtc.c ****                                                      RTC_ALRMAR_MNU)) >> 8);
 1740              		.loc 1 1277 48 is_stmt 0 view .LVU587
 1741 001c C3F30627 		ubfx	r7, r3, #8, #7
1277:./Libraries/src/stm32f4xx_rtc.c ****                                                      RTC_ALRMAR_MNU)) >> 8);
ARM GAS  /tmp/ccgzaD3d.s 			page 89


 1742              		.loc 1 1277 46 view .LVU588
 1743 0020 6770     		strb	r7, [r4, #1]
1279:./Libraries/src/stm32f4xx_rtc.c ****                                                      RTC_ALRMAR_SU));
 1744              		.loc 1 1279 3 is_stmt 1 view .LVU589
1279:./Libraries/src/stm32f4xx_rtc.c ****                                                      RTC_ALRMAR_SU));
 1745              		.loc 1 1279 48 is_stmt 0 view .LVU590
 1746 0022 03F07F06 		and	r6, r3, #127
1279:./Libraries/src/stm32f4xx_rtc.c ****                                                      RTC_ALRMAR_SU));
 1747              		.loc 1 1279 46 view .LVU591
 1748 0026 A670     		strb	r6, [r4, #2]
1281:./Libraries/src/stm32f4xx_rtc.c ****   RTC_AlarmStruct->RTC_AlarmDateWeekDay = (uint32_t)((tmpreg & (RTC_ALRMAR_DT | RTC_ALRMAR_DU)) >> 
 1749              		.loc 1 1281 3 is_stmt 1 view .LVU592
1281:./Libraries/src/stm32f4xx_rtc.c ****   RTC_AlarmStruct->RTC_AlarmDateWeekDay = (uint32_t)((tmpreg & (RTC_ALRMAR_DT | RTC_ALRMAR_DU)) >> 
 1750              		.loc 1 1281 44 is_stmt 0 view .LVU593
 1751 0028 02F04002 		and	r2, r2, #64
1281:./Libraries/src/stm32f4xx_rtc.c ****   RTC_AlarmStruct->RTC_AlarmDateWeekDay = (uint32_t)((tmpreg & (RTC_ALRMAR_DT | RTC_ALRMAR_DU)) >> 
 1752              		.loc 1 1281 42 view .LVU594
 1753 002c E270     		strb	r2, [r4, #3]
1282:./Libraries/src/stm32f4xx_rtc.c ****   RTC_AlarmStruct->RTC_AlarmDateWeekDaySel = (uint32_t)(tmpreg & RTC_ALRMAR_WDSEL);
 1754              		.loc 1 1282 3 is_stmt 1 view .LVU595
1282:./Libraries/src/stm32f4xx_rtc.c ****   RTC_AlarmStruct->RTC_AlarmDateWeekDaySel = (uint32_t)(tmpreg & RTC_ALRMAR_WDSEL);
 1755              		.loc 1 1282 43 is_stmt 0 view .LVU596
 1756 002e C3F30568 		ubfx	r8, r3, #24, #6
1282:./Libraries/src/stm32f4xx_rtc.c ****   RTC_AlarmStruct->RTC_AlarmDateWeekDaySel = (uint32_t)(tmpreg & RTC_ALRMAR_WDSEL);
 1757              		.loc 1 1282 41 view .LVU597
 1758 0032 84F80C80 		strb	r8, [r4, #12]
1283:./Libraries/src/stm32f4xx_rtc.c ****   RTC_AlarmStruct->RTC_AlarmMask = (uint32_t)(tmpreg & RTC_AlarmMask_All);
 1759              		.loc 1 1283 3 is_stmt 1 view .LVU598
1283:./Libraries/src/stm32f4xx_rtc.c ****   RTC_AlarmStruct->RTC_AlarmMask = (uint32_t)(tmpreg & RTC_AlarmMask_All);
 1760              		.loc 1 1283 46 is_stmt 0 view .LVU599
 1761 0036 03F08042 		and	r2, r3, #1073741824
1283:./Libraries/src/stm32f4xx_rtc.c ****   RTC_AlarmStruct->RTC_AlarmMask = (uint32_t)(tmpreg & RTC_AlarmMask_All);
 1762              		.loc 1 1283 44 view .LVU600
 1763 003a A260     		str	r2, [r4, #8]
1284:./Libraries/src/stm32f4xx_rtc.c **** 
 1764              		.loc 1 1284 3 is_stmt 1 view .LVU601
1284:./Libraries/src/stm32f4xx_rtc.c **** 
 1765              		.loc 1 1284 36 is_stmt 0 view .LVU602
 1766 003c 03F08033 		and	r3, r3, #-2139062144
 1767              	.LVL123:
1284:./Libraries/src/stm32f4xx_rtc.c **** 
 1768              		.loc 1 1284 34 view .LVU603
 1769 0040 6360     		str	r3, [r4, #4]
1286:./Libraries/src/stm32f4xx_rtc.c ****   {
 1770              		.loc 1 1286 3 is_stmt 1 view .LVU604
1286:./Libraries/src/stm32f4xx_rtc.c ****   {
 1771              		.loc 1 1286 6 is_stmt 0 view .LVU605
 1772 0042 75B9     		cbnz	r5, .L113
1288:./Libraries/src/stm32f4xx_rtc.c ****                                                         RTC_AlarmTime.RTC_Hours);
 1773              		.loc 1 1288 5 is_stmt 1 view .LVU606
1288:./Libraries/src/stm32f4xx_rtc.c ****                                                         RTC_AlarmTime.RTC_Hours);
 1774              		.loc 1 1288 48 is_stmt 0 view .LVU607
 1775 0044 FFF7FEFF 		bl	RTC_Bcd2ToByte
 1776              	.LVL124:
1288:./Libraries/src/stm32f4xx_rtc.c ****                                                         RTC_AlarmTime.RTC_Hours);
 1777              		.loc 1 1288 46 discriminator 1 view .LVU608
 1778 0048 2070     		strb	r0, [r4]
ARM GAS  /tmp/ccgzaD3d.s 			page 90


1290:./Libraries/src/stm32f4xx_rtc.c ****                                                         RTC_AlarmTime.RTC_Minutes);
 1779              		.loc 1 1290 5 is_stmt 1 view .LVU609
1290:./Libraries/src/stm32f4xx_rtc.c ****                                                         RTC_AlarmTime.RTC_Minutes);
 1780              		.loc 1 1290 50 is_stmt 0 view .LVU610
 1781 004a 3846     		mov	r0, r7
 1782 004c FFF7FEFF 		bl	RTC_Bcd2ToByte
 1783              	.LVL125:
1290:./Libraries/src/stm32f4xx_rtc.c ****                                                         RTC_AlarmTime.RTC_Minutes);
 1784              		.loc 1 1290 48 discriminator 1 view .LVU611
 1785 0050 6070     		strb	r0, [r4, #1]
1292:./Libraries/src/stm32f4xx_rtc.c ****                                                         RTC_AlarmTime.RTC_Seconds);
 1786              		.loc 1 1292 5 is_stmt 1 view .LVU612
1292:./Libraries/src/stm32f4xx_rtc.c ****                                                         RTC_AlarmTime.RTC_Seconds);
 1787              		.loc 1 1292 50 is_stmt 0 view .LVU613
 1788 0052 3046     		mov	r0, r6
 1789 0054 FFF7FEFF 		bl	RTC_Bcd2ToByte
 1790              	.LVL126:
1292:./Libraries/src/stm32f4xx_rtc.c ****                                                         RTC_AlarmTime.RTC_Seconds);
 1791              		.loc 1 1292 48 discriminator 1 view .LVU614
 1792 0058 A070     		strb	r0, [r4, #2]
1294:./Libraries/src/stm32f4xx_rtc.c ****   }  
 1793              		.loc 1 1294 5 is_stmt 1 view .LVU615
1294:./Libraries/src/stm32f4xx_rtc.c ****   }  
 1794              		.loc 1 1294 45 is_stmt 0 view .LVU616
 1795 005a 4046     		mov	r0, r8
 1796 005c FFF7FEFF 		bl	RTC_Bcd2ToByte
 1797              	.LVL127:
1294:./Libraries/src/stm32f4xx_rtc.c ****   }  
 1798              		.loc 1 1294 43 discriminator 1 view .LVU617
 1799 0060 2073     		strb	r0, [r4, #12]
 1800              	.L113:
1296:./Libraries/src/stm32f4xx_rtc.c **** 
 1801              		.loc 1 1296 1 view .LVU618
 1802 0062 BDE8F081 		pop	{r4, r5, r6, r7, r8, pc}
 1803              	.LVL128:
 1804              	.L118:
1267:./Libraries/src/stm32f4xx_rtc.c ****   }
 1805              		.loc 1 1267 5 is_stmt 1 view .LVU619
1267:./Libraries/src/stm32f4xx_rtc.c ****   }
 1806              		.loc 1 1267 12 is_stmt 0 view .LVU620
 1807 0066 014B     		ldr	r3, .L119
 1808 0068 DB69     		ldr	r3, [r3, #28]
 1809              	.LVL129:
1267:./Libraries/src/stm32f4xx_rtc.c ****   }
 1810              		.loc 1 1267 12 view .LVU621
 1811 006a D2E7     		b	.L115
 1812              	.L120:
 1813              		.align	2
 1814              	.L119:
 1815 006c 00280040 		.word	1073752064
 1816              		.cfi_endproc
 1817              	.LFE141:
 1819              		.section	.text.RTC_AlarmCmd,"ax",%progbits
 1820              		.align	1
 1821              		.global	RTC_AlarmCmd
 1822              		.syntax unified
 1823              		.thumb
ARM GAS  /tmp/ccgzaD3d.s 			page 91


 1824              		.thumb_func
 1826              	RTC_AlarmCmd:
 1827              	.LVL130:
 1828              	.LFB142:
1311:./Libraries/src/stm32f4xx_rtc.c ****   __IO uint32_t alarmcounter = 0x00;
 1829              		.loc 1 1311 1 is_stmt 1 view -0
 1830              		.cfi_startproc
 1831              		@ args = 0, pretend = 0, frame = 8
 1832              		@ frame_needed = 0, uses_anonymous_args = 0
 1833              		@ link register save eliminated.
1311:./Libraries/src/stm32f4xx_rtc.c ****   __IO uint32_t alarmcounter = 0x00;
 1834              		.loc 1 1311 1 is_stmt 0 view .LVU623
 1835 0000 82B0     		sub	sp, sp, #8
 1836              	.LCFI18:
 1837              		.cfi_def_cfa_offset 8
1312:./Libraries/src/stm32f4xx_rtc.c ****   uint32_t alarmstatus = 0x00;
 1838              		.loc 1 1312 3 is_stmt 1 view .LVU624
1312:./Libraries/src/stm32f4xx_rtc.c ****   uint32_t alarmstatus = 0x00;
 1839              		.loc 1 1312 17 is_stmt 0 view .LVU625
 1840 0002 0023     		movs	r3, #0
 1841 0004 0193     		str	r3, [sp, #4]
1313:./Libraries/src/stm32f4xx_rtc.c ****   ErrorStatus status = ERROR;
 1842              		.loc 1 1313 3 is_stmt 1 view .LVU626
 1843              	.LVL131:
1314:./Libraries/src/stm32f4xx_rtc.c ****     
 1844              		.loc 1 1314 3 view .LVU627
1317:./Libraries/src/stm32f4xx_rtc.c ****   assert_param(IS_FUNCTIONAL_STATE(NewState));
 1845              		.loc 1 1317 3 view .LVU628
1318:./Libraries/src/stm32f4xx_rtc.c **** 
 1846              		.loc 1 1318 3 view .LVU629
1321:./Libraries/src/stm32f4xx_rtc.c ****   RTC->WPR = 0x53;
 1847              		.loc 1 1321 3 view .LVU630
1321:./Libraries/src/stm32f4xx_rtc.c ****   RTC->WPR = 0x53;
 1848              		.loc 1 1321 12 is_stmt 0 view .LVU631
 1849 0006 164B     		ldr	r3, .L128
 1850 0008 CA22     		movs	r2, #202
 1851 000a 5A62     		str	r2, [r3, #36]
1322:./Libraries/src/stm32f4xx_rtc.c **** 
 1852              		.loc 1 1322 3 is_stmt 1 view .LVU632
1322:./Libraries/src/stm32f4xx_rtc.c **** 
 1853              		.loc 1 1322 12 is_stmt 0 view .LVU633
 1854 000c 5322     		movs	r2, #83
 1855 000e 5A62     		str	r2, [r3, #36]
1325:./Libraries/src/stm32f4xx_rtc.c ****   {
 1856              		.loc 1 1325 3 is_stmt 1 view .LVU634
1325:./Libraries/src/stm32f4xx_rtc.c ****   {
 1857              		.loc 1 1325 6 is_stmt 0 view .LVU635
 1858 0010 49B1     		cbz	r1, .L122
1327:./Libraries/src/stm32f4xx_rtc.c **** 
 1859              		.loc 1 1327 5 is_stmt 1 view .LVU636
1327:./Libraries/src/stm32f4xx_rtc.c **** 
 1860              		.loc 1 1327 8 is_stmt 0 view .LVU637
 1861 0012 1A46     		mov	r2, r3
 1862 0014 9B68     		ldr	r3, [r3, #8]
1327:./Libraries/src/stm32f4xx_rtc.c **** 
 1863              		.loc 1 1327 13 view .LVU638
 1864 0016 0343     		orrs	r3, r3, r0
ARM GAS  /tmp/ccgzaD3d.s 			page 92


 1865 0018 9360     		str	r3, [r2, #8]
1329:./Libraries/src/stm32f4xx_rtc.c ****   }
 1866              		.loc 1 1329 5 is_stmt 1 view .LVU639
 1867              	.LVL132:
1329:./Libraries/src/stm32f4xx_rtc.c ****   }
 1868              		.loc 1 1329 12 is_stmt 0 view .LVU640
 1869 001a 0120     		movs	r0, #1
 1870              	.LVL133:
 1871              	.L123:
1354:./Libraries/src/stm32f4xx_rtc.c ****   
 1872              		.loc 1 1354 3 is_stmt 1 view .LVU641
1354:./Libraries/src/stm32f4xx_rtc.c ****   
 1873              		.loc 1 1354 12 is_stmt 0 view .LVU642
 1874 001c 104B     		ldr	r3, .L128
 1875 001e FF22     		movs	r2, #255
 1876 0020 5A62     		str	r2, [r3, #36]
1356:./Libraries/src/stm32f4xx_rtc.c **** }
 1877              		.loc 1 1356 3 is_stmt 1 view .LVU643
1357:./Libraries/src/stm32f4xx_rtc.c **** 
 1878              		.loc 1 1357 1 is_stmt 0 view .LVU644
 1879 0022 02B0     		add	sp, sp, #8
 1880              	.LCFI19:
 1881              		.cfi_remember_state
 1882              		.cfi_def_cfa_offset 0
 1883              		@ sp needed
 1884 0024 7047     		bx	lr
 1885              	.LVL134:
 1886              	.L122:
 1887              	.LCFI20:
 1888              		.cfi_restore_state
1357:./Libraries/src/stm32f4xx_rtc.c **** 
 1889              		.loc 1 1357 1 view .LVU645
 1890 0026 8C46     		mov	ip, r1
1334:./Libraries/src/stm32f4xx_rtc.c ****    
 1891              		.loc 1 1334 5 is_stmt 1 view .LVU646
1334:./Libraries/src/stm32f4xx_rtc.c ****    
 1892              		.loc 1 1334 8 is_stmt 0 view .LVU647
 1893 0028 0D4A     		ldr	r2, .L128
 1894 002a 9368     		ldr	r3, [r2, #8]
1334:./Libraries/src/stm32f4xx_rtc.c ****    
 1895              		.loc 1 1334 13 view .LVU648
 1896 002c 23EA0003 		bic	r3, r3, r0
 1897 0030 9360     		str	r3, [r2, #8]
 1898              	.LVL135:
 1899              	.L125:
1337:./Libraries/src/stm32f4xx_rtc.c ****     {
 1900              		.loc 1 1337 5 is_stmt 1 view .LVU649
1339:./Libraries/src/stm32f4xx_rtc.c ****       alarmcounter++;  
 1901              		.loc 1 1339 7 view .LVU650
1339:./Libraries/src/stm32f4xx_rtc.c ****       alarmcounter++;  
 1902              		.loc 1 1339 24 is_stmt 0 view .LVU651
 1903 0032 0B4B     		ldr	r3, .L128
 1904 0034 DA68     		ldr	r2, [r3, #12]
1339:./Libraries/src/stm32f4xx_rtc.c ****       alarmcounter++;  
 1905              		.loc 1 1339 43 view .LVU652
 1906 0036 010A     		lsrs	r1, r0, #8
1339:./Libraries/src/stm32f4xx_rtc.c ****       alarmcounter++;  
ARM GAS  /tmp/ccgzaD3d.s 			page 93


 1907              		.loc 1 1339 19 view .LVU653
 1908 0038 02EA1022 		and	r2, r2, r0, lsr #8
 1909              	.LVL136:
1340:./Libraries/src/stm32f4xx_rtc.c ****     } while((alarmcounter != INITMODE_TIMEOUT) && (alarmstatus == 0x00));
 1910              		.loc 1 1340 7 is_stmt 1 view .LVU654
1340:./Libraries/src/stm32f4xx_rtc.c ****     } while((alarmcounter != INITMODE_TIMEOUT) && (alarmstatus == 0x00));
 1911              		.loc 1 1340 19 is_stmt 0 view .LVU655
 1912 003c 019B     		ldr	r3, [sp, #4]
 1913 003e 0133     		adds	r3, r3, #1
 1914 0040 0193     		str	r3, [sp, #4]
1341:./Libraries/src/stm32f4xx_rtc.c ****     
 1915              		.loc 1 1341 48 is_stmt 1 discriminator 2 view .LVU656
1341:./Libraries/src/stm32f4xx_rtc.c ****     
 1916              		.loc 1 1341 27 is_stmt 0 discriminator 2 view .LVU657
 1917 0042 019B     		ldr	r3, [sp, #4]
1341:./Libraries/src/stm32f4xx_rtc.c ****     
 1918              		.loc 1 1341 48 discriminator 2 view .LVU658
 1919 0044 B3F5803F 		cmp	r3, #65536
 1920 0048 01D0     		beq	.L124
1341:./Libraries/src/stm32f4xx_rtc.c ****     
 1921              		.loc 1 1341 48 discriminator 1 view .LVU659
 1922 004a 002A     		cmp	r2, #0
 1923 004c F1D0     		beq	.L125
 1924              	.L124:
1343:./Libraries/src/stm32f4xx_rtc.c ****     {
 1925              		.loc 1 1343 5 is_stmt 1 view .LVU660
1343:./Libraries/src/stm32f4xx_rtc.c ****     {
 1926              		.loc 1 1343 13 is_stmt 0 view .LVU661
 1927 004e 044B     		ldr	r3, .L128
 1928 0050 DB68     		ldr	r3, [r3, #12]
1343:./Libraries/src/stm32f4xx_rtc.c ****     {
 1929              		.loc 1 1343 8 view .LVU662
 1930 0052 1942     		tst	r1, r3
 1931 0054 01D1     		bne	.L126
1345:./Libraries/src/stm32f4xx_rtc.c ****     } 
 1932              		.loc 1 1345 14 view .LVU663
 1933 0056 6046     		mov	r0, ip
 1934              	.LVL137:
1345:./Libraries/src/stm32f4xx_rtc.c ****     } 
 1935              		.loc 1 1345 14 view .LVU664
 1936 0058 E0E7     		b	.L123
 1937              	.LVL138:
 1938              	.L126:
1349:./Libraries/src/stm32f4xx_rtc.c ****     }        
 1939              		.loc 1 1349 14 view .LVU665
 1940 005a 0120     		movs	r0, #1
 1941              	.LVL139:
1349:./Libraries/src/stm32f4xx_rtc.c ****     }        
 1942              		.loc 1 1349 14 view .LVU666
 1943 005c DEE7     		b	.L123
 1944              	.L129:
 1945 005e 00BF     		.align	2
 1946              	.L128:
 1947 0060 00280040 		.word	1073752064
 1948              		.cfi_endproc
 1949              	.LFE142:
 1951              		.section	.text.RTC_AlarmSubSecondConfig,"ax",%progbits
ARM GAS  /tmp/ccgzaD3d.s 			page 94


 1952              		.align	1
 1953              		.global	RTC_AlarmSubSecondConfig
 1954              		.syntax unified
 1955              		.thumb
 1956              		.thumb_func
 1958              	RTC_AlarmSubSecondConfig:
 1959              	.LVL140:
 1960              	.LFB143:
1405:./Libraries/src/stm32f4xx_rtc.c ****   uint32_t tmpreg = 0;
 1961              		.loc 1 1405 1 is_stmt 1 view -0
 1962              		.cfi_startproc
 1963              		@ args = 0, pretend = 0, frame = 0
 1964              		@ frame_needed = 0, uses_anonymous_args = 0
 1965              		@ link register save eliminated.
1405:./Libraries/src/stm32f4xx_rtc.c ****   uint32_t tmpreg = 0;
 1966              		.loc 1 1405 1 is_stmt 0 view .LVU668
 1967 0000 10B4     		push	{r4}
 1968              	.LCFI21:
 1969              		.cfi_def_cfa_offset 4
 1970              		.cfi_offset 4, -4
1406:./Libraries/src/stm32f4xx_rtc.c **** 
 1971              		.loc 1 1406 3 is_stmt 1 view .LVU669
 1972              	.LVL141:
1409:./Libraries/src/stm32f4xx_rtc.c ****   assert_param(IS_RTC_ALARM_SUB_SECOND_VALUE(RTC_AlarmSubSecondValue));
 1973              		.loc 1 1409 3 view .LVU670
1410:./Libraries/src/stm32f4xx_rtc.c ****   assert_param(IS_RTC_ALARM_SUB_SECOND_MASK(RTC_AlarmSubSecondMask));
 1974              		.loc 1 1410 3 view .LVU671
1411:./Libraries/src/stm32f4xx_rtc.c ****   
 1975              		.loc 1 1411 3 view .LVU672
1414:./Libraries/src/stm32f4xx_rtc.c ****   RTC->WPR = 0x53;
 1976              		.loc 1 1414 3 view .LVU673
1414:./Libraries/src/stm32f4xx_rtc.c ****   RTC->WPR = 0x53;
 1977              		.loc 1 1414 12 is_stmt 0 view .LVU674
 1978 0002 094B     		ldr	r3, .L135
 1979 0004 CA24     		movs	r4, #202
 1980 0006 5C62     		str	r4, [r3, #36]
1415:./Libraries/src/stm32f4xx_rtc.c ****   
 1981              		.loc 1 1415 3 is_stmt 1 view .LVU675
1415:./Libraries/src/stm32f4xx_rtc.c ****   
 1982              		.loc 1 1415 12 is_stmt 0 view .LVU676
 1983 0008 5324     		movs	r4, #83
 1984 000a 5C62     		str	r4, [r3, #36]
1418:./Libraries/src/stm32f4xx_rtc.c ****   
 1985              		.loc 1 1418 3 is_stmt 1 view .LVU677
1418:./Libraries/src/stm32f4xx_rtc.c ****   
 1986              		.loc 1 1418 10 is_stmt 0 view .LVU678
 1987 000c 1143     		orrs	r1, r1, r2
 1988              	.LVL142:
1420:./Libraries/src/stm32f4xx_rtc.c ****   {
 1989              		.loc 1 1420 3 is_stmt 1 view .LVU679
1420:./Libraries/src/stm32f4xx_rtc.c ****   {
 1990              		.loc 1 1420 6 is_stmt 0 view .LVU680
 1991 000e B0F5807F 		cmp	r0, #256
 1992 0012 07D0     		beq	.L134
1428:./Libraries/src/stm32f4xx_rtc.c ****   }
 1993              		.loc 1 1428 5 is_stmt 1 view .LVU681
1428:./Libraries/src/stm32f4xx_rtc.c ****   }
ARM GAS  /tmp/ccgzaD3d.s 			page 95


 1994              		.loc 1 1428 19 is_stmt 0 view .LVU682
 1995 0014 044B     		ldr	r3, .L135
 1996 0016 9964     		str	r1, [r3, #72]
 1997              	.L132:
1432:./Libraries/src/stm32f4xx_rtc.c **** 
 1998              		.loc 1 1432 3 is_stmt 1 view .LVU683
1432:./Libraries/src/stm32f4xx_rtc.c **** 
 1999              		.loc 1 1432 12 is_stmt 0 view .LVU684
 2000 0018 034B     		ldr	r3, .L135
 2001 001a FF22     		movs	r2, #255
 2002              	.LVL143:
1432:./Libraries/src/stm32f4xx_rtc.c **** 
 2003              		.loc 1 1432 12 view .LVU685
 2004 001c 5A62     		str	r2, [r3, #36]
1434:./Libraries/src/stm32f4xx_rtc.c **** 
 2005              		.loc 1 1434 1 view .LVU686
 2006 001e 5DF8044B 		ldr	r4, [sp], #4
 2007              	.LCFI22:
 2008              		.cfi_remember_state
 2009              		.cfi_restore 4
 2010              		.cfi_def_cfa_offset 0
 2011 0022 7047     		bx	lr
 2012              	.LVL144:
 2013              	.L134:
 2014              	.LCFI23:
 2015              		.cfi_restore_state
1423:./Libraries/src/stm32f4xx_rtc.c ****   }
 2016              		.loc 1 1423 5 is_stmt 1 view .LVU687
1423:./Libraries/src/stm32f4xx_rtc.c ****   }
 2017              		.loc 1 1423 19 is_stmt 0 view .LVU688
 2018 0024 5964     		str	r1, [r3, #68]
 2019 0026 F7E7     		b	.L132
 2020              	.L136:
 2021              		.align	2
 2022              	.L135:
 2023 0028 00280040 		.word	1073752064
 2024              		.cfi_endproc
 2025              	.LFE143:
 2027              		.section	.text.RTC_GetAlarmSubSecond,"ax",%progbits
 2028              		.align	1
 2029              		.global	RTC_GetAlarmSubSecond
 2030              		.syntax unified
 2031              		.thumb
 2032              		.thumb_func
 2034              	RTC_GetAlarmSubSecond:
 2035              	.LVL145:
 2036              	.LFB144:
1446:./Libraries/src/stm32f4xx_rtc.c ****   uint32_t tmpreg = 0;
 2037              		.loc 1 1446 1 is_stmt 1 view -0
 2038              		.cfi_startproc
 2039              		@ args = 0, pretend = 0, frame = 0
 2040              		@ frame_needed = 0, uses_anonymous_args = 0
 2041              		@ link register save eliminated.
1447:./Libraries/src/stm32f4xx_rtc.c ****   
 2042              		.loc 1 1447 3 view .LVU690
1450:./Libraries/src/stm32f4xx_rtc.c ****   {
 2043              		.loc 1 1450 3 view .LVU691
ARM GAS  /tmp/ccgzaD3d.s 			page 96


1450:./Libraries/src/stm32f4xx_rtc.c ****   {
 2044              		.loc 1 1450 6 is_stmt 0 view .LVU692
 2045 0000 B0F5807F 		cmp	r0, #256
 2046 0004 04D0     		beq	.L140
1456:./Libraries/src/stm32f4xx_rtc.c ****   } 
 2047              		.loc 1 1456 5 is_stmt 1 view .LVU693
1456:./Libraries/src/stm32f4xx_rtc.c ****   } 
 2048              		.loc 1 1456 29 is_stmt 0 view .LVU694
 2049 0006 054B     		ldr	r3, .L141
 2050 0008 986C     		ldr	r0, [r3, #72]
 2051              	.LVL146:
1456:./Libraries/src/stm32f4xx_rtc.c ****   } 
 2052              		.loc 1 1456 12 view .LVU695
 2053 000a C0F30E00 		ubfx	r0, r0, #0, #15
 2054              	.LVL147:
1459:./Libraries/src/stm32f4xx_rtc.c **** }
 2055              		.loc 1 1459 3 is_stmt 1 view .LVU696
1460:./Libraries/src/stm32f4xx_rtc.c **** 
 2056              		.loc 1 1460 1 is_stmt 0 view .LVU697
 2057 000e 7047     		bx	lr
 2058              	.LVL148:
 2059              	.L140:
1452:./Libraries/src/stm32f4xx_rtc.c ****   }
 2060              		.loc 1 1452 5 is_stmt 1 view .LVU698
1452:./Libraries/src/stm32f4xx_rtc.c ****   }
 2061              		.loc 1 1452 29 is_stmt 0 view .LVU699
 2062 0010 024B     		ldr	r3, .L141
 2063 0012 586C     		ldr	r0, [r3, #68]
 2064              	.LVL149:
1452:./Libraries/src/stm32f4xx_rtc.c ****   }
 2065              		.loc 1 1452 12 view .LVU700
 2066 0014 C0F30E00 		ubfx	r0, r0, #0, #15
 2067              	.LVL150:
1452:./Libraries/src/stm32f4xx_rtc.c ****   }
 2068              		.loc 1 1452 12 view .LVU701
 2069 0018 7047     		bx	lr
 2070              	.L142:
 2071 001a 00BF     		.align	2
 2072              	.L141:
 2073 001c 00280040 		.word	1073752064
 2074              		.cfi_endproc
 2075              	.LFE144:
 2077              		.section	.text.RTC_WakeUpClockConfig,"ax",%progbits
 2078              		.align	1
 2079              		.global	RTC_WakeUpClockConfig
 2080              		.syntax unified
 2081              		.thumb
 2082              		.thumb_func
 2084              	RTC_WakeUpClockConfig:
 2085              	.LVL151:
 2086              	.LFB145:
1495:./Libraries/src/stm32f4xx_rtc.c ****   /* Check the parameters */
 2087              		.loc 1 1495 1 is_stmt 1 view -0
 2088              		.cfi_startproc
 2089              		@ args = 0, pretend = 0, frame = 0
 2090              		@ frame_needed = 0, uses_anonymous_args = 0
 2091              		@ link register save eliminated.
ARM GAS  /tmp/ccgzaD3d.s 			page 97


1497:./Libraries/src/stm32f4xx_rtc.c **** 
 2092              		.loc 1 1497 3 view .LVU703
1500:./Libraries/src/stm32f4xx_rtc.c ****   RTC->WPR = 0x53;
 2093              		.loc 1 1500 3 view .LVU704
1500:./Libraries/src/stm32f4xx_rtc.c ****   RTC->WPR = 0x53;
 2094              		.loc 1 1500 12 is_stmt 0 view .LVU705
 2095 0000 074B     		ldr	r3, .L144
 2096 0002 CA22     		movs	r2, #202
 2097 0004 5A62     		str	r2, [r3, #36]
1501:./Libraries/src/stm32f4xx_rtc.c **** 
 2098              		.loc 1 1501 3 is_stmt 1 view .LVU706
1501:./Libraries/src/stm32f4xx_rtc.c **** 
 2099              		.loc 1 1501 12 is_stmt 0 view .LVU707
 2100 0006 5322     		movs	r2, #83
 2101 0008 5A62     		str	r2, [r3, #36]
1504:./Libraries/src/stm32f4xx_rtc.c **** 
 2102              		.loc 1 1504 3 is_stmt 1 view .LVU708
1504:./Libraries/src/stm32f4xx_rtc.c **** 
 2103              		.loc 1 1504 6 is_stmt 0 view .LVU709
 2104 000a 9A68     		ldr	r2, [r3, #8]
1504:./Libraries/src/stm32f4xx_rtc.c **** 
 2105              		.loc 1 1504 11 view .LVU710
 2106 000c 22F00702 		bic	r2, r2, #7
 2107 0010 9A60     		str	r2, [r3, #8]
1507:./Libraries/src/stm32f4xx_rtc.c ****   
 2108              		.loc 1 1507 3 is_stmt 1 view .LVU711
1507:./Libraries/src/stm32f4xx_rtc.c ****   
 2109              		.loc 1 1507 6 is_stmt 0 view .LVU712
 2110 0012 9A68     		ldr	r2, [r3, #8]
1507:./Libraries/src/stm32f4xx_rtc.c ****   
 2111              		.loc 1 1507 11 view .LVU713
 2112 0014 0243     		orrs	r2, r2, r0
 2113 0016 9A60     		str	r2, [r3, #8]
1510:./Libraries/src/stm32f4xx_rtc.c **** }
 2114              		.loc 1 1510 3 is_stmt 1 view .LVU714
1510:./Libraries/src/stm32f4xx_rtc.c **** }
 2115              		.loc 1 1510 12 is_stmt 0 view .LVU715
 2116 0018 FF22     		movs	r2, #255
 2117 001a 5A62     		str	r2, [r3, #36]
1511:./Libraries/src/stm32f4xx_rtc.c **** 
 2118              		.loc 1 1511 1 view .LVU716
 2119 001c 7047     		bx	lr
 2120              	.L145:
 2121 001e 00BF     		.align	2
 2122              	.L144:
 2123 0020 00280040 		.word	1073752064
 2124              		.cfi_endproc
 2125              	.LFE145:
 2127              		.section	.text.RTC_SetWakeUpCounter,"ax",%progbits
 2128              		.align	1
 2129              		.global	RTC_SetWakeUpCounter
 2130              		.syntax unified
 2131              		.thumb
 2132              		.thumb_func
 2134              	RTC_SetWakeUpCounter:
 2135              	.LVL152:
 2136              	.LFB146:
ARM GAS  /tmp/ccgzaD3d.s 			page 98


1522:./Libraries/src/stm32f4xx_rtc.c ****   /* Check the parameters */
 2137              		.loc 1 1522 1 is_stmt 1 view -0
 2138              		.cfi_startproc
 2139              		@ args = 0, pretend = 0, frame = 0
 2140              		@ frame_needed = 0, uses_anonymous_args = 0
 2141              		@ link register save eliminated.
1524:./Libraries/src/stm32f4xx_rtc.c ****   
 2142              		.loc 1 1524 3 view .LVU718
1527:./Libraries/src/stm32f4xx_rtc.c ****   RTC->WPR = 0x53;
 2143              		.loc 1 1527 3 view .LVU719
1527:./Libraries/src/stm32f4xx_rtc.c ****   RTC->WPR = 0x53;
 2144              		.loc 1 1527 12 is_stmt 0 view .LVU720
 2145 0000 044B     		ldr	r3, .L147
 2146 0002 CA22     		movs	r2, #202
 2147 0004 5A62     		str	r2, [r3, #36]
1528:./Libraries/src/stm32f4xx_rtc.c ****   
 2148              		.loc 1 1528 3 is_stmt 1 view .LVU721
1528:./Libraries/src/stm32f4xx_rtc.c ****   
 2149              		.loc 1 1528 12 is_stmt 0 view .LVU722
 2150 0006 5322     		movs	r2, #83
 2151 0008 5A62     		str	r2, [r3, #36]
1531:./Libraries/src/stm32f4xx_rtc.c ****   
 2152              		.loc 1 1531 3 is_stmt 1 view .LVU723
1531:./Libraries/src/stm32f4xx_rtc.c ****   
 2153              		.loc 1 1531 13 is_stmt 0 view .LVU724
 2154 000a 5861     		str	r0, [r3, #20]
1534:./Libraries/src/stm32f4xx_rtc.c **** }
 2155              		.loc 1 1534 3 is_stmt 1 view .LVU725
1534:./Libraries/src/stm32f4xx_rtc.c **** }
 2156              		.loc 1 1534 12 is_stmt 0 view .LVU726
 2157 000c FF22     		movs	r2, #255
 2158 000e 5A62     		str	r2, [r3, #36]
1535:./Libraries/src/stm32f4xx_rtc.c **** 
 2159              		.loc 1 1535 1 view .LVU727
 2160 0010 7047     		bx	lr
 2161              	.L148:
 2162 0012 00BF     		.align	2
 2163              	.L147:
 2164 0014 00280040 		.word	1073752064
 2165              		.cfi_endproc
 2166              	.LFE146:
 2168              		.section	.text.RTC_GetWakeUpCounter,"ax",%progbits
 2169              		.align	1
 2170              		.global	RTC_GetWakeUpCounter
 2171              		.syntax unified
 2172              		.thumb
 2173              		.thumb_func
 2175              	RTC_GetWakeUpCounter:
 2176              	.LFB147:
1543:./Libraries/src/stm32f4xx_rtc.c ****   /* Get the counter value */
 2177              		.loc 1 1543 1 is_stmt 1 view -0
 2178              		.cfi_startproc
 2179              		@ args = 0, pretend = 0, frame = 0
 2180              		@ frame_needed = 0, uses_anonymous_args = 0
 2181              		@ link register save eliminated.
1545:./Libraries/src/stm32f4xx_rtc.c **** }
 2182              		.loc 1 1545 3 view .LVU729
ARM GAS  /tmp/ccgzaD3d.s 			page 99


1545:./Libraries/src/stm32f4xx_rtc.c **** }
 2183              		.loc 1 1545 25 is_stmt 0 view .LVU730
 2184 0000 014B     		ldr	r3, .L150
 2185 0002 5869     		ldr	r0, [r3, #20]
1546:./Libraries/src/stm32f4xx_rtc.c **** 
 2186              		.loc 1 1546 1 view .LVU731
 2187 0004 80B2     		uxth	r0, r0
 2188 0006 7047     		bx	lr
 2189              	.L151:
 2190              		.align	2
 2191              	.L150:
 2192 0008 00280040 		.word	1073752064
 2193              		.cfi_endproc
 2194              	.LFE147:
 2196              		.section	.text.RTC_WakeUpCmd,"ax",%progbits
 2197              		.align	1
 2198              		.global	RTC_WakeUpCmd
 2199              		.syntax unified
 2200              		.thumb
 2201              		.thumb_func
 2203              	RTC_WakeUpCmd:
 2204              	.LVL153:
 2205              	.LFB148:
1555:./Libraries/src/stm32f4xx_rtc.c ****   __IO uint32_t wutcounter = 0x00;
 2206              		.loc 1 1555 1 is_stmt 1 view -0
 2207              		.cfi_startproc
 2208              		@ args = 0, pretend = 0, frame = 8
 2209              		@ frame_needed = 0, uses_anonymous_args = 0
 2210              		@ link register save eliminated.
1555:./Libraries/src/stm32f4xx_rtc.c ****   __IO uint32_t wutcounter = 0x00;
 2211              		.loc 1 1555 1 is_stmt 0 view .LVU733
 2212 0000 82B0     		sub	sp, sp, #8
 2213              	.LCFI24:
 2214              		.cfi_def_cfa_offset 8
1556:./Libraries/src/stm32f4xx_rtc.c ****   uint32_t wutwfstatus = 0x00;
 2215              		.loc 1 1556 3 is_stmt 1 view .LVU734
1556:./Libraries/src/stm32f4xx_rtc.c ****   uint32_t wutwfstatus = 0x00;
 2216              		.loc 1 1556 17 is_stmt 0 view .LVU735
 2217 0002 0023     		movs	r3, #0
 2218 0004 0193     		str	r3, [sp, #4]
1557:./Libraries/src/stm32f4xx_rtc.c ****   ErrorStatus status = ERROR;
 2219              		.loc 1 1557 3 is_stmt 1 view .LVU736
 2220              	.LVL154:
1558:./Libraries/src/stm32f4xx_rtc.c ****   
 2221              		.loc 1 1558 3 view .LVU737
1561:./Libraries/src/stm32f4xx_rtc.c **** 
 2222              		.loc 1 1561 3 view .LVU738
1564:./Libraries/src/stm32f4xx_rtc.c ****   RTC->WPR = 0x53;
 2223              		.loc 1 1564 3 view .LVU739
1564:./Libraries/src/stm32f4xx_rtc.c ****   RTC->WPR = 0x53;
 2224              		.loc 1 1564 12 is_stmt 0 view .LVU740
 2225 0006 164B     		ldr	r3, .L159
 2226 0008 CA22     		movs	r2, #202
 2227 000a 5A62     		str	r2, [r3, #36]
1565:./Libraries/src/stm32f4xx_rtc.c **** 
 2228              		.loc 1 1565 3 is_stmt 1 view .LVU741
1565:./Libraries/src/stm32f4xx_rtc.c **** 
ARM GAS  /tmp/ccgzaD3d.s 			page 100


 2229              		.loc 1 1565 12 is_stmt 0 view .LVU742
 2230 000c 5322     		movs	r2, #83
 2231 000e 5A62     		str	r2, [r3, #36]
1567:./Libraries/src/stm32f4xx_rtc.c ****   {
 2232              		.loc 1 1567 3 is_stmt 1 view .LVU743
1567:./Libraries/src/stm32f4xx_rtc.c ****   {
 2233              		.loc 1 1567 6 is_stmt 0 view .LVU744
 2234 0010 50B1     		cbz	r0, .L153
1570:./Libraries/src/stm32f4xx_rtc.c ****     status = SUCCESS;    
 2235              		.loc 1 1570 5 is_stmt 1 view .LVU745
1570:./Libraries/src/stm32f4xx_rtc.c ****     status = SUCCESS;    
 2236              		.loc 1 1570 8 is_stmt 0 view .LVU746
 2237 0012 1A46     		mov	r2, r3
 2238 0014 9B68     		ldr	r3, [r3, #8]
1570:./Libraries/src/stm32f4xx_rtc.c ****     status = SUCCESS;    
 2239              		.loc 1 1570 13 view .LVU747
 2240 0016 43F48063 		orr	r3, r3, #1024
 2241 001a 9360     		str	r3, [r2, #8]
1571:./Libraries/src/stm32f4xx_rtc.c ****   }
 2242              		.loc 1 1571 5 is_stmt 1 view .LVU748
 2243              	.LVL155:
1571:./Libraries/src/stm32f4xx_rtc.c ****   }
 2244              		.loc 1 1571 12 is_stmt 0 view .LVU749
 2245 001c 0120     		movs	r0, #1
 2246              	.LVL156:
 2247              	.L154:
1595:./Libraries/src/stm32f4xx_rtc.c ****   
 2248              		.loc 1 1595 3 is_stmt 1 view .LVU750
1595:./Libraries/src/stm32f4xx_rtc.c ****   
 2249              		.loc 1 1595 12 is_stmt 0 view .LVU751
 2250 001e 104B     		ldr	r3, .L159
 2251 0020 FF22     		movs	r2, #255
 2252 0022 5A62     		str	r2, [r3, #36]
1597:./Libraries/src/stm32f4xx_rtc.c **** }
 2253              		.loc 1 1597 3 is_stmt 1 view .LVU752
1598:./Libraries/src/stm32f4xx_rtc.c **** 
 2254              		.loc 1 1598 1 is_stmt 0 view .LVU753
 2255 0024 02B0     		add	sp, sp, #8
 2256              	.LCFI25:
 2257              		.cfi_remember_state
 2258              		.cfi_def_cfa_offset 0
 2259              		@ sp needed
 2260 0026 7047     		bx	lr
 2261              	.LVL157:
 2262              	.L153:
 2263              	.LCFI26:
 2264              		.cfi_restore_state
1598:./Libraries/src/stm32f4xx_rtc.c **** 
 2265              		.loc 1 1598 1 view .LVU754
 2266 0028 0146     		mov	r1, r0
1576:./Libraries/src/stm32f4xx_rtc.c ****     /* Wait till RTC WUTWF flag is set and if Time out is reached exit */
 2267              		.loc 1 1576 5 is_stmt 1 view .LVU755
1576:./Libraries/src/stm32f4xx_rtc.c ****     /* Wait till RTC WUTWF flag is set and if Time out is reached exit */
 2268              		.loc 1 1576 8 is_stmt 0 view .LVU756
 2269 002a 0D4A     		ldr	r2, .L159
 2270 002c 9368     		ldr	r3, [r2, #8]
1576:./Libraries/src/stm32f4xx_rtc.c ****     /* Wait till RTC WUTWF flag is set and if Time out is reached exit */
ARM GAS  /tmp/ccgzaD3d.s 			page 101


 2271              		.loc 1 1576 13 view .LVU757
 2272 002e 23F48063 		bic	r3, r3, #1024
 2273 0032 9360     		str	r3, [r2, #8]
 2274              	.LVL158:
 2275              	.L156:
1578:./Libraries/src/stm32f4xx_rtc.c ****     {
 2276              		.loc 1 1578 5 is_stmt 1 view .LVU758
1580:./Libraries/src/stm32f4xx_rtc.c ****       wutcounter++;  
 2277              		.loc 1 1580 7 view .LVU759
1580:./Libraries/src/stm32f4xx_rtc.c ****       wutcounter++;  
 2278              		.loc 1 1580 24 is_stmt 0 view .LVU760
 2279 0034 0A4B     		ldr	r3, .L159
 2280 0036 DA68     		ldr	r2, [r3, #12]
1580:./Libraries/src/stm32f4xx_rtc.c ****       wutcounter++;  
 2281              		.loc 1 1580 19 view .LVU761
 2282 0038 02F00402 		and	r2, r2, #4
 2283              	.LVL159:
1581:./Libraries/src/stm32f4xx_rtc.c ****     } while((wutcounter != INITMODE_TIMEOUT) && (wutwfstatus == 0x00));
 2284              		.loc 1 1581 7 is_stmt 1 view .LVU762
1581:./Libraries/src/stm32f4xx_rtc.c ****     } while((wutcounter != INITMODE_TIMEOUT) && (wutwfstatus == 0x00));
 2285              		.loc 1 1581 17 is_stmt 0 view .LVU763
 2286 003c 019B     		ldr	r3, [sp, #4]
 2287 003e 0133     		adds	r3, r3, #1
 2288 0040 0193     		str	r3, [sp, #4]
1582:./Libraries/src/stm32f4xx_rtc.c ****     
 2289              		.loc 1 1582 46 is_stmt 1 discriminator 2 view .LVU764
1582:./Libraries/src/stm32f4xx_rtc.c ****     
 2290              		.loc 1 1582 25 is_stmt 0 discriminator 2 view .LVU765
 2291 0042 019B     		ldr	r3, [sp, #4]
1582:./Libraries/src/stm32f4xx_rtc.c ****     
 2292              		.loc 1 1582 46 discriminator 2 view .LVU766
 2293 0044 B3F5803F 		cmp	r3, #65536
 2294 0048 01D0     		beq	.L155
1582:./Libraries/src/stm32f4xx_rtc.c ****     
 2295              		.loc 1 1582 46 discriminator 1 view .LVU767
 2296 004a 002A     		cmp	r2, #0
 2297 004c F2D0     		beq	.L156
 2298              	.L155:
1584:./Libraries/src/stm32f4xx_rtc.c ****     {
 2299              		.loc 1 1584 5 is_stmt 1 view .LVU768
1584:./Libraries/src/stm32f4xx_rtc.c ****     {
 2300              		.loc 1 1584 13 is_stmt 0 view .LVU769
 2301 004e 044B     		ldr	r3, .L159
 2302 0050 DB68     		ldr	r3, [r3, #12]
1584:./Libraries/src/stm32f4xx_rtc.c ****     {
 2303              		.loc 1 1584 8 view .LVU770
 2304 0052 13F0040F 		tst	r3, #4
 2305 0056 01D1     		bne	.L157
1586:./Libraries/src/stm32f4xx_rtc.c ****     }
 2306              		.loc 1 1586 14 view .LVU771
 2307 0058 0846     		mov	r0, r1
 2308              	.LVL160:
1586:./Libraries/src/stm32f4xx_rtc.c ****     }
 2309              		.loc 1 1586 14 view .LVU772
 2310 005a E0E7     		b	.L154
 2311              	.LVL161:
 2312              	.L157:
ARM GAS  /tmp/ccgzaD3d.s 			page 102


1590:./Libraries/src/stm32f4xx_rtc.c ****     }    
 2313              		.loc 1 1590 14 view .LVU773
 2314 005c 0120     		movs	r0, #1
 2315              	.LVL162:
1590:./Libraries/src/stm32f4xx_rtc.c ****     }    
 2316              		.loc 1 1590 14 view .LVU774
 2317 005e DEE7     		b	.L154
 2318              	.L160:
 2319              		.align	2
 2320              	.L159:
 2321 0060 00280040 		.word	1073752064
 2322              		.cfi_endproc
 2323              	.LFE148:
 2325              		.section	.text.RTC_DayLightSavingConfig,"ax",%progbits
 2326              		.align	1
 2327              		.global	RTC_DayLightSavingConfig
 2328              		.syntax unified
 2329              		.thumb
 2330              		.thumb_func
 2332              	RTC_DayLightSavingConfig:
 2333              	.LVL163:
 2334              	.LFB149:
1632:./Libraries/src/stm32f4xx_rtc.c ****   /* Check the parameters */
 2335              		.loc 1 1632 1 is_stmt 1 view -0
 2336              		.cfi_startproc
 2337              		@ args = 0, pretend = 0, frame = 0
 2338              		@ frame_needed = 0, uses_anonymous_args = 0
 2339              		@ link register save eliminated.
1634:./Libraries/src/stm32f4xx_rtc.c ****   assert_param(IS_RTC_STORE_OPERATION(RTC_StoreOperation));
 2340              		.loc 1 1634 3 view .LVU776
1635:./Libraries/src/stm32f4xx_rtc.c **** 
 2341              		.loc 1 1635 3 view .LVU777
1638:./Libraries/src/stm32f4xx_rtc.c ****   RTC->WPR = 0x53;
 2342              		.loc 1 1638 3 view .LVU778
1638:./Libraries/src/stm32f4xx_rtc.c ****   RTC->WPR = 0x53;
 2343              		.loc 1 1638 12 is_stmt 0 view .LVU779
 2344 0000 074B     		ldr	r3, .L162
 2345 0002 CA22     		movs	r2, #202
 2346 0004 5A62     		str	r2, [r3, #36]
1639:./Libraries/src/stm32f4xx_rtc.c **** 
 2347              		.loc 1 1639 3 is_stmt 1 view .LVU780
1639:./Libraries/src/stm32f4xx_rtc.c **** 
 2348              		.loc 1 1639 12 is_stmt 0 view .LVU781
 2349 0006 5322     		movs	r2, #83
 2350 0008 5A62     		str	r2, [r3, #36]
1642:./Libraries/src/stm32f4xx_rtc.c **** 
 2351              		.loc 1 1642 3 is_stmt 1 view .LVU782
1642:./Libraries/src/stm32f4xx_rtc.c **** 
 2352              		.loc 1 1642 6 is_stmt 0 view .LVU783
 2353 000a 9A68     		ldr	r2, [r3, #8]
1642:./Libraries/src/stm32f4xx_rtc.c **** 
 2354              		.loc 1 1642 11 view .LVU784
 2355 000c 22F48022 		bic	r2, r2, #262144
 2356 0010 9A60     		str	r2, [r3, #8]
1645:./Libraries/src/stm32f4xx_rtc.c **** 
 2357              		.loc 1 1645 3 is_stmt 1 view .LVU785
1645:./Libraries/src/stm32f4xx_rtc.c **** 
ARM GAS  /tmp/ccgzaD3d.s 			page 103


 2358              		.loc 1 1645 6 is_stmt 0 view .LVU786
 2359 0012 9A68     		ldr	r2, [r3, #8]
1645:./Libraries/src/stm32f4xx_rtc.c **** 
 2360              		.loc 1 1645 44 view .LVU787
 2361 0014 0843     		orrs	r0, r0, r1
 2362              	.LVL164:
1645:./Libraries/src/stm32f4xx_rtc.c **** 
 2363              		.loc 1 1645 11 view .LVU788
 2364 0016 0243     		orrs	r2, r2, r0
 2365 0018 9A60     		str	r2, [r3, #8]
1648:./Libraries/src/stm32f4xx_rtc.c **** }
 2366              		.loc 1 1648 3 is_stmt 1 view .LVU789
1648:./Libraries/src/stm32f4xx_rtc.c **** }
 2367              		.loc 1 1648 12 is_stmt 0 view .LVU790
 2368 001a FF22     		movs	r2, #255
 2369 001c 5A62     		str	r2, [r3, #36]
1649:./Libraries/src/stm32f4xx_rtc.c **** 
 2370              		.loc 1 1649 1 view .LVU791
 2371 001e 7047     		bx	lr
 2372              	.L163:
 2373              		.align	2
 2374              	.L162:
 2375 0020 00280040 		.word	1073752064
 2376              		.cfi_endproc
 2377              	.LFE149:
 2379              		.section	.text.RTC_GetStoreOperation,"ax",%progbits
 2380              		.align	1
 2381              		.global	RTC_GetStoreOperation
 2382              		.syntax unified
 2383              		.thumb
 2384              		.thumb_func
 2386              	RTC_GetStoreOperation:
 2387              	.LFB150:
1659:./Libraries/src/stm32f4xx_rtc.c ****   return (RTC->CR & RTC_CR_BCK);
 2388              		.loc 1 1659 1 is_stmt 1 view -0
 2389              		.cfi_startproc
 2390              		@ args = 0, pretend = 0, frame = 0
 2391              		@ frame_needed = 0, uses_anonymous_args = 0
 2392              		@ link register save eliminated.
1660:./Libraries/src/stm32f4xx_rtc.c **** }
 2393              		.loc 1 1660 3 view .LVU793
1660:./Libraries/src/stm32f4xx_rtc.c **** }
 2394              		.loc 1 1660 14 is_stmt 0 view .LVU794
 2395 0000 024B     		ldr	r3, .L165
 2396 0002 9868     		ldr	r0, [r3, #8]
1661:./Libraries/src/stm32f4xx_rtc.c **** 
 2397              		.loc 1 1661 1 view .LVU795
 2398 0004 00F48020 		and	r0, r0, #262144
 2399 0008 7047     		bx	lr
 2400              	.L166:
 2401 000a 00BF     		.align	2
 2402              	.L165:
 2403 000c 00280040 		.word	1073752064
 2404              		.cfi_endproc
 2405              	.LFE150:
 2407              		.section	.text.RTC_OutputConfig,"ax",%progbits
 2408              		.align	1
ARM GAS  /tmp/ccgzaD3d.s 			page 104


 2409              		.global	RTC_OutputConfig
 2410              		.syntax unified
 2411              		.thumb
 2412              		.thumb_func
 2414              	RTC_OutputConfig:
 2415              	.LVL165:
 2416              	.LFB151:
1698:./Libraries/src/stm32f4xx_rtc.c ****   /* Check the parameters */
 2417              		.loc 1 1698 1 is_stmt 1 view -0
 2418              		.cfi_startproc
 2419              		@ args = 0, pretend = 0, frame = 0
 2420              		@ frame_needed = 0, uses_anonymous_args = 0
 2421              		@ link register save eliminated.
1700:./Libraries/src/stm32f4xx_rtc.c ****   assert_param(IS_RTC_OUTPUT_POL(RTC_OutputPolarity));
 2422              		.loc 1 1700 3 view .LVU797
1701:./Libraries/src/stm32f4xx_rtc.c **** 
 2423              		.loc 1 1701 3 view .LVU798
1704:./Libraries/src/stm32f4xx_rtc.c ****   RTC->WPR = 0x53;
 2424              		.loc 1 1704 3 view .LVU799
1704:./Libraries/src/stm32f4xx_rtc.c ****   RTC->WPR = 0x53;
 2425              		.loc 1 1704 12 is_stmt 0 view .LVU800
 2426 0000 074B     		ldr	r3, .L168
 2427 0002 CA22     		movs	r2, #202
 2428 0004 5A62     		str	r2, [r3, #36]
1705:./Libraries/src/stm32f4xx_rtc.c **** 
 2429              		.loc 1 1705 3 is_stmt 1 view .LVU801
1705:./Libraries/src/stm32f4xx_rtc.c **** 
 2430              		.loc 1 1705 12 is_stmt 0 view .LVU802
 2431 0006 5322     		movs	r2, #83
 2432 0008 5A62     		str	r2, [r3, #36]
1708:./Libraries/src/stm32f4xx_rtc.c **** 
 2433              		.loc 1 1708 3 is_stmt 1 view .LVU803
1708:./Libraries/src/stm32f4xx_rtc.c **** 
 2434              		.loc 1 1708 6 is_stmt 0 view .LVU804
 2435 000a 9A68     		ldr	r2, [r3, #8]
1708:./Libraries/src/stm32f4xx_rtc.c **** 
 2436              		.loc 1 1708 11 view .LVU805
 2437 000c 22F4E002 		bic	r2, r2, #7340032
 2438 0010 9A60     		str	r2, [r3, #8]
1711:./Libraries/src/stm32f4xx_rtc.c **** 
 2439              		.loc 1 1711 3 is_stmt 1 view .LVU806
1711:./Libraries/src/stm32f4xx_rtc.c **** 
 2440              		.loc 1 1711 6 is_stmt 0 view .LVU807
 2441 0012 9A68     		ldr	r2, [r3, #8]
1711:./Libraries/src/stm32f4xx_rtc.c **** 
 2442              		.loc 1 1711 36 view .LVU808
 2443 0014 0843     		orrs	r0, r0, r1
 2444              	.LVL166:
1711:./Libraries/src/stm32f4xx_rtc.c **** 
 2445              		.loc 1 1711 11 view .LVU809
 2446 0016 0243     		orrs	r2, r2, r0
 2447 0018 9A60     		str	r2, [r3, #8]
1714:./Libraries/src/stm32f4xx_rtc.c **** }
 2448              		.loc 1 1714 3 is_stmt 1 view .LVU810
1714:./Libraries/src/stm32f4xx_rtc.c **** }
 2449              		.loc 1 1714 12 is_stmt 0 view .LVU811
 2450 001a FF22     		movs	r2, #255
ARM GAS  /tmp/ccgzaD3d.s 			page 105


 2451 001c 5A62     		str	r2, [r3, #36]
1715:./Libraries/src/stm32f4xx_rtc.c **** 
 2452              		.loc 1 1715 1 view .LVU812
 2453 001e 7047     		bx	lr
 2454              	.L169:
 2455              		.align	2
 2456              	.L168:
 2457 0020 00280040 		.word	1073752064
 2458              		.cfi_endproc
 2459              	.LFE151:
 2461              		.section	.text.RTC_CoarseCalibConfig,"ax",%progbits
 2462              		.align	1
 2463              		.global	RTC_CoarseCalibConfig
 2464              		.syntax unified
 2465              		.thumb
 2466              		.thumb_func
 2468              	RTC_CoarseCalibConfig:
 2469              	.LVL167:
 2470              	.LFB152:
1752:./Libraries/src/stm32f4xx_rtc.c ****   ErrorStatus status = ERROR;
 2471              		.loc 1 1752 1 is_stmt 1 view -0
 2472              		.cfi_startproc
 2473              		@ args = 0, pretend = 0, frame = 0
 2474              		@ frame_needed = 0, uses_anonymous_args = 0
1752:./Libraries/src/stm32f4xx_rtc.c ****   ErrorStatus status = ERROR;
 2475              		.loc 1 1752 1 is_stmt 0 view .LVU814
 2476 0000 38B5     		push	{r3, r4, r5, lr}
 2477              	.LCFI27:
 2478              		.cfi_def_cfa_offset 16
 2479              		.cfi_offset 3, -16
 2480              		.cfi_offset 4, -12
 2481              		.cfi_offset 5, -8
 2482              		.cfi_offset 14, -4
 2483 0002 0446     		mov	r4, r0
 2484 0004 0D46     		mov	r5, r1
1753:./Libraries/src/stm32f4xx_rtc.c ****    
 2485              		.loc 1 1753 3 is_stmt 1 view .LVU815
 2486              	.LVL168:
1756:./Libraries/src/stm32f4xx_rtc.c ****   assert_param(IS_RTC_CALIB_VALUE(Value)); 
 2487              		.loc 1 1756 3 view .LVU816
1757:./Libraries/src/stm32f4xx_rtc.c **** 
 2488              		.loc 1 1757 3 view .LVU817
1760:./Libraries/src/stm32f4xx_rtc.c ****   RTC->WPR = 0x53;
 2489              		.loc 1 1760 3 view .LVU818
1760:./Libraries/src/stm32f4xx_rtc.c ****   RTC->WPR = 0x53;
 2490              		.loc 1 1760 12 is_stmt 0 view .LVU819
 2491 0006 094B     		ldr	r3, .L174
 2492 0008 CA22     		movs	r2, #202
 2493 000a 5A62     		str	r2, [r3, #36]
1761:./Libraries/src/stm32f4xx_rtc.c **** 
 2494              		.loc 1 1761 3 is_stmt 1 view .LVU820
1761:./Libraries/src/stm32f4xx_rtc.c **** 
 2495              		.loc 1 1761 12 is_stmt 0 view .LVU821
 2496 000c 5322     		movs	r2, #83
 2497 000e 5A62     		str	r2, [r3, #36]
1764:./Libraries/src/stm32f4xx_rtc.c ****   {
 2498              		.loc 1 1764 3 is_stmt 1 view .LVU822
ARM GAS  /tmp/ccgzaD3d.s 			page 106


1764:./Libraries/src/stm32f4xx_rtc.c ****   {
 2499              		.loc 1 1764 7 is_stmt 0 view .LVU823
 2500 0010 FFF7FEFF 		bl	RTC_EnterInitMode
 2501              	.LVL169:
1764:./Libraries/src/stm32f4xx_rtc.c ****   {
 2502              		.loc 1 1764 6 discriminator 1 view .LVU824
 2503 0014 18B9     		cbnz	r0, .L173
 2504              	.LVL170:
 2505              	.L171:
1779:./Libraries/src/stm32f4xx_rtc.c ****   
 2506              		.loc 1 1779 3 is_stmt 1 view .LVU825
1779:./Libraries/src/stm32f4xx_rtc.c ****   
 2507              		.loc 1 1779 12 is_stmt 0 view .LVU826
 2508 0016 054B     		ldr	r3, .L174
 2509 0018 FF22     		movs	r2, #255
 2510 001a 5A62     		str	r2, [r3, #36]
1781:./Libraries/src/stm32f4xx_rtc.c **** }
 2511              		.loc 1 1781 3 is_stmt 1 view .LVU827
1782:./Libraries/src/stm32f4xx_rtc.c **** 
 2512              		.loc 1 1782 1 is_stmt 0 view .LVU828
 2513 001c 38BD     		pop	{r3, r4, r5, pc}
 2514              	.LVL171:
 2515              	.L173:
1771:./Libraries/src/stm32f4xx_rtc.c ****     /* Exit Initialization mode */
 2516              		.loc 1 1771 5 is_stmt 1 view .LVU829
1771:./Libraries/src/stm32f4xx_rtc.c ****     /* Exit Initialization mode */
 2517              		.loc 1 1771 44 is_stmt 0 view .LVU830
 2518 001e 2C43     		orrs	r4, r4, r5
 2519              	.LVL172:
1771:./Libraries/src/stm32f4xx_rtc.c ****     /* Exit Initialization mode */
 2520              		.loc 1 1771 17 view .LVU831
 2521 0020 024B     		ldr	r3, .L174
 2522 0022 9C61     		str	r4, [r3, #24]
1773:./Libraries/src/stm32f4xx_rtc.c ****     
 2523              		.loc 1 1773 5 is_stmt 1 view .LVU832
 2524 0024 FFF7FEFF 		bl	RTC_ExitInitMode
 2525              	.LVL173:
1775:./Libraries/src/stm32f4xx_rtc.c ****   } 
 2526              		.loc 1 1775 5 view .LVU833
1775:./Libraries/src/stm32f4xx_rtc.c ****   } 
 2527              		.loc 1 1775 12 is_stmt 0 view .LVU834
 2528 0028 0120     		movs	r0, #1
 2529 002a F4E7     		b	.L171
 2530              	.L175:
 2531              		.align	2
 2532              	.L174:
 2533 002c 00280040 		.word	1073752064
 2534              		.cfi_endproc
 2535              	.LFE152:
 2537              		.section	.text.RTC_CoarseCalibCmd,"ax",%progbits
 2538              		.align	1
 2539              		.global	RTC_CoarseCalibCmd
 2540              		.syntax unified
 2541              		.thumb
 2542              		.thumb_func
 2544              	RTC_CoarseCalibCmd:
 2545              	.LVL174:
ARM GAS  /tmp/ccgzaD3d.s 			page 107


 2546              	.LFB153:
1793:./Libraries/src/stm32f4xx_rtc.c ****   ErrorStatus status = ERROR;
 2547              		.loc 1 1793 1 is_stmt 1 view -0
 2548              		.cfi_startproc
 2549              		@ args = 0, pretend = 0, frame = 0
 2550              		@ frame_needed = 0, uses_anonymous_args = 0
1793:./Libraries/src/stm32f4xx_rtc.c ****   ErrorStatus status = ERROR;
 2551              		.loc 1 1793 1 is_stmt 0 view .LVU836
 2552 0000 10B5     		push	{r4, lr}
 2553              	.LCFI28:
 2554              		.cfi_def_cfa_offset 8
 2555              		.cfi_offset 4, -8
 2556              		.cfi_offset 14, -4
 2557 0002 0446     		mov	r4, r0
1794:./Libraries/src/stm32f4xx_rtc.c ****   
 2558              		.loc 1 1794 3 is_stmt 1 view .LVU837
 2559              	.LVL175:
1797:./Libraries/src/stm32f4xx_rtc.c **** 
 2560              		.loc 1 1797 3 view .LVU838
1800:./Libraries/src/stm32f4xx_rtc.c ****   RTC->WPR = 0x53;
 2561              		.loc 1 1800 3 view .LVU839
1800:./Libraries/src/stm32f4xx_rtc.c ****   RTC->WPR = 0x53;
 2562              		.loc 1 1800 12 is_stmt 0 view .LVU840
 2563 0004 0D4B     		ldr	r3, .L181
 2564 0006 CA22     		movs	r2, #202
 2565 0008 5A62     		str	r2, [r3, #36]
1801:./Libraries/src/stm32f4xx_rtc.c ****   
 2566              		.loc 1 1801 3 is_stmt 1 view .LVU841
1801:./Libraries/src/stm32f4xx_rtc.c ****   
 2567              		.loc 1 1801 12 is_stmt 0 view .LVU842
 2568 000a 5322     		movs	r2, #83
 2569 000c 5A62     		str	r2, [r3, #36]
1804:./Libraries/src/stm32f4xx_rtc.c ****   {
 2570              		.loc 1 1804 3 is_stmt 1 view .LVU843
1804:./Libraries/src/stm32f4xx_rtc.c ****   {
 2571              		.loc 1 1804 7 is_stmt 0 view .LVU844
 2572 000e FFF7FEFF 		bl	RTC_EnterInitMode
 2573              	.LVL176:
1804:./Libraries/src/stm32f4xx_rtc.c ****   {
 2574              		.loc 1 1804 6 discriminator 1 view .LVU845
 2575 0012 40B1     		cbz	r0, .L177
1810:./Libraries/src/stm32f4xx_rtc.c ****     {
 2576              		.loc 1 1810 5 is_stmt 1 view .LVU846
1810:./Libraries/src/stm32f4xx_rtc.c ****     {
 2577              		.loc 1 1810 8 is_stmt 0 view .LVU847
 2578 0014 5CB1     		cbz	r4, .L178
1813:./Libraries/src/stm32f4xx_rtc.c ****     }
 2579              		.loc 1 1813 7 is_stmt 1 view .LVU848
1813:./Libraries/src/stm32f4xx_rtc.c ****     }
 2580              		.loc 1 1813 10 is_stmt 0 view .LVU849
 2581 0016 094A     		ldr	r2, .L181
 2582 0018 9368     		ldr	r3, [r2, #8]
1813:./Libraries/src/stm32f4xx_rtc.c ****     }
 2583              		.loc 1 1813 15 view .LVU850
 2584 001a 43F08003 		orr	r3, r3, #128
 2585 001e 9360     		str	r3, [r2, #8]
 2586              	.L179:
ARM GAS  /tmp/ccgzaD3d.s 			page 108


1821:./Libraries/src/stm32f4xx_rtc.c ****     
 2587              		.loc 1 1821 5 is_stmt 1 view .LVU851
 2588 0020 FFF7FEFF 		bl	RTC_ExitInitMode
 2589              	.LVL177:
1823:./Libraries/src/stm32f4xx_rtc.c ****   } 
 2590              		.loc 1 1823 5 view .LVU852
1823:./Libraries/src/stm32f4xx_rtc.c ****   } 
 2591              		.loc 1 1823 12 is_stmt 0 view .LVU853
 2592 0024 0120     		movs	r0, #1
 2593              	.LVL178:
 2594              	.L177:
1827:./Libraries/src/stm32f4xx_rtc.c ****   
 2595              		.loc 1 1827 3 is_stmt 1 view .LVU854
1827:./Libraries/src/stm32f4xx_rtc.c ****   
 2596              		.loc 1 1827 12 is_stmt 0 view .LVU855
 2597 0026 054B     		ldr	r3, .L181
 2598 0028 FF22     		movs	r2, #255
 2599 002a 5A62     		str	r2, [r3, #36]
1829:./Libraries/src/stm32f4xx_rtc.c **** }
 2600              		.loc 1 1829 3 is_stmt 1 view .LVU856
1830:./Libraries/src/stm32f4xx_rtc.c **** 
 2601              		.loc 1 1830 1 is_stmt 0 view .LVU857
 2602 002c 10BD     		pop	{r4, pc}
 2603              	.LVL179:
 2604              	.L178:
1818:./Libraries/src/stm32f4xx_rtc.c ****     }
 2605              		.loc 1 1818 7 is_stmt 1 view .LVU858
1818:./Libraries/src/stm32f4xx_rtc.c ****     }
 2606              		.loc 1 1818 10 is_stmt 0 view .LVU859
 2607 002e 034A     		ldr	r2, .L181
 2608 0030 9368     		ldr	r3, [r2, #8]
1818:./Libraries/src/stm32f4xx_rtc.c ****     }
 2609              		.loc 1 1818 15 view .LVU860
 2610 0032 23F08003 		bic	r3, r3, #128
 2611 0036 9360     		str	r3, [r2, #8]
 2612 0038 F2E7     		b	.L179
 2613              	.L182:
 2614 003a 00BF     		.align	2
 2615              	.L181:
 2616 003c 00280040 		.word	1073752064
 2617              		.cfi_endproc
 2618              	.LFE153:
 2620              		.section	.text.RTC_CalibOutputCmd,"ax",%progbits
 2621              		.align	1
 2622              		.global	RTC_CalibOutputCmd
 2623              		.syntax unified
 2624              		.thumb
 2625              		.thumb_func
 2627              	RTC_CalibOutputCmd:
 2628              	.LVL180:
 2629              	.LFB154:
1839:./Libraries/src/stm32f4xx_rtc.c ****   /* Check the parameters */
 2630              		.loc 1 1839 1 is_stmt 1 view -0
 2631              		.cfi_startproc
 2632              		@ args = 0, pretend = 0, frame = 0
 2633              		@ frame_needed = 0, uses_anonymous_args = 0
 2634              		@ link register save eliminated.
ARM GAS  /tmp/ccgzaD3d.s 			page 109


1841:./Libraries/src/stm32f4xx_rtc.c ****   
 2635              		.loc 1 1841 3 view .LVU862
1844:./Libraries/src/stm32f4xx_rtc.c ****   RTC->WPR = 0x53;
 2636              		.loc 1 1844 3 view .LVU863
1844:./Libraries/src/stm32f4xx_rtc.c ****   RTC->WPR = 0x53;
 2637              		.loc 1 1844 12 is_stmt 0 view .LVU864
 2638 0000 0A4B     		ldr	r3, .L186
 2639 0002 CA22     		movs	r2, #202
 2640 0004 5A62     		str	r2, [r3, #36]
1845:./Libraries/src/stm32f4xx_rtc.c ****   
 2641              		.loc 1 1845 3 is_stmt 1 view .LVU865
1845:./Libraries/src/stm32f4xx_rtc.c ****   
 2642              		.loc 1 1845 12 is_stmt 0 view .LVU866
 2643 0006 5322     		movs	r2, #83
 2644 0008 5A62     		str	r2, [r3, #36]
1847:./Libraries/src/stm32f4xx_rtc.c ****   {
 2645              		.loc 1 1847 3 is_stmt 1 view .LVU867
1847:./Libraries/src/stm32f4xx_rtc.c ****   {
 2646              		.loc 1 1847 6 is_stmt 0 view .LVU868
 2647 000a 40B1     		cbz	r0, .L184
1850:./Libraries/src/stm32f4xx_rtc.c ****   }
 2648              		.loc 1 1850 5 is_stmt 1 view .LVU869
1850:./Libraries/src/stm32f4xx_rtc.c ****   }
 2649              		.loc 1 1850 8 is_stmt 0 view .LVU870
 2650 000c 1A46     		mov	r2, r3
 2651 000e 9B68     		ldr	r3, [r3, #8]
1850:./Libraries/src/stm32f4xx_rtc.c ****   }
 2652              		.loc 1 1850 13 view .LVU871
 2653 0010 43F40003 		orr	r3, r3, #8388608
 2654 0014 9360     		str	r3, [r2, #8]
 2655              	.L185:
1859:./Libraries/src/stm32f4xx_rtc.c **** }
 2656              		.loc 1 1859 3 is_stmt 1 view .LVU872
1859:./Libraries/src/stm32f4xx_rtc.c **** }
 2657              		.loc 1 1859 12 is_stmt 0 view .LVU873
 2658 0016 054B     		ldr	r3, .L186
 2659 0018 FF22     		movs	r2, #255
 2660 001a 5A62     		str	r2, [r3, #36]
1860:./Libraries/src/stm32f4xx_rtc.c **** 
 2661              		.loc 1 1860 1 view .LVU874
 2662 001c 7047     		bx	lr
 2663              	.L184:
1855:./Libraries/src/stm32f4xx_rtc.c ****   }
 2664              		.loc 1 1855 5 is_stmt 1 view .LVU875
1855:./Libraries/src/stm32f4xx_rtc.c ****   }
 2665              		.loc 1 1855 8 is_stmt 0 view .LVU876
 2666 001e 034A     		ldr	r2, .L186
 2667 0020 9368     		ldr	r3, [r2, #8]
1855:./Libraries/src/stm32f4xx_rtc.c ****   }
 2668              		.loc 1 1855 13 view .LVU877
 2669 0022 23F40003 		bic	r3, r3, #8388608
 2670 0026 9360     		str	r3, [r2, #8]
 2671 0028 F5E7     		b	.L185
 2672              	.L187:
 2673 002a 00BF     		.align	2
 2674              	.L186:
 2675 002c 00280040 		.word	1073752064
ARM GAS  /tmp/ccgzaD3d.s 			page 110


 2676              		.cfi_endproc
 2677              	.LFE154:
 2679              		.section	.text.RTC_CalibOutputConfig,"ax",%progbits
 2680              		.align	1
 2681              		.global	RTC_CalibOutputConfig
 2682              		.syntax unified
 2683              		.thumb
 2684              		.thumb_func
 2686              	RTC_CalibOutputConfig:
 2687              	.LVL181:
 2688              	.LFB155:
1871:./Libraries/src/stm32f4xx_rtc.c ****   /* Check the parameters */
 2689              		.loc 1 1871 1 is_stmt 1 view -0
 2690              		.cfi_startproc
 2691              		@ args = 0, pretend = 0, frame = 0
 2692              		@ frame_needed = 0, uses_anonymous_args = 0
 2693              		@ link register save eliminated.
1873:./Libraries/src/stm32f4xx_rtc.c **** 
 2694              		.loc 1 1873 3 view .LVU879
1876:./Libraries/src/stm32f4xx_rtc.c ****   RTC->WPR = 0x53;
 2695              		.loc 1 1876 3 view .LVU880
1876:./Libraries/src/stm32f4xx_rtc.c ****   RTC->WPR = 0x53;
 2696              		.loc 1 1876 12 is_stmt 0 view .LVU881
 2697 0000 074B     		ldr	r3, .L189
 2698 0002 CA22     		movs	r2, #202
 2699 0004 5A62     		str	r2, [r3, #36]
1877:./Libraries/src/stm32f4xx_rtc.c ****   
 2700              		.loc 1 1877 3 is_stmt 1 view .LVU882
1877:./Libraries/src/stm32f4xx_rtc.c ****   
 2701              		.loc 1 1877 12 is_stmt 0 view .LVU883
 2702 0006 5322     		movs	r2, #83
 2703 0008 5A62     		str	r2, [r3, #36]
1880:./Libraries/src/stm32f4xx_rtc.c **** 
 2704              		.loc 1 1880 3 is_stmt 1 view .LVU884
1880:./Libraries/src/stm32f4xx_rtc.c **** 
 2705              		.loc 1 1880 6 is_stmt 0 view .LVU885
 2706 000a 9A68     		ldr	r2, [r3, #8]
1880:./Libraries/src/stm32f4xx_rtc.c **** 
 2707              		.loc 1 1880 11 view .LVU886
 2708 000c 22F40022 		bic	r2, r2, #524288
 2709 0010 9A60     		str	r2, [r3, #8]
1883:./Libraries/src/stm32f4xx_rtc.c **** 
 2710              		.loc 1 1883 3 is_stmt 1 view .LVU887
1883:./Libraries/src/stm32f4xx_rtc.c **** 
 2711              		.loc 1 1883 6 is_stmt 0 view .LVU888
 2712 0012 9A68     		ldr	r2, [r3, #8]
1883:./Libraries/src/stm32f4xx_rtc.c **** 
 2713              		.loc 1 1883 11 view .LVU889
 2714 0014 0243     		orrs	r2, r2, r0
 2715 0016 9A60     		str	r2, [r3, #8]
1886:./Libraries/src/stm32f4xx_rtc.c **** }
 2716              		.loc 1 1886 3 is_stmt 1 view .LVU890
1886:./Libraries/src/stm32f4xx_rtc.c **** }
 2717              		.loc 1 1886 12 is_stmt 0 view .LVU891
 2718 0018 FF22     		movs	r2, #255
 2719 001a 5A62     		str	r2, [r3, #36]
1887:./Libraries/src/stm32f4xx_rtc.c **** 
ARM GAS  /tmp/ccgzaD3d.s 			page 111


 2720              		.loc 1 1887 1 view .LVU892
 2721 001c 7047     		bx	lr
 2722              	.L190:
 2723 001e 00BF     		.align	2
 2724              	.L189:
 2725 0020 00280040 		.word	1073752064
 2726              		.cfi_endproc
 2727              	.LFE155:
 2729              		.section	.text.RTC_SmoothCalibConfig,"ax",%progbits
 2730              		.align	1
 2731              		.global	RTC_SmoothCalibConfig
 2732              		.syntax unified
 2733              		.thumb
 2734              		.thumb_func
 2736              	RTC_SmoothCalibConfig:
 2737              	.LVL182:
 2738              	.LFB156:
1909:./Libraries/src/stm32f4xx_rtc.c ****   ErrorStatus status = ERROR;
 2739              		.loc 1 1909 1 is_stmt 1 view -0
 2740              		.cfi_startproc
 2741              		@ args = 0, pretend = 0, frame = 0
 2742              		@ frame_needed = 0, uses_anonymous_args = 0
 2743              		@ link register save eliminated.
1909:./Libraries/src/stm32f4xx_rtc.c ****   ErrorStatus status = ERROR;
 2744              		.loc 1 1909 1 is_stmt 0 view .LVU894
 2745 0000 10B4     		push	{r4}
 2746              	.LCFI29:
 2747              		.cfi_def_cfa_offset 4
 2748              		.cfi_offset 4, -4
1910:./Libraries/src/stm32f4xx_rtc.c ****   uint32_t recalpfcount = 0;
 2749              		.loc 1 1910 3 is_stmt 1 view .LVU895
 2750              	.LVL183:
1911:./Libraries/src/stm32f4xx_rtc.c **** 
 2751              		.loc 1 1911 3 view .LVU896
1914:./Libraries/src/stm32f4xx_rtc.c ****   assert_param(IS_RTC_SMOOTH_CALIB_PLUS(RTC_SmoothCalibPlusPulses));
 2752              		.loc 1 1914 3 view .LVU897
1915:./Libraries/src/stm32f4xx_rtc.c ****   assert_param(IS_RTC_SMOOTH_CALIB_MINUS(RTC_SmouthCalibMinusPulsesValue));
 2753              		.loc 1 1915 3 view .LVU898
1916:./Libraries/src/stm32f4xx_rtc.c **** 
 2754              		.loc 1 1916 3 view .LVU899
1919:./Libraries/src/stm32f4xx_rtc.c ****   RTC->WPR = 0x53;
 2755              		.loc 1 1919 3 view .LVU900
1919:./Libraries/src/stm32f4xx_rtc.c ****   RTC->WPR = 0x53;
 2756              		.loc 1 1919 12 is_stmt 0 view .LVU901
 2757 0002 134B     		ldr	r3, .L199
 2758 0004 CA24     		movs	r4, #202
 2759 0006 5C62     		str	r4, [r3, #36]
1920:./Libraries/src/stm32f4xx_rtc.c ****   
 2760              		.loc 1 1920 3 is_stmt 1 view .LVU902
1920:./Libraries/src/stm32f4xx_rtc.c ****   
 2761              		.loc 1 1920 12 is_stmt 0 view .LVU903
 2762 0008 5324     		movs	r4, #83
 2763 000a 5C62     		str	r4, [r3, #36]
1923:./Libraries/src/stm32f4xx_rtc.c ****   {
 2764              		.loc 1 1923 3 is_stmt 1 view .LVU904
1923:./Libraries/src/stm32f4xx_rtc.c ****   {
 2765              		.loc 1 1923 11 is_stmt 0 view .LVU905
ARM GAS  /tmp/ccgzaD3d.s 			page 112


 2766 000c DB68     		ldr	r3, [r3, #12]
1923:./Libraries/src/stm32f4xx_rtc.c ****   {
 2767              		.loc 1 1923 6 view .LVU906
 2768 000e 13F4803F 		tst	r3, #65536
 2769 0012 0FD1     		bne	.L196
 2770              	.LVL184:
 2771              	.L193:
1933:./Libraries/src/stm32f4xx_rtc.c ****   {
 2772              		.loc 1 1933 3 is_stmt 1 view .LVU907
1933:./Libraries/src/stm32f4xx_rtc.c ****   {
 2773              		.loc 1 1933 11 is_stmt 0 view .LVU908
 2774 0014 0E4B     		ldr	r3, .L199
 2775 0016 DB68     		ldr	r3, [r3, #12]
1933:./Libraries/src/stm32f4xx_rtc.c ****   {
 2776              		.loc 1 1933 6 view .LVU909
 2777 0018 13F4803F 		tst	r3, #65536
 2778 001c 15D1     		bne	.L197
1936:./Libraries/src/stm32f4xx_rtc.c **** 
 2779              		.loc 1 1936 5 is_stmt 1 view .LVU910
1936:./Libraries/src/stm32f4xx_rtc.c **** 
 2780              		.loc 1 1936 60 is_stmt 0 view .LVU911
 2781 001e 0843     		orrs	r0, r0, r1
 2782              	.LVL185:
1936:./Libraries/src/stm32f4xx_rtc.c **** 
 2783              		.loc 1 1936 17 view .LVU912
 2784 0020 1043     		orrs	r0, r0, r2
1936:./Libraries/src/stm32f4xx_rtc.c **** 
 2785              		.loc 1 1936 15 view .LVU913
 2786 0022 0B4B     		ldr	r3, .L199
 2787 0024 D863     		str	r0, [r3, #60]
1938:./Libraries/src/stm32f4xx_rtc.c ****   }
 2788              		.loc 1 1938 5 is_stmt 1 view .LVU914
 2789              	.LVL186:
1938:./Libraries/src/stm32f4xx_rtc.c ****   }
 2790              		.loc 1 1938 12 is_stmt 0 view .LVU915
 2791 0026 0120     		movs	r0, #1
 2792              	.LVL187:
 2793              	.L195:
1946:./Libraries/src/stm32f4xx_rtc.c ****   
 2794              		.loc 1 1946 3 is_stmt 1 view .LVU916
1946:./Libraries/src/stm32f4xx_rtc.c ****   
 2795              		.loc 1 1946 12 is_stmt 0 view .LVU917
 2796 0028 094B     		ldr	r3, .L199
 2797 002a FF22     		movs	r2, #255
 2798              	.LVL188:
1946:./Libraries/src/stm32f4xx_rtc.c ****   
 2799              		.loc 1 1946 12 view .LVU918
 2800 002c 5A62     		str	r2, [r3, #36]
1948:./Libraries/src/stm32f4xx_rtc.c **** }
 2801              		.loc 1 1948 3 is_stmt 1 view .LVU919
1949:./Libraries/src/stm32f4xx_rtc.c **** 
 2802              		.loc 1 1949 1 is_stmt 0 view .LVU920
 2803 002e 5DF8044B 		ldr	r4, [sp], #4
 2804              	.LCFI30:
 2805              		.cfi_remember_state
 2806              		.cfi_restore 4
 2807              		.cfi_def_cfa_offset 0
ARM GAS  /tmp/ccgzaD3d.s 			page 113


 2808 0032 7047     		bx	lr
 2809              	.LVL189:
 2810              	.L196:
 2811              	.LCFI31:
 2812              		.cfi_restore_state
1911:./Libraries/src/stm32f4xx_rtc.c **** 
 2813              		.loc 1 1911 12 view .LVU921
 2814 0034 0023     		movs	r3, #0
 2815              	.LVL190:
 2816              	.L192:
1926:./Libraries/src/stm32f4xx_rtc.c ****     {
 2817              		.loc 1 1926 52 is_stmt 1 view .LVU922
1926:./Libraries/src/stm32f4xx_rtc.c ****     {
 2818              		.loc 1 1926 17 is_stmt 0 view .LVU923
 2819 0036 064C     		ldr	r4, .L199
 2820 0038 E468     		ldr	r4, [r4, #12]
1926:./Libraries/src/stm32f4xx_rtc.c ****     {
 2821              		.loc 1 1926 52 view .LVU924
 2822 003a 14F4803F 		tst	r4, #65536
 2823 003e E9D0     		beq	.L193
1926:./Libraries/src/stm32f4xx_rtc.c ****     {
 2824              		.loc 1 1926 52 discriminator 1 view .LVU925
 2825 0040 B3F5003F 		cmp	r3, #131072
 2826 0044 E6D0     		beq	.L193
1928:./Libraries/src/stm32f4xx_rtc.c ****     }
 2827              		.loc 1 1928 7 is_stmt 1 view .LVU926
1928:./Libraries/src/stm32f4xx_rtc.c ****     }
 2828              		.loc 1 1928 19 is_stmt 0 view .LVU927
 2829 0046 0133     		adds	r3, r3, #1
 2830              	.LVL191:
1928:./Libraries/src/stm32f4xx_rtc.c ****     }
 2831              		.loc 1 1928 19 view .LVU928
 2832 0048 F5E7     		b	.L192
 2833              	.LVL192:
 2834              	.L197:
1942:./Libraries/src/stm32f4xx_rtc.c ****   }
 2835              		.loc 1 1942 12 view .LVU929
 2836 004a 0020     		movs	r0, #0
 2837              	.LVL193:
1942:./Libraries/src/stm32f4xx_rtc.c ****   }
 2838              		.loc 1 1942 12 view .LVU930
 2839 004c ECE7     		b	.L195
 2840              	.L200:
 2841 004e 00BF     		.align	2
 2842              	.L199:
 2843 0050 00280040 		.word	1073752064
 2844              		.cfi_endproc
 2845              	.LFE156:
 2847              		.section	.text.RTC_TimeStampCmd,"ax",%progbits
 2848              		.align	1
 2849              		.global	RTC_TimeStampCmd
 2850              		.syntax unified
 2851              		.thumb
 2852              		.thumb_func
 2854              	RTC_TimeStampCmd:
 2855              	.LVL194:
 2856              	.LFB157:
ARM GAS  /tmp/ccgzaD3d.s 			page 114


1983:./Libraries/src/stm32f4xx_rtc.c ****   uint32_t tmpreg = 0;
 2857              		.loc 1 1983 1 is_stmt 1 view -0
 2858              		.cfi_startproc
 2859              		@ args = 0, pretend = 0, frame = 0
 2860              		@ frame_needed = 0, uses_anonymous_args = 0
 2861              		@ link register save eliminated.
1984:./Libraries/src/stm32f4xx_rtc.c **** 
 2862              		.loc 1 1984 3 view .LVU932
1987:./Libraries/src/stm32f4xx_rtc.c ****   assert_param(IS_FUNCTIONAL_STATE(NewState));
 2863              		.loc 1 1987 3 view .LVU933
1988:./Libraries/src/stm32f4xx_rtc.c **** 
 2864              		.loc 1 1988 3 view .LVU934
1991:./Libraries/src/stm32f4xx_rtc.c **** 
 2865              		.loc 1 1991 3 view .LVU935
1991:./Libraries/src/stm32f4xx_rtc.c **** 
 2866              		.loc 1 1991 26 is_stmt 0 view .LVU936
 2867 0000 0A4B     		ldr	r3, .L204
 2868 0002 9B68     		ldr	r3, [r3, #8]
1991:./Libraries/src/stm32f4xx_rtc.c **** 
 2869              		.loc 1 1991 10 view .LVU937
 2870 0004 23F40063 		bic	r3, r3, #2048
 2871 0008 23F00803 		bic	r3, r3, #8
 2872              	.LVL195:
1994:./Libraries/src/stm32f4xx_rtc.c ****   {
 2873              		.loc 1 1994 3 is_stmt 1 view .LVU938
1994:./Libraries/src/stm32f4xx_rtc.c ****   {
 2874              		.loc 1 1994 6 is_stmt 0 view .LVU939
 2875 000c 59B1     		cbz	r1, .L202
1996:./Libraries/src/stm32f4xx_rtc.c ****   }
 2876              		.loc 1 1996 5 is_stmt 1 view .LVU940
1996:./Libraries/src/stm32f4xx_rtc.c ****   }
 2877              		.loc 1 1996 12 is_stmt 0 view .LVU941
 2878 000e 0343     		orrs	r3, r3, r0
 2879              	.LVL196:
1996:./Libraries/src/stm32f4xx_rtc.c ****   }
 2880              		.loc 1 1996 12 view .LVU942
 2881 0010 43F40063 		orr	r3, r3, #2048
 2882              	.LVL197:
 2883              	.L203:
2004:./Libraries/src/stm32f4xx_rtc.c ****   RTC->WPR = 0x53;
 2884              		.loc 1 2004 3 is_stmt 1 view .LVU943
2004:./Libraries/src/stm32f4xx_rtc.c ****   RTC->WPR = 0x53;
 2885              		.loc 1 2004 12 is_stmt 0 view .LVU944
 2886 0014 054A     		ldr	r2, .L204
 2887 0016 CA21     		movs	r1, #202
 2888              	.LVL198:
2004:./Libraries/src/stm32f4xx_rtc.c ****   RTC->WPR = 0x53;
 2889              		.loc 1 2004 12 view .LVU945
 2890 0018 5162     		str	r1, [r2, #36]
2005:./Libraries/src/stm32f4xx_rtc.c **** 
 2891              		.loc 1 2005 3 is_stmt 1 view .LVU946
2005:./Libraries/src/stm32f4xx_rtc.c **** 
 2892              		.loc 1 2005 12 is_stmt 0 view .LVU947
 2893 001a 5321     		movs	r1, #83
 2894 001c 5162     		str	r1, [r2, #36]
2008:./Libraries/src/stm32f4xx_rtc.c **** 
 2895              		.loc 1 2008 3 is_stmt 1 view .LVU948
ARM GAS  /tmp/ccgzaD3d.s 			page 115


2008:./Libraries/src/stm32f4xx_rtc.c **** 
 2896              		.loc 1 2008 11 is_stmt 0 view .LVU949
 2897 001e 9360     		str	r3, [r2, #8]
2011:./Libraries/src/stm32f4xx_rtc.c **** }
 2898              		.loc 1 2011 3 is_stmt 1 view .LVU950
2011:./Libraries/src/stm32f4xx_rtc.c **** }
 2899              		.loc 1 2011 12 is_stmt 0 view .LVU951
 2900 0020 FF23     		movs	r3, #255
 2901              	.LVL199:
2011:./Libraries/src/stm32f4xx_rtc.c **** }
 2902              		.loc 1 2011 12 view .LVU952
 2903 0022 5362     		str	r3, [r2, #36]
 2904              	.LVL200:
2012:./Libraries/src/stm32f4xx_rtc.c **** 
 2905              		.loc 1 2012 1 view .LVU953
 2906 0024 7047     		bx	lr
 2907              	.LVL201:
 2908              	.L202:
2000:./Libraries/src/stm32f4xx_rtc.c ****   }
 2909              		.loc 1 2000 5 is_stmt 1 view .LVU954
2000:./Libraries/src/stm32f4xx_rtc.c ****   }
 2910              		.loc 1 2000 12 is_stmt 0 view .LVU955
 2911 0026 0343     		orrs	r3, r3, r0
 2912              	.LVL202:
2000:./Libraries/src/stm32f4xx_rtc.c ****   }
 2913              		.loc 1 2000 12 view .LVU956
 2914 0028 F4E7     		b	.L203
 2915              	.L205:
 2916 002a 00BF     		.align	2
 2917              	.L204:
 2918 002c 00280040 		.word	1073752064
 2919              		.cfi_endproc
 2920              	.LFE157:
 2922              		.section	.text.RTC_GetTimeStamp,"ax",%progbits
 2923              		.align	1
 2924              		.global	RTC_GetTimeStamp
 2925              		.syntax unified
 2926              		.thumb
 2927              		.thumb_func
 2929              	RTC_GetTimeStamp:
 2930              	.LVL203:
 2931              	.LFB158:
2028:./Libraries/src/stm32f4xx_rtc.c ****   uint32_t tmptime = 0, tmpdate = 0;
 2932              		.loc 1 2028 1 is_stmt 1 view -0
 2933              		.cfi_startproc
 2934              		@ args = 0, pretend = 0, frame = 0
 2935              		@ frame_needed = 0, uses_anonymous_args = 0
2028:./Libraries/src/stm32f4xx_rtc.c ****   uint32_t tmptime = 0, tmpdate = 0;
 2936              		.loc 1 2028 1 is_stmt 0 view .LVU958
 2937 0000 38B5     		push	{r3, r4, r5, lr}
 2938              	.LCFI32:
 2939              		.cfi_def_cfa_offset 16
 2940              		.cfi_offset 3, -16
 2941              		.cfi_offset 4, -12
 2942              		.cfi_offset 5, -8
 2943              		.cfi_offset 14, -4
 2944 0002 0D46     		mov	r5, r1
ARM GAS  /tmp/ccgzaD3d.s 			page 116


 2945 0004 1446     		mov	r4, r2
2029:./Libraries/src/stm32f4xx_rtc.c **** 
 2946              		.loc 1 2029 3 is_stmt 1 view .LVU959
 2947              	.LVL204:
2032:./Libraries/src/stm32f4xx_rtc.c **** 
 2948              		.loc 1 2032 3 view .LVU960
2035:./Libraries/src/stm32f4xx_rtc.c ****   tmpdate = (uint32_t)(RTC->TSDR & RTC_DR_RESERVED_MASK);
 2949              		.loc 1 2035 3 view .LVU961
2035:./Libraries/src/stm32f4xx_rtc.c ****   tmpdate = (uint32_t)(RTC->TSDR & RTC_DR_RESERVED_MASK);
 2950              		.loc 1 2035 27 is_stmt 0 view .LVU962
 2951 0006 1C4A     		ldr	r2, .L209
 2952              	.LVL205:
2035:./Libraries/src/stm32f4xx_rtc.c ****   tmpdate = (uint32_t)(RTC->TSDR & RTC_DR_RESERVED_MASK);
 2953              		.loc 1 2035 27 view .LVU963
 2954 0008 136B     		ldr	r3, [r2, #48]
 2955              	.LVL206:
2036:./Libraries/src/stm32f4xx_rtc.c **** 
 2956              		.loc 1 2036 3 is_stmt 1 view .LVU964
2036:./Libraries/src/stm32f4xx_rtc.c **** 
 2957              		.loc 1 2036 27 is_stmt 0 view .LVU965
 2958 000a 526B     		ldr	r2, [r2, #52]
 2959              	.LVL207:
2039:./Libraries/src/stm32f4xx_rtc.c ****   RTC_StampTimeStruct->RTC_Minutes = (uint8_t)((tmptime & (RTC_TR_MNT | RTC_TR_MNU)) >> 8);
 2960              		.loc 1 2039 3 is_stmt 1 view .LVU966
2039:./Libraries/src/stm32f4xx_rtc.c ****   RTC_StampTimeStruct->RTC_Minutes = (uint8_t)((tmptime & (RTC_TR_MNT | RTC_TR_MNU)) >> 8);
 2961              		.loc 1 2039 36 is_stmt 0 view .LVU967
 2962 000c C3F30641 		ubfx	r1, r3, #16, #7
 2963              	.LVL208:
2039:./Libraries/src/stm32f4xx_rtc.c ****   RTC_StampTimeStruct->RTC_Minutes = (uint8_t)((tmptime & (RTC_TR_MNT | RTC_TR_MNU)) >> 8);
 2964              		.loc 1 2039 36 view .LVU968
 2965 0010 C3F3054C 		ubfx	ip, r3, #16, #6
2039:./Libraries/src/stm32f4xx_rtc.c ****   RTC_StampTimeStruct->RTC_Minutes = (uint8_t)((tmptime & (RTC_TR_MNT | RTC_TR_MNU)) >> 8);
 2966              		.loc 1 2039 34 view .LVU969
 2967 0014 85F800C0 		strb	ip, [r5]
2040:./Libraries/src/stm32f4xx_rtc.c ****   RTC_StampTimeStruct->RTC_Seconds = (uint8_t)(tmptime & (RTC_TR_ST | RTC_TR_SU));
 2968              		.loc 1 2040 3 is_stmt 1 view .LVU970
2040:./Libraries/src/stm32f4xx_rtc.c ****   RTC_StampTimeStruct->RTC_Seconds = (uint8_t)(tmptime & (RTC_TR_ST | RTC_TR_SU));
 2969              		.loc 1 2040 38 is_stmt 0 view .LVU971
 2970 0018 C3F3062C 		ubfx	ip, r3, #8, #7
2040:./Libraries/src/stm32f4xx_rtc.c ****   RTC_StampTimeStruct->RTC_Seconds = (uint8_t)(tmptime & (RTC_TR_ST | RTC_TR_SU));
 2971              		.loc 1 2040 36 view .LVU972
 2972 001c 85F801C0 		strb	ip, [r5, #1]
2041:./Libraries/src/stm32f4xx_rtc.c ****   RTC_StampTimeStruct->RTC_H12 = (uint8_t)((tmptime & (RTC_TR_PM)) >> 16);  
 2973              		.loc 1 2041 3 is_stmt 1 view .LVU973
2041:./Libraries/src/stm32f4xx_rtc.c ****   RTC_StampTimeStruct->RTC_H12 = (uint8_t)((tmptime & (RTC_TR_PM)) >> 16);  
 2974              		.loc 1 2041 38 is_stmt 0 view .LVU974
 2975 0020 03F07F03 		and	r3, r3, #127
 2976              	.LVL209:
2041:./Libraries/src/stm32f4xx_rtc.c ****   RTC_StampTimeStruct->RTC_H12 = (uint8_t)((tmptime & (RTC_TR_PM)) >> 16);  
 2977              		.loc 1 2041 36 view .LVU975
 2978 0024 AB70     		strb	r3, [r5, #2]
2042:./Libraries/src/stm32f4xx_rtc.c **** 
 2979              		.loc 1 2042 3 is_stmt 1 view .LVU976
2042:./Libraries/src/stm32f4xx_rtc.c **** 
 2980              		.loc 1 2042 34 is_stmt 0 view .LVU977
 2981 0026 01F04003 		and	r3, r1, #64
2042:./Libraries/src/stm32f4xx_rtc.c **** 
ARM GAS  /tmp/ccgzaD3d.s 			page 117


 2982              		.loc 1 2042 32 view .LVU978
 2983 002a EB70     		strb	r3, [r5, #3]
2045:./Libraries/src/stm32f4xx_rtc.c ****   RTC_StampDateStruct->RTC_Month = (uint8_t)((tmpdate & (RTC_DR_MT | RTC_DR_MU)) >> 8);
 2984              		.loc 1 2045 3 is_stmt 1 view .LVU979
2045:./Libraries/src/stm32f4xx_rtc.c ****   RTC_StampDateStruct->RTC_Month = (uint8_t)((tmpdate & (RTC_DR_MT | RTC_DR_MU)) >> 8);
 2985              		.loc 1 2045 33 is_stmt 0 view .LVU980
 2986 002c 0023     		movs	r3, #0
 2987 002e E370     		strb	r3, [r4, #3]
2046:./Libraries/src/stm32f4xx_rtc.c ****   RTC_StampDateStruct->RTC_Date = (uint8_t)(tmpdate & (RTC_DR_DT | RTC_DR_DU));
 2988              		.loc 1 2046 3 is_stmt 1 view .LVU981
2046:./Libraries/src/stm32f4xx_rtc.c ****   RTC_StampDateStruct->RTC_Date = (uint8_t)(tmpdate & (RTC_DR_DT | RTC_DR_DU));
 2989              		.loc 1 2046 36 is_stmt 0 view .LVU982
 2990 0030 C2F30423 		ubfx	r3, r2, #8, #5
2046:./Libraries/src/stm32f4xx_rtc.c ****   RTC_StampDateStruct->RTC_Date = (uint8_t)(tmpdate & (RTC_DR_DT | RTC_DR_DU));
 2991              		.loc 1 2046 34 view .LVU983
 2992 0034 6370     		strb	r3, [r4, #1]
2047:./Libraries/src/stm32f4xx_rtc.c ****   RTC_StampDateStruct->RTC_WeekDay = (uint8_t)((tmpdate & (RTC_DR_WDU)) >> 13);
 2993              		.loc 1 2047 3 is_stmt 1 view .LVU984
2047:./Libraries/src/stm32f4xx_rtc.c ****   RTC_StampDateStruct->RTC_WeekDay = (uint8_t)((tmpdate & (RTC_DR_WDU)) >> 13);
 2994              		.loc 1 2047 35 is_stmt 0 view .LVU985
 2995 0036 02F03F03 		and	r3, r2, #63
2047:./Libraries/src/stm32f4xx_rtc.c ****   RTC_StampDateStruct->RTC_WeekDay = (uint8_t)((tmpdate & (RTC_DR_WDU)) >> 13);
 2996              		.loc 1 2047 33 view .LVU986
 2997 003a A370     		strb	r3, [r4, #2]
2048:./Libraries/src/stm32f4xx_rtc.c **** 
 2998              		.loc 1 2048 3 is_stmt 1 view .LVU987
2048:./Libraries/src/stm32f4xx_rtc.c **** 
 2999              		.loc 1 2048 38 is_stmt 0 view .LVU988
 3000 003c C2F34232 		ubfx	r2, r2, #13, #3
 3001              	.LVL210:
2048:./Libraries/src/stm32f4xx_rtc.c **** 
 3002              		.loc 1 2048 36 view .LVU989
 3003 0040 2270     		strb	r2, [r4]
2051:./Libraries/src/stm32f4xx_rtc.c ****   {
 3004              		.loc 1 2051 3 is_stmt 1 view .LVU990
2051:./Libraries/src/stm32f4xx_rtc.c ****   {
 3005              		.loc 1 2051 6 is_stmt 0 view .LVU991
 3006 0042 B8B9     		cbnz	r0, .L206
2054:./Libraries/src/stm32f4xx_rtc.c ****     RTC_StampTimeStruct->RTC_Minutes = (uint8_t)RTC_Bcd2ToByte(RTC_StampTimeStruct->RTC_Minutes);
 3007              		.loc 1 2054 5 is_stmt 1 view .LVU992
2054:./Libraries/src/stm32f4xx_rtc.c ****     RTC_StampTimeStruct->RTC_Minutes = (uint8_t)RTC_Bcd2ToByte(RTC_StampTimeStruct->RTC_Minutes);
 3008              		.loc 1 2054 47 is_stmt 0 view .LVU993
 3009 0044 2878     		ldrb	r0, [r5]	@ zero_extendqisi2
 3010              	.LVL211:
2054:./Libraries/src/stm32f4xx_rtc.c ****     RTC_StampTimeStruct->RTC_Minutes = (uint8_t)RTC_Bcd2ToByte(RTC_StampTimeStruct->RTC_Minutes);
 3011              		.loc 1 2054 47 view .LVU994
 3012 0046 FFF7FEFF 		bl	RTC_Bcd2ToByte
 3013              	.LVL212:
2054:./Libraries/src/stm32f4xx_rtc.c ****     RTC_StampTimeStruct->RTC_Minutes = (uint8_t)RTC_Bcd2ToByte(RTC_StampTimeStruct->RTC_Minutes);
 3014              		.loc 1 2054 36 discriminator 1 view .LVU995
 3015 004a 2870     		strb	r0, [r5]
2055:./Libraries/src/stm32f4xx_rtc.c ****     RTC_StampTimeStruct->RTC_Seconds = (uint8_t)RTC_Bcd2ToByte(RTC_StampTimeStruct->RTC_Seconds);
 3016              		.loc 1 2055 5 is_stmt 1 view .LVU996
2055:./Libraries/src/stm32f4xx_rtc.c ****     RTC_StampTimeStruct->RTC_Seconds = (uint8_t)RTC_Bcd2ToByte(RTC_StampTimeStruct->RTC_Seconds);
 3017              		.loc 1 2055 49 is_stmt 0 view .LVU997
 3018 004c 6878     		ldrb	r0, [r5, #1]	@ zero_extendqisi2
 3019 004e FFF7FEFF 		bl	RTC_Bcd2ToByte
ARM GAS  /tmp/ccgzaD3d.s 			page 118


 3020              	.LVL213:
2055:./Libraries/src/stm32f4xx_rtc.c ****     RTC_StampTimeStruct->RTC_Seconds = (uint8_t)RTC_Bcd2ToByte(RTC_StampTimeStruct->RTC_Seconds);
 3021              		.loc 1 2055 38 discriminator 1 view .LVU998
 3022 0052 6870     		strb	r0, [r5, #1]
2056:./Libraries/src/stm32f4xx_rtc.c **** 
 3023              		.loc 1 2056 5 is_stmt 1 view .LVU999
2056:./Libraries/src/stm32f4xx_rtc.c **** 
 3024              		.loc 1 2056 49 is_stmt 0 view .LVU1000
 3025 0054 A878     		ldrb	r0, [r5, #2]	@ zero_extendqisi2
 3026 0056 FFF7FEFF 		bl	RTC_Bcd2ToByte
 3027              	.LVL214:
2056:./Libraries/src/stm32f4xx_rtc.c **** 
 3028              		.loc 1 2056 38 discriminator 1 view .LVU1001
 3029 005a A870     		strb	r0, [r5, #2]
2059:./Libraries/src/stm32f4xx_rtc.c ****     RTC_StampDateStruct->RTC_Date = (uint8_t)RTC_Bcd2ToByte(RTC_StampDateStruct->RTC_Date);
 3030              		.loc 1 2059 5 is_stmt 1 view .LVU1002
2059:./Libraries/src/stm32f4xx_rtc.c ****     RTC_StampDateStruct->RTC_Date = (uint8_t)RTC_Bcd2ToByte(RTC_StampDateStruct->RTC_Date);
 3031              		.loc 1 2059 47 is_stmt 0 view .LVU1003
 3032 005c 6078     		ldrb	r0, [r4, #1]	@ zero_extendqisi2
 3033 005e FFF7FEFF 		bl	RTC_Bcd2ToByte
 3034              	.LVL215:
2059:./Libraries/src/stm32f4xx_rtc.c ****     RTC_StampDateStruct->RTC_Date = (uint8_t)RTC_Bcd2ToByte(RTC_StampDateStruct->RTC_Date);
 3035              		.loc 1 2059 36 discriminator 1 view .LVU1004
 3036 0062 6070     		strb	r0, [r4, #1]
2060:./Libraries/src/stm32f4xx_rtc.c ****     RTC_StampDateStruct->RTC_WeekDay = (uint8_t)RTC_Bcd2ToByte(RTC_StampDateStruct->RTC_WeekDay);
 3037              		.loc 1 2060 5 is_stmt 1 view .LVU1005
2060:./Libraries/src/stm32f4xx_rtc.c ****     RTC_StampDateStruct->RTC_WeekDay = (uint8_t)RTC_Bcd2ToByte(RTC_StampDateStruct->RTC_WeekDay);
 3038              		.loc 1 2060 46 is_stmt 0 view .LVU1006
 3039 0064 A078     		ldrb	r0, [r4, #2]	@ zero_extendqisi2
 3040 0066 FFF7FEFF 		bl	RTC_Bcd2ToByte
 3041              	.LVL216:
2060:./Libraries/src/stm32f4xx_rtc.c ****     RTC_StampDateStruct->RTC_WeekDay = (uint8_t)RTC_Bcd2ToByte(RTC_StampDateStruct->RTC_WeekDay);
 3042              		.loc 1 2060 35 discriminator 1 view .LVU1007
 3043 006a A070     		strb	r0, [r4, #2]
2061:./Libraries/src/stm32f4xx_rtc.c ****   }
 3044              		.loc 1 2061 5 is_stmt 1 view .LVU1008
2061:./Libraries/src/stm32f4xx_rtc.c ****   }
 3045              		.loc 1 2061 49 is_stmt 0 view .LVU1009
 3046 006c 2078     		ldrb	r0, [r4]	@ zero_extendqisi2
 3047 006e FFF7FEFF 		bl	RTC_Bcd2ToByte
 3048              	.LVL217:
2061:./Libraries/src/stm32f4xx_rtc.c ****   }
 3049              		.loc 1 2061 38 discriminator 1 view .LVU1010
 3050 0072 2070     		strb	r0, [r4]
 3051              	.L206:
2063:./Libraries/src/stm32f4xx_rtc.c **** 
 3052              		.loc 1 2063 1 view .LVU1011
 3053 0074 38BD     		pop	{r3, r4, r5, pc}
 3054              	.LVL218:
 3055              	.L210:
2063:./Libraries/src/stm32f4xx_rtc.c **** 
 3056              		.loc 1 2063 1 view .LVU1012
 3057 0076 00BF     		.align	2
 3058              	.L209:
 3059 0078 00280040 		.word	1073752064
 3060              		.cfi_endproc
 3061              	.LFE158:
ARM GAS  /tmp/ccgzaD3d.s 			page 119


 3063              		.section	.text.RTC_GetTimeStampSubSecond,"ax",%progbits
 3064              		.align	1
 3065              		.global	RTC_GetTimeStampSubSecond
 3066              		.syntax unified
 3067              		.thumb
 3068              		.thumb_func
 3070              	RTC_GetTimeStampSubSecond:
 3071              	.LFB159:
2071:./Libraries/src/stm32f4xx_rtc.c ****   /* Get timestamp sub seconds values from the correspondent registers */
 3072              		.loc 1 2071 1 is_stmt 1 view -0
 3073              		.cfi_startproc
 3074              		@ args = 0, pretend = 0, frame = 0
 3075              		@ frame_needed = 0, uses_anonymous_args = 0
 3076              		@ link register save eliminated.
2073:./Libraries/src/stm32f4xx_rtc.c **** }
 3077              		.loc 1 2073 3 view .LVU1014
2073:./Libraries/src/stm32f4xx_rtc.c **** }
 3078              		.loc 1 2073 10 is_stmt 0 view .LVU1015
 3079 0000 014B     		ldr	r3, .L212
 3080 0002 986B     		ldr	r0, [r3, #56]
2074:./Libraries/src/stm32f4xx_rtc.c **** 
 3081              		.loc 1 2074 1 view .LVU1016
 3082 0004 7047     		bx	lr
 3083              	.L213:
 3084 0006 00BF     		.align	2
 3085              	.L212:
 3086 0008 00280040 		.word	1073752064
 3087              		.cfi_endproc
 3088              	.LFE159:
 3090              		.section	.text.RTC_TamperTriggerConfig,"ax",%progbits
 3091              		.align	1
 3092              		.global	RTC_TamperTriggerConfig
 3093              		.syntax unified
 3094              		.thumb
 3095              		.thumb_func
 3097              	RTC_TamperTriggerConfig:
 3098              	.LVL219:
 3099              	.LFB160:
2106:./Libraries/src/stm32f4xx_rtc.c ****   /* Check the parameters */
 3100              		.loc 1 2106 1 is_stmt 1 view -0
 3101              		.cfi_startproc
 3102              		@ args = 0, pretend = 0, frame = 0
 3103              		@ frame_needed = 0, uses_anonymous_args = 0
 3104              		@ link register save eliminated.
2108:./Libraries/src/stm32f4xx_rtc.c ****   assert_param(IS_RTC_TAMPER_TRIGGER(RTC_TamperTrigger));
 3105              		.loc 1 2108 3 view .LVU1018
2109:./Libraries/src/stm32f4xx_rtc.c ****  
 3106              		.loc 1 2109 3 view .LVU1019
2111:./Libraries/src/stm32f4xx_rtc.c ****   {  
 3107              		.loc 1 2111 3 view .LVU1020
2111:./Libraries/src/stm32f4xx_rtc.c ****   {  
 3108              		.loc 1 2111 6 is_stmt 0 view .LVU1021
 3109 0000 29B9     		cbnz	r1, .L215
2114:./Libraries/src/stm32f4xx_rtc.c ****   }
 3110              		.loc 1 2114 5 is_stmt 1 view .LVU1022
2114:./Libraries/src/stm32f4xx_rtc.c ****   }
 3111              		.loc 1 2114 8 is_stmt 0 view .LVU1023
ARM GAS  /tmp/ccgzaD3d.s 			page 120


 3112 0002 064A     		ldr	r2, .L217
 3113 0004 136C     		ldr	r3, [r2, #64]
2114:./Libraries/src/stm32f4xx_rtc.c ****   }
 3114              		.loc 1 2114 16 view .LVU1024
 3115 0006 23EA4003 		bic	r3, r3, r0, lsl #1
 3116 000a 1364     		str	r3, [r2, #64]
 3117 000c 7047     		bx	lr
 3118              	.L215:
2119:./Libraries/src/stm32f4xx_rtc.c ****   }  
 3119              		.loc 1 2119 5 is_stmt 1 view .LVU1025
2119:./Libraries/src/stm32f4xx_rtc.c ****   }  
 3120              		.loc 1 2119 8 is_stmt 0 view .LVU1026
 3121 000e 034A     		ldr	r2, .L217
 3122 0010 136C     		ldr	r3, [r2, #64]
2119:./Libraries/src/stm32f4xx_rtc.c ****   }  
 3123              		.loc 1 2119 16 view .LVU1027
 3124 0012 43EA4003 		orr	r3, r3, r0, lsl #1
 3125 0016 1364     		str	r3, [r2, #64]
2121:./Libraries/src/stm32f4xx_rtc.c **** 
 3126              		.loc 1 2121 1 view .LVU1028
 3127 0018 7047     		bx	lr
 3128              	.L218:
 3129 001a 00BF     		.align	2
 3130              	.L217:
 3131 001c 00280040 		.word	1073752064
 3132              		.cfi_endproc
 3133              	.LFE160:
 3135              		.section	.text.RTC_TamperCmd,"ax",%progbits
 3136              		.align	1
 3137              		.global	RTC_TamperCmd
 3138              		.syntax unified
 3139              		.thumb
 3140              		.thumb_func
 3142              	RTC_TamperCmd:
 3143              	.LVL220:
 3144              	.LFB161:
2132:./Libraries/src/stm32f4xx_rtc.c ****   /* Check the parameters */
 3145              		.loc 1 2132 1 is_stmt 1 view -0
 3146              		.cfi_startproc
 3147              		@ args = 0, pretend = 0, frame = 0
 3148              		@ frame_needed = 0, uses_anonymous_args = 0
 3149              		@ link register save eliminated.
2134:./Libraries/src/stm32f4xx_rtc.c ****   assert_param(IS_FUNCTIONAL_STATE(NewState));
 3150              		.loc 1 2134 3 view .LVU1030
2135:./Libraries/src/stm32f4xx_rtc.c ****   
 3151              		.loc 1 2135 3 view .LVU1031
2137:./Libraries/src/stm32f4xx_rtc.c ****   {
 3152              		.loc 1 2137 3 view .LVU1032
2137:./Libraries/src/stm32f4xx_rtc.c ****   {
 3153              		.loc 1 2137 6 is_stmt 0 view .LVU1033
 3154 0000 21B1     		cbz	r1, .L220
2140:./Libraries/src/stm32f4xx_rtc.c ****   }
 3155              		.loc 1 2140 5 is_stmt 1 view .LVU1034
2140:./Libraries/src/stm32f4xx_rtc.c ****   }
 3156              		.loc 1 2140 8 is_stmt 0 view .LVU1035
 3157 0002 054A     		ldr	r2, .L222
 3158 0004 136C     		ldr	r3, [r2, #64]
ARM GAS  /tmp/ccgzaD3d.s 			page 121


2140:./Libraries/src/stm32f4xx_rtc.c ****   }
 3159              		.loc 1 2140 16 view .LVU1036
 3160 0006 0343     		orrs	r3, r3, r0
 3161 0008 1364     		str	r3, [r2, #64]
 3162 000a 7047     		bx	lr
 3163              	.L220:
2145:./Libraries/src/stm32f4xx_rtc.c ****   }  
 3164              		.loc 1 2145 5 is_stmt 1 view .LVU1037
2145:./Libraries/src/stm32f4xx_rtc.c ****   }  
 3165              		.loc 1 2145 8 is_stmt 0 view .LVU1038
 3166 000c 024A     		ldr	r2, .L222
 3167 000e 136C     		ldr	r3, [r2, #64]
2145:./Libraries/src/stm32f4xx_rtc.c ****   }  
 3168              		.loc 1 2145 16 view .LVU1039
 3169 0010 23EA0003 		bic	r3, r3, r0
 3170 0014 1364     		str	r3, [r2, #64]
2147:./Libraries/src/stm32f4xx_rtc.c **** 
 3171              		.loc 1 2147 1 view .LVU1040
 3172 0016 7047     		bx	lr
 3173              	.L223:
 3174              		.align	2
 3175              	.L222:
 3176 0018 00280040 		.word	1073752064
 3177              		.cfi_endproc
 3178              	.LFE161:
 3180              		.section	.text.RTC_TamperFilterConfig,"ax",%progbits
 3181              		.align	1
 3182              		.global	RTC_TamperFilterConfig
 3183              		.syntax unified
 3184              		.thumb
 3185              		.thumb_func
 3187              	RTC_TamperFilterConfig:
 3188              	.LVL221:
 3189              	.LFB162:
2163:./Libraries/src/stm32f4xx_rtc.c ****   /* Check the parameters */
 3190              		.loc 1 2163 1 is_stmt 1 view -0
 3191              		.cfi_startproc
 3192              		@ args = 0, pretend = 0, frame = 0
 3193              		@ frame_needed = 0, uses_anonymous_args = 0
 3194              		@ link register save eliminated.
2165:./Libraries/src/stm32f4xx_rtc.c ****    
 3195              		.loc 1 2165 3 view .LVU1042
2168:./Libraries/src/stm32f4xx_rtc.c **** 
 3196              		.loc 1 2168 3 view .LVU1043
2168:./Libraries/src/stm32f4xx_rtc.c **** 
 3197              		.loc 1 2168 6 is_stmt 0 view .LVU1044
 3198 0000 044B     		ldr	r3, .L225
 3199 0002 1A6C     		ldr	r2, [r3, #64]
2168:./Libraries/src/stm32f4xx_rtc.c **** 
 3200              		.loc 1 2168 14 view .LVU1045
 3201 0004 22F4C052 		bic	r2, r2, #6144
 3202 0008 1A64     		str	r2, [r3, #64]
2171:./Libraries/src/stm32f4xx_rtc.c **** }
 3203              		.loc 1 2171 3 is_stmt 1 view .LVU1046
2171:./Libraries/src/stm32f4xx_rtc.c **** }
 3204              		.loc 1 2171 6 is_stmt 0 view .LVU1047
 3205 000a 1A6C     		ldr	r2, [r3, #64]
ARM GAS  /tmp/ccgzaD3d.s 			page 122


2171:./Libraries/src/stm32f4xx_rtc.c **** }
 3206              		.loc 1 2171 14 view .LVU1048
 3207 000c 0243     		orrs	r2, r2, r0
 3208 000e 1A64     		str	r2, [r3, #64]
2172:./Libraries/src/stm32f4xx_rtc.c **** 
 3209              		.loc 1 2172 1 view .LVU1049
 3210 0010 7047     		bx	lr
 3211              	.L226:
 3212 0012 00BF     		.align	2
 3213              	.L225:
 3214 0014 00280040 		.word	1073752064
 3215              		.cfi_endproc
 3216              	.LFE162:
 3218              		.section	.text.RTC_TamperSamplingFreqConfig,"ax",%progbits
 3219              		.align	1
 3220              		.global	RTC_TamperSamplingFreqConfig
 3221              		.syntax unified
 3222              		.thumb
 3223              		.thumb_func
 3225              	RTC_TamperSamplingFreqConfig:
 3226              	.LVL222:
 3227              	.LFB163:
2197:./Libraries/src/stm32f4xx_rtc.c ****   /* Check the parameters */
 3228              		.loc 1 2197 1 is_stmt 1 view -0
 3229              		.cfi_startproc
 3230              		@ args = 0, pretend = 0, frame = 0
 3231              		@ frame_needed = 0, uses_anonymous_args = 0
 3232              		@ link register save eliminated.
2199:./Libraries/src/stm32f4xx_rtc.c ****  
 3233              		.loc 1 2199 3 view .LVU1051
2202:./Libraries/src/stm32f4xx_rtc.c **** 
 3234              		.loc 1 2202 3 view .LVU1052
2202:./Libraries/src/stm32f4xx_rtc.c **** 
 3235              		.loc 1 2202 6 is_stmt 0 view .LVU1053
 3236 0000 044B     		ldr	r3, .L228
 3237 0002 1A6C     		ldr	r2, [r3, #64]
2202:./Libraries/src/stm32f4xx_rtc.c **** 
 3238              		.loc 1 2202 14 view .LVU1054
 3239 0004 22F4E062 		bic	r2, r2, #1792
 3240 0008 1A64     		str	r2, [r3, #64]
2205:./Libraries/src/stm32f4xx_rtc.c **** }
 3241              		.loc 1 2205 3 is_stmt 1 view .LVU1055
2205:./Libraries/src/stm32f4xx_rtc.c **** }
 3242              		.loc 1 2205 6 is_stmt 0 view .LVU1056
 3243 000a 1A6C     		ldr	r2, [r3, #64]
2205:./Libraries/src/stm32f4xx_rtc.c **** }
 3244              		.loc 1 2205 14 view .LVU1057
 3245 000c 0243     		orrs	r2, r2, r0
 3246 000e 1A64     		str	r2, [r3, #64]
2206:./Libraries/src/stm32f4xx_rtc.c **** 
 3247              		.loc 1 2206 1 view .LVU1058
 3248 0010 7047     		bx	lr
 3249              	.L229:
 3250 0012 00BF     		.align	2
 3251              	.L228:
 3252 0014 00280040 		.word	1073752064
 3253              		.cfi_endproc
ARM GAS  /tmp/ccgzaD3d.s 			page 123


 3254              	.LFE163:
 3256              		.section	.text.RTC_TamperPinsPrechargeDuration,"ax",%progbits
 3257              		.align	1
 3258              		.global	RTC_TamperPinsPrechargeDuration
 3259              		.syntax unified
 3260              		.thumb
 3261              		.thumb_func
 3263              	RTC_TamperPinsPrechargeDuration:
 3264              	.LVL223:
 3265              	.LFB164:
2220:./Libraries/src/stm32f4xx_rtc.c ****   /* Check the parameters */
 3266              		.loc 1 2220 1 is_stmt 1 view -0
 3267              		.cfi_startproc
 3268              		@ args = 0, pretend = 0, frame = 0
 3269              		@ frame_needed = 0, uses_anonymous_args = 0
 3270              		@ link register save eliminated.
2222:./Libraries/src/stm32f4xx_rtc.c ****    
 3271              		.loc 1 2222 3 view .LVU1060
2225:./Libraries/src/stm32f4xx_rtc.c **** 
 3272              		.loc 1 2225 3 view .LVU1061
2225:./Libraries/src/stm32f4xx_rtc.c **** 
 3273              		.loc 1 2225 6 is_stmt 0 view .LVU1062
 3274 0000 044B     		ldr	r3, .L231
 3275 0002 1A6C     		ldr	r2, [r3, #64]
2225:./Libraries/src/stm32f4xx_rtc.c **** 
 3276              		.loc 1 2225 14 view .LVU1063
 3277 0004 22F4C042 		bic	r2, r2, #24576
 3278 0008 1A64     		str	r2, [r3, #64]
2228:./Libraries/src/stm32f4xx_rtc.c **** }
 3279              		.loc 1 2228 3 is_stmt 1 view .LVU1064
2228:./Libraries/src/stm32f4xx_rtc.c **** }
 3280              		.loc 1 2228 6 is_stmt 0 view .LVU1065
 3281 000a 1A6C     		ldr	r2, [r3, #64]
2228:./Libraries/src/stm32f4xx_rtc.c **** }
 3282              		.loc 1 2228 14 view .LVU1066
 3283 000c 0243     		orrs	r2, r2, r0
 3284 000e 1A64     		str	r2, [r3, #64]
2229:./Libraries/src/stm32f4xx_rtc.c **** 
 3285              		.loc 1 2229 1 view .LVU1067
 3286 0010 7047     		bx	lr
 3287              	.L232:
 3288 0012 00BF     		.align	2
 3289              	.L231:
 3290 0014 00280040 		.word	1073752064
 3291              		.cfi_endproc
 3292              	.LFE164:
 3294              		.section	.text.RTC_TimeStampOnTamperDetectionCmd,"ax",%progbits
 3295              		.align	1
 3296              		.global	RTC_TimeStampOnTamperDetectionCmd
 3297              		.syntax unified
 3298              		.thumb
 3299              		.thumb_func
 3301              	RTC_TimeStampOnTamperDetectionCmd:
 3302              	.LVL224:
 3303              	.LFB165:
2240:./Libraries/src/stm32f4xx_rtc.c ****   /* Check the parameters */
 3304              		.loc 1 2240 1 is_stmt 1 view -0
ARM GAS  /tmp/ccgzaD3d.s 			page 124


 3305              		.cfi_startproc
 3306              		@ args = 0, pretend = 0, frame = 0
 3307              		@ frame_needed = 0, uses_anonymous_args = 0
 3308              		@ link register save eliminated.
2242:./Libraries/src/stm32f4xx_rtc.c ****    
 3309              		.loc 1 2242 3 view .LVU1069
2244:./Libraries/src/stm32f4xx_rtc.c ****   {
 3310              		.loc 1 2244 3 view .LVU1070
2244:./Libraries/src/stm32f4xx_rtc.c ****   {
 3311              		.loc 1 2244 6 is_stmt 0 view .LVU1071
 3312 0000 28B1     		cbz	r0, .L234
2247:./Libraries/src/stm32f4xx_rtc.c ****   }
 3313              		.loc 1 2247 5 is_stmt 1 view .LVU1072
2247:./Libraries/src/stm32f4xx_rtc.c ****   }
 3314              		.loc 1 2247 8 is_stmt 0 view .LVU1073
 3315 0002 064A     		ldr	r2, .L236
 3316 0004 136C     		ldr	r3, [r2, #64]
2247:./Libraries/src/stm32f4xx_rtc.c ****   }
 3317              		.loc 1 2247 16 view .LVU1074
 3318 0006 43F08003 		orr	r3, r3, #128
 3319 000a 1364     		str	r3, [r2, #64]
 3320 000c 7047     		bx	lr
 3321              	.L234:
2252:./Libraries/src/stm32f4xx_rtc.c ****   }
 3322              		.loc 1 2252 5 is_stmt 1 view .LVU1075
2252:./Libraries/src/stm32f4xx_rtc.c ****   }
 3323              		.loc 1 2252 8 is_stmt 0 view .LVU1076
 3324 000e 034A     		ldr	r2, .L236
 3325 0010 136C     		ldr	r3, [r2, #64]
2252:./Libraries/src/stm32f4xx_rtc.c ****   }
 3326              		.loc 1 2252 16 view .LVU1077
 3327 0012 23F08003 		bic	r3, r3, #128
 3328 0016 1364     		str	r3, [r2, #64]
2254:./Libraries/src/stm32f4xx_rtc.c **** 
 3329              		.loc 1 2254 1 view .LVU1078
 3330 0018 7047     		bx	lr
 3331              	.L237:
 3332 001a 00BF     		.align	2
 3333              	.L236:
 3334 001c 00280040 		.word	1073752064
 3335              		.cfi_endproc
 3336              	.LFE165:
 3338              		.section	.text.RTC_TamperPullUpCmd,"ax",%progbits
 3339              		.align	1
 3340              		.global	RTC_TamperPullUpCmd
 3341              		.syntax unified
 3342              		.thumb
 3343              		.thumb_func
 3345              	RTC_TamperPullUpCmd:
 3346              	.LVL225:
 3347              	.LFB166:
2263:./Libraries/src/stm32f4xx_rtc.c ****   /* Check the parameters */
 3348              		.loc 1 2263 1 is_stmt 1 view -0
 3349              		.cfi_startproc
 3350              		@ args = 0, pretend = 0, frame = 0
 3351              		@ frame_needed = 0, uses_anonymous_args = 0
 3352              		@ link register save eliminated.
ARM GAS  /tmp/ccgzaD3d.s 			page 125


2265:./Libraries/src/stm32f4xx_rtc.c ****   
 3353              		.loc 1 2265 3 view .LVU1080
2267:./Libraries/src/stm32f4xx_rtc.c ****   {
 3354              		.loc 1 2267 2 view .LVU1081
2267:./Libraries/src/stm32f4xx_rtc.c ****   {
 3355              		.loc 1 2267 5 is_stmt 0 view .LVU1082
 3356 0000 28B1     		cbz	r0, .L239
2270:./Libraries/src/stm32f4xx_rtc.c ****   }
 3357              		.loc 1 2270 5 is_stmt 1 view .LVU1083
2270:./Libraries/src/stm32f4xx_rtc.c ****   }
 3358              		.loc 1 2270 8 is_stmt 0 view .LVU1084
 3359 0002 064A     		ldr	r2, .L241
 3360 0004 136C     		ldr	r3, [r2, #64]
2270:./Libraries/src/stm32f4xx_rtc.c ****   }
 3361              		.loc 1 2270 16 view .LVU1085
 3362 0006 23F40043 		bic	r3, r3, #32768
 3363 000a 1364     		str	r3, [r2, #64]
 3364 000c 7047     		bx	lr
 3365              	.L239:
2275:./Libraries/src/stm32f4xx_rtc.c ****   } 
 3366              		.loc 1 2275 5 is_stmt 1 view .LVU1086
2275:./Libraries/src/stm32f4xx_rtc.c ****   } 
 3367              		.loc 1 2275 8 is_stmt 0 view .LVU1087
 3368 000e 034A     		ldr	r2, .L241
 3369 0010 136C     		ldr	r3, [r2, #64]
2275:./Libraries/src/stm32f4xx_rtc.c ****   } 
 3370              		.loc 1 2275 16 view .LVU1088
 3371 0012 43F40043 		orr	r3, r3, #32768
 3372 0016 1364     		str	r3, [r2, #64]
2277:./Libraries/src/stm32f4xx_rtc.c **** 
 3373              		.loc 1 2277 1 view .LVU1089
 3374 0018 7047     		bx	lr
 3375              	.L242:
 3376 001a 00BF     		.align	2
 3377              	.L241:
 3378 001c 00280040 		.word	1073752064
 3379              		.cfi_endproc
 3380              	.LFE166:
 3382              		.section	.text.RTC_WriteBackupRegister,"ax",%progbits
 3383              		.align	1
 3384              		.global	RTC_WriteBackupRegister
 3385              		.syntax unified
 3386              		.thumb
 3387              		.thumb_func
 3389              	RTC_WriteBackupRegister:
 3390              	.LVL226:
 3391              	.LFB167:
2304:./Libraries/src/stm32f4xx_rtc.c ****   __IO uint32_t tmp = 0;
 3392              		.loc 1 2304 1 is_stmt 1 view -0
 3393              		.cfi_startproc
 3394              		@ args = 0, pretend = 0, frame = 8
 3395              		@ frame_needed = 0, uses_anonymous_args = 0
 3396              		@ link register save eliminated.
2304:./Libraries/src/stm32f4xx_rtc.c ****   __IO uint32_t tmp = 0;
 3397              		.loc 1 2304 1 is_stmt 0 view .LVU1091
 3398 0000 82B0     		sub	sp, sp, #8
 3399              	.LCFI33:
ARM GAS  /tmp/ccgzaD3d.s 			page 126


 3400              		.cfi_def_cfa_offset 8
2305:./Libraries/src/stm32f4xx_rtc.c ****   
 3401              		.loc 1 2305 3 is_stmt 1 view .LVU1092
2305:./Libraries/src/stm32f4xx_rtc.c ****   
 3402              		.loc 1 2305 17 is_stmt 0 view .LVU1093
 3403 0002 0023     		movs	r3, #0
 3404 0004 0193     		str	r3, [sp, #4]
2308:./Libraries/src/stm32f4xx_rtc.c **** 
 3405              		.loc 1 2308 3 is_stmt 1 view .LVU1094
2310:./Libraries/src/stm32f4xx_rtc.c ****   tmp += (RTC_BKP_DR * 4);
 3406              		.loc 1 2310 3 view .LVU1095
2310:./Libraries/src/stm32f4xx_rtc.c ****   tmp += (RTC_BKP_DR * 4);
 3407              		.loc 1 2310 7 is_stmt 0 view .LVU1096
 3408 0006 054B     		ldr	r3, .L245
 3409 0008 0193     		str	r3, [sp, #4]
2311:./Libraries/src/stm32f4xx_rtc.c **** 
 3410              		.loc 1 2311 3 is_stmt 1 view .LVU1097
2311:./Libraries/src/stm32f4xx_rtc.c **** 
 3411              		.loc 1 2311 7 is_stmt 0 view .LVU1098
 3412 000a 019B     		ldr	r3, [sp, #4]
 3413 000c 03EB8003 		add	r3, r3, r0, lsl #2
 3414 0010 0193     		str	r3, [sp, #4]
2314:./Libraries/src/stm32f4xx_rtc.c **** }
 3415              		.loc 1 2314 3 is_stmt 1 view .LVU1099
2314:./Libraries/src/stm32f4xx_rtc.c **** }
 3416              		.loc 1 2314 4 is_stmt 0 view .LVU1100
 3417 0012 019B     		ldr	r3, [sp, #4]
2314:./Libraries/src/stm32f4xx_rtc.c **** }
 3418              		.loc 1 2314 25 view .LVU1101
 3419 0014 1960     		str	r1, [r3]
2315:./Libraries/src/stm32f4xx_rtc.c **** 
 3420              		.loc 1 2315 1 view .LVU1102
 3421 0016 02B0     		add	sp, sp, #8
 3422              	.LCFI34:
 3423              		.cfi_def_cfa_offset 0
 3424              		@ sp needed
 3425 0018 7047     		bx	lr
 3426              	.L246:
 3427 001a 00BF     		.align	2
 3428              	.L245:
 3429 001c 50280040 		.word	1073752144
 3430              		.cfi_endproc
 3431              	.LFE167:
 3433              		.section	.text.RTC_ReadBackupRegister,"ax",%progbits
 3434              		.align	1
 3435              		.global	RTC_ReadBackupRegister
 3436              		.syntax unified
 3437              		.thumb
 3438              		.thumb_func
 3440              	RTC_ReadBackupRegister:
 3441              	.LVL227:
 3442              	.LFB168:
2325:./Libraries/src/stm32f4xx_rtc.c ****   __IO uint32_t tmp = 0;
 3443              		.loc 1 2325 1 is_stmt 1 view -0
 3444              		.cfi_startproc
 3445              		@ args = 0, pretend = 0, frame = 8
 3446              		@ frame_needed = 0, uses_anonymous_args = 0
ARM GAS  /tmp/ccgzaD3d.s 			page 127


 3447              		@ link register save eliminated.
2325:./Libraries/src/stm32f4xx_rtc.c ****   __IO uint32_t tmp = 0;
 3448              		.loc 1 2325 1 is_stmt 0 view .LVU1104
 3449 0000 82B0     		sub	sp, sp, #8
 3450              	.LCFI35:
 3451              		.cfi_def_cfa_offset 8
2326:./Libraries/src/stm32f4xx_rtc.c ****   
 3452              		.loc 1 2326 3 is_stmt 1 view .LVU1105
2326:./Libraries/src/stm32f4xx_rtc.c ****   
 3453              		.loc 1 2326 17 is_stmt 0 view .LVU1106
 3454 0002 0023     		movs	r3, #0
 3455 0004 0193     		str	r3, [sp, #4]
2329:./Libraries/src/stm32f4xx_rtc.c **** 
 3456              		.loc 1 2329 3 is_stmt 1 view .LVU1107
2331:./Libraries/src/stm32f4xx_rtc.c ****   tmp += (RTC_BKP_DR * 4);
 3457              		.loc 1 2331 3 view .LVU1108
2331:./Libraries/src/stm32f4xx_rtc.c ****   tmp += (RTC_BKP_DR * 4);
 3458              		.loc 1 2331 7 is_stmt 0 view .LVU1109
 3459 0006 054B     		ldr	r3, .L249
 3460 0008 0193     		str	r3, [sp, #4]
2332:./Libraries/src/stm32f4xx_rtc.c ****   
 3461              		.loc 1 2332 3 is_stmt 1 view .LVU1110
2332:./Libraries/src/stm32f4xx_rtc.c ****   
 3462              		.loc 1 2332 7 is_stmt 0 view .LVU1111
 3463 000a 019B     		ldr	r3, [sp, #4]
 3464 000c 03EB8003 		add	r3, r3, r0, lsl #2
 3465 0010 0193     		str	r3, [sp, #4]
2335:./Libraries/src/stm32f4xx_rtc.c **** }
 3466              		.loc 1 2335 3 is_stmt 1 view .LVU1112
2335:./Libraries/src/stm32f4xx_rtc.c **** }
 3467              		.loc 1 2335 12 is_stmt 0 view .LVU1113
 3468 0012 019B     		ldr	r3, [sp, #4]
2335:./Libraries/src/stm32f4xx_rtc.c **** }
 3469              		.loc 1 2335 11 view .LVU1114
 3470 0014 1868     		ldr	r0, [r3]
 3471              	.LVL228:
2336:./Libraries/src/stm32f4xx_rtc.c **** 
 3472              		.loc 1 2336 1 view .LVU1115
 3473 0016 02B0     		add	sp, sp, #8
 3474              	.LCFI36:
 3475              		.cfi_def_cfa_offset 0
 3476              		@ sp needed
 3477 0018 7047     		bx	lr
 3478              	.L250:
 3479 001a 00BF     		.align	2
 3480              	.L249:
 3481 001c 50280040 		.word	1073752144
 3482              		.cfi_endproc
 3483              	.LFE168:
 3485              		.section	.text.RTC_TamperPinSelection,"ax",%progbits
 3486              		.align	1
 3487              		.global	RTC_TamperPinSelection
 3488              		.syntax unified
 3489              		.thumb
 3490              		.thumb_func
 3492              	RTC_TamperPinSelection:
 3493              	.LVL229:
ARM GAS  /tmp/ccgzaD3d.s 			page 128


 3494              	.LFB169:
2364:./Libraries/src/stm32f4xx_rtc.c ****   /* Check the parameters */
 3495              		.loc 1 2364 1 is_stmt 1 view -0
 3496              		.cfi_startproc
 3497              		@ args = 0, pretend = 0, frame = 0
 3498              		@ frame_needed = 0, uses_anonymous_args = 0
 3499              		@ link register save eliminated.
2366:./Libraries/src/stm32f4xx_rtc.c ****   
 3500              		.loc 1 2366 3 view .LVU1117
2368:./Libraries/src/stm32f4xx_rtc.c ****   RTC->TAFCR |= (uint32_t)(RTC_TamperPin);  
 3501              		.loc 1 2368 3 view .LVU1118
2368:./Libraries/src/stm32f4xx_rtc.c ****   RTC->TAFCR |= (uint32_t)(RTC_TamperPin);  
 3502              		.loc 1 2368 6 is_stmt 0 view .LVU1119
 3503 0000 044B     		ldr	r3, .L252
 3504 0002 1A6C     		ldr	r2, [r3, #64]
2368:./Libraries/src/stm32f4xx_rtc.c ****   RTC->TAFCR |= (uint32_t)(RTC_TamperPin);  
 3505              		.loc 1 2368 14 view .LVU1120
 3506 0004 22F48032 		bic	r2, r2, #65536
 3507 0008 1A64     		str	r2, [r3, #64]
2369:./Libraries/src/stm32f4xx_rtc.c **** }
 3508              		.loc 1 2369 3 is_stmt 1 view .LVU1121
2369:./Libraries/src/stm32f4xx_rtc.c **** }
 3509              		.loc 1 2369 6 is_stmt 0 view .LVU1122
 3510 000a 1A6C     		ldr	r2, [r3, #64]
2369:./Libraries/src/stm32f4xx_rtc.c **** }
 3511              		.loc 1 2369 14 view .LVU1123
 3512 000c 0243     		orrs	r2, r2, r0
 3513 000e 1A64     		str	r2, [r3, #64]
2370:./Libraries/src/stm32f4xx_rtc.c **** 
 3514              		.loc 1 2370 1 view .LVU1124
 3515 0010 7047     		bx	lr
 3516              	.L253:
 3517 0012 00BF     		.align	2
 3518              	.L252:
 3519 0014 00280040 		.word	1073752064
 3520              		.cfi_endproc
 3521              	.LFE169:
 3523              		.section	.text.RTC_TimeStampPinSelection,"ax",%progbits
 3524              		.align	1
 3525              		.global	RTC_TimeStampPinSelection
 3526              		.syntax unified
 3527              		.thumb
 3528              		.thumb_func
 3530              	RTC_TimeStampPinSelection:
 3531              	.LVL230:
 3532              	.LFB170:
2381:./Libraries/src/stm32f4xx_rtc.c ****   /* Check the parameters */
 3533              		.loc 1 2381 1 is_stmt 1 view -0
 3534              		.cfi_startproc
 3535              		@ args = 0, pretend = 0, frame = 0
 3536              		@ frame_needed = 0, uses_anonymous_args = 0
 3537              		@ link register save eliminated.
2383:./Libraries/src/stm32f4xx_rtc.c ****   
 3538              		.loc 1 2383 3 view .LVU1126
2385:./Libraries/src/stm32f4xx_rtc.c ****   RTC->TAFCR |= (uint32_t)(RTC_TimeStampPin);  
 3539              		.loc 1 2385 3 view .LVU1127
2385:./Libraries/src/stm32f4xx_rtc.c ****   RTC->TAFCR |= (uint32_t)(RTC_TimeStampPin);  
ARM GAS  /tmp/ccgzaD3d.s 			page 129


 3540              		.loc 1 2385 6 is_stmt 0 view .LVU1128
 3541 0000 044B     		ldr	r3, .L255
 3542 0002 1A6C     		ldr	r2, [r3, #64]
2385:./Libraries/src/stm32f4xx_rtc.c ****   RTC->TAFCR |= (uint32_t)(RTC_TimeStampPin);  
 3543              		.loc 1 2385 14 view .LVU1129
 3544 0004 22F40032 		bic	r2, r2, #131072
 3545 0008 1A64     		str	r2, [r3, #64]
2386:./Libraries/src/stm32f4xx_rtc.c **** }
 3546              		.loc 1 2386 3 is_stmt 1 view .LVU1130
2386:./Libraries/src/stm32f4xx_rtc.c **** }
 3547              		.loc 1 2386 6 is_stmt 0 view .LVU1131
 3548 000a 1A6C     		ldr	r2, [r3, #64]
2386:./Libraries/src/stm32f4xx_rtc.c **** }
 3549              		.loc 1 2386 14 view .LVU1132
 3550 000c 0243     		orrs	r2, r2, r0
 3551 000e 1A64     		str	r2, [r3, #64]
2387:./Libraries/src/stm32f4xx_rtc.c **** 
 3552              		.loc 1 2387 1 view .LVU1133
 3553 0010 7047     		bx	lr
 3554              	.L256:
 3555 0012 00BF     		.align	2
 3556              	.L255:
 3557 0014 00280040 		.word	1073752064
 3558              		.cfi_endproc
 3559              	.LFE170:
 3561              		.section	.text.RTC_OutputTypeConfig,"ax",%progbits
 3562              		.align	1
 3563              		.global	RTC_OutputTypeConfig
 3564              		.syntax unified
 3565              		.thumb
 3566              		.thumb_func
 3568              	RTC_OutputTypeConfig:
 3569              	.LVL231:
 3570              	.LFB171:
2400:./Libraries/src/stm32f4xx_rtc.c ****   /* Check the parameters */
 3571              		.loc 1 2400 1 is_stmt 1 view -0
 3572              		.cfi_startproc
 3573              		@ args = 0, pretend = 0, frame = 0
 3574              		@ frame_needed = 0, uses_anonymous_args = 0
 3575              		@ link register save eliminated.
2402:./Libraries/src/stm32f4xx_rtc.c ****   
 3576              		.loc 1 2402 3 view .LVU1135
2404:./Libraries/src/stm32f4xx_rtc.c ****   RTC->TAFCR |= (uint32_t)(RTC_OutputType);  
 3577              		.loc 1 2404 3 view .LVU1136
2404:./Libraries/src/stm32f4xx_rtc.c ****   RTC->TAFCR |= (uint32_t)(RTC_OutputType);  
 3578              		.loc 1 2404 6 is_stmt 0 view .LVU1137
 3579 0000 044B     		ldr	r3, .L258
 3580 0002 1A6C     		ldr	r2, [r3, #64]
2404:./Libraries/src/stm32f4xx_rtc.c ****   RTC->TAFCR |= (uint32_t)(RTC_OutputType);  
 3581              		.loc 1 2404 14 view .LVU1138
 3582 0004 22F48022 		bic	r2, r2, #262144
 3583 0008 1A64     		str	r2, [r3, #64]
2405:./Libraries/src/stm32f4xx_rtc.c **** }
 3584              		.loc 1 2405 3 is_stmt 1 view .LVU1139
2405:./Libraries/src/stm32f4xx_rtc.c **** }
 3585              		.loc 1 2405 6 is_stmt 0 view .LVU1140
 3586 000a 1A6C     		ldr	r2, [r3, #64]
ARM GAS  /tmp/ccgzaD3d.s 			page 130


2405:./Libraries/src/stm32f4xx_rtc.c **** }
 3587              		.loc 1 2405 14 view .LVU1141
 3588 000c 0243     		orrs	r2, r2, r0
 3589 000e 1A64     		str	r2, [r3, #64]
2406:./Libraries/src/stm32f4xx_rtc.c **** 
 3590              		.loc 1 2406 1 view .LVU1142
 3591 0010 7047     		bx	lr
 3592              	.L259:
 3593 0012 00BF     		.align	2
 3594              	.L258:
 3595 0014 00280040 		.word	1073752064
 3596              		.cfi_endproc
 3597              	.LFE171:
 3599              		.section	.text.RTC_SynchroShiftConfig,"ax",%progbits
 3600              		.align	1
 3601              		.global	RTC_SynchroShiftConfig
 3602              		.syntax unified
 3603              		.thumb
 3604              		.thumb_func
 3606              	RTC_SynchroShiftConfig:
 3607              	.LVL232:
 3608              	.LFB172:
2438:./Libraries/src/stm32f4xx_rtc.c ****   ErrorStatus status = ERROR;
 3609              		.loc 1 2438 1 is_stmt 1 view -0
 3610              		.cfi_startproc
 3611              		@ args = 0, pretend = 0, frame = 0
 3612              		@ frame_needed = 0, uses_anonymous_args = 0
2438:./Libraries/src/stm32f4xx_rtc.c ****   ErrorStatus status = ERROR;
 3613              		.loc 1 2438 1 is_stmt 0 view .LVU1144
 3614 0000 08B5     		push	{r3, lr}
 3615              	.LCFI37:
 3616              		.cfi_def_cfa_offset 8
 3617              		.cfi_offset 3, -8
 3618              		.cfi_offset 14, -4
2439:./Libraries/src/stm32f4xx_rtc.c ****   uint32_t shpfcount = 0;
 3619              		.loc 1 2439 3 is_stmt 1 view .LVU1145
 3620              	.LVL233:
2440:./Libraries/src/stm32f4xx_rtc.c **** 
 3621              		.loc 1 2440 3 view .LVU1146
2443:./Libraries/src/stm32f4xx_rtc.c ****   assert_param(IS_RTC_SHIFT_SUBFS(RTC_ShiftSubFS));
 3622              		.loc 1 2443 3 view .LVU1147
2444:./Libraries/src/stm32f4xx_rtc.c **** 
 3623              		.loc 1 2444 3 view .LVU1148
2447:./Libraries/src/stm32f4xx_rtc.c ****   RTC->WPR = 0x53;
 3624              		.loc 1 2447 3 view .LVU1149
2447:./Libraries/src/stm32f4xx_rtc.c ****   RTC->WPR = 0x53;
 3625              		.loc 1 2447 12 is_stmt 0 view .LVU1150
 3626 0002 164B     		ldr	r3, .L271
 3627 0004 CA22     		movs	r2, #202
 3628 0006 5A62     		str	r2, [r3, #36]
2448:./Libraries/src/stm32f4xx_rtc.c ****   
 3629              		.loc 1 2448 3 is_stmt 1 view .LVU1151
2448:./Libraries/src/stm32f4xx_rtc.c ****   
 3630              		.loc 1 2448 12 is_stmt 0 view .LVU1152
 3631 0008 5322     		movs	r2, #83
 3632 000a 5A62     		str	r2, [r3, #36]
2451:./Libraries/src/stm32f4xx_rtc.c ****   {
ARM GAS  /tmp/ccgzaD3d.s 			page 131


 3633              		.loc 1 2451 3 is_stmt 1 view .LVU1153
2451:./Libraries/src/stm32f4xx_rtc.c ****   {
 3634              		.loc 1 2451 11 is_stmt 0 view .LVU1154
 3635 000c DB68     		ldr	r3, [r3, #12]
2451:./Libraries/src/stm32f4xx_rtc.c ****   {
 3636              		.loc 1 2451 6 view .LVU1155
 3637 000e 13F0080F 		tst	r3, #8
 3638 0012 0BD1     		bne	.L265
 3639              	.LVL234:
 3640              	.L262:
2461:./Libraries/src/stm32f4xx_rtc.c ****   {
 3641              		.loc 1 2461 3 is_stmt 1 view .LVU1156
2461:./Libraries/src/stm32f4xx_rtc.c ****   {
 3642              		.loc 1 2461 11 is_stmt 0 view .LVU1157
 3643 0014 114B     		ldr	r3, .L271
 3644 0016 DB68     		ldr	r3, [r3, #12]
2461:./Libraries/src/stm32f4xx_rtc.c ****   {
 3645              		.loc 1 2461 6 view .LVU1158
 3646 0018 13F0080F 		tst	r3, #8
 3647 001c 19D1     		bne	.L266
2464:./Libraries/src/stm32f4xx_rtc.c ****     {
 3648              		.loc 1 2464 5 is_stmt 1 view .LVU1159
2464:./Libraries/src/stm32f4xx_rtc.c ****     {
 3649              		.loc 1 2464 12 is_stmt 0 view .LVU1160
 3650 001e 0F4B     		ldr	r3, .L271
 3651 0020 9B68     		ldr	r3, [r3, #8]
2464:./Libraries/src/stm32f4xx_rtc.c ****     {
 3652              		.loc 1 2464 7 view .LVU1161
 3653 0022 13F0100F 		tst	r3, #16
 3654 0026 0CD0     		beq	.L270
2480:./Libraries/src/stm32f4xx_rtc.c ****     }
 3655              		.loc 1 2480 14 view .LVU1162
 3656 0028 0020     		movs	r0, #0
 3657              	.LVL235:
2480:./Libraries/src/stm32f4xx_rtc.c ****     }
 3658              		.loc 1 2480 14 view .LVU1163
 3659 002a 13E0     		b	.L264
 3660              	.LVL236:
 3661              	.L265:
2440:./Libraries/src/stm32f4xx_rtc.c **** 
 3662              		.loc 1 2440 12 view .LVU1164
 3663 002c 0023     		movs	r3, #0
 3664              	.LVL237:
 3665              	.L261:
2454:./Libraries/src/stm32f4xx_rtc.c ****     {
 3666              		.loc 1 2454 49 is_stmt 1 view .LVU1165
2454:./Libraries/src/stm32f4xx_rtc.c ****     {
 3667              		.loc 1 2454 17 is_stmt 0 view .LVU1166
 3668 002e 0B4A     		ldr	r2, .L271
 3669 0030 D268     		ldr	r2, [r2, #12]
2454:./Libraries/src/stm32f4xx_rtc.c ****     {
 3670              		.loc 1 2454 49 view .LVU1167
 3671 0032 12F0080F 		tst	r2, #8
 3672 0036 EDD0     		beq	.L262
2454:./Libraries/src/stm32f4xx_rtc.c ****     {
 3673              		.loc 1 2454 49 discriminator 1 view .LVU1168
 3674 0038 B3F5805F 		cmp	r3, #4096
ARM GAS  /tmp/ccgzaD3d.s 			page 132


 3675 003c EAD0     		beq	.L262
2456:./Libraries/src/stm32f4xx_rtc.c ****     }
 3676              		.loc 1 2456 7 is_stmt 1 view .LVU1169
2456:./Libraries/src/stm32f4xx_rtc.c ****     }
 3677              		.loc 1 2456 16 is_stmt 0 view .LVU1170
 3678 003e 0133     		adds	r3, r3, #1
 3679              	.LVL238:
2456:./Libraries/src/stm32f4xx_rtc.c ****     }
 3680              		.loc 1 2456 16 view .LVU1171
 3681 0040 F5E7     		b	.L261
 3682              	.LVL239:
 3683              	.L270:
2467:./Libraries/src/stm32f4xx_rtc.c ****     
 3684              		.loc 1 2467 7 is_stmt 1 view .LVU1172
2467:./Libraries/src/stm32f4xx_rtc.c ****     
 3685              		.loc 1 2467 58 is_stmt 0 view .LVU1173
 3686 0042 0843     		orrs	r0, r0, r1
 3687              	.LVL240:
2467:./Libraries/src/stm32f4xx_rtc.c ****     
 3688              		.loc 1 2467 19 view .LVU1174
 3689 0044 054B     		ldr	r3, .L271
 3690 0046 D862     		str	r0, [r3, #44]
2469:./Libraries/src/stm32f4xx_rtc.c ****       {
 3691              		.loc 1 2469 7 is_stmt 1 view .LVU1175
2469:./Libraries/src/stm32f4xx_rtc.c ****       {
 3692              		.loc 1 2469 10 is_stmt 0 view .LVU1176
 3693 0048 FFF7FEFF 		bl	RTC_WaitForSynchro
 3694              	.LVL241:
2469:./Libraries/src/stm32f4xx_rtc.c ****       {
 3695              		.loc 1 2469 9 discriminator 1 view .LVU1177
 3696 004c 10B1     		cbz	r0, .L264
2475:./Libraries/src/stm32f4xx_rtc.c ****       }
 3697              		.loc 1 2475 16 view .LVU1178
 3698 004e 0120     		movs	r0, #1
 3699 0050 00E0     		b	.L264
 3700              	.LVL242:
 3701              	.L266:
2485:./Libraries/src/stm32f4xx_rtc.c ****   }
 3702              		.loc 1 2485 12 view .LVU1179
 3703 0052 0020     		movs	r0, #0
 3704              	.LVL243:
 3705              	.L264:
2489:./Libraries/src/stm32f4xx_rtc.c ****   
 3706              		.loc 1 2489 3 is_stmt 1 view .LVU1180
2489:./Libraries/src/stm32f4xx_rtc.c ****   
 3707              		.loc 1 2489 12 is_stmt 0 view .LVU1181
 3708 0054 014B     		ldr	r3, .L271
 3709 0056 FF22     		movs	r2, #255
 3710 0058 5A62     		str	r2, [r3, #36]
2491:./Libraries/src/stm32f4xx_rtc.c **** }
 3711              		.loc 1 2491 3 is_stmt 1 view .LVU1182
2492:./Libraries/src/stm32f4xx_rtc.c **** 
 3712              		.loc 1 2492 1 is_stmt 0 view .LVU1183
 3713 005a 08BD     		pop	{r3, pc}
 3714              	.L272:
 3715              		.align	2
 3716              	.L271:
ARM GAS  /tmp/ccgzaD3d.s 			page 133


 3717 005c 00280040 		.word	1073752064
 3718              		.cfi_endproc
 3719              	.LFE172:
 3721              		.section	.text.RTC_ITConfig,"ax",%progbits
 3722              		.align	1
 3723              		.global	RTC_ITConfig
 3724              		.syntax unified
 3725              		.thumb
 3726              		.thumb_func
 3728              	RTC_ITConfig:
 3729              	.LVL244:
 3730              	.LFB173:
2558:./Libraries/src/stm32f4xx_rtc.c ****   /* Check the parameters */
 3731              		.loc 1 2558 1 is_stmt 1 view -0
 3732              		.cfi_startproc
 3733              		@ args = 0, pretend = 0, frame = 0
 3734              		@ frame_needed = 0, uses_anonymous_args = 0
 3735              		@ link register save eliminated.
2560:./Libraries/src/stm32f4xx_rtc.c ****   assert_param(IS_FUNCTIONAL_STATE(NewState));
 3736              		.loc 1 2560 3 view .LVU1185
2561:./Libraries/src/stm32f4xx_rtc.c **** 
 3737              		.loc 1 2561 3 view .LVU1186
2564:./Libraries/src/stm32f4xx_rtc.c ****   RTC->WPR = 0x53;
 3738              		.loc 1 2564 3 view .LVU1187
2564:./Libraries/src/stm32f4xx_rtc.c ****   RTC->WPR = 0x53;
 3739              		.loc 1 2564 12 is_stmt 0 view .LVU1188
 3740 0000 104B     		ldr	r3, .L276
 3741 0002 CA22     		movs	r2, #202
 3742 0004 5A62     		str	r2, [r3, #36]
2565:./Libraries/src/stm32f4xx_rtc.c **** 
 3743              		.loc 1 2565 3 is_stmt 1 view .LVU1189
2565:./Libraries/src/stm32f4xx_rtc.c **** 
 3744              		.loc 1 2565 12 is_stmt 0 view .LVU1190
 3745 0006 5322     		movs	r2, #83
 3746 0008 5A62     		str	r2, [r3, #36]
2567:./Libraries/src/stm32f4xx_rtc.c ****   {
 3747              		.loc 1 2567 3 is_stmt 1 view .LVU1191
2567:./Libraries/src/stm32f4xx_rtc.c ****   {
 3748              		.loc 1 2567 6 is_stmt 0 view .LVU1192
 3749 000a 69B1     		cbz	r1, .L274
2570:./Libraries/src/stm32f4xx_rtc.c ****     /* Configure the Tamper Interrupt in the RTC_TAFCR */
 3750              		.loc 1 2570 5 is_stmt 1 view .LVU1193
2570:./Libraries/src/stm32f4xx_rtc.c ****     /* Configure the Tamper Interrupt in the RTC_TAFCR */
 3751              		.loc 1 2570 8 is_stmt 0 view .LVU1194
 3752 000c 9A68     		ldr	r2, [r3, #8]
2570:./Libraries/src/stm32f4xx_rtc.c ****     /* Configure the Tamper Interrupt in the RTC_TAFCR */
 3753              		.loc 1 2570 16 view .LVU1195
 3754 000e 20F00401 		bic	r1, r0, #4
 3755              	.LVL245:
2570:./Libraries/src/stm32f4xx_rtc.c ****     /* Configure the Tamper Interrupt in the RTC_TAFCR */
 3756              		.loc 1 2570 13 view .LVU1196
 3757 0012 0A43     		orrs	r2, r2, r1
 3758 0014 9A60     		str	r2, [r3, #8]
2572:./Libraries/src/stm32f4xx_rtc.c ****   }
 3759              		.loc 1 2572 5 is_stmt 1 view .LVU1197
2572:./Libraries/src/stm32f4xx_rtc.c ****   }
 3760              		.loc 1 2572 8 is_stmt 0 view .LVU1198
ARM GAS  /tmp/ccgzaD3d.s 			page 134


 3761 0016 1A6C     		ldr	r2, [r3, #64]
2572:./Libraries/src/stm32f4xx_rtc.c ****   }
 3762              		.loc 1 2572 19 view .LVU1199
 3763 0018 00F00400 		and	r0, r0, #4
 3764              	.LVL246:
2572:./Libraries/src/stm32f4xx_rtc.c ****   }
 3765              		.loc 1 2572 16 view .LVU1200
 3766 001c 1043     		orrs	r0, r0, r2
 3767 001e 1864     		str	r0, [r3, #64]
 3768              	.L275:
2582:./Libraries/src/stm32f4xx_rtc.c **** }
 3769              		.loc 1 2582 3 is_stmt 1 view .LVU1201
2582:./Libraries/src/stm32f4xx_rtc.c **** }
 3770              		.loc 1 2582 12 is_stmt 0 view .LVU1202
 3771 0020 084B     		ldr	r3, .L276
 3772 0022 FF22     		movs	r2, #255
 3773 0024 5A62     		str	r2, [r3, #36]
2583:./Libraries/src/stm32f4xx_rtc.c **** 
 3774              		.loc 1 2583 1 view .LVU1203
 3775 0026 7047     		bx	lr
 3776              	.LVL247:
 3777              	.L274:
2577:./Libraries/src/stm32f4xx_rtc.c ****     /* Configure the Tamper Interrupt in the RTC_TAFCR */
 3778              		.loc 1 2577 5 is_stmt 1 view .LVU1204
2577:./Libraries/src/stm32f4xx_rtc.c ****     /* Configure the Tamper Interrupt in the RTC_TAFCR */
 3779              		.loc 1 2577 8 is_stmt 0 view .LVU1205
 3780 0028 064B     		ldr	r3, .L276
 3781 002a 9A68     		ldr	r2, [r3, #8]
2577:./Libraries/src/stm32f4xx_rtc.c ****     /* Configure the Tamper Interrupt in the RTC_TAFCR */
 3782              		.loc 1 2577 35 view .LVU1206
 3783 002c 20F00401 		bic	r1, r0, #4
 3784              	.LVL248:
2577:./Libraries/src/stm32f4xx_rtc.c ****     /* Configure the Tamper Interrupt in the RTC_TAFCR */
 3785              		.loc 1 2577 13 view .LVU1207
 3786 0030 22EA0102 		bic	r2, r2, r1
 3787 0034 9A60     		str	r2, [r3, #8]
2579:./Libraries/src/stm32f4xx_rtc.c ****   }
 3788              		.loc 1 2579 5 is_stmt 1 view .LVU1208
2579:./Libraries/src/stm32f4xx_rtc.c ****   }
 3789              		.loc 1 2579 8 is_stmt 0 view .LVU1209
 3790 0036 1A6C     		ldr	r2, [r3, #64]
2579:./Libraries/src/stm32f4xx_rtc.c ****   }
 3791              		.loc 1 2579 38 view .LVU1210
 3792 0038 00F00400 		and	r0, r0, #4
 3793              	.LVL249:
2579:./Libraries/src/stm32f4xx_rtc.c ****   }
 3794              		.loc 1 2579 16 view .LVU1211
 3795 003c 22EA0002 		bic	r2, r2, r0
 3796 0040 1A64     		str	r2, [r3, #64]
 3797 0042 EDE7     		b	.L275
 3798              	.L277:
 3799              		.align	2
 3800              	.L276:
 3801 0044 00280040 		.word	1073752064
 3802              		.cfi_endproc
 3803              	.LFE173:
 3805              		.section	.text.RTC_GetFlagStatus,"ax",%progbits
ARM GAS  /tmp/ccgzaD3d.s 			page 135


 3806              		.align	1
 3807              		.global	RTC_GetFlagStatus
 3808              		.syntax unified
 3809              		.thumb
 3810              		.thumb_func
 3812              	RTC_GetFlagStatus:
 3813              	.LVL250:
 3814              	.LFB174:
2607:./Libraries/src/stm32f4xx_rtc.c ****   FlagStatus bitstatus = RESET;
 3815              		.loc 1 2607 1 is_stmt 1 view -0
 3816              		.cfi_startproc
 3817              		@ args = 0, pretend = 0, frame = 0
 3818              		@ frame_needed = 0, uses_anonymous_args = 0
 3819              		@ link register save eliminated.
2608:./Libraries/src/stm32f4xx_rtc.c ****   uint32_t tmpreg = 0;
 3820              		.loc 1 2608 3 view .LVU1213
2609:./Libraries/src/stm32f4xx_rtc.c ****   
 3821              		.loc 1 2609 3 view .LVU1214
2612:./Libraries/src/stm32f4xx_rtc.c ****   
 3822              		.loc 1 2612 3 view .LVU1215
2615:./Libraries/src/stm32f4xx_rtc.c ****   
 3823              		.loc 1 2615 3 view .LVU1216
2615:./Libraries/src/stm32f4xx_rtc.c ****   
 3824              		.loc 1 2615 26 is_stmt 0 view .LVU1217
 3825 0000 074B     		ldr	r3, .L281
 3826 0002 DB68     		ldr	r3, [r3, #12]
2615:./Libraries/src/stm32f4xx_rtc.c ****   
 3827              		.loc 1 2615 10 view .LVU1218
 3828 0004 23F07F43 		bic	r3, r3, #-16777216
 3829 0008 23F47E03 		bic	r3, r3, #16646144
 3830 000c 23F40043 		bic	r3, r3, #32768
 3831 0010 23F08003 		bic	r3, r3, #128
 3832              	.LVL251:
2618:./Libraries/src/stm32f4xx_rtc.c ****   {
 3833              		.loc 1 2618 3 is_stmt 1 view .LVU1219
2618:./Libraries/src/stm32f4xx_rtc.c ****   {
 3834              		.loc 1 2618 6 is_stmt 0 view .LVU1220
 3835 0014 0342     		tst	r3, r0
 3836 0016 01D0     		beq	.L280
2620:./Libraries/src/stm32f4xx_rtc.c ****   }
 3837              		.loc 1 2620 15 view .LVU1221
 3838 0018 0120     		movs	r0, #1
 3839              	.LVL252:
2620:./Libraries/src/stm32f4xx_rtc.c ****   }
 3840              		.loc 1 2620 15 view .LVU1222
 3841 001a 7047     		bx	lr
 3842              	.LVL253:
 3843              	.L280:
2624:./Libraries/src/stm32f4xx_rtc.c ****   }
 3844              		.loc 1 2624 15 view .LVU1223
 3845 001c 0020     		movs	r0, #0
 3846              	.LVL254:
2626:./Libraries/src/stm32f4xx_rtc.c **** }
 3847              		.loc 1 2626 3 is_stmt 1 view .LVU1224
2627:./Libraries/src/stm32f4xx_rtc.c **** 
 3848              		.loc 1 2627 1 is_stmt 0 view .LVU1225
 3849 001e 7047     		bx	lr
ARM GAS  /tmp/ccgzaD3d.s 			page 136


 3850              	.L282:
 3851              		.align	2
 3852              	.L281:
 3853 0020 00280040 		.word	1073752064
 3854              		.cfi_endproc
 3855              	.LFE174:
 3857              		.section	.text.RTC_ClearFlag,"ax",%progbits
 3858              		.align	1
 3859              		.global	RTC_ClearFlag
 3860              		.syntax unified
 3861              		.thumb
 3862              		.thumb_func
 3864              	RTC_ClearFlag:
 3865              	.LVL255:
 3866              	.LFB175:
2644:./Libraries/src/stm32f4xx_rtc.c ****   /* Check the parameters */
 3867              		.loc 1 2644 1 is_stmt 1 view -0
 3868              		.cfi_startproc
 3869              		@ args = 0, pretend = 0, frame = 0
 3870              		@ frame_needed = 0, uses_anonymous_args = 0
 3871              		@ link register save eliminated.
2646:./Libraries/src/stm32f4xx_rtc.c **** 
 3872              		.loc 1 2646 3 view .LVU1227
2649:./Libraries/src/stm32f4xx_rtc.c **** }
 3873              		.loc 1 2649 3 view .LVU1228
2649:./Libraries/src/stm32f4xx_rtc.c **** }
 3874              		.loc 1 2649 63 is_stmt 0 view .LVU1229
 3875 0000 80B2     		uxth	r0, r0
 3876              	.LVL256:
2649:./Libraries/src/stm32f4xx_rtc.c **** }
 3877              		.loc 1 2649 63 view .LVU1230
 3878 0002 40F08000 		orr	r0, r0, #128
2649:./Libraries/src/stm32f4xx_rtc.c **** }
 3879              		.loc 1 2649 93 view .LVU1231
 3880 0006 044A     		ldr	r2, .L284
 3881 0008 D368     		ldr	r3, [r2, #12]
2649:./Libraries/src/stm32f4xx_rtc.c **** }
 3882              		.loc 1 2649 79 view .LVU1232
 3883 000a 03F08003 		and	r3, r3, #128
2649:./Libraries/src/stm32f4xx_rtc.c **** }
 3884              		.loc 1 2649 14 view .LVU1233
 3885 000e 63EA0003 		orn	r3, r3, r0
2649:./Libraries/src/stm32f4xx_rtc.c **** }
 3886              		.loc 1 2649 12 view .LVU1234
 3887 0012 D360     		str	r3, [r2, #12]
2650:./Libraries/src/stm32f4xx_rtc.c **** 
 3888              		.loc 1 2650 1 view .LVU1235
 3889 0014 7047     		bx	lr
 3890              	.L285:
 3891 0016 00BF     		.align	2
 3892              	.L284:
 3893 0018 00280040 		.word	1073752064
 3894              		.cfi_endproc
 3895              	.LFE175:
 3897              		.section	.text.RTC_GetITStatus,"ax",%progbits
 3898              		.align	1
 3899              		.global	RTC_GetITStatus
ARM GAS  /tmp/ccgzaD3d.s 			page 137


 3900              		.syntax unified
 3901              		.thumb
 3902              		.thumb_func
 3904              	RTC_GetITStatus:
 3905              	.LVL257:
 3906              	.LFB176:
2665:./Libraries/src/stm32f4xx_rtc.c ****   ITStatus bitstatus = RESET;
 3907              		.loc 1 2665 1 is_stmt 1 view -0
 3908              		.cfi_startproc
 3909              		@ args = 0, pretend = 0, frame = 0
 3910              		@ frame_needed = 0, uses_anonymous_args = 0
 3911              		@ link register save eliminated.
2666:./Libraries/src/stm32f4xx_rtc.c ****   uint32_t tmpreg = 0, enablestatus = 0;
 3912              		.loc 1 2666 3 view .LVU1237
2667:./Libraries/src/stm32f4xx_rtc.c ****  
 3913              		.loc 1 2667 3 view .LVU1238
2670:./Libraries/src/stm32f4xx_rtc.c ****   
 3914              		.loc 1 2670 3 view .LVU1239
2673:./Libraries/src/stm32f4xx_rtc.c ****  
 3915              		.loc 1 2673 3 view .LVU1240
2673:./Libraries/src/stm32f4xx_rtc.c ****  
 3916              		.loc 1 2673 26 is_stmt 0 view .LVU1241
 3917 0000 0C49     		ldr	r1, .L290
 3918 0002 0B6C     		ldr	r3, [r1, #64]
2673:./Libraries/src/stm32f4xx_rtc.c ****  
 3919              		.loc 1 2673 10 view .LVU1242
 3920 0004 03F00403 		and	r3, r3, #4
 3921              	.LVL258:
2676:./Libraries/src/stm32f4xx_rtc.c ****   
 3922              		.loc 1 2676 3 is_stmt 1 view .LVU1243
2676:./Libraries/src/stm32f4xx_rtc.c ****   
 3923              		.loc 1 2676 33 is_stmt 0 view .LVU1244
 3924 0008 8A68     		ldr	r2, [r1, #8]
2676:./Libraries/src/stm32f4xx_rtc.c ****   
 3925              		.loc 1 2676 38 view .LVU1245
 3926 000a 0240     		ands	r2, r2, r0
2676:./Libraries/src/stm32f4xx_rtc.c ****   
 3927              		.loc 1 2676 58 view .LVU1246
 3928 000c 03EAD03C 		and	ip, r3, r0, lsr #15
2676:./Libraries/src/stm32f4xx_rtc.c ****   
 3929              		.loc 1 2676 48 view .LVU1247
 3930 0010 42EA0C02 		orr	r2, r2, ip
2676:./Libraries/src/stm32f4xx_rtc.c ****   
 3931              		.loc 1 2676 86 view .LVU1248
 3932 0014 03EA1043 		and	r3, r3, r0, lsr #16
 3933              	.LVL259:
2679:./Libraries/src/stm32f4xx_rtc.c ****   
 3934              		.loc 1 2679 3 is_stmt 1 view .LVU1249
2679:./Libraries/src/stm32f4xx_rtc.c ****   
 3935              		.loc 1 2679 27 is_stmt 0 view .LVU1250
 3936 0018 C968     		ldr	r1, [r1, #12]
2679:./Libraries/src/stm32f4xx_rtc.c ****   
 3937              		.loc 1 2679 10 view .LVU1251
 3938 001a 01EA1011 		and	r1, r1, r0, lsr #4
 3939              	.LVL260:
2682:./Libraries/src/stm32f4xx_rtc.c ****   {
 3940              		.loc 1 2682 3 is_stmt 1 view .LVU1252
ARM GAS  /tmp/ccgzaD3d.s 			page 138


2682:./Libraries/src/stm32f4xx_rtc.c ****   {
 3941              		.loc 1 2682 6 is_stmt 0 view .LVU1253
 3942 001e 1A43     		orrs	r2, r2, r3
 3943              	.LVL261:
2682:./Libraries/src/stm32f4xx_rtc.c ****   {
 3944              		.loc 1 2682 6 view .LVU1254
 3945 0020 03D0     		beq	.L288
2682:./Libraries/src/stm32f4xx_rtc.c ****   {
 3946              		.loc 1 2682 53 discriminator 1 view .LVU1255
 3947 0022 89B2     		uxth	r1, r1
 3948              	.LVL262:
2682:./Libraries/src/stm32f4xx_rtc.c ****   {
 3949              		.loc 1 2682 41 discriminator 1 view .LVU1256
 3950 0024 19B9     		cbnz	r1, .L289
2688:./Libraries/src/stm32f4xx_rtc.c ****   }
 3951              		.loc 1 2688 15 view .LVU1257
 3952 0026 0020     		movs	r0, #0
 3953              	.LVL263:
2688:./Libraries/src/stm32f4xx_rtc.c ****   }
 3954              		.loc 1 2688 15 view .LVU1258
 3955 0028 7047     		bx	lr
 3956              	.LVL264:
 3957              	.L288:
2688:./Libraries/src/stm32f4xx_rtc.c ****   }
 3958              		.loc 1 2688 15 view .LVU1259
 3959 002a 0020     		movs	r0, #0
 3960              	.LVL265:
2688:./Libraries/src/stm32f4xx_rtc.c ****   }
 3961              		.loc 1 2688 15 view .LVU1260
 3962 002c 7047     		bx	lr
 3963              	.LVL266:
 3964              	.L289:
2684:./Libraries/src/stm32f4xx_rtc.c ****   }
 3965              		.loc 1 2684 15 view .LVU1261
 3966 002e 0120     		movs	r0, #1
 3967              	.LVL267:
2690:./Libraries/src/stm32f4xx_rtc.c **** }
 3968              		.loc 1 2690 3 is_stmt 1 view .LVU1262
2691:./Libraries/src/stm32f4xx_rtc.c **** 
 3969              		.loc 1 2691 1 is_stmt 0 view .LVU1263
 3970 0030 7047     		bx	lr
 3971              	.L291:
 3972 0032 00BF     		.align	2
 3973              	.L290:
 3974 0034 00280040 		.word	1073752064
 3975              		.cfi_endproc
 3976              	.LFE176:
 3978              		.section	.text.RTC_ClearITPendingBit,"ax",%progbits
 3979              		.align	1
 3980              		.global	RTC_ClearITPendingBit
 3981              		.syntax unified
 3982              		.thumb
 3983              		.thumb_func
 3985              	RTC_ClearITPendingBit:
 3986              	.LVL268:
 3987              	.LFB177:
2706:./Libraries/src/stm32f4xx_rtc.c ****   uint32_t tmpreg = 0;
ARM GAS  /tmp/ccgzaD3d.s 			page 139


 3988              		.loc 1 2706 1 is_stmt 1 view -0
 3989              		.cfi_startproc
 3990              		@ args = 0, pretend = 0, frame = 0
 3991              		@ frame_needed = 0, uses_anonymous_args = 0
 3992              		@ link register save eliminated.
2707:./Libraries/src/stm32f4xx_rtc.c **** 
 3993              		.loc 1 2707 3 view .LVU1265
2710:./Libraries/src/stm32f4xx_rtc.c **** 
 3994              		.loc 1 2710 3 view .LVU1266
2713:./Libraries/src/stm32f4xx_rtc.c **** 
 3995              		.loc 1 2713 3 view .LVU1267
2716:./Libraries/src/stm32f4xx_rtc.c **** }
 3996              		.loc 1 2716 3 view .LVU1268
2716:./Libraries/src/stm32f4xx_rtc.c **** }
 3997              		.loc 1 2716 61 is_stmt 0 view .LVU1269
 3998 0000 C0F30F10 		ubfx	r0, r0, #4, #16
 3999              	.LVL269:
2716:./Libraries/src/stm32f4xx_rtc.c **** }
 4000              		.loc 1 2716 61 view .LVU1270
 4001 0004 40F08000 		orr	r0, r0, #128
2716:./Libraries/src/stm32f4xx_rtc.c **** }
 4002              		.loc 1 2716 91 view .LVU1271
 4003 0008 034A     		ldr	r2, .L293
 4004 000a D368     		ldr	r3, [r2, #12]
2716:./Libraries/src/stm32f4xx_rtc.c **** }
 4005              		.loc 1 2716 77 view .LVU1272
 4006 000c 03F08003 		and	r3, r3, #128
2716:./Libraries/src/stm32f4xx_rtc.c **** }
 4007              		.loc 1 2716 14 view .LVU1273
 4008 0010 63EA0003 		orn	r3, r3, r0
2716:./Libraries/src/stm32f4xx_rtc.c **** }
 4009              		.loc 1 2716 12 view .LVU1274
 4010 0014 D360     		str	r3, [r2, #12]
2717:./Libraries/src/stm32f4xx_rtc.c **** 
 4011              		.loc 1 2717 1 view .LVU1275
 4012 0016 7047     		bx	lr
 4013              	.L294:
 4014              		.align	2
 4015              	.L293:
 4016 0018 00280040 		.word	1073752064
 4017              		.cfi_endproc
 4018              	.LFE177:
 4020              		.text
 4021              	.Letext0:
 4022              		.file 2 "/opt/gcc-arm-none-eabi/arm-none-eabi/include/machine/_default_types.h"
 4023              		.file 3 "/opt/gcc-arm-none-eabi/arm-none-eabi/include/sys/_stdint.h"
 4024              		.file 4 "./system/stm32f4xx.h"
 4025              		.file 5 "./Libraries/inc/stm32f4xx_rtc.h"
ARM GAS  /tmp/ccgzaD3d.s 			page 140


DEFINED SYMBOLS
                            *ABS*:00000000 stm32f4xx_rtc.c
     /tmp/ccgzaD3d.s:21     .text.RTC_ByteToBcd2:00000000 $t
     /tmp/ccgzaD3d.s:26     .text.RTC_ByteToBcd2:00000000 RTC_ByteToBcd2
     /tmp/ccgzaD3d.s:75     .text.RTC_Bcd2ToByte:00000000 $t
     /tmp/ccgzaD3d.s:80     .text.RTC_Bcd2ToByte:00000000 RTC_Bcd2ToByte
     /tmp/ccgzaD3d.s:108    .text.RTC_StructInit:00000000 $t
     /tmp/ccgzaD3d.s:114    .text.RTC_StructInit:00000000 RTC_StructInit
     /tmp/ccgzaD3d.s:140    .text.RTC_WriteProtectionCmd:00000000 $t
     /tmp/ccgzaD3d.s:146    .text.RTC_WriteProtectionCmd:00000000 RTC_WriteProtectionCmd
     /tmp/ccgzaD3d.s:179    .text.RTC_WriteProtectionCmd:00000018 $d
     /tmp/ccgzaD3d.s:184    .text.RTC_EnterInitMode:00000000 $t
     /tmp/ccgzaD3d.s:190    .text.RTC_EnterInitMode:00000000 RTC_EnterInitMode
     /tmp/ccgzaD3d.s:278    .text.RTC_EnterInitMode:0000004c $d
     /tmp/ccgzaD3d.s:283    .text.RTC_ExitInitMode:00000000 $t
     /tmp/ccgzaD3d.s:289    .text.RTC_ExitInitMode:00000000 RTC_ExitInitMode
     /tmp/ccgzaD3d.s:308    .text.RTC_ExitInitMode:0000000c $d
     /tmp/ccgzaD3d.s:313    .text.RTC_Init:00000000 $t
     /tmp/ccgzaD3d.s:319    .text.RTC_Init:00000000 RTC_Init
     /tmp/ccgzaD3d.s:403    .text.RTC_Init:00000044 $d
     /tmp/ccgzaD3d.s:408    .text.RTC_WaitForSynchro:00000000 $t
     /tmp/ccgzaD3d.s:414    .text.RTC_WaitForSynchro:00000000 RTC_WaitForSynchro
     /tmp/ccgzaD3d.s:507    .text.RTC_WaitForSynchro:0000004c $d
     /tmp/ccgzaD3d.s:512    .text.RTC_DeInit:00000000 $t
     /tmp/ccgzaD3d.s:518    .text.RTC_DeInit:00000000 RTC_DeInit
     /tmp/ccgzaD3d.s:677    .text.RTC_DeInit:00000090 $d
     /tmp/ccgzaD3d.s:683    .text.RTC_RefClockCmd:00000000 $t
     /tmp/ccgzaD3d.s:689    .text.RTC_RefClockCmd:00000000 RTC_RefClockCmd
     /tmp/ccgzaD3d.s:761    .text.RTC_RefClockCmd:0000003c $d
     /tmp/ccgzaD3d.s:766    .text.RTC_BypassShadowCmd:00000000 $t
     /tmp/ccgzaD3d.s:772    .text.RTC_BypassShadowCmd:00000000 RTC_BypassShadowCmd
     /tmp/ccgzaD3d.s:820    .text.RTC_BypassShadowCmd:0000002c $d
     /tmp/ccgzaD3d.s:825    .text.RTC_SetTime:00000000 $t
     /tmp/ccgzaD3d.s:831    .text.RTC_SetTime:00000000 RTC_SetTime
     /tmp/ccgzaD3d.s:999    .text.RTC_SetTime:000000a0 $d
     /tmp/ccgzaD3d.s:1004   .text.RTC_TimeStructInit:00000000 $t
     /tmp/ccgzaD3d.s:1010   .text.RTC_TimeStructInit:00000000 RTC_TimeStructInit
     /tmp/ccgzaD3d.s:1037   .text.RTC_GetTime:00000000 $t
     /tmp/ccgzaD3d.s:1043   .text.RTC_GetTime:00000000 RTC_GetTime
     /tmp/ccgzaD3d.s:1124   .text.RTC_GetTime:00000040 $d
     /tmp/ccgzaD3d.s:1129   .text.RTC_GetSubSecond:00000000 $t
     /tmp/ccgzaD3d.s:1135   .text.RTC_GetSubSecond:00000000 RTC_GetSubSecond
     /tmp/ccgzaD3d.s:1157   .text.RTC_GetSubSecond:00000008 $d
     /tmp/ccgzaD3d.s:1162   .text.RTC_SetDate:00000000 $t
     /tmp/ccgzaD3d.s:1168   .text.RTC_SetDate:00000000 RTC_SetDate
     /tmp/ccgzaD3d.s:1328   .text.RTC_SetDate:0000008c $d
     /tmp/ccgzaD3d.s:1333   .text.RTC_DateStructInit:00000000 $t
     /tmp/ccgzaD3d.s:1339   .text.RTC_DateStructInit:00000000 RTC_DateStructInit
     /tmp/ccgzaD3d.s:1367   .text.RTC_GetDate:00000000 $t
     /tmp/ccgzaD3d.s:1373   .text.RTC_GetDate:00000000 RTC_GetDate
     /tmp/ccgzaD3d.s:1451   .text.RTC_GetDate:0000003c $d
     /tmp/ccgzaD3d.s:1456   .text.RTC_SetAlarm:00000000 $t
     /tmp/ccgzaD3d.s:1462   .text.RTC_SetAlarm:00000000 RTC_SetAlarm
     /tmp/ccgzaD3d.s:1643   .text.RTC_SetAlarm:000000a0 $d
     /tmp/ccgzaD3d.s:1648   .text.RTC_AlarmStructInit:00000000 $t
     /tmp/ccgzaD3d.s:1654   .text.RTC_AlarmStructInit:00000000 RTC_AlarmStructInit
     /tmp/ccgzaD3d.s:1691   .text.RTC_GetAlarm:00000000 $t
ARM GAS  /tmp/ccgzaD3d.s 			page 141


     /tmp/ccgzaD3d.s:1697   .text.RTC_GetAlarm:00000000 RTC_GetAlarm
     /tmp/ccgzaD3d.s:1815   .text.RTC_GetAlarm:0000006c $d
     /tmp/ccgzaD3d.s:1820   .text.RTC_AlarmCmd:00000000 $t
     /tmp/ccgzaD3d.s:1826   .text.RTC_AlarmCmd:00000000 RTC_AlarmCmd
     /tmp/ccgzaD3d.s:1947   .text.RTC_AlarmCmd:00000060 $d
     /tmp/ccgzaD3d.s:1952   .text.RTC_AlarmSubSecondConfig:00000000 $t
     /tmp/ccgzaD3d.s:1958   .text.RTC_AlarmSubSecondConfig:00000000 RTC_AlarmSubSecondConfig
     /tmp/ccgzaD3d.s:2023   .text.RTC_AlarmSubSecondConfig:00000028 $d
     /tmp/ccgzaD3d.s:2028   .text.RTC_GetAlarmSubSecond:00000000 $t
     /tmp/ccgzaD3d.s:2034   .text.RTC_GetAlarmSubSecond:00000000 RTC_GetAlarmSubSecond
     /tmp/ccgzaD3d.s:2073   .text.RTC_GetAlarmSubSecond:0000001c $d
     /tmp/ccgzaD3d.s:2078   .text.RTC_WakeUpClockConfig:00000000 $t
     /tmp/ccgzaD3d.s:2084   .text.RTC_WakeUpClockConfig:00000000 RTC_WakeUpClockConfig
     /tmp/ccgzaD3d.s:2123   .text.RTC_WakeUpClockConfig:00000020 $d
     /tmp/ccgzaD3d.s:2128   .text.RTC_SetWakeUpCounter:00000000 $t
     /tmp/ccgzaD3d.s:2134   .text.RTC_SetWakeUpCounter:00000000 RTC_SetWakeUpCounter
     /tmp/ccgzaD3d.s:2164   .text.RTC_SetWakeUpCounter:00000014 $d
     /tmp/ccgzaD3d.s:2169   .text.RTC_GetWakeUpCounter:00000000 $t
     /tmp/ccgzaD3d.s:2175   .text.RTC_GetWakeUpCounter:00000000 RTC_GetWakeUpCounter
     /tmp/ccgzaD3d.s:2192   .text.RTC_GetWakeUpCounter:00000008 $d
     /tmp/ccgzaD3d.s:2197   .text.RTC_WakeUpCmd:00000000 $t
     /tmp/ccgzaD3d.s:2203   .text.RTC_WakeUpCmd:00000000 RTC_WakeUpCmd
     /tmp/ccgzaD3d.s:2321   .text.RTC_WakeUpCmd:00000060 $d
     /tmp/ccgzaD3d.s:2326   .text.RTC_DayLightSavingConfig:00000000 $t
     /tmp/ccgzaD3d.s:2332   .text.RTC_DayLightSavingConfig:00000000 RTC_DayLightSavingConfig
     /tmp/ccgzaD3d.s:2375   .text.RTC_DayLightSavingConfig:00000020 $d
     /tmp/ccgzaD3d.s:2380   .text.RTC_GetStoreOperation:00000000 $t
     /tmp/ccgzaD3d.s:2386   .text.RTC_GetStoreOperation:00000000 RTC_GetStoreOperation
     /tmp/ccgzaD3d.s:2403   .text.RTC_GetStoreOperation:0000000c $d
     /tmp/ccgzaD3d.s:2408   .text.RTC_OutputConfig:00000000 $t
     /tmp/ccgzaD3d.s:2414   .text.RTC_OutputConfig:00000000 RTC_OutputConfig
     /tmp/ccgzaD3d.s:2457   .text.RTC_OutputConfig:00000020 $d
     /tmp/ccgzaD3d.s:2462   .text.RTC_CoarseCalibConfig:00000000 $t
     /tmp/ccgzaD3d.s:2468   .text.RTC_CoarseCalibConfig:00000000 RTC_CoarseCalibConfig
     /tmp/ccgzaD3d.s:2533   .text.RTC_CoarseCalibConfig:0000002c $d
     /tmp/ccgzaD3d.s:2538   .text.RTC_CoarseCalibCmd:00000000 $t
     /tmp/ccgzaD3d.s:2544   .text.RTC_CoarseCalibCmd:00000000 RTC_CoarseCalibCmd
     /tmp/ccgzaD3d.s:2616   .text.RTC_CoarseCalibCmd:0000003c $d
     /tmp/ccgzaD3d.s:2621   .text.RTC_CalibOutputCmd:00000000 $t
     /tmp/ccgzaD3d.s:2627   .text.RTC_CalibOutputCmd:00000000 RTC_CalibOutputCmd
     /tmp/ccgzaD3d.s:2675   .text.RTC_CalibOutputCmd:0000002c $d
     /tmp/ccgzaD3d.s:2680   .text.RTC_CalibOutputConfig:00000000 $t
     /tmp/ccgzaD3d.s:2686   .text.RTC_CalibOutputConfig:00000000 RTC_CalibOutputConfig
     /tmp/ccgzaD3d.s:2725   .text.RTC_CalibOutputConfig:00000020 $d
     /tmp/ccgzaD3d.s:2730   .text.RTC_SmoothCalibConfig:00000000 $t
     /tmp/ccgzaD3d.s:2736   .text.RTC_SmoothCalibConfig:00000000 RTC_SmoothCalibConfig
     /tmp/ccgzaD3d.s:2843   .text.RTC_SmoothCalibConfig:00000050 $d
     /tmp/ccgzaD3d.s:2848   .text.RTC_TimeStampCmd:00000000 $t
     /tmp/ccgzaD3d.s:2854   .text.RTC_TimeStampCmd:00000000 RTC_TimeStampCmd
     /tmp/ccgzaD3d.s:2918   .text.RTC_TimeStampCmd:0000002c $d
     /tmp/ccgzaD3d.s:2923   .text.RTC_GetTimeStamp:00000000 $t
     /tmp/ccgzaD3d.s:2929   .text.RTC_GetTimeStamp:00000000 RTC_GetTimeStamp
     /tmp/ccgzaD3d.s:3059   .text.RTC_GetTimeStamp:00000078 $d
     /tmp/ccgzaD3d.s:3064   .text.RTC_GetTimeStampSubSecond:00000000 $t
     /tmp/ccgzaD3d.s:3070   .text.RTC_GetTimeStampSubSecond:00000000 RTC_GetTimeStampSubSecond
     /tmp/ccgzaD3d.s:3086   .text.RTC_GetTimeStampSubSecond:00000008 $d
     /tmp/ccgzaD3d.s:3091   .text.RTC_TamperTriggerConfig:00000000 $t
ARM GAS  /tmp/ccgzaD3d.s 			page 142


     /tmp/ccgzaD3d.s:3097   .text.RTC_TamperTriggerConfig:00000000 RTC_TamperTriggerConfig
     /tmp/ccgzaD3d.s:3131   .text.RTC_TamperTriggerConfig:0000001c $d
     /tmp/ccgzaD3d.s:3136   .text.RTC_TamperCmd:00000000 $t
     /tmp/ccgzaD3d.s:3142   .text.RTC_TamperCmd:00000000 RTC_TamperCmd
     /tmp/ccgzaD3d.s:3176   .text.RTC_TamperCmd:00000018 $d
     /tmp/ccgzaD3d.s:3181   .text.RTC_TamperFilterConfig:00000000 $t
     /tmp/ccgzaD3d.s:3187   .text.RTC_TamperFilterConfig:00000000 RTC_TamperFilterConfig
     /tmp/ccgzaD3d.s:3214   .text.RTC_TamperFilterConfig:00000014 $d
     /tmp/ccgzaD3d.s:3219   .text.RTC_TamperSamplingFreqConfig:00000000 $t
     /tmp/ccgzaD3d.s:3225   .text.RTC_TamperSamplingFreqConfig:00000000 RTC_TamperSamplingFreqConfig
     /tmp/ccgzaD3d.s:3252   .text.RTC_TamperSamplingFreqConfig:00000014 $d
     /tmp/ccgzaD3d.s:3257   .text.RTC_TamperPinsPrechargeDuration:00000000 $t
     /tmp/ccgzaD3d.s:3263   .text.RTC_TamperPinsPrechargeDuration:00000000 RTC_TamperPinsPrechargeDuration
     /tmp/ccgzaD3d.s:3290   .text.RTC_TamperPinsPrechargeDuration:00000014 $d
     /tmp/ccgzaD3d.s:3295   .text.RTC_TimeStampOnTamperDetectionCmd:00000000 $t
     /tmp/ccgzaD3d.s:3301   .text.RTC_TimeStampOnTamperDetectionCmd:00000000 RTC_TimeStampOnTamperDetectionCmd
     /tmp/ccgzaD3d.s:3334   .text.RTC_TimeStampOnTamperDetectionCmd:0000001c $d
     /tmp/ccgzaD3d.s:3339   .text.RTC_TamperPullUpCmd:00000000 $t
     /tmp/ccgzaD3d.s:3345   .text.RTC_TamperPullUpCmd:00000000 RTC_TamperPullUpCmd
     /tmp/ccgzaD3d.s:3378   .text.RTC_TamperPullUpCmd:0000001c $d
     /tmp/ccgzaD3d.s:3383   .text.RTC_WriteBackupRegister:00000000 $t
     /tmp/ccgzaD3d.s:3389   .text.RTC_WriteBackupRegister:00000000 RTC_WriteBackupRegister
     /tmp/ccgzaD3d.s:3429   .text.RTC_WriteBackupRegister:0000001c $d
     /tmp/ccgzaD3d.s:3434   .text.RTC_ReadBackupRegister:00000000 $t
     /tmp/ccgzaD3d.s:3440   .text.RTC_ReadBackupRegister:00000000 RTC_ReadBackupRegister
     /tmp/ccgzaD3d.s:3481   .text.RTC_ReadBackupRegister:0000001c $d
     /tmp/ccgzaD3d.s:3486   .text.RTC_TamperPinSelection:00000000 $t
     /tmp/ccgzaD3d.s:3492   .text.RTC_TamperPinSelection:00000000 RTC_TamperPinSelection
     /tmp/ccgzaD3d.s:3519   .text.RTC_TamperPinSelection:00000014 $d
     /tmp/ccgzaD3d.s:3524   .text.RTC_TimeStampPinSelection:00000000 $t
     /tmp/ccgzaD3d.s:3530   .text.RTC_TimeStampPinSelection:00000000 RTC_TimeStampPinSelection
     /tmp/ccgzaD3d.s:3557   .text.RTC_TimeStampPinSelection:00000014 $d
     /tmp/ccgzaD3d.s:3562   .text.RTC_OutputTypeConfig:00000000 $t
     /tmp/ccgzaD3d.s:3568   .text.RTC_OutputTypeConfig:00000000 RTC_OutputTypeConfig
     /tmp/ccgzaD3d.s:3595   .text.RTC_OutputTypeConfig:00000014 $d
     /tmp/ccgzaD3d.s:3600   .text.RTC_SynchroShiftConfig:00000000 $t
     /tmp/ccgzaD3d.s:3606   .text.RTC_SynchroShiftConfig:00000000 RTC_SynchroShiftConfig
     /tmp/ccgzaD3d.s:3717   .text.RTC_SynchroShiftConfig:0000005c $d
     /tmp/ccgzaD3d.s:3722   .text.RTC_ITConfig:00000000 $t
     /tmp/ccgzaD3d.s:3728   .text.RTC_ITConfig:00000000 RTC_ITConfig
     /tmp/ccgzaD3d.s:3801   .text.RTC_ITConfig:00000044 $d
     /tmp/ccgzaD3d.s:3806   .text.RTC_GetFlagStatus:00000000 $t
     /tmp/ccgzaD3d.s:3812   .text.RTC_GetFlagStatus:00000000 RTC_GetFlagStatus
     /tmp/ccgzaD3d.s:3853   .text.RTC_GetFlagStatus:00000020 $d
     /tmp/ccgzaD3d.s:3858   .text.RTC_ClearFlag:00000000 $t
     /tmp/ccgzaD3d.s:3864   .text.RTC_ClearFlag:00000000 RTC_ClearFlag
     /tmp/ccgzaD3d.s:3893   .text.RTC_ClearFlag:00000018 $d
     /tmp/ccgzaD3d.s:3898   .text.RTC_GetITStatus:00000000 $t
     /tmp/ccgzaD3d.s:3904   .text.RTC_GetITStatus:00000000 RTC_GetITStatus
     /tmp/ccgzaD3d.s:3974   .text.RTC_GetITStatus:00000034 $d
     /tmp/ccgzaD3d.s:3979   .text.RTC_ClearITPendingBit:00000000 $t
     /tmp/ccgzaD3d.s:3985   .text.RTC_ClearITPendingBit:00000000 RTC_ClearITPendingBit
     /tmp/ccgzaD3d.s:4016   .text.RTC_ClearITPendingBit:00000018 $d

NO UNDEFINED SYMBOLS
