ARM GAS  /tmp/cclurMk5.s 			page 1


   1              		.cpu cortex-m4
   2              		.arch armv7e-m
   3              		.fpu fpv4-sp-d16
   4              		.eabi_attribute 27, 1
   5              		.eabi_attribute 28, 1
   6              		.eabi_attribute 20, 1
   7              		.eabi_attribute 21, 1
   8              		.eabi_attribute 23, 3
   9              		.eabi_attribute 24, 1
  10              		.eabi_attribute 25, 1
  11              		.eabi_attribute 26, 1
  12              		.eabi_attribute 30, 1
  13              		.eabi_attribute 34, 1
  14              		.eabi_attribute 18, 4
  15              		.file	"stm32f4xx_can.c"
  16              		.text
  17              	.Ltext0:
  18              		.cfi_sections	.debug_frame
  19              		.file 1 "./Libraries/src/stm32f4xx_can.c"
  20              		.section	.text.CheckITStatus,"ax",%progbits
  21              		.align	1
  22              		.syntax unified
  23              		.thumb
  24              		.thumb_func
  26              	CheckITStatus:
  27              	.LVL0:
  28              	.LFB147:
   1:./Libraries/src/stm32f4xx_can.c **** /**
   2:./Libraries/src/stm32f4xx_can.c ****   ******************************************************************************
   3:./Libraries/src/stm32f4xx_can.c ****   * @file    stm32f4xx_can.c
   4:./Libraries/src/stm32f4xx_can.c ****   * @author  MCD Application Team
   5:./Libraries/src/stm32f4xx_can.c ****   * @version V1.8.0
   6:./Libraries/src/stm32f4xx_can.c ****   * @date    04-November-2016
   7:./Libraries/src/stm32f4xx_can.c ****   * @brief   This file provides firmware functions to manage the following 
   8:./Libraries/src/stm32f4xx_can.c ****   *          functionalities of the Controller area network (CAN) peripheral:
   9:./Libraries/src/stm32f4xx_can.c ****   *           + Initialization and Configuration 
  10:./Libraries/src/stm32f4xx_can.c ****   *           + CAN Frames Transmission
  11:./Libraries/src/stm32f4xx_can.c ****   *           + CAN Frames Reception
  12:./Libraries/src/stm32f4xx_can.c ****   *           + Operation modes switch
  13:./Libraries/src/stm32f4xx_can.c ****   *           + Error management
  14:./Libraries/src/stm32f4xx_can.c ****   *           + Interrupts and flags
  15:./Libraries/src/stm32f4xx_can.c ****   *
  16:./Libraries/src/stm32f4xx_can.c **** @verbatim
  17:./Libraries/src/stm32f4xx_can.c ****  ===============================================================================
  18:./Libraries/src/stm32f4xx_can.c ****                         ##### How to use this driver #####
  19:./Libraries/src/stm32f4xx_can.c ****  ===============================================================================
  20:./Libraries/src/stm32f4xx_can.c ****     [..]
  21:./Libraries/src/stm32f4xx_can.c ****       (#) Enable the CAN controller interface clock using 
  22:./Libraries/src/stm32f4xx_can.c ****           RCC_APB1PeriphClockCmd(RCC_APB1Periph_CAN1, ENABLE); for CAN1 
  23:./Libraries/src/stm32f4xx_can.c ****           and RCC_APB1PeriphClockCmd(RCC_APB1Periph_CAN2, ENABLE); for CAN2
  24:./Libraries/src/stm32f4xx_can.c ****       -@- In case you are using CAN2 only, you have to enable the CAN1 clock.
  25:./Libraries/src/stm32f4xx_can.c ****        
  26:./Libraries/src/stm32f4xx_can.c ****       (#) CAN pins configuration
  27:./Libraries/src/stm32f4xx_can.c ****         (++) Enable the clock for the CAN GPIOs using the following function:
  28:./Libraries/src/stm32f4xx_can.c ****              RCC_AHB1PeriphClockCmd(RCC_AHB1Periph_GPIOx, ENABLE);   
  29:./Libraries/src/stm32f4xx_can.c ****         (++) Connect the involved CAN pins to AF9 using the following function 
  30:./Libraries/src/stm32f4xx_can.c ****              GPIO_PinAFConfig(GPIOx, GPIO_PinSourcex, GPIO_AF_CANx); 
ARM GAS  /tmp/cclurMk5.s 			page 2


  31:./Libraries/src/stm32f4xx_can.c ****         (++) Configure these CAN pins in alternate function mode by calling
  32:./Libraries/src/stm32f4xx_can.c ****              the function  GPIO_Init();
  33:./Libraries/src/stm32f4xx_can.c ****       
  34:./Libraries/src/stm32f4xx_can.c ****       (#) Initialize and configure the CAN using CAN_Init() and 
  35:./Libraries/src/stm32f4xx_can.c ****           CAN_FilterInit() functions.   
  36:./Libraries/src/stm32f4xx_can.c ****                  
  37:./Libraries/src/stm32f4xx_can.c ****       (#) Transmit the desired CAN frame using CAN_Transmit() function.
  38:./Libraries/src/stm32f4xx_can.c ****            
  39:./Libraries/src/stm32f4xx_can.c ****       (#) Check the transmission of a CAN frame using CAN_TransmitStatus()
  40:./Libraries/src/stm32f4xx_can.c ****           function.
  41:./Libraries/src/stm32f4xx_can.c ****                  
  42:./Libraries/src/stm32f4xx_can.c ****       (#) Cancel the transmission of a CAN frame using CAN_CancelTransmit()
  43:./Libraries/src/stm32f4xx_can.c ****           function.  
  44:./Libraries/src/stm32f4xx_can.c ****               
  45:./Libraries/src/stm32f4xx_can.c ****       (#) Receive a CAN frame using CAN_Receive() function.
  46:./Libraries/src/stm32f4xx_can.c ****            
  47:./Libraries/src/stm32f4xx_can.c ****       (#) Release the receive FIFOs using CAN_FIFORelease() function.
  48:./Libraries/src/stm32f4xx_can.c ****                  
  49:./Libraries/src/stm32f4xx_can.c ****       (#) Return the number of pending received frames using 
  50:./Libraries/src/stm32f4xx_can.c ****           CAN_MessagePending() function.            
  51:./Libraries/src/stm32f4xx_can.c ****                      
  52:./Libraries/src/stm32f4xx_can.c ****       (#) To control CAN events you can use one of the following two methods:
  53:./Libraries/src/stm32f4xx_can.c ****         (++) Check on CAN flags using the CAN_GetFlagStatus() function.  
  54:./Libraries/src/stm32f4xx_can.c ****         (++) Use CAN interrupts through the function CAN_ITConfig() at 
  55:./Libraries/src/stm32f4xx_can.c ****              initialization phase and CAN_GetITStatus() function into 
  56:./Libraries/src/stm32f4xx_can.c ****              interrupt routines to check if the event has occurred or not.
  57:./Libraries/src/stm32f4xx_can.c ****              After checking on a flag you should clear it using CAN_ClearFlag()
  58:./Libraries/src/stm32f4xx_can.c ****              function. And after checking on an interrupt event you should 
  59:./Libraries/src/stm32f4xx_can.c ****              clear it using CAN_ClearITPendingBit() function.            
  60:./Libraries/src/stm32f4xx_can.c **** 
  61:./Libraries/src/stm32f4xx_can.c **** @endverbatim
  62:./Libraries/src/stm32f4xx_can.c ****            
  63:./Libraries/src/stm32f4xx_can.c ****   ******************************************************************************
  64:./Libraries/src/stm32f4xx_can.c ****   * @attention
  65:./Libraries/src/stm32f4xx_can.c ****   *
  66:./Libraries/src/stm32f4xx_can.c ****   * <h2><center>&copy; COPYRIGHT 2016 STMicroelectronics</center></h2>
  67:./Libraries/src/stm32f4xx_can.c ****   *
  68:./Libraries/src/stm32f4xx_can.c ****   * Licensed under MCD-ST Liberty SW License Agreement V2, (the "License");
  69:./Libraries/src/stm32f4xx_can.c ****   * You may not use this file except in compliance with the License.
  70:./Libraries/src/stm32f4xx_can.c ****   * You may obtain a copy of the License at:
  71:./Libraries/src/stm32f4xx_can.c ****   *
  72:./Libraries/src/stm32f4xx_can.c ****   *        http://www.st.com/software_license_agreement_liberty_v2
  73:./Libraries/src/stm32f4xx_can.c ****   *
  74:./Libraries/src/stm32f4xx_can.c ****   * Unless required by applicable law or agreed to in writing, software 
  75:./Libraries/src/stm32f4xx_can.c ****   * distributed under the License is distributed on an "AS IS" BASIS, 
  76:./Libraries/src/stm32f4xx_can.c ****   * WITHOUT WARRANTIES OR CONDITIONS OF ANY KIND, either express or implied.
  77:./Libraries/src/stm32f4xx_can.c ****   * See the License for the specific language governing permissions and
  78:./Libraries/src/stm32f4xx_can.c ****   * limitations under the License.
  79:./Libraries/src/stm32f4xx_can.c ****   *
  80:./Libraries/src/stm32f4xx_can.c ****   ******************************************************************************  
  81:./Libraries/src/stm32f4xx_can.c ****   */
  82:./Libraries/src/stm32f4xx_can.c **** 
  83:./Libraries/src/stm32f4xx_can.c **** /* Includes ------------------------------------------------------------------*/
  84:./Libraries/src/stm32f4xx_can.c **** #include "stm32f4xx_can.h"
  85:./Libraries/src/stm32f4xx_can.c **** #include "stm32f4xx_rcc.h"
  86:./Libraries/src/stm32f4xx_can.c **** 
  87:./Libraries/src/stm32f4xx_can.c **** /** @addtogroup STM32F4xx_StdPeriph_Driver
ARM GAS  /tmp/cclurMk5.s 			page 3


  88:./Libraries/src/stm32f4xx_can.c ****   * @{
  89:./Libraries/src/stm32f4xx_can.c ****   */
  90:./Libraries/src/stm32f4xx_can.c **** 
  91:./Libraries/src/stm32f4xx_can.c **** /** @defgroup CAN 
  92:./Libraries/src/stm32f4xx_can.c ****   * @brief CAN driver modules
  93:./Libraries/src/stm32f4xx_can.c ****   * @{
  94:./Libraries/src/stm32f4xx_can.c ****   */ 
  95:./Libraries/src/stm32f4xx_can.c **** /* Private typedef -----------------------------------------------------------*/
  96:./Libraries/src/stm32f4xx_can.c **** /* Private define ------------------------------------------------------------*/
  97:./Libraries/src/stm32f4xx_can.c **** 
  98:./Libraries/src/stm32f4xx_can.c **** /* CAN Master Control Register bits */
  99:./Libraries/src/stm32f4xx_can.c **** #define MCR_DBF           ((uint32_t)0x00010000) /* software master reset */
 100:./Libraries/src/stm32f4xx_can.c **** 
 101:./Libraries/src/stm32f4xx_can.c **** /* CAN Mailbox Transmit Request */
 102:./Libraries/src/stm32f4xx_can.c **** #define TMIDxR_TXRQ       ((uint32_t)0x00000001) /* Transmit mailbox request */
 103:./Libraries/src/stm32f4xx_can.c **** 
 104:./Libraries/src/stm32f4xx_can.c **** /* CAN Filter Master Register bits */
 105:./Libraries/src/stm32f4xx_can.c **** #define FMR_FINIT         ((uint32_t)0x00000001) /* Filter init mode */
 106:./Libraries/src/stm32f4xx_can.c **** 
 107:./Libraries/src/stm32f4xx_can.c **** /* Time out for INAK bit */
 108:./Libraries/src/stm32f4xx_can.c **** #define INAK_TIMEOUT      ((uint32_t)0x0000FFFF)
 109:./Libraries/src/stm32f4xx_can.c **** /* Time out for SLAK bit */
 110:./Libraries/src/stm32f4xx_can.c **** #define SLAK_TIMEOUT      ((uint32_t)0x0000FFFF)
 111:./Libraries/src/stm32f4xx_can.c **** 
 112:./Libraries/src/stm32f4xx_can.c **** /* Flags in TSR register */
 113:./Libraries/src/stm32f4xx_can.c **** #define CAN_FLAGS_TSR     ((uint32_t)0x08000000) 
 114:./Libraries/src/stm32f4xx_can.c **** /* Flags in RF1R register */
 115:./Libraries/src/stm32f4xx_can.c **** #define CAN_FLAGS_RF1R    ((uint32_t)0x04000000) 
 116:./Libraries/src/stm32f4xx_can.c **** /* Flags in RF0R register */
 117:./Libraries/src/stm32f4xx_can.c **** #define CAN_FLAGS_RF0R    ((uint32_t)0x02000000) 
 118:./Libraries/src/stm32f4xx_can.c **** /* Flags in MSR register */
 119:./Libraries/src/stm32f4xx_can.c **** #define CAN_FLAGS_MSR     ((uint32_t)0x01000000) 
 120:./Libraries/src/stm32f4xx_can.c **** /* Flags in ESR register */
 121:./Libraries/src/stm32f4xx_can.c **** #define CAN_FLAGS_ESR     ((uint32_t)0x00F00000) 
 122:./Libraries/src/stm32f4xx_can.c **** 
 123:./Libraries/src/stm32f4xx_can.c **** /* Mailboxes definition */
 124:./Libraries/src/stm32f4xx_can.c **** #define CAN_TXMAILBOX_0   ((uint8_t)0x00)
 125:./Libraries/src/stm32f4xx_can.c **** #define CAN_TXMAILBOX_1   ((uint8_t)0x01)
 126:./Libraries/src/stm32f4xx_can.c **** #define CAN_TXMAILBOX_2   ((uint8_t)0x02) 
 127:./Libraries/src/stm32f4xx_can.c **** 
 128:./Libraries/src/stm32f4xx_can.c **** #define CAN_MODE_MASK     ((uint32_t) 0x00000003)
 129:./Libraries/src/stm32f4xx_can.c **** 
 130:./Libraries/src/stm32f4xx_can.c **** /* Private macro -------------------------------------------------------------*/
 131:./Libraries/src/stm32f4xx_can.c **** /* Private variables ---------------------------------------------------------*/
 132:./Libraries/src/stm32f4xx_can.c **** /* Private function prototypes -----------------------------------------------*/
 133:./Libraries/src/stm32f4xx_can.c **** /* Private functions ---------------------------------------------------------*/
 134:./Libraries/src/stm32f4xx_can.c **** static ITStatus CheckITStatus(uint32_t CAN_Reg, uint32_t It_Bit);
 135:./Libraries/src/stm32f4xx_can.c **** 
 136:./Libraries/src/stm32f4xx_can.c **** /** @defgroup CAN_Private_Functions
 137:./Libraries/src/stm32f4xx_can.c ****   * @{
 138:./Libraries/src/stm32f4xx_can.c ****   */
 139:./Libraries/src/stm32f4xx_can.c **** 
 140:./Libraries/src/stm32f4xx_can.c **** /** @defgroup CAN_Group1 Initialization and Configuration functions
 141:./Libraries/src/stm32f4xx_can.c ****  *  @brief    Initialization and Configuration functions 
 142:./Libraries/src/stm32f4xx_can.c ****  *
 143:./Libraries/src/stm32f4xx_can.c **** @verbatim    
 144:./Libraries/src/stm32f4xx_can.c ****  ===============================================================================
ARM GAS  /tmp/cclurMk5.s 			page 4


 145:./Libraries/src/stm32f4xx_can.c ****               ##### Initialization and Configuration functions #####
 146:./Libraries/src/stm32f4xx_can.c ****  ===============================================================================  
 147:./Libraries/src/stm32f4xx_can.c ****     [..] This section provides functions allowing to 
 148:./Libraries/src/stm32f4xx_can.c ****       (+) Initialize the CAN peripherals : Prescaler, operating mode, the maximum 
 149:./Libraries/src/stm32f4xx_can.c ****           number of time quanta to perform resynchronization, the number of time 
 150:./Libraries/src/stm32f4xx_can.c ****           quanta in Bit Segment 1 and 2 and many other modes. 
 151:./Libraries/src/stm32f4xx_can.c ****           Refer to  @ref CAN_InitTypeDef  for more details.
 152:./Libraries/src/stm32f4xx_can.c ****       (+) Configures the CAN reception filter.                                      
 153:./Libraries/src/stm32f4xx_can.c ****       (+) Select the start bank filter for slave CAN.
 154:./Libraries/src/stm32f4xx_can.c ****       (+) Enables or disables the Debug Freeze mode for CAN
 155:./Libraries/src/stm32f4xx_can.c ****       (+)Enables or disables the CAN Time Trigger Operation communication mode
 156:./Libraries/src/stm32f4xx_can.c ****    
 157:./Libraries/src/stm32f4xx_can.c **** @endverbatim
 158:./Libraries/src/stm32f4xx_can.c ****   * @{
 159:./Libraries/src/stm32f4xx_can.c ****   */
 160:./Libraries/src/stm32f4xx_can.c ****   
 161:./Libraries/src/stm32f4xx_can.c **** /**
 162:./Libraries/src/stm32f4xx_can.c ****   * @brief  Deinitializes the CAN peripheral registers to their default reset values.
 163:./Libraries/src/stm32f4xx_can.c ****   * @param  CANx: where x can be 1,2 or 3 to select the CAN peripheral.
 164:./Libraries/src/stm32f4xx_can.c ****   * @note   CAN3 peripheral is available only for STM32F413_423xx devices
 165:./Libraries/src/stm32f4xx_can.c ****   * @retval None.
 166:./Libraries/src/stm32f4xx_can.c ****   */
 167:./Libraries/src/stm32f4xx_can.c **** void CAN_DeInit(CAN_TypeDef* CANx)
 168:./Libraries/src/stm32f4xx_can.c **** {
 169:./Libraries/src/stm32f4xx_can.c ****   /* Check the parameters */
 170:./Libraries/src/stm32f4xx_can.c ****   assert_param(IS_CAN_ALL_PERIPH(CANx));
 171:./Libraries/src/stm32f4xx_can.c ****  
 172:./Libraries/src/stm32f4xx_can.c ****   if (CANx == CAN1)
 173:./Libraries/src/stm32f4xx_can.c ****   {
 174:./Libraries/src/stm32f4xx_can.c ****     /* Enable CAN1 reset state */
 175:./Libraries/src/stm32f4xx_can.c ****     RCC_APB1PeriphResetCmd(RCC_APB1Periph_CAN1, ENABLE);
 176:./Libraries/src/stm32f4xx_can.c ****     /* Release CAN1 from reset state */
 177:./Libraries/src/stm32f4xx_can.c ****     RCC_APB1PeriphResetCmd(RCC_APB1Periph_CAN1, DISABLE);
 178:./Libraries/src/stm32f4xx_can.c ****   }
 179:./Libraries/src/stm32f4xx_can.c **** #if defined(STM32F413_423xx)
 180:./Libraries/src/stm32f4xx_can.c ****   else if(CANx == CAN2)
 181:./Libraries/src/stm32f4xx_can.c ****   {  
 182:./Libraries/src/stm32f4xx_can.c ****     /* Enable CAN2 reset state */
 183:./Libraries/src/stm32f4xx_can.c ****     RCC_APB1PeriphResetCmd(RCC_APB1Periph_CAN2, ENABLE);
 184:./Libraries/src/stm32f4xx_can.c ****     /* Release CAN2 from reset state */
 185:./Libraries/src/stm32f4xx_can.c ****     RCC_APB1PeriphResetCmd(RCC_APB1Periph_CAN2, DISABLE);
 186:./Libraries/src/stm32f4xx_can.c ****   }
 187:./Libraries/src/stm32f4xx_can.c ****   
 188:./Libraries/src/stm32f4xx_can.c ****   else /* CAN3 available only for STM32F413_423xx */
 189:./Libraries/src/stm32f4xx_can.c ****   {
 190:./Libraries/src/stm32f4xx_can.c ****     /* Enable CAN3 reset state */
 191:./Libraries/src/stm32f4xx_can.c ****     RCC_APB1PeriphResetCmd(RCC_APB1Periph_CAN3, ENABLE);
 192:./Libraries/src/stm32f4xx_can.c ****     /* Release CAN3 from reset state */
 193:./Libraries/src/stm32f4xx_can.c ****     RCC_APB1PeriphResetCmd(RCC_APB1Periph_CAN3, DISABLE); 
 194:./Libraries/src/stm32f4xx_can.c ****   }
 195:./Libraries/src/stm32f4xx_can.c **** #else
 196:./Libraries/src/stm32f4xx_can.c ****   else
 197:./Libraries/src/stm32f4xx_can.c ****   {
 198:./Libraries/src/stm32f4xx_can.c ****     /* Enable CAN2 reset state */
 199:./Libraries/src/stm32f4xx_can.c ****     RCC_APB1PeriphResetCmd(RCC_APB1Periph_CAN2, ENABLE);
 200:./Libraries/src/stm32f4xx_can.c ****     /* Release CAN2 from reset state */
 201:./Libraries/src/stm32f4xx_can.c ****     RCC_APB1PeriphResetCmd(RCC_APB1Periph_CAN2, DISABLE);
ARM GAS  /tmp/cclurMk5.s 			page 5


 202:./Libraries/src/stm32f4xx_can.c ****   }
 203:./Libraries/src/stm32f4xx_can.c **** #endif /* STM32F413_423xx */
 204:./Libraries/src/stm32f4xx_can.c **** }
 205:./Libraries/src/stm32f4xx_can.c **** 
 206:./Libraries/src/stm32f4xx_can.c **** /**
 207:./Libraries/src/stm32f4xx_can.c ****   * @brief  Initializes the CAN peripheral according to the specified
 208:./Libraries/src/stm32f4xx_can.c ****   *         parameters in the CAN_InitStruct.
 209:./Libraries/src/stm32f4xx_can.c ****   * @param  CANx: where x can be 1,2 or 3 to select the CAN peripheral.
 210:./Libraries/src/stm32f4xx_can.c ****   * @param  CAN_InitStruct: pointer to a CAN_InitTypeDef structure that contains
 211:./Libraries/src/stm32f4xx_can.c ****   *         the configuration information for the CAN peripheral.
 212:./Libraries/src/stm32f4xx_can.c ****   * @note   CAN3 peripheral is available only for STM32F413_423xx devices
 213:./Libraries/src/stm32f4xx_can.c ****   * @retval Constant indicates initialization succeed which will be 
 214:./Libraries/src/stm32f4xx_can.c ****   *         CAN_InitStatus_Failed or CAN_InitStatus_Success.
 215:./Libraries/src/stm32f4xx_can.c ****   */
 216:./Libraries/src/stm32f4xx_can.c **** uint8_t CAN_Init(CAN_TypeDef* CANx, CAN_InitTypeDef* CAN_InitStruct)
 217:./Libraries/src/stm32f4xx_can.c **** {
 218:./Libraries/src/stm32f4xx_can.c ****   uint8_t InitStatus = CAN_InitStatus_Failed;
 219:./Libraries/src/stm32f4xx_can.c ****   uint32_t wait_ack = 0x00000000;
 220:./Libraries/src/stm32f4xx_can.c ****   /* Check the parameters */
 221:./Libraries/src/stm32f4xx_can.c ****   assert_param(IS_CAN_ALL_PERIPH(CANx));
 222:./Libraries/src/stm32f4xx_can.c ****   assert_param(IS_FUNCTIONAL_STATE(CAN_InitStruct->CAN_TTCM));
 223:./Libraries/src/stm32f4xx_can.c ****   assert_param(IS_FUNCTIONAL_STATE(CAN_InitStruct->CAN_ABOM));
 224:./Libraries/src/stm32f4xx_can.c ****   assert_param(IS_FUNCTIONAL_STATE(CAN_InitStruct->CAN_AWUM));
 225:./Libraries/src/stm32f4xx_can.c ****   assert_param(IS_FUNCTIONAL_STATE(CAN_InitStruct->CAN_NART));
 226:./Libraries/src/stm32f4xx_can.c ****   assert_param(IS_FUNCTIONAL_STATE(CAN_InitStruct->CAN_RFLM));
 227:./Libraries/src/stm32f4xx_can.c ****   assert_param(IS_FUNCTIONAL_STATE(CAN_InitStruct->CAN_TXFP));
 228:./Libraries/src/stm32f4xx_can.c ****   assert_param(IS_CAN_MODE(CAN_InitStruct->CAN_Mode));
 229:./Libraries/src/stm32f4xx_can.c ****   assert_param(IS_CAN_SJW(CAN_InitStruct->CAN_SJW));
 230:./Libraries/src/stm32f4xx_can.c ****   assert_param(IS_CAN_BS1(CAN_InitStruct->CAN_BS1));
 231:./Libraries/src/stm32f4xx_can.c ****   assert_param(IS_CAN_BS2(CAN_InitStruct->CAN_BS2));
 232:./Libraries/src/stm32f4xx_can.c ****   assert_param(IS_CAN_PRESCALER(CAN_InitStruct->CAN_Prescaler));
 233:./Libraries/src/stm32f4xx_can.c **** 
 234:./Libraries/src/stm32f4xx_can.c ****   /* Exit from sleep mode */
 235:./Libraries/src/stm32f4xx_can.c ****   CANx->MCR &= (~(uint32_t)CAN_MCR_SLEEP);
 236:./Libraries/src/stm32f4xx_can.c **** 
 237:./Libraries/src/stm32f4xx_can.c ****   /* Request initialisation */
 238:./Libraries/src/stm32f4xx_can.c ****   CANx->MCR |= CAN_MCR_INRQ ;
 239:./Libraries/src/stm32f4xx_can.c **** 
 240:./Libraries/src/stm32f4xx_can.c ****   /* Wait the acknowledge */
 241:./Libraries/src/stm32f4xx_can.c ****   while (((CANx->MSR & CAN_MSR_INAK) != CAN_MSR_INAK) && (wait_ack != INAK_TIMEOUT))
 242:./Libraries/src/stm32f4xx_can.c ****   {
 243:./Libraries/src/stm32f4xx_can.c ****     wait_ack++;
 244:./Libraries/src/stm32f4xx_can.c ****   }
 245:./Libraries/src/stm32f4xx_can.c **** 
 246:./Libraries/src/stm32f4xx_can.c ****   /* Check acknowledge */
 247:./Libraries/src/stm32f4xx_can.c ****   if ((CANx->MSR & CAN_MSR_INAK) != CAN_MSR_INAK)
 248:./Libraries/src/stm32f4xx_can.c ****   {
 249:./Libraries/src/stm32f4xx_can.c ****     InitStatus = CAN_InitStatus_Failed;
 250:./Libraries/src/stm32f4xx_can.c ****   }
 251:./Libraries/src/stm32f4xx_can.c ****   else 
 252:./Libraries/src/stm32f4xx_can.c ****   {
 253:./Libraries/src/stm32f4xx_can.c ****     /* Set the time triggered communication mode */
 254:./Libraries/src/stm32f4xx_can.c ****     if (CAN_InitStruct->CAN_TTCM == ENABLE)
 255:./Libraries/src/stm32f4xx_can.c ****     {
 256:./Libraries/src/stm32f4xx_can.c ****       CANx->MCR |= CAN_MCR_TTCM;
 257:./Libraries/src/stm32f4xx_can.c ****     }
 258:./Libraries/src/stm32f4xx_can.c ****     else
ARM GAS  /tmp/cclurMk5.s 			page 6


 259:./Libraries/src/stm32f4xx_can.c ****     {
 260:./Libraries/src/stm32f4xx_can.c ****       CANx->MCR &= ~(uint32_t)CAN_MCR_TTCM;
 261:./Libraries/src/stm32f4xx_can.c ****     }
 262:./Libraries/src/stm32f4xx_can.c **** 
 263:./Libraries/src/stm32f4xx_can.c ****     /* Set the automatic bus-off management */
 264:./Libraries/src/stm32f4xx_can.c ****     if (CAN_InitStruct->CAN_ABOM == ENABLE)
 265:./Libraries/src/stm32f4xx_can.c ****     {
 266:./Libraries/src/stm32f4xx_can.c ****       CANx->MCR |= CAN_MCR_ABOM;
 267:./Libraries/src/stm32f4xx_can.c ****     }
 268:./Libraries/src/stm32f4xx_can.c ****     else
 269:./Libraries/src/stm32f4xx_can.c ****     {
 270:./Libraries/src/stm32f4xx_can.c ****       CANx->MCR &= ~(uint32_t)CAN_MCR_ABOM;
 271:./Libraries/src/stm32f4xx_can.c ****     }
 272:./Libraries/src/stm32f4xx_can.c **** 
 273:./Libraries/src/stm32f4xx_can.c ****     /* Set the automatic wake-up mode */
 274:./Libraries/src/stm32f4xx_can.c ****     if (CAN_InitStruct->CAN_AWUM == ENABLE)
 275:./Libraries/src/stm32f4xx_can.c ****     {
 276:./Libraries/src/stm32f4xx_can.c ****       CANx->MCR |= CAN_MCR_AWUM;
 277:./Libraries/src/stm32f4xx_can.c ****     }
 278:./Libraries/src/stm32f4xx_can.c ****     else
 279:./Libraries/src/stm32f4xx_can.c ****     {
 280:./Libraries/src/stm32f4xx_can.c ****       CANx->MCR &= ~(uint32_t)CAN_MCR_AWUM;
 281:./Libraries/src/stm32f4xx_can.c ****     }
 282:./Libraries/src/stm32f4xx_can.c **** 
 283:./Libraries/src/stm32f4xx_can.c ****     /* Set the no automatic retransmission */
 284:./Libraries/src/stm32f4xx_can.c ****     if (CAN_InitStruct->CAN_NART == ENABLE)
 285:./Libraries/src/stm32f4xx_can.c ****     {
 286:./Libraries/src/stm32f4xx_can.c ****       CANx->MCR |= CAN_MCR_NART;
 287:./Libraries/src/stm32f4xx_can.c ****     }
 288:./Libraries/src/stm32f4xx_can.c ****     else
 289:./Libraries/src/stm32f4xx_can.c ****     {
 290:./Libraries/src/stm32f4xx_can.c ****       CANx->MCR &= ~(uint32_t)CAN_MCR_NART;
 291:./Libraries/src/stm32f4xx_can.c ****     }
 292:./Libraries/src/stm32f4xx_can.c **** 
 293:./Libraries/src/stm32f4xx_can.c ****     /* Set the receive FIFO locked mode */
 294:./Libraries/src/stm32f4xx_can.c ****     if (CAN_InitStruct->CAN_RFLM == ENABLE)
 295:./Libraries/src/stm32f4xx_can.c ****     {
 296:./Libraries/src/stm32f4xx_can.c ****       CANx->MCR |= CAN_MCR_RFLM;
 297:./Libraries/src/stm32f4xx_can.c ****     }
 298:./Libraries/src/stm32f4xx_can.c ****     else
 299:./Libraries/src/stm32f4xx_can.c ****     {
 300:./Libraries/src/stm32f4xx_can.c ****       CANx->MCR &= ~(uint32_t)CAN_MCR_RFLM;
 301:./Libraries/src/stm32f4xx_can.c ****     }
 302:./Libraries/src/stm32f4xx_can.c **** 
 303:./Libraries/src/stm32f4xx_can.c ****     /* Set the transmit FIFO priority */
 304:./Libraries/src/stm32f4xx_can.c ****     if (CAN_InitStruct->CAN_TXFP == ENABLE)
 305:./Libraries/src/stm32f4xx_can.c ****     {
 306:./Libraries/src/stm32f4xx_can.c ****       CANx->MCR |= CAN_MCR_TXFP;
 307:./Libraries/src/stm32f4xx_can.c ****     }
 308:./Libraries/src/stm32f4xx_can.c ****     else
 309:./Libraries/src/stm32f4xx_can.c ****     {
 310:./Libraries/src/stm32f4xx_can.c ****       CANx->MCR &= ~(uint32_t)CAN_MCR_TXFP;
 311:./Libraries/src/stm32f4xx_can.c ****     }
 312:./Libraries/src/stm32f4xx_can.c **** 
 313:./Libraries/src/stm32f4xx_can.c ****     /* Set the bit timing register */
 314:./Libraries/src/stm32f4xx_can.c ****     CANx->BTR = (uint32_t)((uint32_t)CAN_InitStruct->CAN_Mode << 30) | \
 315:./Libraries/src/stm32f4xx_can.c ****                 ((uint32_t)CAN_InitStruct->CAN_SJW << 24) | \
ARM GAS  /tmp/cclurMk5.s 			page 7


 316:./Libraries/src/stm32f4xx_can.c ****                 ((uint32_t)CAN_InitStruct->CAN_BS1 << 16) | \
 317:./Libraries/src/stm32f4xx_can.c ****                 ((uint32_t)CAN_InitStruct->CAN_BS2 << 20) | \
 318:./Libraries/src/stm32f4xx_can.c ****                ((uint32_t)CAN_InitStruct->CAN_Prescaler - 1);
 319:./Libraries/src/stm32f4xx_can.c **** 
 320:./Libraries/src/stm32f4xx_can.c ****     /* Request leave initialisation */
 321:./Libraries/src/stm32f4xx_can.c ****     CANx->MCR &= ~(uint32_t)CAN_MCR_INRQ;
 322:./Libraries/src/stm32f4xx_can.c **** 
 323:./Libraries/src/stm32f4xx_can.c ****    /* Wait the acknowledge */
 324:./Libraries/src/stm32f4xx_can.c ****    wait_ack = 0;
 325:./Libraries/src/stm32f4xx_can.c **** 
 326:./Libraries/src/stm32f4xx_can.c ****    while (((CANx->MSR & CAN_MSR_INAK) == CAN_MSR_INAK) && (wait_ack != INAK_TIMEOUT))
 327:./Libraries/src/stm32f4xx_can.c ****    {
 328:./Libraries/src/stm32f4xx_can.c ****      wait_ack++;
 329:./Libraries/src/stm32f4xx_can.c ****    }
 330:./Libraries/src/stm32f4xx_can.c **** 
 331:./Libraries/src/stm32f4xx_can.c ****     /* ...and check acknowledged */
 332:./Libraries/src/stm32f4xx_can.c ****     if ((CANx->MSR & CAN_MSR_INAK) == CAN_MSR_INAK)
 333:./Libraries/src/stm32f4xx_can.c ****     {
 334:./Libraries/src/stm32f4xx_can.c ****       InitStatus = CAN_InitStatus_Failed;
 335:./Libraries/src/stm32f4xx_can.c ****     }
 336:./Libraries/src/stm32f4xx_can.c ****     else
 337:./Libraries/src/stm32f4xx_can.c ****     {
 338:./Libraries/src/stm32f4xx_can.c ****       InitStatus = CAN_InitStatus_Success ;
 339:./Libraries/src/stm32f4xx_can.c ****     }
 340:./Libraries/src/stm32f4xx_can.c ****   }
 341:./Libraries/src/stm32f4xx_can.c **** 
 342:./Libraries/src/stm32f4xx_can.c ****   /* At this step, return the status of initialization */
 343:./Libraries/src/stm32f4xx_can.c ****   return InitStatus;
 344:./Libraries/src/stm32f4xx_can.c **** }
 345:./Libraries/src/stm32f4xx_can.c **** 
 346:./Libraries/src/stm32f4xx_can.c **** #if defined(STM32F413_423xx)
 347:./Libraries/src/stm32f4xx_can.c **** /**
 348:./Libraries/src/stm32f4xx_can.c ****   * @brief  Configures the CAN reception filter according to the specified
 349:./Libraries/src/stm32f4xx_can.c ****   *         parameters in the CAN_FilterInitStruct.
 350:./Libraries/src/stm32f4xx_can.c ****   * @param  CANx: where x can be 1 or 3 to select the CAN peripheral.
 351:./Libraries/src/stm32f4xx_can.c ****   * @param  CAN_FilterInitStruct: pointer to a CAN_FilterInitTypeDef structure that
 352:./Libraries/src/stm32f4xx_can.c ****   *         contains the configuration information.
 353:./Libraries/src/stm32f4xx_can.c ****   * @retval None
 354:./Libraries/src/stm32f4xx_can.c ****   */
 355:./Libraries/src/stm32f4xx_can.c **** void CAN_FilterInit(CAN_TypeDef* CANx, CAN_FilterInitTypeDef* CAN_FilterInitStruct)
 356:./Libraries/src/stm32f4xx_can.c **** {
 357:./Libraries/src/stm32f4xx_can.c ****   uint32_t filter_number_bit_pos = 0;
 358:./Libraries/src/stm32f4xx_can.c ****   /* Check the parameters */
 359:./Libraries/src/stm32f4xx_can.c ****   assert_param(IS_CAN_FILTER_NUMBER(CAN_FilterInitStruct->CAN_FilterNumber));
 360:./Libraries/src/stm32f4xx_can.c ****   assert_param(IS_CAN_FILTER_MODE(CAN_FilterInitStruct->CAN_FilterMode));
 361:./Libraries/src/stm32f4xx_can.c ****   assert_param(IS_CAN_FILTER_SCALE(CAN_FilterInitStruct->CAN_FilterScale));
 362:./Libraries/src/stm32f4xx_can.c ****   assert_param(IS_CAN_FILTER_FIFO(CAN_FilterInitStruct->CAN_FilterFIFOAssignment));
 363:./Libraries/src/stm32f4xx_can.c ****   assert_param(IS_FUNCTIONAL_STATE(CAN_FilterInitStruct->CAN_FilterActivation));
 364:./Libraries/src/stm32f4xx_can.c ****   
 365:./Libraries/src/stm32f4xx_can.c ****   filter_number_bit_pos = ((uint32_t)1) << CAN_FilterInitStruct->CAN_FilterNumber;
 366:./Libraries/src/stm32f4xx_can.c **** 
 367:./Libraries/src/stm32f4xx_can.c ****   /* Initialisation mode for the filter */
 368:./Libraries/src/stm32f4xx_can.c ****   CANx->FMR |= FMR_FINIT;
 369:./Libraries/src/stm32f4xx_can.c **** 
 370:./Libraries/src/stm32f4xx_can.c ****   /* Filter Deactivation */
 371:./Libraries/src/stm32f4xx_can.c ****   CANx->FA1R &= ~(uint32_t)filter_number_bit_pos;
 372:./Libraries/src/stm32f4xx_can.c **** 
ARM GAS  /tmp/cclurMk5.s 			page 8


 373:./Libraries/src/stm32f4xx_can.c ****   /* Filter Scale */
 374:./Libraries/src/stm32f4xx_can.c ****   if (CAN_FilterInitStruct->CAN_FilterScale == CAN_FilterScale_16bit)
 375:./Libraries/src/stm32f4xx_can.c ****   {
 376:./Libraries/src/stm32f4xx_can.c ****     /* 16-bit scale for the filter */
 377:./Libraries/src/stm32f4xx_can.c ****     CANx->FS1R &= ~(uint32_t)filter_number_bit_pos;
 378:./Libraries/src/stm32f4xx_can.c **** 
 379:./Libraries/src/stm32f4xx_can.c ****     /* First 16-bit identifier and First 16-bit mask */
 380:./Libraries/src/stm32f4xx_can.c ****     /* Or First 16-bit identifier and Second 16-bit identifier */
 381:./Libraries/src/stm32f4xx_can.c ****     CANx->sFilterRegister[CAN_FilterInitStruct->CAN_FilterNumber].FR1 = 
 382:./Libraries/src/stm32f4xx_can.c ****        ((0x0000FFFF & (uint32_t)CAN_FilterInitStruct->CAN_FilterMaskIdLow) << 16) |
 383:./Libraries/src/stm32f4xx_can.c ****         (0x0000FFFF & (uint32_t)CAN_FilterInitStruct->CAN_FilterIdLow);
 384:./Libraries/src/stm32f4xx_can.c **** 
 385:./Libraries/src/stm32f4xx_can.c ****     /* Second 16-bit identifier and Second 16-bit mask */
 386:./Libraries/src/stm32f4xx_can.c ****     /* Or Third 16-bit identifier and Fourth 16-bit identifier */
 387:./Libraries/src/stm32f4xx_can.c ****     CANx->sFilterRegister[CAN_FilterInitStruct->CAN_FilterNumber].FR2 = 
 388:./Libraries/src/stm32f4xx_can.c ****        ((0x0000FFFF & (uint32_t)CAN_FilterInitStruct->CAN_FilterMaskIdHigh) << 16) |
 389:./Libraries/src/stm32f4xx_can.c ****         (0x0000FFFF & (uint32_t)CAN_FilterInitStruct->CAN_FilterIdHigh);
 390:./Libraries/src/stm32f4xx_can.c ****   }
 391:./Libraries/src/stm32f4xx_can.c **** 
 392:./Libraries/src/stm32f4xx_can.c ****   if (CAN_FilterInitStruct->CAN_FilterScale == CAN_FilterScale_32bit)
 393:./Libraries/src/stm32f4xx_can.c ****   {
 394:./Libraries/src/stm32f4xx_can.c ****     /* 32-bit scale for the filter */
 395:./Libraries/src/stm32f4xx_can.c ****     CANx->FS1R |= filter_number_bit_pos;
 396:./Libraries/src/stm32f4xx_can.c ****     /* 32-bit identifier or First 32-bit identifier */
 397:./Libraries/src/stm32f4xx_can.c ****     CANx->sFilterRegister[CAN_FilterInitStruct->CAN_FilterNumber].FR1 = 
 398:./Libraries/src/stm32f4xx_can.c ****        ((0x0000FFFF & (uint32_t)CAN_FilterInitStruct->CAN_FilterIdHigh) << 16) |
 399:./Libraries/src/stm32f4xx_can.c ****         (0x0000FFFF & (uint32_t)CAN_FilterInitStruct->CAN_FilterIdLow);
 400:./Libraries/src/stm32f4xx_can.c ****     /* 32-bit mask or Second 32-bit identifier */
 401:./Libraries/src/stm32f4xx_can.c ****     CANx->sFilterRegister[CAN_FilterInitStruct->CAN_FilterNumber].FR2 = 
 402:./Libraries/src/stm32f4xx_can.c ****        ((0x0000FFFF & (uint32_t)CAN_FilterInitStruct->CAN_FilterMaskIdHigh) << 16) |
 403:./Libraries/src/stm32f4xx_can.c ****         (0x0000FFFF & (uint32_t)CAN_FilterInitStruct->CAN_FilterMaskIdLow);
 404:./Libraries/src/stm32f4xx_can.c ****   }
 405:./Libraries/src/stm32f4xx_can.c **** 
 406:./Libraries/src/stm32f4xx_can.c ****   /* Filter Mode */
 407:./Libraries/src/stm32f4xx_can.c ****   if (CAN_FilterInitStruct->CAN_FilterMode == CAN_FilterMode_IdMask)
 408:./Libraries/src/stm32f4xx_can.c ****   {
 409:./Libraries/src/stm32f4xx_can.c ****     /*Id/Mask mode for the filter*/
 410:./Libraries/src/stm32f4xx_can.c ****     CANx->FM1R &= ~(uint32_t)filter_number_bit_pos;
 411:./Libraries/src/stm32f4xx_can.c ****   }
 412:./Libraries/src/stm32f4xx_can.c ****   else /* CAN_FilterInitStruct->CAN_FilterMode == CAN_FilterMode_IdList */
 413:./Libraries/src/stm32f4xx_can.c ****   {
 414:./Libraries/src/stm32f4xx_can.c ****     /*Identifier list mode for the filter*/
 415:./Libraries/src/stm32f4xx_can.c ****     CANx->FM1R |= (uint32_t)filter_number_bit_pos;
 416:./Libraries/src/stm32f4xx_can.c ****   }
 417:./Libraries/src/stm32f4xx_can.c **** 
 418:./Libraries/src/stm32f4xx_can.c ****   /* Filter FIFO assignment */
 419:./Libraries/src/stm32f4xx_can.c ****   if (CAN_FilterInitStruct->CAN_FilterFIFOAssignment == CAN_Filter_FIFO0)
 420:./Libraries/src/stm32f4xx_can.c ****   {
 421:./Libraries/src/stm32f4xx_can.c ****     /* FIFO 0 assignation for the filter */
 422:./Libraries/src/stm32f4xx_can.c ****     CANx->FFA1R &= ~(uint32_t)filter_number_bit_pos;
 423:./Libraries/src/stm32f4xx_can.c ****   }
 424:./Libraries/src/stm32f4xx_can.c **** 
 425:./Libraries/src/stm32f4xx_can.c ****   if (CAN_FilterInitStruct->CAN_FilterFIFOAssignment == CAN_Filter_FIFO1)
 426:./Libraries/src/stm32f4xx_can.c ****   {
 427:./Libraries/src/stm32f4xx_can.c ****     /* FIFO 1 assignation for the filter */
 428:./Libraries/src/stm32f4xx_can.c ****     CANx->FFA1R |= (uint32_t)filter_number_bit_pos;
 429:./Libraries/src/stm32f4xx_can.c ****   }
ARM GAS  /tmp/cclurMk5.s 			page 9


 430:./Libraries/src/stm32f4xx_can.c ****   
 431:./Libraries/src/stm32f4xx_can.c ****   /* Filter activation */
 432:./Libraries/src/stm32f4xx_can.c ****   if (CAN_FilterInitStruct->CAN_FilterActivation == ENABLE)
 433:./Libraries/src/stm32f4xx_can.c ****   {
 434:./Libraries/src/stm32f4xx_can.c ****     CANx->FA1R |= filter_number_bit_pos;
 435:./Libraries/src/stm32f4xx_can.c ****   }
 436:./Libraries/src/stm32f4xx_can.c **** 
 437:./Libraries/src/stm32f4xx_can.c ****   /* Leave the initialisation mode for the filter */
 438:./Libraries/src/stm32f4xx_can.c ****   CANx->FMR &= ~FMR_FINIT;
 439:./Libraries/src/stm32f4xx_can.c **** }
 440:./Libraries/src/stm32f4xx_can.c **** #else
 441:./Libraries/src/stm32f4xx_can.c **** /**
 442:./Libraries/src/stm32f4xx_can.c ****   * @brief  Configures the CAN reception filter according to the specified
 443:./Libraries/src/stm32f4xx_can.c ****   *         parameters in the CAN_FilterInitStruct.
 444:./Libraries/src/stm32f4xx_can.c ****   * @param  CAN_FilterInitStruct: pointer to a CAN_FilterInitTypeDef structure that
 445:./Libraries/src/stm32f4xx_can.c ****   *         contains the configuration information.
 446:./Libraries/src/stm32f4xx_can.c ****   * @retval None
 447:./Libraries/src/stm32f4xx_can.c ****   */
 448:./Libraries/src/stm32f4xx_can.c **** void CAN_FilterInit(CAN_FilterInitTypeDef* CAN_FilterInitStruct)
 449:./Libraries/src/stm32f4xx_can.c **** {
 450:./Libraries/src/stm32f4xx_can.c ****   uint32_t filter_number_bit_pos = 0;
 451:./Libraries/src/stm32f4xx_can.c ****   /* Check the parameters */
 452:./Libraries/src/stm32f4xx_can.c ****   assert_param(IS_CAN_FILTER_NUMBER(CAN_FilterInitStruct->CAN_FilterNumber));
 453:./Libraries/src/stm32f4xx_can.c ****   assert_param(IS_CAN_FILTER_MODE(CAN_FilterInitStruct->CAN_FilterMode));
 454:./Libraries/src/stm32f4xx_can.c ****   assert_param(IS_CAN_FILTER_SCALE(CAN_FilterInitStruct->CAN_FilterScale));
 455:./Libraries/src/stm32f4xx_can.c ****   assert_param(IS_CAN_FILTER_FIFO(CAN_FilterInitStruct->CAN_FilterFIFOAssignment));
 456:./Libraries/src/stm32f4xx_can.c ****   assert_param(IS_FUNCTIONAL_STATE(CAN_FilterInitStruct->CAN_FilterActivation));
 457:./Libraries/src/stm32f4xx_can.c **** 
 458:./Libraries/src/stm32f4xx_can.c ****   filter_number_bit_pos = ((uint32_t)1) << CAN_FilterInitStruct->CAN_FilterNumber;
 459:./Libraries/src/stm32f4xx_can.c **** 
 460:./Libraries/src/stm32f4xx_can.c ****   /* Initialisation mode for the filter */
 461:./Libraries/src/stm32f4xx_can.c ****   CAN1->FMR |= FMR_FINIT;
 462:./Libraries/src/stm32f4xx_can.c **** 
 463:./Libraries/src/stm32f4xx_can.c ****   /* Filter Deactivation */
 464:./Libraries/src/stm32f4xx_can.c ****   CAN1->FA1R &= ~(uint32_t)filter_number_bit_pos;
 465:./Libraries/src/stm32f4xx_can.c **** 
 466:./Libraries/src/stm32f4xx_can.c ****   /* Filter Scale */
 467:./Libraries/src/stm32f4xx_can.c ****   if (CAN_FilterInitStruct->CAN_FilterScale == CAN_FilterScale_16bit)
 468:./Libraries/src/stm32f4xx_can.c ****   {
 469:./Libraries/src/stm32f4xx_can.c ****     /* 16-bit scale for the filter */
 470:./Libraries/src/stm32f4xx_can.c ****     CAN1->FS1R &= ~(uint32_t)filter_number_bit_pos;
 471:./Libraries/src/stm32f4xx_can.c **** 
 472:./Libraries/src/stm32f4xx_can.c ****     /* First 16-bit identifier and First 16-bit mask */
 473:./Libraries/src/stm32f4xx_can.c ****     /* Or First 16-bit identifier and Second 16-bit identifier */
 474:./Libraries/src/stm32f4xx_can.c ****     CAN1->sFilterRegister[CAN_FilterInitStruct->CAN_FilterNumber].FR1 = 
 475:./Libraries/src/stm32f4xx_can.c ****        ((0x0000FFFF & (uint32_t)CAN_FilterInitStruct->CAN_FilterMaskIdLow) << 16) |
 476:./Libraries/src/stm32f4xx_can.c ****         (0x0000FFFF & (uint32_t)CAN_FilterInitStruct->CAN_FilterIdLow);
 477:./Libraries/src/stm32f4xx_can.c **** 
 478:./Libraries/src/stm32f4xx_can.c ****     /* Second 16-bit identifier and Second 16-bit mask */
 479:./Libraries/src/stm32f4xx_can.c ****     /* Or Third 16-bit identifier and Fourth 16-bit identifier */
 480:./Libraries/src/stm32f4xx_can.c ****     CAN1->sFilterRegister[CAN_FilterInitStruct->CAN_FilterNumber].FR2 = 
 481:./Libraries/src/stm32f4xx_can.c ****        ((0x0000FFFF & (uint32_t)CAN_FilterInitStruct->CAN_FilterMaskIdHigh) << 16) |
 482:./Libraries/src/stm32f4xx_can.c ****         (0x0000FFFF & (uint32_t)CAN_FilterInitStruct->CAN_FilterIdHigh);
 483:./Libraries/src/stm32f4xx_can.c ****   }
 484:./Libraries/src/stm32f4xx_can.c **** 
 485:./Libraries/src/stm32f4xx_can.c ****   if (CAN_FilterInitStruct->CAN_FilterScale == CAN_FilterScale_32bit)
 486:./Libraries/src/stm32f4xx_can.c ****   {
ARM GAS  /tmp/cclurMk5.s 			page 10


 487:./Libraries/src/stm32f4xx_can.c ****     /* 32-bit scale for the filter */
 488:./Libraries/src/stm32f4xx_can.c ****     CAN1->FS1R |= filter_number_bit_pos;
 489:./Libraries/src/stm32f4xx_can.c ****     /* 32-bit identifier or First 32-bit identifier */
 490:./Libraries/src/stm32f4xx_can.c ****     CAN1->sFilterRegister[CAN_FilterInitStruct->CAN_FilterNumber].FR1 = 
 491:./Libraries/src/stm32f4xx_can.c ****        ((0x0000FFFF & (uint32_t)CAN_FilterInitStruct->CAN_FilterIdHigh) << 16) |
 492:./Libraries/src/stm32f4xx_can.c ****         (0x0000FFFF & (uint32_t)CAN_FilterInitStruct->CAN_FilterIdLow);
 493:./Libraries/src/stm32f4xx_can.c ****     /* 32-bit mask or Second 32-bit identifier */
 494:./Libraries/src/stm32f4xx_can.c ****     CAN1->sFilterRegister[CAN_FilterInitStruct->CAN_FilterNumber].FR2 = 
 495:./Libraries/src/stm32f4xx_can.c ****        ((0x0000FFFF & (uint32_t)CAN_FilterInitStruct->CAN_FilterMaskIdHigh) << 16) |
 496:./Libraries/src/stm32f4xx_can.c ****         (0x0000FFFF & (uint32_t)CAN_FilterInitStruct->CAN_FilterMaskIdLow);
 497:./Libraries/src/stm32f4xx_can.c ****   }
 498:./Libraries/src/stm32f4xx_can.c **** 
 499:./Libraries/src/stm32f4xx_can.c ****   /* Filter Mode */
 500:./Libraries/src/stm32f4xx_can.c ****   if (CAN_FilterInitStruct->CAN_FilterMode == CAN_FilterMode_IdMask)
 501:./Libraries/src/stm32f4xx_can.c ****   {
 502:./Libraries/src/stm32f4xx_can.c ****     /*Id/Mask mode for the filter*/
 503:./Libraries/src/stm32f4xx_can.c ****     CAN1->FM1R &= ~(uint32_t)filter_number_bit_pos;
 504:./Libraries/src/stm32f4xx_can.c ****   }
 505:./Libraries/src/stm32f4xx_can.c ****   else /* CAN_FilterInitStruct->CAN_FilterMode == CAN_FilterMode_IdList */
 506:./Libraries/src/stm32f4xx_can.c ****   {
 507:./Libraries/src/stm32f4xx_can.c ****     /*Identifier list mode for the filter*/
 508:./Libraries/src/stm32f4xx_can.c ****     CAN1->FM1R |= (uint32_t)filter_number_bit_pos;
 509:./Libraries/src/stm32f4xx_can.c ****   }
 510:./Libraries/src/stm32f4xx_can.c **** 
 511:./Libraries/src/stm32f4xx_can.c ****   /* Filter FIFO assignment */
 512:./Libraries/src/stm32f4xx_can.c ****   if (CAN_FilterInitStruct->CAN_FilterFIFOAssignment == CAN_Filter_FIFO0)
 513:./Libraries/src/stm32f4xx_can.c ****   {
 514:./Libraries/src/stm32f4xx_can.c ****     /* FIFO 0 assignation for the filter */
 515:./Libraries/src/stm32f4xx_can.c ****     CAN1->FFA1R &= ~(uint32_t)filter_number_bit_pos;
 516:./Libraries/src/stm32f4xx_can.c ****   }
 517:./Libraries/src/stm32f4xx_can.c **** 
 518:./Libraries/src/stm32f4xx_can.c ****   if (CAN_FilterInitStruct->CAN_FilterFIFOAssignment == CAN_Filter_FIFO1)
 519:./Libraries/src/stm32f4xx_can.c ****   {
 520:./Libraries/src/stm32f4xx_can.c ****     /* FIFO 1 assignation for the filter */
 521:./Libraries/src/stm32f4xx_can.c ****     CAN1->FFA1R |= (uint32_t)filter_number_bit_pos;
 522:./Libraries/src/stm32f4xx_can.c ****   }
 523:./Libraries/src/stm32f4xx_can.c ****   
 524:./Libraries/src/stm32f4xx_can.c ****   /* Filter activation */
 525:./Libraries/src/stm32f4xx_can.c ****   if (CAN_FilterInitStruct->CAN_FilterActivation == ENABLE)
 526:./Libraries/src/stm32f4xx_can.c ****   {
 527:./Libraries/src/stm32f4xx_can.c ****     CAN1->FA1R |= filter_number_bit_pos;
 528:./Libraries/src/stm32f4xx_can.c ****   }
 529:./Libraries/src/stm32f4xx_can.c **** 
 530:./Libraries/src/stm32f4xx_can.c ****   /* Leave the initialisation mode for the filter */
 531:./Libraries/src/stm32f4xx_can.c ****   CAN1->FMR &= ~FMR_FINIT;
 532:./Libraries/src/stm32f4xx_can.c **** }
 533:./Libraries/src/stm32f4xx_can.c **** #endif /* STM32F413_423xx */
 534:./Libraries/src/stm32f4xx_can.c **** 
 535:./Libraries/src/stm32f4xx_can.c **** /**
 536:./Libraries/src/stm32f4xx_can.c ****   * @brief  Fills each CAN_InitStruct member with its default value.
 537:./Libraries/src/stm32f4xx_can.c ****   * @param  CAN_InitStruct: pointer to a CAN_InitTypeDef structure which ill be initialized.
 538:./Libraries/src/stm32f4xx_can.c ****   * @retval None
 539:./Libraries/src/stm32f4xx_can.c ****   */
 540:./Libraries/src/stm32f4xx_can.c **** void CAN_StructInit(CAN_InitTypeDef* CAN_InitStruct)
 541:./Libraries/src/stm32f4xx_can.c **** {
 542:./Libraries/src/stm32f4xx_can.c ****   /* Reset CAN init structure parameters values */
 543:./Libraries/src/stm32f4xx_can.c ****   
ARM GAS  /tmp/cclurMk5.s 			page 11


 544:./Libraries/src/stm32f4xx_can.c ****   /* Initialize the time triggered communication mode */
 545:./Libraries/src/stm32f4xx_can.c ****   CAN_InitStruct->CAN_TTCM = DISABLE;
 546:./Libraries/src/stm32f4xx_can.c ****   
 547:./Libraries/src/stm32f4xx_can.c ****   /* Initialize the automatic bus-off management */
 548:./Libraries/src/stm32f4xx_can.c ****   CAN_InitStruct->CAN_ABOM = DISABLE;
 549:./Libraries/src/stm32f4xx_can.c ****   
 550:./Libraries/src/stm32f4xx_can.c ****   /* Initialize the automatic wake-up mode */
 551:./Libraries/src/stm32f4xx_can.c ****   CAN_InitStruct->CAN_AWUM = DISABLE;
 552:./Libraries/src/stm32f4xx_can.c ****   
 553:./Libraries/src/stm32f4xx_can.c ****   /* Initialize the no automatic retransmission */
 554:./Libraries/src/stm32f4xx_can.c ****   CAN_InitStruct->CAN_NART = DISABLE;
 555:./Libraries/src/stm32f4xx_can.c ****   
 556:./Libraries/src/stm32f4xx_can.c ****   /* Initialize the receive FIFO locked mode */
 557:./Libraries/src/stm32f4xx_can.c ****   CAN_InitStruct->CAN_RFLM = DISABLE;
 558:./Libraries/src/stm32f4xx_can.c ****   
 559:./Libraries/src/stm32f4xx_can.c ****   /* Initialize the transmit FIFO priority */
 560:./Libraries/src/stm32f4xx_can.c ****   CAN_InitStruct->CAN_TXFP = DISABLE;
 561:./Libraries/src/stm32f4xx_can.c ****   
 562:./Libraries/src/stm32f4xx_can.c ****   /* Initialize the CAN_Mode member */
 563:./Libraries/src/stm32f4xx_can.c ****   CAN_InitStruct->CAN_Mode = CAN_Mode_Normal;
 564:./Libraries/src/stm32f4xx_can.c ****   
 565:./Libraries/src/stm32f4xx_can.c ****   /* Initialize the CAN_SJW member */
 566:./Libraries/src/stm32f4xx_can.c ****   CAN_InitStruct->CAN_SJW = CAN_SJW_1tq;
 567:./Libraries/src/stm32f4xx_can.c ****   
 568:./Libraries/src/stm32f4xx_can.c ****   /* Initialize the CAN_BS1 member */
 569:./Libraries/src/stm32f4xx_can.c ****   CAN_InitStruct->CAN_BS1 = CAN_BS1_4tq;
 570:./Libraries/src/stm32f4xx_can.c ****   
 571:./Libraries/src/stm32f4xx_can.c ****   /* Initialize the CAN_BS2 member */
 572:./Libraries/src/stm32f4xx_can.c ****   CAN_InitStruct->CAN_BS2 = CAN_BS2_3tq;
 573:./Libraries/src/stm32f4xx_can.c ****   
 574:./Libraries/src/stm32f4xx_can.c ****   /* Initialize the CAN_Prescaler member */
 575:./Libraries/src/stm32f4xx_can.c ****   CAN_InitStruct->CAN_Prescaler = 1;
 576:./Libraries/src/stm32f4xx_can.c **** }
 577:./Libraries/src/stm32f4xx_can.c **** 
 578:./Libraries/src/stm32f4xx_can.c **** #if defined(STM32F413_423xx)
 579:./Libraries/src/stm32f4xx_can.c **** /**
 580:./Libraries/src/stm32f4xx_can.c ****   * @brief  Select the start bank filter for slave CAN.
 581:./Libraries/src/stm32f4xx_can.c ****   * @param  CANx: where x can be 1 or 3 to select the CAN peripheral.
 582:./Libraries/src/stm32f4xx_can.c ****   * @param  CAN_BankNumber: Select the start slave bank filter from 1..27.
 583:./Libraries/src/stm32f4xx_can.c ****   * @retval None
 584:./Libraries/src/stm32f4xx_can.c ****   */
 585:./Libraries/src/stm32f4xx_can.c **** void CAN_SlaveStartBank(CAN_TypeDef* CANx, uint8_t CAN_BankNumber) 
 586:./Libraries/src/stm32f4xx_can.c **** {
 587:./Libraries/src/stm32f4xx_can.c ****   /* Check the parameters */
 588:./Libraries/src/stm32f4xx_can.c ****   assert_param(IS_CAN_BANKNUMBER(CAN_BankNumber));
 589:./Libraries/src/stm32f4xx_can.c ****   
 590:./Libraries/src/stm32f4xx_can.c ****   /* Enter Initialisation mode for the filter */
 591:./Libraries/src/stm32f4xx_can.c ****   CANx->FMR |= FMR_FINIT;
 592:./Libraries/src/stm32f4xx_can.c ****   
 593:./Libraries/src/stm32f4xx_can.c ****   /* Select the start slave bank */
 594:./Libraries/src/stm32f4xx_can.c ****   CANx->FMR &= (uint32_t)0xFFFFC0F1 ;
 595:./Libraries/src/stm32f4xx_can.c ****   CANx->FMR |= (uint32_t)(CAN_BankNumber)<<8;
 596:./Libraries/src/stm32f4xx_can.c ****   
 597:./Libraries/src/stm32f4xx_can.c ****   /* Leave Initialisation mode for the filter */
 598:./Libraries/src/stm32f4xx_can.c ****   CANx->FMR &= ~FMR_FINIT;
 599:./Libraries/src/stm32f4xx_can.c **** }
 600:./Libraries/src/stm32f4xx_can.c **** #else
ARM GAS  /tmp/cclurMk5.s 			page 12


 601:./Libraries/src/stm32f4xx_can.c **** /**
 602:./Libraries/src/stm32f4xx_can.c ****   * @brief  Select the start bank filter for slave CAN.
 603:./Libraries/src/stm32f4xx_can.c ****   * @param  CAN_BankNumber: Select the start slave bank filter from 1..27.
 604:./Libraries/src/stm32f4xx_can.c ****   * @retval None
 605:./Libraries/src/stm32f4xx_can.c ****   */
 606:./Libraries/src/stm32f4xx_can.c **** void CAN_SlaveStartBank(uint8_t CAN_BankNumber) 
 607:./Libraries/src/stm32f4xx_can.c **** {
 608:./Libraries/src/stm32f4xx_can.c ****   /* Check the parameters */
 609:./Libraries/src/stm32f4xx_can.c ****   assert_param(IS_CAN_BANKNUMBER(CAN_BankNumber));
 610:./Libraries/src/stm32f4xx_can.c ****   
 611:./Libraries/src/stm32f4xx_can.c ****   /* Enter Initialisation mode for the filter */
 612:./Libraries/src/stm32f4xx_can.c ****   CAN1->FMR |= FMR_FINIT;
 613:./Libraries/src/stm32f4xx_can.c ****   
 614:./Libraries/src/stm32f4xx_can.c ****   /* Select the start slave bank */
 615:./Libraries/src/stm32f4xx_can.c ****   CAN1->FMR &= (uint32_t)0xFFFFC0F1 ;
 616:./Libraries/src/stm32f4xx_can.c ****   CAN1->FMR |= (uint32_t)(CAN_BankNumber)<<8;
 617:./Libraries/src/stm32f4xx_can.c ****   
 618:./Libraries/src/stm32f4xx_can.c ****   /* Leave Initialisation mode for the filter */
 619:./Libraries/src/stm32f4xx_can.c ****   CAN1->FMR &= ~FMR_FINIT;
 620:./Libraries/src/stm32f4xx_can.c **** }
 621:./Libraries/src/stm32f4xx_can.c **** #endif /* STM32F413_423xx */
 622:./Libraries/src/stm32f4xx_can.c **** /**
 623:./Libraries/src/stm32f4xx_can.c ****   * @brief  Enables or disables the DBG Freeze for CAN.
 624:./Libraries/src/stm32f4xx_can.c ****   * @param  CANx: where x can be 1,2 or 3 to select the CAN peripheral.
 625:./Libraries/src/stm32f4xx_can.c ****   * @param  NewState: new state of the CAN peripheral. 
 626:./Libraries/src/stm32f4xx_can.c ****   *          This parameter can be: ENABLE (CAN reception/transmission is frozen
 627:./Libraries/src/stm32f4xx_can.c ****   *          during debug. Reception FIFOs can still be accessed/controlled normally) 
 628:./Libraries/src/stm32f4xx_can.c ****   *          or DISABLE (CAN is working during debug).
 629:./Libraries/src/stm32f4xx_can.c ****   * @note   CAN3 peripheral is available only for STM32F413_423xx devices
 630:./Libraries/src/stm32f4xx_can.c ****   * @retval None
 631:./Libraries/src/stm32f4xx_can.c ****   */
 632:./Libraries/src/stm32f4xx_can.c **** void CAN_DBGFreeze(CAN_TypeDef* CANx, FunctionalState NewState)
 633:./Libraries/src/stm32f4xx_can.c **** {
 634:./Libraries/src/stm32f4xx_can.c ****   /* Check the parameters */
 635:./Libraries/src/stm32f4xx_can.c ****   assert_param(IS_CAN_ALL_PERIPH(CANx));
 636:./Libraries/src/stm32f4xx_can.c ****   assert_param(IS_FUNCTIONAL_STATE(NewState));
 637:./Libraries/src/stm32f4xx_can.c ****   
 638:./Libraries/src/stm32f4xx_can.c ****   if (NewState != DISABLE)
 639:./Libraries/src/stm32f4xx_can.c ****   {
 640:./Libraries/src/stm32f4xx_can.c ****     /* Enable Debug Freeze  */
 641:./Libraries/src/stm32f4xx_can.c ****     CANx->MCR |= MCR_DBF;
 642:./Libraries/src/stm32f4xx_can.c ****   }
 643:./Libraries/src/stm32f4xx_can.c ****   else
 644:./Libraries/src/stm32f4xx_can.c ****   {
 645:./Libraries/src/stm32f4xx_can.c ****     /* Disable Debug Freeze */
 646:./Libraries/src/stm32f4xx_can.c ****     CANx->MCR &= ~MCR_DBF;
 647:./Libraries/src/stm32f4xx_can.c ****   }
 648:./Libraries/src/stm32f4xx_can.c **** }
 649:./Libraries/src/stm32f4xx_can.c **** 
 650:./Libraries/src/stm32f4xx_can.c **** 
 651:./Libraries/src/stm32f4xx_can.c **** /**
 652:./Libraries/src/stm32f4xx_can.c ****   * @brief  Enables or disables the CAN Time TriggerOperation communication mode.
 653:./Libraries/src/stm32f4xx_can.c ****   * @note   DLC must be programmed as 8 in order Time Stamp (2 bytes) to be 
 654:./Libraries/src/stm32f4xx_can.c ****   *         sent over the CAN bus.  
 655:./Libraries/src/stm32f4xx_can.c ****   * @param  CANx: where x can be 1,2 or 3 to select the CAN peripheral.
 656:./Libraries/src/stm32f4xx_can.c ****   * @param  NewState: Mode new state. This parameter can be: ENABLE or DISABLE.
 657:./Libraries/src/stm32f4xx_can.c ****   *         When enabled, Time stamp (TIME[15:0]) value is  sent in the last two
ARM GAS  /tmp/cclurMk5.s 			page 13


 658:./Libraries/src/stm32f4xx_can.c ****   *         data bytes of the 8-byte message: TIME[7:0] in data byte 6 and TIME[15:8] 
 659:./Libraries/src/stm32f4xx_can.c ****   *         in data byte 7.
 660:./Libraries/src/stm32f4xx_can.c ****   * @note   CAN3 peripheral is available only for STM32F413_423xx devices
 661:./Libraries/src/stm32f4xx_can.c ****   * @retval None
 662:./Libraries/src/stm32f4xx_can.c ****   */
 663:./Libraries/src/stm32f4xx_can.c **** void CAN_TTComModeCmd(CAN_TypeDef* CANx, FunctionalState NewState)
 664:./Libraries/src/stm32f4xx_can.c **** {
 665:./Libraries/src/stm32f4xx_can.c ****   /* Check the parameters */
 666:./Libraries/src/stm32f4xx_can.c ****   assert_param(IS_CAN_ALL_PERIPH(CANx));
 667:./Libraries/src/stm32f4xx_can.c ****   assert_param(IS_FUNCTIONAL_STATE(NewState));
 668:./Libraries/src/stm32f4xx_can.c ****   if (NewState != DISABLE)
 669:./Libraries/src/stm32f4xx_can.c ****   {
 670:./Libraries/src/stm32f4xx_can.c ****     /* Enable the TTCM mode */
 671:./Libraries/src/stm32f4xx_can.c ****     CANx->MCR |= CAN_MCR_TTCM;
 672:./Libraries/src/stm32f4xx_can.c **** 
 673:./Libraries/src/stm32f4xx_can.c ****     /* Set TGT bits */
 674:./Libraries/src/stm32f4xx_can.c ****     CANx->sTxMailBox[0].TDTR |= ((uint32_t)CAN_TDT0R_TGT);
 675:./Libraries/src/stm32f4xx_can.c ****     CANx->sTxMailBox[1].TDTR |= ((uint32_t)CAN_TDT1R_TGT);
 676:./Libraries/src/stm32f4xx_can.c ****     CANx->sTxMailBox[2].TDTR |= ((uint32_t)CAN_TDT2R_TGT);
 677:./Libraries/src/stm32f4xx_can.c ****   }
 678:./Libraries/src/stm32f4xx_can.c ****   else
 679:./Libraries/src/stm32f4xx_can.c ****   {
 680:./Libraries/src/stm32f4xx_can.c ****     /* Disable the TTCM mode */
 681:./Libraries/src/stm32f4xx_can.c ****     CANx->MCR &= (uint32_t)(~(uint32_t)CAN_MCR_TTCM);
 682:./Libraries/src/stm32f4xx_can.c **** 
 683:./Libraries/src/stm32f4xx_can.c ****     /* Reset TGT bits */
 684:./Libraries/src/stm32f4xx_can.c ****     CANx->sTxMailBox[0].TDTR &= ((uint32_t)~CAN_TDT0R_TGT);
 685:./Libraries/src/stm32f4xx_can.c ****     CANx->sTxMailBox[1].TDTR &= ((uint32_t)~CAN_TDT1R_TGT);
 686:./Libraries/src/stm32f4xx_can.c ****     CANx->sTxMailBox[2].TDTR &= ((uint32_t)~CAN_TDT2R_TGT);
 687:./Libraries/src/stm32f4xx_can.c ****   }
 688:./Libraries/src/stm32f4xx_can.c **** }
 689:./Libraries/src/stm32f4xx_can.c **** /**
 690:./Libraries/src/stm32f4xx_can.c ****   * @}
 691:./Libraries/src/stm32f4xx_can.c ****   */
 692:./Libraries/src/stm32f4xx_can.c **** 
 693:./Libraries/src/stm32f4xx_can.c **** 
 694:./Libraries/src/stm32f4xx_can.c **** /** @defgroup CAN_Group2 CAN Frames Transmission functions
 695:./Libraries/src/stm32f4xx_can.c ****  *  @brief    CAN Frames Transmission functions 
 696:./Libraries/src/stm32f4xx_can.c ****  *
 697:./Libraries/src/stm32f4xx_can.c **** @verbatim    
 698:./Libraries/src/stm32f4xx_can.c ****  ===============================================================================
 699:./Libraries/src/stm32f4xx_can.c ****                 ##### CAN Frames Transmission functions #####
 700:./Libraries/src/stm32f4xx_can.c ****  ===============================================================================  
 701:./Libraries/src/stm32f4xx_can.c ****     [..] This section provides functions allowing to 
 702:./Libraries/src/stm32f4xx_can.c ****       (+) Initiate and transmit a CAN frame message (if there is an empty mailbox).
 703:./Libraries/src/stm32f4xx_can.c ****       (+) Check the transmission status of a CAN Frame
 704:./Libraries/src/stm32f4xx_can.c ****       (+) Cancel a transmit request
 705:./Libraries/src/stm32f4xx_can.c ****    
 706:./Libraries/src/stm32f4xx_can.c **** @endverbatim
 707:./Libraries/src/stm32f4xx_can.c ****   * @{
 708:./Libraries/src/stm32f4xx_can.c ****   */
 709:./Libraries/src/stm32f4xx_can.c **** 
 710:./Libraries/src/stm32f4xx_can.c **** /**
 711:./Libraries/src/stm32f4xx_can.c ****   * @brief  Initiates and transmits a CAN frame message.
 712:./Libraries/src/stm32f4xx_can.c ****   * @param  CANx: where x can be 1,2 or 3 to select the CAN peripheral.
 713:./Libraries/src/stm32f4xx_can.c ****   * @param  TxMessage: pointer to a structure which contains CAN Id, CAN DLC and CAN data.
 714:./Libraries/src/stm32f4xx_can.c ****   * @note   CAN3 peripheral is available only for STM32F413_423xx devices
ARM GAS  /tmp/cclurMk5.s 			page 14


 715:./Libraries/src/stm32f4xx_can.c ****   * @retval The number of the mailbox that is used for transmission or
 716:./Libraries/src/stm32f4xx_can.c ****   *         CAN_TxStatus_NoMailBox if there is no empty mailbox.
 717:./Libraries/src/stm32f4xx_can.c ****   */
 718:./Libraries/src/stm32f4xx_can.c **** uint8_t CAN_Transmit(CAN_TypeDef* CANx, CanTxMsg* TxMessage)
 719:./Libraries/src/stm32f4xx_can.c **** {
 720:./Libraries/src/stm32f4xx_can.c ****   uint8_t transmit_mailbox = 0;
 721:./Libraries/src/stm32f4xx_can.c ****   /* Check the parameters */
 722:./Libraries/src/stm32f4xx_can.c ****   assert_param(IS_CAN_ALL_PERIPH(CANx));
 723:./Libraries/src/stm32f4xx_can.c ****   assert_param(IS_CAN_IDTYPE(TxMessage->IDE));
 724:./Libraries/src/stm32f4xx_can.c ****   assert_param(IS_CAN_RTR(TxMessage->RTR));
 725:./Libraries/src/stm32f4xx_can.c ****   assert_param(IS_CAN_DLC(TxMessage->DLC));
 726:./Libraries/src/stm32f4xx_can.c **** 
 727:./Libraries/src/stm32f4xx_can.c ****   /* Select one empty transmit mailbox */
 728:./Libraries/src/stm32f4xx_can.c ****   if ((CANx->TSR&CAN_TSR_TME0) == CAN_TSR_TME0)
 729:./Libraries/src/stm32f4xx_can.c ****   {
 730:./Libraries/src/stm32f4xx_can.c ****     transmit_mailbox = 0;
 731:./Libraries/src/stm32f4xx_can.c ****   }
 732:./Libraries/src/stm32f4xx_can.c ****   else if ((CANx->TSR&CAN_TSR_TME1) == CAN_TSR_TME1)
 733:./Libraries/src/stm32f4xx_can.c ****   {
 734:./Libraries/src/stm32f4xx_can.c ****     transmit_mailbox = 1;
 735:./Libraries/src/stm32f4xx_can.c ****   }
 736:./Libraries/src/stm32f4xx_can.c ****   else if ((CANx->TSR&CAN_TSR_TME2) == CAN_TSR_TME2)
 737:./Libraries/src/stm32f4xx_can.c ****   {
 738:./Libraries/src/stm32f4xx_can.c ****     transmit_mailbox = 2;
 739:./Libraries/src/stm32f4xx_can.c ****   }
 740:./Libraries/src/stm32f4xx_can.c ****   else
 741:./Libraries/src/stm32f4xx_can.c ****   {
 742:./Libraries/src/stm32f4xx_can.c ****     transmit_mailbox = CAN_TxStatus_NoMailBox;
 743:./Libraries/src/stm32f4xx_can.c ****   }
 744:./Libraries/src/stm32f4xx_can.c **** 
 745:./Libraries/src/stm32f4xx_can.c ****   if (transmit_mailbox != CAN_TxStatus_NoMailBox)
 746:./Libraries/src/stm32f4xx_can.c ****   {
 747:./Libraries/src/stm32f4xx_can.c ****     /* Set up the Id */
 748:./Libraries/src/stm32f4xx_can.c ****     CANx->sTxMailBox[transmit_mailbox].TIR &= TMIDxR_TXRQ;
 749:./Libraries/src/stm32f4xx_can.c ****     if (TxMessage->IDE == CAN_Id_Standard)
 750:./Libraries/src/stm32f4xx_can.c ****     {
 751:./Libraries/src/stm32f4xx_can.c ****       assert_param(IS_CAN_STDID(TxMessage->StdId));  
 752:./Libraries/src/stm32f4xx_can.c ****       CANx->sTxMailBox[transmit_mailbox].TIR |= ((TxMessage->StdId << 21) | \
 753:./Libraries/src/stm32f4xx_can.c ****                                                   TxMessage->RTR);
 754:./Libraries/src/stm32f4xx_can.c ****     }
 755:./Libraries/src/stm32f4xx_can.c ****     else
 756:./Libraries/src/stm32f4xx_can.c ****     {
 757:./Libraries/src/stm32f4xx_can.c ****       assert_param(IS_CAN_EXTID(TxMessage->ExtId));
 758:./Libraries/src/stm32f4xx_can.c ****       CANx->sTxMailBox[transmit_mailbox].TIR |= ((TxMessage->ExtId << 3) | \
 759:./Libraries/src/stm32f4xx_can.c ****                                                   TxMessage->IDE | \
 760:./Libraries/src/stm32f4xx_can.c ****                                                   TxMessage->RTR);
 761:./Libraries/src/stm32f4xx_can.c ****     }
 762:./Libraries/src/stm32f4xx_can.c ****     
 763:./Libraries/src/stm32f4xx_can.c ****     /* Set up the DLC */
 764:./Libraries/src/stm32f4xx_can.c ****     TxMessage->DLC &= (uint8_t)0x0000000F;
 765:./Libraries/src/stm32f4xx_can.c ****     CANx->sTxMailBox[transmit_mailbox].TDTR &= (uint32_t)0xFFFFFFF0;
 766:./Libraries/src/stm32f4xx_can.c ****     CANx->sTxMailBox[transmit_mailbox].TDTR |= TxMessage->DLC;
 767:./Libraries/src/stm32f4xx_can.c **** 
 768:./Libraries/src/stm32f4xx_can.c ****     /* Set up the data field */
 769:./Libraries/src/stm32f4xx_can.c ****     CANx->sTxMailBox[transmit_mailbox].TDLR = (((uint32_t)TxMessage->Data[3] << 24) | 
 770:./Libraries/src/stm32f4xx_can.c ****                                              ((uint32_t)TxMessage->Data[2] << 16) |
 771:./Libraries/src/stm32f4xx_can.c ****                                              ((uint32_t)TxMessage->Data[1] << 8) | 
ARM GAS  /tmp/cclurMk5.s 			page 15


 772:./Libraries/src/stm32f4xx_can.c ****                                              ((uint32_t)TxMessage->Data[0]));
 773:./Libraries/src/stm32f4xx_can.c ****     CANx->sTxMailBox[transmit_mailbox].TDHR = (((uint32_t)TxMessage->Data[7] << 24) | 
 774:./Libraries/src/stm32f4xx_can.c ****                                              ((uint32_t)TxMessage->Data[6] << 16) |
 775:./Libraries/src/stm32f4xx_can.c ****                                              ((uint32_t)TxMessage->Data[5] << 8) |
 776:./Libraries/src/stm32f4xx_can.c ****                                              ((uint32_t)TxMessage->Data[4]));
 777:./Libraries/src/stm32f4xx_can.c ****     /* Request transmission */
 778:./Libraries/src/stm32f4xx_can.c ****     CANx->sTxMailBox[transmit_mailbox].TIR |= TMIDxR_TXRQ;
 779:./Libraries/src/stm32f4xx_can.c ****   }
 780:./Libraries/src/stm32f4xx_can.c ****   return transmit_mailbox;
 781:./Libraries/src/stm32f4xx_can.c **** }
 782:./Libraries/src/stm32f4xx_can.c **** 
 783:./Libraries/src/stm32f4xx_can.c **** /**
 784:./Libraries/src/stm32f4xx_can.c ****   * @brief  Checks the transmission status of a CAN Frame.
 785:./Libraries/src/stm32f4xx_can.c ****   * @param  CANx: where x can be 1,2 or 3 to select the CAN peripheral.
 786:./Libraries/src/stm32f4xx_can.c ****   * @param  TransmitMailbox: the number of the mailbox that is used for transmission.
 787:./Libraries/src/stm32f4xx_can.c ****   * @note   CAN3 peripheral is available only for STM32F413_423xx devices
 788:./Libraries/src/stm32f4xx_can.c ****   * @retval CAN_TxStatus_Ok if the CAN driver transmits the message, 
 789:./Libraries/src/stm32f4xx_can.c ****   *         CAN_TxStatus_Failed in an other case.
 790:./Libraries/src/stm32f4xx_can.c ****   */
 791:./Libraries/src/stm32f4xx_can.c **** uint8_t CAN_TransmitStatus(CAN_TypeDef* CANx, uint8_t TransmitMailbox)
 792:./Libraries/src/stm32f4xx_can.c **** {
 793:./Libraries/src/stm32f4xx_can.c ****   uint32_t state = 0;
 794:./Libraries/src/stm32f4xx_can.c **** 
 795:./Libraries/src/stm32f4xx_can.c ****   /* Check the parameters */
 796:./Libraries/src/stm32f4xx_can.c ****   assert_param(IS_CAN_ALL_PERIPH(CANx));
 797:./Libraries/src/stm32f4xx_can.c ****   assert_param(IS_CAN_TRANSMITMAILBOX(TransmitMailbox));
 798:./Libraries/src/stm32f4xx_can.c ****  
 799:./Libraries/src/stm32f4xx_can.c ****   switch (TransmitMailbox)
 800:./Libraries/src/stm32f4xx_can.c ****   {
 801:./Libraries/src/stm32f4xx_can.c ****     case (CAN_TXMAILBOX_0): 
 802:./Libraries/src/stm32f4xx_can.c ****       state =   CANx->TSR &  (CAN_TSR_RQCP0 | CAN_TSR_TXOK0 | CAN_TSR_TME0);
 803:./Libraries/src/stm32f4xx_can.c ****       break;
 804:./Libraries/src/stm32f4xx_can.c ****     case (CAN_TXMAILBOX_1): 
 805:./Libraries/src/stm32f4xx_can.c ****       state =   CANx->TSR &  (CAN_TSR_RQCP1 | CAN_TSR_TXOK1 | CAN_TSR_TME1);
 806:./Libraries/src/stm32f4xx_can.c ****       break;
 807:./Libraries/src/stm32f4xx_can.c ****     case (CAN_TXMAILBOX_2): 
 808:./Libraries/src/stm32f4xx_can.c ****       state =   CANx->TSR &  (CAN_TSR_RQCP2 | CAN_TSR_TXOK2 | CAN_TSR_TME2);
 809:./Libraries/src/stm32f4xx_can.c ****       break;
 810:./Libraries/src/stm32f4xx_can.c ****     default:
 811:./Libraries/src/stm32f4xx_can.c ****       state = CAN_TxStatus_Failed;
 812:./Libraries/src/stm32f4xx_can.c ****       break;
 813:./Libraries/src/stm32f4xx_can.c ****   }
 814:./Libraries/src/stm32f4xx_can.c ****   switch (state)
 815:./Libraries/src/stm32f4xx_can.c ****   {
 816:./Libraries/src/stm32f4xx_can.c ****       /* transmit pending  */
 817:./Libraries/src/stm32f4xx_can.c ****     case (0x0): state = CAN_TxStatus_Pending;
 818:./Libraries/src/stm32f4xx_can.c ****       break;
 819:./Libraries/src/stm32f4xx_can.c ****       /* transmit failed  */
 820:./Libraries/src/stm32f4xx_can.c ****      case (CAN_TSR_RQCP0 | CAN_TSR_TME0): state = CAN_TxStatus_Failed;
 821:./Libraries/src/stm32f4xx_can.c ****       break;
 822:./Libraries/src/stm32f4xx_can.c ****      case (CAN_TSR_RQCP1 | CAN_TSR_TME1): state = CAN_TxStatus_Failed;
 823:./Libraries/src/stm32f4xx_can.c ****       break;
 824:./Libraries/src/stm32f4xx_can.c ****      case (CAN_TSR_RQCP2 | CAN_TSR_TME2): state = CAN_TxStatus_Failed;
 825:./Libraries/src/stm32f4xx_can.c ****       break;
 826:./Libraries/src/stm32f4xx_can.c ****       /* transmit succeeded  */
 827:./Libraries/src/stm32f4xx_can.c ****     case (CAN_TSR_RQCP0 | CAN_TSR_TXOK0 | CAN_TSR_TME0):state = CAN_TxStatus_Ok;
 828:./Libraries/src/stm32f4xx_can.c ****       break;
ARM GAS  /tmp/cclurMk5.s 			page 16


 829:./Libraries/src/stm32f4xx_can.c ****     case (CAN_TSR_RQCP1 | CAN_TSR_TXOK1 | CAN_TSR_TME1):state = CAN_TxStatus_Ok;
 830:./Libraries/src/stm32f4xx_can.c ****       break;
 831:./Libraries/src/stm32f4xx_can.c ****     case (CAN_TSR_RQCP2 | CAN_TSR_TXOK2 | CAN_TSR_TME2):state = CAN_TxStatus_Ok;
 832:./Libraries/src/stm32f4xx_can.c ****       break;
 833:./Libraries/src/stm32f4xx_can.c ****     default: state = CAN_TxStatus_Failed;
 834:./Libraries/src/stm32f4xx_can.c ****       break;
 835:./Libraries/src/stm32f4xx_can.c ****   }
 836:./Libraries/src/stm32f4xx_can.c ****   return (uint8_t) state;
 837:./Libraries/src/stm32f4xx_can.c **** }
 838:./Libraries/src/stm32f4xx_can.c **** 
 839:./Libraries/src/stm32f4xx_can.c **** /**
 840:./Libraries/src/stm32f4xx_can.c ****   * @brief  Cancels a transmit request.
 841:./Libraries/src/stm32f4xx_can.c ****   * @param  CANx: where x can be 1,2 or 3 to select the CAN peripheral.
 842:./Libraries/src/stm32f4xx_can.c ****   * @param  Mailbox: Mailbox number.
 843:./Libraries/src/stm32f4xx_can.c ****   * @note   CAN3 peripheral is available only for STM32F413_423xx devices
 844:./Libraries/src/stm32f4xx_can.c ****   * @retval None
 845:./Libraries/src/stm32f4xx_can.c ****   */
 846:./Libraries/src/stm32f4xx_can.c **** void CAN_CancelTransmit(CAN_TypeDef* CANx, uint8_t Mailbox)
 847:./Libraries/src/stm32f4xx_can.c **** {
 848:./Libraries/src/stm32f4xx_can.c ****   /* Check the parameters */
 849:./Libraries/src/stm32f4xx_can.c ****   assert_param(IS_CAN_ALL_PERIPH(CANx));
 850:./Libraries/src/stm32f4xx_can.c ****   assert_param(IS_CAN_TRANSMITMAILBOX(Mailbox));
 851:./Libraries/src/stm32f4xx_can.c ****   /* abort transmission */
 852:./Libraries/src/stm32f4xx_can.c ****   switch (Mailbox)
 853:./Libraries/src/stm32f4xx_can.c ****   {
 854:./Libraries/src/stm32f4xx_can.c ****     case (CAN_TXMAILBOX_0): CANx->TSR |= CAN_TSR_ABRQ0;
 855:./Libraries/src/stm32f4xx_can.c ****       break;
 856:./Libraries/src/stm32f4xx_can.c ****     case (CAN_TXMAILBOX_1): CANx->TSR |= CAN_TSR_ABRQ1;
 857:./Libraries/src/stm32f4xx_can.c ****       break;
 858:./Libraries/src/stm32f4xx_can.c ****     case (CAN_TXMAILBOX_2): CANx->TSR |= CAN_TSR_ABRQ2;
 859:./Libraries/src/stm32f4xx_can.c ****       break;
 860:./Libraries/src/stm32f4xx_can.c ****     default:
 861:./Libraries/src/stm32f4xx_can.c ****       break;
 862:./Libraries/src/stm32f4xx_can.c ****   }
 863:./Libraries/src/stm32f4xx_can.c **** }
 864:./Libraries/src/stm32f4xx_can.c **** /**
 865:./Libraries/src/stm32f4xx_can.c ****   * @}
 866:./Libraries/src/stm32f4xx_can.c ****   */
 867:./Libraries/src/stm32f4xx_can.c **** 
 868:./Libraries/src/stm32f4xx_can.c **** 
 869:./Libraries/src/stm32f4xx_can.c **** /** @defgroup CAN_Group3 CAN Frames Reception functions
 870:./Libraries/src/stm32f4xx_can.c ****  *  @brief    CAN Frames Reception functions 
 871:./Libraries/src/stm32f4xx_can.c ****  *
 872:./Libraries/src/stm32f4xx_can.c **** @verbatim    
 873:./Libraries/src/stm32f4xx_can.c ****  ===============================================================================
 874:./Libraries/src/stm32f4xx_can.c ****                 ##### CAN Frames Reception functions #####
 875:./Libraries/src/stm32f4xx_can.c ****  ===============================================================================  
 876:./Libraries/src/stm32f4xx_can.c ****     [..] This section provides functions allowing to 
 877:./Libraries/src/stm32f4xx_can.c ****       (+) Receive a correct CAN frame
 878:./Libraries/src/stm32f4xx_can.c ****       (+) Release a specified receive FIFO (2 FIFOs are available)
 879:./Libraries/src/stm32f4xx_can.c ****       (+) Return the number of the pending received CAN frames
 880:./Libraries/src/stm32f4xx_can.c ****    
 881:./Libraries/src/stm32f4xx_can.c **** @endverbatim
 882:./Libraries/src/stm32f4xx_can.c ****   * @{
 883:./Libraries/src/stm32f4xx_can.c ****   */
 884:./Libraries/src/stm32f4xx_can.c **** 
 885:./Libraries/src/stm32f4xx_can.c **** /**
ARM GAS  /tmp/cclurMk5.s 			page 17


 886:./Libraries/src/stm32f4xx_can.c ****   * @brief  Receives a correct CAN frame.
 887:./Libraries/src/stm32f4xx_can.c ****   * @param  CANx: where x can be 1,2 or 3 to select the CAN peripheral.
 888:./Libraries/src/stm32f4xx_can.c ****   * @param  FIFONumber: Receive FIFO number, CAN_FIFO0 or CAN_FIFO1.
 889:./Libraries/src/stm32f4xx_can.c ****   * @param  RxMessage: pointer to a structure receive frame which contains CAN Id,
 890:./Libraries/src/stm32f4xx_can.c ****   *         CAN DLC, CAN data and FMI number.
 891:./Libraries/src/stm32f4xx_can.c ****   * @note   CAN3 peripheral is available only for STM32F413_423xx devices
 892:./Libraries/src/stm32f4xx_can.c ****   * @retval None
 893:./Libraries/src/stm32f4xx_can.c ****   */
 894:./Libraries/src/stm32f4xx_can.c **** void CAN_Receive(CAN_TypeDef* CANx, uint8_t FIFONumber, CanRxMsg* RxMessage)
 895:./Libraries/src/stm32f4xx_can.c **** {
 896:./Libraries/src/stm32f4xx_can.c ****   /* Check the parameters */
 897:./Libraries/src/stm32f4xx_can.c ****   assert_param(IS_CAN_ALL_PERIPH(CANx));
 898:./Libraries/src/stm32f4xx_can.c ****   assert_param(IS_CAN_FIFO(FIFONumber));
 899:./Libraries/src/stm32f4xx_can.c ****   /* Get the Id */
 900:./Libraries/src/stm32f4xx_can.c ****   RxMessage->IDE = (uint8_t)0x04 & CANx->sFIFOMailBox[FIFONumber].RIR;
 901:./Libraries/src/stm32f4xx_can.c ****   if (RxMessage->IDE == CAN_Id_Standard)
 902:./Libraries/src/stm32f4xx_can.c ****   {
 903:./Libraries/src/stm32f4xx_can.c ****     RxMessage->StdId = (uint32_t)0x000007FF & (CANx->sFIFOMailBox[FIFONumber].RIR >> 21);
 904:./Libraries/src/stm32f4xx_can.c ****   }
 905:./Libraries/src/stm32f4xx_can.c ****   else
 906:./Libraries/src/stm32f4xx_can.c ****   {
 907:./Libraries/src/stm32f4xx_can.c ****     RxMessage->ExtId = (uint32_t)0x1FFFFFFF & (CANx->sFIFOMailBox[FIFONumber].RIR >> 3);
 908:./Libraries/src/stm32f4xx_can.c ****   }
 909:./Libraries/src/stm32f4xx_can.c ****   
 910:./Libraries/src/stm32f4xx_can.c ****   RxMessage->RTR = (uint8_t)0x02 & CANx->sFIFOMailBox[FIFONumber].RIR;
 911:./Libraries/src/stm32f4xx_can.c ****   /* Get the DLC */
 912:./Libraries/src/stm32f4xx_can.c ****   RxMessage->DLC = (uint8_t)0x0F & CANx->sFIFOMailBox[FIFONumber].RDTR;
 913:./Libraries/src/stm32f4xx_can.c ****   /* Get the FMI */
 914:./Libraries/src/stm32f4xx_can.c ****   RxMessage->FMI = (uint8_t)0xFF & (CANx->sFIFOMailBox[FIFONumber].RDTR >> 8);
 915:./Libraries/src/stm32f4xx_can.c ****   /* Get the data field */
 916:./Libraries/src/stm32f4xx_can.c ****   RxMessage->Data[0] = (uint8_t)0xFF & CANx->sFIFOMailBox[FIFONumber].RDLR;
 917:./Libraries/src/stm32f4xx_can.c ****   RxMessage->Data[1] = (uint8_t)0xFF & (CANx->sFIFOMailBox[FIFONumber].RDLR >> 8);
 918:./Libraries/src/stm32f4xx_can.c ****   RxMessage->Data[2] = (uint8_t)0xFF & (CANx->sFIFOMailBox[FIFONumber].RDLR >> 16);
 919:./Libraries/src/stm32f4xx_can.c ****   RxMessage->Data[3] = (uint8_t)0xFF & (CANx->sFIFOMailBox[FIFONumber].RDLR >> 24);
 920:./Libraries/src/stm32f4xx_can.c ****   RxMessage->Data[4] = (uint8_t)0xFF & CANx->sFIFOMailBox[FIFONumber].RDHR;
 921:./Libraries/src/stm32f4xx_can.c ****   RxMessage->Data[5] = (uint8_t)0xFF & (CANx->sFIFOMailBox[FIFONumber].RDHR >> 8);
 922:./Libraries/src/stm32f4xx_can.c ****   RxMessage->Data[6] = (uint8_t)0xFF & (CANx->sFIFOMailBox[FIFONumber].RDHR >> 16);
 923:./Libraries/src/stm32f4xx_can.c ****   RxMessage->Data[7] = (uint8_t)0xFF & (CANx->sFIFOMailBox[FIFONumber].RDHR >> 24);
 924:./Libraries/src/stm32f4xx_can.c ****   /* Release the FIFO */
 925:./Libraries/src/stm32f4xx_can.c ****   /* Release FIFO0 */
 926:./Libraries/src/stm32f4xx_can.c ****   if (FIFONumber == CAN_FIFO0)
 927:./Libraries/src/stm32f4xx_can.c ****   {
 928:./Libraries/src/stm32f4xx_can.c ****     CANx->RF0R |= CAN_RF0R_RFOM0;
 929:./Libraries/src/stm32f4xx_can.c ****   }
 930:./Libraries/src/stm32f4xx_can.c ****   /* Release FIFO1 */
 931:./Libraries/src/stm32f4xx_can.c ****   else /* FIFONumber == CAN_FIFO1 */
 932:./Libraries/src/stm32f4xx_can.c ****   {
 933:./Libraries/src/stm32f4xx_can.c ****     CANx->RF1R |= CAN_RF1R_RFOM1;
 934:./Libraries/src/stm32f4xx_can.c ****   }
 935:./Libraries/src/stm32f4xx_can.c **** }
 936:./Libraries/src/stm32f4xx_can.c **** 
 937:./Libraries/src/stm32f4xx_can.c **** /**
 938:./Libraries/src/stm32f4xx_can.c ****   * @brief  Releases the specified receive FIFO.
 939:./Libraries/src/stm32f4xx_can.c ****   * @param  CANx: where x can be 1,2 or 3 to select the CAN peripheral.
 940:./Libraries/src/stm32f4xx_can.c ****   * @param  FIFONumber: FIFO to release, CAN_FIFO0 or CAN_FIFO1.
 941:./Libraries/src/stm32f4xx_can.c ****   * @note   CAN3 peripheral is available only for STM32F413_423xx devices
 942:./Libraries/src/stm32f4xx_can.c ****   * @retval None
ARM GAS  /tmp/cclurMk5.s 			page 18


 943:./Libraries/src/stm32f4xx_can.c ****   */
 944:./Libraries/src/stm32f4xx_can.c **** void CAN_FIFORelease(CAN_TypeDef* CANx, uint8_t FIFONumber)
 945:./Libraries/src/stm32f4xx_can.c **** {
 946:./Libraries/src/stm32f4xx_can.c ****   /* Check the parameters */
 947:./Libraries/src/stm32f4xx_can.c ****   assert_param(IS_CAN_ALL_PERIPH(CANx));
 948:./Libraries/src/stm32f4xx_can.c ****   assert_param(IS_CAN_FIFO(FIFONumber));
 949:./Libraries/src/stm32f4xx_can.c ****   /* Release FIFO0 */
 950:./Libraries/src/stm32f4xx_can.c ****   if (FIFONumber == CAN_FIFO0)
 951:./Libraries/src/stm32f4xx_can.c ****   {
 952:./Libraries/src/stm32f4xx_can.c ****     CANx->RF0R |= CAN_RF0R_RFOM0;
 953:./Libraries/src/stm32f4xx_can.c ****   }
 954:./Libraries/src/stm32f4xx_can.c ****   /* Release FIFO1 */
 955:./Libraries/src/stm32f4xx_can.c ****   else /* FIFONumber == CAN_FIFO1 */
 956:./Libraries/src/stm32f4xx_can.c ****   {
 957:./Libraries/src/stm32f4xx_can.c ****     CANx->RF1R |= CAN_RF1R_RFOM1;
 958:./Libraries/src/stm32f4xx_can.c ****   }
 959:./Libraries/src/stm32f4xx_can.c **** }
 960:./Libraries/src/stm32f4xx_can.c **** 
 961:./Libraries/src/stm32f4xx_can.c **** /**
 962:./Libraries/src/stm32f4xx_can.c ****   * @brief  Returns the number of pending received messages.
 963:./Libraries/src/stm32f4xx_can.c ****   * @param  CANx: where x can be 1,2 or 3 to select the CAN peripheral.
 964:./Libraries/src/stm32f4xx_can.c ****   * @param  FIFONumber: Receive FIFO number, CAN_FIFO0 or CAN_FIFO1.
 965:./Libraries/src/stm32f4xx_can.c ****   * @note   CAN3 peripheral is available only for STM32F413_423xx devices
 966:./Libraries/src/stm32f4xx_can.c ****   * @retval NbMessage : which is the number of pending message.
 967:./Libraries/src/stm32f4xx_can.c ****   */
 968:./Libraries/src/stm32f4xx_can.c **** uint8_t CAN_MessagePending(CAN_TypeDef* CANx, uint8_t FIFONumber)
 969:./Libraries/src/stm32f4xx_can.c **** {
 970:./Libraries/src/stm32f4xx_can.c ****   uint8_t message_pending=0;
 971:./Libraries/src/stm32f4xx_can.c ****   /* Check the parameters */
 972:./Libraries/src/stm32f4xx_can.c ****   assert_param(IS_CAN_ALL_PERIPH(CANx));
 973:./Libraries/src/stm32f4xx_can.c ****   assert_param(IS_CAN_FIFO(FIFONumber));
 974:./Libraries/src/stm32f4xx_can.c ****   if (FIFONumber == CAN_FIFO0)
 975:./Libraries/src/stm32f4xx_can.c ****   {
 976:./Libraries/src/stm32f4xx_can.c ****     message_pending = (uint8_t)(CANx->RF0R&(uint32_t)0x03);
 977:./Libraries/src/stm32f4xx_can.c ****   }
 978:./Libraries/src/stm32f4xx_can.c ****   else if (FIFONumber == CAN_FIFO1)
 979:./Libraries/src/stm32f4xx_can.c ****   {
 980:./Libraries/src/stm32f4xx_can.c ****     message_pending = (uint8_t)(CANx->RF1R&(uint32_t)0x03);
 981:./Libraries/src/stm32f4xx_can.c ****   }
 982:./Libraries/src/stm32f4xx_can.c ****   else
 983:./Libraries/src/stm32f4xx_can.c ****   {
 984:./Libraries/src/stm32f4xx_can.c ****     message_pending = 0;
 985:./Libraries/src/stm32f4xx_can.c ****   }
 986:./Libraries/src/stm32f4xx_can.c ****   return message_pending;
 987:./Libraries/src/stm32f4xx_can.c **** }
 988:./Libraries/src/stm32f4xx_can.c **** /**
 989:./Libraries/src/stm32f4xx_can.c ****   * @}
 990:./Libraries/src/stm32f4xx_can.c ****   */
 991:./Libraries/src/stm32f4xx_can.c **** 
 992:./Libraries/src/stm32f4xx_can.c **** 
 993:./Libraries/src/stm32f4xx_can.c **** /** @defgroup CAN_Group4 CAN Operation modes functions
 994:./Libraries/src/stm32f4xx_can.c ****  *  @brief    CAN Operation modes functions 
 995:./Libraries/src/stm32f4xx_can.c ****  *
 996:./Libraries/src/stm32f4xx_can.c **** @verbatim    
 997:./Libraries/src/stm32f4xx_can.c ****  ===============================================================================
 998:./Libraries/src/stm32f4xx_can.c ****                     ##### CAN Operation modes functions #####
 999:./Libraries/src/stm32f4xx_can.c ****  ===============================================================================  
ARM GAS  /tmp/cclurMk5.s 			page 19


1000:./Libraries/src/stm32f4xx_can.c ****     [..] This section provides functions allowing to select the CAN Operation modes
1001:./Libraries/src/stm32f4xx_can.c ****       (+) sleep mode
1002:./Libraries/src/stm32f4xx_can.c ****       (+) normal mode 
1003:./Libraries/src/stm32f4xx_can.c ****       (+) initialization mode
1004:./Libraries/src/stm32f4xx_can.c ****    
1005:./Libraries/src/stm32f4xx_can.c **** @endverbatim
1006:./Libraries/src/stm32f4xx_can.c ****   * @{
1007:./Libraries/src/stm32f4xx_can.c ****   */
1008:./Libraries/src/stm32f4xx_can.c ****   
1009:./Libraries/src/stm32f4xx_can.c ****   
1010:./Libraries/src/stm32f4xx_can.c **** /**
1011:./Libraries/src/stm32f4xx_can.c ****   * @brief  Selects the CAN Operation mode.
1012:./Libraries/src/stm32f4xx_can.c ****   * @param  CAN_OperatingMode: CAN Operating Mode.
1013:./Libraries/src/stm32f4xx_can.c ****   *         This parameter can be one of @ref CAN_OperatingMode_TypeDef enumeration.
1014:./Libraries/src/stm32f4xx_can.c ****   * @retval status of the requested mode which can be 
1015:./Libraries/src/stm32f4xx_can.c ****   *         - CAN_ModeStatus_Failed:  CAN failed entering the specific mode 
1016:./Libraries/src/stm32f4xx_can.c ****   *         - CAN_ModeStatus_Success: CAN Succeed entering the specific mode 
1017:./Libraries/src/stm32f4xx_can.c ****   */
1018:./Libraries/src/stm32f4xx_can.c **** uint8_t CAN_OperatingModeRequest(CAN_TypeDef* CANx, uint8_t CAN_OperatingMode)
1019:./Libraries/src/stm32f4xx_can.c **** {
1020:./Libraries/src/stm32f4xx_can.c ****   uint8_t status = CAN_ModeStatus_Failed;
1021:./Libraries/src/stm32f4xx_can.c ****   
1022:./Libraries/src/stm32f4xx_can.c ****   /* Timeout for INAK or also for SLAK bits*/
1023:./Libraries/src/stm32f4xx_can.c ****   uint32_t timeout = INAK_TIMEOUT; 
1024:./Libraries/src/stm32f4xx_can.c **** 
1025:./Libraries/src/stm32f4xx_can.c ****   /* Check the parameters */
1026:./Libraries/src/stm32f4xx_can.c ****   assert_param(IS_CAN_ALL_PERIPH(CANx));
1027:./Libraries/src/stm32f4xx_can.c ****   assert_param(IS_CAN_OPERATING_MODE(CAN_OperatingMode));
1028:./Libraries/src/stm32f4xx_can.c **** 
1029:./Libraries/src/stm32f4xx_can.c ****   if (CAN_OperatingMode == CAN_OperatingMode_Initialization)
1030:./Libraries/src/stm32f4xx_can.c ****   {
1031:./Libraries/src/stm32f4xx_can.c ****     /* Request initialisation */
1032:./Libraries/src/stm32f4xx_can.c ****     CANx->MCR = (uint32_t)((CANx->MCR & (uint32_t)(~(uint32_t)CAN_MCR_SLEEP)) | CAN_MCR_INRQ);
1033:./Libraries/src/stm32f4xx_can.c **** 
1034:./Libraries/src/stm32f4xx_can.c ****     /* Wait the acknowledge */
1035:./Libraries/src/stm32f4xx_can.c ****     while (((CANx->MSR & CAN_MODE_MASK) != CAN_MSR_INAK) && (timeout != 0))
1036:./Libraries/src/stm32f4xx_can.c ****     {
1037:./Libraries/src/stm32f4xx_can.c ****       timeout--;
1038:./Libraries/src/stm32f4xx_can.c ****     }
1039:./Libraries/src/stm32f4xx_can.c ****     if ((CANx->MSR & CAN_MODE_MASK) != CAN_MSR_INAK)
1040:./Libraries/src/stm32f4xx_can.c ****     {
1041:./Libraries/src/stm32f4xx_can.c ****       status = CAN_ModeStatus_Failed;
1042:./Libraries/src/stm32f4xx_can.c ****     }
1043:./Libraries/src/stm32f4xx_can.c ****     else
1044:./Libraries/src/stm32f4xx_can.c ****     {
1045:./Libraries/src/stm32f4xx_can.c ****       status = CAN_ModeStatus_Success;
1046:./Libraries/src/stm32f4xx_can.c ****     }
1047:./Libraries/src/stm32f4xx_can.c ****   }
1048:./Libraries/src/stm32f4xx_can.c ****   else  if (CAN_OperatingMode == CAN_OperatingMode_Normal)
1049:./Libraries/src/stm32f4xx_can.c ****   {
1050:./Libraries/src/stm32f4xx_can.c ****     /* Request leave initialisation and sleep mode  and enter Normal mode */
1051:./Libraries/src/stm32f4xx_can.c ****     CANx->MCR &= (uint32_t)(~(CAN_MCR_SLEEP|CAN_MCR_INRQ));
1052:./Libraries/src/stm32f4xx_can.c **** 
1053:./Libraries/src/stm32f4xx_can.c ****     /* Wait the acknowledge */
1054:./Libraries/src/stm32f4xx_can.c ****     while (((CANx->MSR & CAN_MODE_MASK) != 0) && (timeout!=0))
1055:./Libraries/src/stm32f4xx_can.c ****     {
1056:./Libraries/src/stm32f4xx_can.c ****       timeout--;
ARM GAS  /tmp/cclurMk5.s 			page 20


1057:./Libraries/src/stm32f4xx_can.c ****     }
1058:./Libraries/src/stm32f4xx_can.c ****     if ((CANx->MSR & CAN_MODE_MASK) != 0)
1059:./Libraries/src/stm32f4xx_can.c ****     {
1060:./Libraries/src/stm32f4xx_can.c ****       status = CAN_ModeStatus_Failed;
1061:./Libraries/src/stm32f4xx_can.c ****     }
1062:./Libraries/src/stm32f4xx_can.c ****     else
1063:./Libraries/src/stm32f4xx_can.c ****     {
1064:./Libraries/src/stm32f4xx_can.c ****       status = CAN_ModeStatus_Success;
1065:./Libraries/src/stm32f4xx_can.c ****     }
1066:./Libraries/src/stm32f4xx_can.c ****   }
1067:./Libraries/src/stm32f4xx_can.c ****   else  if (CAN_OperatingMode == CAN_OperatingMode_Sleep)
1068:./Libraries/src/stm32f4xx_can.c ****   {
1069:./Libraries/src/stm32f4xx_can.c ****     /* Request Sleep mode */
1070:./Libraries/src/stm32f4xx_can.c ****     CANx->MCR = (uint32_t)((CANx->MCR & (uint32_t)(~(uint32_t)CAN_MCR_INRQ)) | CAN_MCR_SLEEP);
1071:./Libraries/src/stm32f4xx_can.c **** 
1072:./Libraries/src/stm32f4xx_can.c ****     /* Wait the acknowledge */
1073:./Libraries/src/stm32f4xx_can.c ****     while (((CANx->MSR & CAN_MODE_MASK) != CAN_MSR_SLAK) && (timeout!=0))
1074:./Libraries/src/stm32f4xx_can.c ****     {
1075:./Libraries/src/stm32f4xx_can.c ****       timeout--;
1076:./Libraries/src/stm32f4xx_can.c ****     }
1077:./Libraries/src/stm32f4xx_can.c ****     if ((CANx->MSR & CAN_MODE_MASK) != CAN_MSR_SLAK)
1078:./Libraries/src/stm32f4xx_can.c ****     {
1079:./Libraries/src/stm32f4xx_can.c ****       status = CAN_ModeStatus_Failed;
1080:./Libraries/src/stm32f4xx_can.c ****     }
1081:./Libraries/src/stm32f4xx_can.c ****     else
1082:./Libraries/src/stm32f4xx_can.c ****     {
1083:./Libraries/src/stm32f4xx_can.c ****       status = CAN_ModeStatus_Success;
1084:./Libraries/src/stm32f4xx_can.c ****     }
1085:./Libraries/src/stm32f4xx_can.c ****   }
1086:./Libraries/src/stm32f4xx_can.c ****   else
1087:./Libraries/src/stm32f4xx_can.c ****   {
1088:./Libraries/src/stm32f4xx_can.c ****     status = CAN_ModeStatus_Failed;
1089:./Libraries/src/stm32f4xx_can.c ****   }
1090:./Libraries/src/stm32f4xx_can.c **** 
1091:./Libraries/src/stm32f4xx_can.c ****   return  (uint8_t) status;
1092:./Libraries/src/stm32f4xx_can.c **** }
1093:./Libraries/src/stm32f4xx_can.c **** 
1094:./Libraries/src/stm32f4xx_can.c **** /**
1095:./Libraries/src/stm32f4xx_can.c ****   * @brief  Enters the Sleep (low power) mode.
1096:./Libraries/src/stm32f4xx_can.c ****   * @param  CANx: where x can be 1,2 or 3 to select the CAN peripheral.
1097:./Libraries/src/stm32f4xx_can.c ****   * @note   CAN3 peripheral is available only for STM32F413_423xx devices
1098:./Libraries/src/stm32f4xx_can.c ****   * @retval CAN_Sleep_Ok if sleep entered, CAN_Sleep_Failed otherwise.
1099:./Libraries/src/stm32f4xx_can.c ****   */
1100:./Libraries/src/stm32f4xx_can.c **** uint8_t CAN_Sleep(CAN_TypeDef* CANx)
1101:./Libraries/src/stm32f4xx_can.c **** {
1102:./Libraries/src/stm32f4xx_can.c ****   uint8_t sleepstatus = CAN_Sleep_Failed;
1103:./Libraries/src/stm32f4xx_can.c ****   
1104:./Libraries/src/stm32f4xx_can.c ****   /* Check the parameters */
1105:./Libraries/src/stm32f4xx_can.c ****   assert_param(IS_CAN_ALL_PERIPH(CANx));
1106:./Libraries/src/stm32f4xx_can.c ****     
1107:./Libraries/src/stm32f4xx_can.c ****   /* Request Sleep mode */
1108:./Libraries/src/stm32f4xx_can.c ****    CANx->MCR = (((CANx->MCR) & (uint32_t)(~(uint32_t)CAN_MCR_INRQ)) | CAN_MCR_SLEEP);
1109:./Libraries/src/stm32f4xx_can.c ****    
1110:./Libraries/src/stm32f4xx_can.c ****   /* Sleep mode status */
1111:./Libraries/src/stm32f4xx_can.c ****   if ((CANx->MSR & (CAN_MSR_SLAK|CAN_MSR_INAK)) == CAN_MSR_SLAK)
1112:./Libraries/src/stm32f4xx_can.c ****   {
1113:./Libraries/src/stm32f4xx_can.c ****     /* Sleep mode not entered */
ARM GAS  /tmp/cclurMk5.s 			page 21


1114:./Libraries/src/stm32f4xx_can.c ****     sleepstatus =  CAN_Sleep_Ok;
1115:./Libraries/src/stm32f4xx_can.c ****   }
1116:./Libraries/src/stm32f4xx_can.c ****   /* return sleep mode status */
1117:./Libraries/src/stm32f4xx_can.c ****    return (uint8_t)sleepstatus;
1118:./Libraries/src/stm32f4xx_can.c **** }
1119:./Libraries/src/stm32f4xx_can.c **** 
1120:./Libraries/src/stm32f4xx_can.c **** /**
1121:./Libraries/src/stm32f4xx_can.c ****   * @brief  Wakes up the CAN peripheral from sleep mode .
1122:./Libraries/src/stm32f4xx_can.c ****   * @param  CANx: where x can be 1,2 or 3 to select the CAN peripheral.
1123:./Libraries/src/stm32f4xx_can.c ****   * @note   CAN3 peripheral is available only for STM32F413_423xx devices
1124:./Libraries/src/stm32f4xx_can.c ****   * @retval CAN_WakeUp_Ok if sleep mode left, CAN_WakeUp_Failed otherwise.
1125:./Libraries/src/stm32f4xx_can.c ****   */
1126:./Libraries/src/stm32f4xx_can.c **** uint8_t CAN_WakeUp(CAN_TypeDef* CANx)
1127:./Libraries/src/stm32f4xx_can.c **** {
1128:./Libraries/src/stm32f4xx_can.c ****   uint32_t wait_slak = SLAK_TIMEOUT;
1129:./Libraries/src/stm32f4xx_can.c ****   uint8_t wakeupstatus = CAN_WakeUp_Failed;
1130:./Libraries/src/stm32f4xx_can.c ****   
1131:./Libraries/src/stm32f4xx_can.c ****   /* Check the parameters */
1132:./Libraries/src/stm32f4xx_can.c ****   assert_param(IS_CAN_ALL_PERIPH(CANx));
1133:./Libraries/src/stm32f4xx_can.c ****     
1134:./Libraries/src/stm32f4xx_can.c ****   /* Wake up request */
1135:./Libraries/src/stm32f4xx_can.c ****   CANx->MCR &= ~(uint32_t)CAN_MCR_SLEEP;
1136:./Libraries/src/stm32f4xx_can.c ****     
1137:./Libraries/src/stm32f4xx_can.c ****   /* Sleep mode status */
1138:./Libraries/src/stm32f4xx_can.c ****   while(((CANx->MSR & CAN_MSR_SLAK) == CAN_MSR_SLAK)&&(wait_slak!=0x00))
1139:./Libraries/src/stm32f4xx_can.c ****   {
1140:./Libraries/src/stm32f4xx_can.c ****    wait_slak--;
1141:./Libraries/src/stm32f4xx_can.c ****   }
1142:./Libraries/src/stm32f4xx_can.c ****   if((CANx->MSR & CAN_MSR_SLAK) != CAN_MSR_SLAK)
1143:./Libraries/src/stm32f4xx_can.c ****   {
1144:./Libraries/src/stm32f4xx_can.c ****    /* wake up done : Sleep mode exited */
1145:./Libraries/src/stm32f4xx_can.c ****     wakeupstatus = CAN_WakeUp_Ok;
1146:./Libraries/src/stm32f4xx_can.c ****   }
1147:./Libraries/src/stm32f4xx_can.c ****   /* return wakeup status */
1148:./Libraries/src/stm32f4xx_can.c ****   return (uint8_t)wakeupstatus;
1149:./Libraries/src/stm32f4xx_can.c **** }
1150:./Libraries/src/stm32f4xx_can.c **** /**
1151:./Libraries/src/stm32f4xx_can.c ****   * @}
1152:./Libraries/src/stm32f4xx_can.c ****   */
1153:./Libraries/src/stm32f4xx_can.c **** 
1154:./Libraries/src/stm32f4xx_can.c **** 
1155:./Libraries/src/stm32f4xx_can.c **** /** @defgroup CAN_Group5 CAN Bus Error management functions
1156:./Libraries/src/stm32f4xx_can.c ****  *  @brief    CAN Bus Error management functions 
1157:./Libraries/src/stm32f4xx_can.c ****  *
1158:./Libraries/src/stm32f4xx_can.c **** @verbatim    
1159:./Libraries/src/stm32f4xx_can.c ****  ===============================================================================
1160:./Libraries/src/stm32f4xx_can.c ****                 ##### CAN Bus Error management functions #####
1161:./Libraries/src/stm32f4xx_can.c ****  ===============================================================================  
1162:./Libraries/src/stm32f4xx_can.c ****     [..] This section provides functions allowing to 
1163:./Libraries/src/stm32f4xx_can.c ****       (+) Return the CANx's last error code (LEC)
1164:./Libraries/src/stm32f4xx_can.c ****       (+) Return the CANx Receive Error Counter (REC)
1165:./Libraries/src/stm32f4xx_can.c ****       (+) Return the LSB of the 9-bit CANx Transmit Error Counter(TEC).
1166:./Libraries/src/stm32f4xx_can.c ****    
1167:./Libraries/src/stm32f4xx_can.c ****       -@- If TEC is greater than 255, The CAN is in bus-off state.
1168:./Libraries/src/stm32f4xx_can.c ****       -@- if REC or TEC are greater than 96, an Error warning flag occurs.
1169:./Libraries/src/stm32f4xx_can.c ****       -@- if REC or TEC are greater than 127, an Error Passive Flag occurs.
1170:./Libraries/src/stm32f4xx_can.c ****                         
ARM GAS  /tmp/cclurMk5.s 			page 22


1171:./Libraries/src/stm32f4xx_can.c **** @endverbatim
1172:./Libraries/src/stm32f4xx_can.c ****   * @{
1173:./Libraries/src/stm32f4xx_can.c ****   */
1174:./Libraries/src/stm32f4xx_can.c ****   
1175:./Libraries/src/stm32f4xx_can.c **** /**
1176:./Libraries/src/stm32f4xx_can.c ****   * @brief  Returns the CANx's last error code (LEC).
1177:./Libraries/src/stm32f4xx_can.c ****   * @param  CANx: where x can be 1,2 or 3 to select the CAN peripheral.
1178:./Libraries/src/stm32f4xx_can.c ****   * @retval Error code: 
1179:./Libraries/src/stm32f4xx_can.c ****   *          - CAN_ERRORCODE_NoErr: No Error  
1180:./Libraries/src/stm32f4xx_can.c ****   *          - CAN_ERRORCODE_StuffErr: Stuff Error
1181:./Libraries/src/stm32f4xx_can.c ****   *          - CAN_ERRORCODE_FormErr: Form Error
1182:./Libraries/src/stm32f4xx_can.c ****   *          - CAN_ERRORCODE_ACKErr : Acknowledgment Error
1183:./Libraries/src/stm32f4xx_can.c ****   *          - CAN_ERRORCODE_BitRecessiveErr: Bit Recessive Error
1184:./Libraries/src/stm32f4xx_can.c ****   *          - CAN_ERRORCODE_BitDominantErr: Bit Dominant Error
1185:./Libraries/src/stm32f4xx_can.c ****   *          - CAN_ERRORCODE_CRCErr: CRC Error
1186:./Libraries/src/stm32f4xx_can.c ****   *          - CAN_ERRORCODE_SoftwareSetErr: Software Set Error  
1187:./Libraries/src/stm32f4xx_can.c ****   */
1188:./Libraries/src/stm32f4xx_can.c **** uint8_t CAN_GetLastErrorCode(CAN_TypeDef* CANx)
1189:./Libraries/src/stm32f4xx_can.c **** {
1190:./Libraries/src/stm32f4xx_can.c ****   uint8_t errorcode=0;
1191:./Libraries/src/stm32f4xx_can.c ****   
1192:./Libraries/src/stm32f4xx_can.c ****   /* Check the parameters */
1193:./Libraries/src/stm32f4xx_can.c ****   assert_param(IS_CAN_ALL_PERIPH(CANx));
1194:./Libraries/src/stm32f4xx_can.c ****   
1195:./Libraries/src/stm32f4xx_can.c ****   /* Get the error code*/
1196:./Libraries/src/stm32f4xx_can.c ****   errorcode = (((uint8_t)CANx->ESR) & (uint8_t)CAN_ESR_LEC);
1197:./Libraries/src/stm32f4xx_can.c ****   
1198:./Libraries/src/stm32f4xx_can.c ****   /* Return the error code*/
1199:./Libraries/src/stm32f4xx_can.c ****   return errorcode;
1200:./Libraries/src/stm32f4xx_can.c **** }
1201:./Libraries/src/stm32f4xx_can.c **** 
1202:./Libraries/src/stm32f4xx_can.c **** /**
1203:./Libraries/src/stm32f4xx_can.c ****   * @brief  Returns the CANx Receive Error Counter (REC).
1204:./Libraries/src/stm32f4xx_can.c ****   * @note   In case of an error during reception, this counter is incremented 
1205:./Libraries/src/stm32f4xx_can.c ****   *         by 1 or by 8 depending on the error condition as defined by the CAN 
1206:./Libraries/src/stm32f4xx_can.c ****   *         standard. After every successful reception, the counter is 
1207:./Libraries/src/stm32f4xx_can.c ****   *         decremented by 1 or reset to 120 if its value was higher than 128. 
1208:./Libraries/src/stm32f4xx_can.c ****   *         When the counter value exceeds 127, the CAN controller enters the 
1209:./Libraries/src/stm32f4xx_can.c ****   *         error passive state.  
1210:./Libraries/src/stm32f4xx_can.c ****   * @param  CANx: where x can be 1,2 or 3 to select the CAN peripheral.
1211:./Libraries/src/stm32f4xx_can.c ****   * @note   CAN3 peripheral is available only for STM32F413_423xx devices
1212:./Libraries/src/stm32f4xx_can.c ****   * @retval CAN Receive Error Counter. 
1213:./Libraries/src/stm32f4xx_can.c ****   */
1214:./Libraries/src/stm32f4xx_can.c **** uint8_t CAN_GetReceiveErrorCounter(CAN_TypeDef* CANx)
1215:./Libraries/src/stm32f4xx_can.c **** {
1216:./Libraries/src/stm32f4xx_can.c ****   uint8_t counter=0;
1217:./Libraries/src/stm32f4xx_can.c ****   
1218:./Libraries/src/stm32f4xx_can.c ****   /* Check the parameters */
1219:./Libraries/src/stm32f4xx_can.c ****   assert_param(IS_CAN_ALL_PERIPH(CANx));
1220:./Libraries/src/stm32f4xx_can.c ****   
1221:./Libraries/src/stm32f4xx_can.c ****   /* Get the Receive Error Counter*/
1222:./Libraries/src/stm32f4xx_can.c ****   counter = (uint8_t)((CANx->ESR & CAN_ESR_REC)>> 24);
1223:./Libraries/src/stm32f4xx_can.c ****   
1224:./Libraries/src/stm32f4xx_can.c ****   /* Return the Receive Error Counter*/
1225:./Libraries/src/stm32f4xx_can.c ****   return counter;
1226:./Libraries/src/stm32f4xx_can.c **** }
1227:./Libraries/src/stm32f4xx_can.c **** 
ARM GAS  /tmp/cclurMk5.s 			page 23


1228:./Libraries/src/stm32f4xx_can.c **** 
1229:./Libraries/src/stm32f4xx_can.c **** /**
1230:./Libraries/src/stm32f4xx_can.c ****   * @brief  Returns the LSB of the 9-bit CANx Transmit Error Counter(TEC).
1231:./Libraries/src/stm32f4xx_can.c ****   * @param  CANx: where x can be 1,2 or 3 to select the CAN peripheral.
1232:./Libraries/src/stm32f4xx_can.c ****   * @note   CAN3 peripheral is available only for STM32F413_423xx devices
1233:./Libraries/src/stm32f4xx_can.c ****   * @retval LSB of the 9-bit CAN Transmit Error Counter. 
1234:./Libraries/src/stm32f4xx_can.c ****   */
1235:./Libraries/src/stm32f4xx_can.c **** uint8_t CAN_GetLSBTransmitErrorCounter(CAN_TypeDef* CANx)
1236:./Libraries/src/stm32f4xx_can.c **** {
1237:./Libraries/src/stm32f4xx_can.c ****   uint8_t counter=0;
1238:./Libraries/src/stm32f4xx_can.c ****   
1239:./Libraries/src/stm32f4xx_can.c ****   /* Check the parameters */
1240:./Libraries/src/stm32f4xx_can.c ****   assert_param(IS_CAN_ALL_PERIPH(CANx));
1241:./Libraries/src/stm32f4xx_can.c ****   
1242:./Libraries/src/stm32f4xx_can.c ****   /* Get the LSB of the 9-bit CANx Transmit Error Counter(TEC) */
1243:./Libraries/src/stm32f4xx_can.c ****   counter = (uint8_t)((CANx->ESR & CAN_ESR_TEC)>> 16);
1244:./Libraries/src/stm32f4xx_can.c ****   
1245:./Libraries/src/stm32f4xx_can.c ****   /* Return the LSB of the 9-bit CANx Transmit Error Counter(TEC) */
1246:./Libraries/src/stm32f4xx_can.c ****   return counter;
1247:./Libraries/src/stm32f4xx_can.c **** }
1248:./Libraries/src/stm32f4xx_can.c **** /**
1249:./Libraries/src/stm32f4xx_can.c ****   * @}
1250:./Libraries/src/stm32f4xx_can.c ****   */
1251:./Libraries/src/stm32f4xx_can.c **** 
1252:./Libraries/src/stm32f4xx_can.c **** /** @defgroup CAN_Group6 Interrupts and flags management functions
1253:./Libraries/src/stm32f4xx_can.c ****  *  @brief   Interrupts and flags management functions
1254:./Libraries/src/stm32f4xx_can.c ****  *
1255:./Libraries/src/stm32f4xx_can.c **** @verbatim   
1256:./Libraries/src/stm32f4xx_can.c ****  ===============================================================================
1257:./Libraries/src/stm32f4xx_can.c ****               ##### Interrupts and flags management functions #####
1258:./Libraries/src/stm32f4xx_can.c ****  ===============================================================================  
1259:./Libraries/src/stm32f4xx_can.c **** 
1260:./Libraries/src/stm32f4xx_can.c ****      [..] This section provides functions allowing to configure the CAN Interrupts 
1261:./Libraries/src/stm32f4xx_can.c ****           and to get the status and clear flags and Interrupts pending bits.
1262:./Libraries/src/stm32f4xx_can.c ****   
1263:./Libraries/src/stm32f4xx_can.c ****           The CAN provides 14 Interrupts sources and 15 Flags:
1264:./Libraries/src/stm32f4xx_can.c **** 
1265:./Libraries/src/stm32f4xx_can.c ****    
1266:./Libraries/src/stm32f4xx_can.c ****   *** Flags ***
1267:./Libraries/src/stm32f4xx_can.c ****   =============
1268:./Libraries/src/stm32f4xx_can.c ****     [..] The 15 flags can be divided on 4 groups: 
1269:./Libraries/src/stm32f4xx_can.c **** 
1270:./Libraries/src/stm32f4xx_can.c ****       (+) Transmit Flags
1271:./Libraries/src/stm32f4xx_can.c ****         (++) CAN_FLAG_RQCP0, 
1272:./Libraries/src/stm32f4xx_can.c ****         (++) CAN_FLAG_RQCP1, 
1273:./Libraries/src/stm32f4xx_can.c ****         (++) CAN_FLAG_RQCP2  : Request completed MailBoxes 0, 1 and 2  Flags
1274:./Libraries/src/stm32f4xx_can.c ****                                Set when the last request (transmit or abort)
1275:./Libraries/src/stm32f4xx_can.c ****                                has been performed. 
1276:./Libraries/src/stm32f4xx_can.c **** 
1277:./Libraries/src/stm32f4xx_can.c ****       (+) Receive Flags
1278:./Libraries/src/stm32f4xx_can.c **** 
1279:./Libraries/src/stm32f4xx_can.c **** 
1280:./Libraries/src/stm32f4xx_can.c ****         (++) CAN_FLAG_FMP0,
1281:./Libraries/src/stm32f4xx_can.c ****         (++) CAN_FLAG_FMP1   : FIFO 0 and 1 Message Pending Flags 
1282:./Libraries/src/stm32f4xx_can.c ****                                set to signal that messages are pending in the receive 
1283:./Libraries/src/stm32f4xx_can.c ****                                FIFO.
1284:./Libraries/src/stm32f4xx_can.c ****                                These Flags are cleared only by hardware. 
ARM GAS  /tmp/cclurMk5.s 			page 24


1285:./Libraries/src/stm32f4xx_can.c **** 
1286:./Libraries/src/stm32f4xx_can.c ****         (++) CAN_FLAG_FF0,
1287:./Libraries/src/stm32f4xx_can.c ****         (++) CAN_FLAG_FF1    : FIFO 0 and 1 Full Flags
1288:./Libraries/src/stm32f4xx_can.c ****                                set when three messages are stored in the selected 
1289:./Libraries/src/stm32f4xx_can.c ****                                FIFO.                        
1290:./Libraries/src/stm32f4xx_can.c **** 
1291:./Libraries/src/stm32f4xx_can.c ****         (++) CAN_FLAG_FOV0              
1292:./Libraries/src/stm32f4xx_can.c ****         (++) CAN_FLAG_FOV1   : FIFO 0 and 1 Overrun Flags
1293:./Libraries/src/stm32f4xx_can.c ****                                set when a new message has been received and passed 
1294:./Libraries/src/stm32f4xx_can.c ****                                the filter while the FIFO was full.         
1295:./Libraries/src/stm32f4xx_can.c **** 
1296:./Libraries/src/stm32f4xx_can.c ****       (+) Operating Mode Flags
1297:./Libraries/src/stm32f4xx_can.c **** 
1298:./Libraries/src/stm32f4xx_can.c ****         (++) CAN_FLAG_WKU    : Wake up Flag
1299:./Libraries/src/stm32f4xx_can.c ****                                set to signal that a SOF bit has been detected while 
1300:./Libraries/src/stm32f4xx_can.c ****                                the CAN hardware was in Sleep mode. 
1301:./Libraries/src/stm32f4xx_can.c ****         
1302:./Libraries/src/stm32f4xx_can.c ****         (++) CAN_FLAG_SLAK   : Sleep acknowledge Flag
1303:./Libraries/src/stm32f4xx_can.c ****                                Set to signal that the CAN has entered Sleep Mode. 
1304:./Libraries/src/stm32f4xx_can.c ****     
1305:./Libraries/src/stm32f4xx_can.c ****       (+) Error Flags
1306:./Libraries/src/stm32f4xx_can.c **** 
1307:./Libraries/src/stm32f4xx_can.c ****         (++) CAN_FLAG_EWG    : Error Warning Flag
1308:./Libraries/src/stm32f4xx_can.c ****                                Set when the warning limit has been reached (Receive 
1309:./Libraries/src/stm32f4xx_can.c ****                                Error Counter or Transmit Error Counter greater than 96). 
1310:./Libraries/src/stm32f4xx_can.c ****                                This Flag is cleared only by hardware.
1311:./Libraries/src/stm32f4xx_can.c ****                             
1312:./Libraries/src/stm32f4xx_can.c ****         (++) CAN_FLAG_EPV    : Error Passive Flag
1313:./Libraries/src/stm32f4xx_can.c ****                                Set when the Error Passive limit has been reached 
1314:./Libraries/src/stm32f4xx_can.c ****                                (Receive Error Counter or Transmit Error Counter 
1315:./Libraries/src/stm32f4xx_can.c ****                                greater than 127).
1316:./Libraries/src/stm32f4xx_can.c ****                                This Flag is cleared only by hardware.
1317:./Libraries/src/stm32f4xx_can.c ****                              
1318:./Libraries/src/stm32f4xx_can.c ****         (++) CAN_FLAG_BOF    : Bus-Off Flag
1319:./Libraries/src/stm32f4xx_can.c ****                                set when CAN enters the bus-off state. The bus-off 
1320:./Libraries/src/stm32f4xx_can.c ****                                state is entered on TEC overflow, greater than 255.
1321:./Libraries/src/stm32f4xx_can.c ****                                This Flag is cleared only by hardware.
1322:./Libraries/src/stm32f4xx_can.c ****                                    
1323:./Libraries/src/stm32f4xx_can.c ****         (++) CAN_FLAG_LEC    : Last error code Flag
1324:./Libraries/src/stm32f4xx_can.c ****                                set If a message has been transferred (reception or
1325:./Libraries/src/stm32f4xx_can.c ****                                transmission) with error, and the error code is hold.              
1326:./Libraries/src/stm32f4xx_can.c ****                            
1327:./Libraries/src/stm32f4xx_can.c ****   *** Interrupts ***
1328:./Libraries/src/stm32f4xx_can.c ****   ==================
1329:./Libraries/src/stm32f4xx_can.c ****     [..] The 14 interrupts can be divided on 4 groups: 
1330:./Libraries/src/stm32f4xx_can.c ****   
1331:./Libraries/src/stm32f4xx_can.c ****       (+) Transmit interrupt
1332:./Libraries/src/stm32f4xx_can.c ****   
1333:./Libraries/src/stm32f4xx_can.c ****         (++) CAN_IT_TME   :  Transmit mailbox empty Interrupt
1334:./Libraries/src/stm32f4xx_can.c ****                              if enabled, this interrupt source is pending when 
1335:./Libraries/src/stm32f4xx_can.c ****                              no transmit request are pending for Tx mailboxes.      
1336:./Libraries/src/stm32f4xx_can.c **** 
1337:./Libraries/src/stm32f4xx_can.c ****       (+) Receive Interrupts
1338:./Libraries/src/stm32f4xx_can.c ****          
1339:./Libraries/src/stm32f4xx_can.c ****         (++) CAN_IT_FMP0,
1340:./Libraries/src/stm32f4xx_can.c ****         (++) CAN_IT_FMP1    :  FIFO 0 and FIFO1 message pending Interrupts
1341:./Libraries/src/stm32f4xx_can.c ****                                if enabled, these interrupt sources are pending 
ARM GAS  /tmp/cclurMk5.s 			page 25


1342:./Libraries/src/stm32f4xx_can.c ****                                when messages are pending in the receive FIFO.
1343:./Libraries/src/stm32f4xx_can.c ****                                The corresponding interrupt pending bits are cleared 
1344:./Libraries/src/stm32f4xx_can.c ****                                only by hardware.
1345:./Libraries/src/stm32f4xx_can.c ****                 
1346:./Libraries/src/stm32f4xx_can.c ****         (++) CAN_IT_FF0,              
1347:./Libraries/src/stm32f4xx_can.c ****         (++) CAN_IT_FF1     :  FIFO 0 and FIFO1 full Interrupts
1348:./Libraries/src/stm32f4xx_can.c ****                                if enabled, these interrupt sources are pending 
1349:./Libraries/src/stm32f4xx_can.c ****                                when three messages are stored in the selected FIFO.
1350:./Libraries/src/stm32f4xx_can.c ****         
1351:./Libraries/src/stm32f4xx_can.c ****         (++) CAN_IT_FOV0,        
1352:./Libraries/src/stm32f4xx_can.c ****         (++) CAN_IT_FOV1    :  FIFO 0 and FIFO1 overrun Interrupts        
1353:./Libraries/src/stm32f4xx_can.c ****                                if enabled, these interrupt sources are pending 
1354:./Libraries/src/stm32f4xx_can.c ****                                when a new message has been received and passed 
1355:./Libraries/src/stm32f4xx_can.c ****                                the filter while the FIFO was full.
1356:./Libraries/src/stm32f4xx_can.c **** 
1357:./Libraries/src/stm32f4xx_can.c ****       (+) Operating Mode Interrupts
1358:./Libraries/src/stm32f4xx_can.c ****          
1359:./Libraries/src/stm32f4xx_can.c ****         (++) CAN_IT_WKU     :  Wake-up Interrupt
1360:./Libraries/src/stm32f4xx_can.c ****                                if enabled, this interrupt source is pending when 
1361:./Libraries/src/stm32f4xx_can.c ****                                a SOF bit has been detected while the CAN hardware 
1362:./Libraries/src/stm32f4xx_can.c ****                                was in Sleep mode.
1363:./Libraries/src/stm32f4xx_can.c ****                                   
1364:./Libraries/src/stm32f4xx_can.c ****         (++) CAN_IT_SLK     :  Sleep acknowledge Interrupt
1365:./Libraries/src/stm32f4xx_can.c ****                                if enabled, this interrupt source is pending when 
1366:./Libraries/src/stm32f4xx_can.c ****                                the CAN has entered Sleep Mode.       
1367:./Libraries/src/stm32f4xx_can.c **** 
1368:./Libraries/src/stm32f4xx_can.c ****       (+) Error Interrupts 
1369:./Libraries/src/stm32f4xx_can.c ****         
1370:./Libraries/src/stm32f4xx_can.c ****         (++) CAN_IT_EWG     :  Error warning Interrupt 
1371:./Libraries/src/stm32f4xx_can.c ****                                if enabled, this interrupt source is pending when
1372:./Libraries/src/stm32f4xx_can.c ****                                the warning limit has been reached (Receive Error 
1373:./Libraries/src/stm32f4xx_can.c ****                                Counter or Transmit Error Counter=96). 
1374:./Libraries/src/stm32f4xx_can.c ****                                
1375:./Libraries/src/stm32f4xx_can.c ****         (++) CAN_IT_EPV     :  Error passive Interrupt        
1376:./Libraries/src/stm32f4xx_can.c ****                                if enabled, this interrupt source is pending when
1377:./Libraries/src/stm32f4xx_can.c ****                                the Error Passive limit has been reached (Receive 
1378:./Libraries/src/stm32f4xx_can.c ****                                Error Counter or Transmit Error Counter>127).
1379:./Libraries/src/stm32f4xx_can.c ****                           
1380:./Libraries/src/stm32f4xx_can.c ****         (++) CAN_IT_BOF     :  Bus-off Interrupt
1381:./Libraries/src/stm32f4xx_can.c ****                                if enabled, this interrupt source is pending when
1382:./Libraries/src/stm32f4xx_can.c ****                                CAN enters the bus-off state. The bus-off state is 
1383:./Libraries/src/stm32f4xx_can.c ****                                entered on TEC overflow, greater than 255.
1384:./Libraries/src/stm32f4xx_can.c ****                                This Flag is cleared only by hardware.
1385:./Libraries/src/stm32f4xx_can.c ****                                   
1386:./Libraries/src/stm32f4xx_can.c ****         (++) CAN_IT_LEC     :  Last error code Interrupt        
1387:./Libraries/src/stm32f4xx_can.c ****                                if enabled, this interrupt source is pending  when
1388:./Libraries/src/stm32f4xx_can.c ****                                a message has been transferred (reception or
1389:./Libraries/src/stm32f4xx_can.c ****                                transmission) with error, and the error code is hold.
1390:./Libraries/src/stm32f4xx_can.c ****                           
1391:./Libraries/src/stm32f4xx_can.c ****         (++) CAN_IT_ERR     :  Error Interrupt
1392:./Libraries/src/stm32f4xx_can.c ****                                if enabled, this interrupt source is pending when 
1393:./Libraries/src/stm32f4xx_can.c ****                                an error condition is pending.      
1394:./Libraries/src/stm32f4xx_can.c ****                       
1395:./Libraries/src/stm32f4xx_can.c ****     [..] Managing the CAN controller events :
1396:./Libraries/src/stm32f4xx_can.c ****  
1397:./Libraries/src/stm32f4xx_can.c ****          The user should identify which mode will be used in his application to 
1398:./Libraries/src/stm32f4xx_can.c ****          manage the CAN controller events: Polling mode or Interrupt mode.
ARM GAS  /tmp/cclurMk5.s 			page 26


1399:./Libraries/src/stm32f4xx_can.c ****   
1400:./Libraries/src/stm32f4xx_can.c ****       (#) In the Polling Mode it is advised to use the following functions:
1401:./Libraries/src/stm32f4xx_can.c ****         (++) CAN_GetFlagStatus() : to check if flags events occur. 
1402:./Libraries/src/stm32f4xx_can.c ****         (++) CAN_ClearFlag()     : to clear the flags events.
1403:./Libraries/src/stm32f4xx_can.c ****   
1404:./Libraries/src/stm32f4xx_can.c **** 
1405:./Libraries/src/stm32f4xx_can.c ****   
1406:./Libraries/src/stm32f4xx_can.c ****       (#) In the Interrupt Mode it is advised to use the following functions:
1407:./Libraries/src/stm32f4xx_can.c ****         (++) CAN_ITConfig()       : to enable or disable the interrupt source.
1408:./Libraries/src/stm32f4xx_can.c ****         (++) CAN_GetITStatus()    : to check if Interrupt occurs.
1409:./Libraries/src/stm32f4xx_can.c ****         (++) CAN_ClearITPendingBit() : to clear the Interrupt pending Bit 
1410:./Libraries/src/stm32f4xx_can.c ****             (corresponding Flag).
1411:./Libraries/src/stm32f4xx_can.c ****         -@@-  This function has no impact on CAN_IT_FMP0 and CAN_IT_FMP1 Interrupts 
1412:./Libraries/src/stm32f4xx_can.c ****              pending bits since there are cleared only by hardware. 
1413:./Libraries/src/stm32f4xx_can.c ****   
1414:./Libraries/src/stm32f4xx_can.c **** @endverbatim
1415:./Libraries/src/stm32f4xx_can.c ****   * @{
1416:./Libraries/src/stm32f4xx_can.c ****   */ 
1417:./Libraries/src/stm32f4xx_can.c **** /**
1418:./Libraries/src/stm32f4xx_can.c ****   * @brief  Enables or disables the specified CANx interrupts.
1419:./Libraries/src/stm32f4xx_can.c ****   * @param  CANx: where x can be 1,2 or 3 to select the CAN peripheral.
1420:./Libraries/src/stm32f4xx_can.c ****   * @param  CAN_IT: specifies the CAN interrupt sources to be enabled or disabled.
1421:./Libraries/src/stm32f4xx_can.c ****   *          This parameter can be: 
1422:./Libraries/src/stm32f4xx_can.c ****   *            @arg CAN_IT_TME: Transmit mailbox empty Interrupt 
1423:./Libraries/src/stm32f4xx_can.c ****   *            @arg CAN_IT_FMP0: FIFO 0 message pending Interrupt 
1424:./Libraries/src/stm32f4xx_can.c ****   *            @arg CAN_IT_FF0: FIFO 0 full Interrupt
1425:./Libraries/src/stm32f4xx_can.c ****   *            @arg CAN_IT_FOV0: FIFO 0 overrun Interrupt
1426:./Libraries/src/stm32f4xx_can.c ****   *            @arg CAN_IT_FMP1: FIFO 1 message pending Interrupt 
1427:./Libraries/src/stm32f4xx_can.c ****   *            @arg CAN_IT_FF1: FIFO 1 full Interrupt
1428:./Libraries/src/stm32f4xx_can.c ****   *            @arg CAN_IT_FOV1: FIFO 1 overrun Interrupt
1429:./Libraries/src/stm32f4xx_can.c ****   *            @arg CAN_IT_WKU: Wake-up Interrupt
1430:./Libraries/src/stm32f4xx_can.c ****   *            @arg CAN_IT_SLK: Sleep acknowledge Interrupt  
1431:./Libraries/src/stm32f4xx_can.c ****   *            @arg CAN_IT_EWG: Error warning Interrupt
1432:./Libraries/src/stm32f4xx_can.c ****   *            @arg CAN_IT_EPV: Error passive Interrupt
1433:./Libraries/src/stm32f4xx_can.c ****   *            @arg CAN_IT_BOF: Bus-off Interrupt  
1434:./Libraries/src/stm32f4xx_can.c ****   *            @arg CAN_IT_LEC: Last error code Interrupt
1435:./Libraries/src/stm32f4xx_can.c ****   *            @arg CAN_IT_ERR: Error Interrupt
1436:./Libraries/src/stm32f4xx_can.c ****   * @param  NewState: new state of the CAN interrupts.
1437:./Libraries/src/stm32f4xx_can.c ****   * @note   CAN3 peripheral is available only for STM32F413_423xx devices
1438:./Libraries/src/stm32f4xx_can.c ****   *          This parameter can be: ENABLE or DISABLE.
1439:./Libraries/src/stm32f4xx_can.c ****   * @retval None
1440:./Libraries/src/stm32f4xx_can.c ****   */
1441:./Libraries/src/stm32f4xx_can.c **** void CAN_ITConfig(CAN_TypeDef* CANx, uint32_t CAN_IT, FunctionalState NewState)
1442:./Libraries/src/stm32f4xx_can.c **** {
1443:./Libraries/src/stm32f4xx_can.c ****   /* Check the parameters */
1444:./Libraries/src/stm32f4xx_can.c ****   assert_param(IS_CAN_ALL_PERIPH(CANx));
1445:./Libraries/src/stm32f4xx_can.c ****   assert_param(IS_CAN_IT(CAN_IT));
1446:./Libraries/src/stm32f4xx_can.c ****   assert_param(IS_FUNCTIONAL_STATE(NewState));
1447:./Libraries/src/stm32f4xx_can.c **** 
1448:./Libraries/src/stm32f4xx_can.c ****   if (NewState != DISABLE)
1449:./Libraries/src/stm32f4xx_can.c ****   {
1450:./Libraries/src/stm32f4xx_can.c ****     /* Enable the selected CANx interrupt */
1451:./Libraries/src/stm32f4xx_can.c ****     CANx->IER |= CAN_IT;
1452:./Libraries/src/stm32f4xx_can.c ****   }
1453:./Libraries/src/stm32f4xx_can.c ****   else
1454:./Libraries/src/stm32f4xx_can.c ****   {
1455:./Libraries/src/stm32f4xx_can.c ****     /* Disable the selected CANx interrupt */
ARM GAS  /tmp/cclurMk5.s 			page 27


1456:./Libraries/src/stm32f4xx_can.c ****     CANx->IER &= ~CAN_IT;
1457:./Libraries/src/stm32f4xx_can.c ****   }
1458:./Libraries/src/stm32f4xx_can.c **** }
1459:./Libraries/src/stm32f4xx_can.c **** /**
1460:./Libraries/src/stm32f4xx_can.c ****   * @brief  Checks whether the specified CAN flag is set or not.
1461:./Libraries/src/stm32f4xx_can.c ****   * @param  CANx: where x can be 1,2 or 3 to select the CAN peripheral.
1462:./Libraries/src/stm32f4xx_can.c ****   * @param  CAN_FLAG: specifies the flag to check.
1463:./Libraries/src/stm32f4xx_can.c ****   *          This parameter can be one of the following values:
1464:./Libraries/src/stm32f4xx_can.c ****   *            @arg CAN_FLAG_RQCP0: Request MailBox0 Flag
1465:./Libraries/src/stm32f4xx_can.c ****   *            @arg CAN_FLAG_RQCP1: Request MailBox1 Flag
1466:./Libraries/src/stm32f4xx_can.c ****   *            @arg CAN_FLAG_RQCP2: Request MailBox2 Flag
1467:./Libraries/src/stm32f4xx_can.c ****   *            @arg CAN_FLAG_FMP0: FIFO 0 Message Pending Flag   
1468:./Libraries/src/stm32f4xx_can.c ****   *            @arg CAN_FLAG_FF0: FIFO 0 Full Flag       
1469:./Libraries/src/stm32f4xx_can.c ****   *            @arg CAN_FLAG_FOV0: FIFO 0 Overrun Flag 
1470:./Libraries/src/stm32f4xx_can.c ****   *            @arg CAN_FLAG_FMP1: FIFO 1 Message Pending Flag   
1471:./Libraries/src/stm32f4xx_can.c ****   *            @arg CAN_FLAG_FF1: FIFO 1 Full Flag        
1472:./Libraries/src/stm32f4xx_can.c ****   *            @arg CAN_FLAG_FOV1: FIFO 1 Overrun Flag     
1473:./Libraries/src/stm32f4xx_can.c ****   *            @arg CAN_FLAG_WKU: Wake up Flag
1474:./Libraries/src/stm32f4xx_can.c ****   *            @arg CAN_FLAG_SLAK: Sleep acknowledge Flag 
1475:./Libraries/src/stm32f4xx_can.c ****   *            @arg CAN_FLAG_EWG: Error Warning Flag
1476:./Libraries/src/stm32f4xx_can.c ****   *            @arg CAN_FLAG_EPV: Error Passive Flag  
1477:./Libraries/src/stm32f4xx_can.c ****   *            @arg CAN_FLAG_BOF: Bus-Off Flag    
1478:./Libraries/src/stm32f4xx_can.c ****   *            @arg CAN_FLAG_LEC: Last error code Flag
1479:./Libraries/src/stm32f4xx_can.c ****   * @note   CAN3 peripheral is available only for STM32F413_423xx devices
1480:./Libraries/src/stm32f4xx_can.c ****   * @retval The new state of CAN_FLAG (SET or RESET).
1481:./Libraries/src/stm32f4xx_can.c ****   */
1482:./Libraries/src/stm32f4xx_can.c **** FlagStatus CAN_GetFlagStatus(CAN_TypeDef* CANx, uint32_t CAN_FLAG)
1483:./Libraries/src/stm32f4xx_can.c **** {
1484:./Libraries/src/stm32f4xx_can.c ****   FlagStatus bitstatus = RESET;
1485:./Libraries/src/stm32f4xx_can.c ****   
1486:./Libraries/src/stm32f4xx_can.c ****   /* Check the parameters */
1487:./Libraries/src/stm32f4xx_can.c ****   assert_param(IS_CAN_ALL_PERIPH(CANx));
1488:./Libraries/src/stm32f4xx_can.c ****   assert_param(IS_CAN_GET_FLAG(CAN_FLAG));
1489:./Libraries/src/stm32f4xx_can.c ****   
1490:./Libraries/src/stm32f4xx_can.c **** 
1491:./Libraries/src/stm32f4xx_can.c ****   if((CAN_FLAG & CAN_FLAGS_ESR) != (uint32_t)RESET)
1492:./Libraries/src/stm32f4xx_can.c ****   { 
1493:./Libraries/src/stm32f4xx_can.c ****     /* Check the status of the specified CAN flag */
1494:./Libraries/src/stm32f4xx_can.c ****     if ((CANx->ESR & (CAN_FLAG & 0x000FFFFF)) != (uint32_t)RESET)
1495:./Libraries/src/stm32f4xx_can.c ****     { 
1496:./Libraries/src/stm32f4xx_can.c ****       /* CAN_FLAG is set */
1497:./Libraries/src/stm32f4xx_can.c ****       bitstatus = SET;
1498:./Libraries/src/stm32f4xx_can.c ****     }
1499:./Libraries/src/stm32f4xx_can.c ****     else
1500:./Libraries/src/stm32f4xx_can.c ****     { 
1501:./Libraries/src/stm32f4xx_can.c ****       /* CAN_FLAG is reset */
1502:./Libraries/src/stm32f4xx_can.c ****       bitstatus = RESET;
1503:./Libraries/src/stm32f4xx_can.c ****     }
1504:./Libraries/src/stm32f4xx_can.c ****   }
1505:./Libraries/src/stm32f4xx_can.c ****   else if((CAN_FLAG & CAN_FLAGS_MSR) != (uint32_t)RESET)
1506:./Libraries/src/stm32f4xx_can.c ****   { 
1507:./Libraries/src/stm32f4xx_can.c ****     /* Check the status of the specified CAN flag */
1508:./Libraries/src/stm32f4xx_can.c ****     if ((CANx->MSR & (CAN_FLAG & 0x000FFFFF)) != (uint32_t)RESET)
1509:./Libraries/src/stm32f4xx_can.c ****     { 
1510:./Libraries/src/stm32f4xx_can.c ****       /* CAN_FLAG is set */
1511:./Libraries/src/stm32f4xx_can.c ****       bitstatus = SET;
1512:./Libraries/src/stm32f4xx_can.c ****     }
ARM GAS  /tmp/cclurMk5.s 			page 28


1513:./Libraries/src/stm32f4xx_can.c ****     else
1514:./Libraries/src/stm32f4xx_can.c ****     { 
1515:./Libraries/src/stm32f4xx_can.c ****       /* CAN_FLAG is reset */
1516:./Libraries/src/stm32f4xx_can.c ****       bitstatus = RESET;
1517:./Libraries/src/stm32f4xx_can.c ****     }
1518:./Libraries/src/stm32f4xx_can.c ****   }
1519:./Libraries/src/stm32f4xx_can.c ****   else if((CAN_FLAG & CAN_FLAGS_TSR) != (uint32_t)RESET)
1520:./Libraries/src/stm32f4xx_can.c ****   { 
1521:./Libraries/src/stm32f4xx_can.c ****     /* Check the status of the specified CAN flag */
1522:./Libraries/src/stm32f4xx_can.c ****     if ((CANx->TSR & (CAN_FLAG & 0x000FFFFF)) != (uint32_t)RESET)
1523:./Libraries/src/stm32f4xx_can.c ****     { 
1524:./Libraries/src/stm32f4xx_can.c ****       /* CAN_FLAG is set */
1525:./Libraries/src/stm32f4xx_can.c ****       bitstatus = SET;
1526:./Libraries/src/stm32f4xx_can.c ****     }
1527:./Libraries/src/stm32f4xx_can.c ****     else
1528:./Libraries/src/stm32f4xx_can.c ****     { 
1529:./Libraries/src/stm32f4xx_can.c ****       /* CAN_FLAG is reset */
1530:./Libraries/src/stm32f4xx_can.c ****       bitstatus = RESET;
1531:./Libraries/src/stm32f4xx_can.c ****     }
1532:./Libraries/src/stm32f4xx_can.c ****   }
1533:./Libraries/src/stm32f4xx_can.c ****   else if((CAN_FLAG & CAN_FLAGS_RF0R) != (uint32_t)RESET)
1534:./Libraries/src/stm32f4xx_can.c ****   { 
1535:./Libraries/src/stm32f4xx_can.c ****     /* Check the status of the specified CAN flag */
1536:./Libraries/src/stm32f4xx_can.c ****     if ((CANx->RF0R & (CAN_FLAG & 0x000FFFFF)) != (uint32_t)RESET)
1537:./Libraries/src/stm32f4xx_can.c ****     { 
1538:./Libraries/src/stm32f4xx_can.c ****       /* CAN_FLAG is set */
1539:./Libraries/src/stm32f4xx_can.c ****       bitstatus = SET;
1540:./Libraries/src/stm32f4xx_can.c ****     }
1541:./Libraries/src/stm32f4xx_can.c ****     else
1542:./Libraries/src/stm32f4xx_can.c ****     { 
1543:./Libraries/src/stm32f4xx_can.c ****       /* CAN_FLAG is reset */
1544:./Libraries/src/stm32f4xx_can.c ****       bitstatus = RESET;
1545:./Libraries/src/stm32f4xx_can.c ****     }
1546:./Libraries/src/stm32f4xx_can.c ****   }
1547:./Libraries/src/stm32f4xx_can.c ****   else /* If(CAN_FLAG & CAN_FLAGS_RF1R != (uint32_t)RESET) */
1548:./Libraries/src/stm32f4xx_can.c ****   { 
1549:./Libraries/src/stm32f4xx_can.c ****     /* Check the status of the specified CAN flag */
1550:./Libraries/src/stm32f4xx_can.c ****     if ((uint32_t)(CANx->RF1R & (CAN_FLAG & 0x000FFFFF)) != (uint32_t)RESET)
1551:./Libraries/src/stm32f4xx_can.c ****     { 
1552:./Libraries/src/stm32f4xx_can.c ****       /* CAN_FLAG is set */
1553:./Libraries/src/stm32f4xx_can.c ****       bitstatus = SET;
1554:./Libraries/src/stm32f4xx_can.c ****     }
1555:./Libraries/src/stm32f4xx_can.c ****     else
1556:./Libraries/src/stm32f4xx_can.c ****     { 
1557:./Libraries/src/stm32f4xx_can.c ****       /* CAN_FLAG is reset */
1558:./Libraries/src/stm32f4xx_can.c ****       bitstatus = RESET;
1559:./Libraries/src/stm32f4xx_can.c ****     }
1560:./Libraries/src/stm32f4xx_can.c ****   }
1561:./Libraries/src/stm32f4xx_can.c ****   /* Return the CAN_FLAG status */
1562:./Libraries/src/stm32f4xx_can.c ****   return  bitstatus;
1563:./Libraries/src/stm32f4xx_can.c **** }
1564:./Libraries/src/stm32f4xx_can.c **** 
1565:./Libraries/src/stm32f4xx_can.c **** /**
1566:./Libraries/src/stm32f4xx_can.c ****   * @brief  Clears the CAN's pending flags.
1567:./Libraries/src/stm32f4xx_can.c ****   * @param  CANx: where x can be 1,2 or 3 to select the CAN peripheral.
1568:./Libraries/src/stm32f4xx_can.c ****   * @param  CAN_FLAG: specifies the flag to clear.
1569:./Libraries/src/stm32f4xx_can.c ****   *          This parameter can be one of the following values:
ARM GAS  /tmp/cclurMk5.s 			page 29


1570:./Libraries/src/stm32f4xx_can.c ****   *            @arg CAN_FLAG_RQCP0: Request MailBox0 Flag
1571:./Libraries/src/stm32f4xx_can.c ****   *            @arg CAN_FLAG_RQCP1: Request MailBox1 Flag
1572:./Libraries/src/stm32f4xx_can.c ****   *            @arg CAN_FLAG_RQCP2: Request MailBox2 Flag 
1573:./Libraries/src/stm32f4xx_can.c ****   *            @arg CAN_FLAG_FF0: FIFO 0 Full Flag       
1574:./Libraries/src/stm32f4xx_can.c ****   *            @arg CAN_FLAG_FOV0: FIFO 0 Overrun Flag  
1575:./Libraries/src/stm32f4xx_can.c ****   *            @arg CAN_FLAG_FF1: FIFO 1 Full Flag        
1576:./Libraries/src/stm32f4xx_can.c ****   *            @arg CAN_FLAG_FOV1: FIFO 1 Overrun Flag     
1577:./Libraries/src/stm32f4xx_can.c ****   *            @arg CAN_FLAG_WKU: Wake up Flag
1578:./Libraries/src/stm32f4xx_can.c ****   *            @arg CAN_FLAG_SLAK: Sleep acknowledge Flag    
1579:./Libraries/src/stm32f4xx_can.c ****   *            @arg CAN_FLAG_LEC: Last error code Flag
1580:./Libraries/src/stm32f4xx_can.c ****   * @note   CAN3 peripheral is available only for STM32F413_423xx devices
1581:./Libraries/src/stm32f4xx_can.c ****   * @retval None
1582:./Libraries/src/stm32f4xx_can.c ****   */
1583:./Libraries/src/stm32f4xx_can.c **** void CAN_ClearFlag(CAN_TypeDef* CANx, uint32_t CAN_FLAG)
1584:./Libraries/src/stm32f4xx_can.c **** {
1585:./Libraries/src/stm32f4xx_can.c ****   uint32_t flagtmp=0;
1586:./Libraries/src/stm32f4xx_can.c ****   /* Check the parameters */
1587:./Libraries/src/stm32f4xx_can.c ****   assert_param(IS_CAN_ALL_PERIPH(CANx));
1588:./Libraries/src/stm32f4xx_can.c ****   assert_param(IS_CAN_CLEAR_FLAG(CAN_FLAG));
1589:./Libraries/src/stm32f4xx_can.c ****   
1590:./Libraries/src/stm32f4xx_can.c ****   if (CAN_FLAG == CAN_FLAG_LEC) /* ESR register */
1591:./Libraries/src/stm32f4xx_can.c ****   {
1592:./Libraries/src/stm32f4xx_can.c ****     /* Clear the selected CAN flags */
1593:./Libraries/src/stm32f4xx_can.c ****     CANx->ESR = (uint32_t)RESET;
1594:./Libraries/src/stm32f4xx_can.c ****   }
1595:./Libraries/src/stm32f4xx_can.c ****   else /* MSR or TSR or RF0R or RF1R */
1596:./Libraries/src/stm32f4xx_can.c ****   {
1597:./Libraries/src/stm32f4xx_can.c ****     flagtmp = CAN_FLAG & 0x000FFFFF;
1598:./Libraries/src/stm32f4xx_can.c **** 
1599:./Libraries/src/stm32f4xx_can.c ****     if ((CAN_FLAG & CAN_FLAGS_RF0R)!=(uint32_t)RESET)
1600:./Libraries/src/stm32f4xx_can.c ****     {
1601:./Libraries/src/stm32f4xx_can.c ****       /* Receive Flags */
1602:./Libraries/src/stm32f4xx_can.c ****       CANx->RF0R = (uint32_t)(flagtmp);
1603:./Libraries/src/stm32f4xx_can.c ****     }
1604:./Libraries/src/stm32f4xx_can.c ****     else if ((CAN_FLAG & CAN_FLAGS_RF1R)!=(uint32_t)RESET)
1605:./Libraries/src/stm32f4xx_can.c ****     {
1606:./Libraries/src/stm32f4xx_can.c ****       /* Receive Flags */
1607:./Libraries/src/stm32f4xx_can.c ****       CANx->RF1R = (uint32_t)(flagtmp);
1608:./Libraries/src/stm32f4xx_can.c ****     }
1609:./Libraries/src/stm32f4xx_can.c ****     else if ((CAN_FLAG & CAN_FLAGS_TSR)!=(uint32_t)RESET)
1610:./Libraries/src/stm32f4xx_can.c ****     {
1611:./Libraries/src/stm32f4xx_can.c ****       /* Transmit Flags */
1612:./Libraries/src/stm32f4xx_can.c ****       CANx->TSR = (uint32_t)(flagtmp);
1613:./Libraries/src/stm32f4xx_can.c ****     }
1614:./Libraries/src/stm32f4xx_can.c ****     else /* If((CAN_FLAG & CAN_FLAGS_MSR)!=(uint32_t)RESET) */
1615:./Libraries/src/stm32f4xx_can.c ****     {
1616:./Libraries/src/stm32f4xx_can.c ****       /* Operating mode Flags */
1617:./Libraries/src/stm32f4xx_can.c ****       CANx->MSR = (uint32_t)(flagtmp);
1618:./Libraries/src/stm32f4xx_can.c ****     }
1619:./Libraries/src/stm32f4xx_can.c ****   }
1620:./Libraries/src/stm32f4xx_can.c **** }
1621:./Libraries/src/stm32f4xx_can.c **** 
1622:./Libraries/src/stm32f4xx_can.c **** /**
1623:./Libraries/src/stm32f4xx_can.c ****   * @brief  Checks whether the specified CANx interrupt has occurred or not.
1624:./Libraries/src/stm32f4xx_can.c ****   * @param  CANx: where x can be 1,2 or 3 to select the CAN peripheral.
1625:./Libraries/src/stm32f4xx_can.c ****   * @param  CAN_IT: specifies the CAN interrupt source to check.
1626:./Libraries/src/stm32f4xx_can.c ****   *          This parameter can be one of the following values:
ARM GAS  /tmp/cclurMk5.s 			page 30


1627:./Libraries/src/stm32f4xx_can.c ****   *            @arg CAN_IT_TME: Transmit mailbox empty Interrupt 
1628:./Libraries/src/stm32f4xx_can.c ****   *            @arg CAN_IT_FMP0: FIFO 0 message pending Interrupt 
1629:./Libraries/src/stm32f4xx_can.c ****   *            @arg CAN_IT_FF0: FIFO 0 full Interrupt
1630:./Libraries/src/stm32f4xx_can.c ****   *            @arg CAN_IT_FOV0: FIFO 0 overrun Interrupt
1631:./Libraries/src/stm32f4xx_can.c ****   *            @arg CAN_IT_FMP1: FIFO 1 message pending Interrupt 
1632:./Libraries/src/stm32f4xx_can.c ****   *            @arg CAN_IT_FF1: FIFO 1 full Interrupt
1633:./Libraries/src/stm32f4xx_can.c ****   *            @arg CAN_IT_FOV1: FIFO 1 overrun Interrupt
1634:./Libraries/src/stm32f4xx_can.c ****   *            @arg CAN_IT_WKU: Wake-up Interrupt
1635:./Libraries/src/stm32f4xx_can.c ****   *            @arg CAN_IT_SLK: Sleep acknowledge Interrupt  
1636:./Libraries/src/stm32f4xx_can.c ****   *            @arg CAN_IT_EWG: Error warning Interrupt
1637:./Libraries/src/stm32f4xx_can.c ****   *            @arg CAN_IT_EPV: Error passive Interrupt
1638:./Libraries/src/stm32f4xx_can.c ****   *            @arg CAN_IT_BOF: Bus-off Interrupt  
1639:./Libraries/src/stm32f4xx_can.c ****   *            @arg CAN_IT_LEC: Last error code Interrupt
1640:./Libraries/src/stm32f4xx_can.c ****   *            @arg CAN_IT_ERR: Error Interrupt
1641:./Libraries/src/stm32f4xx_can.c ****   * @note   CAN3 peripheral is available only for STM32F413_423xx devices
1642:./Libraries/src/stm32f4xx_can.c ****   * @retval The current state of CAN_IT (SET or RESET).
1643:./Libraries/src/stm32f4xx_can.c ****   */
1644:./Libraries/src/stm32f4xx_can.c **** ITStatus CAN_GetITStatus(CAN_TypeDef* CANx, uint32_t CAN_IT)
1645:./Libraries/src/stm32f4xx_can.c **** {
1646:./Libraries/src/stm32f4xx_can.c ****   ITStatus itstatus = RESET;
1647:./Libraries/src/stm32f4xx_can.c ****   /* Check the parameters */
1648:./Libraries/src/stm32f4xx_can.c ****   assert_param(IS_CAN_ALL_PERIPH(CANx));
1649:./Libraries/src/stm32f4xx_can.c ****   assert_param(IS_CAN_IT(CAN_IT));
1650:./Libraries/src/stm32f4xx_can.c ****   
1651:./Libraries/src/stm32f4xx_can.c ****   /* check the interrupt enable bit */
1652:./Libraries/src/stm32f4xx_can.c ****  if((CANx->IER & CAN_IT) != RESET)
1653:./Libraries/src/stm32f4xx_can.c ****  {
1654:./Libraries/src/stm32f4xx_can.c ****    /* in case the Interrupt is enabled, .... */
1655:./Libraries/src/stm32f4xx_can.c ****     switch (CAN_IT)
1656:./Libraries/src/stm32f4xx_can.c ****     {
1657:./Libraries/src/stm32f4xx_can.c ****       case CAN_IT_TME:
1658:./Libraries/src/stm32f4xx_can.c ****         /* Check CAN_TSR_RQCPx bits */
1659:./Libraries/src/stm32f4xx_can.c ****         itstatus = CheckITStatus(CANx->TSR, CAN_TSR_RQCP0|CAN_TSR_RQCP1|CAN_TSR_RQCP2);  
1660:./Libraries/src/stm32f4xx_can.c ****         break;
1661:./Libraries/src/stm32f4xx_can.c ****       case CAN_IT_FMP0:
1662:./Libraries/src/stm32f4xx_can.c ****         /* Check CAN_RF0R_FMP0 bit */
1663:./Libraries/src/stm32f4xx_can.c ****         itstatus = CheckITStatus(CANx->RF0R, CAN_RF0R_FMP0);  
1664:./Libraries/src/stm32f4xx_can.c ****         break;
1665:./Libraries/src/stm32f4xx_can.c ****       case CAN_IT_FF0:
1666:./Libraries/src/stm32f4xx_can.c ****         /* Check CAN_RF0R_FULL0 bit */
1667:./Libraries/src/stm32f4xx_can.c ****         itstatus = CheckITStatus(CANx->RF0R, CAN_RF0R_FULL0);  
1668:./Libraries/src/stm32f4xx_can.c ****         break;
1669:./Libraries/src/stm32f4xx_can.c ****       case CAN_IT_FOV0:
1670:./Libraries/src/stm32f4xx_can.c ****         /* Check CAN_RF0R_FOVR0 bit */
1671:./Libraries/src/stm32f4xx_can.c ****         itstatus = CheckITStatus(CANx->RF0R, CAN_RF0R_FOVR0);  
1672:./Libraries/src/stm32f4xx_can.c ****         break;
1673:./Libraries/src/stm32f4xx_can.c ****       case CAN_IT_FMP1:
1674:./Libraries/src/stm32f4xx_can.c ****         /* Check CAN_RF1R_FMP1 bit */
1675:./Libraries/src/stm32f4xx_can.c ****         itstatus = CheckITStatus(CANx->RF1R, CAN_RF1R_FMP1);  
1676:./Libraries/src/stm32f4xx_can.c ****         break;
1677:./Libraries/src/stm32f4xx_can.c ****       case CAN_IT_FF1:
1678:./Libraries/src/stm32f4xx_can.c ****         /* Check CAN_RF1R_FULL1 bit */
1679:./Libraries/src/stm32f4xx_can.c ****         itstatus = CheckITStatus(CANx->RF1R, CAN_RF1R_FULL1);  
1680:./Libraries/src/stm32f4xx_can.c ****         break;
1681:./Libraries/src/stm32f4xx_can.c ****       case CAN_IT_FOV1:
1682:./Libraries/src/stm32f4xx_can.c ****         /* Check CAN_RF1R_FOVR1 bit */
1683:./Libraries/src/stm32f4xx_can.c ****         itstatus = CheckITStatus(CANx->RF1R, CAN_RF1R_FOVR1);  
ARM GAS  /tmp/cclurMk5.s 			page 31


1684:./Libraries/src/stm32f4xx_can.c ****         break;
1685:./Libraries/src/stm32f4xx_can.c ****       case CAN_IT_WKU:
1686:./Libraries/src/stm32f4xx_can.c ****         /* Check CAN_MSR_WKUI bit */
1687:./Libraries/src/stm32f4xx_can.c ****         itstatus = CheckITStatus(CANx->MSR, CAN_MSR_WKUI);  
1688:./Libraries/src/stm32f4xx_can.c ****         break;
1689:./Libraries/src/stm32f4xx_can.c ****       case CAN_IT_SLK:
1690:./Libraries/src/stm32f4xx_can.c ****         /* Check CAN_MSR_SLAKI bit */
1691:./Libraries/src/stm32f4xx_can.c ****         itstatus = CheckITStatus(CANx->MSR, CAN_MSR_SLAKI);  
1692:./Libraries/src/stm32f4xx_can.c ****         break;
1693:./Libraries/src/stm32f4xx_can.c ****       case CAN_IT_EWG:
1694:./Libraries/src/stm32f4xx_can.c ****         /* Check CAN_ESR_EWGF bit */
1695:./Libraries/src/stm32f4xx_can.c ****         itstatus = CheckITStatus(CANx->ESR, CAN_ESR_EWGF);  
1696:./Libraries/src/stm32f4xx_can.c ****         break;
1697:./Libraries/src/stm32f4xx_can.c ****       case CAN_IT_EPV:
1698:./Libraries/src/stm32f4xx_can.c ****         /* Check CAN_ESR_EPVF bit */
1699:./Libraries/src/stm32f4xx_can.c ****         itstatus = CheckITStatus(CANx->ESR, CAN_ESR_EPVF);  
1700:./Libraries/src/stm32f4xx_can.c ****         break;
1701:./Libraries/src/stm32f4xx_can.c ****       case CAN_IT_BOF:
1702:./Libraries/src/stm32f4xx_can.c ****         /* Check CAN_ESR_BOFF bit */
1703:./Libraries/src/stm32f4xx_can.c ****         itstatus = CheckITStatus(CANx->ESR, CAN_ESR_BOFF);  
1704:./Libraries/src/stm32f4xx_can.c ****         break;
1705:./Libraries/src/stm32f4xx_can.c ****       case CAN_IT_LEC:
1706:./Libraries/src/stm32f4xx_can.c ****         /* Check CAN_ESR_LEC bit */
1707:./Libraries/src/stm32f4xx_can.c ****         itstatus = CheckITStatus(CANx->ESR, CAN_ESR_LEC);  
1708:./Libraries/src/stm32f4xx_can.c ****         break;
1709:./Libraries/src/stm32f4xx_can.c ****       case CAN_IT_ERR:
1710:./Libraries/src/stm32f4xx_can.c ****         /* Check CAN_MSR_ERRI bit */ 
1711:./Libraries/src/stm32f4xx_can.c ****         itstatus = CheckITStatus(CANx->MSR, CAN_MSR_ERRI); 
1712:./Libraries/src/stm32f4xx_can.c ****         break;
1713:./Libraries/src/stm32f4xx_can.c ****       default:
1714:./Libraries/src/stm32f4xx_can.c ****         /* in case of error, return RESET */
1715:./Libraries/src/stm32f4xx_can.c ****         itstatus = RESET;
1716:./Libraries/src/stm32f4xx_can.c ****         break;
1717:./Libraries/src/stm32f4xx_can.c ****     }
1718:./Libraries/src/stm32f4xx_can.c ****   }
1719:./Libraries/src/stm32f4xx_can.c ****   else
1720:./Libraries/src/stm32f4xx_can.c ****   {
1721:./Libraries/src/stm32f4xx_can.c ****    /* in case the Interrupt is not enabled, return RESET */
1722:./Libraries/src/stm32f4xx_can.c ****     itstatus  = RESET;
1723:./Libraries/src/stm32f4xx_can.c ****   }
1724:./Libraries/src/stm32f4xx_can.c ****   
1725:./Libraries/src/stm32f4xx_can.c ****   /* Return the CAN_IT status */
1726:./Libraries/src/stm32f4xx_can.c ****   return  itstatus;
1727:./Libraries/src/stm32f4xx_can.c **** }
1728:./Libraries/src/stm32f4xx_can.c **** 
1729:./Libraries/src/stm32f4xx_can.c **** /**
1730:./Libraries/src/stm32f4xx_can.c ****   * @brief  Clears the CANx's interrupt pending bits.
1731:./Libraries/src/stm32f4xx_can.c ****   * @param  CANx: where x can be 1,2 or 3 to select the CAN peripheral.
1732:./Libraries/src/stm32f4xx_can.c ****   * @param  CAN_IT: specifies the interrupt pending bit to clear.
1733:./Libraries/src/stm32f4xx_can.c ****   *          This parameter can be one of the following values:
1734:./Libraries/src/stm32f4xx_can.c ****   *            @arg CAN_IT_TME: Transmit mailbox empty Interrupt
1735:./Libraries/src/stm32f4xx_can.c ****   *            @arg CAN_IT_FF0: FIFO 0 full Interrupt
1736:./Libraries/src/stm32f4xx_can.c ****   *            @arg CAN_IT_FOV0: FIFO 0 overrun Interrupt
1737:./Libraries/src/stm32f4xx_can.c ****   *            @arg CAN_IT_FF1: FIFO 1 full Interrupt
1738:./Libraries/src/stm32f4xx_can.c ****   *            @arg CAN_IT_FOV1: FIFO 1 overrun Interrupt
1739:./Libraries/src/stm32f4xx_can.c ****   *            @arg CAN_IT_WKU: Wake-up Interrupt
1740:./Libraries/src/stm32f4xx_can.c ****   *            @arg CAN_IT_SLK: Sleep acknowledge Interrupt  
ARM GAS  /tmp/cclurMk5.s 			page 32


1741:./Libraries/src/stm32f4xx_can.c ****   *            @arg CAN_IT_EWG: Error warning Interrupt
1742:./Libraries/src/stm32f4xx_can.c ****   *            @arg CAN_IT_EPV: Error passive Interrupt
1743:./Libraries/src/stm32f4xx_can.c ****   *            @arg CAN_IT_BOF: Bus-off Interrupt  
1744:./Libraries/src/stm32f4xx_can.c ****   *            @arg CAN_IT_LEC: Last error code Interrupt
1745:./Libraries/src/stm32f4xx_can.c ****   *            @arg CAN_IT_ERR: Error Interrupt
1746:./Libraries/src/stm32f4xx_can.c ****   * @note   CAN3 peripheral is available only for STM32F413_423xx devices
1747:./Libraries/src/stm32f4xx_can.c ****   * @retval None
1748:./Libraries/src/stm32f4xx_can.c ****   */
1749:./Libraries/src/stm32f4xx_can.c **** void CAN_ClearITPendingBit(CAN_TypeDef* CANx, uint32_t CAN_IT)
1750:./Libraries/src/stm32f4xx_can.c **** {
1751:./Libraries/src/stm32f4xx_can.c ****   /* Check the parameters */
1752:./Libraries/src/stm32f4xx_can.c ****   assert_param(IS_CAN_ALL_PERIPH(CANx));
1753:./Libraries/src/stm32f4xx_can.c ****   assert_param(IS_CAN_CLEAR_IT(CAN_IT));
1754:./Libraries/src/stm32f4xx_can.c **** 
1755:./Libraries/src/stm32f4xx_can.c ****   switch (CAN_IT)
1756:./Libraries/src/stm32f4xx_can.c ****   {
1757:./Libraries/src/stm32f4xx_can.c ****     case CAN_IT_TME:
1758:./Libraries/src/stm32f4xx_can.c ****       /* Clear CAN_TSR_RQCPx (rc_w1)*/
1759:./Libraries/src/stm32f4xx_can.c ****       CANx->TSR = CAN_TSR_RQCP0|CAN_TSR_RQCP1|CAN_TSR_RQCP2;  
1760:./Libraries/src/stm32f4xx_can.c ****       break;
1761:./Libraries/src/stm32f4xx_can.c ****     case CAN_IT_FF0:
1762:./Libraries/src/stm32f4xx_can.c ****       /* Clear CAN_RF0R_FULL0 (rc_w1)*/
1763:./Libraries/src/stm32f4xx_can.c ****       CANx->RF0R = CAN_RF0R_FULL0; 
1764:./Libraries/src/stm32f4xx_can.c ****       break;
1765:./Libraries/src/stm32f4xx_can.c ****     case CAN_IT_FOV0:
1766:./Libraries/src/stm32f4xx_can.c ****       /* Clear CAN_RF0R_FOVR0 (rc_w1)*/
1767:./Libraries/src/stm32f4xx_can.c ****       CANx->RF0R = CAN_RF0R_FOVR0; 
1768:./Libraries/src/stm32f4xx_can.c ****       break;
1769:./Libraries/src/stm32f4xx_can.c ****     case CAN_IT_FF1:
1770:./Libraries/src/stm32f4xx_can.c ****       /* Clear CAN_RF1R_FULL1 (rc_w1)*/
1771:./Libraries/src/stm32f4xx_can.c ****       CANx->RF1R = CAN_RF1R_FULL1;  
1772:./Libraries/src/stm32f4xx_can.c ****       break;
1773:./Libraries/src/stm32f4xx_can.c ****     case CAN_IT_FOV1:
1774:./Libraries/src/stm32f4xx_can.c ****       /* Clear CAN_RF1R_FOVR1 (rc_w1)*/
1775:./Libraries/src/stm32f4xx_can.c ****       CANx->RF1R = CAN_RF1R_FOVR1; 
1776:./Libraries/src/stm32f4xx_can.c ****       break;
1777:./Libraries/src/stm32f4xx_can.c ****     case CAN_IT_WKU:
1778:./Libraries/src/stm32f4xx_can.c ****       /* Clear CAN_MSR_WKUI (rc_w1)*/
1779:./Libraries/src/stm32f4xx_can.c ****       CANx->MSR = CAN_MSR_WKUI;  
1780:./Libraries/src/stm32f4xx_can.c ****       break;
1781:./Libraries/src/stm32f4xx_can.c ****     case CAN_IT_SLK:
1782:./Libraries/src/stm32f4xx_can.c ****       /* Clear CAN_MSR_SLAKI (rc_w1)*/ 
1783:./Libraries/src/stm32f4xx_can.c ****       CANx->MSR = CAN_MSR_SLAKI;   
1784:./Libraries/src/stm32f4xx_can.c ****       break;
1785:./Libraries/src/stm32f4xx_can.c ****     case CAN_IT_EWG:
1786:./Libraries/src/stm32f4xx_can.c ****       /* Clear CAN_MSR_ERRI (rc_w1) */
1787:./Libraries/src/stm32f4xx_can.c ****       CANx->MSR = CAN_MSR_ERRI;
1788:./Libraries/src/stm32f4xx_can.c ****        /* @note the corresponding Flag is cleared by hardware depending on the CAN Bus status*/ 
1789:./Libraries/src/stm32f4xx_can.c ****       break;
1790:./Libraries/src/stm32f4xx_can.c ****     case CAN_IT_EPV:
1791:./Libraries/src/stm32f4xx_can.c ****       /* Clear CAN_MSR_ERRI (rc_w1) */
1792:./Libraries/src/stm32f4xx_can.c ****       CANx->MSR = CAN_MSR_ERRI; 
1793:./Libraries/src/stm32f4xx_can.c ****        /* @note the corresponding Flag is cleared by hardware depending on the CAN Bus status*/
1794:./Libraries/src/stm32f4xx_can.c ****       break;
1795:./Libraries/src/stm32f4xx_can.c ****     case CAN_IT_BOF:
1796:./Libraries/src/stm32f4xx_can.c ****       /* Clear CAN_MSR_ERRI (rc_w1) */ 
1797:./Libraries/src/stm32f4xx_can.c ****       CANx->MSR = CAN_MSR_ERRI; 
ARM GAS  /tmp/cclurMk5.s 			page 33


1798:./Libraries/src/stm32f4xx_can.c ****        /* @note the corresponding Flag is cleared by hardware depending on the CAN Bus status*/
1799:./Libraries/src/stm32f4xx_can.c ****        break;
1800:./Libraries/src/stm32f4xx_can.c ****     case CAN_IT_LEC:
1801:./Libraries/src/stm32f4xx_can.c ****       /*  Clear LEC bits */
1802:./Libraries/src/stm32f4xx_can.c ****       CANx->ESR = RESET; 
1803:./Libraries/src/stm32f4xx_can.c ****       /* Clear CAN_MSR_ERRI (rc_w1) */
1804:./Libraries/src/stm32f4xx_can.c ****       CANx->MSR = CAN_MSR_ERRI; 
1805:./Libraries/src/stm32f4xx_can.c ****       break;
1806:./Libraries/src/stm32f4xx_can.c ****     case CAN_IT_ERR:
1807:./Libraries/src/stm32f4xx_can.c ****       /*Clear LEC bits */
1808:./Libraries/src/stm32f4xx_can.c ****       CANx->ESR = RESET; 
1809:./Libraries/src/stm32f4xx_can.c ****       /* Clear CAN_MSR_ERRI (rc_w1) */
1810:./Libraries/src/stm32f4xx_can.c ****       CANx->MSR = CAN_MSR_ERRI; 
1811:./Libraries/src/stm32f4xx_can.c ****        /* @note BOFF, EPVF and EWGF Flags are cleared by hardware depending on the CAN Bus status*/
1812:./Libraries/src/stm32f4xx_can.c ****        break;
1813:./Libraries/src/stm32f4xx_can.c ****     default:
1814:./Libraries/src/stm32f4xx_can.c ****        break;
1815:./Libraries/src/stm32f4xx_can.c ****    }
1816:./Libraries/src/stm32f4xx_can.c **** }
1817:./Libraries/src/stm32f4xx_can.c ****  /**
1818:./Libraries/src/stm32f4xx_can.c ****   * @}
1819:./Libraries/src/stm32f4xx_can.c ****   */
1820:./Libraries/src/stm32f4xx_can.c **** 
1821:./Libraries/src/stm32f4xx_can.c **** /**
1822:./Libraries/src/stm32f4xx_can.c ****   * @brief  Checks whether the CAN interrupt has occurred or not.
1823:./Libraries/src/stm32f4xx_can.c ****   * @param  CAN_Reg: specifies the CAN interrupt register to check.
1824:./Libraries/src/stm32f4xx_can.c ****   * @param  It_Bit: specifies the interrupt source bit to check.
1825:./Libraries/src/stm32f4xx_can.c ****   * @retval The new state of the CAN Interrupt (SET or RESET).
1826:./Libraries/src/stm32f4xx_can.c ****   */
1827:./Libraries/src/stm32f4xx_can.c **** static ITStatus CheckITStatus(uint32_t CAN_Reg, uint32_t It_Bit)
1828:./Libraries/src/stm32f4xx_can.c **** {
  29              		.loc 1 1828 1 view -0
  30              		.cfi_startproc
  31              		@ args = 0, pretend = 0, frame = 0
  32              		@ frame_needed = 0, uses_anonymous_args = 0
  33              		@ link register save eliminated.
1829:./Libraries/src/stm32f4xx_can.c ****   ITStatus pendingbitstatus = RESET;
  34              		.loc 1 1829 3 view .LVU1
1830:./Libraries/src/stm32f4xx_can.c ****   
1831:./Libraries/src/stm32f4xx_can.c ****   if ((CAN_Reg & It_Bit) != (uint32_t)RESET)
  35              		.loc 1 1831 3 view .LVU2
  36              		.loc 1 1831 6 is_stmt 0 view .LVU3
  37 0000 0842     		tst	r0, r1
  38 0002 01D0     		beq	.L3
1832:./Libraries/src/stm32f4xx_can.c ****   {
1833:./Libraries/src/stm32f4xx_can.c ****     /* CAN_IT is set */
1834:./Libraries/src/stm32f4xx_can.c ****     pendingbitstatus = SET;
  39              		.loc 1 1834 22 view .LVU4
  40 0004 0120     		movs	r0, #1
  41              	.LVL1:
  42              		.loc 1 1834 22 view .LVU5
  43 0006 7047     		bx	lr
  44              	.LVL2:
  45              	.L3:
1835:./Libraries/src/stm32f4xx_can.c ****   }
1836:./Libraries/src/stm32f4xx_can.c ****   else
1837:./Libraries/src/stm32f4xx_can.c ****   {
ARM GAS  /tmp/cclurMk5.s 			page 34


1838:./Libraries/src/stm32f4xx_can.c ****     /* CAN_IT is reset */
1839:./Libraries/src/stm32f4xx_can.c ****     pendingbitstatus = RESET;
  46              		.loc 1 1839 22 view .LVU6
  47 0008 0020     		movs	r0, #0
  48              	.LVL3:
1840:./Libraries/src/stm32f4xx_can.c ****   }
1841:./Libraries/src/stm32f4xx_can.c ****   return pendingbitstatus;
  49              		.loc 1 1841 3 is_stmt 1 view .LVU7
1842:./Libraries/src/stm32f4xx_can.c **** }
  50              		.loc 1 1842 1 is_stmt 0 view .LVU8
  51 000a 7047     		bx	lr
  52              		.cfi_endproc
  53              	.LFE147:
  55              		.section	.text.CAN_DeInit,"ax",%progbits
  56              		.align	1
  57              		.global	CAN_DeInit
  58              		.syntax unified
  59              		.thumb
  60              		.thumb_func
  62              	CAN_DeInit:
  63              	.LVL4:
  64              	.LFB123:
 168:./Libraries/src/stm32f4xx_can.c ****   /* Check the parameters */
  65              		.loc 1 168 1 is_stmt 1 view -0
  66              		.cfi_startproc
  67              		@ args = 0, pretend = 0, frame = 0
  68              		@ frame_needed = 0, uses_anonymous_args = 0
 168:./Libraries/src/stm32f4xx_can.c ****   /* Check the parameters */
  69              		.loc 1 168 1 is_stmt 0 view .LVU10
  70 0000 08B5     		push	{r3, lr}
  71              	.LCFI0:
  72              		.cfi_def_cfa_offset 8
  73              		.cfi_offset 3, -8
  74              		.cfi_offset 14, -4
 170:./Libraries/src/stm32f4xx_can.c ****  
  75              		.loc 1 170 3 is_stmt 1 view .LVU11
 172:./Libraries/src/stm32f4xx_can.c ****   {
  76              		.loc 1 172 3 view .LVU12
 172:./Libraries/src/stm32f4xx_can.c ****   {
  77              		.loc 1 172 6 is_stmt 0 view .LVU13
  78 0002 0C4B     		ldr	r3, .L9
  79 0004 9842     		cmp	r0, r3
  80 0006 0AD0     		beq	.L8
 199:./Libraries/src/stm32f4xx_can.c ****     /* Release CAN2 from reset state */
  81              		.loc 1 199 5 is_stmt 1 view .LVU14
  82 0008 0121     		movs	r1, #1
  83 000a 4FF08060 		mov	r0, #67108864
  84              	.LVL5:
 199:./Libraries/src/stm32f4xx_can.c ****     /* Release CAN2 from reset state */
  85              		.loc 1 199 5 is_stmt 0 view .LVU15
  86 000e FFF7FEFF 		bl	RCC_APB1PeriphResetCmd
  87              	.LVL6:
 201:./Libraries/src/stm32f4xx_can.c ****   }
  88              		.loc 1 201 5 is_stmt 1 view .LVU16
  89 0012 0021     		movs	r1, #0
  90 0014 4FF08060 		mov	r0, #67108864
  91 0018 FFF7FEFF 		bl	RCC_APB1PeriphResetCmd
ARM GAS  /tmp/cclurMk5.s 			page 35


  92              	.LVL7:
  93              	.L4:
 204:./Libraries/src/stm32f4xx_can.c **** 
  94              		.loc 1 204 1 is_stmt 0 view .LVU17
  95 001c 08BD     		pop	{r3, pc}
  96              	.LVL8:
  97              	.L8:
 175:./Libraries/src/stm32f4xx_can.c ****     /* Release CAN1 from reset state */
  98              		.loc 1 175 5 is_stmt 1 view .LVU18
  99 001e 0121     		movs	r1, #1
 100 0020 4FF00070 		mov	r0, #33554432
 101              	.LVL9:
 175:./Libraries/src/stm32f4xx_can.c ****     /* Release CAN1 from reset state */
 102              		.loc 1 175 5 is_stmt 0 view .LVU19
 103 0024 FFF7FEFF 		bl	RCC_APB1PeriphResetCmd
 104              	.LVL10:
 177:./Libraries/src/stm32f4xx_can.c ****   }
 105              		.loc 1 177 5 is_stmt 1 view .LVU20
 106 0028 0021     		movs	r1, #0
 107 002a 4FF00070 		mov	r0, #33554432
 108 002e FFF7FEFF 		bl	RCC_APB1PeriphResetCmd
 109              	.LVL11:
 110 0032 F3E7     		b	.L4
 111              	.L10:
 112              		.align	2
 113              	.L9:
 114 0034 00640040 		.word	1073767424
 115              		.cfi_endproc
 116              	.LFE123:
 118              		.section	.text.CAN_Init,"ax",%progbits
 119              		.align	1
 120              		.global	CAN_Init
 121              		.syntax unified
 122              		.thumb
 123              		.thumb_func
 125              	CAN_Init:
 126              	.LVL12:
 127              	.LFB124:
 217:./Libraries/src/stm32f4xx_can.c ****   uint8_t InitStatus = CAN_InitStatus_Failed;
 128              		.loc 1 217 1 view -0
 129              		.cfi_startproc
 130              		@ args = 0, pretend = 0, frame = 0
 131              		@ frame_needed = 0, uses_anonymous_args = 0
 132              		@ link register save eliminated.
 218:./Libraries/src/stm32f4xx_can.c ****   uint32_t wait_ack = 0x00000000;
 133              		.loc 1 218 3 view .LVU22
 219:./Libraries/src/stm32f4xx_can.c ****   /* Check the parameters */
 134              		.loc 1 219 3 view .LVU23
 221:./Libraries/src/stm32f4xx_can.c ****   assert_param(IS_FUNCTIONAL_STATE(CAN_InitStruct->CAN_TTCM));
 135              		.loc 1 221 3 view .LVU24
 222:./Libraries/src/stm32f4xx_can.c ****   assert_param(IS_FUNCTIONAL_STATE(CAN_InitStruct->CAN_ABOM));
 136              		.loc 1 222 3 view .LVU25
 223:./Libraries/src/stm32f4xx_can.c ****   assert_param(IS_FUNCTIONAL_STATE(CAN_InitStruct->CAN_AWUM));
 137              		.loc 1 223 3 view .LVU26
 224:./Libraries/src/stm32f4xx_can.c ****   assert_param(IS_FUNCTIONAL_STATE(CAN_InitStruct->CAN_NART));
 138              		.loc 1 224 3 view .LVU27
 225:./Libraries/src/stm32f4xx_can.c ****   assert_param(IS_FUNCTIONAL_STATE(CAN_InitStruct->CAN_RFLM));
ARM GAS  /tmp/cclurMk5.s 			page 36


 139              		.loc 1 225 3 view .LVU28
 226:./Libraries/src/stm32f4xx_can.c ****   assert_param(IS_FUNCTIONAL_STATE(CAN_InitStruct->CAN_TXFP));
 140              		.loc 1 226 3 view .LVU29
 227:./Libraries/src/stm32f4xx_can.c ****   assert_param(IS_CAN_MODE(CAN_InitStruct->CAN_Mode));
 141              		.loc 1 227 3 view .LVU30
 228:./Libraries/src/stm32f4xx_can.c ****   assert_param(IS_CAN_SJW(CAN_InitStruct->CAN_SJW));
 142              		.loc 1 228 3 view .LVU31
 229:./Libraries/src/stm32f4xx_can.c ****   assert_param(IS_CAN_BS1(CAN_InitStruct->CAN_BS1));
 143              		.loc 1 229 3 view .LVU32
 230:./Libraries/src/stm32f4xx_can.c ****   assert_param(IS_CAN_BS2(CAN_InitStruct->CAN_BS2));
 144              		.loc 1 230 3 view .LVU33
 231:./Libraries/src/stm32f4xx_can.c ****   assert_param(IS_CAN_PRESCALER(CAN_InitStruct->CAN_Prescaler));
 145              		.loc 1 231 3 view .LVU34
 232:./Libraries/src/stm32f4xx_can.c **** 
 146              		.loc 1 232 3 view .LVU35
 235:./Libraries/src/stm32f4xx_can.c **** 
 147              		.loc 1 235 3 view .LVU36
 235:./Libraries/src/stm32f4xx_can.c **** 
 148              		.loc 1 235 7 is_stmt 0 view .LVU37
 149 0000 0368     		ldr	r3, [r0]
 235:./Libraries/src/stm32f4xx_can.c **** 
 150              		.loc 1 235 13 view .LVU38
 151 0002 23F00203 		bic	r3, r3, #2
 152 0006 0360     		str	r3, [r0]
 238:./Libraries/src/stm32f4xx_can.c **** 
 153              		.loc 1 238 3 is_stmt 1 view .LVU39
 238:./Libraries/src/stm32f4xx_can.c **** 
 154              		.loc 1 238 7 is_stmt 0 view .LVU40
 155 0008 0368     		ldr	r3, [r0]
 238:./Libraries/src/stm32f4xx_can.c **** 
 156              		.loc 1 238 13 view .LVU41
 157 000a 43F00103 		orr	r3, r3, #1
 158 000e 0360     		str	r3, [r0]
 241:./Libraries/src/stm32f4xx_can.c ****   {
 159              		.loc 1 241 3 is_stmt 1 view .LVU42
 219:./Libraries/src/stm32f4xx_can.c ****   /* Check the parameters */
 160              		.loc 1 219 12 is_stmt 0 view .LVU43
 161 0010 0023     		movs	r3, #0
 162              	.LVL13:
 163              	.L12:
 241:./Libraries/src/stm32f4xx_can.c ****   {
 164              		.loc 1 241 55 is_stmt 1 view .LVU44
 241:./Libraries/src/stm32f4xx_can.c ****   {
 165              		.loc 1 241 16 is_stmt 0 view .LVU45
 166 0012 4268     		ldr	r2, [r0, #4]
 241:./Libraries/src/stm32f4xx_can.c ****   {
 167              		.loc 1 241 55 view .LVU46
 168 0014 12F0010F 		tst	r2, #1
 169 0018 05D1     		bne	.L13
 241:./Libraries/src/stm32f4xx_can.c ****   {
 170              		.loc 1 241 55 discriminator 1 view .LVU47
 171 001a 4FF6FF72 		movw	r2, #65535
 172 001e 9342     		cmp	r3, r2
 173 0020 01D0     		beq	.L13
 243:./Libraries/src/stm32f4xx_can.c ****   }
 174              		.loc 1 243 5 is_stmt 1 view .LVU48
 243:./Libraries/src/stm32f4xx_can.c ****   }
ARM GAS  /tmp/cclurMk5.s 			page 37


 175              		.loc 1 243 13 is_stmt 0 view .LVU49
 176 0022 0133     		adds	r3, r3, #1
 177              	.LVL14:
 243:./Libraries/src/stm32f4xx_can.c ****   }
 178              		.loc 1 243 13 view .LVU50
 179 0024 F5E7     		b	.L12
 180              	.LVL15:
 181              	.L13:
 247:./Libraries/src/stm32f4xx_can.c ****   {
 182              		.loc 1 247 3 is_stmt 1 view .LVU51
 247:./Libraries/src/stm32f4xx_can.c ****   {
 183              		.loc 1 247 12 is_stmt 0 view .LVU52
 184 0026 4368     		ldr	r3, [r0, #4]
 185              	.LVL16:
 247:./Libraries/src/stm32f4xx_can.c ****   {
 186              		.loc 1 247 6 view .LVU53
 187 0028 13F0010F 		tst	r3, #1
 188 002c 6BD0     		beq	.L31
 254:./Libraries/src/stm32f4xx_can.c ****     {
 189              		.loc 1 254 5 is_stmt 1 view .LVU54
 254:./Libraries/src/stm32f4xx_can.c ****     {
 190              		.loc 1 254 23 is_stmt 0 view .LVU55
 191 002e 8B79     		ldrb	r3, [r1, #6]	@ zero_extendqisi2
 254:./Libraries/src/stm32f4xx_can.c ****     {
 192              		.loc 1 254 8 view .LVU56
 193 0030 012B     		cmp	r3, #1
 194 0032 3BD0     		beq	.L33
 260:./Libraries/src/stm32f4xx_can.c ****     }
 195              		.loc 1 260 7 is_stmt 1 view .LVU57
 260:./Libraries/src/stm32f4xx_can.c ****     }
 196              		.loc 1 260 11 is_stmt 0 view .LVU58
 197 0034 0368     		ldr	r3, [r0]
 260:./Libraries/src/stm32f4xx_can.c ****     }
 198              		.loc 1 260 17 view .LVU59
 199 0036 23F08003 		bic	r3, r3, #128
 200 003a 0360     		str	r3, [r0]
 201              	.L17:
 264:./Libraries/src/stm32f4xx_can.c ****     {
 202              		.loc 1 264 5 is_stmt 1 view .LVU60
 264:./Libraries/src/stm32f4xx_can.c ****     {
 203              		.loc 1 264 23 is_stmt 0 view .LVU61
 204 003c CB79     		ldrb	r3, [r1, #7]	@ zero_extendqisi2
 264:./Libraries/src/stm32f4xx_can.c ****     {
 205              		.loc 1 264 8 view .LVU62
 206 003e 012B     		cmp	r3, #1
 207 0040 39D0     		beq	.L34
 270:./Libraries/src/stm32f4xx_can.c ****     }
 208              		.loc 1 270 7 is_stmt 1 view .LVU63
 270:./Libraries/src/stm32f4xx_can.c ****     }
 209              		.loc 1 270 11 is_stmt 0 view .LVU64
 210 0042 0368     		ldr	r3, [r0]
 270:./Libraries/src/stm32f4xx_can.c ****     }
 211              		.loc 1 270 17 view .LVU65
 212 0044 23F04003 		bic	r3, r3, #64
 213 0048 0360     		str	r3, [r0]
 214              	.L19:
 274:./Libraries/src/stm32f4xx_can.c ****     {
ARM GAS  /tmp/cclurMk5.s 			page 38


 215              		.loc 1 274 5 is_stmt 1 view .LVU66
 274:./Libraries/src/stm32f4xx_can.c ****     {
 216              		.loc 1 274 23 is_stmt 0 view .LVU67
 217 004a 0B7A     		ldrb	r3, [r1, #8]	@ zero_extendqisi2
 274:./Libraries/src/stm32f4xx_can.c ****     {
 218              		.loc 1 274 8 view .LVU68
 219 004c 012B     		cmp	r3, #1
 220 004e 37D0     		beq	.L35
 280:./Libraries/src/stm32f4xx_can.c ****     }
 221              		.loc 1 280 7 is_stmt 1 view .LVU69
 280:./Libraries/src/stm32f4xx_can.c ****     }
 222              		.loc 1 280 11 is_stmt 0 view .LVU70
 223 0050 0368     		ldr	r3, [r0]
 280:./Libraries/src/stm32f4xx_can.c ****     }
 224              		.loc 1 280 17 view .LVU71
 225 0052 23F02003 		bic	r3, r3, #32
 226 0056 0360     		str	r3, [r0]
 227              	.L21:
 284:./Libraries/src/stm32f4xx_can.c ****     {
 228              		.loc 1 284 5 is_stmt 1 view .LVU72
 284:./Libraries/src/stm32f4xx_can.c ****     {
 229              		.loc 1 284 23 is_stmt 0 view .LVU73
 230 0058 4B7A     		ldrb	r3, [r1, #9]	@ zero_extendqisi2
 284:./Libraries/src/stm32f4xx_can.c ****     {
 231              		.loc 1 284 8 view .LVU74
 232 005a 012B     		cmp	r3, #1
 233 005c 35D0     		beq	.L36
 290:./Libraries/src/stm32f4xx_can.c ****     }
 234              		.loc 1 290 7 is_stmt 1 view .LVU75
 290:./Libraries/src/stm32f4xx_can.c ****     }
 235              		.loc 1 290 11 is_stmt 0 view .LVU76
 236 005e 0368     		ldr	r3, [r0]
 290:./Libraries/src/stm32f4xx_can.c ****     }
 237              		.loc 1 290 17 view .LVU77
 238 0060 23F01003 		bic	r3, r3, #16
 239 0064 0360     		str	r3, [r0]
 240              	.L23:
 294:./Libraries/src/stm32f4xx_can.c ****     {
 241              		.loc 1 294 5 is_stmt 1 view .LVU78
 294:./Libraries/src/stm32f4xx_can.c ****     {
 242              		.loc 1 294 23 is_stmt 0 view .LVU79
 243 0066 8B7A     		ldrb	r3, [r1, #10]	@ zero_extendqisi2
 294:./Libraries/src/stm32f4xx_can.c ****     {
 244              		.loc 1 294 8 view .LVU80
 245 0068 012B     		cmp	r3, #1
 246 006a 33D0     		beq	.L37
 300:./Libraries/src/stm32f4xx_can.c ****     }
 247              		.loc 1 300 7 is_stmt 1 view .LVU81
 300:./Libraries/src/stm32f4xx_can.c ****     }
 248              		.loc 1 300 11 is_stmt 0 view .LVU82
 249 006c 0368     		ldr	r3, [r0]
 300:./Libraries/src/stm32f4xx_can.c ****     }
 250              		.loc 1 300 17 view .LVU83
 251 006e 23F00803 		bic	r3, r3, #8
 252 0072 0360     		str	r3, [r0]
 253              	.L25:
 304:./Libraries/src/stm32f4xx_can.c ****     {
ARM GAS  /tmp/cclurMk5.s 			page 39


 254              		.loc 1 304 5 is_stmt 1 view .LVU84
 304:./Libraries/src/stm32f4xx_can.c ****     {
 255              		.loc 1 304 23 is_stmt 0 view .LVU85
 256 0074 CB7A     		ldrb	r3, [r1, #11]	@ zero_extendqisi2
 304:./Libraries/src/stm32f4xx_can.c ****     {
 257              		.loc 1 304 8 view .LVU86
 258 0076 012B     		cmp	r3, #1
 259 0078 31D0     		beq	.L38
 310:./Libraries/src/stm32f4xx_can.c ****     }
 260              		.loc 1 310 7 is_stmt 1 view .LVU87
 310:./Libraries/src/stm32f4xx_can.c ****     }
 261              		.loc 1 310 11 is_stmt 0 view .LVU88
 262 007a 0368     		ldr	r3, [r0]
 310:./Libraries/src/stm32f4xx_can.c ****     }
 263              		.loc 1 310 17 view .LVU89
 264 007c 23F00403 		bic	r3, r3, #4
 265 0080 0360     		str	r3, [r0]
 266              	.L27:
 314:./Libraries/src/stm32f4xx_can.c ****                 ((uint32_t)CAN_InitStruct->CAN_SJW << 24) | \
 267              		.loc 1 314 5 is_stmt 1 view .LVU90
 314:./Libraries/src/stm32f4xx_can.c ****                 ((uint32_t)CAN_InitStruct->CAN_SJW << 24) | \
 268              		.loc 1 314 52 is_stmt 0 view .LVU91
 269 0082 8A78     		ldrb	r2, [r1, #2]	@ zero_extendqisi2
 315:./Libraries/src/stm32f4xx_can.c ****                 ((uint32_t)CAN_InitStruct->CAN_BS1 << 16) | \
 270              		.loc 1 315 42 view .LVU92
 271 0084 CB78     		ldrb	r3, [r1, #3]	@ zero_extendqisi2
 315:./Libraries/src/stm32f4xx_can.c ****                 ((uint32_t)CAN_InitStruct->CAN_BS1 << 16) | \
 272              		.loc 1 315 52 view .LVU93
 273 0086 1B06     		lsls	r3, r3, #24
 314:./Libraries/src/stm32f4xx_can.c ****                 ((uint32_t)CAN_InitStruct->CAN_SJW << 24) | \
 274              		.loc 1 314 70 view .LVU94
 275 0088 43EA8273 		orr	r3, r3, r2, lsl #30
 316:./Libraries/src/stm32f4xx_can.c ****                 ((uint32_t)CAN_InitStruct->CAN_BS2 << 20) | \
 276              		.loc 1 316 42 view .LVU95
 277 008c 0A79     		ldrb	r2, [r1, #4]	@ zero_extendqisi2
 315:./Libraries/src/stm32f4xx_can.c ****                 ((uint32_t)CAN_InitStruct->CAN_BS1 << 16) | \
 278              		.loc 1 315 59 view .LVU96
 279 008e 43EA0243 		orr	r3, r3, r2, lsl #16
 317:./Libraries/src/stm32f4xx_can.c ****                ((uint32_t)CAN_InitStruct->CAN_Prescaler - 1);
 280              		.loc 1 317 42 view .LVU97
 281 0092 4A79     		ldrb	r2, [r1, #5]	@ zero_extendqisi2
 316:./Libraries/src/stm32f4xx_can.c ****                 ((uint32_t)CAN_InitStruct->CAN_BS2 << 20) | \
 282              		.loc 1 316 59 view .LVU98
 283 0094 43EA0253 		orr	r3, r3, r2, lsl #20
 318:./Libraries/src/stm32f4xx_can.c **** 
 284              		.loc 1 318 41 view .LVU99
 285 0098 0A88     		ldrh	r2, [r1]
 318:./Libraries/src/stm32f4xx_can.c **** 
 286              		.loc 1 318 57 view .LVU100
 287 009a 013A     		subs	r2, r2, #1
 317:./Libraries/src/stm32f4xx_can.c ****                ((uint32_t)CAN_InitStruct->CAN_Prescaler - 1);
 288              		.loc 1 317 59 view .LVU101
 289 009c 1343     		orrs	r3, r3, r2
 314:./Libraries/src/stm32f4xx_can.c ****                 ((uint32_t)CAN_InitStruct->CAN_SJW << 24) | \
 290              		.loc 1 314 15 view .LVU102
 291 009e C361     		str	r3, [r0, #28]
 321:./Libraries/src/stm32f4xx_can.c **** 
ARM GAS  /tmp/cclurMk5.s 			page 40


 292              		.loc 1 321 5 is_stmt 1 view .LVU103
 321:./Libraries/src/stm32f4xx_can.c **** 
 293              		.loc 1 321 9 is_stmt 0 view .LVU104
 294 00a0 0368     		ldr	r3, [r0]
 321:./Libraries/src/stm32f4xx_can.c **** 
 295              		.loc 1 321 15 view .LVU105
 296 00a2 23F00103 		bic	r3, r3, #1
 297 00a6 0360     		str	r3, [r0]
 324:./Libraries/src/stm32f4xx_can.c **** 
 298              		.loc 1 324 4 is_stmt 1 view .LVU106
 299              	.LVL17:
 326:./Libraries/src/stm32f4xx_can.c ****    {
 300              		.loc 1 326 4 view .LVU107
 324:./Libraries/src/stm32f4xx_can.c **** 
 301              		.loc 1 324 13 is_stmt 0 view .LVU108
 302 00a8 0023     		movs	r3, #0
 326:./Libraries/src/stm32f4xx_can.c ****    {
 303              		.loc 1 326 10 view .LVU109
 304 00aa 1EE0     		b	.L28
 305              	.LVL18:
 306              	.L33:
 256:./Libraries/src/stm32f4xx_can.c ****     }
 307              		.loc 1 256 7 is_stmt 1 view .LVU110
 256:./Libraries/src/stm32f4xx_can.c ****     }
 308              		.loc 1 256 11 is_stmt 0 view .LVU111
 309 00ac 0368     		ldr	r3, [r0]
 256:./Libraries/src/stm32f4xx_can.c ****     }
 310              		.loc 1 256 17 view .LVU112
 311 00ae 43F08003 		orr	r3, r3, #128
 312 00b2 0360     		str	r3, [r0]
 313 00b4 C2E7     		b	.L17
 314              	.L34:
 266:./Libraries/src/stm32f4xx_can.c ****     }
 315              		.loc 1 266 7 is_stmt 1 view .LVU113
 266:./Libraries/src/stm32f4xx_can.c ****     }
 316              		.loc 1 266 11 is_stmt 0 view .LVU114
 317 00b6 0368     		ldr	r3, [r0]
 266:./Libraries/src/stm32f4xx_can.c ****     }
 318              		.loc 1 266 17 view .LVU115
 319 00b8 43F04003 		orr	r3, r3, #64
 320 00bc 0360     		str	r3, [r0]
 321 00be C4E7     		b	.L19
 322              	.L35:
 276:./Libraries/src/stm32f4xx_can.c ****     }
 323              		.loc 1 276 7 is_stmt 1 view .LVU116
 276:./Libraries/src/stm32f4xx_can.c ****     }
 324              		.loc 1 276 11 is_stmt 0 view .LVU117
 325 00c0 0368     		ldr	r3, [r0]
 276:./Libraries/src/stm32f4xx_can.c ****     }
 326              		.loc 1 276 17 view .LVU118
 327 00c2 43F02003 		orr	r3, r3, #32
 328 00c6 0360     		str	r3, [r0]
 329 00c8 C6E7     		b	.L21
 330              	.L36:
 286:./Libraries/src/stm32f4xx_can.c ****     }
 331              		.loc 1 286 7 is_stmt 1 view .LVU119
 286:./Libraries/src/stm32f4xx_can.c ****     }
ARM GAS  /tmp/cclurMk5.s 			page 41


 332              		.loc 1 286 11 is_stmt 0 view .LVU120
 333 00ca 0368     		ldr	r3, [r0]
 286:./Libraries/src/stm32f4xx_can.c ****     }
 334              		.loc 1 286 17 view .LVU121
 335 00cc 43F01003 		orr	r3, r3, #16
 336 00d0 0360     		str	r3, [r0]
 337 00d2 C8E7     		b	.L23
 338              	.L37:
 296:./Libraries/src/stm32f4xx_can.c ****     }
 339              		.loc 1 296 7 is_stmt 1 view .LVU122
 296:./Libraries/src/stm32f4xx_can.c ****     }
 340              		.loc 1 296 11 is_stmt 0 view .LVU123
 341 00d4 0368     		ldr	r3, [r0]
 296:./Libraries/src/stm32f4xx_can.c ****     }
 342              		.loc 1 296 17 view .LVU124
 343 00d6 43F00803 		orr	r3, r3, #8
 344 00da 0360     		str	r3, [r0]
 345 00dc CAE7     		b	.L25
 346              	.L38:
 306:./Libraries/src/stm32f4xx_can.c ****     }
 347              		.loc 1 306 7 is_stmt 1 view .LVU125
 306:./Libraries/src/stm32f4xx_can.c ****     }
 348              		.loc 1 306 11 is_stmt 0 view .LVU126
 349 00de 0368     		ldr	r3, [r0]
 306:./Libraries/src/stm32f4xx_can.c ****     }
 350              		.loc 1 306 17 view .LVU127
 351 00e0 43F00403 		orr	r3, r3, #4
 352 00e4 0360     		str	r3, [r0]
 353 00e6 CCE7     		b	.L27
 354              	.LVL19:
 355              	.L30:
 328:./Libraries/src/stm32f4xx_can.c ****    }
 356              		.loc 1 328 6 is_stmt 1 view .LVU128
 328:./Libraries/src/stm32f4xx_can.c ****    }
 357              		.loc 1 328 14 is_stmt 0 view .LVU129
 358 00e8 0133     		adds	r3, r3, #1
 359              	.LVL20:
 360              	.L28:
 326:./Libraries/src/stm32f4xx_can.c ****    {
 361              		.loc 1 326 56 is_stmt 1 view .LVU130
 326:./Libraries/src/stm32f4xx_can.c ****    {
 362              		.loc 1 326 17 is_stmt 0 view .LVU131
 363 00ea 4268     		ldr	r2, [r0, #4]
 326:./Libraries/src/stm32f4xx_can.c ****    {
 364              		.loc 1 326 56 view .LVU132
 365 00ec 12F0010F 		tst	r2, #1
 366 00f0 03D0     		beq	.L29
 326:./Libraries/src/stm32f4xx_can.c ****    {
 367              		.loc 1 326 56 discriminator 1 view .LVU133
 368 00f2 4FF6FF72 		movw	r2, #65535
 369 00f6 9342     		cmp	r3, r2
 370 00f8 F6D1     		bne	.L30
 371              	.L29:
 332:./Libraries/src/stm32f4xx_can.c ****     {
 372              		.loc 1 332 5 is_stmt 1 view .LVU134
 332:./Libraries/src/stm32f4xx_can.c ****     {
 373              		.loc 1 332 14 is_stmt 0 view .LVU135
ARM GAS  /tmp/cclurMk5.s 			page 42


 374 00fa 4368     		ldr	r3, [r0, #4]
 375              	.LVL21:
 332:./Libraries/src/stm32f4xx_can.c ****     {
 376              		.loc 1 332 8 view .LVU136
 377 00fc 13F0010F 		tst	r3, #1
 378 0100 03D0     		beq	.L32
 334:./Libraries/src/stm32f4xx_can.c ****     }
 379              		.loc 1 334 18 view .LVU137
 380 0102 0020     		movs	r0, #0
 381              	.LVL22:
 334:./Libraries/src/stm32f4xx_can.c ****     }
 382              		.loc 1 334 18 view .LVU138
 383 0104 7047     		bx	lr
 384              	.LVL23:
 385              	.L31:
 249:./Libraries/src/stm32f4xx_can.c ****   }
 386              		.loc 1 249 16 view .LVU139
 387 0106 0020     		movs	r0, #0
 388              	.LVL24:
 249:./Libraries/src/stm32f4xx_can.c ****   }
 389              		.loc 1 249 16 view .LVU140
 390 0108 7047     		bx	lr
 391              	.LVL25:
 392              	.L32:
 338:./Libraries/src/stm32f4xx_can.c ****     }
 393              		.loc 1 338 18 view .LVU141
 394 010a 0120     		movs	r0, #1
 395              	.LVL26:
 343:./Libraries/src/stm32f4xx_can.c **** }
 396              		.loc 1 343 3 is_stmt 1 view .LVU142
 344:./Libraries/src/stm32f4xx_can.c **** 
 397              		.loc 1 344 1 is_stmt 0 view .LVU143
 398 010c 7047     		bx	lr
 399              		.cfi_endproc
 400              	.LFE124:
 402              		.section	.text.CAN_FilterInit,"ax",%progbits
 403              		.align	1
 404              		.global	CAN_FilterInit
 405              		.syntax unified
 406              		.thumb
 407              		.thumb_func
 409              	CAN_FilterInit:
 410              	.LVL27:
 411              	.LFB125:
 449:./Libraries/src/stm32f4xx_can.c ****   uint32_t filter_number_bit_pos = 0;
 412              		.loc 1 449 1 is_stmt 1 view -0
 413              		.cfi_startproc
 414              		@ args = 0, pretend = 0, frame = 0
 415              		@ frame_needed = 0, uses_anonymous_args = 0
 449:./Libraries/src/stm32f4xx_can.c ****   uint32_t filter_number_bit_pos = 0;
 416              		.loc 1 449 1 is_stmt 0 view .LVU145
 417 0000 10B5     		push	{r4, lr}
 418              	.LCFI1:
 419              		.cfi_def_cfa_offset 8
 420              		.cfi_offset 4, -8
 421              		.cfi_offset 14, -4
 450:./Libraries/src/stm32f4xx_can.c ****   /* Check the parameters */
ARM GAS  /tmp/cclurMk5.s 			page 43


 422              		.loc 1 450 3 is_stmt 1 view .LVU146
 423              	.LVL28:
 452:./Libraries/src/stm32f4xx_can.c ****   assert_param(IS_CAN_FILTER_MODE(CAN_FilterInitStruct->CAN_FilterMode));
 424              		.loc 1 452 3 view .LVU147
 453:./Libraries/src/stm32f4xx_can.c ****   assert_param(IS_CAN_FILTER_SCALE(CAN_FilterInitStruct->CAN_FilterScale));
 425              		.loc 1 453 3 view .LVU148
 454:./Libraries/src/stm32f4xx_can.c ****   assert_param(IS_CAN_FILTER_FIFO(CAN_FilterInitStruct->CAN_FilterFIFOAssignment));
 426              		.loc 1 454 3 view .LVU149
 455:./Libraries/src/stm32f4xx_can.c ****   assert_param(IS_FUNCTIONAL_STATE(CAN_FilterInitStruct->CAN_FilterActivation));
 427              		.loc 1 455 3 view .LVU150
 456:./Libraries/src/stm32f4xx_can.c **** 
 428              		.loc 1 456 3 view .LVU151
 458:./Libraries/src/stm32f4xx_can.c **** 
 429              		.loc 1 458 3 view .LVU152
 458:./Libraries/src/stm32f4xx_can.c **** 
 430              		.loc 1 458 64 is_stmt 0 view .LVU153
 431 0002 827A     		ldrb	r2, [r0, #10]	@ zero_extendqisi2
 458:./Libraries/src/stm32f4xx_can.c **** 
 432              		.loc 1 458 25 view .LVU154
 433 0004 0123     		movs	r3, #1
 434 0006 9340     		lsls	r3, r3, r2
 435              	.LVL29:
 461:./Libraries/src/stm32f4xx_can.c **** 
 436              		.loc 1 461 3 is_stmt 1 view .LVU155
 461:./Libraries/src/stm32f4xx_can.c **** 
 437              		.loc 1 461 7 is_stmt 0 view .LVU156
 438 0008 3F4A     		ldr	r2, .L51
 439 000a D2F80012 		ldr	r1, [r2, #512]
 461:./Libraries/src/stm32f4xx_can.c **** 
 440              		.loc 1 461 13 view .LVU157
 441 000e 41F00101 		orr	r1, r1, #1
 442 0012 C2F80012 		str	r1, [r2, #512]
 464:./Libraries/src/stm32f4xx_can.c **** 
 443              		.loc 1 464 3 is_stmt 1 view .LVU158
 464:./Libraries/src/stm32f4xx_can.c **** 
 444              		.loc 1 464 7 is_stmt 0 view .LVU159
 445 0016 D2F81C12 		ldr	r1, [r2, #540]
 464:./Libraries/src/stm32f4xx_can.c **** 
 446              		.loc 1 464 17 view .LVU160
 447 001a 6FEA030C 		mvn	ip, r3
 464:./Libraries/src/stm32f4xx_can.c **** 
 448              		.loc 1 464 14 view .LVU161
 449 001e 21EA0301 		bic	r1, r1, r3
 450 0022 C2F81C12 		str	r1, [r2, #540]
 467:./Libraries/src/stm32f4xx_can.c ****   {
 451              		.loc 1 467 3 is_stmt 1 view .LVU162
 467:./Libraries/src/stm32f4xx_can.c ****   {
 452              		.loc 1 467 27 is_stmt 0 view .LVU163
 453 0026 027B     		ldrb	r2, [r0, #12]	@ zero_extendqisi2
 467:./Libraries/src/stm32f4xx_can.c ****   {
 454              		.loc 1 467 6 view .LVU164
 455 0028 D2B9     		cbnz	r2, .L40
 470:./Libraries/src/stm32f4xx_can.c **** 
 456              		.loc 1 470 5 is_stmt 1 view .LVU165
 470:./Libraries/src/stm32f4xx_can.c **** 
 457              		.loc 1 470 9 is_stmt 0 view .LVU166
 458 002a 374A     		ldr	r2, .L51
ARM GAS  /tmp/cclurMk5.s 			page 44


 459 002c D2F80C12 		ldr	r1, [r2, #524]
 470:./Libraries/src/stm32f4xx_can.c **** 
 460              		.loc 1 470 16 view .LVU167
 461 0030 0CEA0101 		and	r1, ip, r1
 462 0034 C2F80C12 		str	r1, [r2, #524]
 474:./Libraries/src/stm32f4xx_can.c ****        ((0x0000FFFF & (uint32_t)CAN_FilterInitStruct->CAN_FilterMaskIdLow) << 16) |
 463              		.loc 1 474 5 is_stmt 1 view .LVU168
 475:./Libraries/src/stm32f4xx_can.c ****         (0x0000FFFF & (uint32_t)CAN_FilterInitStruct->CAN_FilterIdLow);
 464              		.loc 1 475 53 is_stmt 0 view .LVU169
 465 0038 B0F806E0 		ldrh	lr, [r0, #6]
 476:./Libraries/src/stm32f4xx_can.c **** 
 466              		.loc 1 476 53 view .LVU170
 467 003c 4488     		ldrh	r4, [r0, #2]
 474:./Libraries/src/stm32f4xx_can.c ****        ((0x0000FFFF & (uint32_t)CAN_FilterInitStruct->CAN_FilterMaskIdLow) << 16) |
 468              		.loc 1 474 47 view .LVU171
 469 003e 817A     		ldrb	r1, [r0, #10]	@ zero_extendqisi2
 475:./Libraries/src/stm32f4xx_can.c ****         (0x0000FFFF & (uint32_t)CAN_FilterInitStruct->CAN_FilterIdLow);
 470              		.loc 1 475 83 view .LVU172
 471 0040 44EA0E44 		orr	r4, r4, lr, lsl #16
 474:./Libraries/src/stm32f4xx_can.c ****        ((0x0000FFFF & (uint32_t)CAN_FilterInitStruct->CAN_FilterMaskIdLow) << 16) |
 472              		.loc 1 474 71 view .LVU173
 473 0044 4831     		adds	r1, r1, #72
 474 0046 42F83140 		str	r4, [r2, r1, lsl #3]
 480:./Libraries/src/stm32f4xx_can.c ****        ((0x0000FFFF & (uint32_t)CAN_FilterInitStruct->CAN_FilterMaskIdHigh) << 16) |
 475              		.loc 1 480 5 is_stmt 1 view .LVU174
 481:./Libraries/src/stm32f4xx_can.c ****         (0x0000FFFF & (uint32_t)CAN_FilterInitStruct->CAN_FilterIdHigh);
 476              		.loc 1 481 53 is_stmt 0 view .LVU175
 477 004a 8488     		ldrh	r4, [r0, #4]
 482:./Libraries/src/stm32f4xx_can.c ****   }
 478              		.loc 1 482 53 view .LVU176
 479 004c 0188     		ldrh	r1, [r0]
 480:./Libraries/src/stm32f4xx_can.c ****        ((0x0000FFFF & (uint32_t)CAN_FilterInitStruct->CAN_FilterMaskIdHigh) << 16) |
 480              		.loc 1 480 47 view .LVU177
 481 004e 90F80AE0 		ldrb	lr, [r0, #10]	@ zero_extendqisi2
 481:./Libraries/src/stm32f4xx_can.c ****         (0x0000FFFF & (uint32_t)CAN_FilterInitStruct->CAN_FilterIdHigh);
 482              		.loc 1 481 84 view .LVU178
 483 0052 41EA0441 		orr	r1, r1, r4, lsl #16
 480:./Libraries/src/stm32f4xx_can.c ****        ((0x0000FFFF & (uint32_t)CAN_FilterInitStruct->CAN_FilterMaskIdHigh) << 16) |
 484              		.loc 1 480 71 view .LVU179
 485 0056 0EF1480E 		add	lr, lr, #72
 486 005a 02EBCE02 		add	r2, r2, lr, lsl #3
 487 005e 5160     		str	r1, [r2, #4]
 488              	.L40:
 485:./Libraries/src/stm32f4xx_can.c ****   {
 489              		.loc 1 485 3 is_stmt 1 view .LVU180
 485:./Libraries/src/stm32f4xx_can.c ****   {
 490              		.loc 1 485 27 is_stmt 0 view .LVU181
 491 0060 027B     		ldrb	r2, [r0, #12]	@ zero_extendqisi2
 485:./Libraries/src/stm32f4xx_can.c ****   {
 492              		.loc 1 485 6 view .LVU182
 493 0062 012A     		cmp	r2, #1
 494 0064 20D0     		beq	.L48
 495              	.L41:
 500:./Libraries/src/stm32f4xx_can.c ****   {
 496              		.loc 1 500 3 is_stmt 1 view .LVU183
 500:./Libraries/src/stm32f4xx_can.c ****   {
 497              		.loc 1 500 27 is_stmt 0 view .LVU184
ARM GAS  /tmp/cclurMk5.s 			page 45


 498 0066 C27A     		ldrb	r2, [r0, #11]	@ zero_extendqisi2
 500:./Libraries/src/stm32f4xx_can.c ****   {
 499              		.loc 1 500 6 view .LVU185
 500 0068 002A     		cmp	r2, #0
 501 006a 37D1     		bne	.L42
 503:./Libraries/src/stm32f4xx_can.c ****   }
 502              		.loc 1 503 5 is_stmt 1 view .LVU186
 503:./Libraries/src/stm32f4xx_can.c ****   }
 503              		.loc 1 503 9 is_stmt 0 view .LVU187
 504 006c 2649     		ldr	r1, .L51
 505 006e D1F80422 		ldr	r2, [r1, #516]
 503:./Libraries/src/stm32f4xx_can.c ****   }
 506              		.loc 1 503 16 view .LVU188
 507 0072 0CEA0202 		and	r2, ip, r2
 508 0076 C1F80422 		str	r2, [r1, #516]
 509              	.L43:
 512:./Libraries/src/stm32f4xx_can.c ****   {
 510              		.loc 1 512 3 is_stmt 1 view .LVU189
 512:./Libraries/src/stm32f4xx_can.c ****   {
 511              		.loc 1 512 27 is_stmt 0 view .LVU190
 512 007a 0289     		ldrh	r2, [r0, #8]
 512:./Libraries/src/stm32f4xx_can.c ****   {
 513              		.loc 1 512 6 view .LVU191
 514 007c 32B9     		cbnz	r2, .L44
 515:./Libraries/src/stm32f4xx_can.c ****   }
 515              		.loc 1 515 5 is_stmt 1 view .LVU192
 515:./Libraries/src/stm32f4xx_can.c ****   }
 516              		.loc 1 515 9 is_stmt 0 view .LVU193
 517 007e 2249     		ldr	r1, .L51
 518 0080 D1F81422 		ldr	r2, [r1, #532]
 515:./Libraries/src/stm32f4xx_can.c ****   }
 519              		.loc 1 515 17 view .LVU194
 520 0084 0CEA0202 		and	r2, ip, r2
 521 0088 C1F81422 		str	r2, [r1, #532]
 522              	.L44:
 518:./Libraries/src/stm32f4xx_can.c ****   {
 523              		.loc 1 518 3 is_stmt 1 view .LVU195
 518:./Libraries/src/stm32f4xx_can.c ****   {
 524              		.loc 1 518 27 is_stmt 0 view .LVU196
 525 008c 0289     		ldrh	r2, [r0, #8]
 518:./Libraries/src/stm32f4xx_can.c ****   {
 526              		.loc 1 518 6 view .LVU197
 527 008e 012A     		cmp	r2, #1
 528 0090 2BD0     		beq	.L49
 529              	.L45:
 525:./Libraries/src/stm32f4xx_can.c ****   {
 530              		.loc 1 525 3 is_stmt 1 view .LVU198
 525:./Libraries/src/stm32f4xx_can.c ****   {
 531              		.loc 1 525 27 is_stmt 0 view .LVU199
 532 0092 427B     		ldrb	r2, [r0, #13]	@ zero_extendqisi2
 525:./Libraries/src/stm32f4xx_can.c ****   {
 533              		.loc 1 525 6 view .LVU200
 534 0094 012A     		cmp	r2, #1
 535 0096 2FD0     		beq	.L50
 536              	.LVL30:
 537              	.L46:
 531:./Libraries/src/stm32f4xx_can.c **** }
ARM GAS  /tmp/cclurMk5.s 			page 46


 538              		.loc 1 531 3 is_stmt 1 view .LVU201
 531:./Libraries/src/stm32f4xx_can.c **** }
 539              		.loc 1 531 7 is_stmt 0 view .LVU202
 540 0098 1B4A     		ldr	r2, .L51
 541 009a D2F80032 		ldr	r3, [r2, #512]
 531:./Libraries/src/stm32f4xx_can.c **** }
 542              		.loc 1 531 13 view .LVU203
 543 009e 23F00103 		bic	r3, r3, #1
 544 00a2 C2F80032 		str	r3, [r2, #512]
 532:./Libraries/src/stm32f4xx_can.c **** #endif /* STM32F413_423xx */
 545              		.loc 1 532 1 view .LVU204
 546 00a6 10BD     		pop	{r4, pc}
 547              	.LVL31:
 548              	.L48:
 488:./Libraries/src/stm32f4xx_can.c ****     /* 32-bit identifier or First 32-bit identifier */
 549              		.loc 1 488 5 is_stmt 1 view .LVU205
 488:./Libraries/src/stm32f4xx_can.c ****     /* 32-bit identifier or First 32-bit identifier */
 550              		.loc 1 488 9 is_stmt 0 view .LVU206
 551 00a8 174A     		ldr	r2, .L51
 552 00aa D2F80C12 		ldr	r1, [r2, #524]
 488:./Libraries/src/stm32f4xx_can.c ****     /* 32-bit identifier or First 32-bit identifier */
 553              		.loc 1 488 16 view .LVU207
 554 00ae 1943     		orrs	r1, r1, r3
 555 00b0 C2F80C12 		str	r1, [r2, #524]
 490:./Libraries/src/stm32f4xx_can.c ****        ((0x0000FFFF & (uint32_t)CAN_FilterInitStruct->CAN_FilterIdHigh) << 16) |
 556              		.loc 1 490 5 is_stmt 1 view .LVU208
 491:./Libraries/src/stm32f4xx_can.c ****         (0x0000FFFF & (uint32_t)CAN_FilterInitStruct->CAN_FilterIdLow);
 557              		.loc 1 491 53 is_stmt 0 view .LVU209
 558 00b4 B0F800E0 		ldrh	lr, [r0]
 492:./Libraries/src/stm32f4xx_can.c ****     /* 32-bit mask or Second 32-bit identifier */
 559              		.loc 1 492 53 view .LVU210
 560 00b8 4488     		ldrh	r4, [r0, #2]
 490:./Libraries/src/stm32f4xx_can.c ****        ((0x0000FFFF & (uint32_t)CAN_FilterInitStruct->CAN_FilterIdHigh) << 16) |
 561              		.loc 1 490 47 view .LVU211
 562 00ba 817A     		ldrb	r1, [r0, #10]	@ zero_extendqisi2
 491:./Libraries/src/stm32f4xx_can.c ****         (0x0000FFFF & (uint32_t)CAN_FilterInitStruct->CAN_FilterIdLow);
 563              		.loc 1 491 80 view .LVU212
 564 00bc 44EA0E44 		orr	r4, r4, lr, lsl #16
 490:./Libraries/src/stm32f4xx_can.c ****        ((0x0000FFFF & (uint32_t)CAN_FilterInitStruct->CAN_FilterIdHigh) << 16) |
 565              		.loc 1 490 71 view .LVU213
 566 00c0 4831     		adds	r1, r1, #72
 567 00c2 42F83140 		str	r4, [r2, r1, lsl #3]
 494:./Libraries/src/stm32f4xx_can.c ****        ((0x0000FFFF & (uint32_t)CAN_FilterInitStruct->CAN_FilterMaskIdHigh) << 16) |
 568              		.loc 1 494 5 is_stmt 1 view .LVU214
 495:./Libraries/src/stm32f4xx_can.c ****         (0x0000FFFF & (uint32_t)CAN_FilterInitStruct->CAN_FilterMaskIdLow);
 569              		.loc 1 495 53 is_stmt 0 view .LVU215
 570 00c6 B0F804E0 		ldrh	lr, [r0, #4]
 496:./Libraries/src/stm32f4xx_can.c ****   }
 571              		.loc 1 496 53 view .LVU216
 572 00ca C188     		ldrh	r1, [r0, #6]
 494:./Libraries/src/stm32f4xx_can.c ****        ((0x0000FFFF & (uint32_t)CAN_FilterInitStruct->CAN_FilterMaskIdHigh) << 16) |
 573              		.loc 1 494 47 view .LVU217
 574 00cc 847A     		ldrb	r4, [r0, #10]	@ zero_extendqisi2
 495:./Libraries/src/stm32f4xx_can.c ****         (0x0000FFFF & (uint32_t)CAN_FilterInitStruct->CAN_FilterMaskIdLow);
 575              		.loc 1 495 84 view .LVU218
 576 00ce 41EA0E41 		orr	r1, r1, lr, lsl #16
 494:./Libraries/src/stm32f4xx_can.c ****        ((0x0000FFFF & (uint32_t)CAN_FilterInitStruct->CAN_FilterMaskIdHigh) << 16) |
ARM GAS  /tmp/cclurMk5.s 			page 47


 577              		.loc 1 494 71 view .LVU219
 578 00d2 4834     		adds	r4, r4, #72
 579 00d4 02EBC402 		add	r2, r2, r4, lsl #3
 580 00d8 5160     		str	r1, [r2, #4]
 581 00da C4E7     		b	.L41
 582              	.L42:
 508:./Libraries/src/stm32f4xx_can.c ****   }
 583              		.loc 1 508 5 is_stmt 1 view .LVU220
 508:./Libraries/src/stm32f4xx_can.c ****   }
 584              		.loc 1 508 9 is_stmt 0 view .LVU221
 585 00dc 0A49     		ldr	r1, .L51
 586 00de D1F80422 		ldr	r2, [r1, #516]
 508:./Libraries/src/stm32f4xx_can.c ****   }
 587              		.loc 1 508 16 view .LVU222
 588 00e2 1A43     		orrs	r2, r2, r3
 589 00e4 C1F80422 		str	r2, [r1, #516]
 590 00e8 C7E7     		b	.L43
 591              	.L49:
 521:./Libraries/src/stm32f4xx_can.c ****   }
 592              		.loc 1 521 5 is_stmt 1 view .LVU223
 521:./Libraries/src/stm32f4xx_can.c ****   }
 593              		.loc 1 521 9 is_stmt 0 view .LVU224
 594 00ea 0749     		ldr	r1, .L51
 595 00ec D1F81422 		ldr	r2, [r1, #532]
 521:./Libraries/src/stm32f4xx_can.c ****   }
 596              		.loc 1 521 17 view .LVU225
 597 00f0 1A43     		orrs	r2, r2, r3
 598 00f2 C1F81422 		str	r2, [r1, #532]
 599 00f6 CCE7     		b	.L45
 600              	.L50:
 527:./Libraries/src/stm32f4xx_can.c ****   }
 601              		.loc 1 527 5 is_stmt 1 view .LVU226
 527:./Libraries/src/stm32f4xx_can.c ****   }
 602              		.loc 1 527 9 is_stmt 0 view .LVU227
 603 00f8 0349     		ldr	r1, .L51
 604 00fa D1F81C22 		ldr	r2, [r1, #540]
 527:./Libraries/src/stm32f4xx_can.c ****   }
 605              		.loc 1 527 16 view .LVU228
 606 00fe 1343     		orrs	r3, r3, r2
 607              	.LVL32:
 527:./Libraries/src/stm32f4xx_can.c ****   }
 608              		.loc 1 527 16 view .LVU229
 609 0100 C1F81C32 		str	r3, [r1, #540]
 610 0104 C8E7     		b	.L46
 611              	.L52:
 612 0106 00BF     		.align	2
 613              	.L51:
 614 0108 00640040 		.word	1073767424
 615              		.cfi_endproc
 616              	.LFE125:
 618              		.section	.text.CAN_StructInit,"ax",%progbits
 619              		.align	1
 620              		.global	CAN_StructInit
 621              		.syntax unified
 622              		.thumb
 623              		.thumb_func
 625              	CAN_StructInit:
ARM GAS  /tmp/cclurMk5.s 			page 48


 626              	.LVL33:
 627              	.LFB126:
 541:./Libraries/src/stm32f4xx_can.c ****   /* Reset CAN init structure parameters values */
 628              		.loc 1 541 1 is_stmt 1 view -0
 629              		.cfi_startproc
 630              		@ args = 0, pretend = 0, frame = 0
 631              		@ frame_needed = 0, uses_anonymous_args = 0
 632              		@ link register save eliminated.
 545:./Libraries/src/stm32f4xx_can.c ****   
 633              		.loc 1 545 3 view .LVU231
 545:./Libraries/src/stm32f4xx_can.c ****   
 634              		.loc 1 545 28 is_stmt 0 view .LVU232
 635 0000 0023     		movs	r3, #0
 636 0002 8371     		strb	r3, [r0, #6]
 548:./Libraries/src/stm32f4xx_can.c ****   
 637              		.loc 1 548 3 is_stmt 1 view .LVU233
 548:./Libraries/src/stm32f4xx_can.c ****   
 638              		.loc 1 548 28 is_stmt 0 view .LVU234
 639 0004 C371     		strb	r3, [r0, #7]
 551:./Libraries/src/stm32f4xx_can.c ****   
 640              		.loc 1 551 3 is_stmt 1 view .LVU235
 551:./Libraries/src/stm32f4xx_can.c ****   
 641              		.loc 1 551 28 is_stmt 0 view .LVU236
 642 0006 0372     		strb	r3, [r0, #8]
 554:./Libraries/src/stm32f4xx_can.c ****   
 643              		.loc 1 554 3 is_stmt 1 view .LVU237
 554:./Libraries/src/stm32f4xx_can.c ****   
 644              		.loc 1 554 28 is_stmt 0 view .LVU238
 645 0008 4372     		strb	r3, [r0, #9]
 557:./Libraries/src/stm32f4xx_can.c ****   
 646              		.loc 1 557 3 is_stmt 1 view .LVU239
 557:./Libraries/src/stm32f4xx_can.c ****   
 647              		.loc 1 557 28 is_stmt 0 view .LVU240
 648 000a 8372     		strb	r3, [r0, #10]
 560:./Libraries/src/stm32f4xx_can.c ****   
 649              		.loc 1 560 3 is_stmt 1 view .LVU241
 560:./Libraries/src/stm32f4xx_can.c ****   
 650              		.loc 1 560 28 is_stmt 0 view .LVU242
 651 000c C372     		strb	r3, [r0, #11]
 563:./Libraries/src/stm32f4xx_can.c ****   
 652              		.loc 1 563 3 is_stmt 1 view .LVU243
 563:./Libraries/src/stm32f4xx_can.c ****   
 653              		.loc 1 563 28 is_stmt 0 view .LVU244
 654 000e 8370     		strb	r3, [r0, #2]
 566:./Libraries/src/stm32f4xx_can.c ****   
 655              		.loc 1 566 3 is_stmt 1 view .LVU245
 566:./Libraries/src/stm32f4xx_can.c ****   
 656              		.loc 1 566 27 is_stmt 0 view .LVU246
 657 0010 C370     		strb	r3, [r0, #3]
 569:./Libraries/src/stm32f4xx_can.c ****   
 658              		.loc 1 569 3 is_stmt 1 view .LVU247
 569:./Libraries/src/stm32f4xx_can.c ****   
 659              		.loc 1 569 27 is_stmt 0 view .LVU248
 660 0012 0323     		movs	r3, #3
 661 0014 0371     		strb	r3, [r0, #4]
 572:./Libraries/src/stm32f4xx_can.c ****   
 662              		.loc 1 572 3 is_stmt 1 view .LVU249
ARM GAS  /tmp/cclurMk5.s 			page 49


 572:./Libraries/src/stm32f4xx_can.c ****   
 663              		.loc 1 572 27 is_stmt 0 view .LVU250
 664 0016 0223     		movs	r3, #2
 665 0018 4371     		strb	r3, [r0, #5]
 575:./Libraries/src/stm32f4xx_can.c **** }
 666              		.loc 1 575 3 is_stmt 1 view .LVU251
 575:./Libraries/src/stm32f4xx_can.c **** }
 667              		.loc 1 575 33 is_stmt 0 view .LVU252
 668 001a 0123     		movs	r3, #1
 669 001c 0380     		strh	r3, [r0]	@ movhi
 576:./Libraries/src/stm32f4xx_can.c **** 
 670              		.loc 1 576 1 view .LVU253
 671 001e 7047     		bx	lr
 672              		.cfi_endproc
 673              	.LFE126:
 675              		.section	.text.CAN_SlaveStartBank,"ax",%progbits
 676              		.align	1
 677              		.global	CAN_SlaveStartBank
 678              		.syntax unified
 679              		.thumb
 680              		.thumb_func
 682              	CAN_SlaveStartBank:
 683              	.LVL34:
 684              	.LFB127:
 607:./Libraries/src/stm32f4xx_can.c ****   /* Check the parameters */
 685              		.loc 1 607 1 is_stmt 1 view -0
 686              		.cfi_startproc
 687              		@ args = 0, pretend = 0, frame = 0
 688              		@ frame_needed = 0, uses_anonymous_args = 0
 689              		@ link register save eliminated.
 609:./Libraries/src/stm32f4xx_can.c ****   
 690              		.loc 1 609 3 view .LVU255
 612:./Libraries/src/stm32f4xx_can.c ****   
 691              		.loc 1 612 3 view .LVU256
 612:./Libraries/src/stm32f4xx_can.c ****   
 692              		.loc 1 612 7 is_stmt 0 view .LVU257
 693 0000 0D4B     		ldr	r3, .L55
 694 0002 D3F80022 		ldr	r2, [r3, #512]
 612:./Libraries/src/stm32f4xx_can.c ****   
 695              		.loc 1 612 13 view .LVU258
 696 0006 42F00102 		orr	r2, r2, #1
 697 000a C3F80022 		str	r2, [r3, #512]
 615:./Libraries/src/stm32f4xx_can.c ****   CAN1->FMR |= (uint32_t)(CAN_BankNumber)<<8;
 698              		.loc 1 615 3 is_stmt 1 view .LVU259
 615:./Libraries/src/stm32f4xx_can.c ****   CAN1->FMR |= (uint32_t)(CAN_BankNumber)<<8;
 699              		.loc 1 615 7 is_stmt 0 view .LVU260
 700 000e D3F80022 		ldr	r2, [r3, #512]
 615:./Libraries/src/stm32f4xx_can.c ****   CAN1->FMR |= (uint32_t)(CAN_BankNumber)<<8;
 701              		.loc 1 615 13 view .LVU261
 702 0012 22F47C52 		bic	r2, r2, #16128
 703 0016 22F00E02 		bic	r2, r2, #14
 704 001a C3F80022 		str	r2, [r3, #512]
 616:./Libraries/src/stm32f4xx_can.c ****   
 705              		.loc 1 616 3 is_stmt 1 view .LVU262
 616:./Libraries/src/stm32f4xx_can.c ****   
 706              		.loc 1 616 7 is_stmt 0 view .LVU263
 707 001e D3F80022 		ldr	r2, [r3, #512]
ARM GAS  /tmp/cclurMk5.s 			page 50


 616:./Libraries/src/stm32f4xx_can.c ****   
 708              		.loc 1 616 13 view .LVU264
 709 0022 42EA0022 		orr	r2, r2, r0, lsl #8
 710 0026 C3F80022 		str	r2, [r3, #512]
 619:./Libraries/src/stm32f4xx_can.c **** }
 711              		.loc 1 619 3 is_stmt 1 view .LVU265
 619:./Libraries/src/stm32f4xx_can.c **** }
 712              		.loc 1 619 7 is_stmt 0 view .LVU266
 713 002a D3F80022 		ldr	r2, [r3, #512]
 619:./Libraries/src/stm32f4xx_can.c **** }
 714              		.loc 1 619 13 view .LVU267
 715 002e 22F00102 		bic	r2, r2, #1
 716 0032 C3F80022 		str	r2, [r3, #512]
 620:./Libraries/src/stm32f4xx_can.c **** #endif /* STM32F413_423xx */
 717              		.loc 1 620 1 view .LVU268
 718 0036 7047     		bx	lr
 719              	.L56:
 720              		.align	2
 721              	.L55:
 722 0038 00640040 		.word	1073767424
 723              		.cfi_endproc
 724              	.LFE127:
 726              		.section	.text.CAN_DBGFreeze,"ax",%progbits
 727              		.align	1
 728              		.global	CAN_DBGFreeze
 729              		.syntax unified
 730              		.thumb
 731              		.thumb_func
 733              	CAN_DBGFreeze:
 734              	.LVL35:
 735              	.LFB128:
 633:./Libraries/src/stm32f4xx_can.c ****   /* Check the parameters */
 736              		.loc 1 633 1 is_stmt 1 view -0
 737              		.cfi_startproc
 738              		@ args = 0, pretend = 0, frame = 0
 739              		@ frame_needed = 0, uses_anonymous_args = 0
 740              		@ link register save eliminated.
 635:./Libraries/src/stm32f4xx_can.c ****   assert_param(IS_FUNCTIONAL_STATE(NewState));
 741              		.loc 1 635 3 view .LVU270
 636:./Libraries/src/stm32f4xx_can.c ****   
 742              		.loc 1 636 3 view .LVU271
 638:./Libraries/src/stm32f4xx_can.c ****   {
 743              		.loc 1 638 3 view .LVU272
 638:./Libraries/src/stm32f4xx_can.c ****   {
 744              		.loc 1 638 6 is_stmt 0 view .LVU273
 745 0000 21B1     		cbz	r1, .L58
 641:./Libraries/src/stm32f4xx_can.c ****   }
 746              		.loc 1 641 5 is_stmt 1 view .LVU274
 641:./Libraries/src/stm32f4xx_can.c ****   }
 747              		.loc 1 641 9 is_stmt 0 view .LVU275
 748 0002 0368     		ldr	r3, [r0]
 641:./Libraries/src/stm32f4xx_can.c ****   }
 749              		.loc 1 641 15 view .LVU276
 750 0004 43F48033 		orr	r3, r3, #65536
 751 0008 0360     		str	r3, [r0]
 752 000a 7047     		bx	lr
 753              	.L58:
ARM GAS  /tmp/cclurMk5.s 			page 51


 646:./Libraries/src/stm32f4xx_can.c ****   }
 754              		.loc 1 646 5 is_stmt 1 view .LVU277
 646:./Libraries/src/stm32f4xx_can.c ****   }
 755              		.loc 1 646 9 is_stmt 0 view .LVU278
 756 000c 0368     		ldr	r3, [r0]
 646:./Libraries/src/stm32f4xx_can.c ****   }
 757              		.loc 1 646 15 view .LVU279
 758 000e 23F48033 		bic	r3, r3, #65536
 759 0012 0360     		str	r3, [r0]
 648:./Libraries/src/stm32f4xx_can.c **** 
 760              		.loc 1 648 1 view .LVU280
 761 0014 7047     		bx	lr
 762              		.cfi_endproc
 763              	.LFE128:
 765              		.section	.text.CAN_TTComModeCmd,"ax",%progbits
 766              		.align	1
 767              		.global	CAN_TTComModeCmd
 768              		.syntax unified
 769              		.thumb
 770              		.thumb_func
 772              	CAN_TTComModeCmd:
 773              	.LVL36:
 774              	.LFB129:
 664:./Libraries/src/stm32f4xx_can.c ****   /* Check the parameters */
 775              		.loc 1 664 1 is_stmt 1 view -0
 776              		.cfi_startproc
 777              		@ args = 0, pretend = 0, frame = 0
 778              		@ frame_needed = 0, uses_anonymous_args = 0
 779              		@ link register save eliminated.
 666:./Libraries/src/stm32f4xx_can.c ****   assert_param(IS_FUNCTIONAL_STATE(NewState));
 780              		.loc 1 666 3 view .LVU282
 667:./Libraries/src/stm32f4xx_can.c ****   if (NewState != DISABLE)
 781              		.loc 1 667 3 view .LVU283
 668:./Libraries/src/stm32f4xx_can.c ****   {
 782              		.loc 1 668 3 view .LVU284
 668:./Libraries/src/stm32f4xx_can.c ****   {
 783              		.loc 1 668 6 is_stmt 0 view .LVU285
 784 0000 B1B1     		cbz	r1, .L61
 671:./Libraries/src/stm32f4xx_can.c **** 
 785              		.loc 1 671 5 is_stmt 1 view .LVU286
 671:./Libraries/src/stm32f4xx_can.c **** 
 786              		.loc 1 671 9 is_stmt 0 view .LVU287
 787 0002 0368     		ldr	r3, [r0]
 671:./Libraries/src/stm32f4xx_can.c **** 
 788              		.loc 1 671 15 view .LVU288
 789 0004 43F08003 		orr	r3, r3, #128
 790 0008 0360     		str	r3, [r0]
 674:./Libraries/src/stm32f4xx_can.c ****     CANx->sTxMailBox[1].TDTR |= ((uint32_t)CAN_TDT1R_TGT);
 791              		.loc 1 674 5 is_stmt 1 view .LVU289
 674:./Libraries/src/stm32f4xx_can.c ****     CANx->sTxMailBox[1].TDTR |= ((uint32_t)CAN_TDT1R_TGT);
 792              		.loc 1 674 24 is_stmt 0 view .LVU290
 793 000a D0F88431 		ldr	r3, [r0, #388]
 674:./Libraries/src/stm32f4xx_can.c ****     CANx->sTxMailBox[1].TDTR |= ((uint32_t)CAN_TDT1R_TGT);
 794              		.loc 1 674 30 view .LVU291
 795 000e 43F48073 		orr	r3, r3, #256
 796 0012 C0F88431 		str	r3, [r0, #388]
 675:./Libraries/src/stm32f4xx_can.c ****     CANx->sTxMailBox[2].TDTR |= ((uint32_t)CAN_TDT2R_TGT);
ARM GAS  /tmp/cclurMk5.s 			page 52


 797              		.loc 1 675 5 is_stmt 1 view .LVU292
 675:./Libraries/src/stm32f4xx_can.c ****     CANx->sTxMailBox[2].TDTR |= ((uint32_t)CAN_TDT2R_TGT);
 798              		.loc 1 675 24 is_stmt 0 view .LVU293
 799 0016 D0F89431 		ldr	r3, [r0, #404]
 675:./Libraries/src/stm32f4xx_can.c ****     CANx->sTxMailBox[2].TDTR |= ((uint32_t)CAN_TDT2R_TGT);
 800              		.loc 1 675 30 view .LVU294
 801 001a 43F48073 		orr	r3, r3, #256
 802 001e C0F89431 		str	r3, [r0, #404]
 676:./Libraries/src/stm32f4xx_can.c ****   }
 803              		.loc 1 676 5 is_stmt 1 view .LVU295
 676:./Libraries/src/stm32f4xx_can.c ****   }
 804              		.loc 1 676 24 is_stmt 0 view .LVU296
 805 0022 D0F8A431 		ldr	r3, [r0, #420]
 676:./Libraries/src/stm32f4xx_can.c ****   }
 806              		.loc 1 676 30 view .LVU297
 807 0026 43F48073 		orr	r3, r3, #256
 808 002a C0F8A431 		str	r3, [r0, #420]
 809 002e 7047     		bx	lr
 810              	.L61:
 681:./Libraries/src/stm32f4xx_can.c **** 
 811              		.loc 1 681 5 is_stmt 1 view .LVU298
 681:./Libraries/src/stm32f4xx_can.c **** 
 812              		.loc 1 681 9 is_stmt 0 view .LVU299
 813 0030 0368     		ldr	r3, [r0]
 681:./Libraries/src/stm32f4xx_can.c **** 
 814              		.loc 1 681 15 view .LVU300
 815 0032 23F08003 		bic	r3, r3, #128
 816 0036 0360     		str	r3, [r0]
 684:./Libraries/src/stm32f4xx_can.c ****     CANx->sTxMailBox[1].TDTR &= ((uint32_t)~CAN_TDT1R_TGT);
 817              		.loc 1 684 5 is_stmt 1 view .LVU301
 684:./Libraries/src/stm32f4xx_can.c ****     CANx->sTxMailBox[1].TDTR &= ((uint32_t)~CAN_TDT1R_TGT);
 818              		.loc 1 684 24 is_stmt 0 view .LVU302
 819 0038 D0F88431 		ldr	r3, [r0, #388]
 684:./Libraries/src/stm32f4xx_can.c ****     CANx->sTxMailBox[1].TDTR &= ((uint32_t)~CAN_TDT1R_TGT);
 820              		.loc 1 684 30 view .LVU303
 821 003c 23F48073 		bic	r3, r3, #256
 822 0040 C0F88431 		str	r3, [r0, #388]
 685:./Libraries/src/stm32f4xx_can.c ****     CANx->sTxMailBox[2].TDTR &= ((uint32_t)~CAN_TDT2R_TGT);
 823              		.loc 1 685 5 is_stmt 1 view .LVU304
 685:./Libraries/src/stm32f4xx_can.c ****     CANx->sTxMailBox[2].TDTR &= ((uint32_t)~CAN_TDT2R_TGT);
 824              		.loc 1 685 24 is_stmt 0 view .LVU305
 825 0044 D0F89431 		ldr	r3, [r0, #404]
 685:./Libraries/src/stm32f4xx_can.c ****     CANx->sTxMailBox[2].TDTR &= ((uint32_t)~CAN_TDT2R_TGT);
 826              		.loc 1 685 30 view .LVU306
 827 0048 23F48073 		bic	r3, r3, #256
 828 004c C0F89431 		str	r3, [r0, #404]
 686:./Libraries/src/stm32f4xx_can.c ****   }
 829              		.loc 1 686 5 is_stmt 1 view .LVU307
 686:./Libraries/src/stm32f4xx_can.c ****   }
 830              		.loc 1 686 24 is_stmt 0 view .LVU308
 831 0050 D0F8A431 		ldr	r3, [r0, #420]
 686:./Libraries/src/stm32f4xx_can.c ****   }
 832              		.loc 1 686 30 view .LVU309
 833 0054 23F48073 		bic	r3, r3, #256
 834 0058 C0F8A431 		str	r3, [r0, #420]
 688:./Libraries/src/stm32f4xx_can.c **** /**
 835              		.loc 1 688 1 view .LVU310
ARM GAS  /tmp/cclurMk5.s 			page 53


 836 005c 7047     		bx	lr
 837              		.cfi_endproc
 838              	.LFE129:
 840              		.section	.text.CAN_Transmit,"ax",%progbits
 841              		.align	1
 842              		.global	CAN_Transmit
 843              		.syntax unified
 844              		.thumb
 845              		.thumb_func
 847              	CAN_Transmit:
 848              	.LVL37:
 849              	.LFB130:
 719:./Libraries/src/stm32f4xx_can.c ****   uint8_t transmit_mailbox = 0;
 850              		.loc 1 719 1 is_stmt 1 view -0
 851              		.cfi_startproc
 852              		@ args = 0, pretend = 0, frame = 0
 853              		@ frame_needed = 0, uses_anonymous_args = 0
 719:./Libraries/src/stm32f4xx_can.c ****   uint8_t transmit_mailbox = 0;
 854              		.loc 1 719 1 is_stmt 0 view .LVU312
 855 0000 0346     		mov	r3, r0
 720:./Libraries/src/stm32f4xx_can.c ****   /* Check the parameters */
 856              		.loc 1 720 3 is_stmt 1 view .LVU313
 857              	.LVL38:
 722:./Libraries/src/stm32f4xx_can.c ****   assert_param(IS_CAN_IDTYPE(TxMessage->IDE));
 858              		.loc 1 722 3 view .LVU314
 723:./Libraries/src/stm32f4xx_can.c ****   assert_param(IS_CAN_RTR(TxMessage->RTR));
 859              		.loc 1 723 3 view .LVU315
 724:./Libraries/src/stm32f4xx_can.c ****   assert_param(IS_CAN_DLC(TxMessage->DLC));
 860              		.loc 1 724 3 view .LVU316
 725:./Libraries/src/stm32f4xx_can.c **** 
 861              		.loc 1 725 3 view .LVU317
 728:./Libraries/src/stm32f4xx_can.c ****   {
 862              		.loc 1 728 3 view .LVU318
 728:./Libraries/src/stm32f4xx_can.c ****   {
 863              		.loc 1 728 12 is_stmt 0 view .LVU319
 864 0002 8268     		ldr	r2, [r0, #8]
 728:./Libraries/src/stm32f4xx_can.c ****   {
 865              		.loc 1 728 6 view .LVU320
 866 0004 12F0806F 		tst	r2, #67108864
 867 0008 09D1     		bne	.L68
 732:./Libraries/src/stm32f4xx_can.c ****   {
 868              		.loc 1 732 8 is_stmt 1 view .LVU321
 732:./Libraries/src/stm32f4xx_can.c ****   {
 869              		.loc 1 732 17 is_stmt 0 view .LVU322
 870 000a 8268     		ldr	r2, [r0, #8]
 732:./Libraries/src/stm32f4xx_can.c ****   {
 871              		.loc 1 732 11 view .LVU323
 872 000c 12F0006F 		tst	r2, #134217728
 873 0010 4FD1     		bne	.L69
 736:./Libraries/src/stm32f4xx_can.c ****   {
 874              		.loc 1 736 8 is_stmt 1 view .LVU324
 736:./Libraries/src/stm32f4xx_can.c ****   {
 875              		.loc 1 736 17 is_stmt 0 view .LVU325
 876 0012 8268     		ldr	r2, [r0, #8]
 736:./Libraries/src/stm32f4xx_can.c ****   {
 877              		.loc 1 736 11 view .LVU326
 878 0014 12F0805F 		tst	r2, #268435456
ARM GAS  /tmp/cclurMk5.s 			page 54


 879 0018 5BD0     		beq	.L70
 738:./Libraries/src/stm32f4xx_can.c ****   }
 880              		.loc 1 738 22 view .LVU327
 881 001a 0220     		movs	r0, #2
 882              	.LVL39:
 738:./Libraries/src/stm32f4xx_can.c ****   }
 883              		.loc 1 738 22 view .LVU328
 884 001c 00E0     		b	.L64
 885              	.LVL40:
 886              	.L68:
 730:./Libraries/src/stm32f4xx_can.c ****   }
 887              		.loc 1 730 22 view .LVU329
 888 001e 0020     		movs	r0, #0
 889              	.LVL41:
 890              	.L64:
 719:./Libraries/src/stm32f4xx_can.c ****   uint8_t transmit_mailbox = 0;
 891              		.loc 1 719 1 view .LVU330
 892 0020 70B5     		push	{r4, r5, r6, lr}
 893              	.LCFI2:
 894              		.cfi_def_cfa_offset 16
 895              		.cfi_offset 4, -16
 896              		.cfi_offset 5, -12
 897              		.cfi_offset 6, -8
 898              		.cfi_offset 14, -4
 899              	.LVL42:
 748:./Libraries/src/stm32f4xx_can.c ****     if (TxMessage->IDE == CAN_Id_Standard)
 900              		.loc 1 748 5 is_stmt 1 view .LVU331
 748:./Libraries/src/stm32f4xx_can.c ****     if (TxMessage->IDE == CAN_Id_Standard)
 901              		.loc 1 748 39 is_stmt 0 view .LVU332
 902 0022 8646     		mov	lr, r0
 903 0024 00F11802 		add	r2, r0, #24
 904 0028 1201     		lsls	r2, r2, #4
 905 002a 9C58     		ldr	r4, [r3, r2]
 748:./Libraries/src/stm32f4xx_can.c ****     if (TxMessage->IDE == CAN_Id_Standard)
 906              		.loc 1 748 44 view .LVU333
 907 002c 04F00104 		and	r4, r4, #1
 908 0030 9C50     		str	r4, [r3, r2]
 749:./Libraries/src/stm32f4xx_can.c ****     {
 909              		.loc 1 749 5 is_stmt 1 view .LVU334
 749:./Libraries/src/stm32f4xx_can.c ****     {
 910              		.loc 1 749 18 is_stmt 0 view .LVU335
 911 0032 0A7A     		ldrb	r2, [r1, #8]	@ zero_extendqisi2
 749:./Libraries/src/stm32f4xx_can.c ****     {
 912              		.loc 1 749 8 view .LVU336
 913 0034 002A     		cmp	r2, #0
 914 0036 3ED1     		bne	.L66
 751:./Libraries/src/stm32f4xx_can.c ****       CANx->sTxMailBox[transmit_mailbox].TIR |= ((TxMessage->StdId << 21) | \
 915              		.loc 1 751 7 is_stmt 1 view .LVU337
 752:./Libraries/src/stm32f4xx_can.c ****                                                   TxMessage->RTR);
 916              		.loc 1 752 7 view .LVU338
 752:./Libraries/src/stm32f4xx_can.c ****                                                   TxMessage->RTR);
 917              		.loc 1 752 41 is_stmt 0 view .LVU339
 918 0038 00F11802 		add	r2, r0, #24
 919 003c 1201     		lsls	r2, r2, #4
 920 003e 9C58     		ldr	r4, [r3, r2]
 753:./Libraries/src/stm32f4xx_can.c ****     }
 921              		.loc 1 753 60 view .LVU340
ARM GAS  /tmp/cclurMk5.s 			page 55


 922 0040 4D7A     		ldrb	r5, [r1, #9]	@ zero_extendqisi2
 752:./Libraries/src/stm32f4xx_can.c ****                                                   TxMessage->RTR);
 923              		.loc 1 752 75 view .LVU341
 924 0042 0E68     		ldr	r6, [r1]
 925 0044 45EA4655 		orr	r5, r5, r6, lsl #21
 752:./Libraries/src/stm32f4xx_can.c ****                                                   TxMessage->RTR);
 926              		.loc 1 752 46 view .LVU342
 927 0048 2C43     		orrs	r4, r4, r5
 928 004a 9C50     		str	r4, [r3, r2]
 929              	.L67:
 764:./Libraries/src/stm32f4xx_can.c ****     CANx->sTxMailBox[transmit_mailbox].TDTR &= (uint32_t)0xFFFFFFF0;
 930              		.loc 1 764 5 is_stmt 1 view .LVU343
 764:./Libraries/src/stm32f4xx_can.c ****     CANx->sTxMailBox[transmit_mailbox].TDTR &= (uint32_t)0xFFFFFFF0;
 931              		.loc 1 764 14 is_stmt 0 view .LVU344
 932 004c 8A7A     		ldrb	r2, [r1, #10]	@ zero_extendqisi2
 764:./Libraries/src/stm32f4xx_can.c ****     CANx->sTxMailBox[transmit_mailbox].TDTR &= (uint32_t)0xFFFFFFF0;
 933              		.loc 1 764 20 view .LVU345
 934 004e 02F00F02 		and	r2, r2, #15
 935 0052 8A72     		strb	r2, [r1, #10]
 765:./Libraries/src/stm32f4xx_can.c ****     CANx->sTxMailBox[transmit_mailbox].TDTR |= TxMessage->DLC;
 936              		.loc 1 765 5 is_stmt 1 view .LVU346
 765:./Libraries/src/stm32f4xx_can.c ****     CANx->sTxMailBox[transmit_mailbox].TDTR |= TxMessage->DLC;
 937              		.loc 1 765 39 is_stmt 0 view .LVU347
 938 0054 0EF11802 		add	r2, lr, #24
 939 0058 4FEA021C 		lsl	ip, r2, #4
 940 005c 03EB0212 		add	r2, r3, r2, lsl #4
 941 0060 5468     		ldr	r4, [r2, #4]
 765:./Libraries/src/stm32f4xx_can.c ****     CANx->sTxMailBox[transmit_mailbox].TDTR |= TxMessage->DLC;
 942              		.loc 1 765 45 view .LVU348
 943 0062 24F00F04 		bic	r4, r4, #15
 944 0066 5460     		str	r4, [r2, #4]
 766:./Libraries/src/stm32f4xx_can.c **** 
 945              		.loc 1 766 5 is_stmt 1 view .LVU349
 766:./Libraries/src/stm32f4xx_can.c **** 
 946              		.loc 1 766 39 is_stmt 0 view .LVU350
 947 0068 5468     		ldr	r4, [r2, #4]
 766:./Libraries/src/stm32f4xx_can.c **** 
 948              		.loc 1 766 57 view .LVU351
 949 006a 8D7A     		ldrb	r5, [r1, #10]	@ zero_extendqisi2
 766:./Libraries/src/stm32f4xx_can.c **** 
 950              		.loc 1 766 45 view .LVU352
 951 006c 2C43     		orrs	r4, r4, r5
 952 006e 5460     		str	r4, [r2, #4]
 769:./Libraries/src/stm32f4xx_can.c ****                                              ((uint32_t)TxMessage->Data[2] << 16) |
 953              		.loc 1 769 5 is_stmt 1 view .LVU353
 769:./Libraries/src/stm32f4xx_can.c ****                                              ((uint32_t)TxMessage->Data[2] << 16) |
 954              		.loc 1 769 74 is_stmt 0 view .LVU354
 955 0070 8C7B     		ldrb	r4, [r1, #14]	@ zero_extendqisi2
 770:./Libraries/src/stm32f4xx_can.c ****                                              ((uint32_t)TxMessage->Data[1] << 8) | 
 956              		.loc 1 770 72 view .LVU355
 957 0072 4A7B     		ldrb	r2, [r1, #13]	@ zero_extendqisi2
 770:./Libraries/src/stm32f4xx_can.c ****                                              ((uint32_t)TxMessage->Data[1] << 8) | 
 958              		.loc 1 770 76 view .LVU356
 959 0074 1204     		lsls	r2, r2, #16
 769:./Libraries/src/stm32f4xx_can.c ****                                              ((uint32_t)TxMessage->Data[2] << 16) |
 960              		.loc 1 769 85 view .LVU357
 961 0076 42EA0462 		orr	r2, r2, r4, lsl #24
ARM GAS  /tmp/cclurMk5.s 			page 56


 771:./Libraries/src/stm32f4xx_can.c ****                                              ((uint32_t)TxMessage->Data[0]));
 962              		.loc 1 771 72 view .LVU358
 963 007a 0C7B     		ldrb	r4, [r1, #12]	@ zero_extendqisi2
 770:./Libraries/src/stm32f4xx_can.c ****                                              ((uint32_t)TxMessage->Data[1] << 8) | 
 964              		.loc 1 770 83 view .LVU359
 965 007c 42EA0422 		orr	r2, r2, r4, lsl #8
 772:./Libraries/src/stm32f4xx_can.c ****     CANx->sTxMailBox[transmit_mailbox].TDHR = (((uint32_t)TxMessage->Data[7] << 24) | 
 966              		.loc 1 772 72 view .LVU360
 967 0080 CC7A     		ldrb	r4, [r1, #11]	@ zero_extendqisi2
 771:./Libraries/src/stm32f4xx_can.c ****                                              ((uint32_t)TxMessage->Data[0]));
 968              		.loc 1 771 82 view .LVU361
 969 0082 2243     		orrs	r2, r2, r4
 769:./Libraries/src/stm32f4xx_can.c ****                                              ((uint32_t)TxMessage->Data[2] << 16) |
 970              		.loc 1 769 45 view .LVU362
 971 0084 03EB0E1E 		add	lr, r3, lr, lsl #4
 972 0088 CEF88821 		str	r2, [lr, #392]
 773:./Libraries/src/stm32f4xx_can.c ****                                              ((uint32_t)TxMessage->Data[6] << 16) |
 973              		.loc 1 773 5 is_stmt 1 view .LVU363
 773:./Libraries/src/stm32f4xx_can.c ****                                              ((uint32_t)TxMessage->Data[6] << 16) |
 974              		.loc 1 773 74 is_stmt 0 view .LVU364
 975 008c 8C7C     		ldrb	r4, [r1, #18]	@ zero_extendqisi2
 774:./Libraries/src/stm32f4xx_can.c ****                                              ((uint32_t)TxMessage->Data[5] << 8) |
 976              		.loc 1 774 72 view .LVU365
 977 008e 4A7C     		ldrb	r2, [r1, #17]	@ zero_extendqisi2
 774:./Libraries/src/stm32f4xx_can.c ****                                              ((uint32_t)TxMessage->Data[5] << 8) |
 978              		.loc 1 774 76 view .LVU366
 979 0090 1204     		lsls	r2, r2, #16
 773:./Libraries/src/stm32f4xx_can.c ****                                              ((uint32_t)TxMessage->Data[6] << 16) |
 980              		.loc 1 773 85 view .LVU367
 981 0092 42EA0462 		orr	r2, r2, r4, lsl #24
 775:./Libraries/src/stm32f4xx_can.c ****                                              ((uint32_t)TxMessage->Data[4]));
 982              		.loc 1 775 72 view .LVU368
 983 0096 0C7C     		ldrb	r4, [r1, #16]	@ zero_extendqisi2
 774:./Libraries/src/stm32f4xx_can.c ****                                              ((uint32_t)TxMessage->Data[5] << 8) |
 984              		.loc 1 774 83 view .LVU369
 985 0098 42EA0422 		orr	r2, r2, r4, lsl #8
 776:./Libraries/src/stm32f4xx_can.c ****     /* Request transmission */
 986              		.loc 1 776 72 view .LVU370
 987 009c C97B     		ldrb	r1, [r1, #15]	@ zero_extendqisi2
 988              	.LVL43:
 775:./Libraries/src/stm32f4xx_can.c ****                                              ((uint32_t)TxMessage->Data[4]));
 989              		.loc 1 775 82 view .LVU371
 990 009e 0A43     		orrs	r2, r2, r1
 773:./Libraries/src/stm32f4xx_can.c ****                                              ((uint32_t)TxMessage->Data[6] << 16) |
 991              		.loc 1 773 45 view .LVU372
 992 00a0 CEF88C21 		str	r2, [lr, #396]
 778:./Libraries/src/stm32f4xx_can.c ****   }
 993              		.loc 1 778 5 is_stmt 1 view .LVU373
 778:./Libraries/src/stm32f4xx_can.c ****   }
 994              		.loc 1 778 39 is_stmt 0 view .LVU374
 995 00a4 53F80C20 		ldr	r2, [r3, ip]
 778:./Libraries/src/stm32f4xx_can.c ****   }
 996              		.loc 1 778 44 view .LVU375
 997 00a8 42F00102 		orr	r2, r2, #1
 998 00ac 43F80C20 		str	r2, [r3, ip]
 780:./Libraries/src/stm32f4xx_can.c **** }
 999              		.loc 1 780 3 is_stmt 1 view .LVU376
ARM GAS  /tmp/cclurMk5.s 			page 57


 781:./Libraries/src/stm32f4xx_can.c **** 
 1000              		.loc 1 781 1 is_stmt 0 view .LVU377
 1001 00b0 70BD     		pop	{r4, r5, r6, pc}
 1002              	.LVL44:
 1003              	.L69:
 1004              	.LCFI3:
 1005              		.cfi_def_cfa_offset 0
 1006              		.cfi_restore 4
 1007              		.cfi_restore 5
 1008              		.cfi_restore 6
 1009              		.cfi_restore 14
 734:./Libraries/src/stm32f4xx_can.c ****   }
 1010              		.loc 1 734 22 view .LVU378
 1011 00b2 0120     		movs	r0, #1
 1012              	.LVL45:
 734:./Libraries/src/stm32f4xx_can.c ****   }
 1013              		.loc 1 734 22 view .LVU379
 1014 00b4 B4E7     		b	.L64
 1015              	.LVL46:
 1016              	.L66:
 1017              	.LCFI4:
 1018              		.cfi_def_cfa_offset 16
 1019              		.cfi_offset 4, -16
 1020              		.cfi_offset 5, -12
 1021              		.cfi_offset 6, -8
 1022              		.cfi_offset 14, -4
 757:./Libraries/src/stm32f4xx_can.c ****       CANx->sTxMailBox[transmit_mailbox].TIR |= ((TxMessage->ExtId << 3) | \
 1023              		.loc 1 757 7 is_stmt 1 view .LVU380
 758:./Libraries/src/stm32f4xx_can.c ****                                                   TxMessage->IDE | \
 1024              		.loc 1 758 7 view .LVU381
 758:./Libraries/src/stm32f4xx_can.c ****                                                   TxMessage->IDE | \
 1025              		.loc 1 758 41 is_stmt 0 view .LVU382
 1026 00b6 00F11804 		add	r4, r0, #24
 1027 00ba 2401     		lsls	r4, r4, #4
 1028 00bc 1D59     		ldr	r5, [r3, r4]
 758:./Libraries/src/stm32f4xx_can.c ****                                                   TxMessage->IDE | \
 1029              		.loc 1 758 74 view .LVU383
 1030 00be 4E68     		ldr	r6, [r1, #4]
 1031 00c0 42EAC602 		orr	r2, r2, r6, lsl #3
 760:./Libraries/src/stm32f4xx_can.c ****     }
 1032              		.loc 1 760 60 view .LVU384
 1033 00c4 91F809C0 		ldrb	ip, [r1, #9]	@ zero_extendqisi2
 759:./Libraries/src/stm32f4xx_can.c ****                                                   TxMessage->RTR);
 1034              		.loc 1 759 66 view .LVU385
 1035 00c8 42EA0C02 		orr	r2, r2, ip
 758:./Libraries/src/stm32f4xx_can.c ****                                                   TxMessage->IDE | \
 1036              		.loc 1 758 46 view .LVU386
 1037 00cc 2A43     		orrs	r2, r2, r5
 1038 00ce 1A51     		str	r2, [r3, r4]
 1039 00d0 BCE7     		b	.L67
 1040              	.LVL47:
 1041              	.L70:
 1042              	.LCFI5:
 1043              		.cfi_def_cfa_offset 0
 1044              		.cfi_restore 4
 1045              		.cfi_restore 5
 1046              		.cfi_restore 6
ARM GAS  /tmp/cclurMk5.s 			page 58


 1047              		.cfi_restore 14
 742:./Libraries/src/stm32f4xx_can.c ****   }
 1048              		.loc 1 742 22 view .LVU387
 1049 00d2 0420     		movs	r0, #4
 1050              	.LVL48:
 780:./Libraries/src/stm32f4xx_can.c **** }
 1051              		.loc 1 780 3 is_stmt 1 view .LVU388
 781:./Libraries/src/stm32f4xx_can.c **** 
 1052              		.loc 1 781 1 is_stmt 0 view .LVU389
 1053 00d4 7047     		bx	lr
 1054              		.cfi_endproc
 1055              	.LFE130:
 1057              		.section	.text.CAN_TransmitStatus,"ax",%progbits
 1058              		.align	1
 1059              		.global	CAN_TransmitStatus
 1060              		.syntax unified
 1061              		.thumb
 1062              		.thumb_func
 1064              	CAN_TransmitStatus:
 1065              	.LVL49:
 1066              	.LFB131:
 792:./Libraries/src/stm32f4xx_can.c ****   uint32_t state = 0;
 1067              		.loc 1 792 1 is_stmt 1 view -0
 1068              		.cfi_startproc
 1069              		@ args = 0, pretend = 0, frame = 0
 1070              		@ frame_needed = 0, uses_anonymous_args = 0
 1071              		@ link register save eliminated.
 793:./Libraries/src/stm32f4xx_can.c **** 
 1072              		.loc 1 793 3 view .LVU391
 796:./Libraries/src/stm32f4xx_can.c ****   assert_param(IS_CAN_TRANSMITMAILBOX(TransmitMailbox));
 1073              		.loc 1 796 3 view .LVU392
 797:./Libraries/src/stm32f4xx_can.c ****  
 1074              		.loc 1 797 3 view .LVU393
 799:./Libraries/src/stm32f4xx_can.c ****   {
 1075              		.loc 1 799 3 view .LVU394
 1076 0000 0129     		cmp	r1, #1
 1077 0002 18D0     		beq	.L75
 1078 0004 0229     		cmp	r1, #2
 1079 0006 1AD0     		beq	.L76
 1080 0008 69BB     		cbnz	r1, .L80
 802:./Libraries/src/stm32f4xx_can.c ****       break;
 1081              		.loc 1 802 7 view .LVU395
 802:./Libraries/src/stm32f4xx_can.c ****       break;
 1082              		.loc 1 802 21 is_stmt 0 view .LVU396
 1083 000a 8368     		ldr	r3, [r0, #8]
 802:./Libraries/src/stm32f4xx_can.c ****       break;
 1084              		.loc 1 802 13 view .LVU397
 1085 000c 23F07B43 		bic	r3, r3, #-83886080
 1086 0010 23F47F03 		bic	r3, r3, #16711680
 1087 0014 23F47F43 		bic	r3, r3, #65280
 1088 0018 23F0FC03 		bic	r3, r3, #252
 1089              	.LVL50:
 803:./Libraries/src/stm32f4xx_can.c ****     case (CAN_TXMAILBOX_1): 
 1090              		.loc 1 803 7 is_stmt 1 view .LVU398
 1091              	.L78:
 814:./Libraries/src/stm32f4xx_can.c ****   {
 1092              		.loc 1 814 3 view .LVU399
ARM GAS  /tmp/cclurMk5.s 			page 59


 1093 001c 1A4A     		ldr	r2, .L88
 1094 001e 9342     		cmp	r3, r2
 1095 0020 23D0     		beq	.L81
 814:./Libraries/src/stm32f4xx_can.c ****   {
 1096              		.loc 1 814 3 is_stmt 0 view .LVU400
 1097 0022 14D8     		bhi	.L79
 1098 0024 194A     		ldr	r2, .L88+4
 1099 0026 9342     		cmp	r3, r2
 1100 0028 21D0     		beq	.L82
 1101 002a 0232     		adds	r2, r2, #2
 1102 002c 9342     		cmp	r3, r2
 1103 002e 20D0     		beq	.L83
 1104 0030 0BBB     		cbnz	r3, .L84
 1105 0032 0220     		movs	r0, #2
 1106              	.LVL51:
 814:./Libraries/src/stm32f4xx_can.c ****   {
 1107              		.loc 1 814 3 view .LVU401
 1108 0034 7047     		bx	lr
 1109              	.LVL52:
 1110              	.L75:
 805:./Libraries/src/stm32f4xx_can.c ****       break;
 1111              		.loc 1 805 7 is_stmt 1 view .LVU402
 805:./Libraries/src/stm32f4xx_can.c ****       break;
 1112              		.loc 1 805 21 is_stmt 0 view .LVU403
 1113 0036 8268     		ldr	r2, [r0, #8]
 805:./Libraries/src/stm32f4xx_can.c ****       break;
 1114              		.loc 1 805 13 view .LVU404
 1115 0038 154B     		ldr	r3, .L88+8
 1116 003a 1340     		ands	r3, r3, r2
 1117              	.LVL53:
 806:./Libraries/src/stm32f4xx_can.c ****     case (CAN_TXMAILBOX_2): 
 1118              		.loc 1 806 7 is_stmt 1 view .LVU405
 1119 003c EEE7     		b	.L78
 1120              	.LVL54:
 1121              	.L76:
 808:./Libraries/src/stm32f4xx_can.c ****       break;
 1122              		.loc 1 808 7 view .LVU406
 808:./Libraries/src/stm32f4xx_can.c ****       break;
 1123              		.loc 1 808 21 is_stmt 0 view .LVU407
 1124 003e 8368     		ldr	r3, [r0, #8]
 808:./Libraries/src/stm32f4xx_can.c ****       break;
 1125              		.loc 1 808 13 view .LVU408
 1126 0040 23F06F43 		bic	r3, r3, #-285212672
 1127 0044 23F47C03 		bic	r3, r3, #16515072
 1128 0048 1B0C     		lsrs	r3, r3, #16
 1129 004a 1B04     		lsls	r3, r3, #16
 1130              	.LVL55:
 809:./Libraries/src/stm32f4xx_can.c ****     default:
 1131              		.loc 1 809 7 is_stmt 1 view .LVU409
 1132 004c E6E7     		b	.L78
 1133              	.L79:
 814:./Libraries/src/stm32f4xx_can.c ****   {
 1134              		.loc 1 814 3 is_stmt 0 view .LVU410
 1135 004e 114A     		ldr	r2, .L88+12
 1136 0050 9342     		cmp	r3, r2
 1137 0052 12D0     		beq	.L85
 1138 0054 02F50032 		add	r2, r2, #131072
ARM GAS  /tmp/cclurMk5.s 			page 60


 1139 0058 9342     		cmp	r3, r2
 1140 005a 10D0     		beq	.L86
 1141 005c 0C4A     		ldr	r2, .L88+8
 1142 005e 9342     		cmp	r3, r2
 1143 0060 0FD1     		bne	.L87
 829:./Libraries/src/stm32f4xx_can.c ****       break;
 1144              		.loc 1 829 63 view .LVU411
 1145 0062 0120     		movs	r0, #1
 1146              	.LVL56:
 829:./Libraries/src/stm32f4xx_can.c ****       break;
 1147              		.loc 1 829 63 view .LVU412
 1148 0064 7047     		bx	lr
 1149              	.LVL57:
 1150              	.L80:
 799:./Libraries/src/stm32f4xx_can.c ****   {
 1151              		.loc 1 799 3 view .LVU413
 1152 0066 0220     		movs	r0, #2
 1153              	.LVL58:
 799:./Libraries/src/stm32f4xx_can.c ****   {
 1154              		.loc 1 799 3 view .LVU414
 1155 0068 7047     		bx	lr
 1156              	.LVL59:
 1157              	.L81:
 822:./Libraries/src/stm32f4xx_can.c ****       break;
 1158              		.loc 1 822 49 view .LVU415
 1159 006a 0020     		movs	r0, #0
 1160              	.LVL60:
 822:./Libraries/src/stm32f4xx_can.c ****       break;
 1161              		.loc 1 822 49 view .LVU416
 1162 006c 7047     		bx	lr
 1163              	.LVL61:
 1164              	.L82:
 820:./Libraries/src/stm32f4xx_can.c ****       break;
 1165              		.loc 1 820 49 view .LVU417
 1166 006e 0020     		movs	r0, #0
 1167              	.LVL62:
 820:./Libraries/src/stm32f4xx_can.c ****       break;
 1168              		.loc 1 820 49 view .LVU418
 1169 0070 7047     		bx	lr
 1170              	.LVL63:
 1171              	.L83:
 827:./Libraries/src/stm32f4xx_can.c ****       break;
 1172              		.loc 1 827 63 view .LVU419
 1173 0072 0120     		movs	r0, #1
 1174              	.LVL64:
 827:./Libraries/src/stm32f4xx_can.c ****       break;
 1175              		.loc 1 827 63 view .LVU420
 1176 0074 7047     		bx	lr
 1177              	.LVL65:
 1178              	.L84:
 833:./Libraries/src/stm32f4xx_can.c ****       break;
 1179              		.loc 1 833 20 view .LVU421
 1180 0076 0020     		movs	r0, #0
 1181              	.LVL66:
 833:./Libraries/src/stm32f4xx_can.c ****       break;
 1182              		.loc 1 833 20 view .LVU422
 1183 0078 7047     		bx	lr
ARM GAS  /tmp/cclurMk5.s 			page 61


 1184              	.LVL67:
 1185              	.L85:
 824:./Libraries/src/stm32f4xx_can.c ****       break;
 1186              		.loc 1 824 49 view .LVU423
 1187 007a 0020     		movs	r0, #0
 1188              	.LVL68:
 824:./Libraries/src/stm32f4xx_can.c ****       break;
 1189              		.loc 1 824 49 view .LVU424
 1190 007c 7047     		bx	lr
 1191              	.LVL69:
 1192              	.L86:
 831:./Libraries/src/stm32f4xx_can.c ****       break;
 1193              		.loc 1 831 63 view .LVU425
 1194 007e 0120     		movs	r0, #1
 1195              	.LVL70:
 831:./Libraries/src/stm32f4xx_can.c ****       break;
 1196              		.loc 1 831 63 view .LVU426
 1197 0080 7047     		bx	lr
 1198              	.LVL71:
 1199              	.L87:
 833:./Libraries/src/stm32f4xx_can.c ****       break;
 1200              		.loc 1 833 20 view .LVU427
 1201 0082 0020     		movs	r0, #0
 1202              	.LVL72:
 836:./Libraries/src/stm32f4xx_can.c **** }
 1203              		.loc 1 836 3 is_stmt 1 view .LVU428
 837:./Libraries/src/stm32f4xx_can.c **** 
 1204              		.loc 1 837 1 is_stmt 0 view .LVU429
 1205 0084 7047     		bx	lr
 1206              	.L89:
 1207 0086 00BF     		.align	2
 1208              	.L88:
 1209 0088 00010008 		.word	134217984
 1210 008c 01000004 		.word	67108865
 1211 0090 00030008 		.word	134218496
 1212 0094 00000110 		.word	268500992
 1213              		.cfi_endproc
 1214              	.LFE131:
 1216              		.section	.text.CAN_CancelTransmit,"ax",%progbits
 1217              		.align	1
 1218              		.global	CAN_CancelTransmit
 1219              		.syntax unified
 1220              		.thumb
 1221              		.thumb_func
 1223              	CAN_CancelTransmit:
 1224              	.LVL73:
 1225              	.LFB132:
 847:./Libraries/src/stm32f4xx_can.c ****   /* Check the parameters */
 1226              		.loc 1 847 1 is_stmt 1 view -0
 1227              		.cfi_startproc
 1228              		@ args = 0, pretend = 0, frame = 0
 1229              		@ frame_needed = 0, uses_anonymous_args = 0
 1230              		@ link register save eliminated.
 849:./Libraries/src/stm32f4xx_can.c ****   assert_param(IS_CAN_TRANSMITMAILBOX(Mailbox));
 1231              		.loc 1 849 3 view .LVU431
 850:./Libraries/src/stm32f4xx_can.c ****   /* abort transmission */
 1232              		.loc 1 850 3 view .LVU432
ARM GAS  /tmp/cclurMk5.s 			page 62


 852:./Libraries/src/stm32f4xx_can.c ****   {
 1233              		.loc 1 852 3 view .LVU433
 1234 0000 0129     		cmp	r1, #1
 1235 0002 07D0     		beq	.L91
 1236 0004 0229     		cmp	r1, #2
 1237 0006 0AD0     		beq	.L92
 1238 0008 69B9     		cbnz	r1, .L90
 854:./Libraries/src/stm32f4xx_can.c ****       break;
 1239              		.loc 1 854 29 view .LVU434
 854:./Libraries/src/stm32f4xx_can.c ****       break;
 1240              		.loc 1 854 33 is_stmt 0 view .LVU435
 1241 000a 8368     		ldr	r3, [r0, #8]
 854:./Libraries/src/stm32f4xx_can.c ****       break;
 1242              		.loc 1 854 39 view .LVU436
 1243 000c 43F08003 		orr	r3, r3, #128
 1244 0010 8360     		str	r3, [r0, #8]
 855:./Libraries/src/stm32f4xx_can.c ****     case (CAN_TXMAILBOX_1): CANx->TSR |= CAN_TSR_ABRQ1;
 1245              		.loc 1 855 7 is_stmt 1 view .LVU437
 1246 0012 7047     		bx	lr
 1247              	.L91:
 856:./Libraries/src/stm32f4xx_can.c ****       break;
 1248              		.loc 1 856 29 view .LVU438
 856:./Libraries/src/stm32f4xx_can.c ****       break;
 1249              		.loc 1 856 33 is_stmt 0 view .LVU439
 1250 0014 8368     		ldr	r3, [r0, #8]
 856:./Libraries/src/stm32f4xx_can.c ****       break;
 1251              		.loc 1 856 39 view .LVU440
 1252 0016 43F40043 		orr	r3, r3, #32768
 1253 001a 8360     		str	r3, [r0, #8]
 857:./Libraries/src/stm32f4xx_can.c ****     case (CAN_TXMAILBOX_2): CANx->TSR |= CAN_TSR_ABRQ2;
 1254              		.loc 1 857 7 is_stmt 1 view .LVU441
 1255 001c 7047     		bx	lr
 1256              	.L92:
 858:./Libraries/src/stm32f4xx_can.c ****       break;
 1257              		.loc 1 858 29 view .LVU442
 858:./Libraries/src/stm32f4xx_can.c ****       break;
 1258              		.loc 1 858 33 is_stmt 0 view .LVU443
 1259 001e 8368     		ldr	r3, [r0, #8]
 858:./Libraries/src/stm32f4xx_can.c ****       break;
 1260              		.loc 1 858 39 view .LVU444
 1261 0020 43F40003 		orr	r3, r3, #8388608
 1262 0024 8360     		str	r3, [r0, #8]
 859:./Libraries/src/stm32f4xx_can.c ****     default:
 1263              		.loc 1 859 7 is_stmt 1 view .LVU445
 1264              	.L90:
 863:./Libraries/src/stm32f4xx_can.c **** /**
 1265              		.loc 1 863 1 is_stmt 0 view .LVU446
 1266 0026 7047     		bx	lr
 1267              		.cfi_endproc
 1268              	.LFE132:
 1270              		.section	.text.CAN_Receive,"ax",%progbits
 1271              		.align	1
 1272              		.global	CAN_Receive
 1273              		.syntax unified
 1274              		.thumb
 1275              		.thumb_func
 1277              	CAN_Receive:
ARM GAS  /tmp/cclurMk5.s 			page 63


 1278              	.LVL74:
 1279              	.LFB133:
 895:./Libraries/src/stm32f4xx_can.c ****   /* Check the parameters */
 1280              		.loc 1 895 1 is_stmt 1 view -0
 1281              		.cfi_startproc
 1282              		@ args = 0, pretend = 0, frame = 0
 1283              		@ frame_needed = 0, uses_anonymous_args = 0
 1284              		@ link register save eliminated.
 895:./Libraries/src/stm32f4xx_can.c ****   /* Check the parameters */
 1285              		.loc 1 895 1 is_stmt 0 view .LVU448
 1286 0000 10B4     		push	{r4}
 1287              	.LCFI6:
 1288              		.cfi_def_cfa_offset 4
 1289              		.cfi_offset 4, -4
 897:./Libraries/src/stm32f4xx_can.c ****   assert_param(IS_CAN_FIFO(FIFONumber));
 1290              		.loc 1 897 3 is_stmt 1 view .LVU449
 898:./Libraries/src/stm32f4xx_can.c ****   /* Get the Id */
 1291              		.loc 1 898 3 view .LVU450
 900:./Libraries/src/stm32f4xx_can.c ****   if (RxMessage->IDE == CAN_Id_Standard)
 1292              		.loc 1 900 3 view .LVU451
 900:./Libraries/src/stm32f4xx_can.c ****   if (RxMessage->IDE == CAN_Id_Standard)
 1293              		.loc 1 900 66 is_stmt 0 view .LVU452
 1294 0002 01F11B03 		add	r3, r1, #27
 1295 0006 1B01     		lsls	r3, r3, #4
 1296 0008 C358     		ldr	r3, [r0, r3]
 900:./Libraries/src/stm32f4xx_can.c ****   if (RxMessage->IDE == CAN_Id_Standard)
 1297              		.loc 1 900 34 view .LVU453
 1298 000a 03F00403 		and	r3, r3, #4
 900:./Libraries/src/stm32f4xx_can.c ****   if (RxMessage->IDE == CAN_Id_Standard)
 1299              		.loc 1 900 18 view .LVU454
 1300 000e 1372     		strb	r3, [r2, #8]
 901:./Libraries/src/stm32f4xx_can.c ****   {
 1301              		.loc 1 901 3 is_stmt 1 view .LVU455
 901:./Libraries/src/stm32f4xx_can.c ****   {
 1302              		.loc 1 901 6 is_stmt 0 view .LVU456
 1303 0010 002B     		cmp	r3, #0
 1304 0012 3FD1     		bne	.L95
 903:./Libraries/src/stm32f4xx_can.c ****   }
 1305              		.loc 1 903 5 is_stmt 1 view .LVU457
 903:./Libraries/src/stm32f4xx_can.c ****   }
 1306              		.loc 1 903 78 is_stmt 0 view .LVU458
 1307 0014 01F11B03 		add	r3, r1, #27
 1308 0018 1B01     		lsls	r3, r3, #4
 1309 001a C358     		ldr	r3, [r0, r3]
 903:./Libraries/src/stm32f4xx_can.c ****   }
 1310              		.loc 1 903 83 view .LVU459
 1311 001c 5B0D     		lsrs	r3, r3, #21
 903:./Libraries/src/stm32f4xx_can.c ****   }
 1312              		.loc 1 903 22 view .LVU460
 1313 001e 1360     		str	r3, [r2]
 1314              	.L96:
 910:./Libraries/src/stm32f4xx_can.c ****   /* Get the DLC */
 1315              		.loc 1 910 3 is_stmt 1 view .LVU461
 910:./Libraries/src/stm32f4xx_can.c ****   /* Get the DLC */
 1316              		.loc 1 910 66 is_stmt 0 view .LVU462
 1317 0020 01F11B03 		add	r3, r1, #27
 1318 0024 1C01     		lsls	r4, r3, #4
ARM GAS  /tmp/cclurMk5.s 			page 64


 1319 0026 00EB0313 		add	r3, r0, r3, lsl #4
 1320 002a 0459     		ldr	r4, [r0, r4]
 910:./Libraries/src/stm32f4xx_can.c ****   /* Get the DLC */
 1321              		.loc 1 910 34 view .LVU463
 1322 002c 04F00204 		and	r4, r4, #2
 910:./Libraries/src/stm32f4xx_can.c ****   /* Get the DLC */
 1323              		.loc 1 910 18 view .LVU464
 1324 0030 5472     		strb	r4, [r2, #9]
 912:./Libraries/src/stm32f4xx_can.c ****   /* Get the FMI */
 1325              		.loc 1 912 3 is_stmt 1 view .LVU465
 912:./Libraries/src/stm32f4xx_can.c ****   /* Get the FMI */
 1326              		.loc 1 912 66 is_stmt 0 view .LVU466
 1327 0032 5C68     		ldr	r4, [r3, #4]
 912:./Libraries/src/stm32f4xx_can.c ****   /* Get the FMI */
 1328              		.loc 1 912 34 view .LVU467
 1329 0034 04F00F04 		and	r4, r4, #15
 912:./Libraries/src/stm32f4xx_can.c ****   /* Get the FMI */
 1330              		.loc 1 912 18 view .LVU468
 1331 0038 9472     		strb	r4, [r2, #10]
 914:./Libraries/src/stm32f4xx_can.c ****   /* Get the data field */
 1332              		.loc 1 914 3 is_stmt 1 view .LVU469
 914:./Libraries/src/stm32f4xx_can.c ****   /* Get the data field */
 1333              		.loc 1 914 67 is_stmt 0 view .LVU470
 1334 003a 5B68     		ldr	r3, [r3, #4]
 914:./Libraries/src/stm32f4xx_can.c ****   /* Get the data field */
 1335              		.loc 1 914 73 view .LVU471
 1336 003c 1B0A     		lsrs	r3, r3, #8
 914:./Libraries/src/stm32f4xx_can.c ****   /* Get the data field */
 1337              		.loc 1 914 18 view .LVU472
 1338 003e D374     		strb	r3, [r2, #19]
 916:./Libraries/src/stm32f4xx_can.c ****   RxMessage->Data[1] = (uint8_t)0xFF & (CANx->sFIFOMailBox[FIFONumber].RDLR >> 8);
 1339              		.loc 1 916 3 is_stmt 1 view .LVU473
 916:./Libraries/src/stm32f4xx_can.c ****   RxMessage->Data[1] = (uint8_t)0xFF & (CANx->sFIFOMailBox[FIFONumber].RDLR >> 8);
 1340              		.loc 1 916 70 is_stmt 0 view .LVU474
 1341 0040 00EB0113 		add	r3, r0, r1, lsl #4
 1342 0044 D3F8B841 		ldr	r4, [r3, #440]
 916:./Libraries/src/stm32f4xx_can.c ****   RxMessage->Data[1] = (uint8_t)0xFF & (CANx->sFIFOMailBox[FIFONumber].RDLR >> 8);
 1343              		.loc 1 916 22 view .LVU475
 1344 0048 D472     		strb	r4, [r2, #11]
 917:./Libraries/src/stm32f4xx_can.c ****   RxMessage->Data[2] = (uint8_t)0xFF & (CANx->sFIFOMailBox[FIFONumber].RDLR >> 16);
 1345              		.loc 1 917 3 is_stmt 1 view .LVU476
 917:./Libraries/src/stm32f4xx_can.c ****   RxMessage->Data[2] = (uint8_t)0xFF & (CANx->sFIFOMailBox[FIFONumber].RDLR >> 16);
 1346              		.loc 1 917 71 is_stmt 0 view .LVU477
 1347 004a D3F8B841 		ldr	r4, [r3, #440]
 917:./Libraries/src/stm32f4xx_can.c ****   RxMessage->Data[2] = (uint8_t)0xFF & (CANx->sFIFOMailBox[FIFONumber].RDLR >> 16);
 1348              		.loc 1 917 77 view .LVU478
 1349 004e 240A     		lsrs	r4, r4, #8
 917:./Libraries/src/stm32f4xx_can.c ****   RxMessage->Data[2] = (uint8_t)0xFF & (CANx->sFIFOMailBox[FIFONumber].RDLR >> 16);
 1350              		.loc 1 917 22 view .LVU479
 1351 0050 1473     		strb	r4, [r2, #12]
 918:./Libraries/src/stm32f4xx_can.c ****   RxMessage->Data[3] = (uint8_t)0xFF & (CANx->sFIFOMailBox[FIFONumber].RDLR >> 24);
 1352              		.loc 1 918 3 is_stmt 1 view .LVU480
 918:./Libraries/src/stm32f4xx_can.c ****   RxMessage->Data[3] = (uint8_t)0xFF & (CANx->sFIFOMailBox[FIFONumber].RDLR >> 24);
 1353              		.loc 1 918 71 is_stmt 0 view .LVU481
 1354 0052 D3F8B841 		ldr	r4, [r3, #440]
 918:./Libraries/src/stm32f4xx_can.c ****   RxMessage->Data[3] = (uint8_t)0xFF & (CANx->sFIFOMailBox[FIFONumber].RDLR >> 24);
 1355              		.loc 1 918 77 view .LVU482
ARM GAS  /tmp/cclurMk5.s 			page 65


 1356 0056 240C     		lsrs	r4, r4, #16
 918:./Libraries/src/stm32f4xx_can.c ****   RxMessage->Data[3] = (uint8_t)0xFF & (CANx->sFIFOMailBox[FIFONumber].RDLR >> 24);
 1357              		.loc 1 918 22 view .LVU483
 1358 0058 5473     		strb	r4, [r2, #13]
 919:./Libraries/src/stm32f4xx_can.c ****   RxMessage->Data[4] = (uint8_t)0xFF & CANx->sFIFOMailBox[FIFONumber].RDHR;
 1359              		.loc 1 919 3 is_stmt 1 view .LVU484
 919:./Libraries/src/stm32f4xx_can.c ****   RxMessage->Data[4] = (uint8_t)0xFF & CANx->sFIFOMailBox[FIFONumber].RDHR;
 1360              		.loc 1 919 71 is_stmt 0 view .LVU485
 1361 005a D3F8B841 		ldr	r4, [r3, #440]
 919:./Libraries/src/stm32f4xx_can.c ****   RxMessage->Data[4] = (uint8_t)0xFF & CANx->sFIFOMailBox[FIFONumber].RDHR;
 1362              		.loc 1 919 77 view .LVU486
 1363 005e 240E     		lsrs	r4, r4, #24
 919:./Libraries/src/stm32f4xx_can.c ****   RxMessage->Data[4] = (uint8_t)0xFF & CANx->sFIFOMailBox[FIFONumber].RDHR;
 1364              		.loc 1 919 22 view .LVU487
 1365 0060 9473     		strb	r4, [r2, #14]
 920:./Libraries/src/stm32f4xx_can.c ****   RxMessage->Data[5] = (uint8_t)0xFF & (CANx->sFIFOMailBox[FIFONumber].RDHR >> 8);
 1366              		.loc 1 920 3 is_stmt 1 view .LVU488
 920:./Libraries/src/stm32f4xx_can.c ****   RxMessage->Data[5] = (uint8_t)0xFF & (CANx->sFIFOMailBox[FIFONumber].RDHR >> 8);
 1367              		.loc 1 920 70 is_stmt 0 view .LVU489
 1368 0062 D3F8BC41 		ldr	r4, [r3, #444]
 920:./Libraries/src/stm32f4xx_can.c ****   RxMessage->Data[5] = (uint8_t)0xFF & (CANx->sFIFOMailBox[FIFONumber].RDHR >> 8);
 1369              		.loc 1 920 22 view .LVU490
 1370 0066 D473     		strb	r4, [r2, #15]
 921:./Libraries/src/stm32f4xx_can.c ****   RxMessage->Data[6] = (uint8_t)0xFF & (CANx->sFIFOMailBox[FIFONumber].RDHR >> 16);
 1371              		.loc 1 921 3 is_stmt 1 view .LVU491
 921:./Libraries/src/stm32f4xx_can.c ****   RxMessage->Data[6] = (uint8_t)0xFF & (CANx->sFIFOMailBox[FIFONumber].RDHR >> 16);
 1372              		.loc 1 921 71 is_stmt 0 view .LVU492
 1373 0068 D3F8BC41 		ldr	r4, [r3, #444]
 921:./Libraries/src/stm32f4xx_can.c ****   RxMessage->Data[6] = (uint8_t)0xFF & (CANx->sFIFOMailBox[FIFONumber].RDHR >> 16);
 1374              		.loc 1 921 77 view .LVU493
 1375 006c 240A     		lsrs	r4, r4, #8
 921:./Libraries/src/stm32f4xx_can.c ****   RxMessage->Data[6] = (uint8_t)0xFF & (CANx->sFIFOMailBox[FIFONumber].RDHR >> 16);
 1376              		.loc 1 921 22 view .LVU494
 1377 006e 1474     		strb	r4, [r2, #16]
 922:./Libraries/src/stm32f4xx_can.c ****   RxMessage->Data[7] = (uint8_t)0xFF & (CANx->sFIFOMailBox[FIFONumber].RDHR >> 24);
 1378              		.loc 1 922 3 is_stmt 1 view .LVU495
 922:./Libraries/src/stm32f4xx_can.c ****   RxMessage->Data[7] = (uint8_t)0xFF & (CANx->sFIFOMailBox[FIFONumber].RDHR >> 24);
 1379              		.loc 1 922 71 is_stmt 0 view .LVU496
 1380 0070 D3F8BC41 		ldr	r4, [r3, #444]
 922:./Libraries/src/stm32f4xx_can.c ****   RxMessage->Data[7] = (uint8_t)0xFF & (CANx->sFIFOMailBox[FIFONumber].RDHR >> 24);
 1381              		.loc 1 922 77 view .LVU497
 1382 0074 4FEA144C 		lsr	ip, r4, #16
 922:./Libraries/src/stm32f4xx_can.c ****   RxMessage->Data[7] = (uint8_t)0xFF & (CANx->sFIFOMailBox[FIFONumber].RDHR >> 24);
 1383              		.loc 1 922 22 view .LVU498
 1384 0078 82F811C0 		strb	ip, [r2, #17]
 923:./Libraries/src/stm32f4xx_can.c ****   /* Release the FIFO */
 1385              		.loc 1 923 3 is_stmt 1 view .LVU499
 923:./Libraries/src/stm32f4xx_can.c ****   /* Release the FIFO */
 1386              		.loc 1 923 71 is_stmt 0 view .LVU500
 1387 007c D3F8BC31 		ldr	r3, [r3, #444]
 923:./Libraries/src/stm32f4xx_can.c ****   /* Release the FIFO */
 1388              		.loc 1 923 77 view .LVU501
 1389 0080 1B0E     		lsrs	r3, r3, #24
 923:./Libraries/src/stm32f4xx_can.c ****   /* Release the FIFO */
 1390              		.loc 1 923 22 view .LVU502
 1391 0082 9374     		strb	r3, [r2, #18]
 926:./Libraries/src/stm32f4xx_can.c ****   {
ARM GAS  /tmp/cclurMk5.s 			page 66


 1392              		.loc 1 926 3 is_stmt 1 view .LVU503
 926:./Libraries/src/stm32f4xx_can.c ****   {
 1393              		.loc 1 926 6 is_stmt 0 view .LVU504
 1394 0084 69B9     		cbnz	r1, .L97
 928:./Libraries/src/stm32f4xx_can.c ****   }
 1395              		.loc 1 928 5 is_stmt 1 view .LVU505
 928:./Libraries/src/stm32f4xx_can.c ****   }
 1396              		.loc 1 928 9 is_stmt 0 view .LVU506
 1397 0086 C368     		ldr	r3, [r0, #12]
 928:./Libraries/src/stm32f4xx_can.c ****   }
 1398              		.loc 1 928 16 view .LVU507
 1399 0088 43F02003 		orr	r3, r3, #32
 1400 008c C360     		str	r3, [r0, #12]
 1401              	.L94:
 935:./Libraries/src/stm32f4xx_can.c **** 
 1402              		.loc 1 935 1 view .LVU508
 1403 008e 5DF8044B 		ldr	r4, [sp], #4
 1404              	.LCFI7:
 1405              		.cfi_remember_state
 1406              		.cfi_restore 4
 1407              		.cfi_def_cfa_offset 0
 1408 0092 7047     		bx	lr
 1409              	.L95:
 1410              	.LCFI8:
 1411              		.cfi_restore_state
 907:./Libraries/src/stm32f4xx_can.c ****   }
 1412              		.loc 1 907 5 is_stmt 1 view .LVU509
 907:./Libraries/src/stm32f4xx_can.c ****   }
 1413              		.loc 1 907 78 is_stmt 0 view .LVU510
 1414 0094 01F11B03 		add	r3, r1, #27
 1415 0098 1B01     		lsls	r3, r3, #4
 1416 009a C358     		ldr	r3, [r0, r3]
 907:./Libraries/src/stm32f4xx_can.c ****   }
 1417              		.loc 1 907 83 view .LVU511
 1418 009c DB08     		lsrs	r3, r3, #3
 907:./Libraries/src/stm32f4xx_can.c ****   }
 1419              		.loc 1 907 22 view .LVU512
 1420 009e 5360     		str	r3, [r2, #4]
 1421 00a0 BEE7     		b	.L96
 1422              	.L97:
 933:./Libraries/src/stm32f4xx_can.c ****   }
 1423              		.loc 1 933 5 is_stmt 1 view .LVU513
 933:./Libraries/src/stm32f4xx_can.c ****   }
 1424              		.loc 1 933 9 is_stmt 0 view .LVU514
 1425 00a2 0369     		ldr	r3, [r0, #16]
 933:./Libraries/src/stm32f4xx_can.c ****   }
 1426              		.loc 1 933 16 view .LVU515
 1427 00a4 43F02003 		orr	r3, r3, #32
 1428 00a8 0361     		str	r3, [r0, #16]
 935:./Libraries/src/stm32f4xx_can.c **** 
 1429              		.loc 1 935 1 view .LVU516
 1430 00aa F0E7     		b	.L94
 1431              		.cfi_endproc
 1432              	.LFE133:
 1434              		.section	.text.CAN_FIFORelease,"ax",%progbits
 1435              		.align	1
 1436              		.global	CAN_FIFORelease
ARM GAS  /tmp/cclurMk5.s 			page 67


 1437              		.syntax unified
 1438              		.thumb
 1439              		.thumb_func
 1441              	CAN_FIFORelease:
 1442              	.LVL75:
 1443              	.LFB134:
 945:./Libraries/src/stm32f4xx_can.c ****   /* Check the parameters */
 1444              		.loc 1 945 1 is_stmt 1 view -0
 1445              		.cfi_startproc
 1446              		@ args = 0, pretend = 0, frame = 0
 1447              		@ frame_needed = 0, uses_anonymous_args = 0
 1448              		@ link register save eliminated.
 947:./Libraries/src/stm32f4xx_can.c ****   assert_param(IS_CAN_FIFO(FIFONumber));
 1449              		.loc 1 947 3 view .LVU518
 948:./Libraries/src/stm32f4xx_can.c ****   /* Release FIFO0 */
 1450              		.loc 1 948 3 view .LVU519
 950:./Libraries/src/stm32f4xx_can.c ****   {
 1451              		.loc 1 950 3 view .LVU520
 950:./Libraries/src/stm32f4xx_can.c ****   {
 1452              		.loc 1 950 6 is_stmt 0 view .LVU521
 1453 0000 21B9     		cbnz	r1, .L101
 952:./Libraries/src/stm32f4xx_can.c ****   }
 1454              		.loc 1 952 5 is_stmt 1 view .LVU522
 952:./Libraries/src/stm32f4xx_can.c ****   }
 1455              		.loc 1 952 9 is_stmt 0 view .LVU523
 1456 0002 C368     		ldr	r3, [r0, #12]
 952:./Libraries/src/stm32f4xx_can.c ****   }
 1457              		.loc 1 952 16 view .LVU524
 1458 0004 43F02003 		orr	r3, r3, #32
 1459 0008 C360     		str	r3, [r0, #12]
 1460 000a 7047     		bx	lr
 1461              	.L101:
 957:./Libraries/src/stm32f4xx_can.c ****   }
 1462              		.loc 1 957 5 is_stmt 1 view .LVU525
 957:./Libraries/src/stm32f4xx_can.c ****   }
 1463              		.loc 1 957 9 is_stmt 0 view .LVU526
 1464 000c 0369     		ldr	r3, [r0, #16]
 957:./Libraries/src/stm32f4xx_can.c ****   }
 1465              		.loc 1 957 16 view .LVU527
 1466 000e 43F02003 		orr	r3, r3, #32
 1467 0012 0361     		str	r3, [r0, #16]
 959:./Libraries/src/stm32f4xx_can.c **** 
 1468              		.loc 1 959 1 view .LVU528
 1469 0014 7047     		bx	lr
 1470              		.cfi_endproc
 1471              	.LFE134:
 1473              		.section	.text.CAN_MessagePending,"ax",%progbits
 1474              		.align	1
 1475              		.global	CAN_MessagePending
 1476              		.syntax unified
 1477              		.thumb
 1478              		.thumb_func
 1480              	CAN_MessagePending:
 1481              	.LVL76:
 1482              	.LFB135:
 969:./Libraries/src/stm32f4xx_can.c ****   uint8_t message_pending=0;
 1483              		.loc 1 969 1 is_stmt 1 view -0
ARM GAS  /tmp/cclurMk5.s 			page 68


 1484              		.cfi_startproc
 1485              		@ args = 0, pretend = 0, frame = 0
 1486              		@ frame_needed = 0, uses_anonymous_args = 0
 1487              		@ link register save eliminated.
 970:./Libraries/src/stm32f4xx_can.c ****   /* Check the parameters */
 1488              		.loc 1 970 3 view .LVU530
 972:./Libraries/src/stm32f4xx_can.c ****   assert_param(IS_CAN_FIFO(FIFONumber));
 1489              		.loc 1 972 3 view .LVU531
 973:./Libraries/src/stm32f4xx_can.c ****   if (FIFONumber == CAN_FIFO0)
 1490              		.loc 1 973 3 view .LVU532
 974:./Libraries/src/stm32f4xx_can.c ****   {
 1491              		.loc 1 974 3 view .LVU533
 974:./Libraries/src/stm32f4xx_can.c ****   {
 1492              		.loc 1 974 6 is_stmt 0 view .LVU534
 1493 0000 19B9     		cbnz	r1, .L104
 976:./Libraries/src/stm32f4xx_can.c ****   }
 1494              		.loc 1 976 5 is_stmt 1 view .LVU535
 976:./Libraries/src/stm32f4xx_can.c ****   }
 1495              		.loc 1 976 37 is_stmt 0 view .LVU536
 1496 0002 C068     		ldr	r0, [r0, #12]
 1497              	.LVL77:
 976:./Libraries/src/stm32f4xx_can.c ****   }
 1498              		.loc 1 976 21 view .LVU537
 1499 0004 00F00300 		and	r0, r0, #3
 1500              	.LVL78:
 976:./Libraries/src/stm32f4xx_can.c ****   }
 1501              		.loc 1 976 21 view .LVU538
 1502 0008 7047     		bx	lr
 1503              	.LVL79:
 1504              	.L104:
 978:./Libraries/src/stm32f4xx_can.c ****   {
 1505              		.loc 1 978 8 is_stmt 1 view .LVU539
 978:./Libraries/src/stm32f4xx_can.c ****   {
 1506              		.loc 1 978 11 is_stmt 0 view .LVU540
 1507 000a 0129     		cmp	r1, #1
 1508 000c 01D0     		beq	.L107
 984:./Libraries/src/stm32f4xx_can.c ****   }
 1509              		.loc 1 984 21 view .LVU541
 1510 000e 0020     		movs	r0, #0
 1511              	.LVL80:
 986:./Libraries/src/stm32f4xx_can.c **** }
 1512              		.loc 1 986 3 is_stmt 1 view .LVU542
 987:./Libraries/src/stm32f4xx_can.c **** /**
 1513              		.loc 1 987 1 is_stmt 0 view .LVU543
 1514 0010 7047     		bx	lr
 1515              	.LVL81:
 1516              	.L107:
 980:./Libraries/src/stm32f4xx_can.c ****   }
 1517              		.loc 1 980 5 is_stmt 1 view .LVU544
 980:./Libraries/src/stm32f4xx_can.c ****   }
 1518              		.loc 1 980 37 is_stmt 0 view .LVU545
 1519 0012 0069     		ldr	r0, [r0, #16]
 1520              	.LVL82:
 980:./Libraries/src/stm32f4xx_can.c ****   }
 1521              		.loc 1 980 21 view .LVU546
 1522 0014 00F00300 		and	r0, r0, #3
 1523              	.LVL83:
ARM GAS  /tmp/cclurMk5.s 			page 69


 980:./Libraries/src/stm32f4xx_can.c ****   }
 1524              		.loc 1 980 21 view .LVU547
 1525 0018 7047     		bx	lr
 1526              		.cfi_endproc
 1527              	.LFE135:
 1529              		.section	.text.CAN_OperatingModeRequest,"ax",%progbits
 1530              		.align	1
 1531              		.global	CAN_OperatingModeRequest
 1532              		.syntax unified
 1533              		.thumb
 1534              		.thumb_func
 1536              	CAN_OperatingModeRequest:
 1537              	.LVL84:
 1538              	.LFB136:
1019:./Libraries/src/stm32f4xx_can.c ****   uint8_t status = CAN_ModeStatus_Failed;
 1539              		.loc 1 1019 1 is_stmt 1 view -0
 1540              		.cfi_startproc
 1541              		@ args = 0, pretend = 0, frame = 0
 1542              		@ frame_needed = 0, uses_anonymous_args = 0
 1543              		@ link register save eliminated.
1020:./Libraries/src/stm32f4xx_can.c ****   
 1544              		.loc 1 1020 3 view .LVU549
1023:./Libraries/src/stm32f4xx_can.c **** 
 1545              		.loc 1 1023 3 view .LVU550
1026:./Libraries/src/stm32f4xx_can.c ****   assert_param(IS_CAN_OPERATING_MODE(CAN_OperatingMode));
 1546              		.loc 1 1026 3 view .LVU551
1027:./Libraries/src/stm32f4xx_can.c **** 
 1547              		.loc 1 1027 3 view .LVU552
1029:./Libraries/src/stm32f4xx_can.c ****   {
 1548              		.loc 1 1029 3 view .LVU553
1029:./Libraries/src/stm32f4xx_can.c ****   {
 1549              		.loc 1 1029 6 is_stmt 0 view .LVU554
 1550 0000 8C46     		mov	ip, r1
 1551 0002 B1B9     		cbnz	r1, .L109
1032:./Libraries/src/stm32f4xx_can.c **** 
 1552              		.loc 1 1032 5 is_stmt 1 view .LVU555
1032:./Libraries/src/stm32f4xx_can.c **** 
 1553              		.loc 1 1032 33 is_stmt 0 view .LVU556
 1554 0004 0368     		ldr	r3, [r0]
1032:./Libraries/src/stm32f4xx_can.c **** 
 1555              		.loc 1 1032 17 view .LVU557
 1556 0006 23F00303 		bic	r3, r3, #3
 1557 000a 43F00103 		orr	r3, r3, #1
1032:./Libraries/src/stm32f4xx_can.c **** 
 1558              		.loc 1 1032 15 view .LVU558
 1559 000e 0360     		str	r3, [r0]
1035:./Libraries/src/stm32f4xx_can.c ****     {
 1560              		.loc 1 1035 5 is_stmt 1 view .LVU559
1023:./Libraries/src/stm32f4xx_can.c **** 
 1561              		.loc 1 1023 12 is_stmt 0 view .LVU560
 1562 0010 4FF6FF72 		movw	r2, #65535
 1563              	.LVL85:
 1564              	.L110:
1035:./Libraries/src/stm32f4xx_can.c ****     {
 1565              		.loc 1 1035 58 is_stmt 1 view .LVU561
1035:./Libraries/src/stm32f4xx_can.c ****     {
 1566              		.loc 1 1035 18 is_stmt 0 view .LVU562
ARM GAS  /tmp/cclurMk5.s 			page 70


 1567 0014 4368     		ldr	r3, [r0, #4]
1035:./Libraries/src/stm32f4xx_can.c ****     {
 1568              		.loc 1 1035 24 view .LVU563
 1569 0016 03F00303 		and	r3, r3, #3
1035:./Libraries/src/stm32f4xx_can.c ****     {
 1570              		.loc 1 1035 58 view .LVU564
 1571 001a 012B     		cmp	r3, #1
 1572 001c 02D0     		beq	.L111
1035:./Libraries/src/stm32f4xx_can.c ****     {
 1573              		.loc 1 1035 58 discriminator 1 view .LVU565
 1574 001e 0AB1     		cbz	r2, .L111
1037:./Libraries/src/stm32f4xx_can.c ****     }
 1575              		.loc 1 1037 7 is_stmt 1 view .LVU566
1037:./Libraries/src/stm32f4xx_can.c ****     }
 1576              		.loc 1 1037 14 is_stmt 0 view .LVU567
 1577 0020 013A     		subs	r2, r2, #1
 1578              	.LVL86:
1037:./Libraries/src/stm32f4xx_can.c ****     }
 1579              		.loc 1 1037 14 view .LVU568
 1580 0022 F7E7     		b	.L110
 1581              	.LVL87:
 1582              	.L111:
1039:./Libraries/src/stm32f4xx_can.c ****     {
 1583              		.loc 1 1039 5 is_stmt 1 view .LVU569
1039:./Libraries/src/stm32f4xx_can.c ****     {
 1584              		.loc 1 1039 14 is_stmt 0 view .LVU570
 1585 0024 4368     		ldr	r3, [r0, #4]
1039:./Libraries/src/stm32f4xx_can.c ****     {
 1586              		.loc 1 1039 20 view .LVU571
 1587 0026 03F00303 		and	r3, r3, #3
1039:./Libraries/src/stm32f4xx_can.c ****     {
 1588              		.loc 1 1039 8 view .LVU572
 1589 002a 012B     		cmp	r3, #1
 1590 002c 33D0     		beq	.L121
1041:./Libraries/src/stm32f4xx_can.c ****     }
 1591              		.loc 1 1041 14 view .LVU573
 1592 002e 6046     		mov	r0, ip
 1593              	.LVL88:
1041:./Libraries/src/stm32f4xx_can.c ****     }
 1594              		.loc 1 1041 14 view .LVU574
 1595 0030 7047     		bx	lr
 1596              	.LVL89:
 1597              	.L109:
1048:./Libraries/src/stm32f4xx_can.c ****   {
 1598              		.loc 1 1048 9 is_stmt 1 view .LVU575
1048:./Libraries/src/stm32f4xx_can.c ****   {
 1599              		.loc 1 1048 12 is_stmt 0 view .LVU576
 1600 0032 0129     		cmp	r1, #1
 1601 0034 03D0     		beq	.L125
1067:./Libraries/src/stm32f4xx_can.c ****   {
 1602              		.loc 1 1067 9 is_stmt 1 view .LVU577
1067:./Libraries/src/stm32f4xx_can.c ****   {
 1603              		.loc 1 1067 12 is_stmt 0 view .LVU578
 1604 0036 0229     		cmp	r1, #2
 1605 0038 15D0     		beq	.L126
1088:./Libraries/src/stm32f4xx_can.c ****   }
 1606              		.loc 1 1088 12 view .LVU579
ARM GAS  /tmp/cclurMk5.s 			page 71


 1607 003a 0020     		movs	r0, #0
 1608              	.LVL90:
1088:./Libraries/src/stm32f4xx_can.c ****   }
 1609              		.loc 1 1088 12 view .LVU580
 1610 003c 7047     		bx	lr
 1611              	.LVL91:
 1612              	.L125:
1051:./Libraries/src/stm32f4xx_can.c **** 
 1613              		.loc 1 1051 5 is_stmt 1 view .LVU581
1051:./Libraries/src/stm32f4xx_can.c **** 
 1614              		.loc 1 1051 9 is_stmt 0 view .LVU582
 1615 003e 0368     		ldr	r3, [r0]
1051:./Libraries/src/stm32f4xx_can.c **** 
 1616              		.loc 1 1051 15 view .LVU583
 1617 0040 23F00303 		bic	r3, r3, #3
 1618 0044 0360     		str	r3, [r0]
1054:./Libraries/src/stm32f4xx_can.c ****     {
 1619              		.loc 1 1054 5 is_stmt 1 view .LVU584
1023:./Libraries/src/stm32f4xx_can.c **** 
 1620              		.loc 1 1023 12 is_stmt 0 view .LVU585
 1621 0046 4FF6FF73 		movw	r3, #65535
1054:./Libraries/src/stm32f4xx_can.c ****     {
 1622              		.loc 1 1054 11 view .LVU586
 1623 004a 00E0     		b	.L115
 1624              	.LVL92:
 1625              	.L117:
1056:./Libraries/src/stm32f4xx_can.c ****     }
 1626              		.loc 1 1056 7 is_stmt 1 view .LVU587
1056:./Libraries/src/stm32f4xx_can.c ****     }
 1627              		.loc 1 1056 14 is_stmt 0 view .LVU588
 1628 004c 013B     		subs	r3, r3, #1
 1629              	.LVL93:
 1630              	.L115:
1054:./Libraries/src/stm32f4xx_can.c ****     {
 1631              		.loc 1 1054 47 is_stmt 1 view .LVU589
1054:./Libraries/src/stm32f4xx_can.c ****     {
 1632              		.loc 1 1054 18 is_stmt 0 view .LVU590
 1633 004e 4268     		ldr	r2, [r0, #4]
1054:./Libraries/src/stm32f4xx_can.c ****     {
 1634              		.loc 1 1054 47 view .LVU591
 1635 0050 12F0030F 		tst	r2, #3
 1636 0054 01D0     		beq	.L116
1054:./Libraries/src/stm32f4xx_can.c ****     {
 1637              		.loc 1 1054 47 discriminator 1 view .LVU592
 1638 0056 002B     		cmp	r3, #0
 1639 0058 F8D1     		bne	.L117
 1640              	.L116:
1058:./Libraries/src/stm32f4xx_can.c ****     {
 1641              		.loc 1 1058 5 is_stmt 1 view .LVU593
1058:./Libraries/src/stm32f4xx_can.c ****     {
 1642              		.loc 1 1058 14 is_stmt 0 view .LVU594
 1643 005a 4368     		ldr	r3, [r0, #4]
 1644              	.LVL94:
1058:./Libraries/src/stm32f4xx_can.c ****     {
 1645              		.loc 1 1058 8 view .LVU595
 1646 005c 13F0030F 		tst	r3, #3
 1647 0060 1BD0     		beq	.L122
ARM GAS  /tmp/cclurMk5.s 			page 72


1060:./Libraries/src/stm32f4xx_can.c ****     }
 1648              		.loc 1 1060 14 view .LVU596
 1649 0062 0020     		movs	r0, #0
 1650              	.LVL95:
1060:./Libraries/src/stm32f4xx_can.c ****     }
 1651              		.loc 1 1060 14 view .LVU597
 1652 0064 7047     		bx	lr
 1653              	.LVL96:
 1654              	.L126:
1070:./Libraries/src/stm32f4xx_can.c **** 
 1655              		.loc 1 1070 5 is_stmt 1 view .LVU598
1070:./Libraries/src/stm32f4xx_can.c **** 
 1656              		.loc 1 1070 33 is_stmt 0 view .LVU599
 1657 0066 0368     		ldr	r3, [r0]
1070:./Libraries/src/stm32f4xx_can.c **** 
 1658              		.loc 1 1070 17 view .LVU600
 1659 0068 23F00303 		bic	r3, r3, #3
 1660 006c 43F00203 		orr	r3, r3, #2
1070:./Libraries/src/stm32f4xx_can.c **** 
 1661              		.loc 1 1070 15 view .LVU601
 1662 0070 0360     		str	r3, [r0]
1073:./Libraries/src/stm32f4xx_can.c ****     {
 1663              		.loc 1 1073 5 is_stmt 1 view .LVU602
1023:./Libraries/src/stm32f4xx_can.c **** 
 1664              		.loc 1 1023 12 is_stmt 0 view .LVU603
 1665 0072 4FF6FF72 		movw	r2, #65535
1073:./Libraries/src/stm32f4xx_can.c ****     {
 1666              		.loc 1 1073 11 view .LVU604
 1667 0076 00E0     		b	.L118
 1668              	.LVL97:
 1669              	.L120:
1075:./Libraries/src/stm32f4xx_can.c ****     }
 1670              		.loc 1 1075 7 is_stmt 1 view .LVU605
1075:./Libraries/src/stm32f4xx_can.c ****     }
 1671              		.loc 1 1075 14 is_stmt 0 view .LVU606
 1672 0078 013A     		subs	r2, r2, #1
 1673              	.LVL98:
 1674              	.L118:
1073:./Libraries/src/stm32f4xx_can.c ****     {
 1675              		.loc 1 1073 58 is_stmt 1 view .LVU607
1073:./Libraries/src/stm32f4xx_can.c ****     {
 1676              		.loc 1 1073 18 is_stmt 0 view .LVU608
 1677 007a 4368     		ldr	r3, [r0, #4]
1073:./Libraries/src/stm32f4xx_can.c ****     {
 1678              		.loc 1 1073 24 view .LVU609
 1679 007c 03F00303 		and	r3, r3, #3
1073:./Libraries/src/stm32f4xx_can.c ****     {
 1680              		.loc 1 1073 58 view .LVU610
 1681 0080 022B     		cmp	r3, #2
 1682 0082 01D0     		beq	.L119
1073:./Libraries/src/stm32f4xx_can.c ****     {
 1683              		.loc 1 1073 58 discriminator 1 view .LVU611
 1684 0084 002A     		cmp	r2, #0
 1685 0086 F7D1     		bne	.L120
 1686              	.L119:
1077:./Libraries/src/stm32f4xx_can.c ****     {
 1687              		.loc 1 1077 5 is_stmt 1 view .LVU612
ARM GAS  /tmp/cclurMk5.s 			page 73


1077:./Libraries/src/stm32f4xx_can.c ****     {
 1688              		.loc 1 1077 14 is_stmt 0 view .LVU613
 1689 0088 4368     		ldr	r3, [r0, #4]
1077:./Libraries/src/stm32f4xx_can.c ****     {
 1690              		.loc 1 1077 20 view .LVU614
 1691 008a 03F00303 		and	r3, r3, #3
1077:./Libraries/src/stm32f4xx_can.c ****     {
 1692              		.loc 1 1077 8 view .LVU615
 1693 008e 022B     		cmp	r3, #2
 1694 0090 05D0     		beq	.L124
1079:./Libraries/src/stm32f4xx_can.c ****     }
 1695              		.loc 1 1079 14 view .LVU616
 1696 0092 0020     		movs	r0, #0
 1697              	.LVL99:
1079:./Libraries/src/stm32f4xx_can.c ****     }
 1698              		.loc 1 1079 14 view .LVU617
 1699 0094 7047     		bx	lr
 1700              	.LVL100:
 1701              	.L121:
1045:./Libraries/src/stm32f4xx_can.c ****     }
 1702              		.loc 1 1045 14 view .LVU618
 1703 0096 0120     		movs	r0, #1
 1704              	.LVL101:
1045:./Libraries/src/stm32f4xx_can.c ****     }
 1705              		.loc 1 1045 14 view .LVU619
 1706 0098 7047     		bx	lr
 1707              	.LVL102:
 1708              	.L122:
1064:./Libraries/src/stm32f4xx_can.c ****     }
 1709              		.loc 1 1064 14 view .LVU620
 1710 009a 6046     		mov	r0, ip
 1711              	.LVL103:
1064:./Libraries/src/stm32f4xx_can.c ****     }
 1712              		.loc 1 1064 14 view .LVU621
 1713 009c 7047     		bx	lr
 1714              	.LVL104:
 1715              	.L124:
1083:./Libraries/src/stm32f4xx_can.c ****     }
 1716              		.loc 1 1083 14 view .LVU622
 1717 009e 0120     		movs	r0, #1
 1718              	.LVL105:
1091:./Libraries/src/stm32f4xx_can.c **** }
 1719              		.loc 1 1091 3 is_stmt 1 view .LVU623
1092:./Libraries/src/stm32f4xx_can.c **** 
 1720              		.loc 1 1092 1 is_stmt 0 view .LVU624
 1721 00a0 7047     		bx	lr
 1722              		.cfi_endproc
 1723              	.LFE136:
 1725              		.section	.text.CAN_Sleep,"ax",%progbits
 1726              		.align	1
 1727              		.global	CAN_Sleep
 1728              		.syntax unified
 1729              		.thumb
 1730              		.thumb_func
 1732              	CAN_Sleep:
 1733              	.LVL106:
 1734              	.LFB137:
ARM GAS  /tmp/cclurMk5.s 			page 74


1101:./Libraries/src/stm32f4xx_can.c ****   uint8_t sleepstatus = CAN_Sleep_Failed;
 1735              		.loc 1 1101 1 is_stmt 1 view -0
 1736              		.cfi_startproc
 1737              		@ args = 0, pretend = 0, frame = 0
 1738              		@ frame_needed = 0, uses_anonymous_args = 0
 1739              		@ link register save eliminated.
1102:./Libraries/src/stm32f4xx_can.c ****   
 1740              		.loc 1 1102 3 view .LVU626
1105:./Libraries/src/stm32f4xx_can.c ****     
 1741              		.loc 1 1105 3 view .LVU627
1108:./Libraries/src/stm32f4xx_can.c ****    
 1742              		.loc 1 1108 4 view .LVU628
1108:./Libraries/src/stm32f4xx_can.c ****    
 1743              		.loc 1 1108 23 is_stmt 0 view .LVU629
 1744 0000 0368     		ldr	r3, [r0]
1108:./Libraries/src/stm32f4xx_can.c ****    
 1745              		.loc 1 1108 69 view .LVU630
 1746 0002 23F00303 		bic	r3, r3, #3
 1747 0006 43F00203 		orr	r3, r3, #2
1108:./Libraries/src/stm32f4xx_can.c ****    
 1748              		.loc 1 1108 14 view .LVU631
 1749 000a 0360     		str	r3, [r0]
1111:./Libraries/src/stm32f4xx_can.c ****   {
 1750              		.loc 1 1111 3 is_stmt 1 view .LVU632
1111:./Libraries/src/stm32f4xx_can.c ****   {
 1751              		.loc 1 1111 12 is_stmt 0 view .LVU633
 1752 000c 4368     		ldr	r3, [r0, #4]
1111:./Libraries/src/stm32f4xx_can.c ****   {
 1753              		.loc 1 1111 18 view .LVU634
 1754 000e 03F00303 		and	r3, r3, #3
1111:./Libraries/src/stm32f4xx_can.c ****   {
 1755              		.loc 1 1111 6 view .LVU635
 1756 0012 022B     		cmp	r3, #2
 1757 0014 01D0     		beq	.L129
1102:./Libraries/src/stm32f4xx_can.c ****   
 1758              		.loc 1 1102 11 view .LVU636
 1759 0016 0020     		movs	r0, #0
 1760              	.LVL107:
1102:./Libraries/src/stm32f4xx_can.c ****   
 1761              		.loc 1 1102 11 view .LVU637
 1762 0018 7047     		bx	lr
 1763              	.LVL108:
 1764              	.L129:
1114:./Libraries/src/stm32f4xx_can.c ****   }
 1765              		.loc 1 1114 17 view .LVU638
 1766 001a 0120     		movs	r0, #1
 1767              	.LVL109:
1117:./Libraries/src/stm32f4xx_can.c **** }
 1768              		.loc 1 1117 4 is_stmt 1 view .LVU639
1118:./Libraries/src/stm32f4xx_can.c **** 
 1769              		.loc 1 1118 1 is_stmt 0 view .LVU640
 1770 001c 7047     		bx	lr
 1771              		.cfi_endproc
 1772              	.LFE137:
 1774              		.section	.text.CAN_WakeUp,"ax",%progbits
 1775              		.align	1
 1776              		.global	CAN_WakeUp
ARM GAS  /tmp/cclurMk5.s 			page 75


 1777              		.syntax unified
 1778              		.thumb
 1779              		.thumb_func
 1781              	CAN_WakeUp:
 1782              	.LVL110:
 1783              	.LFB138:
1127:./Libraries/src/stm32f4xx_can.c ****   uint32_t wait_slak = SLAK_TIMEOUT;
 1784              		.loc 1 1127 1 is_stmt 1 view -0
 1785              		.cfi_startproc
 1786              		@ args = 0, pretend = 0, frame = 0
 1787              		@ frame_needed = 0, uses_anonymous_args = 0
 1788              		@ link register save eliminated.
1128:./Libraries/src/stm32f4xx_can.c ****   uint8_t wakeupstatus = CAN_WakeUp_Failed;
 1789              		.loc 1 1128 3 view .LVU642
1129:./Libraries/src/stm32f4xx_can.c ****   
 1790              		.loc 1 1129 3 view .LVU643
1132:./Libraries/src/stm32f4xx_can.c ****     
 1791              		.loc 1 1132 3 view .LVU644
1135:./Libraries/src/stm32f4xx_can.c ****     
 1792              		.loc 1 1135 3 view .LVU645
1135:./Libraries/src/stm32f4xx_can.c ****     
 1793              		.loc 1 1135 7 is_stmt 0 view .LVU646
 1794 0000 0368     		ldr	r3, [r0]
1135:./Libraries/src/stm32f4xx_can.c ****     
 1795              		.loc 1 1135 13 view .LVU647
 1796 0002 23F00203 		bic	r3, r3, #2
 1797 0006 0360     		str	r3, [r0]
1138:./Libraries/src/stm32f4xx_can.c ****   {
 1798              		.loc 1 1138 3 is_stmt 1 view .LVU648
1128:./Libraries/src/stm32f4xx_can.c ****   uint8_t wakeupstatus = CAN_WakeUp_Failed;
 1799              		.loc 1 1128 12 is_stmt 0 view .LVU649
 1800 0008 4FF6FF73 		movw	r3, #65535
 1801              	.LVL111:
 1802              	.L131:
1138:./Libraries/src/stm32f4xx_can.c ****   {
 1803              		.loc 1 1138 53 is_stmt 1 view .LVU650
1138:./Libraries/src/stm32f4xx_can.c ****   {
 1804              		.loc 1 1138 15 is_stmt 0 view .LVU651
 1805 000c 4268     		ldr	r2, [r0, #4]
1138:./Libraries/src/stm32f4xx_can.c ****   {
 1806              		.loc 1 1138 53 view .LVU652
 1807 000e 12F0020F 		tst	r2, #2
 1808 0012 02D0     		beq	.L132
1138:./Libraries/src/stm32f4xx_can.c ****   {
 1809              		.loc 1 1138 53 discriminator 1 view .LVU653
 1810 0014 0BB1     		cbz	r3, .L132
1140:./Libraries/src/stm32f4xx_can.c ****   }
 1811              		.loc 1 1140 4 is_stmt 1 view .LVU654
1140:./Libraries/src/stm32f4xx_can.c ****   }
 1812              		.loc 1 1140 13 is_stmt 0 view .LVU655
 1813 0016 013B     		subs	r3, r3, #1
 1814              	.LVL112:
1140:./Libraries/src/stm32f4xx_can.c ****   }
 1815              		.loc 1 1140 13 view .LVU656
 1816 0018 F8E7     		b	.L131
 1817              	.LVL113:
 1818              	.L132:
ARM GAS  /tmp/cclurMk5.s 			page 76


1142:./Libraries/src/stm32f4xx_can.c ****   {
 1819              		.loc 1 1142 3 is_stmt 1 view .LVU657
1142:./Libraries/src/stm32f4xx_can.c ****   {
 1820              		.loc 1 1142 11 is_stmt 0 view .LVU658
 1821 001a 4368     		ldr	r3, [r0, #4]
 1822              	.LVL114:
1142:./Libraries/src/stm32f4xx_can.c ****   {
 1823              		.loc 1 1142 5 view .LVU659
 1824 001c 13F0020F 		tst	r3, #2
 1825 0020 01D0     		beq	.L135
1129:./Libraries/src/stm32f4xx_can.c ****   
 1826              		.loc 1 1129 11 view .LVU660
 1827 0022 0020     		movs	r0, #0
 1828              	.LVL115:
1129:./Libraries/src/stm32f4xx_can.c ****   
 1829              		.loc 1 1129 11 view .LVU661
 1830 0024 7047     		bx	lr
 1831              	.LVL116:
 1832              	.L135:
1145:./Libraries/src/stm32f4xx_can.c ****   }
 1833              		.loc 1 1145 18 view .LVU662
 1834 0026 0120     		movs	r0, #1
 1835              	.LVL117:
1148:./Libraries/src/stm32f4xx_can.c **** }
 1836              		.loc 1 1148 3 is_stmt 1 view .LVU663
1149:./Libraries/src/stm32f4xx_can.c **** /**
 1837              		.loc 1 1149 1 is_stmt 0 view .LVU664
 1838 0028 7047     		bx	lr
 1839              		.cfi_endproc
 1840              	.LFE138:
 1842              		.section	.text.CAN_GetLastErrorCode,"ax",%progbits
 1843              		.align	1
 1844              		.global	CAN_GetLastErrorCode
 1845              		.syntax unified
 1846              		.thumb
 1847              		.thumb_func
 1849              	CAN_GetLastErrorCode:
 1850              	.LVL118:
 1851              	.LFB139:
1189:./Libraries/src/stm32f4xx_can.c ****   uint8_t errorcode=0;
 1852              		.loc 1 1189 1 is_stmt 1 view -0
 1853              		.cfi_startproc
 1854              		@ args = 0, pretend = 0, frame = 0
 1855              		@ frame_needed = 0, uses_anonymous_args = 0
 1856              		@ link register save eliminated.
1190:./Libraries/src/stm32f4xx_can.c ****   
 1857              		.loc 1 1190 3 view .LVU666
1193:./Libraries/src/stm32f4xx_can.c ****   
 1858              		.loc 1 1193 3 view .LVU667
1196:./Libraries/src/stm32f4xx_can.c ****   
 1859              		.loc 1 1196 3 view .LVU668
1196:./Libraries/src/stm32f4xx_can.c ****   
 1860              		.loc 1 1196 30 is_stmt 0 view .LVU669
 1861 0000 8069     		ldr	r0, [r0, #24]
 1862              	.LVL119:
1199:./Libraries/src/stm32f4xx_can.c **** }
 1863              		.loc 1 1199 3 is_stmt 1 view .LVU670
ARM GAS  /tmp/cclurMk5.s 			page 77


1200:./Libraries/src/stm32f4xx_can.c **** 
 1864              		.loc 1 1200 1 is_stmt 0 view .LVU671
 1865 0002 00F07000 		and	r0, r0, #112
 1866              	.LVL120:
1200:./Libraries/src/stm32f4xx_can.c **** 
 1867              		.loc 1 1200 1 view .LVU672
 1868 0006 7047     		bx	lr
 1869              		.cfi_endproc
 1870              	.LFE139:
 1872              		.section	.text.CAN_GetReceiveErrorCounter,"ax",%progbits
 1873              		.align	1
 1874              		.global	CAN_GetReceiveErrorCounter
 1875              		.syntax unified
 1876              		.thumb
 1877              		.thumb_func
 1879              	CAN_GetReceiveErrorCounter:
 1880              	.LVL121:
 1881              	.LFB140:
1215:./Libraries/src/stm32f4xx_can.c ****   uint8_t counter=0;
 1882              		.loc 1 1215 1 is_stmt 1 view -0
 1883              		.cfi_startproc
 1884              		@ args = 0, pretend = 0, frame = 0
 1885              		@ frame_needed = 0, uses_anonymous_args = 0
 1886              		@ link register save eliminated.
1216:./Libraries/src/stm32f4xx_can.c ****   
 1887              		.loc 1 1216 3 view .LVU674
1219:./Libraries/src/stm32f4xx_can.c ****   
 1888              		.loc 1 1219 3 view .LVU675
1222:./Libraries/src/stm32f4xx_can.c ****   
 1889              		.loc 1 1222 3 view .LVU676
1222:./Libraries/src/stm32f4xx_can.c ****   
 1890              		.loc 1 1222 28 is_stmt 0 view .LVU677
 1891 0000 8069     		ldr	r0, [r0, #24]
 1892              	.LVL122:
1225:./Libraries/src/stm32f4xx_can.c **** }
 1893              		.loc 1 1225 3 is_stmt 1 view .LVU678
1226:./Libraries/src/stm32f4xx_can.c **** 
 1894              		.loc 1 1226 1 is_stmt 0 view .LVU679
 1895 0002 000E     		lsrs	r0, r0, #24
 1896              	.LVL123:
1226:./Libraries/src/stm32f4xx_can.c **** 
 1897              		.loc 1 1226 1 view .LVU680
 1898 0004 7047     		bx	lr
 1899              		.cfi_endproc
 1900              	.LFE140:
 1902              		.section	.text.CAN_GetLSBTransmitErrorCounter,"ax",%progbits
 1903              		.align	1
 1904              		.global	CAN_GetLSBTransmitErrorCounter
 1905              		.syntax unified
 1906              		.thumb
 1907              		.thumb_func
 1909              	CAN_GetLSBTransmitErrorCounter:
 1910              	.LVL124:
 1911              	.LFB141:
1236:./Libraries/src/stm32f4xx_can.c ****   uint8_t counter=0;
 1912              		.loc 1 1236 1 is_stmt 1 view -0
 1913              		.cfi_startproc
ARM GAS  /tmp/cclurMk5.s 			page 78


 1914              		@ args = 0, pretend = 0, frame = 0
 1915              		@ frame_needed = 0, uses_anonymous_args = 0
 1916              		@ link register save eliminated.
1237:./Libraries/src/stm32f4xx_can.c ****   
 1917              		.loc 1 1237 3 view .LVU682
1240:./Libraries/src/stm32f4xx_can.c ****   
 1918              		.loc 1 1240 3 view .LVU683
1243:./Libraries/src/stm32f4xx_can.c ****   
 1919              		.loc 1 1243 3 view .LVU684
1243:./Libraries/src/stm32f4xx_can.c ****   
 1920              		.loc 1 1243 28 is_stmt 0 view .LVU685
 1921 0000 8069     		ldr	r0, [r0, #24]
 1922              	.LVL125:
1246:./Libraries/src/stm32f4xx_can.c **** }
 1923              		.loc 1 1246 3 is_stmt 1 view .LVU686
1247:./Libraries/src/stm32f4xx_can.c **** /**
 1924              		.loc 1 1247 1 is_stmt 0 view .LVU687
 1925 0002 C0F30740 		ubfx	r0, r0, #16, #8
 1926              	.LVL126:
1247:./Libraries/src/stm32f4xx_can.c **** /**
 1927              		.loc 1 1247 1 view .LVU688
 1928 0006 7047     		bx	lr
 1929              		.cfi_endproc
 1930              	.LFE141:
 1932              		.section	.text.CAN_ITConfig,"ax",%progbits
 1933              		.align	1
 1934              		.global	CAN_ITConfig
 1935              		.syntax unified
 1936              		.thumb
 1937              		.thumb_func
 1939              	CAN_ITConfig:
 1940              	.LVL127:
 1941              	.LFB142:
1442:./Libraries/src/stm32f4xx_can.c ****   /* Check the parameters */
 1942              		.loc 1 1442 1 is_stmt 1 view -0
 1943              		.cfi_startproc
 1944              		@ args = 0, pretend = 0, frame = 0
 1945              		@ frame_needed = 0, uses_anonymous_args = 0
 1946              		@ link register save eliminated.
1444:./Libraries/src/stm32f4xx_can.c ****   assert_param(IS_CAN_IT(CAN_IT));
 1947              		.loc 1 1444 3 view .LVU690
1445:./Libraries/src/stm32f4xx_can.c ****   assert_param(IS_FUNCTIONAL_STATE(NewState));
 1948              		.loc 1 1445 3 view .LVU691
1446:./Libraries/src/stm32f4xx_can.c **** 
 1949              		.loc 1 1446 3 view .LVU692
1448:./Libraries/src/stm32f4xx_can.c ****   {
 1950              		.loc 1 1448 3 view .LVU693
1448:./Libraries/src/stm32f4xx_can.c ****   {
 1951              		.loc 1 1448 6 is_stmt 0 view .LVU694
 1952 0000 1AB1     		cbz	r2, .L140
1451:./Libraries/src/stm32f4xx_can.c ****   }
 1953              		.loc 1 1451 5 is_stmt 1 view .LVU695
1451:./Libraries/src/stm32f4xx_can.c ****   }
 1954              		.loc 1 1451 9 is_stmt 0 view .LVU696
 1955 0002 4369     		ldr	r3, [r0, #20]
1451:./Libraries/src/stm32f4xx_can.c ****   }
 1956              		.loc 1 1451 15 view .LVU697
ARM GAS  /tmp/cclurMk5.s 			page 79


 1957 0004 0B43     		orrs	r3, r3, r1
 1958 0006 4361     		str	r3, [r0, #20]
 1959 0008 7047     		bx	lr
 1960              	.L140:
1456:./Libraries/src/stm32f4xx_can.c ****   }
 1961              		.loc 1 1456 5 is_stmt 1 view .LVU698
1456:./Libraries/src/stm32f4xx_can.c ****   }
 1962              		.loc 1 1456 9 is_stmt 0 view .LVU699
 1963 000a 4369     		ldr	r3, [r0, #20]
1456:./Libraries/src/stm32f4xx_can.c ****   }
 1964              		.loc 1 1456 15 view .LVU700
 1965 000c 23EA0103 		bic	r3, r3, r1
 1966 0010 4361     		str	r3, [r0, #20]
1458:./Libraries/src/stm32f4xx_can.c **** /**
 1967              		.loc 1 1458 1 view .LVU701
 1968 0012 7047     		bx	lr
 1969              		.cfi_endproc
 1970              	.LFE142:
 1972              		.section	.text.CAN_GetFlagStatus,"ax",%progbits
 1973              		.align	1
 1974              		.global	CAN_GetFlagStatus
 1975              		.syntax unified
 1976              		.thumb
 1977              		.thumb_func
 1979              	CAN_GetFlagStatus:
 1980              	.LVL128:
 1981              	.LFB143:
1483:./Libraries/src/stm32f4xx_can.c ****   FlagStatus bitstatus = RESET;
 1982              		.loc 1 1483 1 is_stmt 1 view -0
 1983              		.cfi_startproc
 1984              		@ args = 0, pretend = 0, frame = 0
 1985              		@ frame_needed = 0, uses_anonymous_args = 0
 1986              		@ link register save eliminated.
1484:./Libraries/src/stm32f4xx_can.c ****   
 1987              		.loc 1 1484 3 view .LVU703
1487:./Libraries/src/stm32f4xx_can.c ****   assert_param(IS_CAN_GET_FLAG(CAN_FLAG));
 1988              		.loc 1 1487 3 view .LVU704
1488:./Libraries/src/stm32f4xx_can.c ****   
 1989              		.loc 1 1488 3 view .LVU705
1491:./Libraries/src/stm32f4xx_can.c ****   { 
 1990              		.loc 1 1491 3 view .LVU706
1491:./Libraries/src/stm32f4xx_can.c ****   { 
 1991              		.loc 1 1491 5 is_stmt 0 view .LVU707
 1992 0000 11F4700F 		tst	r1, #15728640
 1993 0004 06D0     		beq	.L143
1494:./Libraries/src/stm32f4xx_can.c ****     { 
 1994              		.loc 1 1494 5 is_stmt 1 view .LVU708
1494:./Libraries/src/stm32f4xx_can.c ****     { 
 1995              		.loc 1 1494 14 is_stmt 0 view .LVU709
 1996 0006 8369     		ldr	r3, [r0, #24]
1494:./Libraries/src/stm32f4xx_can.c ****     { 
 1997              		.loc 1 1494 20 view .LVU710
 1998 0008 0B40     		ands	r3, r3, r1
 1999 000a C3F31303 		ubfx	r3, r3, #0, #20
1494:./Libraries/src/stm32f4xx_can.c ****     { 
 2000              		.loc 1 1494 8 view .LVU711
 2001 000e 33B3     		cbz	r3, .L148
ARM GAS  /tmp/cclurMk5.s 			page 80


1497:./Libraries/src/stm32f4xx_can.c ****     }
 2002              		.loc 1 1497 17 view .LVU712
 2003 0010 0120     		movs	r0, #1
 2004              	.LVL129:
1497:./Libraries/src/stm32f4xx_can.c ****     }
 2005              		.loc 1 1497 17 view .LVU713
 2006 0012 7047     		bx	lr
 2007              	.LVL130:
 2008              	.L143:
1505:./Libraries/src/stm32f4xx_can.c ****   { 
 2009              		.loc 1 1505 8 is_stmt 1 view .LVU714
1505:./Libraries/src/stm32f4xx_can.c ****   { 
 2010              		.loc 1 1505 10 is_stmt 0 view .LVU715
 2011 0014 11F0807F 		tst	r1, #16777216
 2012 0018 06D0     		beq	.L145
1508:./Libraries/src/stm32f4xx_can.c ****     { 
 2013              		.loc 1 1508 5 is_stmt 1 view .LVU716
1508:./Libraries/src/stm32f4xx_can.c ****     { 
 2014              		.loc 1 1508 14 is_stmt 0 view .LVU717
 2015 001a 4368     		ldr	r3, [r0, #4]
1508:./Libraries/src/stm32f4xx_can.c ****     { 
 2016              		.loc 1 1508 20 view .LVU718
 2017 001c 0B40     		ands	r3, r3, r1
 2018 001e C3F31303 		ubfx	r3, r3, #0, #20
1508:./Libraries/src/stm32f4xx_can.c ****     { 
 2019              		.loc 1 1508 8 view .LVU719
 2020 0022 F3B1     		cbz	r3, .L149
1511:./Libraries/src/stm32f4xx_can.c ****     }
 2021              		.loc 1 1511 17 view .LVU720
 2022 0024 0120     		movs	r0, #1
 2023              	.LVL131:
1511:./Libraries/src/stm32f4xx_can.c ****     }
 2024              		.loc 1 1511 17 view .LVU721
 2025 0026 7047     		bx	lr
 2026              	.LVL132:
 2027              	.L145:
1519:./Libraries/src/stm32f4xx_can.c ****   { 
 2028              		.loc 1 1519 8 is_stmt 1 view .LVU722
1519:./Libraries/src/stm32f4xx_can.c ****   { 
 2029              		.loc 1 1519 10 is_stmt 0 view .LVU723
 2030 0028 11F0006F 		tst	r1, #134217728
 2031 002c 06D0     		beq	.L146
1522:./Libraries/src/stm32f4xx_can.c ****     { 
 2032              		.loc 1 1522 5 is_stmt 1 view .LVU724
1522:./Libraries/src/stm32f4xx_can.c ****     { 
 2033              		.loc 1 1522 14 is_stmt 0 view .LVU725
 2034 002e 8368     		ldr	r3, [r0, #8]
1522:./Libraries/src/stm32f4xx_can.c ****     { 
 2035              		.loc 1 1522 20 view .LVU726
 2036 0030 0B40     		ands	r3, r3, r1
 2037 0032 C3F31303 		ubfx	r3, r3, #0, #20
1522:./Libraries/src/stm32f4xx_can.c ****     { 
 2038              		.loc 1 1522 8 view .LVU727
 2039 0036 B3B1     		cbz	r3, .L150
1525:./Libraries/src/stm32f4xx_can.c ****     }
 2040              		.loc 1 1525 17 view .LVU728
 2041 0038 0120     		movs	r0, #1
ARM GAS  /tmp/cclurMk5.s 			page 81


 2042              	.LVL133:
1525:./Libraries/src/stm32f4xx_can.c ****     }
 2043              		.loc 1 1525 17 view .LVU729
 2044 003a 7047     		bx	lr
 2045              	.LVL134:
 2046              	.L146:
1533:./Libraries/src/stm32f4xx_can.c ****   { 
 2047              		.loc 1 1533 8 is_stmt 1 view .LVU730
1533:./Libraries/src/stm32f4xx_can.c ****   { 
 2048              		.loc 1 1533 10 is_stmt 0 view .LVU731
 2049 003c 11F0007F 		tst	r1, #33554432
 2050 0040 06D0     		beq	.L147
1536:./Libraries/src/stm32f4xx_can.c ****     { 
 2051              		.loc 1 1536 5 is_stmt 1 view .LVU732
1536:./Libraries/src/stm32f4xx_can.c ****     { 
 2052              		.loc 1 1536 14 is_stmt 0 view .LVU733
 2053 0042 C368     		ldr	r3, [r0, #12]
1536:./Libraries/src/stm32f4xx_can.c ****     { 
 2054              		.loc 1 1536 21 view .LVU734
 2055 0044 0B40     		ands	r3, r3, r1
 2056 0046 C3F31303 		ubfx	r3, r3, #0, #20
1536:./Libraries/src/stm32f4xx_can.c ****     { 
 2057              		.loc 1 1536 8 view .LVU735
 2058 004a 73B1     		cbz	r3, .L151
1539:./Libraries/src/stm32f4xx_can.c ****     }
 2059              		.loc 1 1539 17 view .LVU736
 2060 004c 0120     		movs	r0, #1
 2061              	.LVL135:
1539:./Libraries/src/stm32f4xx_can.c ****     }
 2062              		.loc 1 1539 17 view .LVU737
 2063 004e 7047     		bx	lr
 2064              	.LVL136:
 2065              	.L147:
1550:./Libraries/src/stm32f4xx_can.c ****     { 
 2066              		.loc 1 1550 5 is_stmt 1 view .LVU738
1550:./Libraries/src/stm32f4xx_can.c ****     { 
 2067              		.loc 1 1550 24 is_stmt 0 view .LVU739
 2068 0050 0369     		ldr	r3, [r0, #16]
1550:./Libraries/src/stm32f4xx_can.c ****     { 
 2069              		.loc 1 1550 9 view .LVU740
 2070 0052 0B40     		ands	r3, r3, r1
 2071 0054 C3F31303 		ubfx	r3, r3, #0, #20
1550:./Libraries/src/stm32f4xx_can.c ****     { 
 2072              		.loc 1 1550 8 view .LVU741
 2073 0058 4BB1     		cbz	r3, .L152
1553:./Libraries/src/stm32f4xx_can.c ****     }
 2074              		.loc 1 1553 17 view .LVU742
 2075 005a 0120     		movs	r0, #1
 2076              	.LVL137:
1553:./Libraries/src/stm32f4xx_can.c ****     }
 2077              		.loc 1 1553 17 view .LVU743
 2078 005c 7047     		bx	lr
 2079              	.LVL138:
 2080              	.L148:
1502:./Libraries/src/stm32f4xx_can.c ****     }
 2081              		.loc 1 1502 17 view .LVU744
 2082 005e 0020     		movs	r0, #0
ARM GAS  /tmp/cclurMk5.s 			page 82


 2083              	.LVL139:
1502:./Libraries/src/stm32f4xx_can.c ****     }
 2084              		.loc 1 1502 17 view .LVU745
 2085 0060 7047     		bx	lr
 2086              	.LVL140:
 2087              	.L149:
1516:./Libraries/src/stm32f4xx_can.c ****     }
 2088              		.loc 1 1516 17 view .LVU746
 2089 0062 0020     		movs	r0, #0
 2090              	.LVL141:
1516:./Libraries/src/stm32f4xx_can.c ****     }
 2091              		.loc 1 1516 17 view .LVU747
 2092 0064 7047     		bx	lr
 2093              	.LVL142:
 2094              	.L150:
1530:./Libraries/src/stm32f4xx_can.c ****     }
 2095              		.loc 1 1530 17 view .LVU748
 2096 0066 0020     		movs	r0, #0
 2097              	.LVL143:
1530:./Libraries/src/stm32f4xx_can.c ****     }
 2098              		.loc 1 1530 17 view .LVU749
 2099 0068 7047     		bx	lr
 2100              	.LVL144:
 2101              	.L151:
1544:./Libraries/src/stm32f4xx_can.c ****     }
 2102              		.loc 1 1544 17 view .LVU750
 2103 006a 0020     		movs	r0, #0
 2104              	.LVL145:
1544:./Libraries/src/stm32f4xx_can.c ****     }
 2105              		.loc 1 1544 17 view .LVU751
 2106 006c 7047     		bx	lr
 2107              	.LVL146:
 2108              	.L152:
1558:./Libraries/src/stm32f4xx_can.c ****     }
 2109              		.loc 1 1558 17 view .LVU752
 2110 006e 0020     		movs	r0, #0
 2111              	.LVL147:
1562:./Libraries/src/stm32f4xx_can.c **** }
 2112              		.loc 1 1562 3 is_stmt 1 view .LVU753
1563:./Libraries/src/stm32f4xx_can.c **** 
 2113              		.loc 1 1563 1 is_stmt 0 view .LVU754
 2114 0070 7047     		bx	lr
 2115              		.cfi_endproc
 2116              	.LFE143:
 2118              		.section	.text.CAN_ClearFlag,"ax",%progbits
 2119              		.align	1
 2120              		.global	CAN_ClearFlag
 2121              		.syntax unified
 2122              		.thumb
 2123              		.thumb_func
 2125              	CAN_ClearFlag:
 2126              	.LVL148:
 2127              	.LFB144:
1584:./Libraries/src/stm32f4xx_can.c ****   uint32_t flagtmp=0;
 2128              		.loc 1 1584 1 is_stmt 1 view -0
 2129              		.cfi_startproc
 2130              		@ args = 0, pretend = 0, frame = 0
ARM GAS  /tmp/cclurMk5.s 			page 83


 2131              		@ frame_needed = 0, uses_anonymous_args = 0
 2132              		@ link register save eliminated.
1585:./Libraries/src/stm32f4xx_can.c ****   /* Check the parameters */
 2133              		.loc 1 1585 3 view .LVU756
1587:./Libraries/src/stm32f4xx_can.c ****   assert_param(IS_CAN_CLEAR_FLAG(CAN_FLAG));
 2134              		.loc 1 1587 3 view .LVU757
1588:./Libraries/src/stm32f4xx_can.c ****   
 2135              		.loc 1 1588 3 view .LVU758
1590:./Libraries/src/stm32f4xx_can.c ****   {
 2136              		.loc 1 1590 3 view .LVU759
1590:./Libraries/src/stm32f4xx_can.c ****   {
 2137              		.loc 1 1590 6 is_stmt 0 view .LVU760
 2138 0000 0C4B     		ldr	r3, .L160
 2139 0002 9942     		cmp	r1, r3
 2140 0004 06D0     		beq	.L159
1597:./Libraries/src/stm32f4xx_can.c **** 
 2141              		.loc 1 1597 5 is_stmt 1 view .LVU761
1597:./Libraries/src/stm32f4xx_can.c **** 
 2142              		.loc 1 1597 13 is_stmt 0 view .LVU762
 2143 0006 C1F31303 		ubfx	r3, r1, #0, #20
 2144              	.LVL149:
1599:./Libraries/src/stm32f4xx_can.c ****     {
 2145              		.loc 1 1599 5 is_stmt 1 view .LVU763
1599:./Libraries/src/stm32f4xx_can.c ****     {
 2146              		.loc 1 1599 8 is_stmt 0 view .LVU764
 2147 000a 11F0007F 		tst	r1, #33554432
 2148 000e 04D0     		beq	.L156
1602:./Libraries/src/stm32f4xx_can.c ****     }
 2149              		.loc 1 1602 7 is_stmt 1 view .LVU765
1602:./Libraries/src/stm32f4xx_can.c ****     }
 2150              		.loc 1 1602 18 is_stmt 0 view .LVU766
 2151 0010 C360     		str	r3, [r0, #12]
 2152 0012 7047     		bx	lr
 2153              	.LVL150:
 2154              	.L159:
1593:./Libraries/src/stm32f4xx_can.c ****   }
 2155              		.loc 1 1593 5 is_stmt 1 view .LVU767
1593:./Libraries/src/stm32f4xx_can.c ****   }
 2156              		.loc 1 1593 15 is_stmt 0 view .LVU768
 2157 0014 0023     		movs	r3, #0
 2158 0016 8361     		str	r3, [r0, #24]
 2159 0018 7047     		bx	lr
 2160              	.LVL151:
 2161              	.L156:
1604:./Libraries/src/stm32f4xx_can.c ****     {
 2162              		.loc 1 1604 10 is_stmt 1 view .LVU769
1604:./Libraries/src/stm32f4xx_can.c ****     {
 2163              		.loc 1 1604 13 is_stmt 0 view .LVU770
 2164 001a 11F0806F 		tst	r1, #67108864
 2165 001e 01D0     		beq	.L157
1607:./Libraries/src/stm32f4xx_can.c ****     }
 2166              		.loc 1 1607 7 is_stmt 1 view .LVU771
1607:./Libraries/src/stm32f4xx_can.c ****     }
 2167              		.loc 1 1607 18 is_stmt 0 view .LVU772
 2168 0020 0361     		str	r3, [r0, #16]
 2169 0022 7047     		bx	lr
 2170              	.L157:
ARM GAS  /tmp/cclurMk5.s 			page 84


1609:./Libraries/src/stm32f4xx_can.c ****     {
 2171              		.loc 1 1609 10 is_stmt 1 view .LVU773
1609:./Libraries/src/stm32f4xx_can.c ****     {
 2172              		.loc 1 1609 13 is_stmt 0 view .LVU774
 2173 0024 11F0006F 		tst	r1, #134217728
 2174 0028 01D0     		beq	.L158
1612:./Libraries/src/stm32f4xx_can.c ****     }
 2175              		.loc 1 1612 7 is_stmt 1 view .LVU775
1612:./Libraries/src/stm32f4xx_can.c ****     }
 2176              		.loc 1 1612 17 is_stmt 0 view .LVU776
 2177 002a 8360     		str	r3, [r0, #8]
 2178 002c 7047     		bx	lr
 2179              	.L158:
1617:./Libraries/src/stm32f4xx_can.c ****     }
 2180              		.loc 1 1617 7 is_stmt 1 view .LVU777
1617:./Libraries/src/stm32f4xx_can.c ****     }
 2181              		.loc 1 1617 17 is_stmt 0 view .LVU778
 2182 002e 4360     		str	r3, [r0, #4]
1620:./Libraries/src/stm32f4xx_can.c **** 
 2183              		.loc 1 1620 1 view .LVU779
 2184 0030 7047     		bx	lr
 2185              	.L161:
 2186 0032 00BF     		.align	2
 2187              	.L160:
 2188 0034 7000F030 		.word	821035120
 2189              		.cfi_endproc
 2190              	.LFE144:
 2192              		.section	.text.CAN_GetITStatus,"ax",%progbits
 2193              		.align	1
 2194              		.global	CAN_GetITStatus
 2195              		.syntax unified
 2196              		.thumb
 2197              		.thumb_func
 2199              	CAN_GetITStatus:
 2200              	.LVL152:
 2201              	.LFB145:
1645:./Libraries/src/stm32f4xx_can.c ****   ITStatus itstatus = RESET;
 2202              		.loc 1 1645 1 is_stmt 1 view -0
 2203              		.cfi_startproc
 2204              		@ args = 0, pretend = 0, frame = 0
 2205              		@ frame_needed = 0, uses_anonymous_args = 0
1645:./Libraries/src/stm32f4xx_can.c ****   ITStatus itstatus = RESET;
 2206              		.loc 1 1645 1 is_stmt 0 view .LVU781
 2207 0000 08B5     		push	{r3, lr}
 2208              	.LCFI9:
 2209              		.cfi_def_cfa_offset 8
 2210              		.cfi_offset 3, -8
 2211              		.cfi_offset 14, -4
1646:./Libraries/src/stm32f4xx_can.c ****   /* Check the parameters */
 2212              		.loc 1 1646 3 is_stmt 1 view .LVU782
 2213              	.LVL153:
1648:./Libraries/src/stm32f4xx_can.c ****   assert_param(IS_CAN_IT(CAN_IT));
 2214              		.loc 1 1648 3 view .LVU783
1649:./Libraries/src/stm32f4xx_can.c ****   
 2215              		.loc 1 1649 3 view .LVU784
1652:./Libraries/src/stm32f4xx_can.c ****  {
 2216              		.loc 1 1652 2 view .LVU785
ARM GAS  /tmp/cclurMk5.s 			page 85


1652:./Libraries/src/stm32f4xx_can.c ****  {
 2217              		.loc 1 1652 10 is_stmt 0 view .LVU786
 2218 0002 4369     		ldr	r3, [r0, #20]
1652:./Libraries/src/stm32f4xx_can.c ****  {
 2219              		.loc 1 1652 4 view .LVU787
 2220 0004 0B42     		tst	r3, r1
 2221 0006 7DD0     		beq	.L182
1655:./Libraries/src/stm32f4xx_can.c ****     {
 2222              		.loc 1 1655 5 is_stmt 1 view .LVU788
 2223 0008 B1F5807F 		cmp	r1, #256
 2224 000c 66D0     		beq	.L164
 2225 000e 21D8     		bhi	.L165
 2226 0010 2029     		cmp	r1, #32
 2227 0012 16D8     		bhi	.L166
 2228 0014 0029     		cmp	r1, #0
 2229 0016 77D0     		beq	.L183
 2230 0018 0139     		subs	r1, r1, #1
 2231              	.LVL154:
1655:./Libraries/src/stm32f4xx_can.c ****     {
 2232              		.loc 1 1655 5 is_stmt 0 view .LVU789
 2233 001a 1F29     		cmp	r1, #31
 2234 001c 76D8     		bhi	.L184
 2235 001e DFE801F0 		tbb	[pc, r1]
 2236              	.L168:
 2237 0022 3A       		.byte	(.L173-.L168)/2
 2238 0023 3F       		.byte	(.L172-.L168)/2
 2239 0024 75       		.byte	(.L184-.L168)/2
 2240 0025 44       		.byte	(.L171-.L168)/2
 2241 0026 75       		.byte	(.L184-.L168)/2
 2242 0027 75       		.byte	(.L184-.L168)/2
 2243 0028 75       		.byte	(.L184-.L168)/2
 2244 0029 49       		.byte	(.L170-.L168)/2
 2245 002a 75       		.byte	(.L184-.L168)/2
 2246 002b 75       		.byte	(.L184-.L168)/2
 2247 002c 75       		.byte	(.L184-.L168)/2
 2248 002d 75       		.byte	(.L184-.L168)/2
 2249 002e 75       		.byte	(.L184-.L168)/2
 2250 002f 75       		.byte	(.L184-.L168)/2
 2251 0030 75       		.byte	(.L184-.L168)/2
 2252 0031 4E       		.byte	(.L169-.L168)/2
 2253 0032 75       		.byte	(.L184-.L168)/2
 2254 0033 75       		.byte	(.L184-.L168)/2
 2255 0034 75       		.byte	(.L184-.L168)/2
 2256 0035 75       		.byte	(.L184-.L168)/2
 2257 0036 75       		.byte	(.L184-.L168)/2
 2258 0037 75       		.byte	(.L184-.L168)/2
 2259 0038 75       		.byte	(.L184-.L168)/2
 2260 0039 75       		.byte	(.L184-.L168)/2
 2261 003a 75       		.byte	(.L184-.L168)/2
 2262 003b 75       		.byte	(.L184-.L168)/2
 2263 003c 75       		.byte	(.L184-.L168)/2
 2264 003d 75       		.byte	(.L184-.L168)/2
 2265 003e 75       		.byte	(.L184-.L168)/2
 2266 003f 75       		.byte	(.L184-.L168)/2
 2267 0040 75       		.byte	(.L184-.L168)/2
 2268 0041 53       		.byte	(.L167-.L168)/2
 2269              	.LVL155:
ARM GAS  /tmp/cclurMk5.s 			page 86


 2270              		.p2align 1
 2271              	.L166:
1655:./Libraries/src/stm32f4xx_can.c ****     {
 2272              		.loc 1 1655 5 view .LVU790
 2273 0042 4029     		cmp	r1, #64
 2274 0044 04D1     		bne	.L186
1683:./Libraries/src/stm32f4xx_can.c ****         break;
 2275              		.loc 1 1683 9 is_stmt 1 view .LVU791
1683:./Libraries/src/stm32f4xx_can.c ****         break;
 2276              		.loc 1 1683 38 is_stmt 0 view .LVU792
 2277 0046 0069     		ldr	r0, [r0, #16]
 2278              	.LVL156:
1683:./Libraries/src/stm32f4xx_can.c ****         break;
 2279              		.loc 1 1683 20 view .LVU793
 2280 0048 1021     		movs	r1, #16
 2281              	.LVL157:
1683:./Libraries/src/stm32f4xx_can.c ****         break;
 2282              		.loc 1 1683 20 view .LVU794
 2283 004a FFF7FEFF 		bl	CheckITStatus
 2284              	.LVL158:
1684:./Libraries/src/stm32f4xx_can.c ****       case CAN_IT_WKU:
 2285              		.loc 1 1684 9 is_stmt 1 view .LVU795
 2286 004e 5AE0     		b	.L163
 2287              	.LVL159:
 2288              	.L186:
1655:./Libraries/src/stm32f4xx_can.c ****     {
 2289              		.loc 1 1655 5 is_stmt 0 view .LVU796
 2290 0050 0020     		movs	r0, #0
 2291              	.LVL160:
1655:./Libraries/src/stm32f4xx_can.c ****     {
 2292              		.loc 1 1655 5 view .LVU797
 2293 0052 58E0     		b	.L163
 2294              	.LVL161:
 2295              	.L165:
1655:./Libraries/src/stm32f4xx_can.c ****     {
 2296              		.loc 1 1655 5 view .LVU798
 2297 0054 B1F5004F 		cmp	r1, #32768
 2298 0058 4FD0     		beq	.L175
 2299 005a 0FD8     		bhi	.L176
 2300 005c B1F5806F 		cmp	r1, #1024
 2301 0060 41D0     		beq	.L177
 2302 0062 B1F5006F 		cmp	r1, #2048
 2303 0066 43D0     		beq	.L178
 2304 0068 B1F5007F 		cmp	r1, #512
 2305 006c 04D1     		bne	.L187
1699:./Libraries/src/stm32f4xx_can.c ****         break;
 2306              		.loc 1 1699 9 is_stmt 1 view .LVU799
1699:./Libraries/src/stm32f4xx_can.c ****         break;
 2307              		.loc 1 1699 38 is_stmt 0 view .LVU800
 2308 006e 8069     		ldr	r0, [r0, #24]
 2309              	.LVL162:
1699:./Libraries/src/stm32f4xx_can.c ****         break;
 2310              		.loc 1 1699 20 view .LVU801
 2311 0070 0221     		movs	r1, #2
 2312              	.LVL163:
1699:./Libraries/src/stm32f4xx_can.c ****         break;
 2313              		.loc 1 1699 20 view .LVU802
ARM GAS  /tmp/cclurMk5.s 			page 87


 2314 0072 FFF7FEFF 		bl	CheckITStatus
 2315              	.LVL164:
1700:./Libraries/src/stm32f4xx_can.c ****       case CAN_IT_BOF:
 2316              		.loc 1 1700 9 is_stmt 1 view .LVU803
 2317 0076 46E0     		b	.L163
 2318              	.LVL165:
 2319              	.L187:
1655:./Libraries/src/stm32f4xx_can.c ****     {
 2320              		.loc 1 1655 5 is_stmt 0 view .LVU804
 2321 0078 0020     		movs	r0, #0
 2322              	.LVL166:
1655:./Libraries/src/stm32f4xx_can.c ****     {
 2323              		.loc 1 1655 5 view .LVU805
 2324 007a 44E0     		b	.L163
 2325              	.LVL167:
 2326              	.L176:
1655:./Libraries/src/stm32f4xx_can.c ****     {
 2327              		.loc 1 1655 5 view .LVU806
 2328 007c B1F5803F 		cmp	r1, #65536
 2329 0080 27D0     		beq	.L180
 2330 0082 B1F5003F 		cmp	r1, #131072
 2331 0086 04D1     		bne	.L188
1691:./Libraries/src/stm32f4xx_can.c ****         break;
 2332              		.loc 1 1691 9 is_stmt 1 view .LVU807
1691:./Libraries/src/stm32f4xx_can.c ****         break;
 2333              		.loc 1 1691 38 is_stmt 0 view .LVU808
 2334 0088 4068     		ldr	r0, [r0, #4]
 2335              	.LVL168:
1691:./Libraries/src/stm32f4xx_can.c ****         break;
 2336              		.loc 1 1691 20 view .LVU809
 2337 008a 1021     		movs	r1, #16
 2338              	.LVL169:
1691:./Libraries/src/stm32f4xx_can.c ****         break;
 2339              		.loc 1 1691 20 view .LVU810
 2340 008c FFF7FEFF 		bl	CheckITStatus
 2341              	.LVL170:
1692:./Libraries/src/stm32f4xx_can.c ****       case CAN_IT_EWG:
 2342              		.loc 1 1692 9 is_stmt 1 view .LVU811
 2343 0090 39E0     		b	.L163
 2344              	.LVL171:
 2345              	.L188:
1655:./Libraries/src/stm32f4xx_can.c ****     {
 2346              		.loc 1 1655 5 is_stmt 0 view .LVU812
 2347 0092 0020     		movs	r0, #0
 2348              	.LVL172:
1655:./Libraries/src/stm32f4xx_can.c ****     {
 2349              		.loc 1 1655 5 view .LVU813
 2350 0094 37E0     		b	.L163
 2351              	.LVL173:
 2352              	.L173:
1659:./Libraries/src/stm32f4xx_can.c ****         break;
 2353              		.loc 1 1659 9 is_stmt 1 view .LVU814
1659:./Libraries/src/stm32f4xx_can.c ****         break;
 2354              		.loc 1 1659 38 is_stmt 0 view .LVU815
 2355 0096 8068     		ldr	r0, [r0, #8]
 2356              	.LVL174:
1659:./Libraries/src/stm32f4xx_can.c ****         break;
ARM GAS  /tmp/cclurMk5.s 			page 88


 2357              		.loc 1 1659 20 view .LVU816
 2358 0098 1D49     		ldr	r1, .L189
 2359              	.LVL175:
1659:./Libraries/src/stm32f4xx_can.c ****         break;
 2360              		.loc 1 1659 20 view .LVU817
 2361 009a FFF7FEFF 		bl	CheckITStatus
 2362              	.LVL176:
1660:./Libraries/src/stm32f4xx_can.c ****       case CAN_IT_FMP0:
 2363              		.loc 1 1660 9 is_stmt 1 view .LVU818
 2364 009e 32E0     		b	.L163
 2365              	.LVL177:
 2366              	.L172:
1663:./Libraries/src/stm32f4xx_can.c ****         break;
 2367              		.loc 1 1663 9 view .LVU819
1663:./Libraries/src/stm32f4xx_can.c ****         break;
 2368              		.loc 1 1663 38 is_stmt 0 view .LVU820
 2369 00a0 C068     		ldr	r0, [r0, #12]
 2370              	.LVL178:
1663:./Libraries/src/stm32f4xx_can.c ****         break;
 2371              		.loc 1 1663 20 view .LVU821
 2372 00a2 0321     		movs	r1, #3
 2373 00a4 FFF7FEFF 		bl	CheckITStatus
 2374              	.LVL179:
1664:./Libraries/src/stm32f4xx_can.c ****       case CAN_IT_FF0:
 2375              		.loc 1 1664 9 is_stmt 1 view .LVU822
 2376 00a8 2DE0     		b	.L163
 2377              	.LVL180:
 2378              	.L171:
1667:./Libraries/src/stm32f4xx_can.c ****         break;
 2379              		.loc 1 1667 9 view .LVU823
1667:./Libraries/src/stm32f4xx_can.c ****         break;
 2380              		.loc 1 1667 38 is_stmt 0 view .LVU824
 2381 00aa C068     		ldr	r0, [r0, #12]
 2382              	.LVL181:
1667:./Libraries/src/stm32f4xx_can.c ****         break;
 2383              		.loc 1 1667 20 view .LVU825
 2384 00ac 0821     		movs	r1, #8
 2385 00ae FFF7FEFF 		bl	CheckITStatus
 2386              	.LVL182:
1668:./Libraries/src/stm32f4xx_can.c ****       case CAN_IT_FOV0:
 2387              		.loc 1 1668 9 is_stmt 1 view .LVU826
 2388 00b2 28E0     		b	.L163
 2389              	.LVL183:
 2390              	.L170:
1671:./Libraries/src/stm32f4xx_can.c ****         break;
 2391              		.loc 1 1671 9 view .LVU827
1671:./Libraries/src/stm32f4xx_can.c ****         break;
 2392              		.loc 1 1671 38 is_stmt 0 view .LVU828
 2393 00b4 C068     		ldr	r0, [r0, #12]
 2394              	.LVL184:
1671:./Libraries/src/stm32f4xx_can.c ****         break;
 2395              		.loc 1 1671 20 view .LVU829
 2396 00b6 1021     		movs	r1, #16
 2397 00b8 FFF7FEFF 		bl	CheckITStatus
 2398              	.LVL185:
1672:./Libraries/src/stm32f4xx_can.c ****       case CAN_IT_FMP1:
 2399              		.loc 1 1672 9 is_stmt 1 view .LVU830
ARM GAS  /tmp/cclurMk5.s 			page 89


 2400 00bc 23E0     		b	.L163
 2401              	.LVL186:
 2402              	.L169:
1675:./Libraries/src/stm32f4xx_can.c ****         break;
 2403              		.loc 1 1675 9 view .LVU831
1675:./Libraries/src/stm32f4xx_can.c ****         break;
 2404              		.loc 1 1675 38 is_stmt 0 view .LVU832
 2405 00be 0069     		ldr	r0, [r0, #16]
 2406              	.LVL187:
1675:./Libraries/src/stm32f4xx_can.c ****         break;
 2407              		.loc 1 1675 20 view .LVU833
 2408 00c0 0321     		movs	r1, #3
 2409 00c2 FFF7FEFF 		bl	CheckITStatus
 2410              	.LVL188:
1676:./Libraries/src/stm32f4xx_can.c ****       case CAN_IT_FF1:
 2411              		.loc 1 1676 9 is_stmt 1 view .LVU834
 2412 00c6 1EE0     		b	.L163
 2413              	.LVL189:
 2414              	.L167:
1679:./Libraries/src/stm32f4xx_can.c ****         break;
 2415              		.loc 1 1679 9 view .LVU835
1679:./Libraries/src/stm32f4xx_can.c ****         break;
 2416              		.loc 1 1679 38 is_stmt 0 view .LVU836
 2417 00c8 0069     		ldr	r0, [r0, #16]
 2418              	.LVL190:
1679:./Libraries/src/stm32f4xx_can.c ****         break;
 2419              		.loc 1 1679 20 view .LVU837
 2420 00ca 0821     		movs	r1, #8
 2421 00cc FFF7FEFF 		bl	CheckITStatus
 2422              	.LVL191:
1680:./Libraries/src/stm32f4xx_can.c ****       case CAN_IT_FOV1:
 2423              		.loc 1 1680 9 is_stmt 1 view .LVU838
 2424 00d0 19E0     		b	.L163
 2425              	.LVL192:
 2426              	.L180:
1687:./Libraries/src/stm32f4xx_can.c ****         break;
 2427              		.loc 1 1687 9 view .LVU839
1687:./Libraries/src/stm32f4xx_can.c ****         break;
 2428              		.loc 1 1687 38 is_stmt 0 view .LVU840
 2429 00d2 4068     		ldr	r0, [r0, #4]
 2430              	.LVL193:
1687:./Libraries/src/stm32f4xx_can.c ****         break;
 2431              		.loc 1 1687 20 view .LVU841
 2432 00d4 0821     		movs	r1, #8
 2433              	.LVL194:
1687:./Libraries/src/stm32f4xx_can.c ****         break;
 2434              		.loc 1 1687 20 view .LVU842
 2435 00d6 FFF7FEFF 		bl	CheckITStatus
 2436              	.LVL195:
1688:./Libraries/src/stm32f4xx_can.c ****       case CAN_IT_SLK:
 2437              		.loc 1 1688 9 is_stmt 1 view .LVU843
 2438 00da 14E0     		b	.L163
 2439              	.LVL196:
 2440              	.L164:
1695:./Libraries/src/stm32f4xx_can.c ****         break;
 2441              		.loc 1 1695 9 view .LVU844
1695:./Libraries/src/stm32f4xx_can.c ****         break;
ARM GAS  /tmp/cclurMk5.s 			page 90


 2442              		.loc 1 1695 38 is_stmt 0 view .LVU845
 2443 00dc 8069     		ldr	r0, [r0, #24]
 2444              	.LVL197:
1695:./Libraries/src/stm32f4xx_can.c ****         break;
 2445              		.loc 1 1695 20 view .LVU846
 2446 00de 0121     		movs	r1, #1
 2447              	.LVL198:
1695:./Libraries/src/stm32f4xx_can.c ****         break;
 2448              		.loc 1 1695 20 view .LVU847
 2449 00e0 FFF7FEFF 		bl	CheckITStatus
 2450              	.LVL199:
1696:./Libraries/src/stm32f4xx_can.c ****       case CAN_IT_EPV:
 2451              		.loc 1 1696 9 is_stmt 1 view .LVU848
 2452 00e4 0FE0     		b	.L163
 2453              	.LVL200:
 2454              	.L177:
1703:./Libraries/src/stm32f4xx_can.c ****         break;
 2455              		.loc 1 1703 9 view .LVU849
1703:./Libraries/src/stm32f4xx_can.c ****         break;
 2456              		.loc 1 1703 38 is_stmt 0 view .LVU850
 2457 00e6 8069     		ldr	r0, [r0, #24]
 2458              	.LVL201:
1703:./Libraries/src/stm32f4xx_can.c ****         break;
 2459              		.loc 1 1703 20 view .LVU851
 2460 00e8 0421     		movs	r1, #4
 2461              	.LVL202:
1703:./Libraries/src/stm32f4xx_can.c ****         break;
 2462              		.loc 1 1703 20 view .LVU852
 2463 00ea FFF7FEFF 		bl	CheckITStatus
 2464              	.LVL203:
1704:./Libraries/src/stm32f4xx_can.c ****       case CAN_IT_LEC:
 2465              		.loc 1 1704 9 is_stmt 1 view .LVU853
 2466 00ee 0AE0     		b	.L163
 2467              	.LVL204:
 2468              	.L178:
1707:./Libraries/src/stm32f4xx_can.c ****         break;
 2469              		.loc 1 1707 9 view .LVU854
1707:./Libraries/src/stm32f4xx_can.c ****         break;
 2470              		.loc 1 1707 38 is_stmt 0 view .LVU855
 2471 00f0 8069     		ldr	r0, [r0, #24]
 2472              	.LVL205:
1707:./Libraries/src/stm32f4xx_can.c ****         break;
 2473              		.loc 1 1707 20 view .LVU856
 2474 00f2 7021     		movs	r1, #112
 2475              	.LVL206:
1707:./Libraries/src/stm32f4xx_can.c ****         break;
 2476              		.loc 1 1707 20 view .LVU857
 2477 00f4 FFF7FEFF 		bl	CheckITStatus
 2478              	.LVL207:
1708:./Libraries/src/stm32f4xx_can.c ****       case CAN_IT_ERR:
 2479              		.loc 1 1708 9 is_stmt 1 view .LVU858
 2480 00f8 05E0     		b	.L163
 2481              	.LVL208:
 2482              	.L175:
1711:./Libraries/src/stm32f4xx_can.c ****         break;
 2483              		.loc 1 1711 9 view .LVU859
1711:./Libraries/src/stm32f4xx_can.c ****         break;
ARM GAS  /tmp/cclurMk5.s 			page 91


 2484              		.loc 1 1711 38 is_stmt 0 view .LVU860
 2485 00fa 4068     		ldr	r0, [r0, #4]
 2486              	.LVL209:
1711:./Libraries/src/stm32f4xx_can.c ****         break;
 2487              		.loc 1 1711 20 view .LVU861
 2488 00fc 0421     		movs	r1, #4
 2489              	.LVL210:
1711:./Libraries/src/stm32f4xx_can.c ****         break;
 2490              		.loc 1 1711 20 view .LVU862
 2491 00fe FFF7FEFF 		bl	CheckITStatus
 2492              	.LVL211:
1712:./Libraries/src/stm32f4xx_can.c ****       default:
 2493              		.loc 1 1712 9 is_stmt 1 view .LVU863
 2494 0102 00E0     		b	.L163
 2495              	.LVL212:
 2496              	.L182:
1722:./Libraries/src/stm32f4xx_can.c ****   }
 2497              		.loc 1 1722 15 is_stmt 0 view .LVU864
 2498 0104 0020     		movs	r0, #0
 2499              	.LVL213:
 2500              	.L163:
1726:./Libraries/src/stm32f4xx_can.c **** }
 2501              		.loc 1 1726 3 is_stmt 1 view .LVU865
1727:./Libraries/src/stm32f4xx_can.c **** 
 2502              		.loc 1 1727 1 is_stmt 0 view .LVU866
 2503 0106 08BD     		pop	{r3, pc}
 2504              	.LVL214:
 2505              	.L183:
1655:./Libraries/src/stm32f4xx_can.c ****     {
 2506              		.loc 1 1655 5 view .LVU867
 2507 0108 0020     		movs	r0, #0
 2508              	.LVL215:
1655:./Libraries/src/stm32f4xx_can.c ****     {
 2509              		.loc 1 1655 5 view .LVU868
 2510 010a FCE7     		b	.L163
 2511              	.LVL216:
 2512              	.L184:
1655:./Libraries/src/stm32f4xx_can.c ****     {
 2513              		.loc 1 1655 5 view .LVU869
 2514 010c 0020     		movs	r0, #0
 2515              	.LVL217:
1655:./Libraries/src/stm32f4xx_can.c ****     {
 2516              		.loc 1 1655 5 view .LVU870
 2517 010e FAE7     		b	.L163
 2518              	.L190:
 2519              		.align	2
 2520              	.L189:
 2521 0110 01010100 		.word	65793
 2522              		.cfi_endproc
 2523              	.LFE145:
 2525              		.section	.text.CAN_ClearITPendingBit,"ax",%progbits
 2526              		.align	1
 2527              		.global	CAN_ClearITPendingBit
 2528              		.syntax unified
 2529              		.thumb
 2530              		.thumb_func
 2532              	CAN_ClearITPendingBit:
ARM GAS  /tmp/cclurMk5.s 			page 92


 2533              	.LVL218:
 2534              	.LFB146:
1750:./Libraries/src/stm32f4xx_can.c ****   /* Check the parameters */
 2535              		.loc 1 1750 1 is_stmt 1 view -0
 2536              		.cfi_startproc
 2537              		@ args = 0, pretend = 0, frame = 0
 2538              		@ frame_needed = 0, uses_anonymous_args = 0
 2539              		@ link register save eliminated.
1752:./Libraries/src/stm32f4xx_can.c ****   assert_param(IS_CAN_CLEAR_IT(CAN_IT));
 2540              		.loc 1 1752 3 view .LVU872
1753:./Libraries/src/stm32f4xx_can.c **** 
 2541              		.loc 1 1753 3 view .LVU873
1755:./Libraries/src/stm32f4xx_can.c ****   {
 2542              		.loc 1 1755 3 view .LVU874
 2543 0000 B1F5007F 		cmp	r1, #512
 2544 0004 4ED0     		beq	.L192
 2545 0006 21D8     		bhi	.L193
 2546 0008 2029     		cmp	r1, #32
 2547 000a 16D8     		bhi	.L194
 2548 000c 0029     		cmp	r1, #0
 2549 000e 53D0     		beq	.L191
 2550 0010 0139     		subs	r1, r1, #1
 2551              	.LVL219:
1755:./Libraries/src/stm32f4xx_can.c ****   {
 2552              		.loc 1 1755 3 is_stmt 0 view .LVU875
 2553 0012 1F29     		cmp	r1, #31
 2554 0014 50D8     		bhi	.L191
 2555 0016 DFE801F0 		tbb	[pc, r1]
 2556              	.L197:
 2557 001a 33       		.byte	(.L200-.L197)/2
 2558 001b 4F       		.byte	(.L191-.L197)/2
 2559 001c 4F       		.byte	(.L191-.L197)/2
 2560 001d 36       		.byte	(.L199-.L197)/2
 2561 001e 4F       		.byte	(.L191-.L197)/2
 2562 001f 4F       		.byte	(.L191-.L197)/2
 2563 0020 4F       		.byte	(.L191-.L197)/2
 2564 0021 39       		.byte	(.L198-.L197)/2
 2565 0022 4F       		.byte	(.L191-.L197)/2
 2566 0023 4F       		.byte	(.L191-.L197)/2
 2567 0024 4F       		.byte	(.L191-.L197)/2
 2568 0025 4F       		.byte	(.L191-.L197)/2
 2569 0026 4F       		.byte	(.L191-.L197)/2
 2570 0027 4F       		.byte	(.L191-.L197)/2
 2571 0028 4F       		.byte	(.L191-.L197)/2
 2572 0029 4F       		.byte	(.L191-.L197)/2
 2573 002a 4F       		.byte	(.L191-.L197)/2
 2574 002b 4F       		.byte	(.L191-.L197)/2
 2575 002c 4F       		.byte	(.L191-.L197)/2
 2576 002d 4F       		.byte	(.L191-.L197)/2
 2577 002e 4F       		.byte	(.L191-.L197)/2
 2578 002f 4F       		.byte	(.L191-.L197)/2
 2579 0030 4F       		.byte	(.L191-.L197)/2
 2580 0031 4F       		.byte	(.L191-.L197)/2
 2581 0032 4F       		.byte	(.L191-.L197)/2
 2582 0033 4F       		.byte	(.L191-.L197)/2
 2583 0034 4F       		.byte	(.L191-.L197)/2
 2584 0035 4F       		.byte	(.L191-.L197)/2
ARM GAS  /tmp/cclurMk5.s 			page 93


 2585 0036 4F       		.byte	(.L191-.L197)/2
 2586 0037 4F       		.byte	(.L191-.L197)/2
 2587 0038 4F       		.byte	(.L191-.L197)/2
 2588 0039 3C       		.byte	(.L196-.L197)/2
 2589              	.LVL220:
 2590              		.p2align 1
 2591              	.L194:
1755:./Libraries/src/stm32f4xx_can.c ****   {
 2592              		.loc 1 1755 3 view .LVU876
 2593 003a 4029     		cmp	r1, #64
 2594 003c 2CD0     		beq	.L201
 2595 003e B1F5807F 		cmp	r1, #256
 2596 0042 02D1     		bne	.L210
1787:./Libraries/src/stm32f4xx_can.c ****        /* @note the corresponding Flag is cleared by hardware depending on the CAN Bus status*/ 
 2597              		.loc 1 1787 7 is_stmt 1 view .LVU877
1787:./Libraries/src/stm32f4xx_can.c ****        /* @note the corresponding Flag is cleared by hardware depending on the CAN Bus status*/ 
 2598              		.loc 1 1787 17 is_stmt 0 view .LVU878
 2599 0044 0423     		movs	r3, #4
 2600 0046 4360     		str	r3, [r0, #4]
1789:./Libraries/src/stm32f4xx_can.c ****     case CAN_IT_EPV:
 2601              		.loc 1 1789 7 is_stmt 1 view .LVU879
 2602 0048 7047     		bx	lr
 2603              	.L210:
1789:./Libraries/src/stm32f4xx_can.c ****     case CAN_IT_EPV:
 2604              		.loc 1 1789 7 is_stmt 0 view .LVU880
 2605 004a 7047     		bx	lr
 2606              	.L193:
1755:./Libraries/src/stm32f4xx_can.c ****   {
 2607              		.loc 1 1755 3 view .LVU881
 2608 004c B1F5004F 		cmp	r1, #32768
 2609 0050 2ED0     		beq	.L203
 2610 0052 08D9     		bls	.L211
 2611 0054 B1F5803F 		cmp	r1, #65536
 2612 0058 21D0     		beq	.L207
 2613 005a B1F5003F 		cmp	r1, #131072
 2614 005e 0ED1     		bne	.L212
1783:./Libraries/src/stm32f4xx_can.c ****       break;
 2615              		.loc 1 1783 7 is_stmt 1 view .LVU882
1783:./Libraries/src/stm32f4xx_can.c ****       break;
 2616              		.loc 1 1783 17 is_stmt 0 view .LVU883
 2617 0060 1023     		movs	r3, #16
 2618 0062 4360     		str	r3, [r0, #4]
1784:./Libraries/src/stm32f4xx_can.c ****     case CAN_IT_EWG:
 2619              		.loc 1 1784 7 is_stmt 1 view .LVU884
 2620 0064 7047     		bx	lr
 2621              	.L211:
1755:./Libraries/src/stm32f4xx_can.c ****   {
 2622              		.loc 1 1755 3 is_stmt 0 view .LVU885
 2623 0066 B1F5806F 		cmp	r1, #1024
 2624 006a 1ED0     		beq	.L205
 2625 006c B1F5006F 		cmp	r1, #2048
 2626 0070 04D1     		bne	.L213
1802:./Libraries/src/stm32f4xx_can.c ****       /* Clear CAN_MSR_ERRI (rc_w1) */
 2627              		.loc 1 1802 7 is_stmt 1 view .LVU886
1802:./Libraries/src/stm32f4xx_can.c ****       /* Clear CAN_MSR_ERRI (rc_w1) */
 2628              		.loc 1 1802 17 is_stmt 0 view .LVU887
 2629 0072 0023     		movs	r3, #0
ARM GAS  /tmp/cclurMk5.s 			page 94


 2630 0074 8361     		str	r3, [r0, #24]
1804:./Libraries/src/stm32f4xx_can.c ****       break;
 2631              		.loc 1 1804 7 is_stmt 1 view .LVU888
1804:./Libraries/src/stm32f4xx_can.c ****       break;
 2632              		.loc 1 1804 17 is_stmt 0 view .LVU889
 2633 0076 0423     		movs	r3, #4
 2634 0078 4360     		str	r3, [r0, #4]
1805:./Libraries/src/stm32f4xx_can.c ****     case CAN_IT_ERR:
 2635              		.loc 1 1805 7 is_stmt 1 view .LVU890
 2636 007a 7047     		bx	lr
 2637              	.L213:
1805:./Libraries/src/stm32f4xx_can.c ****     case CAN_IT_ERR:
 2638              		.loc 1 1805 7 is_stmt 0 view .LVU891
 2639 007c 7047     		bx	lr
 2640              	.L212:
1805:./Libraries/src/stm32f4xx_can.c ****     case CAN_IT_ERR:
 2641              		.loc 1 1805 7 view .LVU892
 2642 007e 7047     		bx	lr
 2643              	.LVL221:
 2644              	.L200:
1759:./Libraries/src/stm32f4xx_can.c ****       break;
 2645              		.loc 1 1759 7 is_stmt 1 view .LVU893
1759:./Libraries/src/stm32f4xx_can.c ****       break;
 2646              		.loc 1 1759 17 is_stmt 0 view .LVU894
 2647 0080 0E4B     		ldr	r3, .L214
 2648 0082 8360     		str	r3, [r0, #8]
1760:./Libraries/src/stm32f4xx_can.c ****     case CAN_IT_FF0:
 2649              		.loc 1 1760 7 is_stmt 1 view .LVU895
 2650 0084 7047     		bx	lr
 2651              	.L199:
1763:./Libraries/src/stm32f4xx_can.c ****       break;
 2652              		.loc 1 1763 7 view .LVU896
1763:./Libraries/src/stm32f4xx_can.c ****       break;
 2653              		.loc 1 1763 18 is_stmt 0 view .LVU897
 2654 0086 0823     		movs	r3, #8
 2655 0088 C360     		str	r3, [r0, #12]
1764:./Libraries/src/stm32f4xx_can.c ****     case CAN_IT_FOV0:
 2656              		.loc 1 1764 7 is_stmt 1 view .LVU898
 2657 008a 7047     		bx	lr
 2658              	.L198:
1767:./Libraries/src/stm32f4xx_can.c ****       break;
 2659              		.loc 1 1767 7 view .LVU899
1767:./Libraries/src/stm32f4xx_can.c ****       break;
 2660              		.loc 1 1767 18 is_stmt 0 view .LVU900
 2661 008c 1023     		movs	r3, #16
 2662 008e C360     		str	r3, [r0, #12]
1768:./Libraries/src/stm32f4xx_can.c ****     case CAN_IT_FF1:
 2663              		.loc 1 1768 7 is_stmt 1 view .LVU901
 2664 0090 7047     		bx	lr
 2665              	.L196:
1771:./Libraries/src/stm32f4xx_can.c ****       break;
 2666              		.loc 1 1771 7 view .LVU902
1771:./Libraries/src/stm32f4xx_can.c ****       break;
 2667              		.loc 1 1771 18 is_stmt 0 view .LVU903
 2668 0092 0823     		movs	r3, #8
 2669 0094 0361     		str	r3, [r0, #16]
1772:./Libraries/src/stm32f4xx_can.c ****     case CAN_IT_FOV1:
ARM GAS  /tmp/cclurMk5.s 			page 95


 2670              		.loc 1 1772 7 is_stmt 1 view .LVU904
 2671 0096 7047     		bx	lr
 2672              	.LVL222:
 2673              	.L201:
1775:./Libraries/src/stm32f4xx_can.c ****       break;
 2674              		.loc 1 1775 7 view .LVU905
1775:./Libraries/src/stm32f4xx_can.c ****       break;
 2675              		.loc 1 1775 18 is_stmt 0 view .LVU906
 2676 0098 1023     		movs	r3, #16
 2677 009a 0361     		str	r3, [r0, #16]
1776:./Libraries/src/stm32f4xx_can.c ****     case CAN_IT_WKU:
 2678              		.loc 1 1776 7 is_stmt 1 view .LVU907
 2679 009c 7047     		bx	lr
 2680              	.L207:
1779:./Libraries/src/stm32f4xx_can.c ****       break;
 2681              		.loc 1 1779 7 view .LVU908
1779:./Libraries/src/stm32f4xx_can.c ****       break;
 2682              		.loc 1 1779 17 is_stmt 0 view .LVU909
 2683 009e 0823     		movs	r3, #8
 2684 00a0 4360     		str	r3, [r0, #4]
1780:./Libraries/src/stm32f4xx_can.c ****     case CAN_IT_SLK:
 2685              		.loc 1 1780 7 is_stmt 1 view .LVU910
 2686 00a2 7047     		bx	lr
 2687              	.L192:
1792:./Libraries/src/stm32f4xx_can.c ****        /* @note the corresponding Flag is cleared by hardware depending on the CAN Bus status*/
 2688              		.loc 1 1792 7 view .LVU911
1792:./Libraries/src/stm32f4xx_can.c ****        /* @note the corresponding Flag is cleared by hardware depending on the CAN Bus status*/
 2689              		.loc 1 1792 17 is_stmt 0 view .LVU912
 2690 00a4 0423     		movs	r3, #4
 2691 00a6 4360     		str	r3, [r0, #4]
1794:./Libraries/src/stm32f4xx_can.c ****     case CAN_IT_BOF:
 2692              		.loc 1 1794 7 is_stmt 1 view .LVU913
 2693 00a8 7047     		bx	lr
 2694              	.L205:
1797:./Libraries/src/stm32f4xx_can.c ****        /* @note the corresponding Flag is cleared by hardware depending on the CAN Bus status*/
 2695              		.loc 1 1797 7 view .LVU914
1797:./Libraries/src/stm32f4xx_can.c ****        /* @note the corresponding Flag is cleared by hardware depending on the CAN Bus status*/
 2696              		.loc 1 1797 17 is_stmt 0 view .LVU915
 2697 00aa 0423     		movs	r3, #4
 2698 00ac 4360     		str	r3, [r0, #4]
1799:./Libraries/src/stm32f4xx_can.c ****     case CAN_IT_LEC:
 2699              		.loc 1 1799 8 is_stmt 1 view .LVU916
 2700 00ae 7047     		bx	lr
 2701              	.L203:
1808:./Libraries/src/stm32f4xx_can.c ****       /* Clear CAN_MSR_ERRI (rc_w1) */
 2702              		.loc 1 1808 7 view .LVU917
1808:./Libraries/src/stm32f4xx_can.c ****       /* Clear CAN_MSR_ERRI (rc_w1) */
 2703              		.loc 1 1808 17 is_stmt 0 view .LVU918
 2704 00b0 0023     		movs	r3, #0
 2705 00b2 8361     		str	r3, [r0, #24]
1810:./Libraries/src/stm32f4xx_can.c ****        /* @note BOFF, EPVF and EWGF Flags are cleared by hardware depending on the CAN Bus status*/
 2706              		.loc 1 1810 7 is_stmt 1 view .LVU919
1810:./Libraries/src/stm32f4xx_can.c ****        /* @note BOFF, EPVF and EWGF Flags are cleared by hardware depending on the CAN Bus status*/
 2707              		.loc 1 1810 17 is_stmt 0 view .LVU920
 2708 00b4 0423     		movs	r3, #4
 2709 00b6 4360     		str	r3, [r0, #4]
1812:./Libraries/src/stm32f4xx_can.c ****     default:
ARM GAS  /tmp/cclurMk5.s 			page 96


 2710              		.loc 1 1812 8 is_stmt 1 view .LVU921
 2711              	.LVL223:
 2712              	.L191:
1816:./Libraries/src/stm32f4xx_can.c ****  /**
 2713              		.loc 1 1816 1 is_stmt 0 view .LVU922
 2714 00b8 7047     		bx	lr
 2715              	.L215:
 2716 00ba 00BF     		.align	2
 2717              	.L214:
 2718 00bc 01010100 		.word	65793
 2719              		.cfi_endproc
 2720              	.LFE146:
 2722              		.text
 2723              	.Letext0:
 2724              		.file 2 "/opt/gcc-arm-none-eabi/arm-none-eabi/include/machine/_default_types.h"
 2725              		.file 3 "/opt/gcc-arm-none-eabi/arm-none-eabi/include/sys/_stdint.h"
 2726              		.file 4 "./system/stm32f4xx.h"
 2727              		.file 5 "./Libraries/inc/stm32f4xx_can.h"
 2728              		.file 6 "./Libraries/inc/stm32f4xx_rcc.h"
ARM GAS  /tmp/cclurMk5.s 			page 97


DEFINED SYMBOLS
                            *ABS*:00000000 stm32f4xx_can.c
     /tmp/cclurMk5.s:21     .text.CheckITStatus:00000000 $t
     /tmp/cclurMk5.s:26     .text.CheckITStatus:00000000 CheckITStatus
     /tmp/cclurMk5.s:56     .text.CAN_DeInit:00000000 $t
     /tmp/cclurMk5.s:62     .text.CAN_DeInit:00000000 CAN_DeInit
     /tmp/cclurMk5.s:114    .text.CAN_DeInit:00000034 $d
     /tmp/cclurMk5.s:119    .text.CAN_Init:00000000 $t
     /tmp/cclurMk5.s:125    .text.CAN_Init:00000000 CAN_Init
     /tmp/cclurMk5.s:403    .text.CAN_FilterInit:00000000 $t
     /tmp/cclurMk5.s:409    .text.CAN_FilterInit:00000000 CAN_FilterInit
     /tmp/cclurMk5.s:614    .text.CAN_FilterInit:00000108 $d
     /tmp/cclurMk5.s:619    .text.CAN_StructInit:00000000 $t
     /tmp/cclurMk5.s:625    .text.CAN_StructInit:00000000 CAN_StructInit
     /tmp/cclurMk5.s:676    .text.CAN_SlaveStartBank:00000000 $t
     /tmp/cclurMk5.s:682    .text.CAN_SlaveStartBank:00000000 CAN_SlaveStartBank
     /tmp/cclurMk5.s:722    .text.CAN_SlaveStartBank:00000038 $d
     /tmp/cclurMk5.s:727    .text.CAN_DBGFreeze:00000000 $t
     /tmp/cclurMk5.s:733    .text.CAN_DBGFreeze:00000000 CAN_DBGFreeze
     /tmp/cclurMk5.s:766    .text.CAN_TTComModeCmd:00000000 $t
     /tmp/cclurMk5.s:772    .text.CAN_TTComModeCmd:00000000 CAN_TTComModeCmd
     /tmp/cclurMk5.s:841    .text.CAN_Transmit:00000000 $t
     /tmp/cclurMk5.s:847    .text.CAN_Transmit:00000000 CAN_Transmit
     /tmp/cclurMk5.s:1058   .text.CAN_TransmitStatus:00000000 $t
     /tmp/cclurMk5.s:1064   .text.CAN_TransmitStatus:00000000 CAN_TransmitStatus
     /tmp/cclurMk5.s:1209   .text.CAN_TransmitStatus:00000088 $d
     /tmp/cclurMk5.s:1217   .text.CAN_CancelTransmit:00000000 $t
     /tmp/cclurMk5.s:1223   .text.CAN_CancelTransmit:00000000 CAN_CancelTransmit
     /tmp/cclurMk5.s:1271   .text.CAN_Receive:00000000 $t
     /tmp/cclurMk5.s:1277   .text.CAN_Receive:00000000 CAN_Receive
     /tmp/cclurMk5.s:1435   .text.CAN_FIFORelease:00000000 $t
     /tmp/cclurMk5.s:1441   .text.CAN_FIFORelease:00000000 CAN_FIFORelease
     /tmp/cclurMk5.s:1474   .text.CAN_MessagePending:00000000 $t
     /tmp/cclurMk5.s:1480   .text.CAN_MessagePending:00000000 CAN_MessagePending
     /tmp/cclurMk5.s:1530   .text.CAN_OperatingModeRequest:00000000 $t
     /tmp/cclurMk5.s:1536   .text.CAN_OperatingModeRequest:00000000 CAN_OperatingModeRequest
     /tmp/cclurMk5.s:1726   .text.CAN_Sleep:00000000 $t
     /tmp/cclurMk5.s:1732   .text.CAN_Sleep:00000000 CAN_Sleep
     /tmp/cclurMk5.s:1775   .text.CAN_WakeUp:00000000 $t
     /tmp/cclurMk5.s:1781   .text.CAN_WakeUp:00000000 CAN_WakeUp
     /tmp/cclurMk5.s:1843   .text.CAN_GetLastErrorCode:00000000 $t
     /tmp/cclurMk5.s:1849   .text.CAN_GetLastErrorCode:00000000 CAN_GetLastErrorCode
     /tmp/cclurMk5.s:1873   .text.CAN_GetReceiveErrorCounter:00000000 $t
     /tmp/cclurMk5.s:1879   .text.CAN_GetReceiveErrorCounter:00000000 CAN_GetReceiveErrorCounter
     /tmp/cclurMk5.s:1903   .text.CAN_GetLSBTransmitErrorCounter:00000000 $t
     /tmp/cclurMk5.s:1909   .text.CAN_GetLSBTransmitErrorCounter:00000000 CAN_GetLSBTransmitErrorCounter
     /tmp/cclurMk5.s:1933   .text.CAN_ITConfig:00000000 $t
     /tmp/cclurMk5.s:1939   .text.CAN_ITConfig:00000000 CAN_ITConfig
     /tmp/cclurMk5.s:1973   .text.CAN_GetFlagStatus:00000000 $t
     /tmp/cclurMk5.s:1979   .text.CAN_GetFlagStatus:00000000 CAN_GetFlagStatus
     /tmp/cclurMk5.s:2119   .text.CAN_ClearFlag:00000000 $t
     /tmp/cclurMk5.s:2125   .text.CAN_ClearFlag:00000000 CAN_ClearFlag
     /tmp/cclurMk5.s:2188   .text.CAN_ClearFlag:00000034 $d
     /tmp/cclurMk5.s:2193   .text.CAN_GetITStatus:00000000 $t
     /tmp/cclurMk5.s:2199   .text.CAN_GetITStatus:00000000 CAN_GetITStatus
     /tmp/cclurMk5.s:2237   .text.CAN_GetITStatus:00000022 $d
     /tmp/cclurMk5.s:2270   .text.CAN_GetITStatus:00000042 $t
ARM GAS  /tmp/cclurMk5.s 			page 98


     /tmp/cclurMk5.s:2521   .text.CAN_GetITStatus:00000110 $d
     /tmp/cclurMk5.s:2526   .text.CAN_ClearITPendingBit:00000000 $t
     /tmp/cclurMk5.s:2532   .text.CAN_ClearITPendingBit:00000000 CAN_ClearITPendingBit
     /tmp/cclurMk5.s:2557   .text.CAN_ClearITPendingBit:0000001a $d
     /tmp/cclurMk5.s:2590   .text.CAN_ClearITPendingBit:0000003a $t
     /tmp/cclurMk5.s:2718   .text.CAN_ClearITPendingBit:000000bc $d

UNDEFINED SYMBOLS
RCC_APB1PeriphResetCmd
