ARM GAS  /tmp/cc52A741.s 			page 1


   1              		.cpu cortex-m4
   2              		.arch armv7e-m
   3              		.fpu fpv4-sp-d16
   4              		.eabi_attribute 27, 1
   5              		.eabi_attribute 28, 1
   6              		.eabi_attribute 20, 1
   7              		.eabi_attribute 21, 1
   8              		.eabi_attribute 23, 3
   9              		.eabi_attribute 24, 1
  10              		.eabi_attribute 25, 1
  11              		.eabi_attribute 26, 1
  12              		.eabi_attribute 30, 1
  13              		.eabi_attribute 34, 1
  14              		.eabi_attribute 18, 4
  15              		.file	"stm32f4xx_cryp.c"
  16              		.text
  17              	.Ltext0:
  18              		.cfi_sections	.debug_frame
  19              		.file 1 "./Libraries/src/stm32f4xx_cryp.c"
  20              		.section	.text.CRYP_DeInit,"ax",%progbits
  21              		.align	1
  22              		.global	CRYP_DeInit
  23              		.syntax unified
  24              		.thumb
  25              		.thumb_func
  27              	CRYP_DeInit:
  28              	.LFB123:
   1:./Libraries/src/stm32f4xx_cryp.c **** /**
   2:./Libraries/src/stm32f4xx_cryp.c ****   ******************************************************************************
   3:./Libraries/src/stm32f4xx_cryp.c ****   * @file    stm32f4xx_cryp.c
   4:./Libraries/src/stm32f4xx_cryp.c ****   * @author  MCD Application Team
   5:./Libraries/src/stm32f4xx_cryp.c ****   * @version V1.8.0
   6:./Libraries/src/stm32f4xx_cryp.c ****   * @date    04-November-2016
   7:./Libraries/src/stm32f4xx_cryp.c ****   * @brief   This file provides firmware functions to manage the following 
   8:./Libraries/src/stm32f4xx_cryp.c ****   *          functionalities of the  Cryptographic processor (CRYP) peripheral:
   9:./Libraries/src/stm32f4xx_cryp.c ****   *           + Initialization and Configuration functions
  10:./Libraries/src/stm32f4xx_cryp.c ****   *           + Data treatment functions 
  11:./Libraries/src/stm32f4xx_cryp.c ****   *           + Context swapping functions     
  12:./Libraries/src/stm32f4xx_cryp.c ****   *           + DMA interface function       
  13:./Libraries/src/stm32f4xx_cryp.c ****   *           + Interrupts and flags management       
  14:./Libraries/src/stm32f4xx_cryp.c ****   *
  15:./Libraries/src/stm32f4xx_cryp.c **** @verbatim
  16:./Libraries/src/stm32f4xx_cryp.c ****  ===================================================================      
  17:./Libraries/src/stm32f4xx_cryp.c ****                  ##### How to use this driver #####
  18:./Libraries/src/stm32f4xx_cryp.c ****  =================================================================== 
  19:./Libraries/src/stm32f4xx_cryp.c ****  [..]
  20:./Libraries/src/stm32f4xx_cryp.c ****    (#) Enable the CRYP controller clock using 
  21:./Libraries/src/stm32f4xx_cryp.c ****        RCC_AHB2PeriphClockCmd(RCC_AHB2Periph_CRYP, ENABLE); function.
  22:./Libraries/src/stm32f4xx_cryp.c ****   
  23:./Libraries/src/stm32f4xx_cryp.c ****    (#) Initialize the CRYP using CRYP_Init(), CRYP_KeyInit() and if needed 
  24:./Libraries/src/stm32f4xx_cryp.c ****        CRYP_IVInit(). 
  25:./Libraries/src/stm32f4xx_cryp.c ****   
  26:./Libraries/src/stm32f4xx_cryp.c ****    (#) Flush the IN and OUT FIFOs by using CRYP_FIFOFlush() function.
  27:./Libraries/src/stm32f4xx_cryp.c ****   
  28:./Libraries/src/stm32f4xx_cryp.c ****    (#) Enable the CRYP controller using the CRYP_Cmd() function. 
  29:./Libraries/src/stm32f4xx_cryp.c ****   
  30:./Libraries/src/stm32f4xx_cryp.c ****    (#) If using DMA for Data input and output transfer, activate the needed DMA 
ARM GAS  /tmp/cc52A741.s 			page 2


  31:./Libraries/src/stm32f4xx_cryp.c ****        Requests using CRYP_DMACmd() function 
  32:./Libraries/src/stm32f4xx_cryp.c ****   
  33:./Libraries/src/stm32f4xx_cryp.c ****    (#) If DMA is not used for data transfer, use CRYP_DataIn() and  CRYP_DataOut() 
  34:./Libraries/src/stm32f4xx_cryp.c ****        functions to enter data to IN FIFO and get result from OUT FIFO.
  35:./Libraries/src/stm32f4xx_cryp.c ****   
  36:./Libraries/src/stm32f4xx_cryp.c ****    (#) To control CRYP events you can use one of the following two methods:
  37:./Libraries/src/stm32f4xx_cryp.c ****        (++) Check on CRYP flags using the CRYP_GetFlagStatus() function.  
  38:./Libraries/src/stm32f4xx_cryp.c ****        (++) Use CRYP interrupts through the function CRYP_ITConfig() at 
  39:./Libraries/src/stm32f4xx_cryp.c ****             initialization phase and CRYP_GetITStatus() function into interrupt 
  40:./Libraries/src/stm32f4xx_cryp.c ****             routines in processing phase.
  41:./Libraries/src/stm32f4xx_cryp.c ****          
  42:./Libraries/src/stm32f4xx_cryp.c ****    (#) Save and restore Cryptographic processor context using CRYP_SaveContext() 
  43:./Libraries/src/stm32f4xx_cryp.c ****        and CRYP_RestoreContext() functions.     
  44:./Libraries/src/stm32f4xx_cryp.c ****   
  45:./Libraries/src/stm32f4xx_cryp.c ****   
  46:./Libraries/src/stm32f4xx_cryp.c ****  *** Procedure to perform an encryption or a decryption ***
  47:./Libraries/src/stm32f4xx_cryp.c ****  ========================================================== 
  48:./Libraries/src/stm32f4xx_cryp.c ****   
  49:./Libraries/src/stm32f4xx_cryp.c ****  *** Initialization ***
  50:./Libraries/src/stm32f4xx_cryp.c ****  ====================== 
  51:./Libraries/src/stm32f4xx_cryp.c ****  [..] 
  52:./Libraries/src/stm32f4xx_cryp.c ****    (#) Initialize the peripheral using CRYP_Init(), CRYP_KeyInit() and CRYP_IVInit 
  53:./Libraries/src/stm32f4xx_cryp.c ****        functions:
  54:./Libraries/src/stm32f4xx_cryp.c ****        (++) Configure the key size (128-, 192- or 256-bit, in the AES only) 
  55:./Libraries/src/stm32f4xx_cryp.c ****        (++) Enter the symmetric key 
  56:./Libraries/src/stm32f4xx_cryp.c ****        (++) Configure the data type
  57:./Libraries/src/stm32f4xx_cryp.c ****        (++) In case of decryption in AES-ECB or AES-CBC, you must prepare 
  58:./Libraries/src/stm32f4xx_cryp.c ****             the key: configure the key preparation mode. Then Enable the CRYP 
  59:./Libraries/src/stm32f4xx_cryp.c ****             peripheral using CRYP_Cmd() function: the BUSY flag is set. 
  60:./Libraries/src/stm32f4xx_cryp.c ****             Wait until BUSY flag is reset : the key is prepared for decryption
  61:./Libraries/src/stm32f4xx_cryp.c ****        (++) Configure the algorithm and chaining (the DES/TDES in ECB/CBC, the 
  62:./Libraries/src/stm32f4xx_cryp.c ****             AES in ECB/CBC/CTR) 
  63:./Libraries/src/stm32f4xx_cryp.c ****        (++) Configure the direction (encryption/decryption).
  64:./Libraries/src/stm32f4xx_cryp.c ****        (++) Write the initialization vectors (in CBC or CTR modes only)
  65:./Libraries/src/stm32f4xx_cryp.c ****   
  66:./Libraries/src/stm32f4xx_cryp.c ****    (#) Flush the IN and OUT FIFOs using the CRYP_FIFOFlush() function
  67:./Libraries/src/stm32f4xx_cryp.c ****   
  68:./Libraries/src/stm32f4xx_cryp.c ****   
  69:./Libraries/src/stm32f4xx_cryp.c ****   *** Basic Processing mode (polling mode) *** 
  70:./Libraries/src/stm32f4xx_cryp.c ****   ============================================  
  71:./Libraries/src/stm32f4xx_cryp.c ****   [..]
  72:./Libraries/src/stm32f4xx_cryp.c ****     (#) Enable the cryptographic processor using CRYP_Cmd() function.
  73:./Libraries/src/stm32f4xx_cryp.c ****   
  74:./Libraries/src/stm32f4xx_cryp.c ****     (#) Write the first blocks in the input FIFO (2 to 8 words) using 
  75:./Libraries/src/stm32f4xx_cryp.c ****         CRYP_DataIn() function.
  76:./Libraries/src/stm32f4xx_cryp.c ****   
  77:./Libraries/src/stm32f4xx_cryp.c ****     (#) Repeat the following sequence until the complete message has been 
  78:./Libraries/src/stm32f4xx_cryp.c ****         processed:
  79:./Libraries/src/stm32f4xx_cryp.c ****   
  80:./Libraries/src/stm32f4xx_cryp.c ****         (++) Wait for flag CRYP_FLAG_OFNE occurs (using CRYP_GetFlagStatus() 
  81:./Libraries/src/stm32f4xx_cryp.c ****             function), then read the OUT-FIFO using CRYP_DataOut() function
  82:./Libraries/src/stm32f4xx_cryp.c ****             (1 block or until the FIFO is empty)
  83:./Libraries/src/stm32f4xx_cryp.c ****   
  84:./Libraries/src/stm32f4xx_cryp.c ****          (++) Wait for flag CRYP_FLAG_IFNF occurs, (using CRYP_GetFlagStatus() 
  85:./Libraries/src/stm32f4xx_cryp.c ****             function then write the IN FIFO using CRYP_DataIn() function 
  86:./Libraries/src/stm32f4xx_cryp.c ****             (1 block or until the FIFO is full)
  87:./Libraries/src/stm32f4xx_cryp.c ****   
ARM GAS  /tmp/cc52A741.s 			page 3


  88:./Libraries/src/stm32f4xx_cryp.c ****     (#) At the end of the processing, CRYP_FLAG_BUSY flag will be reset and 
  89:./Libraries/src/stm32f4xx_cryp.c ****           both FIFOs are empty (CRYP_FLAG_IFEM is set and CRYP_FLAG_OFNE is 
  90:./Libraries/src/stm32f4xx_cryp.c ****           reset). You can disable the peripheral using CRYP_Cmd() function.
  91:./Libraries/src/stm32f4xx_cryp.c ****   
  92:./Libraries/src/stm32f4xx_cryp.c ****  *** Interrupts Processing mode *** 
  93:./Libraries/src/stm32f4xx_cryp.c ****  ==================================
  94:./Libraries/src/stm32f4xx_cryp.c ****  [..] In this mode, Processing is done when the data are transferred by the 
  95:./Libraries/src/stm32f4xx_cryp.c ****       CPU during interrupts.
  96:./Libraries/src/stm32f4xx_cryp.c ****   
  97:./Libraries/src/stm32f4xx_cryp.c ****     (#) Enable the interrupts CRYP_IT_INI and CRYP_IT_OUTI using CRYP_ITConfig()
  98:./Libraries/src/stm32f4xx_cryp.c ****         function.
  99:./Libraries/src/stm32f4xx_cryp.c ****   
 100:./Libraries/src/stm32f4xx_cryp.c ****     (#) Enable the cryptographic processor using CRYP_Cmd() function.
 101:./Libraries/src/stm32f4xx_cryp.c ****   
 102:./Libraries/src/stm32f4xx_cryp.c ****     (#) In the CRYP_IT_INI interrupt handler : load the input message into the 
 103:./Libraries/src/stm32f4xx_cryp.c ****          IN FIFO using CRYP_DataIn() function . You can load 2 or 4 words at a 
 104:./Libraries/src/stm32f4xx_cryp.c ****          time, or load data until the IN FIFO is full. When the last word of
 105:./Libraries/src/stm32f4xx_cryp.c ****          the message has been entered into the IN FIFO, disable the CRYP_IT_INI 
 106:./Libraries/src/stm32f4xx_cryp.c ****          interrupt (using CRYP_ITConfig() function).
 107:./Libraries/src/stm32f4xx_cryp.c ****   
 108:./Libraries/src/stm32f4xx_cryp.c ****     (#) In the CRYP_IT_OUTI interrupt handler : read the output message from 
 109:./Libraries/src/stm32f4xx_cryp.c ****          the OUT FIFO using CRYP_DataOut() function. You can read 1 block (2 or 
 110:./Libraries/src/stm32f4xx_cryp.c ****          4 words) at a time or read data until the FIFO is empty.
 111:./Libraries/src/stm32f4xx_cryp.c ****          When the last word has been read, INIM=0, BUSY=0 and both FIFOs are 
 112:./Libraries/src/stm32f4xx_cryp.c ****          empty (CRYP_FLAG_IFEM is set and CRYP_FLAG_OFNE is reset). 
 113:./Libraries/src/stm32f4xx_cryp.c ****          You can disable the CRYP_IT_OUTI interrupt (using CRYP_ITConfig() 
 114:./Libraries/src/stm32f4xx_cryp.c ****          function) and you can disable the peripheral using CRYP_Cmd() function.
 115:./Libraries/src/stm32f4xx_cryp.c ****   
 116:./Libraries/src/stm32f4xx_cryp.c ****  *** DMA Processing mode *** 
 117:./Libraries/src/stm32f4xx_cryp.c ****  ===========================
 118:./Libraries/src/stm32f4xx_cryp.c ****  [..] In this mode, Processing is done when the DMA is used to transfer the 
 119:./Libraries/src/stm32f4xx_cryp.c ****       data from/to the memory.
 120:./Libraries/src/stm32f4xx_cryp.c ****   
 121:./Libraries/src/stm32f4xx_cryp.c ****     (#) Configure the DMA controller to transfer the input data from the 
 122:./Libraries/src/stm32f4xx_cryp.c ****          memory using DMA_Init() function. 
 123:./Libraries/src/stm32f4xx_cryp.c ****          The transfer length is the length of the message. 
 124:./Libraries/src/stm32f4xx_cryp.c ****          As message padding is not managed by the peripheral, the message 
 125:./Libraries/src/stm32f4xx_cryp.c ****          length must be an entire number of blocks. The data are transferred 
 126:./Libraries/src/stm32f4xx_cryp.c ****          in burst mode. The burst length is 4 words in the AES and 2 or 4 
 127:./Libraries/src/stm32f4xx_cryp.c ****          words in the DES/TDES. The DMA should be configured to set an 
 128:./Libraries/src/stm32f4xx_cryp.c ****          interrupt on transfer completion of the output data to indicate that 
 129:./Libraries/src/stm32f4xx_cryp.c ****          the processing is finished. 
 130:./Libraries/src/stm32f4xx_cryp.c ****          Refer to DMA peripheral driver for more details.  
 131:./Libraries/src/stm32f4xx_cryp.c ****   
 132:./Libraries/src/stm32f4xx_cryp.c ****      (#) Enable the cryptographic processor using CRYP_Cmd() function. 
 133:./Libraries/src/stm32f4xx_cryp.c ****          Enable the DMA requests CRYP_DMAReq_DataIN and CRYP_DMAReq_DataOUT 
 134:./Libraries/src/stm32f4xx_cryp.c ****          using CRYP_DMACmd() function.
 135:./Libraries/src/stm32f4xx_cryp.c ****   
 136:./Libraries/src/stm32f4xx_cryp.c ****      (#) All the transfers and processing are managed by the DMA and the 
 137:./Libraries/src/stm32f4xx_cryp.c ****          cryptographic processor. The DMA transfer complete interrupt indicates 
 138:./Libraries/src/stm32f4xx_cryp.c ****          that the processing is complete. Both FIFOs are normally empty and 
 139:./Libraries/src/stm32f4xx_cryp.c ****          CRYP_FLAG_BUSY flag is reset.
 140:./Libraries/src/stm32f4xx_cryp.c ****   
 141:./Libraries/src/stm32f4xx_cryp.c ****     @endverbatim
 142:./Libraries/src/stm32f4xx_cryp.c ****   *
 143:./Libraries/src/stm32f4xx_cryp.c ****   ******************************************************************************
 144:./Libraries/src/stm32f4xx_cryp.c ****   * @attention
ARM GAS  /tmp/cc52A741.s 			page 4


 145:./Libraries/src/stm32f4xx_cryp.c ****   *
 146:./Libraries/src/stm32f4xx_cryp.c ****   * <h2><center>&copy; COPYRIGHT 2016 STMicroelectronics</center></h2>
 147:./Libraries/src/stm32f4xx_cryp.c ****   *
 148:./Libraries/src/stm32f4xx_cryp.c ****   * Licensed under MCD-ST Liberty SW License Agreement V2, (the "License");
 149:./Libraries/src/stm32f4xx_cryp.c ****   * You may not use this file except in compliance with the License.
 150:./Libraries/src/stm32f4xx_cryp.c ****   * You may obtain a copy of the License at:
 151:./Libraries/src/stm32f4xx_cryp.c ****   *
 152:./Libraries/src/stm32f4xx_cryp.c ****   *        http://www.st.com/software_license_agreement_liberty_v2
 153:./Libraries/src/stm32f4xx_cryp.c ****   *
 154:./Libraries/src/stm32f4xx_cryp.c ****   * Unless required by applicable law or agreed to in writing, software 
 155:./Libraries/src/stm32f4xx_cryp.c ****   * distributed under the License is distributed on an "AS IS" BASIS, 
 156:./Libraries/src/stm32f4xx_cryp.c ****   * WITHOUT WARRANTIES OR CONDITIONS OF ANY KIND, either express or implied.
 157:./Libraries/src/stm32f4xx_cryp.c ****   * See the License for the specific language governing permissions and
 158:./Libraries/src/stm32f4xx_cryp.c ****   * limitations under the License.
 159:./Libraries/src/stm32f4xx_cryp.c ****   *
 160:./Libraries/src/stm32f4xx_cryp.c ****   ******************************************************************************  
 161:./Libraries/src/stm32f4xx_cryp.c ****   */
 162:./Libraries/src/stm32f4xx_cryp.c **** 
 163:./Libraries/src/stm32f4xx_cryp.c **** /* Includes ------------------------------------------------------------------*/
 164:./Libraries/src/stm32f4xx_cryp.c **** #include "stm32f4xx_cryp.h"
 165:./Libraries/src/stm32f4xx_cryp.c **** #include "stm32f4xx_rcc.h"
 166:./Libraries/src/stm32f4xx_cryp.c **** 
 167:./Libraries/src/stm32f4xx_cryp.c **** /** @addtogroup STM32F4xx_StdPeriph_Driver
 168:./Libraries/src/stm32f4xx_cryp.c ****   * @{
 169:./Libraries/src/stm32f4xx_cryp.c ****   */
 170:./Libraries/src/stm32f4xx_cryp.c **** 
 171:./Libraries/src/stm32f4xx_cryp.c **** /** @defgroup CRYP 
 172:./Libraries/src/stm32f4xx_cryp.c ****   * @brief CRYP driver modules
 173:./Libraries/src/stm32f4xx_cryp.c ****   * @{
 174:./Libraries/src/stm32f4xx_cryp.c ****   */ 
 175:./Libraries/src/stm32f4xx_cryp.c **** 
 176:./Libraries/src/stm32f4xx_cryp.c **** /* Private typedef -----------------------------------------------------------*/
 177:./Libraries/src/stm32f4xx_cryp.c **** /* Private define ------------------------------------------------------------*/
 178:./Libraries/src/stm32f4xx_cryp.c **** #define FLAG_MASK     ((uint8_t)0x20)
 179:./Libraries/src/stm32f4xx_cryp.c **** #define MAX_TIMEOUT   ((uint16_t)0xFFFF)
 180:./Libraries/src/stm32f4xx_cryp.c **** 
 181:./Libraries/src/stm32f4xx_cryp.c **** /* Private macro -------------------------------------------------------------*/
 182:./Libraries/src/stm32f4xx_cryp.c **** /* Private variables ---------------------------------------------------------*/
 183:./Libraries/src/stm32f4xx_cryp.c **** /* Private function prototypes -----------------------------------------------*/
 184:./Libraries/src/stm32f4xx_cryp.c **** /* Private functions ---------------------------------------------------------*/
 185:./Libraries/src/stm32f4xx_cryp.c **** 
 186:./Libraries/src/stm32f4xx_cryp.c **** /** @defgroup CRYP_Private_Functions
 187:./Libraries/src/stm32f4xx_cryp.c ****   * @{
 188:./Libraries/src/stm32f4xx_cryp.c ****   */ 
 189:./Libraries/src/stm32f4xx_cryp.c **** 
 190:./Libraries/src/stm32f4xx_cryp.c **** /** @defgroup CRYP_Group1 Initialization and Configuration functions
 191:./Libraries/src/stm32f4xx_cryp.c ****  *  @brief    Initialization and Configuration functions 
 192:./Libraries/src/stm32f4xx_cryp.c ****  *
 193:./Libraries/src/stm32f4xx_cryp.c **** @verbatim    
 194:./Libraries/src/stm32f4xx_cryp.c ****  ===============================================================================
 195:./Libraries/src/stm32f4xx_cryp.c ****              ##### Initialization and Configuration functions #####
 196:./Libraries/src/stm32f4xx_cryp.c ****  ===============================================================================  
 197:./Libraries/src/stm32f4xx_cryp.c ****  [..] This section provides functions allowing to 
 198:./Libraries/src/stm32f4xx_cryp.c ****    (+) Initialize the cryptographic Processor using CRYP_Init() function 
 199:./Libraries/src/stm32f4xx_cryp.c ****        (++)  Encrypt or Decrypt 
 200:./Libraries/src/stm32f4xx_cryp.c ****        (++)  mode : TDES-ECB, TDES-CBC, 
 201:./Libraries/src/stm32f4xx_cryp.c ****                     DES-ECB, DES-CBC, 
ARM GAS  /tmp/cc52A741.s 			page 5


 202:./Libraries/src/stm32f4xx_cryp.c ****                     AES-ECB, AES-CBC, AES-CTR, AES-Key, AES-GCM, AES-CCM 
 203:./Libraries/src/stm32f4xx_cryp.c ****        (++) DataType :  32-bit data, 16-bit data, bit data or bit-string
 204:./Libraries/src/stm32f4xx_cryp.c ****        (++) Key Size (only in AES modes)
 205:./Libraries/src/stm32f4xx_cryp.c ****    (+) Configure the Encrypt or Decrypt Key using CRYP_KeyInit() function 
 206:./Libraries/src/stm32f4xx_cryp.c ****    (+) Configure the Initialization Vectors(IV) for CBC and CTR modes using 
 207:./Libraries/src/stm32f4xx_cryp.c ****        CRYP_IVInit() function.  
 208:./Libraries/src/stm32f4xx_cryp.c ****    (+) Flushes the IN and OUT FIFOs : using CRYP_FIFOFlush() function.                         
 209:./Libraries/src/stm32f4xx_cryp.c ****    (+) Enable or disable the CRYP Processor using CRYP_Cmd() function 
 210:./Libraries/src/stm32f4xx_cryp.c ****        
 211:./Libraries/src/stm32f4xx_cryp.c **** @endverbatim
 212:./Libraries/src/stm32f4xx_cryp.c ****   * @{
 213:./Libraries/src/stm32f4xx_cryp.c ****   */
 214:./Libraries/src/stm32f4xx_cryp.c **** /**
 215:./Libraries/src/stm32f4xx_cryp.c ****   * @brief  Deinitializes the CRYP peripheral registers to their default reset values
 216:./Libraries/src/stm32f4xx_cryp.c ****   * @param  None
 217:./Libraries/src/stm32f4xx_cryp.c ****   * @retval None
 218:./Libraries/src/stm32f4xx_cryp.c ****   */
 219:./Libraries/src/stm32f4xx_cryp.c **** void CRYP_DeInit(void)
 220:./Libraries/src/stm32f4xx_cryp.c **** {
  29              		.loc 1 220 1 view -0
  30              		.cfi_startproc
  31              		@ args = 0, pretend = 0, frame = 0
  32              		@ frame_needed = 0, uses_anonymous_args = 0
  33 0000 08B5     		push	{r3, lr}
  34              	.LCFI0:
  35              		.cfi_def_cfa_offset 8
  36              		.cfi_offset 3, -8
  37              		.cfi_offset 14, -4
 221:./Libraries/src/stm32f4xx_cryp.c ****   /* Enable CRYP reset state */
 222:./Libraries/src/stm32f4xx_cryp.c ****   RCC_AHB2PeriphResetCmd(RCC_AHB2Periph_CRYP, ENABLE);
  38              		.loc 1 222 3 view .LVU1
  39 0002 0121     		movs	r1, #1
  40 0004 1020     		movs	r0, #16
  41 0006 FFF7FEFF 		bl	RCC_AHB2PeriphResetCmd
  42              	.LVL0:
 223:./Libraries/src/stm32f4xx_cryp.c **** 
 224:./Libraries/src/stm32f4xx_cryp.c ****   /* Release CRYP from reset state */
 225:./Libraries/src/stm32f4xx_cryp.c ****   RCC_AHB2PeriphResetCmd(RCC_AHB2Periph_CRYP, DISABLE);
  43              		.loc 1 225 3 view .LVU2
  44 000a 0021     		movs	r1, #0
  45 000c 1020     		movs	r0, #16
  46 000e FFF7FEFF 		bl	RCC_AHB2PeriphResetCmd
  47              	.LVL1:
 226:./Libraries/src/stm32f4xx_cryp.c **** }
  48              		.loc 1 226 1 is_stmt 0 view .LVU3
  49 0012 08BD     		pop	{r3, pc}
  50              		.cfi_endproc
  51              	.LFE123:
  53              		.section	.text.CRYP_Init,"ax",%progbits
  54              		.align	1
  55              		.global	CRYP_Init
  56              		.syntax unified
  57              		.thumb
  58              		.thumb_func
  60              	CRYP_Init:
  61              	.LVL2:
  62              	.LFB124:
ARM GAS  /tmp/cc52A741.s 			page 6


 227:./Libraries/src/stm32f4xx_cryp.c **** 
 228:./Libraries/src/stm32f4xx_cryp.c **** /**
 229:./Libraries/src/stm32f4xx_cryp.c ****   * @brief  Initializes the CRYP peripheral according to the specified parameters
 230:./Libraries/src/stm32f4xx_cryp.c ****   *         in the CRYP_InitStruct.
 231:./Libraries/src/stm32f4xx_cryp.c ****   * @param  CRYP_InitStruct: pointer to a CRYP_InitTypeDef structure that contains
 232:./Libraries/src/stm32f4xx_cryp.c ****   *         the configuration information for the CRYP peripheral.
 233:./Libraries/src/stm32f4xx_cryp.c ****   * @retval None
 234:./Libraries/src/stm32f4xx_cryp.c ****   */
 235:./Libraries/src/stm32f4xx_cryp.c **** void CRYP_Init(CRYP_InitTypeDef* CRYP_InitStruct)
 236:./Libraries/src/stm32f4xx_cryp.c **** {
  63              		.loc 1 236 1 is_stmt 1 view -0
  64              		.cfi_startproc
  65              		@ args = 0, pretend = 0, frame = 0
  66              		@ frame_needed = 0, uses_anonymous_args = 0
  67              		@ link register save eliminated.
 237:./Libraries/src/stm32f4xx_cryp.c ****   /* Check the parameters */
 238:./Libraries/src/stm32f4xx_cryp.c ****   assert_param(IS_CRYP_ALGOMODE(CRYP_InitStruct->CRYP_AlgoMode));
  68              		.loc 1 238 3 view .LVU5
 239:./Libraries/src/stm32f4xx_cryp.c ****   assert_param(IS_CRYP_DATATYPE(CRYP_InitStruct->CRYP_DataType));
  69              		.loc 1 239 3 view .LVU6
 240:./Libraries/src/stm32f4xx_cryp.c ****   assert_param(IS_CRYP_ALGODIR(CRYP_InitStruct->CRYP_AlgoDir));
  70              		.loc 1 240 3 view .LVU7
 241:./Libraries/src/stm32f4xx_cryp.c **** 
 242:./Libraries/src/stm32f4xx_cryp.c ****   /* Select Algorithm mode*/  
 243:./Libraries/src/stm32f4xx_cryp.c ****   CRYP->CR &= ~CRYP_CR_ALGOMODE;
  71              		.loc 1 243 3 view .LVU8
  72              		.loc 1 243 7 is_stmt 0 view .LVU9
  73 0000 174B     		ldr	r3, .L6
  74 0002 1A68     		ldr	r2, [r3]
  75              		.loc 1 243 12 view .LVU10
  76 0004 22F40022 		bic	r2, r2, #524288
  77 0008 22F03802 		bic	r2, r2, #56
  78 000c 1A60     		str	r2, [r3]
 244:./Libraries/src/stm32f4xx_cryp.c ****   CRYP->CR |= CRYP_InitStruct->CRYP_AlgoMode;
  79              		.loc 1 244 3 is_stmt 1 view .LVU11
  80              		.loc 1 244 7 is_stmt 0 view .LVU12
  81 000e 1A68     		ldr	r2, [r3]
  82              		.loc 1 244 30 view .LVU13
  83 0010 4168     		ldr	r1, [r0, #4]
  84              		.loc 1 244 12 view .LVU14
  85 0012 0A43     		orrs	r2, r2, r1
  86 0014 1A60     		str	r2, [r3]
 245:./Libraries/src/stm32f4xx_cryp.c **** 
 246:./Libraries/src/stm32f4xx_cryp.c ****   /* Select dataType */ 
 247:./Libraries/src/stm32f4xx_cryp.c ****   CRYP->CR &= ~CRYP_CR_DATATYPE;
  87              		.loc 1 247 3 is_stmt 1 view .LVU15
  88              		.loc 1 247 7 is_stmt 0 view .LVU16
  89 0016 1A68     		ldr	r2, [r3]
  90              		.loc 1 247 12 view .LVU17
  91 0018 22F0C002 		bic	r2, r2, #192
  92 001c 1A60     		str	r2, [r3]
 248:./Libraries/src/stm32f4xx_cryp.c ****   CRYP->CR |= CRYP_InitStruct->CRYP_DataType;
  93              		.loc 1 248 3 is_stmt 1 view .LVU18
  94              		.loc 1 248 7 is_stmt 0 view .LVU19
  95 001e 1A68     		ldr	r2, [r3]
  96              		.loc 1 248 30 view .LVU20
  97 0020 8168     		ldr	r1, [r0, #8]
ARM GAS  /tmp/cc52A741.s 			page 7


  98              		.loc 1 248 12 view .LVU21
  99 0022 0A43     		orrs	r2, r2, r1
 100 0024 1A60     		str	r2, [r3]
 249:./Libraries/src/stm32f4xx_cryp.c **** 
 250:./Libraries/src/stm32f4xx_cryp.c ****   /* select Key size (used only with AES algorithm) */
 251:./Libraries/src/stm32f4xx_cryp.c ****   if ((CRYP_InitStruct->CRYP_AlgoMode != CRYP_AlgoMode_TDES_ECB) &&
 101              		.loc 1 251 3 is_stmt 1 view .LVU22
 102              		.loc 1 251 23 is_stmt 0 view .LVU23
 103 0026 4368     		ldr	r3, [r0, #4]
 104              		.loc 1 251 6 view .LVU24
 105 0028 83B1     		cbz	r3, .L4
 106 002a 182B     		cmp	r3, #24
 107 002c 05D8     		bhi	.L5
 108 002e 0D4A     		ldr	r2, .L6+4
 109 0030 22FA03F3 		lsr	r3, r2, r3
 110 0034 13F0010F 		tst	r3, #1
 111 0038 08D1     		bne	.L4
 112              	.L5:
 252:./Libraries/src/stm32f4xx_cryp.c ****       (CRYP_InitStruct->CRYP_AlgoMode != CRYP_AlgoMode_TDES_CBC) &&
 253:./Libraries/src/stm32f4xx_cryp.c ****       (CRYP_InitStruct->CRYP_AlgoMode != CRYP_AlgoMode_DES_ECB) &&
 254:./Libraries/src/stm32f4xx_cryp.c ****       (CRYP_InitStruct->CRYP_AlgoMode != CRYP_AlgoMode_DES_CBC))
 255:./Libraries/src/stm32f4xx_cryp.c ****   {
 256:./Libraries/src/stm32f4xx_cryp.c ****     assert_param(IS_CRYP_KEYSIZE(CRYP_InitStruct->CRYP_KeySize));
 113              		.loc 1 256 5 is_stmt 1 view .LVU25
 257:./Libraries/src/stm32f4xx_cryp.c ****     CRYP->CR &= ~CRYP_CR_KEYSIZE;
 114              		.loc 1 257 5 view .LVU26
 115              		.loc 1 257 9 is_stmt 0 view .LVU27
 116 003a 094B     		ldr	r3, .L6
 117 003c 1A68     		ldr	r2, [r3]
 118              		.loc 1 257 14 view .LVU28
 119 003e 22F44072 		bic	r2, r2, #768
 120 0042 1A60     		str	r2, [r3]
 258:./Libraries/src/stm32f4xx_cryp.c ****     CRYP->CR |= CRYP_InitStruct->CRYP_KeySize; /* Key size and value must be 
 121              		.loc 1 258 5 is_stmt 1 view .LVU29
 122              		.loc 1 258 9 is_stmt 0 view .LVU30
 123 0044 1A68     		ldr	r2, [r3]
 124              		.loc 1 258 32 view .LVU31
 125 0046 C168     		ldr	r1, [r0, #12]
 126              		.loc 1 258 14 view .LVU32
 127 0048 0A43     		orrs	r2, r2, r1
 128 004a 1A60     		str	r2, [r3]
 129              	.L4:
 259:./Libraries/src/stm32f4xx_cryp.c ****                                                   configured once the key has 
 260:./Libraries/src/stm32f4xx_cryp.c ****                                                   been prepared */
 261:./Libraries/src/stm32f4xx_cryp.c ****   }
 262:./Libraries/src/stm32f4xx_cryp.c **** 
 263:./Libraries/src/stm32f4xx_cryp.c ****   /* Select data Direction */ 
 264:./Libraries/src/stm32f4xx_cryp.c ****   CRYP->CR &= ~CRYP_CR_ALGODIR;
 130              		.loc 1 264 3 is_stmt 1 view .LVU33
 131              		.loc 1 264 7 is_stmt 0 view .LVU34
 132 004c 044B     		ldr	r3, .L6
 133 004e 1A68     		ldr	r2, [r3]
 134              		.loc 1 264 12 view .LVU35
 135 0050 22F00402 		bic	r2, r2, #4
 136 0054 1A60     		str	r2, [r3]
 265:./Libraries/src/stm32f4xx_cryp.c ****   CRYP->CR |= CRYP_InitStruct->CRYP_AlgoDir;
 137              		.loc 1 265 3 is_stmt 1 view .LVU36
ARM GAS  /tmp/cc52A741.s 			page 8


 138              		.loc 1 265 7 is_stmt 0 view .LVU37
 139 0056 1A68     		ldr	r2, [r3]
 140              		.loc 1 265 30 view .LVU38
 141 0058 0168     		ldr	r1, [r0]
 142              		.loc 1 265 12 view .LVU39
 143 005a 0A43     		orrs	r2, r2, r1
 144 005c 1A60     		str	r2, [r3]
 266:./Libraries/src/stm32f4xx_cryp.c **** }
 145              		.loc 1 266 1 view .LVU40
 146 005e 7047     		bx	lr
 147              	.L7:
 148              		.align	2
 149              	.L6:
 150 0060 00000650 		.word	1342570496
 151 0064 00010101 		.word	16843008
 152              		.cfi_endproc
 153              	.LFE124:
 155              		.section	.text.CRYP_StructInit,"ax",%progbits
 156              		.align	1
 157              		.global	CRYP_StructInit
 158              		.syntax unified
 159              		.thumb
 160              		.thumb_func
 162              	CRYP_StructInit:
 163              	.LVL3:
 164              	.LFB125:
 267:./Libraries/src/stm32f4xx_cryp.c **** 
 268:./Libraries/src/stm32f4xx_cryp.c **** /**
 269:./Libraries/src/stm32f4xx_cryp.c ****   * @brief  Fills each CRYP_InitStruct member with its default value.
 270:./Libraries/src/stm32f4xx_cryp.c ****   * @param  CRYP_InitStruct: pointer to a CRYP_InitTypeDef structure which will
 271:./Libraries/src/stm32f4xx_cryp.c ****   *         be initialized.
 272:./Libraries/src/stm32f4xx_cryp.c ****   * @retval None
 273:./Libraries/src/stm32f4xx_cryp.c ****   */
 274:./Libraries/src/stm32f4xx_cryp.c **** void CRYP_StructInit(CRYP_InitTypeDef* CRYP_InitStruct)
 275:./Libraries/src/stm32f4xx_cryp.c **** {
 165              		.loc 1 275 1 is_stmt 1 view -0
 166              		.cfi_startproc
 167              		@ args = 0, pretend = 0, frame = 0
 168              		@ frame_needed = 0, uses_anonymous_args = 0
 169              		@ link register save eliminated.
 276:./Libraries/src/stm32f4xx_cryp.c ****   /* Initialize the CRYP_AlgoDir member */
 277:./Libraries/src/stm32f4xx_cryp.c ****   CRYP_InitStruct->CRYP_AlgoDir = CRYP_AlgoDir_Encrypt;
 170              		.loc 1 277 3 view .LVU42
 171              		.loc 1 277 33 is_stmt 0 view .LVU43
 172 0000 0023     		movs	r3, #0
 173 0002 0360     		str	r3, [r0]
 278:./Libraries/src/stm32f4xx_cryp.c **** 
 279:./Libraries/src/stm32f4xx_cryp.c ****   /* initialize the CRYP_AlgoMode member */
 280:./Libraries/src/stm32f4xx_cryp.c ****   CRYP_InitStruct->CRYP_AlgoMode = CRYP_AlgoMode_TDES_ECB;
 174              		.loc 1 280 3 is_stmt 1 view .LVU44
 175              		.loc 1 280 34 is_stmt 0 view .LVU45
 176 0004 4360     		str	r3, [r0, #4]
 281:./Libraries/src/stm32f4xx_cryp.c **** 
 282:./Libraries/src/stm32f4xx_cryp.c ****   /* initialize the CRYP_DataType member */
 283:./Libraries/src/stm32f4xx_cryp.c ****   CRYP_InitStruct->CRYP_DataType = CRYP_DataType_32b;
 177              		.loc 1 283 3 is_stmt 1 view .LVU46
 178              		.loc 1 283 34 is_stmt 0 view .LVU47
ARM GAS  /tmp/cc52A741.s 			page 9


 179 0006 8360     		str	r3, [r0, #8]
 284:./Libraries/src/stm32f4xx_cryp.c ****   
 285:./Libraries/src/stm32f4xx_cryp.c ****   /* Initialize the CRYP_KeySize member */
 286:./Libraries/src/stm32f4xx_cryp.c ****   CRYP_InitStruct->CRYP_KeySize = CRYP_KeySize_128b;
 180              		.loc 1 286 3 is_stmt 1 view .LVU48
 181              		.loc 1 286 33 is_stmt 0 view .LVU49
 182 0008 C360     		str	r3, [r0, #12]
 287:./Libraries/src/stm32f4xx_cryp.c **** }
 183              		.loc 1 287 1 view .LVU50
 184 000a 7047     		bx	lr
 185              		.cfi_endproc
 186              	.LFE125:
 188              		.section	.text.CRYP_KeyInit,"ax",%progbits
 189              		.align	1
 190              		.global	CRYP_KeyInit
 191              		.syntax unified
 192              		.thumb
 193              		.thumb_func
 195              	CRYP_KeyInit:
 196              	.LVL4:
 197              	.LFB126:
 288:./Libraries/src/stm32f4xx_cryp.c **** 
 289:./Libraries/src/stm32f4xx_cryp.c **** /**
 290:./Libraries/src/stm32f4xx_cryp.c ****   * @brief  Initializes the CRYP Keys according to the specified parameters in
 291:./Libraries/src/stm32f4xx_cryp.c ****   *         the CRYP_KeyInitStruct.
 292:./Libraries/src/stm32f4xx_cryp.c ****   * @param  CRYP_KeyInitStruct: pointer to a CRYP_KeyInitTypeDef structure that
 293:./Libraries/src/stm32f4xx_cryp.c ****   *         contains the configuration information for the CRYP Keys.
 294:./Libraries/src/stm32f4xx_cryp.c ****   * @retval None
 295:./Libraries/src/stm32f4xx_cryp.c ****   */
 296:./Libraries/src/stm32f4xx_cryp.c **** void CRYP_KeyInit(CRYP_KeyInitTypeDef* CRYP_KeyInitStruct)
 297:./Libraries/src/stm32f4xx_cryp.c **** {
 198              		.loc 1 297 1 is_stmt 1 view -0
 199              		.cfi_startproc
 200              		@ args = 0, pretend = 0, frame = 0
 201              		@ frame_needed = 0, uses_anonymous_args = 0
 202              		@ link register save eliminated.
 298:./Libraries/src/stm32f4xx_cryp.c ****   /* Key Initialisation */
 299:./Libraries/src/stm32f4xx_cryp.c ****   CRYP->K0LR = CRYP_KeyInitStruct->CRYP_Key0Left;
 203              		.loc 1 299 3 view .LVU52
 204              		.loc 1 299 34 is_stmt 0 view .LVU53
 205 0000 0268     		ldr	r2, [r0]
 206              		.loc 1 299 14 view .LVU54
 207 0002 084B     		ldr	r3, .L10
 208 0004 1A62     		str	r2, [r3, #32]
 300:./Libraries/src/stm32f4xx_cryp.c ****   CRYP->K0RR = CRYP_KeyInitStruct->CRYP_Key0Right;
 209              		.loc 1 300 3 is_stmt 1 view .LVU55
 210              		.loc 1 300 34 is_stmt 0 view .LVU56
 211 0006 4268     		ldr	r2, [r0, #4]
 212              		.loc 1 300 14 view .LVU57
 213 0008 5A62     		str	r2, [r3, #36]
 301:./Libraries/src/stm32f4xx_cryp.c ****   CRYP->K1LR = CRYP_KeyInitStruct->CRYP_Key1Left;
 214              		.loc 1 301 3 is_stmt 1 view .LVU58
 215              		.loc 1 301 34 is_stmt 0 view .LVU59
 216 000a 8268     		ldr	r2, [r0, #8]
 217              		.loc 1 301 14 view .LVU60
 218 000c 9A62     		str	r2, [r3, #40]
 302:./Libraries/src/stm32f4xx_cryp.c ****   CRYP->K1RR = CRYP_KeyInitStruct->CRYP_Key1Right;
ARM GAS  /tmp/cc52A741.s 			page 10


 219              		.loc 1 302 3 is_stmt 1 view .LVU61
 220              		.loc 1 302 34 is_stmt 0 view .LVU62
 221 000e C268     		ldr	r2, [r0, #12]
 222              		.loc 1 302 14 view .LVU63
 223 0010 DA62     		str	r2, [r3, #44]
 303:./Libraries/src/stm32f4xx_cryp.c ****   CRYP->K2LR = CRYP_KeyInitStruct->CRYP_Key2Left;
 224              		.loc 1 303 3 is_stmt 1 view .LVU64
 225              		.loc 1 303 34 is_stmt 0 view .LVU65
 226 0012 0269     		ldr	r2, [r0, #16]
 227              		.loc 1 303 14 view .LVU66
 228 0014 1A63     		str	r2, [r3, #48]
 304:./Libraries/src/stm32f4xx_cryp.c ****   CRYP->K2RR = CRYP_KeyInitStruct->CRYP_Key2Right;
 229              		.loc 1 304 3 is_stmt 1 view .LVU67
 230              		.loc 1 304 34 is_stmt 0 view .LVU68
 231 0016 4269     		ldr	r2, [r0, #20]
 232              		.loc 1 304 14 view .LVU69
 233 0018 5A63     		str	r2, [r3, #52]
 305:./Libraries/src/stm32f4xx_cryp.c ****   CRYP->K3LR = CRYP_KeyInitStruct->CRYP_Key3Left;
 234              		.loc 1 305 3 is_stmt 1 view .LVU70
 235              		.loc 1 305 34 is_stmt 0 view .LVU71
 236 001a 8269     		ldr	r2, [r0, #24]
 237              		.loc 1 305 14 view .LVU72
 238 001c 9A63     		str	r2, [r3, #56]
 306:./Libraries/src/stm32f4xx_cryp.c ****   CRYP->K3RR = CRYP_KeyInitStruct->CRYP_Key3Right;
 239              		.loc 1 306 3 is_stmt 1 view .LVU73
 240              		.loc 1 306 34 is_stmt 0 view .LVU74
 241 001e C269     		ldr	r2, [r0, #28]
 242              		.loc 1 306 14 view .LVU75
 243 0020 DA63     		str	r2, [r3, #60]
 307:./Libraries/src/stm32f4xx_cryp.c **** }
 244              		.loc 1 307 1 view .LVU76
 245 0022 7047     		bx	lr
 246              	.L11:
 247              		.align	2
 248              	.L10:
 249 0024 00000650 		.word	1342570496
 250              		.cfi_endproc
 251              	.LFE126:
 253              		.section	.text.CRYP_KeyStructInit,"ax",%progbits
 254              		.align	1
 255              		.global	CRYP_KeyStructInit
 256              		.syntax unified
 257              		.thumb
 258              		.thumb_func
 260              	CRYP_KeyStructInit:
 261              	.LVL5:
 262              	.LFB127:
 308:./Libraries/src/stm32f4xx_cryp.c **** 
 309:./Libraries/src/stm32f4xx_cryp.c **** /**
 310:./Libraries/src/stm32f4xx_cryp.c ****   * @brief  Fills each CRYP_KeyInitStruct member with its default value.
 311:./Libraries/src/stm32f4xx_cryp.c ****   * @param  CRYP_KeyInitStruct: pointer to a CRYP_KeyInitTypeDef structure 
 312:./Libraries/src/stm32f4xx_cryp.c ****   *         which will be initialized.
 313:./Libraries/src/stm32f4xx_cryp.c ****   * @retval None
 314:./Libraries/src/stm32f4xx_cryp.c ****   */
 315:./Libraries/src/stm32f4xx_cryp.c **** void CRYP_KeyStructInit(CRYP_KeyInitTypeDef* CRYP_KeyInitStruct)
 316:./Libraries/src/stm32f4xx_cryp.c **** {
 263              		.loc 1 316 1 is_stmt 1 view -0
ARM GAS  /tmp/cc52A741.s 			page 11


 264              		.cfi_startproc
 265              		@ args = 0, pretend = 0, frame = 0
 266              		@ frame_needed = 0, uses_anonymous_args = 0
 267              		@ link register save eliminated.
 317:./Libraries/src/stm32f4xx_cryp.c ****   CRYP_KeyInitStruct->CRYP_Key0Left  = 0;
 268              		.loc 1 317 3 view .LVU78
 269              		.loc 1 317 38 is_stmt 0 view .LVU79
 270 0000 0023     		movs	r3, #0
 271 0002 0360     		str	r3, [r0]
 318:./Libraries/src/stm32f4xx_cryp.c ****   CRYP_KeyInitStruct->CRYP_Key0Right = 0;
 272              		.loc 1 318 3 is_stmt 1 view .LVU80
 273              		.loc 1 318 38 is_stmt 0 view .LVU81
 274 0004 4360     		str	r3, [r0, #4]
 319:./Libraries/src/stm32f4xx_cryp.c ****   CRYP_KeyInitStruct->CRYP_Key1Left  = 0;
 275              		.loc 1 319 3 is_stmt 1 view .LVU82
 276              		.loc 1 319 38 is_stmt 0 view .LVU83
 277 0006 8360     		str	r3, [r0, #8]
 320:./Libraries/src/stm32f4xx_cryp.c ****   CRYP_KeyInitStruct->CRYP_Key1Right = 0;
 278              		.loc 1 320 3 is_stmt 1 view .LVU84
 279              		.loc 1 320 38 is_stmt 0 view .LVU85
 280 0008 C360     		str	r3, [r0, #12]
 321:./Libraries/src/stm32f4xx_cryp.c ****   CRYP_KeyInitStruct->CRYP_Key2Left  = 0;
 281              		.loc 1 321 3 is_stmt 1 view .LVU86
 282              		.loc 1 321 38 is_stmt 0 view .LVU87
 283 000a 0361     		str	r3, [r0, #16]
 322:./Libraries/src/stm32f4xx_cryp.c ****   CRYP_KeyInitStruct->CRYP_Key2Right = 0;
 284              		.loc 1 322 3 is_stmt 1 view .LVU88
 285              		.loc 1 322 38 is_stmt 0 view .LVU89
 286 000c 4361     		str	r3, [r0, #20]
 323:./Libraries/src/stm32f4xx_cryp.c ****   CRYP_KeyInitStruct->CRYP_Key3Left  = 0;
 287              		.loc 1 323 3 is_stmt 1 view .LVU90
 288              		.loc 1 323 38 is_stmt 0 view .LVU91
 289 000e 8361     		str	r3, [r0, #24]
 324:./Libraries/src/stm32f4xx_cryp.c ****   CRYP_KeyInitStruct->CRYP_Key3Right = 0;
 290              		.loc 1 324 3 is_stmt 1 view .LVU92
 291              		.loc 1 324 38 is_stmt 0 view .LVU93
 292 0010 C361     		str	r3, [r0, #28]
 325:./Libraries/src/stm32f4xx_cryp.c **** }
 293              		.loc 1 325 1 view .LVU94
 294 0012 7047     		bx	lr
 295              		.cfi_endproc
 296              	.LFE127:
 298              		.section	.text.CRYP_IVInit,"ax",%progbits
 299              		.align	1
 300              		.global	CRYP_IVInit
 301              		.syntax unified
 302              		.thumb
 303              		.thumb_func
 305              	CRYP_IVInit:
 306              	.LVL6:
 307              	.LFB128:
 326:./Libraries/src/stm32f4xx_cryp.c **** /**
 327:./Libraries/src/stm32f4xx_cryp.c ****   * @brief  Initializes the CRYP Initialization Vectors(IV) according to the
 328:./Libraries/src/stm32f4xx_cryp.c ****   *         specified parameters in the CRYP_IVInitStruct.
 329:./Libraries/src/stm32f4xx_cryp.c ****   * @param  CRYP_IVInitStruct: pointer to a CRYP_IVInitTypeDef structure that contains
 330:./Libraries/src/stm32f4xx_cryp.c ****   *         the configuration information for the CRYP Initialization Vectors(IV).
 331:./Libraries/src/stm32f4xx_cryp.c ****   * @retval None
ARM GAS  /tmp/cc52A741.s 			page 12


 332:./Libraries/src/stm32f4xx_cryp.c ****   */
 333:./Libraries/src/stm32f4xx_cryp.c **** void CRYP_IVInit(CRYP_IVInitTypeDef* CRYP_IVInitStruct)
 334:./Libraries/src/stm32f4xx_cryp.c **** {
 308              		.loc 1 334 1 is_stmt 1 view -0
 309              		.cfi_startproc
 310              		@ args = 0, pretend = 0, frame = 0
 311              		@ frame_needed = 0, uses_anonymous_args = 0
 312              		@ link register save eliminated.
 335:./Libraries/src/stm32f4xx_cryp.c ****   CRYP->IV0LR = CRYP_IVInitStruct->CRYP_IV0Left;
 313              		.loc 1 335 3 view .LVU96
 314              		.loc 1 335 34 is_stmt 0 view .LVU97
 315 0000 0268     		ldr	r2, [r0]
 316              		.loc 1 335 15 view .LVU98
 317 0002 044B     		ldr	r3, .L14
 318 0004 1A64     		str	r2, [r3, #64]
 336:./Libraries/src/stm32f4xx_cryp.c ****   CRYP->IV0RR = CRYP_IVInitStruct->CRYP_IV0Right;
 319              		.loc 1 336 3 is_stmt 1 view .LVU99
 320              		.loc 1 336 34 is_stmt 0 view .LVU100
 321 0006 4268     		ldr	r2, [r0, #4]
 322              		.loc 1 336 15 view .LVU101
 323 0008 5A64     		str	r2, [r3, #68]
 337:./Libraries/src/stm32f4xx_cryp.c ****   CRYP->IV1LR = CRYP_IVInitStruct->CRYP_IV1Left;
 324              		.loc 1 337 3 is_stmt 1 view .LVU102
 325              		.loc 1 337 34 is_stmt 0 view .LVU103
 326 000a 8268     		ldr	r2, [r0, #8]
 327              		.loc 1 337 15 view .LVU104
 328 000c 9A64     		str	r2, [r3, #72]
 338:./Libraries/src/stm32f4xx_cryp.c ****   CRYP->IV1RR = CRYP_IVInitStruct->CRYP_IV1Right;
 329              		.loc 1 338 3 is_stmt 1 view .LVU105
 330              		.loc 1 338 34 is_stmt 0 view .LVU106
 331 000e C268     		ldr	r2, [r0, #12]
 332              		.loc 1 338 15 view .LVU107
 333 0010 DA64     		str	r2, [r3, #76]
 339:./Libraries/src/stm32f4xx_cryp.c **** }
 334              		.loc 1 339 1 view .LVU108
 335 0012 7047     		bx	lr
 336              	.L15:
 337              		.align	2
 338              	.L14:
 339 0014 00000650 		.word	1342570496
 340              		.cfi_endproc
 341              	.LFE128:
 343              		.section	.text.CRYP_IVStructInit,"ax",%progbits
 344              		.align	1
 345              		.global	CRYP_IVStructInit
 346              		.syntax unified
 347              		.thumb
 348              		.thumb_func
 350              	CRYP_IVStructInit:
 351              	.LVL7:
 352              	.LFB129:
 340:./Libraries/src/stm32f4xx_cryp.c **** 
 341:./Libraries/src/stm32f4xx_cryp.c **** /**
 342:./Libraries/src/stm32f4xx_cryp.c ****   * @brief  Fills each CRYP_IVInitStruct member with its default value.
 343:./Libraries/src/stm32f4xx_cryp.c ****   * @param  CRYP_IVInitStruct: pointer to a CRYP_IVInitTypeDef Initialization 
 344:./Libraries/src/stm32f4xx_cryp.c ****   *         Vectors(IV) structure which will be initialized.
 345:./Libraries/src/stm32f4xx_cryp.c ****   * @retval None
ARM GAS  /tmp/cc52A741.s 			page 13


 346:./Libraries/src/stm32f4xx_cryp.c ****   */
 347:./Libraries/src/stm32f4xx_cryp.c **** void CRYP_IVStructInit(CRYP_IVInitTypeDef* CRYP_IVInitStruct)
 348:./Libraries/src/stm32f4xx_cryp.c **** {
 353              		.loc 1 348 1 is_stmt 1 view -0
 354              		.cfi_startproc
 355              		@ args = 0, pretend = 0, frame = 0
 356              		@ frame_needed = 0, uses_anonymous_args = 0
 357              		@ link register save eliminated.
 349:./Libraries/src/stm32f4xx_cryp.c ****   CRYP_IVInitStruct->CRYP_IV0Left  = 0;
 358              		.loc 1 349 3 view .LVU110
 359              		.loc 1 349 36 is_stmt 0 view .LVU111
 360 0000 0023     		movs	r3, #0
 361 0002 0360     		str	r3, [r0]
 350:./Libraries/src/stm32f4xx_cryp.c ****   CRYP_IVInitStruct->CRYP_IV0Right = 0;
 362              		.loc 1 350 3 is_stmt 1 view .LVU112
 363              		.loc 1 350 36 is_stmt 0 view .LVU113
 364 0004 4360     		str	r3, [r0, #4]
 351:./Libraries/src/stm32f4xx_cryp.c ****   CRYP_IVInitStruct->CRYP_IV1Left  = 0;
 365              		.loc 1 351 3 is_stmt 1 view .LVU114
 366              		.loc 1 351 36 is_stmt 0 view .LVU115
 367 0006 8360     		str	r3, [r0, #8]
 352:./Libraries/src/stm32f4xx_cryp.c ****   CRYP_IVInitStruct->CRYP_IV1Right = 0;
 368              		.loc 1 352 3 is_stmt 1 view .LVU116
 369              		.loc 1 352 36 is_stmt 0 view .LVU117
 370 0008 C360     		str	r3, [r0, #12]
 353:./Libraries/src/stm32f4xx_cryp.c **** }
 371              		.loc 1 353 1 view .LVU118
 372 000a 7047     		bx	lr
 373              		.cfi_endproc
 374              	.LFE129:
 376              		.section	.text.CRYP_PhaseConfig,"ax",%progbits
 377              		.align	1
 378              		.global	CRYP_PhaseConfig
 379              		.syntax unified
 380              		.thumb
 381              		.thumb_func
 383              	CRYP_PhaseConfig:
 384              	.LVL8:
 385              	.LFB130:
 354:./Libraries/src/stm32f4xx_cryp.c **** 
 355:./Libraries/src/stm32f4xx_cryp.c **** /**
 356:./Libraries/src/stm32f4xx_cryp.c ****   * @brief  Configures the AES-CCM and AES-GCM phases
 357:./Libraries/src/stm32f4xx_cryp.c ****   * @note   This function is used only with AES-CCM or AES-GCM Algorithms  
 358:./Libraries/src/stm32f4xx_cryp.c ****   * @param  CRYP_Phase: specifies the CRYP AES-CCM and AES-GCM phase to be configured.
 359:./Libraries/src/stm32f4xx_cryp.c ****   *           This parameter can be one of the following values:
 360:./Libraries/src/stm32f4xx_cryp.c ****   *            @arg CRYP_Phase_Init: Initialization phase
 361:./Libraries/src/stm32f4xx_cryp.c ****   *            @arg CRYP_Phase_Header: Header phase
 362:./Libraries/src/stm32f4xx_cryp.c ****   *            @arg CRYP_Phase_Payload: Payload phase
 363:./Libraries/src/stm32f4xx_cryp.c ****   *            @arg CRYP_Phase_Final: Final phase 
 364:./Libraries/src/stm32f4xx_cryp.c ****   * @retval None
 365:./Libraries/src/stm32f4xx_cryp.c ****   */
 366:./Libraries/src/stm32f4xx_cryp.c **** void CRYP_PhaseConfig(uint32_t CRYP_Phase)
 367:./Libraries/src/stm32f4xx_cryp.c **** { uint32_t tempcr = 0;
 386              		.loc 1 367 1 is_stmt 1 view -0
 387              		.cfi_startproc
 388              		@ args = 0, pretend = 0, frame = 0
 389              		@ frame_needed = 0, uses_anonymous_args = 0
ARM GAS  /tmp/cc52A741.s 			page 14


 390              		@ link register save eliminated.
 391              		.loc 1 367 3 view .LVU120
 368:./Libraries/src/stm32f4xx_cryp.c **** 
 369:./Libraries/src/stm32f4xx_cryp.c ****   /* Check the parameter */
 370:./Libraries/src/stm32f4xx_cryp.c ****   assert_param(IS_CRYP_PHASE(CRYP_Phase));
 392              		.loc 1 370 3 view .LVU121
 371:./Libraries/src/stm32f4xx_cryp.c **** 
 372:./Libraries/src/stm32f4xx_cryp.c ****   /* Get the CR register */
 373:./Libraries/src/stm32f4xx_cryp.c ****   tempcr = CRYP->CR;
 393              		.loc 1 373 3 view .LVU122
 394              		.loc 1 373 10 is_stmt 0 view .LVU123
 395 0000 034A     		ldr	r2, .L18
 396 0002 1368     		ldr	r3, [r2]
 397              	.LVL9:
 374:./Libraries/src/stm32f4xx_cryp.c ****   
 375:./Libraries/src/stm32f4xx_cryp.c ****   /* Reset the phase configuration bits: GCMP_CCMPH */
 376:./Libraries/src/stm32f4xx_cryp.c ****   tempcr &= (uint32_t)(~CRYP_CR_GCM_CCMPH);
 398              		.loc 1 376 3 is_stmt 1 view .LVU124
 399              		.loc 1 376 10 is_stmt 0 view .LVU125
 400 0004 23F44033 		bic	r3, r3, #196608
 401              	.LVL10:
 377:./Libraries/src/stm32f4xx_cryp.c ****   /* Set the selected phase */
 378:./Libraries/src/stm32f4xx_cryp.c ****   tempcr |= (uint32_t)CRYP_Phase;
 402              		.loc 1 378 3 is_stmt 1 view .LVU126
 403              		.loc 1 378 10 is_stmt 0 view .LVU127
 404 0008 0343     		orrs	r3, r3, r0
 405              	.LVL11:
 379:./Libraries/src/stm32f4xx_cryp.c **** 
 380:./Libraries/src/stm32f4xx_cryp.c ****   /* Set the CR register */ 
 381:./Libraries/src/stm32f4xx_cryp.c ****   CRYP->CR = tempcr;    
 406              		.loc 1 381 3 is_stmt 1 view .LVU128
 407              		.loc 1 381 12 is_stmt 0 view .LVU129
 408 000a 1360     		str	r3, [r2]
 382:./Libraries/src/stm32f4xx_cryp.c **** }
 409              		.loc 1 382 1 view .LVU130
 410 000c 7047     		bx	lr
 411              	.L19:
 412 000e 00BF     		.align	2
 413              	.L18:
 414 0010 00000650 		.word	1342570496
 415              		.cfi_endproc
 416              	.LFE130:
 418              		.section	.text.CRYP_FIFOFlush,"ax",%progbits
 419              		.align	1
 420              		.global	CRYP_FIFOFlush
 421              		.syntax unified
 422              		.thumb
 423              		.thumb_func
 425              	CRYP_FIFOFlush:
 426              	.LFB131:
 383:./Libraries/src/stm32f4xx_cryp.c **** 
 384:./Libraries/src/stm32f4xx_cryp.c **** /**
 385:./Libraries/src/stm32f4xx_cryp.c ****   * @brief  Flushes the IN and OUT FIFOs (that is read and write pointers of the 
 386:./Libraries/src/stm32f4xx_cryp.c ****   *         FIFOs are reset)
 387:./Libraries/src/stm32f4xx_cryp.c ****   * @note   The FIFOs must be flushed only when BUSY flag is reset.  
 388:./Libraries/src/stm32f4xx_cryp.c ****   * @param  None
 389:./Libraries/src/stm32f4xx_cryp.c ****   * @retval None
ARM GAS  /tmp/cc52A741.s 			page 15


 390:./Libraries/src/stm32f4xx_cryp.c ****   */
 391:./Libraries/src/stm32f4xx_cryp.c **** void CRYP_FIFOFlush(void)
 392:./Libraries/src/stm32f4xx_cryp.c **** {
 427              		.loc 1 392 1 is_stmt 1 view -0
 428              		.cfi_startproc
 429              		@ args = 0, pretend = 0, frame = 0
 430              		@ frame_needed = 0, uses_anonymous_args = 0
 431              		@ link register save eliminated.
 393:./Libraries/src/stm32f4xx_cryp.c ****   /* Reset the read and write pointers of the FIFOs */
 394:./Libraries/src/stm32f4xx_cryp.c ****   CRYP->CR |= CRYP_CR_FFLUSH;
 432              		.loc 1 394 3 view .LVU132
 433              		.loc 1 394 7 is_stmt 0 view .LVU133
 434 0000 024A     		ldr	r2, .L21
 435 0002 1368     		ldr	r3, [r2]
 436              		.loc 1 394 12 view .LVU134
 437 0004 43F48043 		orr	r3, r3, #16384
 438 0008 1360     		str	r3, [r2]
 395:./Libraries/src/stm32f4xx_cryp.c **** }
 439              		.loc 1 395 1 view .LVU135
 440 000a 7047     		bx	lr
 441              	.L22:
 442              		.align	2
 443              	.L21:
 444 000c 00000650 		.word	1342570496
 445              		.cfi_endproc
 446              	.LFE131:
 448              		.section	.text.CRYP_Cmd,"ax",%progbits
 449              		.align	1
 450              		.global	CRYP_Cmd
 451              		.syntax unified
 452              		.thumb
 453              		.thumb_func
 455              	CRYP_Cmd:
 456              	.LVL12:
 457              	.LFB132:
 396:./Libraries/src/stm32f4xx_cryp.c **** 
 397:./Libraries/src/stm32f4xx_cryp.c **** /**
 398:./Libraries/src/stm32f4xx_cryp.c ****   * @brief  Enables or disables the CRYP peripheral.
 399:./Libraries/src/stm32f4xx_cryp.c ****   * @param  NewState: new state of the CRYP peripheral.
 400:./Libraries/src/stm32f4xx_cryp.c ****   *          This parameter can be: ENABLE or DISABLE.
 401:./Libraries/src/stm32f4xx_cryp.c ****   * @retval None
 402:./Libraries/src/stm32f4xx_cryp.c ****   */
 403:./Libraries/src/stm32f4xx_cryp.c **** void CRYP_Cmd(FunctionalState NewState)
 404:./Libraries/src/stm32f4xx_cryp.c **** {
 458              		.loc 1 404 1 is_stmt 1 view -0
 459              		.cfi_startproc
 460              		@ args = 0, pretend = 0, frame = 0
 461              		@ frame_needed = 0, uses_anonymous_args = 0
 462              		@ link register save eliminated.
 405:./Libraries/src/stm32f4xx_cryp.c ****   /* Check the parameters */
 406:./Libraries/src/stm32f4xx_cryp.c ****   assert_param(IS_FUNCTIONAL_STATE(NewState));
 463              		.loc 1 406 3 view .LVU137
 407:./Libraries/src/stm32f4xx_cryp.c **** 
 408:./Libraries/src/stm32f4xx_cryp.c ****   if (NewState != DISABLE)
 464              		.loc 1 408 3 view .LVU138
 465              		.loc 1 408 6 is_stmt 0 view .LVU139
 466 0000 28B1     		cbz	r0, .L24
ARM GAS  /tmp/cc52A741.s 			page 16


 409:./Libraries/src/stm32f4xx_cryp.c ****   {
 410:./Libraries/src/stm32f4xx_cryp.c ****     /* Enable the Cryptographic processor */
 411:./Libraries/src/stm32f4xx_cryp.c ****     CRYP->CR |= CRYP_CR_CRYPEN;
 467              		.loc 1 411 5 is_stmt 1 view .LVU140
 468              		.loc 1 411 9 is_stmt 0 view .LVU141
 469 0002 064A     		ldr	r2, .L26
 470 0004 1368     		ldr	r3, [r2]
 471              		.loc 1 411 14 view .LVU142
 472 0006 43F40043 		orr	r3, r3, #32768
 473 000a 1360     		str	r3, [r2]
 474 000c 7047     		bx	lr
 475              	.L24:
 412:./Libraries/src/stm32f4xx_cryp.c ****   }
 413:./Libraries/src/stm32f4xx_cryp.c ****   else
 414:./Libraries/src/stm32f4xx_cryp.c ****   {
 415:./Libraries/src/stm32f4xx_cryp.c ****     /* Disable the Cryptographic processor */
 416:./Libraries/src/stm32f4xx_cryp.c ****     CRYP->CR &= ~CRYP_CR_CRYPEN;
 476              		.loc 1 416 5 is_stmt 1 view .LVU143
 477              		.loc 1 416 9 is_stmt 0 view .LVU144
 478 000e 034A     		ldr	r2, .L26
 479 0010 1368     		ldr	r3, [r2]
 480              		.loc 1 416 14 view .LVU145
 481 0012 23F40043 		bic	r3, r3, #32768
 482 0016 1360     		str	r3, [r2]
 417:./Libraries/src/stm32f4xx_cryp.c ****   }
 418:./Libraries/src/stm32f4xx_cryp.c **** }
 483              		.loc 1 418 1 view .LVU146
 484 0018 7047     		bx	lr
 485              	.L27:
 486 001a 00BF     		.align	2
 487              	.L26:
 488 001c 00000650 		.word	1342570496
 489              		.cfi_endproc
 490              	.LFE132:
 492              		.section	.text.CRYP_DataIn,"ax",%progbits
 493              		.align	1
 494              		.global	CRYP_DataIn
 495              		.syntax unified
 496              		.thumb
 497              		.thumb_func
 499              	CRYP_DataIn:
 500              	.LVL13:
 501              	.LFB133:
 419:./Libraries/src/stm32f4xx_cryp.c **** /**
 420:./Libraries/src/stm32f4xx_cryp.c ****   * @}
 421:./Libraries/src/stm32f4xx_cryp.c ****   */
 422:./Libraries/src/stm32f4xx_cryp.c ****   
 423:./Libraries/src/stm32f4xx_cryp.c **** /** @defgroup CRYP_Group2 CRYP Data processing functions
 424:./Libraries/src/stm32f4xx_cryp.c ****  *  @brief    CRYP Data processing functions
 425:./Libraries/src/stm32f4xx_cryp.c ****  *
 426:./Libraries/src/stm32f4xx_cryp.c **** @verbatim    
 427:./Libraries/src/stm32f4xx_cryp.c ****  ===============================================================================
 428:./Libraries/src/stm32f4xx_cryp.c ****                     ##### CRYP Data processing functions #####
 429:./Libraries/src/stm32f4xx_cryp.c ****  ===============================================================================  
 430:./Libraries/src/stm32f4xx_cryp.c ****  [..] This section provides functions allowing the encryption and decryption 
 431:./Libraries/src/stm32f4xx_cryp.c ****       operations: 
 432:./Libraries/src/stm32f4xx_cryp.c ****    (+) Enter data to be treated in the IN FIFO : using CRYP_DataIn() function.
ARM GAS  /tmp/cc52A741.s 			page 17


 433:./Libraries/src/stm32f4xx_cryp.c ****    (+) Get the data result from the OUT FIFO : using CRYP_DataOut() function.
 434:./Libraries/src/stm32f4xx_cryp.c **** 
 435:./Libraries/src/stm32f4xx_cryp.c **** @endverbatim
 436:./Libraries/src/stm32f4xx_cryp.c ****   * @{
 437:./Libraries/src/stm32f4xx_cryp.c ****   */
 438:./Libraries/src/stm32f4xx_cryp.c **** 
 439:./Libraries/src/stm32f4xx_cryp.c **** /**
 440:./Libraries/src/stm32f4xx_cryp.c ****   * @brief  Writes data in the Data Input register (DIN).
 441:./Libraries/src/stm32f4xx_cryp.c ****   * @note   After the DIN register has been read once or several times, 
 442:./Libraries/src/stm32f4xx_cryp.c ****   *         the FIFO must be flushed (using CRYP_FIFOFlush() function).  
 443:./Libraries/src/stm32f4xx_cryp.c ****   * @param  Data: data to write in Data Input register
 444:./Libraries/src/stm32f4xx_cryp.c ****   * @retval None
 445:./Libraries/src/stm32f4xx_cryp.c ****   */
 446:./Libraries/src/stm32f4xx_cryp.c **** void CRYP_DataIn(uint32_t Data)
 447:./Libraries/src/stm32f4xx_cryp.c **** {
 502              		.loc 1 447 1 is_stmt 1 view -0
 503              		.cfi_startproc
 504              		@ args = 0, pretend = 0, frame = 0
 505              		@ frame_needed = 0, uses_anonymous_args = 0
 506              		@ link register save eliminated.
 448:./Libraries/src/stm32f4xx_cryp.c ****   CRYP->DR = Data;
 507              		.loc 1 448 3 view .LVU148
 508              		.loc 1 448 12 is_stmt 0 view .LVU149
 509 0000 014B     		ldr	r3, .L29
 510 0002 9860     		str	r0, [r3, #8]
 449:./Libraries/src/stm32f4xx_cryp.c **** }
 511              		.loc 1 449 1 view .LVU150
 512 0004 7047     		bx	lr
 513              	.L30:
 514 0006 00BF     		.align	2
 515              	.L29:
 516 0008 00000650 		.word	1342570496
 517              		.cfi_endproc
 518              	.LFE133:
 520              		.section	.text.CRYP_DataOut,"ax",%progbits
 521              		.align	1
 522              		.global	CRYP_DataOut
 523              		.syntax unified
 524              		.thumb
 525              		.thumb_func
 527              	CRYP_DataOut:
 528              	.LFB134:
 450:./Libraries/src/stm32f4xx_cryp.c **** 
 451:./Libraries/src/stm32f4xx_cryp.c **** /**
 452:./Libraries/src/stm32f4xx_cryp.c ****   * @brief  Returns the last data entered into the output FIFO.
 453:./Libraries/src/stm32f4xx_cryp.c ****   * @param  None
 454:./Libraries/src/stm32f4xx_cryp.c ****   * @retval Last data entered into the output FIFO.
 455:./Libraries/src/stm32f4xx_cryp.c ****   */
 456:./Libraries/src/stm32f4xx_cryp.c **** uint32_t CRYP_DataOut(void)
 457:./Libraries/src/stm32f4xx_cryp.c **** {
 529              		.loc 1 457 1 is_stmt 1 view -0
 530              		.cfi_startproc
 531              		@ args = 0, pretend = 0, frame = 0
 532              		@ frame_needed = 0, uses_anonymous_args = 0
 533              		@ link register save eliminated.
 458:./Libraries/src/stm32f4xx_cryp.c ****   return CRYP->DOUT;
 534              		.loc 1 458 3 view .LVU152
ARM GAS  /tmp/cc52A741.s 			page 18


 535              		.loc 1 458 14 is_stmt 0 view .LVU153
 536 0000 014B     		ldr	r3, .L32
 537 0002 D868     		ldr	r0, [r3, #12]
 459:./Libraries/src/stm32f4xx_cryp.c **** }
 538              		.loc 1 459 1 view .LVU154
 539 0004 7047     		bx	lr
 540              	.L33:
 541 0006 00BF     		.align	2
 542              	.L32:
 543 0008 00000650 		.word	1342570496
 544              		.cfi_endproc
 545              	.LFE134:
 547              		.section	.text.CRYP_SaveContext,"ax",%progbits
 548              		.align	1
 549              		.global	CRYP_SaveContext
 550              		.syntax unified
 551              		.thumb
 552              		.thumb_func
 554              	CRYP_SaveContext:
 555              	.LVL14:
 556              	.LFB135:
 460:./Libraries/src/stm32f4xx_cryp.c **** /**
 461:./Libraries/src/stm32f4xx_cryp.c ****   * @}
 462:./Libraries/src/stm32f4xx_cryp.c ****   */
 463:./Libraries/src/stm32f4xx_cryp.c ****   
 464:./Libraries/src/stm32f4xx_cryp.c **** /** @defgroup CRYP_Group3 Context swapping functions
 465:./Libraries/src/stm32f4xx_cryp.c ****  *  @brief   Context swapping functions
 466:./Libraries/src/stm32f4xx_cryp.c ****  *
 467:./Libraries/src/stm32f4xx_cryp.c **** @verbatim   
 468:./Libraries/src/stm32f4xx_cryp.c ****  ===============================================================================
 469:./Libraries/src/stm32f4xx_cryp.c ****                       ##### Context swapping functions #####
 470:./Libraries/src/stm32f4xx_cryp.c ****  ===============================================================================  
 471:./Libraries/src/stm32f4xx_cryp.c ****  [..] This section provides functions allowing to save and store CRYP Context
 472:./Libraries/src/stm32f4xx_cryp.c **** 
 473:./Libraries/src/stm32f4xx_cryp.c ****  [..] It is possible to interrupt an encryption/ decryption/ key generation process 
 474:./Libraries/src/stm32f4xx_cryp.c ****       to perform another processing with a higher priority, and to complete the 
 475:./Libraries/src/stm32f4xx_cryp.c ****       interrupted process later on, when the higher-priority task is complete. To do 
 476:./Libraries/src/stm32f4xx_cryp.c ****       so, the context of the interrupted task must be saved from the CRYP registers 
 477:./Libraries/src/stm32f4xx_cryp.c ****       to memory, and then be restored from memory to the CRYP registers.
 478:./Libraries/src/stm32f4xx_cryp.c ****    
 479:./Libraries/src/stm32f4xx_cryp.c ****    (#) To save the current context, use CRYP_SaveContext() function
 480:./Libraries/src/stm32f4xx_cryp.c ****    (#) To restore the saved context, use CRYP_RestoreContext() function 
 481:./Libraries/src/stm32f4xx_cryp.c **** 
 482:./Libraries/src/stm32f4xx_cryp.c **** @endverbatim
 483:./Libraries/src/stm32f4xx_cryp.c ****   * @{
 484:./Libraries/src/stm32f4xx_cryp.c ****   */
 485:./Libraries/src/stm32f4xx_cryp.c ****   
 486:./Libraries/src/stm32f4xx_cryp.c **** /**
 487:./Libraries/src/stm32f4xx_cryp.c ****   * @brief  Saves the CRYP peripheral Context. 
 488:./Libraries/src/stm32f4xx_cryp.c ****   * @note   This function stops DMA transfer before to save the context. After 
 489:./Libraries/src/stm32f4xx_cryp.c ****   *         restoring the context, you have to enable the DMA again (if the DMA
 490:./Libraries/src/stm32f4xx_cryp.c ****   *         was previously used).
 491:./Libraries/src/stm32f4xx_cryp.c ****   * @param  CRYP_ContextSave: pointer to a CRYP_Context structure that contains
 492:./Libraries/src/stm32f4xx_cryp.c ****   *         the repository for current context.
 493:./Libraries/src/stm32f4xx_cryp.c ****   * @param  CRYP_KeyInitStruct: pointer to a CRYP_KeyInitTypeDef structure that 
 494:./Libraries/src/stm32f4xx_cryp.c ****   *         contains the configuration information for the CRYP Keys.  
 495:./Libraries/src/stm32f4xx_cryp.c ****   * @retval None
ARM GAS  /tmp/cc52A741.s 			page 19


 496:./Libraries/src/stm32f4xx_cryp.c ****   */
 497:./Libraries/src/stm32f4xx_cryp.c **** ErrorStatus CRYP_SaveContext(CRYP_Context* CRYP_ContextSave,
 498:./Libraries/src/stm32f4xx_cryp.c ****                              CRYP_KeyInitTypeDef* CRYP_KeyInitStruct)
 499:./Libraries/src/stm32f4xx_cryp.c **** {
 557              		.loc 1 499 1 is_stmt 1 view -0
 558              		.cfi_startproc
 559              		@ args = 0, pretend = 0, frame = 8
 560              		@ frame_needed = 0, uses_anonymous_args = 0
 561              		@ link register save eliminated.
 562              		.loc 1 499 1 is_stmt 0 view .LVU156
 563 0000 10B4     		push	{r4}
 564              	.LCFI1:
 565              		.cfi_def_cfa_offset 4
 566              		.cfi_offset 4, -4
 567 0002 83B0     		sub	sp, sp, #12
 568              	.LCFI2:
 569              		.cfi_def_cfa_offset 16
 500:./Libraries/src/stm32f4xx_cryp.c ****   __IO uint32_t timeout = 0;
 570              		.loc 1 500 3 is_stmt 1 view .LVU157
 571              		.loc 1 500 17 is_stmt 0 view .LVU158
 572 0004 0023     		movs	r3, #0
 573 0006 0193     		str	r3, [sp, #4]
 501:./Libraries/src/stm32f4xx_cryp.c ****   uint32_t ckeckmask = 0, bitstatus;    
 574              		.loc 1 501 3 is_stmt 1 view .LVU159
 575              	.LVL15:
 502:./Libraries/src/stm32f4xx_cryp.c ****   ErrorStatus status = ERROR;
 576              		.loc 1 502 3 view .LVU160
 503:./Libraries/src/stm32f4xx_cryp.c **** 
 504:./Libraries/src/stm32f4xx_cryp.c ****   /* Stop DMA transfers on the IN FIFO by clearing the DIEN bit in the CRYP_DMACR */
 505:./Libraries/src/stm32f4xx_cryp.c ****   CRYP->DMACR &= ~(uint32_t)CRYP_DMACR_DIEN;
 577              		.loc 1 505 3 view .LVU161
 578              		.loc 1 505 7 is_stmt 0 view .LVU162
 579 0008 3B4B     		ldr	r3, .L43
 580 000a 1A69     		ldr	r2, [r3, #16]
 581              		.loc 1 505 15 view .LVU163
 582 000c 22F00102 		bic	r2, r2, #1
 583 0010 1A61     		str	r2, [r3, #16]
 506:./Libraries/src/stm32f4xx_cryp.c ****     
 507:./Libraries/src/stm32f4xx_cryp.c ****   /* Wait until both the IN and OUT FIFOs are empty  
 508:./Libraries/src/stm32f4xx_cryp.c ****     (IFEM=1 and OFNE=0 in the CRYP_SR register) and the 
 509:./Libraries/src/stm32f4xx_cryp.c ****      BUSY bit is cleared. */
 510:./Libraries/src/stm32f4xx_cryp.c **** 
 511:./Libraries/src/stm32f4xx_cryp.c ****   if ((CRYP->CR & (uint32_t)(CRYP_CR_ALGOMODE_TDES_ECB | CRYP_CR_ALGOMODE_TDES_CBC)) != (uint32_t)0
 584              		.loc 1 511 3 is_stmt 1 view .LVU164
 585              		.loc 1 511 12 is_stmt 0 view .LVU165
 586 0012 1B68     		ldr	r3, [r3]
 587              		.loc 1 511 6 view .LVU166
 588 0014 13F0080F 		tst	r3, #8
 589 0018 1AD0     		beq	.L39
 512:./Libraries/src/stm32f4xx_cryp.c ****   { 
 513:./Libraries/src/stm32f4xx_cryp.c ****     ckeckmask =  CRYP_SR_IFEM | CRYP_SR_BUSY ;
 590              		.loc 1 513 15 view .LVU167
 591 001a 4FF0110C 		mov	ip, #17
 592              	.LVL16:
 593              	.L37:
 514:./Libraries/src/stm32f4xx_cryp.c ****   }
 515:./Libraries/src/stm32f4xx_cryp.c ****   else /* AES or DES */
ARM GAS  /tmp/cc52A741.s 			page 20


 516:./Libraries/src/stm32f4xx_cryp.c ****   {
 517:./Libraries/src/stm32f4xx_cryp.c ****     ckeckmask =  CRYP_SR_IFEM | CRYP_SR_BUSY | CRYP_SR_OFNE;
 518:./Libraries/src/stm32f4xx_cryp.c ****   }           
 519:./Libraries/src/stm32f4xx_cryp.c ****    
 520:./Libraries/src/stm32f4xx_cryp.c ****   do 
 594              		.loc 1 520 3 is_stmt 1 view .LVU168
 521:./Libraries/src/stm32f4xx_cryp.c ****   {
 522:./Libraries/src/stm32f4xx_cryp.c ****     bitstatus = CRYP->SR & ckeckmask;
 595              		.loc 1 522 5 view .LVU169
 596              		.loc 1 522 21 is_stmt 0 view .LVU170
 597 001e 364B     		ldr	r3, .L43
 598 0020 5A68     		ldr	r2, [r3, #4]
 599              		.loc 1 522 15 view .LVU171
 600 0022 02EA0C02 		and	r2, r2, ip
 601              	.LVL17:
 523:./Libraries/src/stm32f4xx_cryp.c ****     timeout++;
 602              		.loc 1 523 5 is_stmt 1 view .LVU172
 603              		.loc 1 523 12 is_stmt 0 view .LVU173
 604 0026 019B     		ldr	r3, [sp, #4]
 605 0028 0133     		adds	r3, r3, #1
 606 002a 0193     		str	r3, [sp, #4]
 524:./Libraries/src/stm32f4xx_cryp.c ****   }
 525:./Libraries/src/stm32f4xx_cryp.c ****   while ((timeout != MAX_TIMEOUT) && (bitstatus != CRYP_SR_IFEM));
 607              		.loc 1 525 35 is_stmt 1 discriminator 2 view .LVU174
 608              		.loc 1 525 19 is_stmt 0 discriminator 2 view .LVU175
 609 002c 019C     		ldr	r4, [sp, #4]
 610              		.loc 1 525 35 discriminator 2 view .LVU176
 611 002e 4FF6FF73 		movw	r3, #65535
 612 0032 9C42     		cmp	r4, r3
 613 0034 01D0     		beq	.L36
 614              		.loc 1 525 35 discriminator 1 view .LVU177
 615 0036 012A     		cmp	r2, #1
 616 0038 F1D1     		bne	.L37
 617              	.L36:
 526:./Libraries/src/stm32f4xx_cryp.c ****      
 527:./Libraries/src/stm32f4xx_cryp.c ****   if ((CRYP->SR & ckeckmask) != CRYP_SR_IFEM)
 618              		.loc 1 527 3 is_stmt 1 view .LVU178
 619              		.loc 1 527 12 is_stmt 0 view .LVU179
 620 003a 2F4B     		ldr	r3, .L43
 621 003c 5B68     		ldr	r3, [r3, #4]
 622              		.loc 1 527 17 view .LVU180
 623 003e 03EA0C03 		and	r3, r3, ip
 624              		.loc 1 527 6 view .LVU181
 625 0042 012B     		cmp	r3, #1
 626 0044 07D0     		beq	.L42
 528:./Libraries/src/stm32f4xx_cryp.c ****   {
 529:./Libraries/src/stm32f4xx_cryp.c ****     status = ERROR;
 627              		.loc 1 529 12 view .LVU182
 628 0046 0020     		movs	r0, #0
 629              	.LVL18:
 630              	.L38:
 530:./Libraries/src/stm32f4xx_cryp.c ****   }
 531:./Libraries/src/stm32f4xx_cryp.c ****   else
 532:./Libraries/src/stm32f4xx_cryp.c ****   {      
 533:./Libraries/src/stm32f4xx_cryp.c ****     /* Stop DMA transfers on the OUT FIFO by 
 534:./Libraries/src/stm32f4xx_cryp.c ****        - writing the DOEN bit to 0 in the CRYP_DMACR register 
 535:./Libraries/src/stm32f4xx_cryp.c ****        - and clear the CRYPEN bit. */
ARM GAS  /tmp/cc52A741.s 			page 21


 536:./Libraries/src/stm32f4xx_cryp.c **** 
 537:./Libraries/src/stm32f4xx_cryp.c ****     CRYP->DMACR &= ~(uint32_t)CRYP_DMACR_DOEN;
 538:./Libraries/src/stm32f4xx_cryp.c ****     CRYP->CR &= ~(uint32_t)CRYP_CR_CRYPEN;
 539:./Libraries/src/stm32f4xx_cryp.c **** 
 540:./Libraries/src/stm32f4xx_cryp.c ****     /* Save the current configuration (bit 19, bit[17:16] and bits [9:2] in the CRYP_CR register) *
 541:./Libraries/src/stm32f4xx_cryp.c ****     CRYP_ContextSave->CR_CurrentConfig  = CRYP->CR & (CRYP_CR_GCM_CCMPH |
 542:./Libraries/src/stm32f4xx_cryp.c ****                                                       CRYP_CR_KEYSIZE  |
 543:./Libraries/src/stm32f4xx_cryp.c ****                                                       CRYP_CR_DATATYPE |
 544:./Libraries/src/stm32f4xx_cryp.c ****                                                       CRYP_CR_ALGOMODE |
 545:./Libraries/src/stm32f4xx_cryp.c ****                                                       CRYP_CR_ALGODIR);
 546:./Libraries/src/stm32f4xx_cryp.c **** 
 547:./Libraries/src/stm32f4xx_cryp.c ****     /* and, if not in ECB mode, the initialization vectors. */
 548:./Libraries/src/stm32f4xx_cryp.c ****     CRYP_ContextSave->CRYP_IV0LR = CRYP->IV0LR;
 549:./Libraries/src/stm32f4xx_cryp.c ****     CRYP_ContextSave->CRYP_IV0RR = CRYP->IV0RR;
 550:./Libraries/src/stm32f4xx_cryp.c ****     CRYP_ContextSave->CRYP_IV1LR = CRYP->IV1LR;
 551:./Libraries/src/stm32f4xx_cryp.c ****     CRYP_ContextSave->CRYP_IV1RR = CRYP->IV1RR;
 552:./Libraries/src/stm32f4xx_cryp.c **** 
 553:./Libraries/src/stm32f4xx_cryp.c ****     /* save The key value */
 554:./Libraries/src/stm32f4xx_cryp.c ****     CRYP_ContextSave->CRYP_K0LR = CRYP_KeyInitStruct->CRYP_Key0Left; 
 555:./Libraries/src/stm32f4xx_cryp.c ****     CRYP_ContextSave->CRYP_K0RR = CRYP_KeyInitStruct->CRYP_Key0Right; 
 556:./Libraries/src/stm32f4xx_cryp.c ****     CRYP_ContextSave->CRYP_K1LR = CRYP_KeyInitStruct->CRYP_Key1Left; 
 557:./Libraries/src/stm32f4xx_cryp.c ****     CRYP_ContextSave->CRYP_K1RR = CRYP_KeyInitStruct->CRYP_Key1Right; 
 558:./Libraries/src/stm32f4xx_cryp.c ****     CRYP_ContextSave->CRYP_K2LR = CRYP_KeyInitStruct->CRYP_Key2Left; 
 559:./Libraries/src/stm32f4xx_cryp.c ****     CRYP_ContextSave->CRYP_K2RR = CRYP_KeyInitStruct->CRYP_Key2Right; 
 560:./Libraries/src/stm32f4xx_cryp.c ****     CRYP_ContextSave->CRYP_K3LR = CRYP_KeyInitStruct->CRYP_Key3Left; 
 561:./Libraries/src/stm32f4xx_cryp.c ****     CRYP_ContextSave->CRYP_K3RR = CRYP_KeyInitStruct->CRYP_Key3Right; 
 562:./Libraries/src/stm32f4xx_cryp.c **** 
 563:./Libraries/src/stm32f4xx_cryp.c ****     /* Save the content of context swap registers */
 564:./Libraries/src/stm32f4xx_cryp.c ****     CRYP_ContextSave->CRYP_CSGCMCCMR[0] = CRYP->CSGCMCCM0R;
 565:./Libraries/src/stm32f4xx_cryp.c ****     CRYP_ContextSave->CRYP_CSGCMCCMR[1] = CRYP->CSGCMCCM1R;
 566:./Libraries/src/stm32f4xx_cryp.c ****     CRYP_ContextSave->CRYP_CSGCMCCMR[2] = CRYP->CSGCMCCM2R;
 567:./Libraries/src/stm32f4xx_cryp.c ****     CRYP_ContextSave->CRYP_CSGCMCCMR[3] = CRYP->CSGCMCCM3R;
 568:./Libraries/src/stm32f4xx_cryp.c ****     CRYP_ContextSave->CRYP_CSGCMCCMR[4] = CRYP->CSGCMCCM4R;
 569:./Libraries/src/stm32f4xx_cryp.c ****     CRYP_ContextSave->CRYP_CSGCMCCMR[5] = CRYP->CSGCMCCM5R;
 570:./Libraries/src/stm32f4xx_cryp.c ****     CRYP_ContextSave->CRYP_CSGCMCCMR[6] = CRYP->CSGCMCCM6R;
 571:./Libraries/src/stm32f4xx_cryp.c ****     CRYP_ContextSave->CRYP_CSGCMCCMR[7] = CRYP->CSGCMCCM7R;
 572:./Libraries/src/stm32f4xx_cryp.c ****     
 573:./Libraries/src/stm32f4xx_cryp.c ****     CRYP_ContextSave->CRYP_CSGCMR[0] = CRYP->CSGCM0R;
 574:./Libraries/src/stm32f4xx_cryp.c ****     CRYP_ContextSave->CRYP_CSGCMR[1] = CRYP->CSGCM1R;
 575:./Libraries/src/stm32f4xx_cryp.c ****     CRYP_ContextSave->CRYP_CSGCMR[2] = CRYP->CSGCM2R;
 576:./Libraries/src/stm32f4xx_cryp.c ****     CRYP_ContextSave->CRYP_CSGCMR[3] = CRYP->CSGCM3R;
 577:./Libraries/src/stm32f4xx_cryp.c ****     CRYP_ContextSave->CRYP_CSGCMR[4] = CRYP->CSGCM4R;
 578:./Libraries/src/stm32f4xx_cryp.c ****     CRYP_ContextSave->CRYP_CSGCMR[5] = CRYP->CSGCM5R;
 579:./Libraries/src/stm32f4xx_cryp.c ****     CRYP_ContextSave->CRYP_CSGCMR[6] = CRYP->CSGCM6R;
 580:./Libraries/src/stm32f4xx_cryp.c ****     CRYP_ContextSave->CRYP_CSGCMR[7] = CRYP->CSGCM7R;
 581:./Libraries/src/stm32f4xx_cryp.c ****     
 582:./Libraries/src/stm32f4xx_cryp.c ****    /* When needed, save the DMA status (pointers for IN and OUT messages, 
 583:./Libraries/src/stm32f4xx_cryp.c ****       number of remaining bytes, etc.) */
 584:./Libraries/src/stm32f4xx_cryp.c ****      
 585:./Libraries/src/stm32f4xx_cryp.c ****     status = SUCCESS;
 586:./Libraries/src/stm32f4xx_cryp.c ****   }
 587:./Libraries/src/stm32f4xx_cryp.c **** 
 588:./Libraries/src/stm32f4xx_cryp.c ****    return status;
 631              		.loc 1 588 4 is_stmt 1 view .LVU183
 589:./Libraries/src/stm32f4xx_cryp.c **** }
 632              		.loc 1 589 1 is_stmt 0 view .LVU184
 633 0048 03B0     		add	sp, sp, #12
ARM GAS  /tmp/cc52A741.s 			page 22


 634              	.LCFI3:
 635              		.cfi_remember_state
 636              		.cfi_def_cfa_offset 4
 637              		@ sp needed
 638 004a 5DF8044B 		ldr	r4, [sp], #4
 639              	.LCFI4:
 640              		.cfi_restore 4
 641              		.cfi_def_cfa_offset 0
 642 004e 7047     		bx	lr
 643              	.LVL19:
 644              	.L39:
 645              	.LCFI5:
 646              		.cfi_restore_state
 517:./Libraries/src/stm32f4xx_cryp.c ****   }           
 647              		.loc 1 517 15 view .LVU185
 648 0050 4FF0150C 		mov	ip, #21
 649 0054 E3E7     		b	.L37
 650              	.LVL20:
 651              	.L42:
 537:./Libraries/src/stm32f4xx_cryp.c ****     CRYP->CR &= ~(uint32_t)CRYP_CR_CRYPEN;
 652              		.loc 1 537 5 is_stmt 1 view .LVU186
 537:./Libraries/src/stm32f4xx_cryp.c ****     CRYP->CR &= ~(uint32_t)CRYP_CR_CRYPEN;
 653              		.loc 1 537 9 is_stmt 0 view .LVU187
 654 0056 284B     		ldr	r3, .L43
 655 0058 1A69     		ldr	r2, [r3, #16]
 656              	.LVL21:
 537:./Libraries/src/stm32f4xx_cryp.c ****     CRYP->CR &= ~(uint32_t)CRYP_CR_CRYPEN;
 657              		.loc 1 537 17 view .LVU188
 658 005a 22F00202 		bic	r2, r2, #2
 659 005e 1A61     		str	r2, [r3, #16]
 538:./Libraries/src/stm32f4xx_cryp.c **** 
 660              		.loc 1 538 5 is_stmt 1 view .LVU189
 538:./Libraries/src/stm32f4xx_cryp.c **** 
 661              		.loc 1 538 9 is_stmt 0 view .LVU190
 662 0060 1A68     		ldr	r2, [r3]
 538:./Libraries/src/stm32f4xx_cryp.c **** 
 663              		.loc 1 538 14 view .LVU191
 664 0062 22F40042 		bic	r2, r2, #32768
 665 0066 1A60     		str	r2, [r3]
 541:./Libraries/src/stm32f4xx_cryp.c ****                                                       CRYP_CR_KEYSIZE  |
 666              		.loc 1 541 5 is_stmt 1 view .LVU192
 541:./Libraries/src/stm32f4xx_cryp.c ****                                                       CRYP_CR_KEYSIZE  |
 667              		.loc 1 541 47 is_stmt 0 view .LVU193
 668 0068 1A68     		ldr	r2, [r3]
 541:./Libraries/src/stm32f4xx_cryp.c ****                                                       CRYP_CR_KEYSIZE  |
 669              		.loc 1 541 52 view .LVU194
 670 006a 22F07F42 		bic	r2, r2, #-16777216
 671 006e 22F47402 		bic	r2, r2, #15990784
 672 0072 22F47C42 		bic	r2, r2, #64512
 673 0076 22F00302 		bic	r2, r2, #3
 541:./Libraries/src/stm32f4xx_cryp.c ****                                                       CRYP_CR_KEYSIZE  |
 674              		.loc 1 541 41 view .LVU195
 675 007a 0260     		str	r2, [r0]
 548:./Libraries/src/stm32f4xx_cryp.c ****     CRYP_ContextSave->CRYP_IV0RR = CRYP->IV0RR;
 676              		.loc 1 548 5 is_stmt 1 view .LVU196
 548:./Libraries/src/stm32f4xx_cryp.c ****     CRYP_ContextSave->CRYP_IV0RR = CRYP->IV0RR;
 677              		.loc 1 548 40 is_stmt 0 view .LVU197
ARM GAS  /tmp/cc52A741.s 			page 23


 678 007c 1A6C     		ldr	r2, [r3, #64]
 548:./Libraries/src/stm32f4xx_cryp.c ****     CRYP_ContextSave->CRYP_IV0RR = CRYP->IV0RR;
 679              		.loc 1 548 34 view .LVU198
 680 007e 4260     		str	r2, [r0, #4]
 549:./Libraries/src/stm32f4xx_cryp.c ****     CRYP_ContextSave->CRYP_IV1LR = CRYP->IV1LR;
 681              		.loc 1 549 5 is_stmt 1 view .LVU199
 549:./Libraries/src/stm32f4xx_cryp.c ****     CRYP_ContextSave->CRYP_IV1LR = CRYP->IV1LR;
 682              		.loc 1 549 40 is_stmt 0 view .LVU200
 683 0080 5A6C     		ldr	r2, [r3, #68]
 549:./Libraries/src/stm32f4xx_cryp.c ****     CRYP_ContextSave->CRYP_IV1LR = CRYP->IV1LR;
 684              		.loc 1 549 34 view .LVU201
 685 0082 8260     		str	r2, [r0, #8]
 550:./Libraries/src/stm32f4xx_cryp.c ****     CRYP_ContextSave->CRYP_IV1RR = CRYP->IV1RR;
 686              		.loc 1 550 5 is_stmt 1 view .LVU202
 550:./Libraries/src/stm32f4xx_cryp.c ****     CRYP_ContextSave->CRYP_IV1RR = CRYP->IV1RR;
 687              		.loc 1 550 40 is_stmt 0 view .LVU203
 688 0084 9A6C     		ldr	r2, [r3, #72]
 550:./Libraries/src/stm32f4xx_cryp.c ****     CRYP_ContextSave->CRYP_IV1RR = CRYP->IV1RR;
 689              		.loc 1 550 34 view .LVU204
 690 0086 C260     		str	r2, [r0, #12]
 551:./Libraries/src/stm32f4xx_cryp.c **** 
 691              		.loc 1 551 5 is_stmt 1 view .LVU205
 551:./Libraries/src/stm32f4xx_cryp.c **** 
 692              		.loc 1 551 40 is_stmt 0 view .LVU206
 693 0088 DA6C     		ldr	r2, [r3, #76]
 551:./Libraries/src/stm32f4xx_cryp.c **** 
 694              		.loc 1 551 34 view .LVU207
 695 008a 0261     		str	r2, [r0, #16]
 554:./Libraries/src/stm32f4xx_cryp.c ****     CRYP_ContextSave->CRYP_K0RR = CRYP_KeyInitStruct->CRYP_Key0Right; 
 696              		.loc 1 554 5 is_stmt 1 view .LVU208
 554:./Libraries/src/stm32f4xx_cryp.c ****     CRYP_ContextSave->CRYP_K0RR = CRYP_KeyInitStruct->CRYP_Key0Right; 
 697              		.loc 1 554 53 is_stmt 0 view .LVU209
 698 008c 0A68     		ldr	r2, [r1]
 554:./Libraries/src/stm32f4xx_cryp.c ****     CRYP_ContextSave->CRYP_K0RR = CRYP_KeyInitStruct->CRYP_Key0Right; 
 699              		.loc 1 554 33 view .LVU210
 700 008e 4261     		str	r2, [r0, #20]
 555:./Libraries/src/stm32f4xx_cryp.c ****     CRYP_ContextSave->CRYP_K1LR = CRYP_KeyInitStruct->CRYP_Key1Left; 
 701              		.loc 1 555 5 is_stmt 1 view .LVU211
 555:./Libraries/src/stm32f4xx_cryp.c ****     CRYP_ContextSave->CRYP_K1LR = CRYP_KeyInitStruct->CRYP_Key1Left; 
 702              		.loc 1 555 53 is_stmt 0 view .LVU212
 703 0090 4A68     		ldr	r2, [r1, #4]
 555:./Libraries/src/stm32f4xx_cryp.c ****     CRYP_ContextSave->CRYP_K1LR = CRYP_KeyInitStruct->CRYP_Key1Left; 
 704              		.loc 1 555 33 view .LVU213
 705 0092 8261     		str	r2, [r0, #24]
 556:./Libraries/src/stm32f4xx_cryp.c ****     CRYP_ContextSave->CRYP_K1RR = CRYP_KeyInitStruct->CRYP_Key1Right; 
 706              		.loc 1 556 5 is_stmt 1 view .LVU214
 556:./Libraries/src/stm32f4xx_cryp.c ****     CRYP_ContextSave->CRYP_K1RR = CRYP_KeyInitStruct->CRYP_Key1Right; 
 707              		.loc 1 556 53 is_stmt 0 view .LVU215
 708 0094 8A68     		ldr	r2, [r1, #8]
 556:./Libraries/src/stm32f4xx_cryp.c ****     CRYP_ContextSave->CRYP_K1RR = CRYP_KeyInitStruct->CRYP_Key1Right; 
 709              		.loc 1 556 33 view .LVU216
 710 0096 C261     		str	r2, [r0, #28]
 557:./Libraries/src/stm32f4xx_cryp.c ****     CRYP_ContextSave->CRYP_K2LR = CRYP_KeyInitStruct->CRYP_Key2Left; 
 711              		.loc 1 557 5 is_stmt 1 view .LVU217
 557:./Libraries/src/stm32f4xx_cryp.c ****     CRYP_ContextSave->CRYP_K2LR = CRYP_KeyInitStruct->CRYP_Key2Left; 
 712              		.loc 1 557 53 is_stmt 0 view .LVU218
 713 0098 CA68     		ldr	r2, [r1, #12]
ARM GAS  /tmp/cc52A741.s 			page 24


 557:./Libraries/src/stm32f4xx_cryp.c ****     CRYP_ContextSave->CRYP_K2LR = CRYP_KeyInitStruct->CRYP_Key2Left; 
 714              		.loc 1 557 33 view .LVU219
 715 009a 0262     		str	r2, [r0, #32]
 558:./Libraries/src/stm32f4xx_cryp.c ****     CRYP_ContextSave->CRYP_K2RR = CRYP_KeyInitStruct->CRYP_Key2Right; 
 716              		.loc 1 558 5 is_stmt 1 view .LVU220
 558:./Libraries/src/stm32f4xx_cryp.c ****     CRYP_ContextSave->CRYP_K2RR = CRYP_KeyInitStruct->CRYP_Key2Right; 
 717              		.loc 1 558 53 is_stmt 0 view .LVU221
 718 009c 0A69     		ldr	r2, [r1, #16]
 558:./Libraries/src/stm32f4xx_cryp.c ****     CRYP_ContextSave->CRYP_K2RR = CRYP_KeyInitStruct->CRYP_Key2Right; 
 719              		.loc 1 558 33 view .LVU222
 720 009e 4262     		str	r2, [r0, #36]
 559:./Libraries/src/stm32f4xx_cryp.c ****     CRYP_ContextSave->CRYP_K3LR = CRYP_KeyInitStruct->CRYP_Key3Left; 
 721              		.loc 1 559 5 is_stmt 1 view .LVU223
 559:./Libraries/src/stm32f4xx_cryp.c ****     CRYP_ContextSave->CRYP_K3LR = CRYP_KeyInitStruct->CRYP_Key3Left; 
 722              		.loc 1 559 53 is_stmt 0 view .LVU224
 723 00a0 4A69     		ldr	r2, [r1, #20]
 559:./Libraries/src/stm32f4xx_cryp.c ****     CRYP_ContextSave->CRYP_K3LR = CRYP_KeyInitStruct->CRYP_Key3Left; 
 724              		.loc 1 559 33 view .LVU225
 725 00a2 8262     		str	r2, [r0, #40]
 560:./Libraries/src/stm32f4xx_cryp.c ****     CRYP_ContextSave->CRYP_K3RR = CRYP_KeyInitStruct->CRYP_Key3Right; 
 726              		.loc 1 560 5 is_stmt 1 view .LVU226
 560:./Libraries/src/stm32f4xx_cryp.c ****     CRYP_ContextSave->CRYP_K3RR = CRYP_KeyInitStruct->CRYP_Key3Right; 
 727              		.loc 1 560 53 is_stmt 0 view .LVU227
 728 00a4 8A69     		ldr	r2, [r1, #24]
 560:./Libraries/src/stm32f4xx_cryp.c ****     CRYP_ContextSave->CRYP_K3RR = CRYP_KeyInitStruct->CRYP_Key3Right; 
 729              		.loc 1 560 33 view .LVU228
 730 00a6 C262     		str	r2, [r0, #44]
 561:./Libraries/src/stm32f4xx_cryp.c **** 
 731              		.loc 1 561 5 is_stmt 1 view .LVU229
 561:./Libraries/src/stm32f4xx_cryp.c **** 
 732              		.loc 1 561 53 is_stmt 0 view .LVU230
 733 00a8 CA69     		ldr	r2, [r1, #28]
 561:./Libraries/src/stm32f4xx_cryp.c **** 
 734              		.loc 1 561 33 view .LVU231
 735 00aa 0263     		str	r2, [r0, #48]
 564:./Libraries/src/stm32f4xx_cryp.c ****     CRYP_ContextSave->CRYP_CSGCMCCMR[1] = CRYP->CSGCMCCM1R;
 736              		.loc 1 564 5 is_stmt 1 view .LVU232
 564:./Libraries/src/stm32f4xx_cryp.c ****     CRYP_ContextSave->CRYP_CSGCMCCMR[1] = CRYP->CSGCMCCM1R;
 737              		.loc 1 564 47 is_stmt 0 view .LVU233
 738 00ac 1A6D     		ldr	r2, [r3, #80]
 564:./Libraries/src/stm32f4xx_cryp.c ****     CRYP_ContextSave->CRYP_CSGCMCCMR[1] = CRYP->CSGCMCCM1R;
 739              		.loc 1 564 41 view .LVU234
 740 00ae 4263     		str	r2, [r0, #52]
 565:./Libraries/src/stm32f4xx_cryp.c ****     CRYP_ContextSave->CRYP_CSGCMCCMR[2] = CRYP->CSGCMCCM2R;
 741              		.loc 1 565 5 is_stmt 1 view .LVU235
 565:./Libraries/src/stm32f4xx_cryp.c ****     CRYP_ContextSave->CRYP_CSGCMCCMR[2] = CRYP->CSGCMCCM2R;
 742              		.loc 1 565 47 is_stmt 0 view .LVU236
 743 00b0 5A6D     		ldr	r2, [r3, #84]
 565:./Libraries/src/stm32f4xx_cryp.c ****     CRYP_ContextSave->CRYP_CSGCMCCMR[2] = CRYP->CSGCMCCM2R;
 744              		.loc 1 565 41 view .LVU237
 745 00b2 8263     		str	r2, [r0, #56]
 566:./Libraries/src/stm32f4xx_cryp.c ****     CRYP_ContextSave->CRYP_CSGCMCCMR[3] = CRYP->CSGCMCCM3R;
 746              		.loc 1 566 5 is_stmt 1 view .LVU238
 566:./Libraries/src/stm32f4xx_cryp.c ****     CRYP_ContextSave->CRYP_CSGCMCCMR[3] = CRYP->CSGCMCCM3R;
 747              		.loc 1 566 47 is_stmt 0 view .LVU239
 748 00b4 9A6D     		ldr	r2, [r3, #88]
 566:./Libraries/src/stm32f4xx_cryp.c ****     CRYP_ContextSave->CRYP_CSGCMCCMR[3] = CRYP->CSGCMCCM3R;
ARM GAS  /tmp/cc52A741.s 			page 25


 749              		.loc 1 566 41 view .LVU240
 750 00b6 C263     		str	r2, [r0, #60]
 567:./Libraries/src/stm32f4xx_cryp.c ****     CRYP_ContextSave->CRYP_CSGCMCCMR[4] = CRYP->CSGCMCCM4R;
 751              		.loc 1 567 5 is_stmt 1 view .LVU241
 567:./Libraries/src/stm32f4xx_cryp.c ****     CRYP_ContextSave->CRYP_CSGCMCCMR[4] = CRYP->CSGCMCCM4R;
 752              		.loc 1 567 47 is_stmt 0 view .LVU242
 753 00b8 DA6D     		ldr	r2, [r3, #92]
 567:./Libraries/src/stm32f4xx_cryp.c ****     CRYP_ContextSave->CRYP_CSGCMCCMR[4] = CRYP->CSGCMCCM4R;
 754              		.loc 1 567 41 view .LVU243
 755 00ba 0264     		str	r2, [r0, #64]
 568:./Libraries/src/stm32f4xx_cryp.c ****     CRYP_ContextSave->CRYP_CSGCMCCMR[5] = CRYP->CSGCMCCM5R;
 756              		.loc 1 568 5 is_stmt 1 view .LVU244
 568:./Libraries/src/stm32f4xx_cryp.c ****     CRYP_ContextSave->CRYP_CSGCMCCMR[5] = CRYP->CSGCMCCM5R;
 757              		.loc 1 568 47 is_stmt 0 view .LVU245
 758 00bc 1A6E     		ldr	r2, [r3, #96]
 568:./Libraries/src/stm32f4xx_cryp.c ****     CRYP_ContextSave->CRYP_CSGCMCCMR[5] = CRYP->CSGCMCCM5R;
 759              		.loc 1 568 41 view .LVU246
 760 00be 4264     		str	r2, [r0, #68]
 569:./Libraries/src/stm32f4xx_cryp.c ****     CRYP_ContextSave->CRYP_CSGCMCCMR[6] = CRYP->CSGCMCCM6R;
 761              		.loc 1 569 5 is_stmt 1 view .LVU247
 569:./Libraries/src/stm32f4xx_cryp.c ****     CRYP_ContextSave->CRYP_CSGCMCCMR[6] = CRYP->CSGCMCCM6R;
 762              		.loc 1 569 47 is_stmt 0 view .LVU248
 763 00c0 5A6E     		ldr	r2, [r3, #100]
 569:./Libraries/src/stm32f4xx_cryp.c ****     CRYP_ContextSave->CRYP_CSGCMCCMR[6] = CRYP->CSGCMCCM6R;
 764              		.loc 1 569 41 view .LVU249
 765 00c2 8264     		str	r2, [r0, #72]
 570:./Libraries/src/stm32f4xx_cryp.c ****     CRYP_ContextSave->CRYP_CSGCMCCMR[7] = CRYP->CSGCMCCM7R;
 766              		.loc 1 570 5 is_stmt 1 view .LVU250
 570:./Libraries/src/stm32f4xx_cryp.c ****     CRYP_ContextSave->CRYP_CSGCMCCMR[7] = CRYP->CSGCMCCM7R;
 767              		.loc 1 570 47 is_stmt 0 view .LVU251
 768 00c4 9A6E     		ldr	r2, [r3, #104]
 570:./Libraries/src/stm32f4xx_cryp.c ****     CRYP_ContextSave->CRYP_CSGCMCCMR[7] = CRYP->CSGCMCCM7R;
 769              		.loc 1 570 41 view .LVU252
 770 00c6 C264     		str	r2, [r0, #76]
 571:./Libraries/src/stm32f4xx_cryp.c ****     
 771              		.loc 1 571 5 is_stmt 1 view .LVU253
 571:./Libraries/src/stm32f4xx_cryp.c ****     
 772              		.loc 1 571 47 is_stmt 0 view .LVU254
 773 00c8 DA6E     		ldr	r2, [r3, #108]
 571:./Libraries/src/stm32f4xx_cryp.c ****     
 774              		.loc 1 571 41 view .LVU255
 775 00ca 0265     		str	r2, [r0, #80]
 573:./Libraries/src/stm32f4xx_cryp.c ****     CRYP_ContextSave->CRYP_CSGCMR[1] = CRYP->CSGCM1R;
 776              		.loc 1 573 5 is_stmt 1 view .LVU256
 573:./Libraries/src/stm32f4xx_cryp.c ****     CRYP_ContextSave->CRYP_CSGCMR[1] = CRYP->CSGCM1R;
 777              		.loc 1 573 44 is_stmt 0 view .LVU257
 778 00cc 1A6F     		ldr	r2, [r3, #112]
 573:./Libraries/src/stm32f4xx_cryp.c ****     CRYP_ContextSave->CRYP_CSGCMR[1] = CRYP->CSGCM1R;
 779              		.loc 1 573 38 view .LVU258
 780 00ce 4265     		str	r2, [r0, #84]
 574:./Libraries/src/stm32f4xx_cryp.c ****     CRYP_ContextSave->CRYP_CSGCMR[2] = CRYP->CSGCM2R;
 781              		.loc 1 574 5 is_stmt 1 view .LVU259
 574:./Libraries/src/stm32f4xx_cryp.c ****     CRYP_ContextSave->CRYP_CSGCMR[2] = CRYP->CSGCM2R;
 782              		.loc 1 574 44 is_stmt 0 view .LVU260
 783 00d0 5A6F     		ldr	r2, [r3, #116]
 574:./Libraries/src/stm32f4xx_cryp.c ****     CRYP_ContextSave->CRYP_CSGCMR[2] = CRYP->CSGCM2R;
 784              		.loc 1 574 38 view .LVU261
ARM GAS  /tmp/cc52A741.s 			page 26


 785 00d2 8265     		str	r2, [r0, #88]
 575:./Libraries/src/stm32f4xx_cryp.c ****     CRYP_ContextSave->CRYP_CSGCMR[3] = CRYP->CSGCM3R;
 786              		.loc 1 575 5 is_stmt 1 view .LVU262
 575:./Libraries/src/stm32f4xx_cryp.c ****     CRYP_ContextSave->CRYP_CSGCMR[3] = CRYP->CSGCM3R;
 787              		.loc 1 575 44 is_stmt 0 view .LVU263
 788 00d4 9A6F     		ldr	r2, [r3, #120]
 575:./Libraries/src/stm32f4xx_cryp.c ****     CRYP_ContextSave->CRYP_CSGCMR[3] = CRYP->CSGCM3R;
 789              		.loc 1 575 38 view .LVU264
 790 00d6 C265     		str	r2, [r0, #92]
 576:./Libraries/src/stm32f4xx_cryp.c ****     CRYP_ContextSave->CRYP_CSGCMR[4] = CRYP->CSGCM4R;
 791              		.loc 1 576 5 is_stmt 1 view .LVU265
 576:./Libraries/src/stm32f4xx_cryp.c ****     CRYP_ContextSave->CRYP_CSGCMR[4] = CRYP->CSGCM4R;
 792              		.loc 1 576 44 is_stmt 0 view .LVU266
 793 00d8 DA6F     		ldr	r2, [r3, #124]
 576:./Libraries/src/stm32f4xx_cryp.c ****     CRYP_ContextSave->CRYP_CSGCMR[4] = CRYP->CSGCM4R;
 794              		.loc 1 576 38 view .LVU267
 795 00da 0266     		str	r2, [r0, #96]
 577:./Libraries/src/stm32f4xx_cryp.c ****     CRYP_ContextSave->CRYP_CSGCMR[5] = CRYP->CSGCM5R;
 796              		.loc 1 577 5 is_stmt 1 view .LVU268
 577:./Libraries/src/stm32f4xx_cryp.c ****     CRYP_ContextSave->CRYP_CSGCMR[5] = CRYP->CSGCM5R;
 797              		.loc 1 577 44 is_stmt 0 view .LVU269
 798 00dc D3F88020 		ldr	r2, [r3, #128]
 577:./Libraries/src/stm32f4xx_cryp.c ****     CRYP_ContextSave->CRYP_CSGCMR[5] = CRYP->CSGCM5R;
 799              		.loc 1 577 38 view .LVU270
 800 00e0 4266     		str	r2, [r0, #100]
 578:./Libraries/src/stm32f4xx_cryp.c ****     CRYP_ContextSave->CRYP_CSGCMR[6] = CRYP->CSGCM6R;
 801              		.loc 1 578 5 is_stmt 1 view .LVU271
 578:./Libraries/src/stm32f4xx_cryp.c ****     CRYP_ContextSave->CRYP_CSGCMR[6] = CRYP->CSGCM6R;
 802              		.loc 1 578 44 is_stmt 0 view .LVU272
 803 00e2 D3F88420 		ldr	r2, [r3, #132]
 578:./Libraries/src/stm32f4xx_cryp.c ****     CRYP_ContextSave->CRYP_CSGCMR[6] = CRYP->CSGCM6R;
 804              		.loc 1 578 38 view .LVU273
 805 00e6 8266     		str	r2, [r0, #104]
 579:./Libraries/src/stm32f4xx_cryp.c ****     CRYP_ContextSave->CRYP_CSGCMR[7] = CRYP->CSGCM7R;
 806              		.loc 1 579 5 is_stmt 1 view .LVU274
 579:./Libraries/src/stm32f4xx_cryp.c ****     CRYP_ContextSave->CRYP_CSGCMR[7] = CRYP->CSGCM7R;
 807              		.loc 1 579 44 is_stmt 0 view .LVU275
 808 00e8 D3F88820 		ldr	r2, [r3, #136]
 579:./Libraries/src/stm32f4xx_cryp.c ****     CRYP_ContextSave->CRYP_CSGCMR[7] = CRYP->CSGCM7R;
 809              		.loc 1 579 38 view .LVU276
 810 00ec C266     		str	r2, [r0, #108]
 580:./Libraries/src/stm32f4xx_cryp.c ****     
 811              		.loc 1 580 5 is_stmt 1 view .LVU277
 580:./Libraries/src/stm32f4xx_cryp.c ****     
 812              		.loc 1 580 44 is_stmt 0 view .LVU278
 813 00ee D3F88C30 		ldr	r3, [r3, #140]
 580:./Libraries/src/stm32f4xx_cryp.c ****     
 814              		.loc 1 580 38 view .LVU279
 815 00f2 0367     		str	r3, [r0, #112]
 585:./Libraries/src/stm32f4xx_cryp.c ****   }
 816              		.loc 1 585 5 is_stmt 1 view .LVU280
 817              	.LVL22:
 585:./Libraries/src/stm32f4xx_cryp.c ****   }
 818              		.loc 1 585 12 is_stmt 0 view .LVU281
 819 00f4 0120     		movs	r0, #1
 820              	.LVL23:
 585:./Libraries/src/stm32f4xx_cryp.c ****   }
ARM GAS  /tmp/cc52A741.s 			page 27


 821              		.loc 1 585 12 view .LVU282
 822 00f6 A7E7     		b	.L38
 823              	.L44:
 824              		.align	2
 825              	.L43:
 826 00f8 00000650 		.word	1342570496
 827              		.cfi_endproc
 828              	.LFE135:
 830              		.section	.text.CRYP_RestoreContext,"ax",%progbits
 831              		.align	1
 832              		.global	CRYP_RestoreContext
 833              		.syntax unified
 834              		.thumb
 835              		.thumb_func
 837              	CRYP_RestoreContext:
 838              	.LVL24:
 839              	.LFB136:
 590:./Libraries/src/stm32f4xx_cryp.c **** 
 591:./Libraries/src/stm32f4xx_cryp.c **** /**
 592:./Libraries/src/stm32f4xx_cryp.c ****   * @brief  Restores the CRYP peripheral Context.
 593:./Libraries/src/stm32f4xx_cryp.c ****   * @note   Since the DMA transfer is stopped in CRYP_SaveContext() function,
 594:./Libraries/src/stm32f4xx_cryp.c ****   *         after restoring the context, you have to enable the DMA again (if the
 595:./Libraries/src/stm32f4xx_cryp.c ****   *         DMA was previously used).  
 596:./Libraries/src/stm32f4xx_cryp.c ****   * @param  CRYP_ContextRestore: pointer to a CRYP_Context structure that contains
 597:./Libraries/src/stm32f4xx_cryp.c ****   *         the repository for saved context.
 598:./Libraries/src/stm32f4xx_cryp.c ****   * @note   The data that were saved during context saving must be rewritten into
 599:./Libraries/src/stm32f4xx_cryp.c ****   *         the IN FIFO.
 600:./Libraries/src/stm32f4xx_cryp.c ****   * @retval None
 601:./Libraries/src/stm32f4xx_cryp.c ****   */
 602:./Libraries/src/stm32f4xx_cryp.c **** void CRYP_RestoreContext(CRYP_Context* CRYP_ContextRestore)  
 603:./Libraries/src/stm32f4xx_cryp.c **** {
 840              		.loc 1 603 1 is_stmt 1 view -0
 841              		.cfi_startproc
 842              		@ args = 0, pretend = 0, frame = 0
 843              		@ frame_needed = 0, uses_anonymous_args = 0
 844              		@ link register save eliminated.
 604:./Libraries/src/stm32f4xx_cryp.c **** 
 605:./Libraries/src/stm32f4xx_cryp.c ****   /* Configure the processor with the saved configuration */
 606:./Libraries/src/stm32f4xx_cryp.c ****   CRYP->CR = CRYP_ContextRestore->CR_CurrentConfig;
 845              		.loc 1 606 3 view .LVU284
 846              		.loc 1 606 33 is_stmt 0 view .LVU285
 847 0000 0268     		ldr	r2, [r0]
 848              		.loc 1 606 12 view .LVU286
 849 0002 214B     		ldr	r3, .L46
 850 0004 1A60     		str	r2, [r3]
 607:./Libraries/src/stm32f4xx_cryp.c **** 
 608:./Libraries/src/stm32f4xx_cryp.c ****   /* restore The key value */
 609:./Libraries/src/stm32f4xx_cryp.c ****   CRYP->K0LR = CRYP_ContextRestore->CRYP_K0LR; 
 851              		.loc 1 609 3 is_stmt 1 view .LVU287
 852              		.loc 1 609 35 is_stmt 0 view .LVU288
 853 0006 4269     		ldr	r2, [r0, #20]
 854              		.loc 1 609 14 view .LVU289
 855 0008 1A62     		str	r2, [r3, #32]
 610:./Libraries/src/stm32f4xx_cryp.c ****   CRYP->K0RR = CRYP_ContextRestore->CRYP_K0RR;
 856              		.loc 1 610 3 is_stmt 1 view .LVU290
 857              		.loc 1 610 35 is_stmt 0 view .LVU291
 858 000a 8269     		ldr	r2, [r0, #24]
ARM GAS  /tmp/cc52A741.s 			page 28


 859              		.loc 1 610 14 view .LVU292
 860 000c 5A62     		str	r2, [r3, #36]
 611:./Libraries/src/stm32f4xx_cryp.c ****   CRYP->K1LR = CRYP_ContextRestore->CRYP_K1LR;
 861              		.loc 1 611 3 is_stmt 1 view .LVU293
 862              		.loc 1 611 35 is_stmt 0 view .LVU294
 863 000e C269     		ldr	r2, [r0, #28]
 864              		.loc 1 611 14 view .LVU295
 865 0010 9A62     		str	r2, [r3, #40]
 612:./Libraries/src/stm32f4xx_cryp.c ****   CRYP->K1RR = CRYP_ContextRestore->CRYP_K1RR;
 866              		.loc 1 612 3 is_stmt 1 view .LVU296
 867              		.loc 1 612 35 is_stmt 0 view .LVU297
 868 0012 026A     		ldr	r2, [r0, #32]
 869              		.loc 1 612 14 view .LVU298
 870 0014 DA62     		str	r2, [r3, #44]
 613:./Libraries/src/stm32f4xx_cryp.c ****   CRYP->K2LR = CRYP_ContextRestore->CRYP_K2LR;
 871              		.loc 1 613 3 is_stmt 1 view .LVU299
 872              		.loc 1 613 35 is_stmt 0 view .LVU300
 873 0016 426A     		ldr	r2, [r0, #36]
 874              		.loc 1 613 14 view .LVU301
 875 0018 1A63     		str	r2, [r3, #48]
 614:./Libraries/src/stm32f4xx_cryp.c ****   CRYP->K2RR = CRYP_ContextRestore->CRYP_K2RR;
 876              		.loc 1 614 3 is_stmt 1 view .LVU302
 877              		.loc 1 614 35 is_stmt 0 view .LVU303
 878 001a 826A     		ldr	r2, [r0, #40]
 879              		.loc 1 614 14 view .LVU304
 880 001c 5A63     		str	r2, [r3, #52]
 615:./Libraries/src/stm32f4xx_cryp.c ****   CRYP->K3LR = CRYP_ContextRestore->CRYP_K3LR;
 881              		.loc 1 615 3 is_stmt 1 view .LVU305
 882              		.loc 1 615 35 is_stmt 0 view .LVU306
 883 001e C26A     		ldr	r2, [r0, #44]
 884              		.loc 1 615 14 view .LVU307
 885 0020 9A63     		str	r2, [r3, #56]
 616:./Libraries/src/stm32f4xx_cryp.c ****   CRYP->K3RR = CRYP_ContextRestore->CRYP_K3RR;
 886              		.loc 1 616 3 is_stmt 1 view .LVU308
 887              		.loc 1 616 35 is_stmt 0 view .LVU309
 888 0022 026B     		ldr	r2, [r0, #48]
 889              		.loc 1 616 14 view .LVU310
 890 0024 DA63     		str	r2, [r3, #60]
 617:./Libraries/src/stm32f4xx_cryp.c **** 
 618:./Libraries/src/stm32f4xx_cryp.c ****   /* and the initialization vectors. */
 619:./Libraries/src/stm32f4xx_cryp.c ****   CRYP->IV0LR = CRYP_ContextRestore->CRYP_IV0LR;
 891              		.loc 1 619 3 is_stmt 1 view .LVU311
 892              		.loc 1 619 36 is_stmt 0 view .LVU312
 893 0026 4268     		ldr	r2, [r0, #4]
 894              		.loc 1 619 15 view .LVU313
 895 0028 1A64     		str	r2, [r3, #64]
 620:./Libraries/src/stm32f4xx_cryp.c ****   CRYP->IV0RR = CRYP_ContextRestore->CRYP_IV0RR;
 896              		.loc 1 620 3 is_stmt 1 view .LVU314
 897              		.loc 1 620 36 is_stmt 0 view .LVU315
 898 002a 8268     		ldr	r2, [r0, #8]
 899              		.loc 1 620 15 view .LVU316
 900 002c 5A64     		str	r2, [r3, #68]
 621:./Libraries/src/stm32f4xx_cryp.c ****   CRYP->IV1LR = CRYP_ContextRestore->CRYP_IV1LR;
 901              		.loc 1 621 3 is_stmt 1 view .LVU317
 902              		.loc 1 621 36 is_stmt 0 view .LVU318
 903 002e C268     		ldr	r2, [r0, #12]
 904              		.loc 1 621 15 view .LVU319
ARM GAS  /tmp/cc52A741.s 			page 29


 905 0030 9A64     		str	r2, [r3, #72]
 622:./Libraries/src/stm32f4xx_cryp.c ****   CRYP->IV1RR = CRYP_ContextRestore->CRYP_IV1RR;
 906              		.loc 1 622 3 is_stmt 1 view .LVU320
 907              		.loc 1 622 36 is_stmt 0 view .LVU321
 908 0032 0269     		ldr	r2, [r0, #16]
 909              		.loc 1 622 15 view .LVU322
 910 0034 DA64     		str	r2, [r3, #76]
 623:./Libraries/src/stm32f4xx_cryp.c **** 
 624:./Libraries/src/stm32f4xx_cryp.c ****   /* Restore the content of context swap registers */
 625:./Libraries/src/stm32f4xx_cryp.c ****   CRYP->CSGCMCCM0R = CRYP_ContextRestore->CRYP_CSGCMCCMR[0];
 911              		.loc 1 625 3 is_stmt 1 view .LVU323
 912              		.loc 1 625 57 is_stmt 0 view .LVU324
 913 0036 426B     		ldr	r2, [r0, #52]
 914              		.loc 1 625 20 view .LVU325
 915 0038 1A65     		str	r2, [r3, #80]
 626:./Libraries/src/stm32f4xx_cryp.c ****   CRYP->CSGCMCCM1R = CRYP_ContextRestore->CRYP_CSGCMCCMR[1];
 916              		.loc 1 626 3 is_stmt 1 view .LVU326
 917              		.loc 1 626 57 is_stmt 0 view .LVU327
 918 003a 826B     		ldr	r2, [r0, #56]
 919              		.loc 1 626 20 view .LVU328
 920 003c 5A65     		str	r2, [r3, #84]
 627:./Libraries/src/stm32f4xx_cryp.c ****   CRYP->CSGCMCCM2R = CRYP_ContextRestore->CRYP_CSGCMCCMR[2];
 921              		.loc 1 627 3 is_stmt 1 view .LVU329
 922              		.loc 1 627 57 is_stmt 0 view .LVU330
 923 003e C26B     		ldr	r2, [r0, #60]
 924              		.loc 1 627 20 view .LVU331
 925 0040 9A65     		str	r2, [r3, #88]
 628:./Libraries/src/stm32f4xx_cryp.c ****   CRYP->CSGCMCCM3R = CRYP_ContextRestore->CRYP_CSGCMCCMR[3];
 926              		.loc 1 628 3 is_stmt 1 view .LVU332
 927              		.loc 1 628 57 is_stmt 0 view .LVU333
 928 0042 026C     		ldr	r2, [r0, #64]
 929              		.loc 1 628 20 view .LVU334
 930 0044 DA65     		str	r2, [r3, #92]
 629:./Libraries/src/stm32f4xx_cryp.c ****   CRYP->CSGCMCCM4R = CRYP_ContextRestore->CRYP_CSGCMCCMR[4];
 931              		.loc 1 629 3 is_stmt 1 view .LVU335
 932              		.loc 1 629 57 is_stmt 0 view .LVU336
 933 0046 426C     		ldr	r2, [r0, #68]
 934              		.loc 1 629 20 view .LVU337
 935 0048 1A66     		str	r2, [r3, #96]
 630:./Libraries/src/stm32f4xx_cryp.c ****   CRYP->CSGCMCCM5R = CRYP_ContextRestore->CRYP_CSGCMCCMR[5];
 936              		.loc 1 630 3 is_stmt 1 view .LVU338
 937              		.loc 1 630 57 is_stmt 0 view .LVU339
 938 004a 826C     		ldr	r2, [r0, #72]
 939              		.loc 1 630 20 view .LVU340
 940 004c 5A66     		str	r2, [r3, #100]
 631:./Libraries/src/stm32f4xx_cryp.c ****   CRYP->CSGCMCCM6R = CRYP_ContextRestore->CRYP_CSGCMCCMR[6];
 941              		.loc 1 631 3 is_stmt 1 view .LVU341
 942              		.loc 1 631 57 is_stmt 0 view .LVU342
 943 004e C26C     		ldr	r2, [r0, #76]
 944              		.loc 1 631 20 view .LVU343
 945 0050 9A66     		str	r2, [r3, #104]
 632:./Libraries/src/stm32f4xx_cryp.c ****   CRYP->CSGCMCCM7R = CRYP_ContextRestore->CRYP_CSGCMCCMR[7];
 946              		.loc 1 632 3 is_stmt 1 view .LVU344
 947              		.loc 1 632 57 is_stmt 0 view .LVU345
 948 0052 026D     		ldr	r2, [r0, #80]
 949              		.loc 1 632 20 view .LVU346
 950 0054 DA66     		str	r2, [r3, #108]
ARM GAS  /tmp/cc52A741.s 			page 30


 633:./Libraries/src/stm32f4xx_cryp.c ****   
 634:./Libraries/src/stm32f4xx_cryp.c ****   CRYP->CSGCM0R = CRYP_ContextRestore->CRYP_CSGCMR[0];
 951              		.loc 1 634 3 is_stmt 1 view .LVU347
 952              		.loc 1 634 51 is_stmt 0 view .LVU348
 953 0056 426D     		ldr	r2, [r0, #84]
 954              		.loc 1 634 17 view .LVU349
 955 0058 1A67     		str	r2, [r3, #112]
 635:./Libraries/src/stm32f4xx_cryp.c ****   CRYP->CSGCM1R = CRYP_ContextRestore->CRYP_CSGCMR[1];
 956              		.loc 1 635 3 is_stmt 1 view .LVU350
 957              		.loc 1 635 51 is_stmt 0 view .LVU351
 958 005a 826D     		ldr	r2, [r0, #88]
 959              		.loc 1 635 17 view .LVU352
 960 005c 5A67     		str	r2, [r3, #116]
 636:./Libraries/src/stm32f4xx_cryp.c ****   CRYP->CSGCM2R = CRYP_ContextRestore->CRYP_CSGCMR[2];
 961              		.loc 1 636 3 is_stmt 1 view .LVU353
 962              		.loc 1 636 51 is_stmt 0 view .LVU354
 963 005e C26D     		ldr	r2, [r0, #92]
 964              		.loc 1 636 17 view .LVU355
 965 0060 9A67     		str	r2, [r3, #120]
 637:./Libraries/src/stm32f4xx_cryp.c ****   CRYP->CSGCM3R = CRYP_ContextRestore->CRYP_CSGCMR[3];
 966              		.loc 1 637 3 is_stmt 1 view .LVU356
 967              		.loc 1 637 51 is_stmt 0 view .LVU357
 968 0062 026E     		ldr	r2, [r0, #96]
 969              		.loc 1 637 17 view .LVU358
 970 0064 DA67     		str	r2, [r3, #124]
 638:./Libraries/src/stm32f4xx_cryp.c ****   CRYP->CSGCM4R = CRYP_ContextRestore->CRYP_CSGCMR[4];
 971              		.loc 1 638 3 is_stmt 1 view .LVU359
 972              		.loc 1 638 51 is_stmt 0 view .LVU360
 973 0066 426E     		ldr	r2, [r0, #100]
 974              		.loc 1 638 17 view .LVU361
 975 0068 C3F88020 		str	r2, [r3, #128]
 639:./Libraries/src/stm32f4xx_cryp.c ****   CRYP->CSGCM5R = CRYP_ContextRestore->CRYP_CSGCMR[5];
 976              		.loc 1 639 3 is_stmt 1 view .LVU362
 977              		.loc 1 639 51 is_stmt 0 view .LVU363
 978 006c 826E     		ldr	r2, [r0, #104]
 979              		.loc 1 639 17 view .LVU364
 980 006e C3F88420 		str	r2, [r3, #132]
 640:./Libraries/src/stm32f4xx_cryp.c ****   CRYP->CSGCM6R = CRYP_ContextRestore->CRYP_CSGCMR[6];
 981              		.loc 1 640 3 is_stmt 1 view .LVU365
 982              		.loc 1 640 51 is_stmt 0 view .LVU366
 983 0072 C26E     		ldr	r2, [r0, #108]
 984              		.loc 1 640 17 view .LVU367
 985 0074 C3F88820 		str	r2, [r3, #136]
 641:./Libraries/src/stm32f4xx_cryp.c ****   CRYP->CSGCM7R = CRYP_ContextRestore->CRYP_CSGCMR[7];
 986              		.loc 1 641 3 is_stmt 1 view .LVU368
 987              		.loc 1 641 51 is_stmt 0 view .LVU369
 988 0078 026F     		ldr	r2, [r0, #112]
 989              		.loc 1 641 17 view .LVU370
 990 007a C3F88C20 		str	r2, [r3, #140]
 642:./Libraries/src/stm32f4xx_cryp.c ****   
 643:./Libraries/src/stm32f4xx_cryp.c ****   /* Enable the cryptographic processor */
 644:./Libraries/src/stm32f4xx_cryp.c ****   CRYP->CR |= CRYP_CR_CRYPEN;
 991              		.loc 1 644 3 is_stmt 1 view .LVU371
 992              		.loc 1 644 7 is_stmt 0 view .LVU372
 993 007e 1A68     		ldr	r2, [r3]
 994              		.loc 1 644 12 view .LVU373
 995 0080 42F40042 		orr	r2, r2, #32768
ARM GAS  /tmp/cc52A741.s 			page 31


 996 0084 1A60     		str	r2, [r3]
 645:./Libraries/src/stm32f4xx_cryp.c **** }
 997              		.loc 1 645 1 view .LVU374
 998 0086 7047     		bx	lr
 999              	.L47:
 1000              		.align	2
 1001              	.L46:
 1002 0088 00000650 		.word	1342570496
 1003              		.cfi_endproc
 1004              	.LFE136:
 1006              		.section	.text.CRYP_DMACmd,"ax",%progbits
 1007              		.align	1
 1008              		.global	CRYP_DMACmd
 1009              		.syntax unified
 1010              		.thumb
 1011              		.thumb_func
 1013              	CRYP_DMACmd:
 1014              	.LVL25:
 1015              	.LFB137:
 646:./Libraries/src/stm32f4xx_cryp.c **** /**
 647:./Libraries/src/stm32f4xx_cryp.c ****   * @}
 648:./Libraries/src/stm32f4xx_cryp.c ****   */
 649:./Libraries/src/stm32f4xx_cryp.c **** 
 650:./Libraries/src/stm32f4xx_cryp.c **** /** @defgroup CRYP_Group4 CRYP's DMA interface Configuration function
 651:./Libraries/src/stm32f4xx_cryp.c ****  *  @brief   CRYP's DMA interface Configuration function 
 652:./Libraries/src/stm32f4xx_cryp.c ****  *
 653:./Libraries/src/stm32f4xx_cryp.c **** @verbatim   
 654:./Libraries/src/stm32f4xx_cryp.c ****  ===============================================================================
 655:./Libraries/src/stm32f4xx_cryp.c ****              ##### CRYP's DMA interface Configuration function #####
 656:./Libraries/src/stm32f4xx_cryp.c ****  ===============================================================================  
 657:./Libraries/src/stm32f4xx_cryp.c ****  [..] This section provides functions allowing to configure the DMA interface for 
 658:./Libraries/src/stm32f4xx_cryp.c ****       CRYP data input and output transfer.
 659:./Libraries/src/stm32f4xx_cryp.c ****    
 660:./Libraries/src/stm32f4xx_cryp.c ****  [..] When the DMA mode is enabled (using the CRYP_DMACmd() function), data can be 
 661:./Libraries/src/stm32f4xx_cryp.c ****       transferred:
 662:./Libraries/src/stm32f4xx_cryp.c ****    (+) From memory to the CRYP IN FIFO using the DMA peripheral by enabling 
 663:./Libraries/src/stm32f4xx_cryp.c ****        the CRYP_DMAReq_DataIN request.
 664:./Libraries/src/stm32f4xx_cryp.c ****    (+) From the CRYP OUT FIFO to the memory using the DMA peripheral by enabling 
 665:./Libraries/src/stm32f4xx_cryp.c ****        the CRYP_DMAReq_DataOUT request.
 666:./Libraries/src/stm32f4xx_cryp.c **** 
 667:./Libraries/src/stm32f4xx_cryp.c **** @endverbatim
 668:./Libraries/src/stm32f4xx_cryp.c ****   * @{
 669:./Libraries/src/stm32f4xx_cryp.c ****   */
 670:./Libraries/src/stm32f4xx_cryp.c **** 
 671:./Libraries/src/stm32f4xx_cryp.c **** /**
 672:./Libraries/src/stm32f4xx_cryp.c ****   * @brief  Enables or disables the CRYP DMA interface.
 673:./Libraries/src/stm32f4xx_cryp.c ****   * @param  CRYP_DMAReq: specifies the CRYP DMA transfer request to be enabled or disabled.
 674:./Libraries/src/stm32f4xx_cryp.c ****   *           This parameter can be any combination of the following values:
 675:./Libraries/src/stm32f4xx_cryp.c ****   *            @arg CRYP_DMAReq_DataOUT: DMA for outgoing(Tx) data transfer
 676:./Libraries/src/stm32f4xx_cryp.c ****   *            @arg CRYP_DMAReq_DataIN: DMA for incoming(Rx) data transfer
 677:./Libraries/src/stm32f4xx_cryp.c ****   * @param  NewState: new state of the selected CRYP DMA transfer request.
 678:./Libraries/src/stm32f4xx_cryp.c ****   *          This parameter can be: ENABLE or DISABLE.
 679:./Libraries/src/stm32f4xx_cryp.c ****   * @retval None
 680:./Libraries/src/stm32f4xx_cryp.c ****   */
 681:./Libraries/src/stm32f4xx_cryp.c **** void CRYP_DMACmd(uint8_t CRYP_DMAReq, FunctionalState NewState)
 682:./Libraries/src/stm32f4xx_cryp.c **** {
 1016              		.loc 1 682 1 is_stmt 1 view -0
ARM GAS  /tmp/cc52A741.s 			page 32


 1017              		.cfi_startproc
 1018              		@ args = 0, pretend = 0, frame = 0
 1019              		@ frame_needed = 0, uses_anonymous_args = 0
 1020              		@ link register save eliminated.
 683:./Libraries/src/stm32f4xx_cryp.c ****   /* Check the parameters */
 684:./Libraries/src/stm32f4xx_cryp.c ****   assert_param(IS_CRYP_DMAREQ(CRYP_DMAReq));
 1021              		.loc 1 684 3 view .LVU376
 685:./Libraries/src/stm32f4xx_cryp.c ****   assert_param(IS_FUNCTIONAL_STATE(NewState));
 1022              		.loc 1 685 3 view .LVU377
 686:./Libraries/src/stm32f4xx_cryp.c **** 
 687:./Libraries/src/stm32f4xx_cryp.c ****   if (NewState != DISABLE)
 1023              		.loc 1 687 3 view .LVU378
 1024              		.loc 1 687 6 is_stmt 0 view .LVU379
 1025 0000 21B1     		cbz	r1, .L49
 688:./Libraries/src/stm32f4xx_cryp.c ****   {
 689:./Libraries/src/stm32f4xx_cryp.c ****     /* Enable the selected CRYP DMA request */
 690:./Libraries/src/stm32f4xx_cryp.c ****     CRYP->DMACR |= CRYP_DMAReq;
 1026              		.loc 1 690 5 is_stmt 1 view .LVU380
 1027              		.loc 1 690 9 is_stmt 0 view .LVU381
 1028 0002 064B     		ldr	r3, .L51
 1029 0004 1A69     		ldr	r2, [r3, #16]
 1030              		.loc 1 690 17 view .LVU382
 1031 0006 1043     		orrs	r0, r0, r2
 1032              	.LVL26:
 1033              		.loc 1 690 17 view .LVU383
 1034 0008 1861     		str	r0, [r3, #16]
 1035 000a 7047     		bx	lr
 1036              	.LVL27:
 1037              	.L49:
 691:./Libraries/src/stm32f4xx_cryp.c ****   }
 692:./Libraries/src/stm32f4xx_cryp.c ****   else
 693:./Libraries/src/stm32f4xx_cryp.c ****   {
 694:./Libraries/src/stm32f4xx_cryp.c ****     /* Disable the selected CRYP DMA request */
 695:./Libraries/src/stm32f4xx_cryp.c ****     CRYP->DMACR &= (uint8_t)~CRYP_DMAReq;
 1038              		.loc 1 695 5 is_stmt 1 view .LVU384
 1039              		.loc 1 695 9 is_stmt 0 view .LVU385
 1040 000c 034A     		ldr	r2, .L51
 1041 000e 1369     		ldr	r3, [r2, #16]
 1042              		.loc 1 695 20 view .LVU386
 1043 0010 C043     		mvns	r0, r0
 1044              	.LVL28:
 1045              		.loc 1 695 20 view .LVU387
 1046 0012 C0B2     		uxtb	r0, r0
 1047              		.loc 1 695 17 view .LVU388
 1048 0014 0340     		ands	r3, r3, r0
 1049 0016 1361     		str	r3, [r2, #16]
 696:./Libraries/src/stm32f4xx_cryp.c ****   }
 697:./Libraries/src/stm32f4xx_cryp.c **** }
 1050              		.loc 1 697 1 view .LVU389
 1051 0018 7047     		bx	lr
 1052              	.L52:
 1053 001a 00BF     		.align	2
 1054              	.L51:
 1055 001c 00000650 		.word	1342570496
 1056              		.cfi_endproc
 1057              	.LFE137:
 1059              		.section	.text.CRYP_ITConfig,"ax",%progbits
ARM GAS  /tmp/cc52A741.s 			page 33


 1060              		.align	1
 1061              		.global	CRYP_ITConfig
 1062              		.syntax unified
 1063              		.thumb
 1064              		.thumb_func
 1066              	CRYP_ITConfig:
 1067              	.LVL29:
 1068              	.LFB138:
 698:./Libraries/src/stm32f4xx_cryp.c **** /**
 699:./Libraries/src/stm32f4xx_cryp.c ****   * @}
 700:./Libraries/src/stm32f4xx_cryp.c ****   */
 701:./Libraries/src/stm32f4xx_cryp.c **** 
 702:./Libraries/src/stm32f4xx_cryp.c **** /** @defgroup CRYP_Group5 Interrupts and flags management functions
 703:./Libraries/src/stm32f4xx_cryp.c ****  *  @brief   Interrupts and flags management functions
 704:./Libraries/src/stm32f4xx_cryp.c ****  *
 705:./Libraries/src/stm32f4xx_cryp.c **** @verbatim   
 706:./Libraries/src/stm32f4xx_cryp.c ****  ===============================================================================
 707:./Libraries/src/stm32f4xx_cryp.c ****               ##### Interrupts and flags management functions #####
 708:./Libraries/src/stm32f4xx_cryp.c ****  ===============================================================================  
 709:./Libraries/src/stm32f4xx_cryp.c ****  
 710:./Libraries/src/stm32f4xx_cryp.c ****  [..] This section provides functions allowing to configure the CRYP Interrupts and 
 711:./Libraries/src/stm32f4xx_cryp.c ****       to get the status and Interrupts pending bits.
 712:./Libraries/src/stm32f4xx_cryp.c **** 
 713:./Libraries/src/stm32f4xx_cryp.c ****  [..] The CRYP provides 2 Interrupts sources and 7 Flags:
 714:./Libraries/src/stm32f4xx_cryp.c **** 
 715:./Libraries/src/stm32f4xx_cryp.c ****  *** Flags : ***
 716:./Libraries/src/stm32f4xx_cryp.c ****  ===============
 717:./Libraries/src/stm32f4xx_cryp.c ****  [..] 
 718:./Libraries/src/stm32f4xx_cryp.c ****    (#) CRYP_FLAG_IFEM :  Set when Input FIFO is empty. This Flag is cleared only
 719:./Libraries/src/stm32f4xx_cryp.c ****        by hardware.
 720:./Libraries/src/stm32f4xx_cryp.c ****       
 721:./Libraries/src/stm32f4xx_cryp.c ****    (#) CRYP_FLAG_IFNF :  Set when Input FIFO is not full. This Flag is cleared 
 722:./Libraries/src/stm32f4xx_cryp.c ****        only by hardware.
 723:./Libraries/src/stm32f4xx_cryp.c **** 
 724:./Libraries/src/stm32f4xx_cryp.c **** 
 725:./Libraries/src/stm32f4xx_cryp.c ****    (#) CRYP_FLAG_INRIS  : Set when Input FIFO Raw interrupt is pending it gives 
 726:./Libraries/src/stm32f4xx_cryp.c ****        the raw interrupt state prior to masking of the input FIFO service interrupt.
 727:./Libraries/src/stm32f4xx_cryp.c ****        This Flag is cleared only by hardware.
 728:./Libraries/src/stm32f4xx_cryp.c ****      
 729:./Libraries/src/stm32f4xx_cryp.c ****    (#) CRYP_FLAG_OFNE   : Set when Output FIFO not empty. This Flag is cleared 
 730:./Libraries/src/stm32f4xx_cryp.c ****        only by hardware.
 731:./Libraries/src/stm32f4xx_cryp.c ****         
 732:./Libraries/src/stm32f4xx_cryp.c ****    (#) CRYP_FLAG_OFFU   : Set when Output FIFO is full. This Flag is cleared only 
 733:./Libraries/src/stm32f4xx_cryp.c ****        by hardware.
 734:./Libraries/src/stm32f4xx_cryp.c ****                            
 735:./Libraries/src/stm32f4xx_cryp.c ****    (#) CRYP_FLAG_OUTRIS : Set when Output FIFO Raw interrupt is pending it gives 
 736:./Libraries/src/stm32f4xx_cryp.c ****        the raw interrupt state prior to masking of the output FIFO service interrupt.
 737:./Libraries/src/stm32f4xx_cryp.c ****        This Flag is cleared only by hardware.
 738:./Libraries/src/stm32f4xx_cryp.c ****                                
 739:./Libraries/src/stm32f4xx_cryp.c ****    (#) CRYP_FLAG_BUSY   : Set when the CRYP core is currently processing a block 
 740:./Libraries/src/stm32f4xx_cryp.c ****        of data or a key preparation (for AES decryption). This Flag is cleared 
 741:./Libraries/src/stm32f4xx_cryp.c ****        only by hardware. To clear it, the CRYP core must be disabled and the last
 742:./Libraries/src/stm32f4xx_cryp.c ****        processing has completed. 
 743:./Libraries/src/stm32f4xx_cryp.c **** 
 744:./Libraries/src/stm32f4xx_cryp.c ****  *** Interrupts : ***
 745:./Libraries/src/stm32f4xx_cryp.c ****  ====================
 746:./Libraries/src/stm32f4xx_cryp.c ****  [..]
ARM GAS  /tmp/cc52A741.s 			page 34


 747:./Libraries/src/stm32f4xx_cryp.c ****    (#) CRYP_IT_INI   : The input FIFO service interrupt is asserted when there 
 748:./Libraries/src/stm32f4xx_cryp.c ****       are less than 4 words in the input FIFO. This interrupt is associated to 
 749:./Libraries/src/stm32f4xx_cryp.c ****       CRYP_FLAG_INRIS flag.
 750:./Libraries/src/stm32f4xx_cryp.c **** 
 751:./Libraries/src/stm32f4xx_cryp.c ****       -@- This interrupt is cleared by performing write operations to the input FIFO 
 752:./Libraries/src/stm32f4xx_cryp.c ****           until it holds 4 or more words. The input FIFO service interrupt INMIS is 
 753:./Libraries/src/stm32f4xx_cryp.c ****           enabled with the CRYP enable bit. Consequently, when CRYP is disabled, the 
 754:./Libraries/src/stm32f4xx_cryp.c ****           INMIS signal is low even if the input FIFO is empty.
 755:./Libraries/src/stm32f4xx_cryp.c **** 
 756:./Libraries/src/stm32f4xx_cryp.c **** 
 757:./Libraries/src/stm32f4xx_cryp.c **** 
 758:./Libraries/src/stm32f4xx_cryp.c ****    (#) CRYP_IT_OUTI  : The output FIFO service interrupt is asserted when there 
 759:./Libraries/src/stm32f4xx_cryp.c ****        is one or more (32-bit word) data items in the output FIFO. This interrupt 
 760:./Libraries/src/stm32f4xx_cryp.c ****        is associated to CRYP_FLAG_OUTRIS flag.
 761:./Libraries/src/stm32f4xx_cryp.c **** 
 762:./Libraries/src/stm32f4xx_cryp.c ****        -@- This interrupt is cleared by reading data from the output FIFO until there 
 763:./Libraries/src/stm32f4xx_cryp.c ****            is no valid (32-bit) word left (that is, the interrupt follows the state 
 764:./Libraries/src/stm32f4xx_cryp.c ****            of the OFNE (output FIFO not empty) flag).
 765:./Libraries/src/stm32f4xx_cryp.c **** 
 766:./Libraries/src/stm32f4xx_cryp.c ****  *** Managing the CRYP controller events : ***
 767:./Libraries/src/stm32f4xx_cryp.c ****  =============================================
 768:./Libraries/src/stm32f4xx_cryp.c ****  [..] The user should identify which mode will be used in his application to manage 
 769:./Libraries/src/stm32f4xx_cryp.c ****       the CRYP controller events: Polling mode or Interrupt mode.
 770:./Libraries/src/stm32f4xx_cryp.c **** 
 771:./Libraries/src/stm32f4xx_cryp.c ****    (#) In the Polling Mode it is advised to use the following functions:
 772:./Libraries/src/stm32f4xx_cryp.c ****        (++) CRYP_GetFlagStatus() : to check if flags events occur. 
 773:./Libraries/src/stm32f4xx_cryp.c **** 
 774:./Libraries/src/stm32f4xx_cryp.c ****        -@@- The CRYPT flags do not need to be cleared since they are cleared as 
 775:./Libraries/src/stm32f4xx_cryp.c ****             soon as the associated event are reset.   
 776:./Libraries/src/stm32f4xx_cryp.c **** 
 777:./Libraries/src/stm32f4xx_cryp.c **** 
 778:./Libraries/src/stm32f4xx_cryp.c ****    (#) In the Interrupt Mode it is advised to use the following functions:
 779:./Libraries/src/stm32f4xx_cryp.c ****        (++) CRYP_ITConfig()       : to enable or disable the interrupt source.
 780:./Libraries/src/stm32f4xx_cryp.c ****        (++) CRYP_GetITStatus()    : to check if Interrupt occurs.
 781:./Libraries/src/stm32f4xx_cryp.c **** 
 782:./Libraries/src/stm32f4xx_cryp.c ****        -@@- The CRYPT interrupts have no pending bits, the interrupt is cleared as 
 783:./Libraries/src/stm32f4xx_cryp.c ****              soon as the associated event is reset. 
 784:./Libraries/src/stm32f4xx_cryp.c **** 
 785:./Libraries/src/stm32f4xx_cryp.c **** @endverbatim
 786:./Libraries/src/stm32f4xx_cryp.c ****   * @{
 787:./Libraries/src/stm32f4xx_cryp.c ****   */ 
 788:./Libraries/src/stm32f4xx_cryp.c **** 
 789:./Libraries/src/stm32f4xx_cryp.c **** /**
 790:./Libraries/src/stm32f4xx_cryp.c ****   * @brief  Enables or disables the specified CRYP interrupts.
 791:./Libraries/src/stm32f4xx_cryp.c ****   * @param  CRYP_IT: specifies the CRYP interrupt source to be enabled or disabled.
 792:./Libraries/src/stm32f4xx_cryp.c ****   *          This parameter can be any combination of the following values:
 793:./Libraries/src/stm32f4xx_cryp.c ****   *            @arg CRYP_IT_INI: Input FIFO interrupt
 794:./Libraries/src/stm32f4xx_cryp.c ****   *            @arg CRYP_IT_OUTI: Output FIFO interrupt
 795:./Libraries/src/stm32f4xx_cryp.c ****   * @param  NewState: new state of the specified CRYP interrupt.
 796:./Libraries/src/stm32f4xx_cryp.c ****   *           This parameter can be: ENABLE or DISABLE.
 797:./Libraries/src/stm32f4xx_cryp.c ****   * @retval None
 798:./Libraries/src/stm32f4xx_cryp.c ****   */
 799:./Libraries/src/stm32f4xx_cryp.c **** void CRYP_ITConfig(uint8_t CRYP_IT, FunctionalState NewState)
 800:./Libraries/src/stm32f4xx_cryp.c **** {
 1069              		.loc 1 800 1 is_stmt 1 view -0
 1070              		.cfi_startproc
 1071              		@ args = 0, pretend = 0, frame = 0
ARM GAS  /tmp/cc52A741.s 			page 35


 1072              		@ frame_needed = 0, uses_anonymous_args = 0
 1073              		@ link register save eliminated.
 801:./Libraries/src/stm32f4xx_cryp.c ****   /* Check the parameters */
 802:./Libraries/src/stm32f4xx_cryp.c ****   assert_param(IS_CRYP_CONFIG_IT(CRYP_IT));
 1074              		.loc 1 802 3 view .LVU391
 803:./Libraries/src/stm32f4xx_cryp.c ****   assert_param(IS_FUNCTIONAL_STATE(NewState));
 1075              		.loc 1 803 3 view .LVU392
 804:./Libraries/src/stm32f4xx_cryp.c **** 
 805:./Libraries/src/stm32f4xx_cryp.c ****   if (NewState != DISABLE)
 1076              		.loc 1 805 3 view .LVU393
 1077              		.loc 1 805 6 is_stmt 0 view .LVU394
 1078 0000 21B1     		cbz	r1, .L54
 806:./Libraries/src/stm32f4xx_cryp.c ****   {
 807:./Libraries/src/stm32f4xx_cryp.c ****     /* Enable the selected CRYP interrupt */
 808:./Libraries/src/stm32f4xx_cryp.c ****     CRYP->IMSCR |= CRYP_IT;
 1079              		.loc 1 808 5 is_stmt 1 view .LVU395
 1080              		.loc 1 808 9 is_stmt 0 view .LVU396
 1081 0002 064B     		ldr	r3, .L56
 1082 0004 5A69     		ldr	r2, [r3, #20]
 1083              		.loc 1 808 17 view .LVU397
 1084 0006 1043     		orrs	r0, r0, r2
 1085              	.LVL30:
 1086              		.loc 1 808 17 view .LVU398
 1087 0008 5861     		str	r0, [r3, #20]
 1088 000a 7047     		bx	lr
 1089              	.LVL31:
 1090              	.L54:
 809:./Libraries/src/stm32f4xx_cryp.c ****   }
 810:./Libraries/src/stm32f4xx_cryp.c ****   else
 811:./Libraries/src/stm32f4xx_cryp.c ****   {
 812:./Libraries/src/stm32f4xx_cryp.c ****     /* Disable the selected CRYP interrupt */
 813:./Libraries/src/stm32f4xx_cryp.c ****     CRYP->IMSCR &= (uint8_t)~CRYP_IT;
 1091              		.loc 1 813 5 is_stmt 1 view .LVU399
 1092              		.loc 1 813 9 is_stmt 0 view .LVU400
 1093 000c 034A     		ldr	r2, .L56
 1094 000e 5369     		ldr	r3, [r2, #20]
 1095              		.loc 1 813 20 view .LVU401
 1096 0010 C043     		mvns	r0, r0
 1097              	.LVL32:
 1098              		.loc 1 813 20 view .LVU402
 1099 0012 C0B2     		uxtb	r0, r0
 1100              		.loc 1 813 17 view .LVU403
 1101 0014 0340     		ands	r3, r3, r0
 1102 0016 5361     		str	r3, [r2, #20]
 814:./Libraries/src/stm32f4xx_cryp.c ****   }
 815:./Libraries/src/stm32f4xx_cryp.c **** }
 1103              		.loc 1 815 1 view .LVU404
 1104 0018 7047     		bx	lr
 1105              	.L57:
 1106 001a 00BF     		.align	2
 1107              	.L56:
 1108 001c 00000650 		.word	1342570496
 1109              		.cfi_endproc
 1110              	.LFE138:
 1112              		.section	.text.CRYP_GetITStatus,"ax",%progbits
 1113              		.align	1
 1114              		.global	CRYP_GetITStatus
ARM GAS  /tmp/cc52A741.s 			page 36


 1115              		.syntax unified
 1116              		.thumb
 1117              		.thumb_func
 1119              	CRYP_GetITStatus:
 1120              	.LVL33:
 1121              	.LFB139:
 816:./Libraries/src/stm32f4xx_cryp.c **** 
 817:./Libraries/src/stm32f4xx_cryp.c **** /**
 818:./Libraries/src/stm32f4xx_cryp.c ****   * @brief  Checks whether the specified CRYP interrupt has occurred or not.
 819:./Libraries/src/stm32f4xx_cryp.c ****   * @note   This function checks the status of the masked interrupt (i.e the 
 820:./Libraries/src/stm32f4xx_cryp.c ****   *         interrupt should be previously enabled).     
 821:./Libraries/src/stm32f4xx_cryp.c ****   * @param  CRYP_IT: specifies the CRYP (masked) interrupt source to check.
 822:./Libraries/src/stm32f4xx_cryp.c ****   *           This parameter can be one of the following values:
 823:./Libraries/src/stm32f4xx_cryp.c ****   *            @arg CRYP_IT_INI: Input FIFO interrupt
 824:./Libraries/src/stm32f4xx_cryp.c ****   *            @arg CRYP_IT_OUTI: Output FIFO interrupt
 825:./Libraries/src/stm32f4xx_cryp.c ****   * @retval The new state of CRYP_IT (SET or RESET).
 826:./Libraries/src/stm32f4xx_cryp.c ****   */
 827:./Libraries/src/stm32f4xx_cryp.c **** ITStatus CRYP_GetITStatus(uint8_t CRYP_IT)
 828:./Libraries/src/stm32f4xx_cryp.c **** {
 1122              		.loc 1 828 1 is_stmt 1 view -0
 1123              		.cfi_startproc
 1124              		@ args = 0, pretend = 0, frame = 0
 1125              		@ frame_needed = 0, uses_anonymous_args = 0
 1126              		@ link register save eliminated.
 829:./Libraries/src/stm32f4xx_cryp.c ****   ITStatus bitstatus = RESET;
 1127              		.loc 1 829 3 view .LVU406
 830:./Libraries/src/stm32f4xx_cryp.c ****   /* Check the parameters */
 831:./Libraries/src/stm32f4xx_cryp.c ****   assert_param(IS_CRYP_GET_IT(CRYP_IT));
 1128              		.loc 1 831 3 view .LVU407
 832:./Libraries/src/stm32f4xx_cryp.c **** 
 833:./Libraries/src/stm32f4xx_cryp.c ****   /* Check the status of the specified CRYP interrupt */
 834:./Libraries/src/stm32f4xx_cryp.c ****   if ((CRYP->MISR &  CRYP_IT) != (uint8_t)RESET)
 1129              		.loc 1 834 3 view .LVU408
 1130              		.loc 1 834 12 is_stmt 0 view .LVU409
 1131 0000 034B     		ldr	r3, .L61
 1132 0002 DB69     		ldr	r3, [r3, #28]
 1133              		.loc 1 834 6 view .LVU410
 1134 0004 1842     		tst	r0, r3
 1135 0006 01D0     		beq	.L60
 835:./Libraries/src/stm32f4xx_cryp.c ****   {
 836:./Libraries/src/stm32f4xx_cryp.c ****     /* CRYP_IT is set */
 837:./Libraries/src/stm32f4xx_cryp.c ****     bitstatus = SET;
 1136              		.loc 1 837 15 view .LVU411
 1137 0008 0120     		movs	r0, #1
 1138              	.LVL34:
 1139              		.loc 1 837 15 view .LVU412
 1140 000a 7047     		bx	lr
 1141              	.LVL35:
 1142              	.L60:
 838:./Libraries/src/stm32f4xx_cryp.c ****   }
 839:./Libraries/src/stm32f4xx_cryp.c ****   else
 840:./Libraries/src/stm32f4xx_cryp.c ****   {
 841:./Libraries/src/stm32f4xx_cryp.c ****     /* CRYP_IT is reset */
 842:./Libraries/src/stm32f4xx_cryp.c ****     bitstatus = RESET;
 1143              		.loc 1 842 15 view .LVU413
 1144 000c 0020     		movs	r0, #0
 1145              	.LVL36:
ARM GAS  /tmp/cc52A741.s 			page 37


 843:./Libraries/src/stm32f4xx_cryp.c ****   }
 844:./Libraries/src/stm32f4xx_cryp.c ****   /* Return the CRYP_IT status */
 845:./Libraries/src/stm32f4xx_cryp.c ****   return bitstatus;
 1146              		.loc 1 845 3 is_stmt 1 view .LVU414
 846:./Libraries/src/stm32f4xx_cryp.c **** }
 1147              		.loc 1 846 1 is_stmt 0 view .LVU415
 1148 000e 7047     		bx	lr
 1149              	.L62:
 1150              		.align	2
 1151              	.L61:
 1152 0010 00000650 		.word	1342570496
 1153              		.cfi_endproc
 1154              	.LFE139:
 1156              		.section	.text.CRYP_GetCmdStatus,"ax",%progbits
 1157              		.align	1
 1158              		.global	CRYP_GetCmdStatus
 1159              		.syntax unified
 1160              		.thumb
 1161              		.thumb_func
 1163              	CRYP_GetCmdStatus:
 1164              	.LFB140:
 847:./Libraries/src/stm32f4xx_cryp.c **** 
 848:./Libraries/src/stm32f4xx_cryp.c **** /**
 849:./Libraries/src/stm32f4xx_cryp.c ****   * @brief  Returns whether CRYP peripheral is enabled or disabled.
 850:./Libraries/src/stm32f4xx_cryp.c ****   * @param  none.
 851:./Libraries/src/stm32f4xx_cryp.c ****   * @retval Current state of the CRYP peripheral (ENABLE or DISABLE).
 852:./Libraries/src/stm32f4xx_cryp.c ****   */
 853:./Libraries/src/stm32f4xx_cryp.c **** FunctionalState CRYP_GetCmdStatus(void)
 854:./Libraries/src/stm32f4xx_cryp.c **** {
 1165              		.loc 1 854 1 is_stmt 1 view -0
 1166              		.cfi_startproc
 1167              		@ args = 0, pretend = 0, frame = 0
 1168              		@ frame_needed = 0, uses_anonymous_args = 0
 1169              		@ link register save eliminated.
 855:./Libraries/src/stm32f4xx_cryp.c ****   FunctionalState state = DISABLE;
 1170              		.loc 1 855 3 view .LVU417
 1171              	.LVL37:
 856:./Libraries/src/stm32f4xx_cryp.c **** 
 857:./Libraries/src/stm32f4xx_cryp.c ****   if ((CRYP->CR & CRYP_CR_CRYPEN) != 0)
 1172              		.loc 1 857 3 view .LVU418
 1173              		.loc 1 857 12 is_stmt 0 view .LVU419
 1174 0000 044B     		ldr	r3, .L66
 1175 0002 1B68     		ldr	r3, [r3]
 1176              		.loc 1 857 6 view .LVU420
 1177 0004 13F4004F 		tst	r3, #32768
 1178 0008 01D0     		beq	.L65
 858:./Libraries/src/stm32f4xx_cryp.c ****   {
 859:./Libraries/src/stm32f4xx_cryp.c ****     /* CRYPEN bit is set */
 860:./Libraries/src/stm32f4xx_cryp.c ****     state = ENABLE;
 1179              		.loc 1 860 11 view .LVU421
 1180 000a 0120     		movs	r0, #1
 1181 000c 7047     		bx	lr
 1182              	.L65:
 861:./Libraries/src/stm32f4xx_cryp.c ****   }
 862:./Libraries/src/stm32f4xx_cryp.c ****   else
 863:./Libraries/src/stm32f4xx_cryp.c ****   {
 864:./Libraries/src/stm32f4xx_cryp.c ****     /* CRYPEN bit is reset */
ARM GAS  /tmp/cc52A741.s 			page 38


 865:./Libraries/src/stm32f4xx_cryp.c ****     state = DISABLE;
 1183              		.loc 1 865 11 view .LVU422
 1184 000e 0020     		movs	r0, #0
 1185              	.LVL38:
 866:./Libraries/src/stm32f4xx_cryp.c ****   }
 867:./Libraries/src/stm32f4xx_cryp.c ****   return state;
 1186              		.loc 1 867 3 is_stmt 1 view .LVU423
 868:./Libraries/src/stm32f4xx_cryp.c **** }
 1187              		.loc 1 868 1 is_stmt 0 view .LVU424
 1188 0010 7047     		bx	lr
 1189              	.L67:
 1190 0012 00BF     		.align	2
 1191              	.L66:
 1192 0014 00000650 		.word	1342570496
 1193              		.cfi_endproc
 1194              	.LFE140:
 1196              		.section	.text.CRYP_GetFlagStatus,"ax",%progbits
 1197              		.align	1
 1198              		.global	CRYP_GetFlagStatus
 1199              		.syntax unified
 1200              		.thumb
 1201              		.thumb_func
 1203              	CRYP_GetFlagStatus:
 1204              	.LVL39:
 1205              	.LFB141:
 869:./Libraries/src/stm32f4xx_cryp.c **** 
 870:./Libraries/src/stm32f4xx_cryp.c **** /**
 871:./Libraries/src/stm32f4xx_cryp.c ****   * @brief  Checks whether the specified CRYP flag is set or not.
 872:./Libraries/src/stm32f4xx_cryp.c ****   * @param  CRYP_FLAG: specifies the CRYP flag to check.
 873:./Libraries/src/stm32f4xx_cryp.c ****   *          This parameter can be one of the following values:
 874:./Libraries/src/stm32f4xx_cryp.c ****   *            @arg CRYP_FLAG_IFEM: Input FIFO Empty flag.
 875:./Libraries/src/stm32f4xx_cryp.c ****   *            @arg CRYP_FLAG_IFNF: Input FIFO Not Full flag.
 876:./Libraries/src/stm32f4xx_cryp.c ****   *            @arg CRYP_FLAG_OFNE: Output FIFO Not Empty flag.
 877:./Libraries/src/stm32f4xx_cryp.c ****   *            @arg CRYP_FLAG_OFFU: Output FIFO Full flag.
 878:./Libraries/src/stm32f4xx_cryp.c ****   *            @arg CRYP_FLAG_BUSY: Busy flag.
 879:./Libraries/src/stm32f4xx_cryp.c ****   *            @arg CRYP_FLAG_OUTRIS: Output FIFO raw interrupt flag.
 880:./Libraries/src/stm32f4xx_cryp.c ****   *            @arg CRYP_FLAG_INRIS: Input FIFO raw interrupt flag.
 881:./Libraries/src/stm32f4xx_cryp.c ****   * @retval The new state of CRYP_FLAG (SET or RESET).
 882:./Libraries/src/stm32f4xx_cryp.c ****   */
 883:./Libraries/src/stm32f4xx_cryp.c **** FlagStatus CRYP_GetFlagStatus(uint8_t CRYP_FLAG)
 884:./Libraries/src/stm32f4xx_cryp.c **** {
 1206              		.loc 1 884 1 is_stmt 1 view -0
 1207              		.cfi_startproc
 1208              		@ args = 0, pretend = 0, frame = 0
 1209              		@ frame_needed = 0, uses_anonymous_args = 0
 1210              		@ link register save eliminated.
 885:./Libraries/src/stm32f4xx_cryp.c ****   FlagStatus bitstatus = RESET;
 1211              		.loc 1 885 3 view .LVU426
 886:./Libraries/src/stm32f4xx_cryp.c ****   uint32_t tempreg = 0;
 1212              		.loc 1 886 3 view .LVU427
 887:./Libraries/src/stm32f4xx_cryp.c **** 
 888:./Libraries/src/stm32f4xx_cryp.c ****   /* Check the parameters */
 889:./Libraries/src/stm32f4xx_cryp.c ****   assert_param(IS_CRYP_GET_FLAG(CRYP_FLAG));
 1213              		.loc 1 889 3 view .LVU428
 890:./Libraries/src/stm32f4xx_cryp.c **** 
 891:./Libraries/src/stm32f4xx_cryp.c ****   /* check if the FLAG is in RISR register */
 892:./Libraries/src/stm32f4xx_cryp.c ****   if ((CRYP_FLAG & FLAG_MASK) != 0x00) 
ARM GAS  /tmp/cc52A741.s 			page 39


 1214              		.loc 1 892 3 view .LVU429
 1215              		.loc 1 892 6 is_stmt 0 view .LVU430
 1216 0000 10F0200F 		tst	r0, #32
 1217 0004 05D0     		beq	.L69
 893:./Libraries/src/stm32f4xx_cryp.c ****   {
 894:./Libraries/src/stm32f4xx_cryp.c ****     tempreg = CRYP->RISR;
 1218              		.loc 1 894 5 is_stmt 1 view .LVU431
 1219              		.loc 1 894 13 is_stmt 0 view .LVU432
 1220 0006 054B     		ldr	r3, .L73
 1221 0008 9B69     		ldr	r3, [r3, #24]
 1222              	.LVL40:
 1223              	.L70:
 895:./Libraries/src/stm32f4xx_cryp.c ****   }
 896:./Libraries/src/stm32f4xx_cryp.c ****   else  /* The FLAG is in SR register */
 897:./Libraries/src/stm32f4xx_cryp.c ****   {
 898:./Libraries/src/stm32f4xx_cryp.c ****     tempreg = CRYP->SR;
 899:./Libraries/src/stm32f4xx_cryp.c ****   }
 900:./Libraries/src/stm32f4xx_cryp.c **** 
 901:./Libraries/src/stm32f4xx_cryp.c **** 
 902:./Libraries/src/stm32f4xx_cryp.c ****   /* Check the status of the specified CRYP flag */
 903:./Libraries/src/stm32f4xx_cryp.c ****   if ((tempreg & CRYP_FLAG ) != (uint8_t)RESET)
 1224              		.loc 1 903 3 is_stmt 1 view .LVU433
 1225              		.loc 1 903 6 is_stmt 0 view .LVU434
 1226 000a 1842     		tst	r0, r3
 1227 000c 04D0     		beq	.L72
 904:./Libraries/src/stm32f4xx_cryp.c ****   {
 905:./Libraries/src/stm32f4xx_cryp.c ****     /* CRYP_FLAG is set */
 906:./Libraries/src/stm32f4xx_cryp.c ****     bitstatus = SET;
 1228              		.loc 1 906 15 view .LVU435
 1229 000e 0120     		movs	r0, #1
 1230              	.LVL41:
 1231              		.loc 1 906 15 view .LVU436
 1232 0010 7047     		bx	lr
 1233              	.LVL42:
 1234              	.L69:
 898:./Libraries/src/stm32f4xx_cryp.c ****   }
 1235              		.loc 1 898 5 is_stmt 1 view .LVU437
 898:./Libraries/src/stm32f4xx_cryp.c ****   }
 1236              		.loc 1 898 13 is_stmt 0 view .LVU438
 1237 0012 024B     		ldr	r3, .L73
 1238 0014 5B68     		ldr	r3, [r3, #4]
 1239              	.LVL43:
 898:./Libraries/src/stm32f4xx_cryp.c ****   }
 1240              		.loc 1 898 13 view .LVU439
 1241 0016 F8E7     		b	.L70
 1242              	.LVL44:
 1243              	.L72:
 907:./Libraries/src/stm32f4xx_cryp.c ****   }
 908:./Libraries/src/stm32f4xx_cryp.c ****   else
 909:./Libraries/src/stm32f4xx_cryp.c ****   {
 910:./Libraries/src/stm32f4xx_cryp.c ****     /* CRYP_FLAG is reset */
 911:./Libraries/src/stm32f4xx_cryp.c ****     bitstatus = RESET;
 1244              		.loc 1 911 15 view .LVU440
 1245 0018 0020     		movs	r0, #0
 1246              	.LVL45:
 912:./Libraries/src/stm32f4xx_cryp.c ****   }
 913:./Libraries/src/stm32f4xx_cryp.c **** 
ARM GAS  /tmp/cc52A741.s 			page 40


 914:./Libraries/src/stm32f4xx_cryp.c ****   /* Return the CRYP_FLAG status */
 915:./Libraries/src/stm32f4xx_cryp.c ****   return  bitstatus;
 1247              		.loc 1 915 3 is_stmt 1 view .LVU441
 916:./Libraries/src/stm32f4xx_cryp.c **** }
 1248              		.loc 1 916 1 is_stmt 0 view .LVU442
 1249 001a 7047     		bx	lr
 1250              	.L74:
 1251              		.align	2
 1252              	.L73:
 1253 001c 00000650 		.word	1342570496
 1254              		.cfi_endproc
 1255              	.LFE141:
 1257              		.text
 1258              	.Letext0:
 1259              		.file 2 "/opt/gcc-arm-none-eabi/arm-none-eabi/include/machine/_default_types.h"
 1260              		.file 3 "/opt/gcc-arm-none-eabi/arm-none-eabi/include/sys/_stdint.h"
 1261              		.file 4 "./system/stm32f4xx.h"
 1262              		.file 5 "./Libraries/inc/stm32f4xx_cryp.h"
 1263              		.file 6 "./Libraries/inc/stm32f4xx_rcc.h"
ARM GAS  /tmp/cc52A741.s 			page 41


DEFINED SYMBOLS
                            *ABS*:00000000 stm32f4xx_cryp.c
     /tmp/cc52A741.s:21     .text.CRYP_DeInit:00000000 $t
     /tmp/cc52A741.s:27     .text.CRYP_DeInit:00000000 CRYP_DeInit
     /tmp/cc52A741.s:54     .text.CRYP_Init:00000000 $t
     /tmp/cc52A741.s:60     .text.CRYP_Init:00000000 CRYP_Init
     /tmp/cc52A741.s:150    .text.CRYP_Init:00000060 $d
     /tmp/cc52A741.s:156    .text.CRYP_StructInit:00000000 $t
     /tmp/cc52A741.s:162    .text.CRYP_StructInit:00000000 CRYP_StructInit
     /tmp/cc52A741.s:189    .text.CRYP_KeyInit:00000000 $t
     /tmp/cc52A741.s:195    .text.CRYP_KeyInit:00000000 CRYP_KeyInit
     /tmp/cc52A741.s:249    .text.CRYP_KeyInit:00000024 $d
     /tmp/cc52A741.s:254    .text.CRYP_KeyStructInit:00000000 $t
     /tmp/cc52A741.s:260    .text.CRYP_KeyStructInit:00000000 CRYP_KeyStructInit
     /tmp/cc52A741.s:299    .text.CRYP_IVInit:00000000 $t
     /tmp/cc52A741.s:305    .text.CRYP_IVInit:00000000 CRYP_IVInit
     /tmp/cc52A741.s:339    .text.CRYP_IVInit:00000014 $d
     /tmp/cc52A741.s:344    .text.CRYP_IVStructInit:00000000 $t
     /tmp/cc52A741.s:350    .text.CRYP_IVStructInit:00000000 CRYP_IVStructInit
     /tmp/cc52A741.s:377    .text.CRYP_PhaseConfig:00000000 $t
     /tmp/cc52A741.s:383    .text.CRYP_PhaseConfig:00000000 CRYP_PhaseConfig
     /tmp/cc52A741.s:414    .text.CRYP_PhaseConfig:00000010 $d
     /tmp/cc52A741.s:419    .text.CRYP_FIFOFlush:00000000 $t
     /tmp/cc52A741.s:425    .text.CRYP_FIFOFlush:00000000 CRYP_FIFOFlush
     /tmp/cc52A741.s:444    .text.CRYP_FIFOFlush:0000000c $d
     /tmp/cc52A741.s:449    .text.CRYP_Cmd:00000000 $t
     /tmp/cc52A741.s:455    .text.CRYP_Cmd:00000000 CRYP_Cmd
     /tmp/cc52A741.s:488    .text.CRYP_Cmd:0000001c $d
     /tmp/cc52A741.s:493    .text.CRYP_DataIn:00000000 $t
     /tmp/cc52A741.s:499    .text.CRYP_DataIn:00000000 CRYP_DataIn
     /tmp/cc52A741.s:516    .text.CRYP_DataIn:00000008 $d
     /tmp/cc52A741.s:521    .text.CRYP_DataOut:00000000 $t
     /tmp/cc52A741.s:527    .text.CRYP_DataOut:00000000 CRYP_DataOut
     /tmp/cc52A741.s:543    .text.CRYP_DataOut:00000008 $d
     /tmp/cc52A741.s:548    .text.CRYP_SaveContext:00000000 $t
     /tmp/cc52A741.s:554    .text.CRYP_SaveContext:00000000 CRYP_SaveContext
     /tmp/cc52A741.s:826    .text.CRYP_SaveContext:000000f8 $d
     /tmp/cc52A741.s:831    .text.CRYP_RestoreContext:00000000 $t
     /tmp/cc52A741.s:837    .text.CRYP_RestoreContext:00000000 CRYP_RestoreContext
     /tmp/cc52A741.s:1002   .text.CRYP_RestoreContext:00000088 $d
     /tmp/cc52A741.s:1007   .text.CRYP_DMACmd:00000000 $t
     /tmp/cc52A741.s:1013   .text.CRYP_DMACmd:00000000 CRYP_DMACmd
     /tmp/cc52A741.s:1055   .text.CRYP_DMACmd:0000001c $d
     /tmp/cc52A741.s:1060   .text.CRYP_ITConfig:00000000 $t
     /tmp/cc52A741.s:1066   .text.CRYP_ITConfig:00000000 CRYP_ITConfig
     /tmp/cc52A741.s:1108   .text.CRYP_ITConfig:0000001c $d
     /tmp/cc52A741.s:1113   .text.CRYP_GetITStatus:00000000 $t
     /tmp/cc52A741.s:1119   .text.CRYP_GetITStatus:00000000 CRYP_GetITStatus
     /tmp/cc52A741.s:1152   .text.CRYP_GetITStatus:00000010 $d
     /tmp/cc52A741.s:1157   .text.CRYP_GetCmdStatus:00000000 $t
     /tmp/cc52A741.s:1163   .text.CRYP_GetCmdStatus:00000000 CRYP_GetCmdStatus
     /tmp/cc52A741.s:1192   .text.CRYP_GetCmdStatus:00000014 $d
     /tmp/cc52A741.s:1197   .text.CRYP_GetFlagStatus:00000000 $t
     /tmp/cc52A741.s:1203   .text.CRYP_GetFlagStatus:00000000 CRYP_GetFlagStatus
     /tmp/cc52A741.s:1253   .text.CRYP_GetFlagStatus:0000001c $d

UNDEFINED SYMBOLS
ARM GAS  /tmp/cc52A741.s 			page 42


RCC_AHB2PeriphResetCmd
