ARM GAS  /tmp/cciVGXQG.s 			page 1


   1              		.cpu cortex-m4
   2              		.arch armv7e-m
   3              		.fpu fpv4-sp-d16
   4              		.eabi_attribute 27, 1
   5              		.eabi_attribute 28, 1
   6              		.eabi_attribute 20, 1
   7              		.eabi_attribute 21, 1
   8              		.eabi_attribute 23, 3
   9              		.eabi_attribute 24, 1
  10              		.eabi_attribute 25, 1
  11              		.eabi_attribute 26, 1
  12              		.eabi_attribute 30, 1
  13              		.eabi_attribute 34, 1
  14              		.eabi_attribute 18, 4
  15              		.file	"stm32f4xx_ltdc.c"
  16              		.text
  17              	.Ltext0:
  18              		.cfi_sections	.debug_frame
  19              		.file 1 "./Libraries/src/stm32f4xx_ltdc.c"
  20              		.section	.text.LTDC_DeInit,"ax",%progbits
  21              		.align	1
  22              		.global	LTDC_DeInit
  23              		.syntax unified
  24              		.thumb
  25              		.thumb_func
  27              	LTDC_DeInit:
  28              	.LFB123:
   1:./Libraries/src/stm32f4xx_ltdc.c **** /**
   2:./Libraries/src/stm32f4xx_ltdc.c ****   ******************************************************************************
   3:./Libraries/src/stm32f4xx_ltdc.c ****   * @file    stm32f4xx_ltdc.c
   4:./Libraries/src/stm32f4xx_ltdc.c ****   * @author  MCD Application Team
   5:./Libraries/src/stm32f4xx_ltdc.c ****   * @version V1.8.0
   6:./Libraries/src/stm32f4xx_ltdc.c ****   * @date    04-November-2016
   7:./Libraries/src/stm32f4xx_ltdc.c ****   * @brief   This file provides firmware functions to manage the following 
   8:./Libraries/src/stm32f4xx_ltdc.c ****   *          functionalities of the LTDC controller (LTDC) peripheral:
   9:./Libraries/src/stm32f4xx_ltdc.c ****   *           + Initialization and configuration
  10:./Libraries/src/stm32f4xx_ltdc.c ****   *           + Interrupts and flags management
  11:./Libraries/src/stm32f4xx_ltdc.c ****   *           
  12:./Libraries/src/stm32f4xx_ltdc.c ****   *  @verbatim
  13:./Libraries/src/stm32f4xx_ltdc.c ****   
  14:./Libraries/src/stm32f4xx_ltdc.c ****  ===============================================================================
  15:./Libraries/src/stm32f4xx_ltdc.c ****                       ##### How to use this driver #####
  16:./Libraries/src/stm32f4xx_ltdc.c ****  ===============================================================================
  17:./Libraries/src/stm32f4xx_ltdc.c ****     [..]
  18:./Libraries/src/stm32f4xx_ltdc.c ****         (#) Enable LTDC clock using 
  19:./Libraries/src/stm32f4xx_ltdc.c ****             RCC_APB2PeriphResetCmd(RCC_APB2Periph_LTDC, ENABLE) function.
  20:./Libraries/src/stm32f4xx_ltdc.c ****         (#) Configures LTDC
  21:./Libraries/src/stm32f4xx_ltdc.c ****           (++) Configure the required Pixel clock following the panel datasheet
  22:./Libraries/src/stm32f4xx_ltdc.c ****           (++) Configure the Synchronous timings: VSYNC, HSYNC, Vertical and 
  23:./Libraries/src/stm32f4xx_ltdc.c ****               Horizontal back proch, active data area and the front proch 
  24:./Libraries/src/stm32f4xx_ltdc.c ****               timings 
  25:./Libraries/src/stm32f4xx_ltdc.c ****           (++) Configure the synchronous signals and clock polarity in the 
  26:./Libraries/src/stm32f4xx_ltdc.c ****               LTDC_GCR register
  27:./Libraries/src/stm32f4xx_ltdc.c ****         (#) Configures Layer1/2 parameters
  28:./Libraries/src/stm32f4xx_ltdc.c ****           (++) The Layer window horizontal and vertical position in the LTDC_LxWHPCR and 
  29:./Libraries/src/stm32f4xx_ltdc.c ****                LTDC_WVPCR registers. The layer window must be in the active data area.
  30:./Libraries/src/stm32f4xx_ltdc.c ****           (++) The pixel input format in the LTDC_LxPFCR register
ARM GAS  /tmp/cciVGXQG.s 			page 2


  31:./Libraries/src/stm32f4xx_ltdc.c ****           (++) The color frame buffer start address in the LTDC_LxCFBAR register
  32:./Libraries/src/stm32f4xx_ltdc.c ****           (++) The line length and pitch of the color frame buffer in the 
  33:./Libraries/src/stm32f4xx_ltdc.c ****                LTDC_LxCFBLR register
  34:./Libraries/src/stm32f4xx_ltdc.c ****           (++) The number of lines of the color frame buffer in 
  35:./Libraries/src/stm32f4xx_ltdc.c ****                the LTDC_LxCFBLNR register
  36:./Libraries/src/stm32f4xx_ltdc.c ****           (++) if needed, load the CLUT with the RGB values and the address 
  37:./Libraries/src/stm32f4xx_ltdc.c ****                in the LTDC_LxCLUTWR register
  38:./Libraries/src/stm32f4xx_ltdc.c ****           (++) If needed, configure the default color and the blending factors 
  39:./Libraries/src/stm32f4xx_ltdc.c ****                respectively in the LTDC_LxDCCR and LTDC_LxBFCR registers 
  40:./Libraries/src/stm32f4xx_ltdc.c **** 
  41:./Libraries/src/stm32f4xx_ltdc.c ****           (++) If needed, Dithering and color keying can be enabled respectively 
  42:./Libraries/src/stm32f4xx_ltdc.c ****                in the LTDC_GCR and LTDC_LxCKCR registers. It can be also enabled 
  43:./Libraries/src/stm32f4xx_ltdc.c ****                on the fly.    
  44:./Libraries/src/stm32f4xx_ltdc.c ****         (#) Enable Layer1/2 and if needed the CLUT in the LTDC_LxCR register 
  45:./Libraries/src/stm32f4xx_ltdc.c ****   
  46:./Libraries/src/stm32f4xx_ltdc.c ****         (#) Reload the shadow registers to active register through 
  47:./Libraries/src/stm32f4xx_ltdc.c ****             the LTDC_SRCR register.
  48:./Libraries/src/stm32f4xx_ltdc.c ****           -@- All layer parameters can be modified on the fly except the CLUT. 
  49:./Libraries/src/stm32f4xx_ltdc.c ****               The new configuration has to be either reloaded immediately 
  50:./Libraries/src/stm32f4xx_ltdc.c ****               or during vertical blanking period by configuring the LTDC_SRCR register.
  51:./Libraries/src/stm32f4xx_ltdc.c ****         (#) Call the LTDC_Cmd() to enable the LTDC controller.
  52:./Libraries/src/stm32f4xx_ltdc.c **** 
  53:./Libraries/src/stm32f4xx_ltdc.c ****     @endverbatim
  54:./Libraries/src/stm32f4xx_ltdc.c ****   
  55:./Libraries/src/stm32f4xx_ltdc.c ****   ******************************************************************************
  56:./Libraries/src/stm32f4xx_ltdc.c ****   * @attention
  57:./Libraries/src/stm32f4xx_ltdc.c ****   *
  58:./Libraries/src/stm32f4xx_ltdc.c ****   * <h2><center>&copy; COPYRIGHT 2016 STMicroelectronics</center></h2>
  59:./Libraries/src/stm32f4xx_ltdc.c ****   *
  60:./Libraries/src/stm32f4xx_ltdc.c ****   * Licensed under MCD-ST Liberty SW License Agreement V2, (the "License");
  61:./Libraries/src/stm32f4xx_ltdc.c ****   * You may not use this file except in compliance with the License.
  62:./Libraries/src/stm32f4xx_ltdc.c ****   * You may obtain a copy of the License at:
  63:./Libraries/src/stm32f4xx_ltdc.c ****   *
  64:./Libraries/src/stm32f4xx_ltdc.c ****   *        http://www.st.com/software_license_agreement_liberty_v2
  65:./Libraries/src/stm32f4xx_ltdc.c ****   *
  66:./Libraries/src/stm32f4xx_ltdc.c ****   * Unless required by applicable law or agreed to in writing, software 
  67:./Libraries/src/stm32f4xx_ltdc.c ****   * distributed under the License is distributed on an "AS IS" BASIS, 
  68:./Libraries/src/stm32f4xx_ltdc.c ****   * WITHOUT WARRANTIES OR CONDITIONS OF ANY KIND, either express or implied.
  69:./Libraries/src/stm32f4xx_ltdc.c ****   * See the License for the specific language governing permissions and
  70:./Libraries/src/stm32f4xx_ltdc.c ****   * limitations under the License.
  71:./Libraries/src/stm32f4xx_ltdc.c ****   *
  72:./Libraries/src/stm32f4xx_ltdc.c ****   ******************************************************************************
  73:./Libraries/src/stm32f4xx_ltdc.c ****   */
  74:./Libraries/src/stm32f4xx_ltdc.c **** 
  75:./Libraries/src/stm32f4xx_ltdc.c **** /* Includes ------------------------------------------------------------------*/
  76:./Libraries/src/stm32f4xx_ltdc.c **** #include "stm32f4xx_ltdc.h"
  77:./Libraries/src/stm32f4xx_ltdc.c **** #include "stm32f4xx_rcc.h"
  78:./Libraries/src/stm32f4xx_ltdc.c **** 
  79:./Libraries/src/stm32f4xx_ltdc.c **** /** @addtogroup STM32F4xx_StdPeriph_Driver
  80:./Libraries/src/stm32f4xx_ltdc.c ****   * @{
  81:./Libraries/src/stm32f4xx_ltdc.c ****   */
  82:./Libraries/src/stm32f4xx_ltdc.c **** 
  83:./Libraries/src/stm32f4xx_ltdc.c **** /** @defgroup LTDC 
  84:./Libraries/src/stm32f4xx_ltdc.c ****   * @brief LTDC driver modules
  85:./Libraries/src/stm32f4xx_ltdc.c ****   * @{
  86:./Libraries/src/stm32f4xx_ltdc.c ****   */
  87:./Libraries/src/stm32f4xx_ltdc.c **** 
ARM GAS  /tmp/cciVGXQG.s 			page 3


  88:./Libraries/src/stm32f4xx_ltdc.c **** /* Private typedef -----------------------------------------------------------*/
  89:./Libraries/src/stm32f4xx_ltdc.c **** /* Private define ------------------------------------------------------------*/
  90:./Libraries/src/stm32f4xx_ltdc.c **** /* Private macro -------------------------------------------------------------*/
  91:./Libraries/src/stm32f4xx_ltdc.c **** /* Private variables ---------------------------------------------------------*/
  92:./Libraries/src/stm32f4xx_ltdc.c **** /* Private function prototypes -----------------------------------------------*/
  93:./Libraries/src/stm32f4xx_ltdc.c **** /* Private functions ---------------------------------------------------------*/
  94:./Libraries/src/stm32f4xx_ltdc.c **** 
  95:./Libraries/src/stm32f4xx_ltdc.c **** #define GCR_MASK                     ((uint32_t)0x0FFE888F)  /* LTDC GCR Mask */
  96:./Libraries/src/stm32f4xx_ltdc.c **** 
  97:./Libraries/src/stm32f4xx_ltdc.c **** 
  98:./Libraries/src/stm32f4xx_ltdc.c **** /** @defgroup LTDC_Private_Functions
  99:./Libraries/src/stm32f4xx_ltdc.c ****   * @{
 100:./Libraries/src/stm32f4xx_ltdc.c ****   */
 101:./Libraries/src/stm32f4xx_ltdc.c **** 
 102:./Libraries/src/stm32f4xx_ltdc.c **** /** @defgroup LTDC_Group1 Initialization and Configuration functions
 103:./Libraries/src/stm32f4xx_ltdc.c ****  *  @brief   Initialization and Configuration functions 
 104:./Libraries/src/stm32f4xx_ltdc.c ****  *
 105:./Libraries/src/stm32f4xx_ltdc.c **** @verbatim
 106:./Libraries/src/stm32f4xx_ltdc.c ****  ===============================================================================
 107:./Libraries/src/stm32f4xx_ltdc.c ****             ##### Initialization and Configuration functions #####
 108:./Libraries/src/stm32f4xx_ltdc.c ****  ===============================================================================
 109:./Libraries/src/stm32f4xx_ltdc.c ****     [..]  This section provides functions allowing to:
 110:./Libraries/src/stm32f4xx_ltdc.c ****       (+) Initialize and configure the LTDC
 111:./Libraries/src/stm32f4xx_ltdc.c ****       (+) Enable or Disable Dither
 112:./Libraries/src/stm32f4xx_ltdc.c ****       (+) Define the position of the line interrupt
 113:./Libraries/src/stm32f4xx_ltdc.c ****       (+) reload layers registers with new parameters
 114:./Libraries/src/stm32f4xx_ltdc.c ****       (+) Initialize and configure layer1 and layer2
 115:./Libraries/src/stm32f4xx_ltdc.c ****       (+) Set and configure the color keying functionality
 116:./Libraries/src/stm32f4xx_ltdc.c ****       (+) Configure and Enables or disables CLUT 
 117:./Libraries/src/stm32f4xx_ltdc.c ****       
 118:./Libraries/src/stm32f4xx_ltdc.c **** @endverbatim
 119:./Libraries/src/stm32f4xx_ltdc.c ****   * @{
 120:./Libraries/src/stm32f4xx_ltdc.c ****   */
 121:./Libraries/src/stm32f4xx_ltdc.c **** 
 122:./Libraries/src/stm32f4xx_ltdc.c **** /**
 123:./Libraries/src/stm32f4xx_ltdc.c ****   * @brief  Deinitializes the LTDC peripheral registers to their default reset
 124:./Libraries/src/stm32f4xx_ltdc.c ****   *         values.
 125:./Libraries/src/stm32f4xx_ltdc.c ****   * @param  None
 126:./Libraries/src/stm32f4xx_ltdc.c ****   * @retval None
 127:./Libraries/src/stm32f4xx_ltdc.c ****   */
 128:./Libraries/src/stm32f4xx_ltdc.c **** 
 129:./Libraries/src/stm32f4xx_ltdc.c **** void LTDC_DeInit(void)
 130:./Libraries/src/stm32f4xx_ltdc.c **** {
  29              		.loc 1 130 1 view -0
  30              		.cfi_startproc
  31              		@ args = 0, pretend = 0, frame = 0
  32              		@ frame_needed = 0, uses_anonymous_args = 0
  33 0000 08B5     		push	{r3, lr}
  34              	.LCFI0:
  35              		.cfi_def_cfa_offset 8
  36              		.cfi_offset 3, -8
  37              		.cfi_offset 14, -4
 131:./Libraries/src/stm32f4xx_ltdc.c ****   /* Enable LTDC reset state */
 132:./Libraries/src/stm32f4xx_ltdc.c ****   RCC_APB2PeriphResetCmd(RCC_APB2Periph_LTDC, ENABLE);
  38              		.loc 1 132 3 view .LVU1
  39 0002 0121     		movs	r1, #1
  40 0004 4FF08060 		mov	r0, #67108864
ARM GAS  /tmp/cciVGXQG.s 			page 4


  41 0008 FFF7FEFF 		bl	RCC_APB2PeriphResetCmd
  42              	.LVL0:
 133:./Libraries/src/stm32f4xx_ltdc.c ****   /* Release LTDC from reset state */
 134:./Libraries/src/stm32f4xx_ltdc.c ****   RCC_APB2PeriphResetCmd(RCC_APB2Periph_LTDC, DISABLE);
  43              		.loc 1 134 3 view .LVU2
  44 000c 0021     		movs	r1, #0
  45 000e 4FF08060 		mov	r0, #67108864
  46 0012 FFF7FEFF 		bl	RCC_APB2PeriphResetCmd
  47              	.LVL1:
 135:./Libraries/src/stm32f4xx_ltdc.c **** }
  48              		.loc 1 135 1 is_stmt 0 view .LVU3
  49 0016 08BD     		pop	{r3, pc}
  50              		.cfi_endproc
  51              	.LFE123:
  53              		.section	.text.LTDC_Init,"ax",%progbits
  54              		.align	1
  55              		.global	LTDC_Init
  56              		.syntax unified
  57              		.thumb
  58              		.thumb_func
  60              	LTDC_Init:
  61              	.LVL2:
  62              	.LFB124:
 136:./Libraries/src/stm32f4xx_ltdc.c **** 
 137:./Libraries/src/stm32f4xx_ltdc.c **** /**
 138:./Libraries/src/stm32f4xx_ltdc.c ****   * @brief  Initializes the LTDC peripheral according to the specified parameters
 139:./Libraries/src/stm32f4xx_ltdc.c ****   *         in the LTDC_InitStruct.
 140:./Libraries/src/stm32f4xx_ltdc.c ****   * @note   This function can be used only when the LTDC is disabled.
 141:./Libraries/src/stm32f4xx_ltdc.c ****   * @param  LTDC_InitStruct: pointer to a LTDC_InitTypeDef structure that contains
 142:./Libraries/src/stm32f4xx_ltdc.c ****   *         the configuration information for the specified LTDC peripheral.
 143:./Libraries/src/stm32f4xx_ltdc.c ****   * @retval None
 144:./Libraries/src/stm32f4xx_ltdc.c ****   */
 145:./Libraries/src/stm32f4xx_ltdc.c **** 
 146:./Libraries/src/stm32f4xx_ltdc.c **** void LTDC_Init(LTDC_InitTypeDef* LTDC_InitStruct)
 147:./Libraries/src/stm32f4xx_ltdc.c **** {
  63              		.loc 1 147 1 is_stmt 1 view -0
  64              		.cfi_startproc
  65              		@ args = 0, pretend = 0, frame = 0
  66              		@ frame_needed = 0, uses_anonymous_args = 0
  67              		@ link register save eliminated.
  68              		.loc 1 147 1 is_stmt 0 view .LVU5
  69 0000 30B4     		push	{r4, r5}
  70              	.LCFI1:
  71              		.cfi_def_cfa_offset 8
  72              		.cfi_offset 4, -8
  73              		.cfi_offset 5, -4
 148:./Libraries/src/stm32f4xx_ltdc.c ****   uint32_t horizontalsync = 0;
  74              		.loc 1 148 3 is_stmt 1 view .LVU6
  75              	.LVL3:
 149:./Libraries/src/stm32f4xx_ltdc.c ****   uint32_t accumulatedHBP = 0;
  76              		.loc 1 149 3 view .LVU7
 150:./Libraries/src/stm32f4xx_ltdc.c ****   uint32_t accumulatedactiveW = 0;
  77              		.loc 1 150 3 view .LVU8
 151:./Libraries/src/stm32f4xx_ltdc.c ****   uint32_t totalwidth = 0;
  78              		.loc 1 151 3 view .LVU9
 152:./Libraries/src/stm32f4xx_ltdc.c ****   uint32_t backgreen = 0;
  79              		.loc 1 152 3 view .LVU10
ARM GAS  /tmp/cciVGXQG.s 			page 5


 153:./Libraries/src/stm32f4xx_ltdc.c ****   uint32_t backred = 0;
  80              		.loc 1 153 3 view .LVU11
 154:./Libraries/src/stm32f4xx_ltdc.c **** 
 155:./Libraries/src/stm32f4xx_ltdc.c ****   /* Check function parameters */
 156:./Libraries/src/stm32f4xx_ltdc.c ****   assert_param(IS_LTDC_HSYNC(LTDC_InitStruct->LTDC_HorizontalSync));
  81              		.loc 1 156 3 view .LVU12
 157:./Libraries/src/stm32f4xx_ltdc.c ****   assert_param(IS_LTDC_VSYNC(LTDC_InitStruct->LTDC_VerticalSync));
  82              		.loc 1 157 3 view .LVU13
 158:./Libraries/src/stm32f4xx_ltdc.c ****   assert_param(IS_LTDC_AHBP(LTDC_InitStruct->LTDC_AccumulatedHBP));
  83              		.loc 1 158 3 view .LVU14
 159:./Libraries/src/stm32f4xx_ltdc.c ****   assert_param(IS_LTDC_AVBP(LTDC_InitStruct->LTDC_AccumulatedVBP));
  84              		.loc 1 159 3 view .LVU15
 160:./Libraries/src/stm32f4xx_ltdc.c ****   assert_param(IS_LTDC_AAH(LTDC_InitStruct->LTDC_AccumulatedActiveH));
  85              		.loc 1 160 3 view .LVU16
 161:./Libraries/src/stm32f4xx_ltdc.c ****   assert_param(IS_LTDC_AAW(LTDC_InitStruct->LTDC_AccumulatedActiveW));
  86              		.loc 1 161 3 view .LVU17
 162:./Libraries/src/stm32f4xx_ltdc.c ****   assert_param(IS_LTDC_TOTALH(LTDC_InitStruct->LTDC_TotalHeigh));
  87              		.loc 1 162 3 view .LVU18
 163:./Libraries/src/stm32f4xx_ltdc.c ****   assert_param(IS_LTDC_TOTALW(LTDC_InitStruct->LTDC_TotalWidth));
  88              		.loc 1 163 3 view .LVU19
 164:./Libraries/src/stm32f4xx_ltdc.c ****   assert_param(IS_LTDC_HSPOL(LTDC_InitStruct->LTDC_HSPolarity));
  89              		.loc 1 164 3 view .LVU20
 165:./Libraries/src/stm32f4xx_ltdc.c ****   assert_param(IS_LTDC_VSPOL(LTDC_InitStruct->LTDC_VSPolarity));
  90              		.loc 1 165 3 view .LVU21
 166:./Libraries/src/stm32f4xx_ltdc.c ****   assert_param(IS_LTDC_DEPOL(LTDC_InitStruct->LTDC_DEPolarity));
  91              		.loc 1 166 3 view .LVU22
 167:./Libraries/src/stm32f4xx_ltdc.c ****   assert_param(IS_LTDC_PCPOL(LTDC_InitStruct->LTDC_PCPolarity));
  92              		.loc 1 167 3 view .LVU23
 168:./Libraries/src/stm32f4xx_ltdc.c ****   assert_param(IS_LTDC_BackBlueValue(LTDC_InitStruct->LTDC_BackgroundBlueValue));
  93              		.loc 1 168 3 view .LVU24
 169:./Libraries/src/stm32f4xx_ltdc.c ****   assert_param(IS_LTDC_BackGreenValue(LTDC_InitStruct->LTDC_BackgroundGreenValue));
  94              		.loc 1 169 3 view .LVU25
 170:./Libraries/src/stm32f4xx_ltdc.c ****   assert_param(IS_LTDC_BackRedValue(LTDC_InitStruct->LTDC_BackgroundRedValue));
  95              		.loc 1 170 3 view .LVU26
 171:./Libraries/src/stm32f4xx_ltdc.c **** 
 172:./Libraries/src/stm32f4xx_ltdc.c ****   /* Sets Synchronization size */
 173:./Libraries/src/stm32f4xx_ltdc.c ****   LTDC->SSCR &= ~(LTDC_SSCR_VSH | LTDC_SSCR_HSW);
  96              		.loc 1 173 3 view .LVU27
  97              		.loc 1 173 7 is_stmt 0 view .LVU28
  98 0002 254B     		ldr	r3, .L5
  99 0004 9968     		ldr	r1, [r3, #8]
 100              		.loc 1 173 14 view .LVU29
 101 0006 254A     		ldr	r2, .L5+4
 102 0008 1140     		ands	r1, r1, r2
 103 000a 9960     		str	r1, [r3, #8]
 174:./Libraries/src/stm32f4xx_ltdc.c ****   horizontalsync = (LTDC_InitStruct->LTDC_HorizontalSync << 16);
 104              		.loc 1 174 3 is_stmt 1 view .LVU30
 105              		.loc 1 174 36 is_stmt 0 view .LVU31
 106 000c 0469     		ldr	r4, [r0, #16]
 107              	.LVL4:
 175:./Libraries/src/stm32f4xx_ltdc.c ****   LTDC->SSCR |= (horizontalsync | LTDC_InitStruct->LTDC_VerticalSync);
 108              		.loc 1 175 3 is_stmt 1 view .LVU32
 109              		.loc 1 175 7 is_stmt 0 view .LVU33
 110 000e 9968     		ldr	r1, [r3, #8]
 111              		.loc 1 175 33 view .LVU34
 112 0010 4569     		ldr	r5, [r0, #20]
 113 0012 45EA044C 		orr	ip, r5, r4, lsl #16
ARM GAS  /tmp/cciVGXQG.s 			page 6


 114              		.loc 1 175 14 view .LVU35
 115 0016 41EA0C01 		orr	r1, r1, ip
 116 001a 9960     		str	r1, [r3, #8]
 176:./Libraries/src/stm32f4xx_ltdc.c **** 
 177:./Libraries/src/stm32f4xx_ltdc.c ****   /* Sets Accumulated Back porch */
 178:./Libraries/src/stm32f4xx_ltdc.c ****   LTDC->BPCR &= ~(LTDC_BPCR_AVBP | LTDC_BPCR_AHBP);
 117              		.loc 1 178 3 is_stmt 1 view .LVU36
 118              		.loc 1 178 7 is_stmt 0 view .LVU37
 119 001c D968     		ldr	r1, [r3, #12]
 120              		.loc 1 178 14 view .LVU38
 121 001e 1140     		ands	r1, r1, r2
 122 0020 D960     		str	r1, [r3, #12]
 179:./Libraries/src/stm32f4xx_ltdc.c ****   accumulatedHBP = (LTDC_InitStruct->LTDC_AccumulatedHBP << 16);
 123              		.loc 1 179 3 is_stmt 1 view .LVU39
 124              		.loc 1 179 36 is_stmt 0 view .LVU40
 125 0022 8469     		ldr	r4, [r0, #24]
 126              	.LVL5:
 180:./Libraries/src/stm32f4xx_ltdc.c ****   LTDC->BPCR |= (accumulatedHBP | LTDC_InitStruct->LTDC_AccumulatedVBP);
 127              		.loc 1 180 3 is_stmt 1 view .LVU41
 128              		.loc 1 180 7 is_stmt 0 view .LVU42
 129 0024 D968     		ldr	r1, [r3, #12]
 130              		.loc 1 180 33 view .LVU43
 131 0026 C569     		ldr	r5, [r0, #28]
 132 0028 45EA044C 		orr	ip, r5, r4, lsl #16
 133              		.loc 1 180 14 view .LVU44
 134 002c 41EA0C01 		orr	r1, r1, ip
 135 0030 D960     		str	r1, [r3, #12]
 181:./Libraries/src/stm32f4xx_ltdc.c **** 
 182:./Libraries/src/stm32f4xx_ltdc.c ****   /* Sets Accumulated Active Width */
 183:./Libraries/src/stm32f4xx_ltdc.c ****   LTDC->AWCR &= ~(LTDC_AWCR_AAH | LTDC_AWCR_AAW);
 136              		.loc 1 183 3 is_stmt 1 view .LVU45
 137              		.loc 1 183 7 is_stmt 0 view .LVU46
 138 0032 1969     		ldr	r1, [r3, #16]
 139              		.loc 1 183 14 view .LVU47
 140 0034 1140     		ands	r1, r1, r2
 141 0036 1961     		str	r1, [r3, #16]
 184:./Libraries/src/stm32f4xx_ltdc.c ****   accumulatedactiveW = (LTDC_InitStruct->LTDC_AccumulatedActiveW << 16);
 142              		.loc 1 184 3 is_stmt 1 view .LVU48
 143              		.loc 1 184 40 is_stmt 0 view .LVU49
 144 0038 046A     		ldr	r4, [r0, #32]
 145              	.LVL6:
 185:./Libraries/src/stm32f4xx_ltdc.c ****   LTDC->AWCR |= (accumulatedactiveW | LTDC_InitStruct->LTDC_AccumulatedActiveH);
 146              		.loc 1 185 3 is_stmt 1 view .LVU50
 147              		.loc 1 185 7 is_stmt 0 view .LVU51
 148 003a 1969     		ldr	r1, [r3, #16]
 149              		.loc 1 185 37 view .LVU52
 150 003c 456A     		ldr	r5, [r0, #36]
 151 003e 45EA044C 		orr	ip, r5, r4, lsl #16
 152              		.loc 1 185 14 view .LVU53
 153 0042 41EA0C01 		orr	r1, r1, ip
 154 0046 1961     		str	r1, [r3, #16]
 186:./Libraries/src/stm32f4xx_ltdc.c **** 
 187:./Libraries/src/stm32f4xx_ltdc.c ****   /* Sets Total Width */
 188:./Libraries/src/stm32f4xx_ltdc.c ****   LTDC->TWCR &= ~(LTDC_TWCR_TOTALH | LTDC_TWCR_TOTALW);
 155              		.loc 1 188 3 is_stmt 1 view .LVU54
 156              		.loc 1 188 7 is_stmt 0 view .LVU55
 157 0048 5969     		ldr	r1, [r3, #20]
ARM GAS  /tmp/cciVGXQG.s 			page 7


 158              		.loc 1 188 14 view .LVU56
 159 004a 0A40     		ands	r2, r2, r1
 160 004c 5A61     		str	r2, [r3, #20]
 189:./Libraries/src/stm32f4xx_ltdc.c ****   totalwidth = (LTDC_InitStruct->LTDC_TotalWidth << 16);
 161              		.loc 1 189 3 is_stmt 1 view .LVU57
 162              		.loc 1 189 32 is_stmt 0 view .LVU58
 163 004e 846A     		ldr	r4, [r0, #40]
 164              	.LVL7:
 190:./Libraries/src/stm32f4xx_ltdc.c ****   LTDC->TWCR |= (totalwidth | LTDC_InitStruct->LTDC_TotalHeigh);
 165              		.loc 1 190 3 is_stmt 1 view .LVU59
 166              		.loc 1 190 7 is_stmt 0 view .LVU60
 167 0050 5A69     		ldr	r2, [r3, #20]
 168              		.loc 1 190 46 view .LVU61
 169 0052 C16A     		ldr	r1, [r0, #44]
 170              		.loc 1 190 29 view .LVU62
 171 0054 41EA0441 		orr	r1, r1, r4, lsl #16
 172              		.loc 1 190 14 view .LVU63
 173 0058 0A43     		orrs	r2, r2, r1
 174 005a 5A61     		str	r2, [r3, #20]
 191:./Libraries/src/stm32f4xx_ltdc.c **** 
 192:./Libraries/src/stm32f4xx_ltdc.c ****   LTDC->GCR &= (uint32_t)GCR_MASK;
 175              		.loc 1 192 3 is_stmt 1 view .LVU64
 176              		.loc 1 192 7 is_stmt 0 view .LVU65
 177 005c 9969     		ldr	r1, [r3, #24]
 178              		.loc 1 192 13 view .LVU66
 179 005e 104A     		ldr	r2, .L5+8
 180 0060 0A40     		ands	r2, r2, r1
 181 0062 9A61     		str	r2, [r3, #24]
 193:./Libraries/src/stm32f4xx_ltdc.c ****   LTDC->GCR |=  (uint32_t)(LTDC_InitStruct->LTDC_HSPolarity | LTDC_InitStruct->LTDC_VSPolarity | \
 182              		.loc 1 193 3 is_stmt 1 view .LVU67
 183              		.loc 1 193 7 is_stmt 0 view .LVU68
 184 0064 9969     		ldr	r1, [r3, #24]
 185              		.loc 1 193 43 view .LVU69
 186 0066 0268     		ldr	r2, [r0]
 187              		.loc 1 193 78 view .LVU70
 188 0068 4468     		ldr	r4, [r0, #4]
 189              	.LVL8:
 190              		.loc 1 193 61 view .LVU71
 191 006a 2243     		orrs	r2, r2, r4
 194:./Libraries/src/stm32f4xx_ltdc.c ****                            LTDC_InitStruct->LTDC_DEPolarity | LTDC_InitStruct->LTDC_PCPolarity);
 192              		.loc 1 194 43 view .LVU72
 193 006c 8468     		ldr	r4, [r0, #8]
 193:./Libraries/src/stm32f4xx_ltdc.c ****   LTDC->GCR |=  (uint32_t)(LTDC_InitStruct->LTDC_HSPolarity | LTDC_InitStruct->LTDC_VSPolarity | \
 194              		.loc 1 193 96 view .LVU73
 195 006e 2243     		orrs	r2, r2, r4
 196              		.loc 1 194 78 view .LVU74
 197 0070 C468     		ldr	r4, [r0, #12]
 198              		.loc 1 194 61 view .LVU75
 199 0072 2243     		orrs	r2, r2, r4
 193:./Libraries/src/stm32f4xx_ltdc.c ****   LTDC->GCR |=  (uint32_t)(LTDC_InitStruct->LTDC_HSPolarity | LTDC_InitStruct->LTDC_VSPolarity | \
 200              		.loc 1 193 13 view .LVU76
 201 0074 0A43     		orrs	r2, r2, r1
 202 0076 9A61     		str	r2, [r3, #24]
 195:./Libraries/src/stm32f4xx_ltdc.c **** 
 196:./Libraries/src/stm32f4xx_ltdc.c ****   /* sets the background color value */
 197:./Libraries/src/stm32f4xx_ltdc.c ****   backgreen = (LTDC_InitStruct->LTDC_BackgroundGreenValue << 8);
 203              		.loc 1 197 3 is_stmt 1 view .LVU77
ARM GAS  /tmp/cciVGXQG.s 			page 8


 204              		.loc 1 197 31 is_stmt 0 view .LVU78
 205 0078 446B     		ldr	r4, [r0, #52]
 206              	.LVL9:
 198:./Libraries/src/stm32f4xx_ltdc.c ****   backred = (LTDC_InitStruct->LTDC_BackgroundRedValue << 16);
 207              		.loc 1 198 3 is_stmt 1 view .LVU79
 208              		.loc 1 198 29 is_stmt 0 view .LVU80
 209 007a 026B     		ldr	r2, [r0, #48]
 210              		.loc 1 198 11 view .LVU81
 211 007c 1204     		lsls	r2, r2, #16
 212              	.LVL10:
 199:./Libraries/src/stm32f4xx_ltdc.c **** 
 200:./Libraries/src/stm32f4xx_ltdc.c ****   LTDC->BCCR &= ~(LTDC_BCCR_BCBLUE | LTDC_BCCR_BCGREEN | LTDC_BCCR_BCRED);
 213              		.loc 1 200 3 is_stmt 1 view .LVU82
 214              		.loc 1 200 7 is_stmt 0 view .LVU83
 215 007e D96A     		ldr	r1, [r3, #44]
 216              		.loc 1 200 14 view .LVU84
 217 0080 01F07F41 		and	r1, r1, #-16777216
 218 0084 D962     		str	r1, [r3, #44]
 201:./Libraries/src/stm32f4xx_ltdc.c ****   LTDC->BCCR |= (backred | backgreen | LTDC_InitStruct->LTDC_BackgroundBlueValue);
 219              		.loc 1 201 3 is_stmt 1 view .LVU85
 220              		.loc 1 201 7 is_stmt 0 view .LVU86
 221 0086 D96A     		ldr	r1, [r3, #44]
 222              		.loc 1 201 26 view .LVU87
 223 0088 42EA0422 		orr	r2, r2, r4, lsl #8
 224              	.LVL11:
 225              		.loc 1 201 55 view .LVU88
 226 008c 806B     		ldr	r0, [r0, #56]
 227              	.LVL12:
 228              		.loc 1 201 38 view .LVU89
 229 008e 0243     		orrs	r2, r2, r0
 230              		.loc 1 201 14 view .LVU90
 231 0090 0A43     		orrs	r2, r2, r1
 232 0092 DA62     		str	r2, [r3, #44]
 202:./Libraries/src/stm32f4xx_ltdc.c **** }
 233              		.loc 1 202 1 view .LVU91
 234 0094 30BC     		pop	{r4, r5}
 235              	.LCFI2:
 236              		.cfi_restore 5
 237              		.cfi_restore 4
 238              		.cfi_def_cfa_offset 0
 239              	.LVL13:
 240              		.loc 1 202 1 view .LVU92
 241 0096 7047     		bx	lr
 242              	.L6:
 243              		.align	2
 244              	.L5:
 245 0098 00680140 		.word	1073833984
 246 009c 00F800F0 		.word	-268371968
 247 00a0 8F88FE0F 		.word	268339343
 248              		.cfi_endproc
 249              	.LFE124:
 251              		.section	.text.LTDC_StructInit,"ax",%progbits
 252              		.align	1
 253              		.global	LTDC_StructInit
 254              		.syntax unified
 255              		.thumb
 256              		.thumb_func
ARM GAS  /tmp/cciVGXQG.s 			page 9


 258              	LTDC_StructInit:
 259              	.LVL14:
 260              	.LFB125:
 203:./Libraries/src/stm32f4xx_ltdc.c **** 
 204:./Libraries/src/stm32f4xx_ltdc.c **** /**
 205:./Libraries/src/stm32f4xx_ltdc.c ****   * @brief  Fills each LTDC_InitStruct member with its default value.
 206:./Libraries/src/stm32f4xx_ltdc.c ****   * @param  LTDC_InitStruct: pointer to a LTDC_InitTypeDef structure which will
 207:./Libraries/src/stm32f4xx_ltdc.c ****   *         be initialized.
 208:./Libraries/src/stm32f4xx_ltdc.c ****   * @retval None
 209:./Libraries/src/stm32f4xx_ltdc.c ****   */
 210:./Libraries/src/stm32f4xx_ltdc.c **** 
 211:./Libraries/src/stm32f4xx_ltdc.c **** void LTDC_StructInit(LTDC_InitTypeDef* LTDC_InitStruct)
 212:./Libraries/src/stm32f4xx_ltdc.c **** {
 261              		.loc 1 212 1 is_stmt 1 view -0
 262              		.cfi_startproc
 263              		@ args = 0, pretend = 0, frame = 0
 264              		@ frame_needed = 0, uses_anonymous_args = 0
 265              		@ link register save eliminated.
 213:./Libraries/src/stm32f4xx_ltdc.c ****   /*--------------- Reset LTDC init structure parameters values ----------------*/
 214:./Libraries/src/stm32f4xx_ltdc.c ****   LTDC_InitStruct->LTDC_HSPolarity = LTDC_HSPolarity_AL;      /*!< Initialize the LTDC_HSPolarity m
 266              		.loc 1 214 3 view .LVU94
 267              		.loc 1 214 36 is_stmt 0 view .LVU95
 268 0000 0023     		movs	r3, #0
 269 0002 0360     		str	r3, [r0]
 215:./Libraries/src/stm32f4xx_ltdc.c ****   LTDC_InitStruct->LTDC_VSPolarity = LTDC_VSPolarity_AL;      /*!< Initialize the LTDC_VSPolarity m
 270              		.loc 1 215 3 is_stmt 1 view .LVU96
 271              		.loc 1 215 36 is_stmt 0 view .LVU97
 272 0004 4360     		str	r3, [r0, #4]
 216:./Libraries/src/stm32f4xx_ltdc.c ****   LTDC_InitStruct->LTDC_DEPolarity = LTDC_DEPolarity_AL;      /*!< Initialize the LTDC_DEPolarity m
 273              		.loc 1 216 3 is_stmt 1 view .LVU98
 274              		.loc 1 216 36 is_stmt 0 view .LVU99
 275 0006 8360     		str	r3, [r0, #8]
 217:./Libraries/src/stm32f4xx_ltdc.c ****   LTDC_InitStruct->LTDC_PCPolarity = LTDC_PCPolarity_IPC;     /*!< Initialize the LTDC_PCPolarity m
 276              		.loc 1 217 3 is_stmt 1 view .LVU100
 277              		.loc 1 217 36 is_stmt 0 view .LVU101
 278 0008 C360     		str	r3, [r0, #12]
 218:./Libraries/src/stm32f4xx_ltdc.c ****   LTDC_InitStruct->LTDC_HorizontalSync = 0x00;                /*!< Initialize the LTDC_HorizontalSy
 279              		.loc 1 218 3 is_stmt 1 view .LVU102
 280              		.loc 1 218 40 is_stmt 0 view .LVU103
 281 000a 0361     		str	r3, [r0, #16]
 219:./Libraries/src/stm32f4xx_ltdc.c ****   LTDC_InitStruct->LTDC_VerticalSync = 0x00;                  /*!< Initialize the LTDC_VerticalSync
 282              		.loc 1 219 3 is_stmt 1 view .LVU104
 283              		.loc 1 219 38 is_stmt 0 view .LVU105
 284 000c 4361     		str	r3, [r0, #20]
 220:./Libraries/src/stm32f4xx_ltdc.c ****   LTDC_InitStruct->LTDC_AccumulatedHBP = 0x00;                /*!< Initialize the LTDC_AccumulatedH
 285              		.loc 1 220 3 is_stmt 1 view .LVU106
 286              		.loc 1 220 40 is_stmt 0 view .LVU107
 287 000e 8361     		str	r3, [r0, #24]
 221:./Libraries/src/stm32f4xx_ltdc.c ****   LTDC_InitStruct->LTDC_AccumulatedVBP = 0x00;                /*!< Initialize the LTDC_AccumulatedV
 288              		.loc 1 221 3 is_stmt 1 view .LVU108
 289              		.loc 1 221 40 is_stmt 0 view .LVU109
 290 0010 C361     		str	r3, [r0, #28]
 222:./Libraries/src/stm32f4xx_ltdc.c ****   LTDC_InitStruct->LTDC_AccumulatedActiveW = 0x00;            /*!< Initialize the LTDC_AccumulatedA
 291              		.loc 1 222 3 is_stmt 1 view .LVU110
 292              		.loc 1 222 44 is_stmt 0 view .LVU111
 293 0012 0362     		str	r3, [r0, #32]
 223:./Libraries/src/stm32f4xx_ltdc.c ****   LTDC_InitStruct->LTDC_AccumulatedActiveH = 0x00;            /*!< Initialize the LTDC_AccumulatedA
ARM GAS  /tmp/cciVGXQG.s 			page 10


 294              		.loc 1 223 3 is_stmt 1 view .LVU112
 295              		.loc 1 223 44 is_stmt 0 view .LVU113
 296 0014 4362     		str	r3, [r0, #36]
 224:./Libraries/src/stm32f4xx_ltdc.c ****   LTDC_InitStruct->LTDC_TotalWidth = 0x00;                    /*!< Initialize the LTDC_TotalWidth m
 297              		.loc 1 224 3 is_stmt 1 view .LVU114
 298              		.loc 1 224 36 is_stmt 0 view .LVU115
 299 0016 8362     		str	r3, [r0, #40]
 225:./Libraries/src/stm32f4xx_ltdc.c ****   LTDC_InitStruct->LTDC_TotalHeigh = 0x00;                    /*!< Initialize the LTDC_TotalHeigh m
 300              		.loc 1 225 3 is_stmt 1 view .LVU116
 301              		.loc 1 225 36 is_stmt 0 view .LVU117
 302 0018 C362     		str	r3, [r0, #44]
 226:./Libraries/src/stm32f4xx_ltdc.c ****   LTDC_InitStruct->LTDC_BackgroundRedValue = 0x00;            /*!< Initialize the LTDC_BackgroundRe
 303              		.loc 1 226 3 is_stmt 1 view .LVU118
 304              		.loc 1 226 44 is_stmt 0 view .LVU119
 305 001a 0363     		str	r3, [r0, #48]
 227:./Libraries/src/stm32f4xx_ltdc.c ****   LTDC_InitStruct->LTDC_BackgroundGreenValue = 0x00;          /*!< Initialize the LTDC_BackgroundGr
 306              		.loc 1 227 3 is_stmt 1 view .LVU120
 307              		.loc 1 227 46 is_stmt 0 view .LVU121
 308 001c 4363     		str	r3, [r0, #52]
 228:./Libraries/src/stm32f4xx_ltdc.c ****   LTDC_InitStruct->LTDC_BackgroundBlueValue = 0x00;           /*!< Initialize the LTDC_BackgroundBl
 309              		.loc 1 228 3 is_stmt 1 view .LVU122
 310              		.loc 1 228 45 is_stmt 0 view .LVU123
 311 001e 8363     		str	r3, [r0, #56]
 229:./Libraries/src/stm32f4xx_ltdc.c **** }
 312              		.loc 1 229 1 view .LVU124
 313 0020 7047     		bx	lr
 314              		.cfi_endproc
 315              	.LFE125:
 317              		.section	.text.LTDC_Cmd,"ax",%progbits
 318              		.align	1
 319              		.global	LTDC_Cmd
 320              		.syntax unified
 321              		.thumb
 322              		.thumb_func
 324              	LTDC_Cmd:
 325              	.LVL15:
 326              	.LFB126:
 230:./Libraries/src/stm32f4xx_ltdc.c **** 
 231:./Libraries/src/stm32f4xx_ltdc.c **** /**
 232:./Libraries/src/stm32f4xx_ltdc.c ****   * @brief  Enables or disables the LTDC Controller.
 233:./Libraries/src/stm32f4xx_ltdc.c ****   * @param  NewState: new state of the LTDC peripheral.
 234:./Libraries/src/stm32f4xx_ltdc.c ****   *   This parameter can be: ENABLE or DISABLE.
 235:./Libraries/src/stm32f4xx_ltdc.c ****   * @retval None
 236:./Libraries/src/stm32f4xx_ltdc.c ****   */
 237:./Libraries/src/stm32f4xx_ltdc.c **** 
 238:./Libraries/src/stm32f4xx_ltdc.c **** void LTDC_Cmd(FunctionalState NewState)
 239:./Libraries/src/stm32f4xx_ltdc.c **** {
 327              		.loc 1 239 1 is_stmt 1 view -0
 328              		.cfi_startproc
 329              		@ args = 0, pretend = 0, frame = 0
 330              		@ frame_needed = 0, uses_anonymous_args = 0
 331              		@ link register save eliminated.
 240:./Libraries/src/stm32f4xx_ltdc.c ****   /* Check the parameters */
 241:./Libraries/src/stm32f4xx_ltdc.c ****   assert_param(IS_FUNCTIONAL_STATE(NewState));
 332              		.loc 1 241 3 view .LVU126
 242:./Libraries/src/stm32f4xx_ltdc.c **** 
 243:./Libraries/src/stm32f4xx_ltdc.c ****   if (NewState != DISABLE)
ARM GAS  /tmp/cciVGXQG.s 			page 11


 333              		.loc 1 243 3 view .LVU127
 334              		.loc 1 243 6 is_stmt 0 view .LVU128
 335 0000 28B1     		cbz	r0, .L9
 244:./Libraries/src/stm32f4xx_ltdc.c ****   {
 245:./Libraries/src/stm32f4xx_ltdc.c ****     /* Enable LTDC by setting LTDCEN bit */
 246:./Libraries/src/stm32f4xx_ltdc.c ****     LTDC->GCR |= (uint32_t)LTDC_GCR_LTDCEN;
 336              		.loc 1 246 5 is_stmt 1 view .LVU129
 337              		.loc 1 246 9 is_stmt 0 view .LVU130
 338 0002 064A     		ldr	r2, .L11
 339 0004 9369     		ldr	r3, [r2, #24]
 340              		.loc 1 246 15 view .LVU131
 341 0006 43F00103 		orr	r3, r3, #1
 342 000a 9361     		str	r3, [r2, #24]
 343 000c 7047     		bx	lr
 344              	.L9:
 247:./Libraries/src/stm32f4xx_ltdc.c ****   }
 248:./Libraries/src/stm32f4xx_ltdc.c ****   else
 249:./Libraries/src/stm32f4xx_ltdc.c ****   {
 250:./Libraries/src/stm32f4xx_ltdc.c ****     /* Disable LTDC by clearing LTDCEN bit */
 251:./Libraries/src/stm32f4xx_ltdc.c ****     LTDC->GCR &= ~(uint32_t)LTDC_GCR_LTDCEN;
 345              		.loc 1 251 5 is_stmt 1 view .LVU132
 346              		.loc 1 251 9 is_stmt 0 view .LVU133
 347 000e 034A     		ldr	r2, .L11
 348 0010 9369     		ldr	r3, [r2, #24]
 349              		.loc 1 251 15 view .LVU134
 350 0012 23F00103 		bic	r3, r3, #1
 351 0016 9361     		str	r3, [r2, #24]
 252:./Libraries/src/stm32f4xx_ltdc.c ****   }
 253:./Libraries/src/stm32f4xx_ltdc.c **** }
 352              		.loc 1 253 1 view .LVU135
 353 0018 7047     		bx	lr
 354              	.L12:
 355 001a 00BF     		.align	2
 356              	.L11:
 357 001c 00680140 		.word	1073833984
 358              		.cfi_endproc
 359              	.LFE126:
 361              		.section	.text.LTDC_DitherCmd,"ax",%progbits
 362              		.align	1
 363              		.global	LTDC_DitherCmd
 364              		.syntax unified
 365              		.thumb
 366              		.thumb_func
 368              	LTDC_DitherCmd:
 369              	.LVL16:
 370              	.LFB127:
 254:./Libraries/src/stm32f4xx_ltdc.c **** 
 255:./Libraries/src/stm32f4xx_ltdc.c **** /**
 256:./Libraries/src/stm32f4xx_ltdc.c ****   * @brief  Enables or disables Dither.
 257:./Libraries/src/stm32f4xx_ltdc.c ****   * @param  NewState: new state of the Dither.
 258:./Libraries/src/stm32f4xx_ltdc.c ****   *   This parameter can be: ENABLE or DISABLE.
 259:./Libraries/src/stm32f4xx_ltdc.c ****   * @retval None
 260:./Libraries/src/stm32f4xx_ltdc.c ****   */
 261:./Libraries/src/stm32f4xx_ltdc.c **** 
 262:./Libraries/src/stm32f4xx_ltdc.c **** void LTDC_DitherCmd(FunctionalState NewState)
 263:./Libraries/src/stm32f4xx_ltdc.c **** {
 371              		.loc 1 263 1 is_stmt 1 view -0
ARM GAS  /tmp/cciVGXQG.s 			page 12


 372              		.cfi_startproc
 373              		@ args = 0, pretend = 0, frame = 0
 374              		@ frame_needed = 0, uses_anonymous_args = 0
 375              		@ link register save eliminated.
 264:./Libraries/src/stm32f4xx_ltdc.c ****   /* Check the parameters */
 265:./Libraries/src/stm32f4xx_ltdc.c ****   assert_param(IS_FUNCTIONAL_STATE(NewState));
 376              		.loc 1 265 3 view .LVU137
 266:./Libraries/src/stm32f4xx_ltdc.c **** 
 267:./Libraries/src/stm32f4xx_ltdc.c ****   if (NewState != DISABLE)
 377              		.loc 1 267 3 view .LVU138
 378              		.loc 1 267 6 is_stmt 0 view .LVU139
 379 0000 28B1     		cbz	r0, .L14
 268:./Libraries/src/stm32f4xx_ltdc.c ****   {
 269:./Libraries/src/stm32f4xx_ltdc.c ****     /* Enable Dither by setting DTEN bit */
 270:./Libraries/src/stm32f4xx_ltdc.c ****     LTDC->GCR |= (uint32_t)LTDC_GCR_DTEN;
 380              		.loc 1 270 5 is_stmt 1 view .LVU140
 381              		.loc 1 270 9 is_stmt 0 view .LVU141
 382 0002 064A     		ldr	r2, .L16
 383 0004 9369     		ldr	r3, [r2, #24]
 384              		.loc 1 270 15 view .LVU142
 385 0006 43F48033 		orr	r3, r3, #65536
 386 000a 9361     		str	r3, [r2, #24]
 387 000c 7047     		bx	lr
 388              	.L14:
 271:./Libraries/src/stm32f4xx_ltdc.c ****   }
 272:./Libraries/src/stm32f4xx_ltdc.c ****   else
 273:./Libraries/src/stm32f4xx_ltdc.c ****   {
 274:./Libraries/src/stm32f4xx_ltdc.c ****     /* Disable Dither by clearing DTEN bit */
 275:./Libraries/src/stm32f4xx_ltdc.c ****     LTDC->GCR &= ~(uint32_t)LTDC_GCR_DTEN;
 389              		.loc 1 275 5 is_stmt 1 view .LVU143
 390              		.loc 1 275 9 is_stmt 0 view .LVU144
 391 000e 034A     		ldr	r2, .L16
 392 0010 9369     		ldr	r3, [r2, #24]
 393              		.loc 1 275 15 view .LVU145
 394 0012 23F48033 		bic	r3, r3, #65536
 395 0016 9361     		str	r3, [r2, #24]
 276:./Libraries/src/stm32f4xx_ltdc.c ****   }
 277:./Libraries/src/stm32f4xx_ltdc.c **** }
 396              		.loc 1 277 1 view .LVU146
 397 0018 7047     		bx	lr
 398              	.L17:
 399 001a 00BF     		.align	2
 400              	.L16:
 401 001c 00680140 		.word	1073833984
 402              		.cfi_endproc
 403              	.LFE127:
 405              		.section	.text.LTDC_GetRGBWidth,"ax",%progbits
 406              		.align	1
 407              		.global	LTDC_GetRGBWidth
 408              		.syntax unified
 409              		.thumb
 410              		.thumb_func
 412              	LTDC_GetRGBWidth:
 413              	.LVL17:
 414              	.LFB128:
 278:./Libraries/src/stm32f4xx_ltdc.c **** 
 279:./Libraries/src/stm32f4xx_ltdc.c **** /**
ARM GAS  /tmp/cciVGXQG.s 			page 13


 280:./Libraries/src/stm32f4xx_ltdc.c ****   * @brief  Get the dither RGB width.
 281:./Libraries/src/stm32f4xx_ltdc.c ****   * @param  LTDC_RGB_InitStruct: pointer to a LTDC_RGBTypeDef structure that contains
 282:./Libraries/src/stm32f4xx_ltdc.c ****   *         the Dither RGB width.
 283:./Libraries/src/stm32f4xx_ltdc.c ****   * @retval None
 284:./Libraries/src/stm32f4xx_ltdc.c ****   */
 285:./Libraries/src/stm32f4xx_ltdc.c **** 
 286:./Libraries/src/stm32f4xx_ltdc.c **** LTDC_RGBTypeDef LTDC_GetRGBWidth(void)
 287:./Libraries/src/stm32f4xx_ltdc.c **** {
 415              		.loc 1 287 1 is_stmt 1 view -0
 416              		.cfi_startproc
 417              		@ args = 0, pretend = 0, frame = 0
 418              		@ frame_needed = 0, uses_anonymous_args = 0
 419              		@ link register save eliminated.
 420              		.loc 1 287 1 is_stmt 0 view .LVU148
 421 0000 10B4     		push	{r4}
 422              	.LCFI3:
 423              		.cfi_def_cfa_offset 4
 424              		.cfi_offset 4, -4
 288:./Libraries/src/stm32f4xx_ltdc.c ****   LTDC_RGBTypeDef LTDC_RGB_InitStruct;
 425              		.loc 1 288 3 is_stmt 1 view .LVU149
 289:./Libraries/src/stm32f4xx_ltdc.c **** 
 290:./Libraries/src/stm32f4xx_ltdc.c ****   LTDC->GCR &= (uint32_t)GCR_MASK;
 426              		.loc 1 290 3 view .LVU150
 427              		.loc 1 290 7 is_stmt 0 view .LVU151
 428 0002 0A4A     		ldr	r2, .L20
 429 0004 9469     		ldr	r4, [r2, #24]
 430              		.loc 1 290 13 view .LVU152
 431 0006 0A49     		ldr	r1, .L20+4
 432 0008 2140     		ands	r1, r1, r4
 433 000a 9161     		str	r1, [r2, #24]
 291:./Libraries/src/stm32f4xx_ltdc.c **** 
 292:./Libraries/src/stm32f4xx_ltdc.c ****   LTDC_RGB_InitStruct.LTDC_BlueWidth = (uint32_t)((LTDC->GCR >> 4) & 0x7);
 434              		.loc 1 292 3 is_stmt 1 view .LVU153
 435              		.loc 1 292 56 is_stmt 0 view .LVU154
 436 000c 9169     		ldr	r1, [r2, #24]
 437              		.loc 1 292 40 view .LVU155
 438 000e C1F30211 		ubfx	r1, r1, #4, #3
 439              		.loc 1 292 38 view .LVU156
 440 0012 0160     		str	r1, [r0]
 293:./Libraries/src/stm32f4xx_ltdc.c ****   LTDC_RGB_InitStruct.LTDC_GreenWidth = (uint32_t)((LTDC->GCR >> 8) & 0x7);
 441              		.loc 1 293 3 is_stmt 1 view .LVU157
 442              		.loc 1 293 57 is_stmt 0 view .LVU158
 443 0014 9169     		ldr	r1, [r2, #24]
 444              		.loc 1 293 41 view .LVU159
 445 0016 C1F30221 		ubfx	r1, r1, #8, #3
 446              		.loc 1 293 39 view .LVU160
 447 001a 4160     		str	r1, [r0, #4]
 294:./Libraries/src/stm32f4xx_ltdc.c ****   LTDC_RGB_InitStruct.LTDC_RedWidth = (uint32_t)((LTDC->GCR >> 12) & 0x7);
 448              		.loc 1 294 3 is_stmt 1 view .LVU161
 449              		.loc 1 294 55 is_stmt 0 view .LVU162
 450 001c 9269     		ldr	r2, [r2, #24]
 451              		.loc 1 294 39 view .LVU163
 452 001e C2F30232 		ubfx	r2, r2, #12, #3
 453              		.loc 1 294 37 view .LVU164
 454 0022 8260     		str	r2, [r0, #8]
 295:./Libraries/src/stm32f4xx_ltdc.c **** 
 296:./Libraries/src/stm32f4xx_ltdc.c ****   return LTDC_RGB_InitStruct;
ARM GAS  /tmp/cciVGXQG.s 			page 14


 455              		.loc 1 296 3 is_stmt 1 view .LVU165
 297:./Libraries/src/stm32f4xx_ltdc.c **** }
 456              		.loc 1 297 1 is_stmt 0 view .LVU166
 457 0024 5DF8044B 		ldr	r4, [sp], #4
 458              	.LCFI4:
 459              		.cfi_restore 4
 460              		.cfi_def_cfa_offset 0
 461 0028 7047     		bx	lr
 462              	.L21:
 463 002a 00BF     		.align	2
 464              	.L20:
 465 002c 00680140 		.word	1073833984
 466 0030 8F88FE0F 		.word	268339343
 467              		.cfi_endproc
 468              	.LFE128:
 470              		.section	.text.LTDC_RGBStructInit,"ax",%progbits
 471              		.align	1
 472              		.global	LTDC_RGBStructInit
 473              		.syntax unified
 474              		.thumb
 475              		.thumb_func
 477              	LTDC_RGBStructInit:
 478              	.LVL18:
 479              	.LFB129:
 298:./Libraries/src/stm32f4xx_ltdc.c **** 
 299:./Libraries/src/stm32f4xx_ltdc.c **** /**
 300:./Libraries/src/stm32f4xx_ltdc.c ****   * @brief  Fills each LTDC_RGBStruct member with its default value.
 301:./Libraries/src/stm32f4xx_ltdc.c ****   * @param  LTDC_RGB_InitStruct: pointer to a LTDC_RGBTypeDef structure which will
 302:./Libraries/src/stm32f4xx_ltdc.c ****   *         be initialized.
 303:./Libraries/src/stm32f4xx_ltdc.c ****   * @retval None
 304:./Libraries/src/stm32f4xx_ltdc.c ****   */
 305:./Libraries/src/stm32f4xx_ltdc.c **** 
 306:./Libraries/src/stm32f4xx_ltdc.c **** void LTDC_RGBStructInit(LTDC_RGBTypeDef* LTDC_RGB_InitStruct)
 307:./Libraries/src/stm32f4xx_ltdc.c **** {
 480              		.loc 1 307 1 is_stmt 1 view -0
 481              		.cfi_startproc
 482              		@ args = 0, pretend = 0, frame = 0
 483              		@ frame_needed = 0, uses_anonymous_args = 0
 484              		@ link register save eliminated.
 308:./Libraries/src/stm32f4xx_ltdc.c ****   LTDC_RGB_InitStruct->LTDC_BlueWidth = 0x02;
 485              		.loc 1 308 3 view .LVU168
 486              		.loc 1 308 39 is_stmt 0 view .LVU169
 487 0000 0223     		movs	r3, #2
 488 0002 0360     		str	r3, [r0]
 309:./Libraries/src/stm32f4xx_ltdc.c ****   LTDC_RGB_InitStruct->LTDC_GreenWidth = 0x02;
 489              		.loc 1 309 3 is_stmt 1 view .LVU170
 490              		.loc 1 309 40 is_stmt 0 view .LVU171
 491 0004 4360     		str	r3, [r0, #4]
 310:./Libraries/src/stm32f4xx_ltdc.c ****   LTDC_RGB_InitStruct->LTDC_RedWidth = 0x02;
 492              		.loc 1 310 3 is_stmt 1 view .LVU172
 493              		.loc 1 310 38 is_stmt 0 view .LVU173
 494 0006 8360     		str	r3, [r0, #8]
 311:./Libraries/src/stm32f4xx_ltdc.c **** }
 495              		.loc 1 311 1 view .LVU174
 496 0008 7047     		bx	lr
 497              		.cfi_endproc
 498              	.LFE129:
ARM GAS  /tmp/cciVGXQG.s 			page 15


 500              		.section	.text.LTDC_LIPConfig,"ax",%progbits
 501              		.align	1
 502              		.global	LTDC_LIPConfig
 503              		.syntax unified
 504              		.thumb
 505              		.thumb_func
 507              	LTDC_LIPConfig:
 508              	.LVL19:
 509              	.LFB130:
 312:./Libraries/src/stm32f4xx_ltdc.c **** 
 313:./Libraries/src/stm32f4xx_ltdc.c **** 
 314:./Libraries/src/stm32f4xx_ltdc.c **** /**
 315:./Libraries/src/stm32f4xx_ltdc.c ****   * @brief  Define the position of the line interrupt .
 316:./Libraries/src/stm32f4xx_ltdc.c ****   * @param  LTDC_LIPositionConfig: Line Interrupt Position.
 317:./Libraries/src/stm32f4xx_ltdc.c ****   * @retval None
 318:./Libraries/src/stm32f4xx_ltdc.c ****   */
 319:./Libraries/src/stm32f4xx_ltdc.c **** 
 320:./Libraries/src/stm32f4xx_ltdc.c **** void LTDC_LIPConfig(uint32_t LTDC_LIPositionConfig)
 321:./Libraries/src/stm32f4xx_ltdc.c **** {
 510              		.loc 1 321 1 is_stmt 1 view -0
 511              		.cfi_startproc
 512              		@ args = 0, pretend = 0, frame = 0
 513              		@ frame_needed = 0, uses_anonymous_args = 0
 514              		@ link register save eliminated.
 322:./Libraries/src/stm32f4xx_ltdc.c ****   /* Check the parameters */
 323:./Libraries/src/stm32f4xx_ltdc.c ****   assert_param(IS_LTDC_LIPOS(LTDC_LIPositionConfig));
 515              		.loc 1 323 3 view .LVU176
 324:./Libraries/src/stm32f4xx_ltdc.c **** 
 325:./Libraries/src/stm32f4xx_ltdc.c ****   /* Sets the Line Interrupt position */
 326:./Libraries/src/stm32f4xx_ltdc.c ****   LTDC->LIPCR = (uint32_t)LTDC_LIPositionConfig;
 516              		.loc 1 326 3 view .LVU177
 517              		.loc 1 326 15 is_stmt 0 view .LVU178
 518 0000 014B     		ldr	r3, .L24
 519 0002 1864     		str	r0, [r3, #64]
 327:./Libraries/src/stm32f4xx_ltdc.c **** }
 520              		.loc 1 327 1 view .LVU179
 521 0004 7047     		bx	lr
 522              	.L25:
 523 0006 00BF     		.align	2
 524              	.L24:
 525 0008 00680140 		.word	1073833984
 526              		.cfi_endproc
 527              	.LFE130:
 529              		.section	.text.LTDC_ReloadConfig,"ax",%progbits
 530              		.align	1
 531              		.global	LTDC_ReloadConfig
 532              		.syntax unified
 533              		.thumb
 534              		.thumb_func
 536              	LTDC_ReloadConfig:
 537              	.LVL20:
 538              	.LFB131:
 328:./Libraries/src/stm32f4xx_ltdc.c **** 
 329:./Libraries/src/stm32f4xx_ltdc.c **** /**
 330:./Libraries/src/stm32f4xx_ltdc.c ****   * @brief  reload layers registers with new parameters 
 331:./Libraries/src/stm32f4xx_ltdc.c ****   * @param  LTDC_Reload: specifies the type of reload.
 332:./Libraries/src/stm32f4xx_ltdc.c ****   *   This parameter can be one of the following values:
ARM GAS  /tmp/cciVGXQG.s 			page 16


 333:./Libraries/src/stm32f4xx_ltdc.c ****   *     @arg LTDC_IMReload: Vertical blanking reload.
 334:./Libraries/src/stm32f4xx_ltdc.c ****   *     @arg LTDC_VBReload: Immediate reload.  
 335:./Libraries/src/stm32f4xx_ltdc.c ****   * @retval None
 336:./Libraries/src/stm32f4xx_ltdc.c ****   */
 337:./Libraries/src/stm32f4xx_ltdc.c **** 
 338:./Libraries/src/stm32f4xx_ltdc.c **** void LTDC_ReloadConfig(uint32_t LTDC_Reload)
 339:./Libraries/src/stm32f4xx_ltdc.c **** {
 539              		.loc 1 339 1 is_stmt 1 view -0
 540              		.cfi_startproc
 541              		@ args = 0, pretend = 0, frame = 0
 542              		@ frame_needed = 0, uses_anonymous_args = 0
 543              		@ link register save eliminated.
 340:./Libraries/src/stm32f4xx_ltdc.c ****   /* Check the parameters */
 341:./Libraries/src/stm32f4xx_ltdc.c ****   assert_param(IS_LTDC_RELOAD(LTDC_Reload));
 544              		.loc 1 341 3 view .LVU181
 342:./Libraries/src/stm32f4xx_ltdc.c **** 
 343:./Libraries/src/stm32f4xx_ltdc.c ****   /* Sets the Reload type */
 344:./Libraries/src/stm32f4xx_ltdc.c ****   LTDC->SRCR = (uint32_t)LTDC_Reload;
 545              		.loc 1 344 3 view .LVU182
 546              		.loc 1 344 14 is_stmt 0 view .LVU183
 547 0000 014B     		ldr	r3, .L27
 548 0002 5862     		str	r0, [r3, #36]
 345:./Libraries/src/stm32f4xx_ltdc.c **** }
 549              		.loc 1 345 1 view .LVU184
 550 0004 7047     		bx	lr
 551              	.L28:
 552 0006 00BF     		.align	2
 553              	.L27:
 554 0008 00680140 		.word	1073833984
 555              		.cfi_endproc
 556              	.LFE131:
 558              		.section	.text.LTDC_LayerInit,"ax",%progbits
 559              		.align	1
 560              		.global	LTDC_LayerInit
 561              		.syntax unified
 562              		.thumb
 563              		.thumb_func
 565              	LTDC_LayerInit:
 566              	.LVL21:
 567              	.LFB132:
 346:./Libraries/src/stm32f4xx_ltdc.c **** 
 347:./Libraries/src/stm32f4xx_ltdc.c **** 
 348:./Libraries/src/stm32f4xx_ltdc.c **** /**
 349:./Libraries/src/stm32f4xx_ltdc.c ****   * @brief  Initializes the LTDC Layer according to the specified parameters
 350:./Libraries/src/stm32f4xx_ltdc.c ****   *         in the LTDC_LayerStruct.
 351:./Libraries/src/stm32f4xx_ltdc.c ****   * @note   This function can be used only when the LTDC is disabled.
 352:./Libraries/src/stm32f4xx_ltdc.c ****   * @param  LTDC_layerx: Select the layer to be configured, this parameter can be 
 353:./Libraries/src/stm32f4xx_ltdc.c ****   *         one of the following values: LTDC_Layer1, LTDC_Layer2    
 354:./Libraries/src/stm32f4xx_ltdc.c ****   * @param  LTDC_LayerStruct: pointer to a LTDC_LayerTypeDef structure that contains
 355:./Libraries/src/stm32f4xx_ltdc.c ****   *         the configuration information for the specified LTDC peripheral.
 356:./Libraries/src/stm32f4xx_ltdc.c ****   * @retval None
 357:./Libraries/src/stm32f4xx_ltdc.c ****   */
 358:./Libraries/src/stm32f4xx_ltdc.c **** 
 359:./Libraries/src/stm32f4xx_ltdc.c **** void LTDC_LayerInit(LTDC_Layer_TypeDef* LTDC_Layerx, LTDC_Layer_InitTypeDef* LTDC_Layer_InitStruct)
 360:./Libraries/src/stm32f4xx_ltdc.c **** {
 568              		.loc 1 360 1 is_stmt 1 view -0
 569              		.cfi_startproc
ARM GAS  /tmp/cciVGXQG.s 			page 17


 570              		@ args = 0, pretend = 0, frame = 0
 571              		@ frame_needed = 0, uses_anonymous_args = 0
 572              		@ link register save eliminated.
 573              		.loc 1 360 1 is_stmt 0 view .LVU186
 574 0000 70B4     		push	{r4, r5, r6}
 575              	.LCFI5:
 576              		.cfi_def_cfa_offset 12
 577              		.cfi_offset 4, -12
 578              		.cfi_offset 5, -8
 579              		.cfi_offset 6, -4
 361:./Libraries/src/stm32f4xx_ltdc.c **** 
 362:./Libraries/src/stm32f4xx_ltdc.c ****   uint32_t whsppos = 0;
 580              		.loc 1 362 3 is_stmt 1 view .LVU187
 581              	.LVL22:
 363:./Libraries/src/stm32f4xx_ltdc.c ****   uint32_t wvsppos = 0;
 582              		.loc 1 363 3 view .LVU188
 364:./Libraries/src/stm32f4xx_ltdc.c ****   uint32_t dcgreen = 0;
 583              		.loc 1 364 3 view .LVU189
 365:./Libraries/src/stm32f4xx_ltdc.c ****   uint32_t dcred = 0;
 584              		.loc 1 365 3 view .LVU190
 366:./Libraries/src/stm32f4xx_ltdc.c ****   uint32_t dcalpha = 0;
 585              		.loc 1 366 3 view .LVU191
 367:./Libraries/src/stm32f4xx_ltdc.c ****   uint32_t cfbp = 0;
 586              		.loc 1 367 3 view .LVU192
 368:./Libraries/src/stm32f4xx_ltdc.c **** 
 369:./Libraries/src/stm32f4xx_ltdc.c **** /* Check the parameters */
 370:./Libraries/src/stm32f4xx_ltdc.c ****   assert_param(IS_LTDC_Pixelformat(LTDC_Layer_InitStruct->LTDC_PixelFormat));
 587              		.loc 1 370 3 view .LVU193
 371:./Libraries/src/stm32f4xx_ltdc.c ****   assert_param(IS_LTDC_BlendingFactor1(LTDC_Layer_InitStruct->LTDC_BlendingFactor_1));
 588              		.loc 1 371 3 view .LVU194
 372:./Libraries/src/stm32f4xx_ltdc.c ****   assert_param(IS_LTDC_BlendingFactor2(LTDC_Layer_InitStruct->LTDC_BlendingFactor_2));
 589              		.loc 1 372 3 view .LVU195
 373:./Libraries/src/stm32f4xx_ltdc.c ****   assert_param(IS_LTDC_HCONFIGST(LTDC_Layer_InitStruct->LTDC_HorizontalStart));
 590              		.loc 1 373 3 view .LVU196
 374:./Libraries/src/stm32f4xx_ltdc.c ****   assert_param(IS_LTDC_HCONFIGSP(LTDC_Layer_InitStruct->LTDC_HorizontalStop));
 591              		.loc 1 374 3 view .LVU197
 375:./Libraries/src/stm32f4xx_ltdc.c ****   assert_param(IS_LTDC_VCONFIGST(LTDC_Layer_InitStruct->LTDC_VerticalStart));
 592              		.loc 1 375 3 view .LVU198
 376:./Libraries/src/stm32f4xx_ltdc.c ****   assert_param(IS_LTDC_VCONFIGSP(LTDC_Layer_InitStruct->LTDC_VerticalStop));  
 593              		.loc 1 376 3 view .LVU199
 377:./Libraries/src/stm32f4xx_ltdc.c ****   assert_param(IS_LTDC_DEFAULTCOLOR(LTDC_Layer_InitStruct->LTDC_DefaultColorBlue));
 594              		.loc 1 377 3 view .LVU200
 378:./Libraries/src/stm32f4xx_ltdc.c ****   assert_param(IS_LTDC_DEFAULTCOLOR(LTDC_Layer_InitStruct->LTDC_DefaultColorGreen));
 595              		.loc 1 378 3 view .LVU201
 379:./Libraries/src/stm32f4xx_ltdc.c ****   assert_param(IS_LTDC_DEFAULTCOLOR(LTDC_Layer_InitStruct->LTDC_DefaultColorRed));
 596              		.loc 1 379 3 view .LVU202
 380:./Libraries/src/stm32f4xx_ltdc.c ****   assert_param(IS_LTDC_DEFAULTCOLOR(LTDC_Layer_InitStruct->LTDC_DefaultColorAlpha));
 597              		.loc 1 380 3 view .LVU203
 381:./Libraries/src/stm32f4xx_ltdc.c ****   assert_param(IS_LTDC_CFBP(LTDC_Layer_InitStruct->LTDC_CFBPitch));
 598              		.loc 1 381 3 view .LVU204
 382:./Libraries/src/stm32f4xx_ltdc.c ****   assert_param(IS_LTDC_CFBLL(LTDC_Layer_InitStruct->LTDC_CFBLineLength));
 599              		.loc 1 382 3 view .LVU205
 383:./Libraries/src/stm32f4xx_ltdc.c ****   assert_param(IS_LTDC_CFBLNBR(LTDC_Layer_InitStruct->LTDC_CFBLineNumber));
 600              		.loc 1 383 3 view .LVU206
 384:./Libraries/src/stm32f4xx_ltdc.c **** 
 385:./Libraries/src/stm32f4xx_ltdc.c ****   /* Configures the horizontal start and stop position */
 386:./Libraries/src/stm32f4xx_ltdc.c ****   whsppos = LTDC_Layer_InitStruct->LTDC_HorizontalStop << 16;
ARM GAS  /tmp/cciVGXQG.s 			page 18


 601              		.loc 1 386 3 view .LVU207
 602              		.loc 1 386 34 is_stmt 0 view .LVU208
 603 0002 4A68     		ldr	r2, [r1, #4]
 604              	.LVL23:
 387:./Libraries/src/stm32f4xx_ltdc.c ****   LTDC_Layerx->WHPCR &= ~(LTDC_LxWHPCR_WHSTPOS | LTDC_LxWHPCR_WHSPPOS);
 605              		.loc 1 387 3 is_stmt 1 view .LVU209
 606              		.loc 1 387 14 is_stmt 0 view .LVU210
 607 0004 4368     		ldr	r3, [r0, #4]
 608              		.loc 1 387 22 view .LVU211
 609 0006 03F47043 		and	r3, r3, #61440
 610 000a 4360     		str	r3, [r0, #4]
 388:./Libraries/src/stm32f4xx_ltdc.c ****   LTDC_Layerx->WHPCR = (LTDC_Layer_InitStruct->LTDC_HorizontalStart | whsppos);
 611              		.loc 1 388 3 is_stmt 1 view .LVU212
 612              		.loc 1 388 46 is_stmt 0 view .LVU213
 613 000c 0B68     		ldr	r3, [r1]
 614              		.loc 1 388 69 view .LVU214
 615 000e 43EA0243 		orr	r3, r3, r2, lsl #16
 616              		.loc 1 388 22 view .LVU215
 617 0012 4360     		str	r3, [r0, #4]
 389:./Libraries/src/stm32f4xx_ltdc.c **** 
 390:./Libraries/src/stm32f4xx_ltdc.c ****   /* Configures the vertical start and stop position */
 391:./Libraries/src/stm32f4xx_ltdc.c ****   wvsppos = LTDC_Layer_InitStruct->LTDC_VerticalStop << 16;
 618              		.loc 1 391 3 is_stmt 1 view .LVU216
 619              		.loc 1 391 34 is_stmt 0 view .LVU217
 620 0014 CA68     		ldr	r2, [r1, #12]
 621              	.LVL24:
 392:./Libraries/src/stm32f4xx_ltdc.c ****   LTDC_Layerx->WVPCR &= ~(LTDC_LxWVPCR_WVSTPOS | LTDC_LxWVPCR_WVSPPOS);
 622              		.loc 1 392 3 is_stmt 1 view .LVU218
 623              		.loc 1 392 14 is_stmt 0 view .LVU219
 624 0016 8368     		ldr	r3, [r0, #8]
 625              		.loc 1 392 22 view .LVU220
 626 0018 03F47043 		and	r3, r3, #61440
 627 001c 8360     		str	r3, [r0, #8]
 393:./Libraries/src/stm32f4xx_ltdc.c ****   LTDC_Layerx->WVPCR  = (LTDC_Layer_InitStruct->LTDC_VerticalStart | wvsppos);
 628              		.loc 1 393 3 is_stmt 1 view .LVU221
 629              		.loc 1 393 47 is_stmt 0 view .LVU222
 630 001e 8B68     		ldr	r3, [r1, #8]
 631              		.loc 1 393 68 view .LVU223
 632 0020 43EA0243 		orr	r3, r3, r2, lsl #16
 633              		.loc 1 393 23 view .LVU224
 634 0024 8360     		str	r3, [r0, #8]
 394:./Libraries/src/stm32f4xx_ltdc.c **** 
 395:./Libraries/src/stm32f4xx_ltdc.c ****   /* Specifies the pixel format */
 396:./Libraries/src/stm32f4xx_ltdc.c ****   LTDC_Layerx->PFCR &= ~(LTDC_LxPFCR_PF);
 635              		.loc 1 396 3 is_stmt 1 view .LVU225
 636              		.loc 1 396 14 is_stmt 0 view .LVU226
 637 0026 0369     		ldr	r3, [r0, #16]
 638              		.loc 1 396 21 view .LVU227
 639 0028 23F00703 		bic	r3, r3, #7
 640 002c 0361     		str	r3, [r0, #16]
 397:./Libraries/src/stm32f4xx_ltdc.c ****   LTDC_Layerx->PFCR = (LTDC_Layer_InitStruct->LTDC_PixelFormat);
 641              		.loc 1 397 3 is_stmt 1 view .LVU228
 642              		.loc 1 397 45 is_stmt 0 view .LVU229
 643 002e 0B69     		ldr	r3, [r1, #16]
 644              		.loc 1 397 21 view .LVU230
 645 0030 0361     		str	r3, [r0, #16]
 398:./Libraries/src/stm32f4xx_ltdc.c **** 
ARM GAS  /tmp/cciVGXQG.s 			page 19


 399:./Libraries/src/stm32f4xx_ltdc.c ****   /* Configures the default color values */
 400:./Libraries/src/stm32f4xx_ltdc.c ****   dcgreen = (LTDC_Layer_InitStruct->LTDC_DefaultColorGreen << 8);
 646              		.loc 1 400 3 is_stmt 1 view .LVU231
 647              		.loc 1 400 35 is_stmt 0 view .LVU232
 648 0032 CE69     		ldr	r6, [r1, #28]
 649              	.LVL25:
 401:./Libraries/src/stm32f4xx_ltdc.c ****   dcred = (LTDC_Layer_InitStruct->LTDC_DefaultColorRed << 16);
 650              		.loc 1 401 3 is_stmt 1 view .LVU233
 651              		.loc 1 401 33 is_stmt 0 view .LVU234
 652 0034 0D6A     		ldr	r5, [r1, #32]
 653              	.LVL26:
 402:./Libraries/src/stm32f4xx_ltdc.c ****   dcalpha = (LTDC_Layer_InitStruct->LTDC_DefaultColorAlpha << 24);
 654              		.loc 1 402 3 is_stmt 1 view .LVU235
 655              		.loc 1 402 35 is_stmt 0 view .LVU236
 656 0036 4C6A     		ldr	r4, [r1, #36]
 657              	.LVL27:
 403:./Libraries/src/stm32f4xx_ltdc.c ****   LTDC_Layerx->DCCR &=  ~(LTDC_LxDCCR_DCBLUE | LTDC_LxDCCR_DCGREEN | LTDC_LxDCCR_DCRED | LTDC_LxDCC
 658              		.loc 1 403 3 is_stmt 1 view .LVU237
 659              		.loc 1 403 14 is_stmt 0 view .LVU238
 660 0038 8369     		ldr	r3, [r0, #24]
 661              		.loc 1 403 21 view .LVU239
 662 003a 0022     		movs	r2, #0
 663              	.LVL28:
 664              		.loc 1 403 21 view .LVU240
 665 003c 8261     		str	r2, [r0, #24]
 404:./Libraries/src/stm32f4xx_ltdc.c ****   LTDC_Layerx->DCCR = (LTDC_Layer_InitStruct->LTDC_DefaultColorBlue | dcgreen | \
 666              		.loc 1 404 3 is_stmt 1 view .LVU241
 667              		.loc 1 404 45 is_stmt 0 view .LVU242
 668 003e 8B69     		ldr	r3, [r1, #24]
 669              		.loc 1 404 69 view .LVU243
 670 0040 43EA0623 		orr	r3, r3, r6, lsl #8
 671              		.loc 1 404 79 view .LVU244
 672 0044 43EA0543 		orr	r3, r3, r5, lsl #16
 405:./Libraries/src/stm32f4xx_ltdc.c ****                         dcred | dcalpha);
 673              		.loc 1 405 31 view .LVU245
 674 0048 43EA0463 		orr	r3, r3, r4, lsl #24
 404:./Libraries/src/stm32f4xx_ltdc.c ****   LTDC_Layerx->DCCR = (LTDC_Layer_InitStruct->LTDC_DefaultColorBlue | dcgreen | \
 675              		.loc 1 404 21 view .LVU246
 676 004c 8361     		str	r3, [r0, #24]
 406:./Libraries/src/stm32f4xx_ltdc.c **** 
 407:./Libraries/src/stm32f4xx_ltdc.c ****   /* Specifies the constant alpha value */      
 408:./Libraries/src/stm32f4xx_ltdc.c ****   LTDC_Layerx->CACR &= ~(LTDC_LxCACR_CONSTA);
 677              		.loc 1 408 3 is_stmt 1 view .LVU247
 678              		.loc 1 408 14 is_stmt 0 view .LVU248
 679 004e 4369     		ldr	r3, [r0, #20]
 680              		.loc 1 408 21 view .LVU249
 681 0050 23F0FF03 		bic	r3, r3, #255
 682 0054 4361     		str	r3, [r0, #20]
 409:./Libraries/src/stm32f4xx_ltdc.c ****   LTDC_Layerx->CACR = (LTDC_Layer_InitStruct->LTDC_ConstantAlpha);
 683              		.loc 1 409 3 is_stmt 1 view .LVU250
 684              		.loc 1 409 45 is_stmt 0 view .LVU251
 685 0056 4B69     		ldr	r3, [r1, #20]
 686              		.loc 1 409 21 view .LVU252
 687 0058 4361     		str	r3, [r0, #20]
 410:./Libraries/src/stm32f4xx_ltdc.c **** 
 411:./Libraries/src/stm32f4xx_ltdc.c ****   /* Specifies the blending factors */
 412:./Libraries/src/stm32f4xx_ltdc.c ****   LTDC_Layerx->BFCR &= ~(LTDC_LxBFCR_BF2 | LTDC_LxBFCR_BF1);
ARM GAS  /tmp/cciVGXQG.s 			page 20


 688              		.loc 1 412 3 is_stmt 1 view .LVU253
 689              		.loc 1 412 14 is_stmt 0 view .LVU254
 690 005a C369     		ldr	r3, [r0, #28]
 691              		.loc 1 412 21 view .LVU255
 692 005c 23F4E063 		bic	r3, r3, #1792
 693 0060 23F00703 		bic	r3, r3, #7
 694 0064 C361     		str	r3, [r0, #28]
 413:./Libraries/src/stm32f4xx_ltdc.c ****   LTDC_Layerx->BFCR = (LTDC_Layer_InitStruct->LTDC_BlendingFactor_1 | LTDC_Layer_InitStruct->LTDC_B
 695              		.loc 1 413 3 is_stmt 1 view .LVU256
 696              		.loc 1 413 45 is_stmt 0 view .LVU257
 697 0066 8B6A     		ldr	r3, [r1, #40]
 698              		.loc 1 413 69 view .LVU258
 699 0068 CC6A     		ldr	r4, [r1, #44]
 700              	.LVL29:
 701              		.loc 1 413 69 view .LVU259
 702 006a 2343     		orrs	r3, r3, r4
 703              		.loc 1 413 21 view .LVU260
 704 006c C361     		str	r3, [r0, #28]
 414:./Libraries/src/stm32f4xx_ltdc.c **** 
 415:./Libraries/src/stm32f4xx_ltdc.c ****   /* Configures the color frame buffer start address */
 416:./Libraries/src/stm32f4xx_ltdc.c ****   LTDC_Layerx->CFBAR &= ~(LTDC_LxCFBAR_CFBADD);
 705              		.loc 1 416 3 is_stmt 1 view .LVU261
 706              		.loc 1 416 14 is_stmt 0 view .LVU262
 707 006e 836A     		ldr	r3, [r0, #40]
 708              		.loc 1 416 22 view .LVU263
 709 0070 8262     		str	r2, [r0, #40]
 417:./Libraries/src/stm32f4xx_ltdc.c ****   LTDC_Layerx->CFBAR = (LTDC_Layer_InitStruct->LTDC_CFBStartAdress);
 710              		.loc 1 417 3 is_stmt 1 view .LVU264
 711              		.loc 1 417 46 is_stmt 0 view .LVU265
 712 0072 0B6B     		ldr	r3, [r1, #48]
 713              		.loc 1 417 22 view .LVU266
 714 0074 8362     		str	r3, [r0, #40]
 418:./Libraries/src/stm32f4xx_ltdc.c **** 
 419:./Libraries/src/stm32f4xx_ltdc.c ****   /* Configures the color frame buffer pitch in byte */
 420:./Libraries/src/stm32f4xx_ltdc.c ****   cfbp = (LTDC_Layer_InitStruct->LTDC_CFBPitch << 16);
 715              		.loc 1 420 3 is_stmt 1 view .LVU267
 716              		.loc 1 420 32 is_stmt 0 view .LVU268
 717 0076 8A6B     		ldr	r2, [r1, #56]
 718              	.LVL30:
 421:./Libraries/src/stm32f4xx_ltdc.c ****   LTDC_Layerx->CFBLR  &= ~(LTDC_LxCFBLR_CFBLL | LTDC_LxCFBLR_CFBP);
 719              		.loc 1 421 3 is_stmt 1 view .LVU269
 720              		.loc 1 421 14 is_stmt 0 view .LVU270
 721 0078 C36A     		ldr	r3, [r0, #44]
 722              		.loc 1 421 23 view .LVU271
 723 007a 03F0E023 		and	r3, r3, #-536813568
 724 007e C362     		str	r3, [r0, #44]
 422:./Libraries/src/stm32f4xx_ltdc.c ****   LTDC_Layerx->CFBLR  = (LTDC_Layer_InitStruct->LTDC_CFBLineLength | cfbp);
 725              		.loc 1 422 3 is_stmt 1 view .LVU272
 726              		.loc 1 422 47 is_stmt 0 view .LVU273
 727 0080 4B6B     		ldr	r3, [r1, #52]
 728              		.loc 1 422 68 view .LVU274
 729 0082 43EA0243 		orr	r3, r3, r2, lsl #16
 730              		.loc 1 422 23 view .LVU275
 731 0086 C362     		str	r3, [r0, #44]
 423:./Libraries/src/stm32f4xx_ltdc.c **** 
 424:./Libraries/src/stm32f4xx_ltdc.c ****   /* Configures the frame buffer line number */
 425:./Libraries/src/stm32f4xx_ltdc.c ****   LTDC_Layerx->CFBLNR  &= ~(LTDC_LxCFBLNR_CFBLNBR);
ARM GAS  /tmp/cciVGXQG.s 			page 21


 732              		.loc 1 425 3 is_stmt 1 view .LVU276
 733              		.loc 1 425 14 is_stmt 0 view .LVU277
 734 0088 036B     		ldr	r3, [r0, #48]
 735              		.loc 1 425 24 view .LVU278
 736 008a 6FF30A03 		bfc	r3, #0, #11
 737 008e 0363     		str	r3, [r0, #48]
 426:./Libraries/src/stm32f4xx_ltdc.c ****   LTDC_Layerx->CFBLNR  = (LTDC_Layer_InitStruct->LTDC_CFBLineNumber);
 738              		.loc 1 426 3 is_stmt 1 view .LVU279
 739              		.loc 1 426 48 is_stmt 0 view .LVU280
 740 0090 CB6B     		ldr	r3, [r1, #60]
 741              		.loc 1 426 24 view .LVU281
 742 0092 0363     		str	r3, [r0, #48]
 427:./Libraries/src/stm32f4xx_ltdc.c **** 
 428:./Libraries/src/stm32f4xx_ltdc.c **** }
 743              		.loc 1 428 1 view .LVU282
 744 0094 70BC     		pop	{r4, r5, r6}
 745              	.LCFI6:
 746              		.cfi_restore 6
 747              		.cfi_restore 5
 748              		.cfi_restore 4
 749              		.cfi_def_cfa_offset 0
 750              	.LVL31:
 751              		.loc 1 428 1 view .LVU283
 752 0096 7047     		bx	lr
 753              		.cfi_endproc
 754              	.LFE132:
 756              		.section	.text.LTDC_LayerStructInit,"ax",%progbits
 757              		.align	1
 758              		.global	LTDC_LayerStructInit
 759              		.syntax unified
 760              		.thumb
 761              		.thumb_func
 763              	LTDC_LayerStructInit:
 764              	.LVL32:
 765              	.LFB133:
 429:./Libraries/src/stm32f4xx_ltdc.c **** 
 430:./Libraries/src/stm32f4xx_ltdc.c **** /**
 431:./Libraries/src/stm32f4xx_ltdc.c ****   * @brief  Fills each LTDC_Layer_InitStruct member with its default value.
 432:./Libraries/src/stm32f4xx_ltdc.c ****   * @param  LTDC_Layer_InitStruct: pointer to a LTDC_LayerTypeDef structure which will
 433:./Libraries/src/stm32f4xx_ltdc.c ****   *         be initialized.
 434:./Libraries/src/stm32f4xx_ltdc.c ****   * @retval None
 435:./Libraries/src/stm32f4xx_ltdc.c ****   */
 436:./Libraries/src/stm32f4xx_ltdc.c **** 
 437:./Libraries/src/stm32f4xx_ltdc.c **** void LTDC_LayerStructInit(LTDC_Layer_InitTypeDef * LTDC_Layer_InitStruct)
 438:./Libraries/src/stm32f4xx_ltdc.c **** {
 766              		.loc 1 438 1 is_stmt 1 view -0
 767              		.cfi_startproc
 768              		@ args = 0, pretend = 0, frame = 0
 769              		@ frame_needed = 0, uses_anonymous_args = 0
 770              		@ link register save eliminated.
 439:./Libraries/src/stm32f4xx_ltdc.c ****   /*--------------- Reset Layer structure parameters values -------------------*/
 440:./Libraries/src/stm32f4xx_ltdc.c **** 
 441:./Libraries/src/stm32f4xx_ltdc.c ****   /*!< Initialize the horizontal limit member */
 442:./Libraries/src/stm32f4xx_ltdc.c ****   LTDC_Layer_InitStruct->LTDC_HorizontalStart = 0x00;
 771              		.loc 1 442 3 view .LVU285
 772              		.loc 1 442 47 is_stmt 0 view .LVU286
 773 0000 0023     		movs	r3, #0
ARM GAS  /tmp/cciVGXQG.s 			page 22


 774 0002 0360     		str	r3, [r0]
 443:./Libraries/src/stm32f4xx_ltdc.c ****   LTDC_Layer_InitStruct->LTDC_HorizontalStop = 0x00;
 775              		.loc 1 443 3 is_stmt 1 view .LVU287
 776              		.loc 1 443 46 is_stmt 0 view .LVU288
 777 0004 4360     		str	r3, [r0, #4]
 444:./Libraries/src/stm32f4xx_ltdc.c **** 
 445:./Libraries/src/stm32f4xx_ltdc.c ****   /*!< Initialize the vertical limit member */
 446:./Libraries/src/stm32f4xx_ltdc.c ****   LTDC_Layer_InitStruct->LTDC_VerticalStart = 0x00;
 778              		.loc 1 446 3 is_stmt 1 view .LVU289
 779              		.loc 1 446 45 is_stmt 0 view .LVU290
 780 0006 8360     		str	r3, [r0, #8]
 447:./Libraries/src/stm32f4xx_ltdc.c ****   LTDC_Layer_InitStruct->LTDC_VerticalStop = 0x00;
 781              		.loc 1 447 3 is_stmt 1 view .LVU291
 782              		.loc 1 447 44 is_stmt 0 view .LVU292
 783 0008 C360     		str	r3, [r0, #12]
 448:./Libraries/src/stm32f4xx_ltdc.c **** 
 449:./Libraries/src/stm32f4xx_ltdc.c ****   /*!< Initialize the pixel format member */
 450:./Libraries/src/stm32f4xx_ltdc.c ****   LTDC_Layer_InitStruct->LTDC_PixelFormat = LTDC_Pixelformat_ARGB8888;
 784              		.loc 1 450 3 is_stmt 1 view .LVU293
 785              		.loc 1 450 43 is_stmt 0 view .LVU294
 786 000a 0361     		str	r3, [r0, #16]
 451:./Libraries/src/stm32f4xx_ltdc.c **** 
 452:./Libraries/src/stm32f4xx_ltdc.c ****   /*!< Initialize the constant alpha value */
 453:./Libraries/src/stm32f4xx_ltdc.c ****   LTDC_Layer_InitStruct->LTDC_ConstantAlpha = 0xFF;
 787              		.loc 1 453 3 is_stmt 1 view .LVU295
 788              		.loc 1 453 45 is_stmt 0 view .LVU296
 789 000c FF22     		movs	r2, #255
 790 000e 4261     		str	r2, [r0, #20]
 454:./Libraries/src/stm32f4xx_ltdc.c **** 
 455:./Libraries/src/stm32f4xx_ltdc.c ****   /*!< Initialize the default color values */
 456:./Libraries/src/stm32f4xx_ltdc.c ****   LTDC_Layer_InitStruct->LTDC_DefaultColorBlue = 0x00;
 791              		.loc 1 456 3 is_stmt 1 view .LVU297
 792              		.loc 1 456 48 is_stmt 0 view .LVU298
 793 0010 8361     		str	r3, [r0, #24]
 457:./Libraries/src/stm32f4xx_ltdc.c ****   LTDC_Layer_InitStruct->LTDC_DefaultColorGreen = 0x00;
 794              		.loc 1 457 3 is_stmt 1 view .LVU299
 795              		.loc 1 457 49 is_stmt 0 view .LVU300
 796 0012 C361     		str	r3, [r0, #28]
 458:./Libraries/src/stm32f4xx_ltdc.c ****   LTDC_Layer_InitStruct->LTDC_DefaultColorRed = 0x00;
 797              		.loc 1 458 3 is_stmt 1 view .LVU301
 798              		.loc 1 458 47 is_stmt 0 view .LVU302
 799 0014 0362     		str	r3, [r0, #32]
 459:./Libraries/src/stm32f4xx_ltdc.c ****   LTDC_Layer_InitStruct->LTDC_DefaultColorAlpha = 0x00;
 800              		.loc 1 459 3 is_stmt 1 view .LVU303
 801              		.loc 1 459 49 is_stmt 0 view .LVU304
 802 0016 4362     		str	r3, [r0, #36]
 460:./Libraries/src/stm32f4xx_ltdc.c **** 
 461:./Libraries/src/stm32f4xx_ltdc.c ****   /*!< Initialize the blending factors */
 462:./Libraries/src/stm32f4xx_ltdc.c ****   LTDC_Layer_InitStruct->LTDC_BlendingFactor_1 = LTDC_BlendingFactor1_PAxCA;
 803              		.loc 1 462 3 is_stmt 1 view .LVU305
 804              		.loc 1 462 48 is_stmt 0 view .LVU306
 805 0018 4FF4C062 		mov	r2, #1536
 806 001c 8262     		str	r2, [r0, #40]
 463:./Libraries/src/stm32f4xx_ltdc.c ****   LTDC_Layer_InitStruct->LTDC_BlendingFactor_2 = LTDC_BlendingFactor2_PAxCA;
 807              		.loc 1 463 3 is_stmt 1 view .LVU307
 808              		.loc 1 463 48 is_stmt 0 view .LVU308
 809 001e 0722     		movs	r2, #7
ARM GAS  /tmp/cciVGXQG.s 			page 23


 810 0020 C262     		str	r2, [r0, #44]
 464:./Libraries/src/stm32f4xx_ltdc.c **** 
 465:./Libraries/src/stm32f4xx_ltdc.c ****   /*!< Initialize the frame buffer start address */
 466:./Libraries/src/stm32f4xx_ltdc.c ****   LTDC_Layer_InitStruct->LTDC_CFBStartAdress = 0x00;
 811              		.loc 1 466 3 is_stmt 1 view .LVU309
 812              		.loc 1 466 46 is_stmt 0 view .LVU310
 813 0022 0363     		str	r3, [r0, #48]
 467:./Libraries/src/stm32f4xx_ltdc.c **** 
 468:./Libraries/src/stm32f4xx_ltdc.c ****   /*!< Initialize the frame buffer pitch and line length */
 469:./Libraries/src/stm32f4xx_ltdc.c ****   LTDC_Layer_InitStruct->LTDC_CFBLineLength = 0x00;
 814              		.loc 1 469 3 is_stmt 1 view .LVU311
 815              		.loc 1 469 45 is_stmt 0 view .LVU312
 816 0024 4363     		str	r3, [r0, #52]
 470:./Libraries/src/stm32f4xx_ltdc.c ****   LTDC_Layer_InitStruct->LTDC_CFBPitch = 0x00;
 817              		.loc 1 470 3 is_stmt 1 view .LVU313
 818              		.loc 1 470 40 is_stmt 0 view .LVU314
 819 0026 8363     		str	r3, [r0, #56]
 471:./Libraries/src/stm32f4xx_ltdc.c **** 
 472:./Libraries/src/stm32f4xx_ltdc.c ****   /*!< Initialize the frame buffer line number */
 473:./Libraries/src/stm32f4xx_ltdc.c ****   LTDC_Layer_InitStruct->LTDC_CFBLineNumber = 0x00;
 820              		.loc 1 473 3 is_stmt 1 view .LVU315
 821              		.loc 1 473 45 is_stmt 0 view .LVU316
 822 0028 C363     		str	r3, [r0, #60]
 474:./Libraries/src/stm32f4xx_ltdc.c **** }
 823              		.loc 1 474 1 view .LVU317
 824 002a 7047     		bx	lr
 825              		.cfi_endproc
 826              	.LFE133:
 828              		.section	.text.LTDC_LayerCmd,"ax",%progbits
 829              		.align	1
 830              		.global	LTDC_LayerCmd
 831              		.syntax unified
 832              		.thumb
 833              		.thumb_func
 835              	LTDC_LayerCmd:
 836              	.LVL33:
 837              	.LFB134:
 475:./Libraries/src/stm32f4xx_ltdc.c **** 
 476:./Libraries/src/stm32f4xx_ltdc.c **** 
 477:./Libraries/src/stm32f4xx_ltdc.c **** /**
 478:./Libraries/src/stm32f4xx_ltdc.c ****   * @brief  Enables or disables the LTDC_Layer Controller.
 479:./Libraries/src/stm32f4xx_ltdc.c ****   * @param  LTDC_layerx: Select the layer to be configured, this parameter can be 
 480:./Libraries/src/stm32f4xx_ltdc.c ****   *         one of the following values: LTDC_Layer1, LTDC_Layer2
 481:./Libraries/src/stm32f4xx_ltdc.c ****   * @param  NewState: new state of the LTDC_Layer peripheral.
 482:./Libraries/src/stm32f4xx_ltdc.c ****   *   This parameter can be: ENABLE or DISABLE.
 483:./Libraries/src/stm32f4xx_ltdc.c ****   * @retval None
 484:./Libraries/src/stm32f4xx_ltdc.c ****   */
 485:./Libraries/src/stm32f4xx_ltdc.c **** 
 486:./Libraries/src/stm32f4xx_ltdc.c **** void LTDC_LayerCmd(LTDC_Layer_TypeDef* LTDC_Layerx, FunctionalState NewState)
 487:./Libraries/src/stm32f4xx_ltdc.c **** {
 838              		.loc 1 487 1 is_stmt 1 view -0
 839              		.cfi_startproc
 840              		@ args = 0, pretend = 0, frame = 0
 841              		@ frame_needed = 0, uses_anonymous_args = 0
 842              		@ link register save eliminated.
 488:./Libraries/src/stm32f4xx_ltdc.c ****   /* Check the parameters */
 489:./Libraries/src/stm32f4xx_ltdc.c ****   assert_param(IS_FUNCTIONAL_STATE(NewState));
ARM GAS  /tmp/cciVGXQG.s 			page 24


 843              		.loc 1 489 3 view .LVU319
 490:./Libraries/src/stm32f4xx_ltdc.c **** 
 491:./Libraries/src/stm32f4xx_ltdc.c ****   if (NewState != DISABLE)
 844              		.loc 1 491 3 view .LVU320
 845              		.loc 1 491 6 is_stmt 0 view .LVU321
 846 0000 21B1     		cbz	r1, .L33
 492:./Libraries/src/stm32f4xx_ltdc.c ****   {
 493:./Libraries/src/stm32f4xx_ltdc.c ****     /* Enable LTDC_Layer by setting LEN bit */
 494:./Libraries/src/stm32f4xx_ltdc.c ****     LTDC_Layerx->CR |= (uint32_t)LTDC_LxCR_LEN;
 847              		.loc 1 494 5 is_stmt 1 view .LVU322
 848              		.loc 1 494 16 is_stmt 0 view .LVU323
 849 0002 0368     		ldr	r3, [r0]
 850              		.loc 1 494 21 view .LVU324
 851 0004 43F00103 		orr	r3, r3, #1
 852 0008 0360     		str	r3, [r0]
 853 000a 7047     		bx	lr
 854              	.L33:
 495:./Libraries/src/stm32f4xx_ltdc.c ****   }
 496:./Libraries/src/stm32f4xx_ltdc.c ****   else
 497:./Libraries/src/stm32f4xx_ltdc.c ****   {
 498:./Libraries/src/stm32f4xx_ltdc.c ****     /* Disable LTDC_Layer by clearing LEN bit */
 499:./Libraries/src/stm32f4xx_ltdc.c ****     LTDC_Layerx->CR &= ~(uint32_t)LTDC_LxCR_LEN;
 855              		.loc 1 499 5 is_stmt 1 view .LVU325
 856              		.loc 1 499 16 is_stmt 0 view .LVU326
 857 000c 0368     		ldr	r3, [r0]
 858              		.loc 1 499 21 view .LVU327
 859 000e 23F00103 		bic	r3, r3, #1
 860 0012 0360     		str	r3, [r0]
 500:./Libraries/src/stm32f4xx_ltdc.c ****   }
 501:./Libraries/src/stm32f4xx_ltdc.c **** }
 861              		.loc 1 501 1 view .LVU328
 862 0014 7047     		bx	lr
 863              		.cfi_endproc
 864              	.LFE134:
 866              		.section	.text.LTDC_GetPosStatus,"ax",%progbits
 867              		.align	1
 868              		.global	LTDC_GetPosStatus
 869              		.syntax unified
 870              		.thumb
 871              		.thumb_func
 873              	LTDC_GetPosStatus:
 874              	.LVL34:
 875              	.LFB135:
 502:./Libraries/src/stm32f4xx_ltdc.c **** 
 503:./Libraries/src/stm32f4xx_ltdc.c **** 
 504:./Libraries/src/stm32f4xx_ltdc.c **** /**
 505:./Libraries/src/stm32f4xx_ltdc.c ****   * @brief  Get the current position.
 506:./Libraries/src/stm32f4xx_ltdc.c ****   * @param  LTDC_Pos_InitStruct: pointer to a LTDC_PosTypeDef structure that contains
 507:./Libraries/src/stm32f4xx_ltdc.c ****   *         the current position.
 508:./Libraries/src/stm32f4xx_ltdc.c ****   * @retval None
 509:./Libraries/src/stm32f4xx_ltdc.c ****   */
 510:./Libraries/src/stm32f4xx_ltdc.c **** 
 511:./Libraries/src/stm32f4xx_ltdc.c **** LTDC_PosTypeDef LTDC_GetPosStatus(void)
 512:./Libraries/src/stm32f4xx_ltdc.c **** {
 876              		.loc 1 512 1 is_stmt 1 view -0
 877              		.cfi_startproc
 878              		@ args = 0, pretend = 0, frame = 0
ARM GAS  /tmp/cciVGXQG.s 			page 25


 879              		@ frame_needed = 0, uses_anonymous_args = 0
 880              		@ link register save eliminated.
 513:./Libraries/src/stm32f4xx_ltdc.c ****   LTDC_PosTypeDef LTDC_Pos_InitStruct;
 881              		.loc 1 513 3 view .LVU330
 514:./Libraries/src/stm32f4xx_ltdc.c **** 
 515:./Libraries/src/stm32f4xx_ltdc.c ****   LTDC->CPSR &= ~(LTDC_CPSR_CYPOS | LTDC_CPSR_CXPOS);
 882              		.loc 1 515 3 view .LVU331
 883              		.loc 1 515 7 is_stmt 0 view .LVU332
 884 0000 054A     		ldr	r2, .L36
 885 0002 516C     		ldr	r1, [r2, #68]
 886              		.loc 1 515 14 view .LVU333
 887 0004 0021     		movs	r1, #0
 888 0006 5164     		str	r1, [r2, #68]
 516:./Libraries/src/stm32f4xx_ltdc.c **** 
 517:./Libraries/src/stm32f4xx_ltdc.c ****   LTDC_Pos_InitStruct.LTDC_POSX = (uint32_t)(LTDC->CPSR >> 16);
 889              		.loc 1 517 3 is_stmt 1 view .LVU334
 890              		.loc 1 517 50 is_stmt 0 view .LVU335
 891 0008 516C     		ldr	r1, [r2, #68]
 892              		.loc 1 517 57 view .LVU336
 893 000a 090C     		lsrs	r1, r1, #16
 894              		.loc 1 517 33 view .LVU337
 895 000c 0160     		str	r1, [r0]
 518:./Libraries/src/stm32f4xx_ltdc.c ****   LTDC_Pos_InitStruct.LTDC_POSY = (uint32_t)(LTDC->CPSR & 0xFFFF);
 896              		.loc 1 518 3 is_stmt 1 view .LVU338
 897              		.loc 1 518 50 is_stmt 0 view .LVU339
 898 000e 526C     		ldr	r2, [r2, #68]
 899              		.loc 1 518 35 view .LVU340
 900 0010 92B2     		uxth	r2, r2
 901              		.loc 1 518 33 view .LVU341
 902 0012 4260     		str	r2, [r0, #4]
 519:./Libraries/src/stm32f4xx_ltdc.c **** 
 520:./Libraries/src/stm32f4xx_ltdc.c ****   return LTDC_Pos_InitStruct;
 903              		.loc 1 520 3 is_stmt 1 view .LVU342
 521:./Libraries/src/stm32f4xx_ltdc.c **** }
 904              		.loc 1 521 1 is_stmt 0 view .LVU343
 905 0014 7047     		bx	lr
 906              	.L37:
 907 0016 00BF     		.align	2
 908              	.L36:
 909 0018 00680140 		.word	1073833984
 910              		.cfi_endproc
 911              	.LFE135:
 913              		.section	.text.LTDC_PosStructInit,"ax",%progbits
 914              		.align	1
 915              		.global	LTDC_PosStructInit
 916              		.syntax unified
 917              		.thumb
 918              		.thumb_func
 920              	LTDC_PosStructInit:
 921              	.LVL35:
 922              	.LFB136:
 522:./Libraries/src/stm32f4xx_ltdc.c **** 
 523:./Libraries/src/stm32f4xx_ltdc.c **** /**
 524:./Libraries/src/stm32f4xx_ltdc.c ****   * @brief  Fills each LTDC_Pos_InitStruct member with its default value.
 525:./Libraries/src/stm32f4xx_ltdc.c ****   * @param  LTDC_Pos_InitStruct: pointer to a LTDC_PosTypeDef structure which will
 526:./Libraries/src/stm32f4xx_ltdc.c ****   *         be initialized.
 527:./Libraries/src/stm32f4xx_ltdc.c ****   * @retval None
ARM GAS  /tmp/cciVGXQG.s 			page 26


 528:./Libraries/src/stm32f4xx_ltdc.c ****   */
 529:./Libraries/src/stm32f4xx_ltdc.c **** 
 530:./Libraries/src/stm32f4xx_ltdc.c **** void LTDC_PosStructInit(LTDC_PosTypeDef* LTDC_Pos_InitStruct)
 531:./Libraries/src/stm32f4xx_ltdc.c **** {
 923              		.loc 1 531 1 is_stmt 1 view -0
 924              		.cfi_startproc
 925              		@ args = 0, pretend = 0, frame = 0
 926              		@ frame_needed = 0, uses_anonymous_args = 0
 927              		@ link register save eliminated.
 532:./Libraries/src/stm32f4xx_ltdc.c ****   LTDC_Pos_InitStruct->LTDC_POSX = 0x00;
 928              		.loc 1 532 3 view .LVU345
 929              		.loc 1 532 34 is_stmt 0 view .LVU346
 930 0000 0023     		movs	r3, #0
 931 0002 0360     		str	r3, [r0]
 533:./Libraries/src/stm32f4xx_ltdc.c ****   LTDC_Pos_InitStruct->LTDC_POSY = 0x00;
 932              		.loc 1 533 3 is_stmt 1 view .LVU347
 933              		.loc 1 533 34 is_stmt 0 view .LVU348
 934 0004 4360     		str	r3, [r0, #4]
 534:./Libraries/src/stm32f4xx_ltdc.c **** }
 935              		.loc 1 534 1 view .LVU349
 936 0006 7047     		bx	lr
 937              		.cfi_endproc
 938              	.LFE136:
 940              		.section	.text.LTDC_GetCDStatus,"ax",%progbits
 941              		.align	1
 942              		.global	LTDC_GetCDStatus
 943              		.syntax unified
 944              		.thumb
 945              		.thumb_func
 947              	LTDC_GetCDStatus:
 948              	.LVL36:
 949              	.LFB137:
 535:./Libraries/src/stm32f4xx_ltdc.c **** 
 536:./Libraries/src/stm32f4xx_ltdc.c **** /**
 537:./Libraries/src/stm32f4xx_ltdc.c ****   * @brief  Checks whether the specified LTDC's flag is set or not.
 538:./Libraries/src/stm32f4xx_ltdc.c ****   * @param  LTDC_CD: specifies the flag to check.
 539:./Libraries/src/stm32f4xx_ltdc.c ****   *   This parameter can be one of the following values:
 540:./Libraries/src/stm32f4xx_ltdc.c ****   *     @arg LTDC_CD_VDES: vertical data enable current status.
 541:./Libraries/src/stm32f4xx_ltdc.c ****   *     @arg LTDC_CD_HDES: horizontal data enable current status.
 542:./Libraries/src/stm32f4xx_ltdc.c ****   *     @arg LTDC_CD_VSYNC:  Vertical Synchronization current status.
 543:./Libraries/src/stm32f4xx_ltdc.c ****   *     @arg LTDC_CD_HSYNC:  Horizontal Synchronization current status.
 544:./Libraries/src/stm32f4xx_ltdc.c ****   * @retval The new state of LTDC_CD (SET or RESET).
 545:./Libraries/src/stm32f4xx_ltdc.c ****   */
 546:./Libraries/src/stm32f4xx_ltdc.c **** 
 547:./Libraries/src/stm32f4xx_ltdc.c **** FlagStatus LTDC_GetCDStatus(uint32_t LTDC_CD)
 548:./Libraries/src/stm32f4xx_ltdc.c **** {
 950              		.loc 1 548 1 is_stmt 1 view -0
 951              		.cfi_startproc
 952              		@ args = 0, pretend = 0, frame = 0
 953              		@ frame_needed = 0, uses_anonymous_args = 0
 954              		@ link register save eliminated.
 549:./Libraries/src/stm32f4xx_ltdc.c ****   FlagStatus bitstatus;
 955              		.loc 1 549 3 view .LVU351
 550:./Libraries/src/stm32f4xx_ltdc.c **** 
 551:./Libraries/src/stm32f4xx_ltdc.c ****   /* Check the parameters */
 552:./Libraries/src/stm32f4xx_ltdc.c ****   assert_param(IS_LTDC_GET_CD(LTDC_CD));
 956              		.loc 1 552 3 view .LVU352
ARM GAS  /tmp/cciVGXQG.s 			page 27


 553:./Libraries/src/stm32f4xx_ltdc.c **** 
 554:./Libraries/src/stm32f4xx_ltdc.c ****   if ((LTDC->CDSR & LTDC_CD) != (uint32_t)RESET)
 957              		.loc 1 554 3 view .LVU353
 958              		.loc 1 554 12 is_stmt 0 view .LVU354
 959 0000 034B     		ldr	r3, .L42
 960 0002 9B6C     		ldr	r3, [r3, #72]
 961              		.loc 1 554 6 view .LVU355
 962 0004 0342     		tst	r3, r0
 963 0006 01D0     		beq	.L41
 555:./Libraries/src/stm32f4xx_ltdc.c ****   {
 556:./Libraries/src/stm32f4xx_ltdc.c ****     bitstatus = SET;
 964              		.loc 1 556 15 view .LVU356
 965 0008 0120     		movs	r0, #1
 966              	.LVL37:
 967              		.loc 1 556 15 view .LVU357
 968 000a 7047     		bx	lr
 969              	.LVL38:
 970              	.L41:
 557:./Libraries/src/stm32f4xx_ltdc.c ****   }
 558:./Libraries/src/stm32f4xx_ltdc.c ****   else
 559:./Libraries/src/stm32f4xx_ltdc.c ****   {
 560:./Libraries/src/stm32f4xx_ltdc.c ****     bitstatus = RESET;
 971              		.loc 1 560 15 view .LVU358
 972 000c 0020     		movs	r0, #0
 973              	.LVL39:
 561:./Libraries/src/stm32f4xx_ltdc.c ****   }
 562:./Libraries/src/stm32f4xx_ltdc.c ****   return bitstatus;
 974              		.loc 1 562 3 is_stmt 1 view .LVU359
 563:./Libraries/src/stm32f4xx_ltdc.c **** }
 975              		.loc 1 563 1 is_stmt 0 view .LVU360
 976 000e 7047     		bx	lr
 977              	.L43:
 978              		.align	2
 979              	.L42:
 980 0010 00680140 		.word	1073833984
 981              		.cfi_endproc
 982              	.LFE137:
 984              		.section	.text.LTDC_ColorKeyingConfig,"ax",%progbits
 985              		.align	1
 986              		.global	LTDC_ColorKeyingConfig
 987              		.syntax unified
 988              		.thumb
 989              		.thumb_func
 991              	LTDC_ColorKeyingConfig:
 992              	.LVL40:
 993              	.LFB138:
 564:./Libraries/src/stm32f4xx_ltdc.c **** 
 565:./Libraries/src/stm32f4xx_ltdc.c **** /**
 566:./Libraries/src/stm32f4xx_ltdc.c ****   * @brief  Set and configure the color keying.
 567:./Libraries/src/stm32f4xx_ltdc.c ****   * @param  LTDC_colorkeying_InitStruct: pointer to a LTDC_ColorKeying_InitTypeDef 
 568:./Libraries/src/stm32f4xx_ltdc.c ****   *         structure that contains the color keying configuration.
 569:./Libraries/src/stm32f4xx_ltdc.c ****   * @param  LTDC_layerx: Select the layer to be configured, this parameter can be 
 570:./Libraries/src/stm32f4xx_ltdc.c ****   *         one of the following values: LTDC_Layer1, LTDC_Layer2   
 571:./Libraries/src/stm32f4xx_ltdc.c ****   * @retval None
 572:./Libraries/src/stm32f4xx_ltdc.c ****   */
 573:./Libraries/src/stm32f4xx_ltdc.c **** 
 574:./Libraries/src/stm32f4xx_ltdc.c **** void LTDC_ColorKeyingConfig(LTDC_Layer_TypeDef* LTDC_Layerx, LTDC_ColorKeying_InitTypeDef* LTDC_col
ARM GAS  /tmp/cciVGXQG.s 			page 28


 575:./Libraries/src/stm32f4xx_ltdc.c **** { 
 994              		.loc 1 575 1 is_stmt 1 view -0
 995              		.cfi_startproc
 996              		@ args = 0, pretend = 0, frame = 0
 997              		@ frame_needed = 0, uses_anonymous_args = 0
 998              		@ link register save eliminated.
 576:./Libraries/src/stm32f4xx_ltdc.c ****   uint32_t ckgreen = 0;
 999              		.loc 1 576 3 view .LVU362
 577:./Libraries/src/stm32f4xx_ltdc.c ****   uint32_t ckred = 0;
 1000              		.loc 1 577 3 view .LVU363
 578:./Libraries/src/stm32f4xx_ltdc.c **** 
 579:./Libraries/src/stm32f4xx_ltdc.c ****   /* Check the parameters */
 580:./Libraries/src/stm32f4xx_ltdc.c ****   assert_param(IS_FUNCTIONAL_STATE(NewState));
 1001              		.loc 1 580 3 view .LVU364
 581:./Libraries/src/stm32f4xx_ltdc.c ****   assert_param(IS_LTDC_CKEYING(LTDC_colorkeying_InitStruct->LTDC_ColorKeyBlue));
 1002              		.loc 1 581 3 view .LVU365
 582:./Libraries/src/stm32f4xx_ltdc.c ****   assert_param(IS_LTDC_CKEYING(LTDC_colorkeying_InitStruct->LTDC_ColorKeyGreen));
 1003              		.loc 1 582 3 view .LVU366
 583:./Libraries/src/stm32f4xx_ltdc.c ****   assert_param(IS_LTDC_CKEYING(LTDC_colorkeying_InitStruct->LTDC_ColorKeyRed));
 1004              		.loc 1 583 3 view .LVU367
 584:./Libraries/src/stm32f4xx_ltdc.c ****   
 585:./Libraries/src/stm32f4xx_ltdc.c ****   if (NewState != DISABLE)
 1005              		.loc 1 585 3 view .LVU368
 1006              		.loc 1 585 6 is_stmt 0 view .LVU369
 1007 0000 BAB1     		cbz	r2, .L45
 575:./Libraries/src/stm32f4xx_ltdc.c ****   uint32_t ckgreen = 0;
 1008              		.loc 1 575 1 view .LVU370
 1009 0002 30B4     		push	{r4, r5}
 1010              	.LCFI7:
 1011              		.cfi_def_cfa_offset 8
 1012              		.cfi_offset 4, -8
 1013              		.cfi_offset 5, -4
 586:./Libraries/src/stm32f4xx_ltdc.c ****   {
 587:./Libraries/src/stm32f4xx_ltdc.c ****     /* Enable LTDC color keying by setting COLKEN bit */
 588:./Libraries/src/stm32f4xx_ltdc.c ****     LTDC_Layerx->CR |= (uint32_t)LTDC_LxCR_COLKEN;
 1014              		.loc 1 588 5 is_stmt 1 view .LVU371
 1015              		.loc 1 588 16 is_stmt 0 view .LVU372
 1016 0004 0368     		ldr	r3, [r0]
 1017              		.loc 1 588 21 view .LVU373
 1018 0006 43F00203 		orr	r3, r3, #2
 1019 000a 0360     		str	r3, [r0]
 589:./Libraries/src/stm32f4xx_ltdc.c ****     
 590:./Libraries/src/stm32f4xx_ltdc.c ****     /* Sets the color keying values */
 591:./Libraries/src/stm32f4xx_ltdc.c ****     ckgreen = (LTDC_colorkeying_InitStruct->LTDC_ColorKeyGreen << 8);
 1020              		.loc 1 591 5 is_stmt 1 view .LVU374
 1021              		.loc 1 591 43 is_stmt 0 view .LVU375
 1022 000c 4D68     		ldr	r5, [r1, #4]
 1023              	.LVL41:
 592:./Libraries/src/stm32f4xx_ltdc.c ****     ckred = (LTDC_colorkeying_InitStruct->LTDC_ColorKeyRed << 16);
 1024              		.loc 1 592 5 is_stmt 1 view .LVU376
 1025              		.loc 1 592 41 is_stmt 0 view .LVU377
 1026 000e 8C68     		ldr	r4, [r1, #8]
 1027              	.LVL42:
 593:./Libraries/src/stm32f4xx_ltdc.c ****     LTDC_Layerx->CKCR  &= ~(LTDC_LxCKCR_CKBLUE | LTDC_LxCKCR_CKGREEN | LTDC_LxCKCR_CKRED);
 1028              		.loc 1 593 5 is_stmt 1 view .LVU378
 1029              		.loc 1 593 16 is_stmt 0 view .LVU379
 1030 0010 C368     		ldr	r3, [r0, #12]
ARM GAS  /tmp/cciVGXQG.s 			page 29


 1031              		.loc 1 593 24 view .LVU380
 1032 0012 03F07F43 		and	r3, r3, #-16777216
 1033 0016 C360     		str	r3, [r0, #12]
 594:./Libraries/src/stm32f4xx_ltdc.c ****     LTDC_Layerx->CKCR |= (LTDC_colorkeying_InitStruct->LTDC_ColorKeyBlue | ckgreen | ckred);
 1034              		.loc 1 594 5 is_stmt 1 view .LVU381
 1035              		.loc 1 594 16 is_stmt 0 view .LVU382
 1036 0018 C268     		ldr	r2, [r0, #12]
 1037              	.LVL43:
 1038              		.loc 1 594 54 view .LVU383
 1039 001a 0B68     		ldr	r3, [r1]
 1040              		.loc 1 594 74 view .LVU384
 1041 001c 43EA0523 		orr	r3, r3, r5, lsl #8
 1042              		.loc 1 594 84 view .LVU385
 1043 0020 43EA0443 		orr	r3, r3, r4, lsl #16
 1044              		.loc 1 594 23 view .LVU386
 1045 0024 1343     		orrs	r3, r3, r2
 1046 0026 C360     		str	r3, [r0, #12]
 595:./Libraries/src/stm32f4xx_ltdc.c ****   }
 596:./Libraries/src/stm32f4xx_ltdc.c ****   else
 597:./Libraries/src/stm32f4xx_ltdc.c ****   {
 598:./Libraries/src/stm32f4xx_ltdc.c ****     /* Disable LTDC color keying by clearing COLKEN bit */
 599:./Libraries/src/stm32f4xx_ltdc.c ****     LTDC_Layerx->CR &= ~(uint32_t)LTDC_LxCR_COLKEN;
 600:./Libraries/src/stm32f4xx_ltdc.c ****   }
 601:./Libraries/src/stm32f4xx_ltdc.c ****   
 602:./Libraries/src/stm32f4xx_ltdc.c ****   /* Reload shadow register */
 603:./Libraries/src/stm32f4xx_ltdc.c ****   LTDC->SRCR = LTDC_IMReload;
 1047              		.loc 1 603 3 is_stmt 1 view .LVU387
 1048              		.loc 1 603 14 is_stmt 0 view .LVU388
 1049 0028 064B     		ldr	r3, .L51
 1050 002a 0122     		movs	r2, #1
 1051 002c 5A62     		str	r2, [r3, #36]
 604:./Libraries/src/stm32f4xx_ltdc.c **** }
 1052              		.loc 1 604 1 view .LVU389
 1053 002e 30BC     		pop	{r4, r5}
 1054              	.LCFI8:
 1055              		.cfi_restore 5
 1056              		.cfi_restore 4
 1057              		.cfi_def_cfa_offset 0
 1058              	.LVL44:
 1059              		.loc 1 604 1 view .LVU390
 1060 0030 7047     		bx	lr
 1061              	.LVL45:
 1062              	.L45:
 599:./Libraries/src/stm32f4xx_ltdc.c ****   }
 1063              		.loc 1 599 5 is_stmt 1 view .LVU391
 599:./Libraries/src/stm32f4xx_ltdc.c ****   }
 1064              		.loc 1 599 16 is_stmt 0 view .LVU392
 1065 0032 0368     		ldr	r3, [r0]
 599:./Libraries/src/stm32f4xx_ltdc.c ****   }
 1066              		.loc 1 599 21 view .LVU393
 1067 0034 23F00203 		bic	r3, r3, #2
 1068 0038 0360     		str	r3, [r0]
 603:./Libraries/src/stm32f4xx_ltdc.c **** }
 1069              		.loc 1 603 3 is_stmt 1 view .LVU394
 603:./Libraries/src/stm32f4xx_ltdc.c **** }
 1070              		.loc 1 603 14 is_stmt 0 view .LVU395
 1071 003a 024B     		ldr	r3, .L51
ARM GAS  /tmp/cciVGXQG.s 			page 30


 1072 003c 0122     		movs	r2, #1
 1073              	.LVL46:
 603:./Libraries/src/stm32f4xx_ltdc.c **** }
 1074              		.loc 1 603 14 view .LVU396
 1075 003e 5A62     		str	r2, [r3, #36]
 1076 0040 7047     		bx	lr
 1077              	.L52:
 1078 0042 00BF     		.align	2
 1079              	.L51:
 1080 0044 00680140 		.word	1073833984
 1081              		.cfi_endproc
 1082              	.LFE138:
 1084              		.section	.text.LTDC_ColorKeyingStructInit,"ax",%progbits
 1085              		.align	1
 1086              		.global	LTDC_ColorKeyingStructInit
 1087              		.syntax unified
 1088              		.thumb
 1089              		.thumb_func
 1091              	LTDC_ColorKeyingStructInit:
 1092              	.LVL47:
 1093              	.LFB139:
 605:./Libraries/src/stm32f4xx_ltdc.c **** 
 606:./Libraries/src/stm32f4xx_ltdc.c **** /**
 607:./Libraries/src/stm32f4xx_ltdc.c ****   * @brief  Fills each LTDC_colorkeying_InitStruct member with its default value.
 608:./Libraries/src/stm32f4xx_ltdc.c ****   * @param  LTDC_colorkeying_InitStruct: pointer to a LTDC_ColorKeying_InitTypeDef structure which 
 609:./Libraries/src/stm32f4xx_ltdc.c ****   *         be initialized.
 610:./Libraries/src/stm32f4xx_ltdc.c ****   * @retval None
 611:./Libraries/src/stm32f4xx_ltdc.c ****   */
 612:./Libraries/src/stm32f4xx_ltdc.c **** 
 613:./Libraries/src/stm32f4xx_ltdc.c **** void LTDC_ColorKeyingStructInit(LTDC_ColorKeying_InitTypeDef* LTDC_colorkeying_InitStruct)
 614:./Libraries/src/stm32f4xx_ltdc.c **** {
 1094              		.loc 1 614 1 is_stmt 1 view -0
 1095              		.cfi_startproc
 1096              		@ args = 0, pretend = 0, frame = 0
 1097              		@ frame_needed = 0, uses_anonymous_args = 0
 1098              		@ link register save eliminated.
 615:./Libraries/src/stm32f4xx_ltdc.c ****   /*!< Initialize the color keying values */
 616:./Libraries/src/stm32f4xx_ltdc.c ****   LTDC_colorkeying_InitStruct->LTDC_ColorKeyBlue = 0x00;
 1099              		.loc 1 616 3 view .LVU398
 1100              		.loc 1 616 50 is_stmt 0 view .LVU399
 1101 0000 0023     		movs	r3, #0
 1102 0002 0360     		str	r3, [r0]
 617:./Libraries/src/stm32f4xx_ltdc.c ****   LTDC_colorkeying_InitStruct->LTDC_ColorKeyGreen = 0x00;
 1103              		.loc 1 617 3 is_stmt 1 view .LVU400
 1104              		.loc 1 617 51 is_stmt 0 view .LVU401
 1105 0004 4360     		str	r3, [r0, #4]
 618:./Libraries/src/stm32f4xx_ltdc.c ****   LTDC_colorkeying_InitStruct->LTDC_ColorKeyRed = 0x00;
 1106              		.loc 1 618 3 is_stmt 1 view .LVU402
 1107              		.loc 1 618 49 is_stmt 0 view .LVU403
 1108 0006 8360     		str	r3, [r0, #8]
 619:./Libraries/src/stm32f4xx_ltdc.c **** }
 1109              		.loc 1 619 1 view .LVU404
 1110 0008 7047     		bx	lr
 1111              		.cfi_endproc
 1112              	.LFE139:
 1114              		.section	.text.LTDC_CLUTCmd,"ax",%progbits
 1115              		.align	1
ARM GAS  /tmp/cciVGXQG.s 			page 31


 1116              		.global	LTDC_CLUTCmd
 1117              		.syntax unified
 1118              		.thumb
 1119              		.thumb_func
 1121              	LTDC_CLUTCmd:
 1122              	.LVL48:
 1123              	.LFB140:
 620:./Libraries/src/stm32f4xx_ltdc.c **** 
 621:./Libraries/src/stm32f4xx_ltdc.c **** 
 622:./Libraries/src/stm32f4xx_ltdc.c **** /**
 623:./Libraries/src/stm32f4xx_ltdc.c ****   * @brief  Enables or disables CLUT.
 624:./Libraries/src/stm32f4xx_ltdc.c ****   * @param  NewState: new state of CLUT.
 625:./Libraries/src/stm32f4xx_ltdc.c ****   * @param  LTDC_layerx: Select the layer to be configured, this parameter can be 
 626:./Libraries/src/stm32f4xx_ltdc.c ****   *         one of the following values: LTDC_Layer1, LTDC_Layer2  
 627:./Libraries/src/stm32f4xx_ltdc.c ****   *   This parameter can be: ENABLE or DISABLE.
 628:./Libraries/src/stm32f4xx_ltdc.c ****   * @retval None
 629:./Libraries/src/stm32f4xx_ltdc.c ****   */
 630:./Libraries/src/stm32f4xx_ltdc.c **** 
 631:./Libraries/src/stm32f4xx_ltdc.c **** void LTDC_CLUTCmd(LTDC_Layer_TypeDef* LTDC_Layerx, FunctionalState NewState)
 632:./Libraries/src/stm32f4xx_ltdc.c **** {
 1124              		.loc 1 632 1 is_stmt 1 view -0
 1125              		.cfi_startproc
 1126              		@ args = 0, pretend = 0, frame = 0
 1127              		@ frame_needed = 0, uses_anonymous_args = 0
 1128              		@ link register save eliminated.
 633:./Libraries/src/stm32f4xx_ltdc.c ****   /* Check the parameters */
 634:./Libraries/src/stm32f4xx_ltdc.c ****   assert_param(IS_FUNCTIONAL_STATE(NewState));
 1129              		.loc 1 634 3 view .LVU406
 635:./Libraries/src/stm32f4xx_ltdc.c **** 
 636:./Libraries/src/stm32f4xx_ltdc.c ****   if (NewState != DISABLE)
 1130              		.loc 1 636 3 view .LVU407
 1131              		.loc 1 636 6 is_stmt 0 view .LVU408
 1132 0000 39B1     		cbz	r1, .L55
 637:./Libraries/src/stm32f4xx_ltdc.c ****   {
 638:./Libraries/src/stm32f4xx_ltdc.c ****     /* Enable CLUT by setting CLUTEN bit */
 639:./Libraries/src/stm32f4xx_ltdc.c ****     LTDC_Layerx->CR |= (uint32_t)LTDC_LxCR_CLUTEN;
 1133              		.loc 1 639 5 is_stmt 1 view .LVU409
 1134              		.loc 1 639 16 is_stmt 0 view .LVU410
 1135 0002 0368     		ldr	r3, [r0]
 1136              		.loc 1 639 21 view .LVU411
 1137 0004 43F01003 		orr	r3, r3, #16
 1138 0008 0360     		str	r3, [r0]
 1139              	.L56:
 640:./Libraries/src/stm32f4xx_ltdc.c ****   }
 641:./Libraries/src/stm32f4xx_ltdc.c ****   else
 642:./Libraries/src/stm32f4xx_ltdc.c ****   {
 643:./Libraries/src/stm32f4xx_ltdc.c ****     /* Disable CLUT by clearing CLUTEN bit */
 644:./Libraries/src/stm32f4xx_ltdc.c ****     LTDC_Layerx->CR &= ~(uint32_t)LTDC_LxCR_CLUTEN;
 645:./Libraries/src/stm32f4xx_ltdc.c ****   }
 646:./Libraries/src/stm32f4xx_ltdc.c ****   
 647:./Libraries/src/stm32f4xx_ltdc.c ****   /* Reload shadow register */
 648:./Libraries/src/stm32f4xx_ltdc.c ****   LTDC->SRCR = LTDC_IMReload;
 1140              		.loc 1 648 3 is_stmt 1 view .LVU412
 1141              		.loc 1 648 14 is_stmt 0 view .LVU413
 1142 000a 044B     		ldr	r3, .L57
 1143 000c 0122     		movs	r2, #1
 1144 000e 5A62     		str	r2, [r3, #36]
ARM GAS  /tmp/cciVGXQG.s 			page 32


 649:./Libraries/src/stm32f4xx_ltdc.c **** }
 1145              		.loc 1 649 1 view .LVU414
 1146 0010 7047     		bx	lr
 1147              	.L55:
 644:./Libraries/src/stm32f4xx_ltdc.c ****   }
 1148              		.loc 1 644 5 is_stmt 1 view .LVU415
 644:./Libraries/src/stm32f4xx_ltdc.c ****   }
 1149              		.loc 1 644 16 is_stmt 0 view .LVU416
 1150 0012 0368     		ldr	r3, [r0]
 644:./Libraries/src/stm32f4xx_ltdc.c ****   }
 1151              		.loc 1 644 21 view .LVU417
 1152 0014 23F01003 		bic	r3, r3, #16
 1153 0018 0360     		str	r3, [r0]
 1154 001a F6E7     		b	.L56
 1155              	.L58:
 1156              		.align	2
 1157              	.L57:
 1158 001c 00680140 		.word	1073833984
 1159              		.cfi_endproc
 1160              	.LFE140:
 1162              		.section	.text.LTDC_CLUTInit,"ax",%progbits
 1163              		.align	1
 1164              		.global	LTDC_CLUTInit
 1165              		.syntax unified
 1166              		.thumb
 1167              		.thumb_func
 1169              	LTDC_CLUTInit:
 1170              	.LVL49:
 1171              	.LFB141:
 650:./Libraries/src/stm32f4xx_ltdc.c **** 
 651:./Libraries/src/stm32f4xx_ltdc.c **** /**
 652:./Libraries/src/stm32f4xx_ltdc.c ****   * @brief  configure the CLUT.
 653:./Libraries/src/stm32f4xx_ltdc.c ****   * @param  LTDC_CLUT_InitStruct: pointer to a LTDC_CLUT_InitTypeDef structure that contains
 654:./Libraries/src/stm32f4xx_ltdc.c ****   *         the CLUT configuration.
 655:./Libraries/src/stm32f4xx_ltdc.c ****   * @param  LTDC_layerx: Select the layer to be configured, this parameter can be 
 656:./Libraries/src/stm32f4xx_ltdc.c ****   *         one of the following values: LTDC_Layer1, LTDC_Layer2   
 657:./Libraries/src/stm32f4xx_ltdc.c ****   * @retval None
 658:./Libraries/src/stm32f4xx_ltdc.c ****   */
 659:./Libraries/src/stm32f4xx_ltdc.c **** 
 660:./Libraries/src/stm32f4xx_ltdc.c **** void LTDC_CLUTInit(LTDC_Layer_TypeDef* LTDC_Layerx, LTDC_CLUT_InitTypeDef* LTDC_CLUT_InitStruct)
 661:./Libraries/src/stm32f4xx_ltdc.c **** {  
 1172              		.loc 1 661 1 is_stmt 1 view -0
 1173              		.cfi_startproc
 1174              		@ args = 0, pretend = 0, frame = 0
 1175              		@ frame_needed = 0, uses_anonymous_args = 0
 1176              		@ link register save eliminated.
 1177              		.loc 1 661 1 is_stmt 0 view .LVU419
 1178 0000 30B4     		push	{r4, r5}
 1179              	.LCFI9:
 1180              		.cfi_def_cfa_offset 8
 1181              		.cfi_offset 4, -8
 1182              		.cfi_offset 5, -4
 662:./Libraries/src/stm32f4xx_ltdc.c ****   uint32_t green = 0;
 1183              		.loc 1 662 3 is_stmt 1 view .LVU420
 1184              	.LVL50:
 663:./Libraries/src/stm32f4xx_ltdc.c ****   uint32_t red = 0;
 1185              		.loc 1 663 3 view .LVU421
ARM GAS  /tmp/cciVGXQG.s 			page 33


 664:./Libraries/src/stm32f4xx_ltdc.c ****   uint32_t clutadd = 0;
 1186              		.loc 1 664 3 view .LVU422
 665:./Libraries/src/stm32f4xx_ltdc.c **** 
 666:./Libraries/src/stm32f4xx_ltdc.c ****   /* Check the parameters */
 667:./Libraries/src/stm32f4xx_ltdc.c ****   assert_param(IS_LTDC_CLUTWR(LTDC_CLUT_InitStruct->LTDC_CLUTAdress));
 1187              		.loc 1 667 3 view .LVU423
 668:./Libraries/src/stm32f4xx_ltdc.c ****   assert_param(IS_LTDC_CLUTWR(LTDC_CLUT_InitStruct->LTDC_RedValue));
 1188              		.loc 1 668 3 view .LVU424
 669:./Libraries/src/stm32f4xx_ltdc.c ****   assert_param(IS_LTDC_CLUTWR(LTDC_CLUT_InitStruct->LTDC_GreenValue));
 1189              		.loc 1 669 3 view .LVU425
 670:./Libraries/src/stm32f4xx_ltdc.c ****   assert_param(IS_LTDC_CLUTWR(LTDC_CLUT_InitStruct->LTDC_BlueValue));
 1190              		.loc 1 670 3 view .LVU426
 671:./Libraries/src/stm32f4xx_ltdc.c ****     
 672:./Libraries/src/stm32f4xx_ltdc.c ****   /* Specifies the CLUT address and RGB value */
 673:./Libraries/src/stm32f4xx_ltdc.c ****   green = (LTDC_CLUT_InitStruct->LTDC_GreenValue << 8);
 1191              		.loc 1 673 3 view .LVU427
 1192              		.loc 1 673 32 is_stmt 0 view .LVU428
 1193 0002 8C68     		ldr	r4, [r1, #8]
 1194              	.LVL51:
 674:./Libraries/src/stm32f4xx_ltdc.c ****   red = (LTDC_CLUT_InitStruct->LTDC_RedValue << 16);
 1195              		.loc 1 674 3 is_stmt 1 view .LVU429
 1196              		.loc 1 674 30 is_stmt 0 view .LVU430
 1197 0004 CA68     		ldr	r2, [r1, #12]
 1198              	.LVL52:
 675:./Libraries/src/stm32f4xx_ltdc.c ****   clutadd = (LTDC_CLUT_InitStruct->LTDC_CLUTAdress << 24);
 1199              		.loc 1 675 3 is_stmt 1 view .LVU431
 1200              		.loc 1 675 34 is_stmt 0 view .LVU432
 1201 0006 0D68     		ldr	r5, [r1]
 1202              	.LVL53:
 676:./Libraries/src/stm32f4xx_ltdc.c ****   LTDC_Layerx->CLUTWR  = (clutadd | LTDC_CLUT_InitStruct->LTDC_BlueValue | \
 1203              		.loc 1 676 3 is_stmt 1 view .LVU433
 1204              		.loc 1 676 57 is_stmt 0 view .LVU434
 1205 0008 4B68     		ldr	r3, [r1, #4]
 1206              		.loc 1 676 35 view .LVU435
 1207 000a 43EA0563 		orr	r3, r3, r5, lsl #24
 1208              		.loc 1 676 74 view .LVU436
 1209 000e 43EA0423 		orr	r3, r3, r4, lsl #8
 677:./Libraries/src/stm32f4xx_ltdc.c ****                               green | red);
 1210              		.loc 1 677 37 view .LVU437
 1211 0012 43EA0243 		orr	r3, r3, r2, lsl #16
 676:./Libraries/src/stm32f4xx_ltdc.c ****   LTDC_Layerx->CLUTWR  = (clutadd | LTDC_CLUT_InitStruct->LTDC_BlueValue | \
 1212              		.loc 1 676 24 view .LVU438
 1213 0016 0364     		str	r3, [r0, #64]
 678:./Libraries/src/stm32f4xx_ltdc.c **** }
 1214              		.loc 1 678 1 view .LVU439
 1215 0018 30BC     		pop	{r4, r5}
 1216              	.LCFI10:
 1217              		.cfi_restore 5
 1218              		.cfi_restore 4
 1219              		.cfi_def_cfa_offset 0
 1220              	.LVL54:
 1221              		.loc 1 678 1 view .LVU440
 1222 001a 7047     		bx	lr
 1223              		.cfi_endproc
 1224              	.LFE141:
 1226              		.section	.text.LTDC_CLUTStructInit,"ax",%progbits
 1227              		.align	1
ARM GAS  /tmp/cciVGXQG.s 			page 34


 1228              		.global	LTDC_CLUTStructInit
 1229              		.syntax unified
 1230              		.thumb
 1231              		.thumb_func
 1233              	LTDC_CLUTStructInit:
 1234              	.LVL55:
 1235              	.LFB142:
 679:./Libraries/src/stm32f4xx_ltdc.c **** 
 680:./Libraries/src/stm32f4xx_ltdc.c **** /**
 681:./Libraries/src/stm32f4xx_ltdc.c ****   * @brief  Fills each LTDC_CLUT_InitStruct member with its default value.
 682:./Libraries/src/stm32f4xx_ltdc.c ****   * @param  LTDC_CLUT_InitStruct: pointer to a LTDC_CLUT_InitTypeDef structure which will
 683:./Libraries/src/stm32f4xx_ltdc.c ****   *         be initialized.
 684:./Libraries/src/stm32f4xx_ltdc.c ****   * @retval None
 685:./Libraries/src/stm32f4xx_ltdc.c ****   */
 686:./Libraries/src/stm32f4xx_ltdc.c **** 
 687:./Libraries/src/stm32f4xx_ltdc.c **** void LTDC_CLUTStructInit(LTDC_CLUT_InitTypeDef* LTDC_CLUT_InitStruct)
 688:./Libraries/src/stm32f4xx_ltdc.c **** {
 1236              		.loc 1 688 1 is_stmt 1 view -0
 1237              		.cfi_startproc
 1238              		@ args = 0, pretend = 0, frame = 0
 1239              		@ frame_needed = 0, uses_anonymous_args = 0
 1240              		@ link register save eliminated.
 689:./Libraries/src/stm32f4xx_ltdc.c ****   /*!< Initialize the CLUT address and RGB values */
 690:./Libraries/src/stm32f4xx_ltdc.c ****   LTDC_CLUT_InitStruct->LTDC_CLUTAdress = 0x00;
 1241              		.loc 1 690 3 view .LVU442
 1242              		.loc 1 690 41 is_stmt 0 view .LVU443
 1243 0000 0023     		movs	r3, #0
 1244 0002 0360     		str	r3, [r0]
 691:./Libraries/src/stm32f4xx_ltdc.c ****   LTDC_CLUT_InitStruct->LTDC_BlueValue = 0x00;
 1245              		.loc 1 691 3 is_stmt 1 view .LVU444
 1246              		.loc 1 691 40 is_stmt 0 view .LVU445
 1247 0004 4360     		str	r3, [r0, #4]
 692:./Libraries/src/stm32f4xx_ltdc.c ****   LTDC_CLUT_InitStruct->LTDC_GreenValue = 0x00;
 1248              		.loc 1 692 3 is_stmt 1 view .LVU446
 1249              		.loc 1 692 41 is_stmt 0 view .LVU447
 1250 0006 8360     		str	r3, [r0, #8]
 693:./Libraries/src/stm32f4xx_ltdc.c ****   LTDC_CLUT_InitStruct->LTDC_RedValue = 0x00;
 1251              		.loc 1 693 3 is_stmt 1 view .LVU448
 1252              		.loc 1 693 39 is_stmt 0 view .LVU449
 1253 0008 C360     		str	r3, [r0, #12]
 694:./Libraries/src/stm32f4xx_ltdc.c **** }
 1254              		.loc 1 694 1 view .LVU450
 1255 000a 7047     		bx	lr
 1256              		.cfi_endproc
 1257              	.LFE142:
 1259              		.section	.text.LTDC_LayerPosition,"ax",%progbits
 1260              		.align	1
 1261              		.global	LTDC_LayerPosition
 1262              		.syntax unified
 1263              		.thumb
 1264              		.thumb_func
 1266              	LTDC_LayerPosition:
 1267              	.LVL56:
 1268              	.LFB143:
 695:./Libraries/src/stm32f4xx_ltdc.c **** 
 696:./Libraries/src/stm32f4xx_ltdc.c **** 
 697:./Libraries/src/stm32f4xx_ltdc.c **** /**
ARM GAS  /tmp/cciVGXQG.s 			page 35


 698:./Libraries/src/stm32f4xx_ltdc.c ****   * @brief  reconfigure the layer position.
 699:./Libraries/src/stm32f4xx_ltdc.c ****   * @param  OffsetX: horizontal offset from start active width .
 700:./Libraries/src/stm32f4xx_ltdc.c ****   * @param  OffsetY: vertical offset from start active height.   
 701:./Libraries/src/stm32f4xx_ltdc.c ****   * @param  LTDC_layerx: Select the layer to be configured, this parameter can be 
 702:./Libraries/src/stm32f4xx_ltdc.c ****   *         one of the following values: LTDC_Layer1, LTDC_Layer2   
 703:./Libraries/src/stm32f4xx_ltdc.c ****   * @retval Reload of the shadow registers values must be applied after layer 
 704:./Libraries/src/stm32f4xx_ltdc.c ****   *         position reconfiguration.
 705:./Libraries/src/stm32f4xx_ltdc.c ****   */
 706:./Libraries/src/stm32f4xx_ltdc.c **** 
 707:./Libraries/src/stm32f4xx_ltdc.c **** void LTDC_LayerPosition(LTDC_Layer_TypeDef* LTDC_Layerx, uint16_t OffsetX, uint16_t OffsetY)
 708:./Libraries/src/stm32f4xx_ltdc.c **** {
 1269              		.loc 1 708 1 is_stmt 1 view -0
 1270              		.cfi_startproc
 1271              		@ args = 0, pretend = 0, frame = 0
 1272              		@ frame_needed = 0, uses_anonymous_args = 0
 1273              		@ link register save eliminated.
 1274              		.loc 1 708 1 is_stmt 0 view .LVU452
 1275 0000 10B4     		push	{r4}
 1276              	.LCFI11:
 1277              		.cfi_def_cfa_offset 4
 1278              		.cfi_offset 4, -4
 709:./Libraries/src/stm32f4xx_ltdc.c ****   
 710:./Libraries/src/stm32f4xx_ltdc.c ****   uint32_t tempreg, temp;
 1279              		.loc 1 710 3 is_stmt 1 view .LVU453
 711:./Libraries/src/stm32f4xx_ltdc.c ****   uint32_t horizontal_start;
 1280              		.loc 1 711 3 view .LVU454
 712:./Libraries/src/stm32f4xx_ltdc.c ****   uint32_t horizontal_stop;
 1281              		.loc 1 712 3 view .LVU455
 713:./Libraries/src/stm32f4xx_ltdc.c ****   uint32_t vertical_start;
 1282              		.loc 1 713 3 view .LVU456
 714:./Libraries/src/stm32f4xx_ltdc.c ****   uint32_t vertical_stop;
 1283              		.loc 1 714 3 view .LVU457
 715:./Libraries/src/stm32f4xx_ltdc.c ****   
 716:./Libraries/src/stm32f4xx_ltdc.c ****   LTDC_Layerx->WHPCR &= ~(LTDC_LxWHPCR_WHSTPOS | LTDC_LxWHPCR_WHSPPOS);
 1284              		.loc 1 716 3 view .LVU458
 1285              		.loc 1 716 14 is_stmt 0 view .LVU459
 1286 0002 4368     		ldr	r3, [r0, #4]
 1287              		.loc 1 716 22 view .LVU460
 1288 0004 03F47043 		and	r3, r3, #61440
 1289 0008 4360     		str	r3, [r0, #4]
 717:./Libraries/src/stm32f4xx_ltdc.c ****   LTDC_Layerx->WVPCR &= ~(LTDC_LxWVPCR_WVSTPOS | LTDC_LxWVPCR_WVSPPOS);
 1290              		.loc 1 717 3 is_stmt 1 view .LVU461
 1291              		.loc 1 717 14 is_stmt 0 view .LVU462
 1292 000a 8368     		ldr	r3, [r0, #8]
 1293              		.loc 1 717 22 view .LVU463
 1294 000c 03F47043 		and	r3, r3, #61440
 1295 0010 8360     		str	r3, [r0, #8]
 718:./Libraries/src/stm32f4xx_ltdc.c ****   
 719:./Libraries/src/stm32f4xx_ltdc.c ****   /* Reconfigures the horizontal and vertical start position */
 720:./Libraries/src/stm32f4xx_ltdc.c ****   tempreg = LTDC->BPCR;
 1296              		.loc 1 720 3 is_stmt 1 view .LVU464
 1297              		.loc 1 720 11 is_stmt 0 view .LVU465
 1298 0012 194B     		ldr	r3, .L74
 1299 0014 DC68     		ldr	r4, [r3, #12]
 1300              	.LVL57:
 721:./Libraries/src/stm32f4xx_ltdc.c ****   horizontal_start = (tempreg >> 16) + 1 + OffsetX;
 1301              		.loc 1 721 3 is_stmt 1 view .LVU466
ARM GAS  /tmp/cciVGXQG.s 			page 36


 1302              		.loc 1 721 42 is_stmt 0 view .LVU467
 1303 0016 01EB1443 		add	r3, r1, r4, lsr #16
 1304              		.loc 1 721 20 view .LVU468
 1305 001a 03F1010C 		add	ip, r3, #1
 1306              	.LVL58:
 722:./Libraries/src/stm32f4xx_ltdc.c ****   vertical_start = (tempreg & 0xFFFF) + 1 + OffsetY;
 1307              		.loc 1 722 3 is_stmt 1 view .LVU469
 1308              		.loc 1 722 43 is_stmt 0 view .LVU470
 1309 001e 12FA84F2 		uxtah	r2, r2, r4
 1310              	.LVL59:
 1311              		.loc 1 722 18 view .LVU471
 1312 0022 0132     		adds	r2, r2, #1
 1313              	.LVL60:
 723:./Libraries/src/stm32f4xx_ltdc.c ****   
 724:./Libraries/src/stm32f4xx_ltdc.c ****   /* Reconfigures the horizontal and vertical stop position */
 725:./Libraries/src/stm32f4xx_ltdc.c ****   /* Get the number of byte per pixel */
 726:./Libraries/src/stm32f4xx_ltdc.c ****   
 727:./Libraries/src/stm32f4xx_ltdc.c ****   tempreg = LTDC_Layerx->PFCR;
 1314              		.loc 1 727 3 is_stmt 1 view .LVU472
 1315              		.loc 1 727 11 is_stmt 0 view .LVU473
 1316 0024 0169     		ldr	r1, [r0, #16]
 1317              	.LVL61:
 728:./Libraries/src/stm32f4xx_ltdc.c ****   
 729:./Libraries/src/stm32f4xx_ltdc.c ****   if (tempreg == LTDC_Pixelformat_ARGB8888)
 1318              		.loc 1 729 3 is_stmt 1 view .LVU474
 1319 0026 0729     		cmp	r1, #7
 1320 0028 05D8     		bhi	.L63
 1321 002a DFE801F0 		tbb	[pc, r1]
 1322              	.L65:
 1323 002e 23       		.byte	(.L71-.L65)/2
 1324 002f 1B       		.byte	(.L69-.L65)/2
 1325 0030 05       		.byte	(.L70-.L65)/2
 1326 0031 1F       		.byte	(.L67-.L65)/2
 1327 0032 1D       		.byte	(.L66-.L65)/2
 1328 0033 04       		.byte	(.L63-.L65)/2
 1329 0034 04       		.byte	(.L63-.L65)/2
 1330 0035 21       		.byte	(.L64-.L65)/2
 1331              		.p2align 1
 1332              	.L63:
 727:./Libraries/src/stm32f4xx_ltdc.c ****   
 1333              		.loc 1 727 11 is_stmt 0 view .LVU475
 1334 0036 0121     		movs	r1, #1
 1335              	.LVL62:
 1336              	.L70:
 730:./Libraries/src/stm32f4xx_ltdc.c ****   {
 731:./Libraries/src/stm32f4xx_ltdc.c ****     temp = 4;
 732:./Libraries/src/stm32f4xx_ltdc.c ****   }
 733:./Libraries/src/stm32f4xx_ltdc.c ****   else if (tempreg == LTDC_Pixelformat_RGB888)
 734:./Libraries/src/stm32f4xx_ltdc.c ****   {
 735:./Libraries/src/stm32f4xx_ltdc.c ****     temp = 3;
 736:./Libraries/src/stm32f4xx_ltdc.c ****   }
 737:./Libraries/src/stm32f4xx_ltdc.c ****   else if ((tempreg == LTDC_Pixelformat_ARGB4444) || 
 738:./Libraries/src/stm32f4xx_ltdc.c ****           (tempreg == LTDC_Pixelformat_RGB565)    ||  
 739:./Libraries/src/stm32f4xx_ltdc.c ****           (tempreg == LTDC_Pixelformat_ARGB1555)  ||
 740:./Libraries/src/stm32f4xx_ltdc.c ****           (tempreg == LTDC_Pixelformat_AL88))
 741:./Libraries/src/stm32f4xx_ltdc.c ****   {
 742:./Libraries/src/stm32f4xx_ltdc.c ****     temp = 2;  
ARM GAS  /tmp/cciVGXQG.s 			page 37


 743:./Libraries/src/stm32f4xx_ltdc.c ****   }
 744:./Libraries/src/stm32f4xx_ltdc.c ****   else
 745:./Libraries/src/stm32f4xx_ltdc.c ****   {
 746:./Libraries/src/stm32f4xx_ltdc.c ****     temp = 1;
 747:./Libraries/src/stm32f4xx_ltdc.c ****   }  
 748:./Libraries/src/stm32f4xx_ltdc.c ****     
 749:./Libraries/src/stm32f4xx_ltdc.c ****   tempreg = LTDC_Layerx->CFBLR;
 1337              		.loc 1 749 3 is_stmt 1 view .LVU476
 1338              		.loc 1 749 11 is_stmt 0 view .LVU477
 1339 0038 C36A     		ldr	r3, [r0, #44]
 1340              	.LVL63:
 750:./Libraries/src/stm32f4xx_ltdc.c ****   horizontal_stop = (((tempreg & 0x1FFF) - 3)/temp) + horizontal_start - 1;
 1341              		.loc 1 750 3 is_stmt 1 view .LVU478
 1342              		.loc 1 750 32 is_stmt 0 view .LVU479
 1343 003a C3F30C03 		ubfx	r3, r3, #0, #13
 1344              	.LVL64:
 1345              		.loc 1 750 42 view .LVU480
 1346 003e 033B     		subs	r3, r3, #3
 1347              		.loc 1 750 46 view .LVU481
 1348 0040 B3FBF1F3 		udiv	r3, r3, r1
 1349              		.loc 1 750 53 view .LVU482
 1350 0044 6344     		add	r3, r3, ip
 1351              		.loc 1 750 19 view .LVU483
 1352 0046 013B     		subs	r3, r3, #1
 1353              	.LVL65:
 751:./Libraries/src/stm32f4xx_ltdc.c ****   
 752:./Libraries/src/stm32f4xx_ltdc.c ****   tempreg = LTDC_Layerx->CFBLNR;
 1354              		.loc 1 752 3 is_stmt 1 view .LVU484
 1355              		.loc 1 752 11 is_stmt 0 view .LVU485
 1356 0048 016B     		ldr	r1, [r0, #48]
 1357              	.LVL66:
 753:./Libraries/src/stm32f4xx_ltdc.c ****   vertical_stop = (tempreg & 0x7FF) + vertical_start - 1;  
 1358              		.loc 1 753 3 is_stmt 1 view .LVU486
 1359              		.loc 1 753 28 is_stmt 0 view .LVU487
 1360 004a C1F30A01 		ubfx	r1, r1, #0, #11
 1361              	.LVL67:
 1362              		.loc 1 753 37 view .LVU488
 1363 004e 1144     		add	r1, r1, r2
 1364              		.loc 1 753 17 view .LVU489
 1365 0050 0139     		subs	r1, r1, #1
 1366              	.LVL68:
 754:./Libraries/src/stm32f4xx_ltdc.c ****   
 755:./Libraries/src/stm32f4xx_ltdc.c ****   LTDC_Layerx->WHPCR = horizontal_start | (horizontal_stop << 16);
 1367              		.loc 1 755 3 is_stmt 1 view .LVU490
 1368              		.loc 1 755 41 is_stmt 0 view .LVU491
 1369 0052 4CEA0343 		orr	r3, ip, r3, lsl #16
 1370              	.LVL69:
 1371              		.loc 1 755 22 view .LVU492
 1372 0056 4360     		str	r3, [r0, #4]
 756:./Libraries/src/stm32f4xx_ltdc.c ****   LTDC_Layerx->WVPCR = vertical_start | (vertical_stop << 16);  
 1373              		.loc 1 756 3 is_stmt 1 view .LVU493
 1374              		.loc 1 756 39 is_stmt 0 view .LVU494
 1375 0058 42EA0142 		orr	r2, r2, r1, lsl #16
 1376              	.LVL70:
 1377              		.loc 1 756 22 view .LVU495
 1378 005c 8260     		str	r2, [r0, #8]
 757:./Libraries/src/stm32f4xx_ltdc.c **** }
ARM GAS  /tmp/cciVGXQG.s 			page 38


 1379              		.loc 1 757 1 view .LVU496
 1380 005e 5DF8044B 		ldr	r4, [sp], #4
 1381              	.LCFI12:
 1382              		.cfi_remember_state
 1383              		.cfi_restore 4
 1384              		.cfi_def_cfa_offset 0
 1385              	.LVL71:
 1386              		.loc 1 757 1 view .LVU497
 1387 0062 7047     		bx	lr
 1388              	.LVL72:
 1389              	.L69:
 1390              	.LCFI13:
 1391              		.cfi_restore_state
 727:./Libraries/src/stm32f4xx_ltdc.c ****   
 1392              		.loc 1 727 11 view .LVU498
 1393 0064 0321     		movs	r1, #3
 1394              	.LVL73:
 727:./Libraries/src/stm32f4xx_ltdc.c ****   
 1395              		.loc 1 727 11 view .LVU499
 1396 0066 E7E7     		b	.L70
 1397              	.LVL74:
 1398              	.L66:
 727:./Libraries/src/stm32f4xx_ltdc.c ****   
 1399              		.loc 1 727 11 view .LVU500
 1400 0068 0221     		movs	r1, #2
 1401              	.LVL75:
 727:./Libraries/src/stm32f4xx_ltdc.c ****   
 1402              		.loc 1 727 11 view .LVU501
 1403 006a E5E7     		b	.L70
 1404              	.LVL76:
 1405              	.L67:
 727:./Libraries/src/stm32f4xx_ltdc.c ****   
 1406              		.loc 1 727 11 view .LVU502
 1407 006c 0221     		movs	r1, #2
 1408              	.LVL77:
 727:./Libraries/src/stm32f4xx_ltdc.c ****   
 1409              		.loc 1 727 11 view .LVU503
 1410 006e E3E7     		b	.L70
 1411              	.LVL78:
 1412              	.L64:
 727:./Libraries/src/stm32f4xx_ltdc.c ****   
 1413              		.loc 1 727 11 view .LVU504
 1414 0070 0221     		movs	r1, #2
 1415              	.LVL79:
 727:./Libraries/src/stm32f4xx_ltdc.c ****   
 1416              		.loc 1 727 11 view .LVU505
 1417 0072 E1E7     		b	.L70
 1418              	.LVL80:
 1419              	.L71:
 727:./Libraries/src/stm32f4xx_ltdc.c ****   
 1420              		.loc 1 727 11 view .LVU506
 1421 0074 0421     		movs	r1, #4
 1422              	.LVL81:
 727:./Libraries/src/stm32f4xx_ltdc.c ****   
 1423              		.loc 1 727 11 view .LVU507
 1424 0076 DFE7     		b	.L70
 1425              	.L75:
ARM GAS  /tmp/cciVGXQG.s 			page 39


 1426              		.align	2
 1427              	.L74:
 1428 0078 00680140 		.word	1073833984
 1429              		.cfi_endproc
 1430              	.LFE143:
 1432              		.section	.text.LTDC_LayerAlpha,"ax",%progbits
 1433              		.align	1
 1434              		.global	LTDC_LayerAlpha
 1435              		.syntax unified
 1436              		.thumb
 1437              		.thumb_func
 1439              	LTDC_LayerAlpha:
 1440              	.LVL82:
 1441              	.LFB144:
 758:./Libraries/src/stm32f4xx_ltdc.c ****   
 759:./Libraries/src/stm32f4xx_ltdc.c **** /**
 760:./Libraries/src/stm32f4xx_ltdc.c ****   * @brief  reconfigure constant alpha.
 761:./Libraries/src/stm32f4xx_ltdc.c ****   * @param  ConstantAlpha: constant alpha value.
 762:./Libraries/src/stm32f4xx_ltdc.c ****   * @param  LTDC_layerx: Select the layer to be configured, this parameter can be 
 763:./Libraries/src/stm32f4xx_ltdc.c ****   *         one of the following values: LTDC_Layer1, LTDC_Layer2    
 764:./Libraries/src/stm32f4xx_ltdc.c ****   * @retval Reload of the shadow registers values must be applied after constant 
 765:./Libraries/src/stm32f4xx_ltdc.c ****   *         alpha reconfiguration.         
 766:./Libraries/src/stm32f4xx_ltdc.c ****   */
 767:./Libraries/src/stm32f4xx_ltdc.c **** 
 768:./Libraries/src/stm32f4xx_ltdc.c **** void LTDC_LayerAlpha(LTDC_Layer_TypeDef* LTDC_Layerx, uint8_t ConstantAlpha)
 769:./Libraries/src/stm32f4xx_ltdc.c **** {  
 1442              		.loc 1 769 1 is_stmt 1 view -0
 1443              		.cfi_startproc
 1444              		@ args = 0, pretend = 0, frame = 0
 1445              		@ frame_needed = 0, uses_anonymous_args = 0
 1446              		@ link register save eliminated.
 770:./Libraries/src/stm32f4xx_ltdc.c ****   /* reconfigure the constant alpha value */      
 771:./Libraries/src/stm32f4xx_ltdc.c ****   LTDC_Layerx->CACR = ConstantAlpha;
 1447              		.loc 1 771 3 view .LVU509
 1448              		.loc 1 771 21 is_stmt 0 view .LVU510
 1449 0000 4161     		str	r1, [r0, #20]
 772:./Libraries/src/stm32f4xx_ltdc.c **** }
 1450              		.loc 1 772 1 view .LVU511
 1451 0002 7047     		bx	lr
 1452              		.cfi_endproc
 1453              	.LFE144:
 1455              		.section	.text.LTDC_LayerAddress,"ax",%progbits
 1456              		.align	1
 1457              		.global	LTDC_LayerAddress
 1458              		.syntax unified
 1459              		.thumb
 1460              		.thumb_func
 1462              	LTDC_LayerAddress:
 1463              	.LVL83:
 1464              	.LFB145:
 773:./Libraries/src/stm32f4xx_ltdc.c **** 
 774:./Libraries/src/stm32f4xx_ltdc.c **** /**
 775:./Libraries/src/stm32f4xx_ltdc.c ****   * @brief  reconfigure layer address.
 776:./Libraries/src/stm32f4xx_ltdc.c ****   * @param  Address: The color frame buffer start address.
 777:./Libraries/src/stm32f4xx_ltdc.c ****   * @param  LTDC_layerx: Select the layer to be configured, this parameter can be 
 778:./Libraries/src/stm32f4xx_ltdc.c ****   *         one of the following values: LTDC_Layer1, LTDC_Layer2     
 779:./Libraries/src/stm32f4xx_ltdc.c ****   * @retval Reload of the shadow registers values must be applied after layer 
ARM GAS  /tmp/cciVGXQG.s 			page 40


 780:./Libraries/src/stm32f4xx_ltdc.c ****   *         address reconfiguration.
 781:./Libraries/src/stm32f4xx_ltdc.c ****   */
 782:./Libraries/src/stm32f4xx_ltdc.c **** 
 783:./Libraries/src/stm32f4xx_ltdc.c **** void LTDC_LayerAddress(LTDC_Layer_TypeDef* LTDC_Layerx, uint32_t Address)
 784:./Libraries/src/stm32f4xx_ltdc.c **** {
 1465              		.loc 1 784 1 is_stmt 1 view -0
 1466              		.cfi_startproc
 1467              		@ args = 0, pretend = 0, frame = 0
 1468              		@ frame_needed = 0, uses_anonymous_args = 0
 1469              		@ link register save eliminated.
 785:./Libraries/src/stm32f4xx_ltdc.c ****   /* Reconfigures the color frame buffer start address */
 786:./Libraries/src/stm32f4xx_ltdc.c ****   LTDC_Layerx->CFBAR = Address;
 1470              		.loc 1 786 3 view .LVU513
 1471              		.loc 1 786 22 is_stmt 0 view .LVU514
 1472 0000 8162     		str	r1, [r0, #40]
 787:./Libraries/src/stm32f4xx_ltdc.c **** }
 1473              		.loc 1 787 1 view .LVU515
 1474 0002 7047     		bx	lr
 1475              		.cfi_endproc
 1476              	.LFE145:
 1478              		.section	.text.LTDC_LayerSize,"ax",%progbits
 1479              		.align	1
 1480              		.global	LTDC_LayerSize
 1481              		.syntax unified
 1482              		.thumb
 1483              		.thumb_func
 1485              	LTDC_LayerSize:
 1486              	.LVL84:
 1487              	.LFB146:
 788:./Libraries/src/stm32f4xx_ltdc.c ****   
 789:./Libraries/src/stm32f4xx_ltdc.c **** /**
 790:./Libraries/src/stm32f4xx_ltdc.c ****   * @brief  reconfigure layer size.
 791:./Libraries/src/stm32f4xx_ltdc.c ****   * @param  Width: layer window width.
 792:./Libraries/src/stm32f4xx_ltdc.c ****   * @param  Height: layer window height.   
 793:./Libraries/src/stm32f4xx_ltdc.c ****   * @param  LTDC_layerx: Select the layer to be configured, this parameter can be 
 794:./Libraries/src/stm32f4xx_ltdc.c ****   *         one of the following values: LTDC_Layer1, LTDC_Layer2   
 795:./Libraries/src/stm32f4xx_ltdc.c ****   * @retval Reload of the shadow registers values must be applied after layer 
 796:./Libraries/src/stm32f4xx_ltdc.c ****   *         size reconfiguration.
 797:./Libraries/src/stm32f4xx_ltdc.c ****   */
 798:./Libraries/src/stm32f4xx_ltdc.c **** 
 799:./Libraries/src/stm32f4xx_ltdc.c **** void LTDC_LayerSize(LTDC_Layer_TypeDef* LTDC_Layerx, uint32_t Width, uint32_t Height)
 800:./Libraries/src/stm32f4xx_ltdc.c **** {
 1488              		.loc 1 800 1 is_stmt 1 view -0
 1489              		.cfi_startproc
 1490              		@ args = 0, pretend = 0, frame = 0
 1491              		@ frame_needed = 0, uses_anonymous_args = 0
 1492              		.loc 1 800 1 is_stmt 0 view .LVU517
 1493 0000 30B5     		push	{r4, r5, lr}
 1494              	.LCFI14:
 1495              		.cfi_def_cfa_offset 12
 1496              		.cfi_offset 4, -12
 1497              		.cfi_offset 5, -8
 1498              		.cfi_offset 14, -4
 801:./Libraries/src/stm32f4xx_ltdc.c **** 
 802:./Libraries/src/stm32f4xx_ltdc.c ****   uint8_t temp;
 1499              		.loc 1 802 3 is_stmt 1 view .LVU518
 803:./Libraries/src/stm32f4xx_ltdc.c ****   uint32_t tempreg;
ARM GAS  /tmp/cciVGXQG.s 			page 41


 1500              		.loc 1 803 3 view .LVU519
 804:./Libraries/src/stm32f4xx_ltdc.c ****   uint32_t horizontal_start;
 1501              		.loc 1 804 3 view .LVU520
 805:./Libraries/src/stm32f4xx_ltdc.c ****   uint32_t horizontal_stop;
 1502              		.loc 1 805 3 view .LVU521
 806:./Libraries/src/stm32f4xx_ltdc.c ****   uint32_t vertical_start;
 1503              		.loc 1 806 3 view .LVU522
 807:./Libraries/src/stm32f4xx_ltdc.c ****   uint32_t vertical_stop;  
 1504              		.loc 1 807 3 view .LVU523
 808:./Libraries/src/stm32f4xx_ltdc.c ****   
 809:./Libraries/src/stm32f4xx_ltdc.c ****   tempreg = LTDC_Layerx->PFCR;
 1505              		.loc 1 809 3 view .LVU524
 1506              		.loc 1 809 11 is_stmt 0 view .LVU525
 1507 0002 0369     		ldr	r3, [r0, #16]
 1508              	.LVL85:
 810:./Libraries/src/stm32f4xx_ltdc.c ****   
 811:./Libraries/src/stm32f4xx_ltdc.c ****   if (tempreg == LTDC_Pixelformat_ARGB8888)
 1509              		.loc 1 811 3 is_stmt 1 view .LVU526
 1510 0004 072B     		cmp	r3, #7
 1511 0006 05D8     		bhi	.L79
 1512 0008 DFE803F0 		tbb	[pc, r3]
 1513              	.L81:
 1514 000c 2E       		.byte	(.L87-.L81)/2
 1515 000d 1F       		.byte	(.L85-.L81)/2
 1516 000e 25       		.byte	(.L84-.L81)/2
 1517 000f 28       		.byte	(.L83-.L81)/2
 1518 0010 22       		.byte	(.L82-.L81)/2
 1519 0011 04       		.byte	(.L79-.L81)/2
 1520 0012 04       		.byte	(.L79-.L81)/2
 1521 0013 2B       		.byte	(.L80-.L81)/2
 1522              		.p2align 1
 1523              	.L79:
 809:./Libraries/src/stm32f4xx_ltdc.c ****   
 1524              		.loc 1 809 11 is_stmt 0 view .LVU527
 1525 0014 4FF0010E 		mov	lr, #1
 1526              	.L86:
 1527              	.LVL86:
 812:./Libraries/src/stm32f4xx_ltdc.c ****   {
 813:./Libraries/src/stm32f4xx_ltdc.c ****     temp = 4;
 814:./Libraries/src/stm32f4xx_ltdc.c ****   }
 815:./Libraries/src/stm32f4xx_ltdc.c ****   else if (tempreg == LTDC_Pixelformat_RGB888)
 816:./Libraries/src/stm32f4xx_ltdc.c ****   {
 817:./Libraries/src/stm32f4xx_ltdc.c ****     temp = 3;
 818:./Libraries/src/stm32f4xx_ltdc.c ****   }
 819:./Libraries/src/stm32f4xx_ltdc.c ****   else if ((tempreg == LTDC_Pixelformat_ARGB4444) || \
 820:./Libraries/src/stm32f4xx_ltdc.c ****           (tempreg == LTDC_Pixelformat_RGB565)    || \
 821:./Libraries/src/stm32f4xx_ltdc.c ****           (tempreg == LTDC_Pixelformat_ARGB1555)  || \
 822:./Libraries/src/stm32f4xx_ltdc.c ****           (tempreg == LTDC_Pixelformat_AL88))
 823:./Libraries/src/stm32f4xx_ltdc.c ****   {
 824:./Libraries/src/stm32f4xx_ltdc.c ****     temp = 2;  
 825:./Libraries/src/stm32f4xx_ltdc.c ****   }
 826:./Libraries/src/stm32f4xx_ltdc.c ****   else
 827:./Libraries/src/stm32f4xx_ltdc.c ****   {
 828:./Libraries/src/stm32f4xx_ltdc.c ****     temp = 1;
 829:./Libraries/src/stm32f4xx_ltdc.c ****   }
 830:./Libraries/src/stm32f4xx_ltdc.c **** 
 831:./Libraries/src/stm32f4xx_ltdc.c ****   /* update horizontal and vertical stop */
ARM GAS  /tmp/cciVGXQG.s 			page 42


 832:./Libraries/src/stm32f4xx_ltdc.c ****   tempreg = LTDC_Layerx->WHPCR;
 1528              		.loc 1 832 3 is_stmt 1 view .LVU528
 1529              		.loc 1 832 11 is_stmt 0 view .LVU529
 1530 0018 4368     		ldr	r3, [r0, #4]
 1531              	.LVL87:
 833:./Libraries/src/stm32f4xx_ltdc.c ****   horizontal_start = (tempreg & 0x1FFF);
 1532              		.loc 1 833 3 is_stmt 1 view .LVU530
 1533              		.loc 1 833 20 is_stmt 0 view .LVU531
 1534 001a C3F30C0C 		ubfx	ip, r3, #0, #13
 1535              	.LVL88:
 834:./Libraries/src/stm32f4xx_ltdc.c ****   horizontal_stop = Width + horizontal_start - 1;  
 1536              		.loc 1 834 3 is_stmt 1 view .LVU532
 1537              		.loc 1 834 27 is_stmt 0 view .LVU533
 1538 001e 0CEB0104 		add	r4, ip, r1
 1539              		.loc 1 834 19 view .LVU534
 1540 0022 013C     		subs	r4, r4, #1
 1541              	.LVL89:
 835:./Libraries/src/stm32f4xx_ltdc.c **** 
 836:./Libraries/src/stm32f4xx_ltdc.c ****   tempreg = LTDC_Layerx->WVPCR;
 1542              		.loc 1 836 3 is_stmt 1 view .LVU535
 1543              		.loc 1 836 11 is_stmt 0 view .LVU536
 1544 0024 8368     		ldr	r3, [r0, #8]
 1545              	.LVL90:
 837:./Libraries/src/stm32f4xx_ltdc.c ****   vertical_start = (tempreg & 0x1FFF);
 1546              		.loc 1 837 3 is_stmt 1 view .LVU537
 1547              		.loc 1 837 18 is_stmt 0 view .LVU538
 1548 0026 C3F30C03 		ubfx	r3, r3, #0, #13
 1549              	.LVL91:
 838:./Libraries/src/stm32f4xx_ltdc.c ****   vertical_stop = Height + vertical_start - 1;  
 1550              		.loc 1 838 3 is_stmt 1 view .LVU539
 1551              		.loc 1 838 26 is_stmt 0 view .LVU540
 1552 002a 9D18     		adds	r5, r3, r2
 1553              		.loc 1 838 17 view .LVU541
 1554 002c 013D     		subs	r5, r5, #1
 1555              	.LVL92:
 839:./Libraries/src/stm32f4xx_ltdc.c ****   
 840:./Libraries/src/stm32f4xx_ltdc.c ****   LTDC_Layerx->WHPCR = horizontal_start | (horizontal_stop << 16);
 1556              		.loc 1 840 3 is_stmt 1 view .LVU542
 1557              		.loc 1 840 41 is_stmt 0 view .LVU543
 1558 002e 4CEA0444 		orr	r4, ip, r4, lsl #16
 1559              	.LVL93:
 1560              		.loc 1 840 22 view .LVU544
 1561 0032 4460     		str	r4, [r0, #4]
 841:./Libraries/src/stm32f4xx_ltdc.c ****   LTDC_Layerx->WVPCR = vertical_start | (vertical_stop << 16);  
 1562              		.loc 1 841 3 is_stmt 1 view .LVU545
 1563              		.loc 1 841 39 is_stmt 0 view .LVU546
 1564 0034 43EA0543 		orr	r3, r3, r5, lsl #16
 1565              	.LVL94:
 1566              		.loc 1 841 22 view .LVU547
 1567 0038 8360     		str	r3, [r0, #8]
 842:./Libraries/src/stm32f4xx_ltdc.c **** 
 843:./Libraries/src/stm32f4xx_ltdc.c ****   /* Reconfigures the color frame buffer pitch in byte */
 844:./Libraries/src/stm32f4xx_ltdc.c ****   LTDC_Layerx->CFBLR  = ((Width * temp) << 16) | ((Width * temp) + 3);  
 1568              		.loc 1 844 3 is_stmt 1 view .LVU548
 1569              		.loc 1 844 33 is_stmt 0 view .LVU549
 1570 003a 01FB0EF1 		mul	r1, r1, lr
 1571              	.LVL95:
ARM GAS  /tmp/cciVGXQG.s 			page 43


 1572              		.loc 1 844 66 view .LVU550
 1573 003e CB1C     		adds	r3, r1, #3
 1574              		.loc 1 844 48 view .LVU551
 1575 0040 43EA0143 		orr	r3, r3, r1, lsl #16
 1576              		.loc 1 844 23 view .LVU552
 1577 0044 C362     		str	r3, [r0, #44]
 845:./Libraries/src/stm32f4xx_ltdc.c **** 
 846:./Libraries/src/stm32f4xx_ltdc.c ****   /* Reconfigures the frame buffer line number */
 847:./Libraries/src/stm32f4xx_ltdc.c ****   LTDC_Layerx->CFBLNR  = Height;  
 1578              		.loc 1 847 3 is_stmt 1 view .LVU553
 1579              		.loc 1 847 24 is_stmt 0 view .LVU554
 1580 0046 0263     		str	r2, [r0, #48]
 848:./Libraries/src/stm32f4xx_ltdc.c ****   
 849:./Libraries/src/stm32f4xx_ltdc.c **** }
 1581              		.loc 1 849 1 view .LVU555
 1582 0048 30BD     		pop	{r4, r5, pc}
 1583              	.LVL96:
 1584              	.L85:
 809:./Libraries/src/stm32f4xx_ltdc.c ****   
 1585              		.loc 1 809 11 view .LVU556
 1586 004a 4FF0030E 		mov	lr, #3
 1587 004e E3E7     		b	.L86
 1588              	.L82:
 1589 0050 4FF0020E 		mov	lr, #2
 1590 0054 E0E7     		b	.L86
 1591              	.L84:
 1592 0056 4FF0020E 		mov	lr, #2
 1593 005a DDE7     		b	.L86
 1594              	.L83:
 1595 005c 4FF0020E 		mov	lr, #2
 1596 0060 DAE7     		b	.L86
 1597              	.L80:
 1598 0062 4FF0020E 		mov	lr, #2
 1599 0066 D7E7     		b	.L86
 1600              	.L87:
 1601 0068 4FF0040E 		mov	lr, #4
 1602 006c D4E7     		b	.L86
 1603              		.cfi_endproc
 1604              	.LFE146:
 1606              		.section	.text.LTDC_LayerPixelFormat,"ax",%progbits
 1607              		.align	1
 1608              		.global	LTDC_LayerPixelFormat
 1609              		.syntax unified
 1610              		.thumb
 1611              		.thumb_func
 1613              	LTDC_LayerPixelFormat:
 1614              	.LVL97:
 1615              	.LFB147:
 850:./Libraries/src/stm32f4xx_ltdc.c **** 
 851:./Libraries/src/stm32f4xx_ltdc.c **** /**
 852:./Libraries/src/stm32f4xx_ltdc.c ****   * @brief  reconfigure layer pixel format.
 853:./Libraries/src/stm32f4xx_ltdc.c ****   * @param  PixelFormat: reconfigure the pixel format, this parameter can be 
 854:./Libraries/src/stm32f4xx_ltdc.c ****   *         one of the following values:@ref LTDC_Pixelformat.   
 855:./Libraries/src/stm32f4xx_ltdc.c ****   * @param  LTDC_layerx: Select the layer to be configured, this parameter can be 
 856:./Libraries/src/stm32f4xx_ltdc.c ****   *         one of the following values: LTDC_Layer1, LTDC_Layer2   
 857:./Libraries/src/stm32f4xx_ltdc.c ****   * @retval Reload of the shadow registers values must be applied after layer 
 858:./Libraries/src/stm32f4xx_ltdc.c ****   *         pixel format reconfiguration.
ARM GAS  /tmp/cciVGXQG.s 			page 44


 859:./Libraries/src/stm32f4xx_ltdc.c ****   */
 860:./Libraries/src/stm32f4xx_ltdc.c **** 
 861:./Libraries/src/stm32f4xx_ltdc.c **** void LTDC_LayerPixelFormat(LTDC_Layer_TypeDef* LTDC_Layerx, uint32_t PixelFormat)
 862:./Libraries/src/stm32f4xx_ltdc.c **** {
 1616              		.loc 1 862 1 is_stmt 1 view -0
 1617              		.cfi_startproc
 1618              		@ args = 0, pretend = 0, frame = 0
 1619              		@ frame_needed = 0, uses_anonymous_args = 0
 1620              		@ link register save eliminated.
 863:./Libraries/src/stm32f4xx_ltdc.c **** 
 864:./Libraries/src/stm32f4xx_ltdc.c ****   uint8_t temp;
 1621              		.loc 1 864 3 view .LVU558
 865:./Libraries/src/stm32f4xx_ltdc.c ****   uint32_t tempreg;
 1622              		.loc 1 865 3 view .LVU559
 866:./Libraries/src/stm32f4xx_ltdc.c ****   
 867:./Libraries/src/stm32f4xx_ltdc.c ****   tempreg = LTDC_Layerx->PFCR;
 1623              		.loc 1 867 3 view .LVU560
 1624              		.loc 1 867 11 is_stmt 0 view .LVU561
 1625 0000 0369     		ldr	r3, [r0, #16]
 1626              	.LVL98:
 868:./Libraries/src/stm32f4xx_ltdc.c ****   
 869:./Libraries/src/stm32f4xx_ltdc.c ****   if (tempreg == LTDC_Pixelformat_ARGB8888)
 1627              		.loc 1 869 3 is_stmt 1 view .LVU562
 1628 0002 072B     		cmp	r3, #7
 1629 0004 05D8     		bhi	.L90
 1630 0006 DFE803F0 		tbb	[pc, r3]
 1631              	.L92:
 1632 000a 1B       		.byte	(.L106-.L92)/2
 1633 000b 11       		.byte	(.L96-.L92)/2
 1634 000c 15       		.byte	(.L95-.L92)/2
 1635 000d 17       		.byte	(.L94-.L92)/2
 1636 000e 13       		.byte	(.L93-.L92)/2
 1637 000f 04       		.byte	(.L90-.L92)/2
 1638 0010 04       		.byte	(.L90-.L92)/2
 1639 0011 19       		.byte	(.L91-.L92)/2
 1640              		.p2align 1
 1641              	.L90:
 867:./Libraries/src/stm32f4xx_ltdc.c ****   
 1642              		.loc 1 867 11 is_stmt 0 view .LVU563
 1643 0012 0122     		movs	r2, #1
 1644              	.L97:
 1645              	.LVL99:
 870:./Libraries/src/stm32f4xx_ltdc.c ****   {
 871:./Libraries/src/stm32f4xx_ltdc.c ****     temp = 4;
 872:./Libraries/src/stm32f4xx_ltdc.c ****   }
 873:./Libraries/src/stm32f4xx_ltdc.c ****   else if (tempreg == LTDC_Pixelformat_RGB888)
 874:./Libraries/src/stm32f4xx_ltdc.c ****   {
 875:./Libraries/src/stm32f4xx_ltdc.c ****     temp = 3;
 876:./Libraries/src/stm32f4xx_ltdc.c ****   }
 877:./Libraries/src/stm32f4xx_ltdc.c ****   else if ((tempreg == LTDC_Pixelformat_ARGB4444) || \
 878:./Libraries/src/stm32f4xx_ltdc.c ****           (tempreg == LTDC_Pixelformat_RGB565)    || \
 879:./Libraries/src/stm32f4xx_ltdc.c ****           (tempreg == LTDC_Pixelformat_ARGB1555)  || \
 880:./Libraries/src/stm32f4xx_ltdc.c ****           (tempreg == LTDC_Pixelformat_AL88))  
 881:./Libraries/src/stm32f4xx_ltdc.c ****   {
 882:./Libraries/src/stm32f4xx_ltdc.c ****     temp = 2;  
 883:./Libraries/src/stm32f4xx_ltdc.c ****   }
 884:./Libraries/src/stm32f4xx_ltdc.c ****   else
ARM GAS  /tmp/cciVGXQG.s 			page 45


 885:./Libraries/src/stm32f4xx_ltdc.c ****   {
 886:./Libraries/src/stm32f4xx_ltdc.c ****     temp = 1;
 887:./Libraries/src/stm32f4xx_ltdc.c ****   }
 888:./Libraries/src/stm32f4xx_ltdc.c ****   
 889:./Libraries/src/stm32f4xx_ltdc.c ****   tempreg = (LTDC_Layerx->CFBLR >> 16);
 1646              		.loc 1 889 3 is_stmt 1 view .LVU564
 1647              		.loc 1 889 25 is_stmt 0 view .LVU565
 1648 0014 C36A     		ldr	r3, [r0, #44]
 1649              	.LVL100:
 1650              		.loc 1 889 11 view .LVU566
 1651 0016 1B0C     		lsrs	r3, r3, #16
 1652              	.LVL101:
 890:./Libraries/src/stm32f4xx_ltdc.c ****   tempreg = (tempreg / temp); 
 1653              		.loc 1 890 3 is_stmt 1 view .LVU567
 1654              		.loc 1 890 11 is_stmt 0 view .LVU568
 1655 0018 B3FBF2F3 		udiv	r3, r3, r2
 1656              	.LVL102:
 891:./Libraries/src/stm32f4xx_ltdc.c ****   
 892:./Libraries/src/stm32f4xx_ltdc.c ****   if (PixelFormat == LTDC_Pixelformat_ARGB8888)
 1657              		.loc 1 892 3 is_stmt 1 view .LVU569
 1658 001c 0729     		cmp	r1, #7
 1659 001e 11D8     		bhi	.L98
 1660 0020 DFE801F0 		tbb	[pc, r1]
 1661              	.LVL103:
 1662              	.L100:
 1663 0024 23       		.byte	(.L107-.L100)/2
 1664 0025 19       		.byte	(.L104-.L100)/2
 1665 0026 1D       		.byte	(.L103-.L100)/2
 1666 0027 1F       		.byte	(.L102-.L100)/2
 1667 0028 1B       		.byte	(.L101-.L100)/2
 1668 0029 10       		.byte	(.L98-.L100)/2
 1669 002a 10       		.byte	(.L98-.L100)/2
 1670 002b 21       		.byte	(.L99-.L100)/2
 1671              		.p2align 1
 1672              	.L96:
 867:./Libraries/src/stm32f4xx_ltdc.c ****   
 1673              		.loc 1 867 11 is_stmt 0 view .LVU570
 1674 002c 0322     		movs	r2, #3
 1675 002e F1E7     		b	.L97
 1676              	.L93:
 1677 0030 0222     		movs	r2, #2
 1678 0032 EFE7     		b	.L97
 1679              	.L95:
 1680 0034 0222     		movs	r2, #2
 1681 0036 EDE7     		b	.L97
 1682              	.L94:
 1683 0038 0222     		movs	r2, #2
 1684 003a EBE7     		b	.L97
 1685              	.L91:
 1686 003c 0222     		movs	r2, #2
 1687 003e E9E7     		b	.L97
 1688              	.L106:
 1689 0040 0422     		movs	r2, #4
 1690 0042 E7E7     		b	.L97
 1691              	.LVL104:
 1692              	.L98:
 890:./Libraries/src/stm32f4xx_ltdc.c ****   tempreg = (tempreg / temp); 
ARM GAS  /tmp/cciVGXQG.s 			page 46


 1693              		.loc 1 890 11 view .LVU571
 1694 0044 0122     		movs	r2, #1
 1695              	.L105:
 1696              	.LVL105:
 893:./Libraries/src/stm32f4xx_ltdc.c ****   {
 894:./Libraries/src/stm32f4xx_ltdc.c ****     temp = 4;
 895:./Libraries/src/stm32f4xx_ltdc.c ****   }
 896:./Libraries/src/stm32f4xx_ltdc.c ****   else if (PixelFormat == LTDC_Pixelformat_RGB888)
 897:./Libraries/src/stm32f4xx_ltdc.c ****   {
 898:./Libraries/src/stm32f4xx_ltdc.c ****     temp = 3;
 899:./Libraries/src/stm32f4xx_ltdc.c ****   }
 900:./Libraries/src/stm32f4xx_ltdc.c ****   else if ((PixelFormat == LTDC_Pixelformat_ARGB4444) || \
 901:./Libraries/src/stm32f4xx_ltdc.c ****           (PixelFormat == LTDC_Pixelformat_RGB565)    || \
 902:./Libraries/src/stm32f4xx_ltdc.c ****           (PixelFormat == LTDC_Pixelformat_ARGB1555)  || \
 903:./Libraries/src/stm32f4xx_ltdc.c ****           (PixelFormat == LTDC_Pixelformat_AL88))
 904:./Libraries/src/stm32f4xx_ltdc.c ****   {
 905:./Libraries/src/stm32f4xx_ltdc.c ****     temp = 2;  
 906:./Libraries/src/stm32f4xx_ltdc.c ****   }
 907:./Libraries/src/stm32f4xx_ltdc.c ****   else
 908:./Libraries/src/stm32f4xx_ltdc.c ****   {
 909:./Libraries/src/stm32f4xx_ltdc.c ****     temp = 1;
 910:./Libraries/src/stm32f4xx_ltdc.c ****   }
 911:./Libraries/src/stm32f4xx_ltdc.c ****   
 912:./Libraries/src/stm32f4xx_ltdc.c ****   /* Reconfigures the color frame buffer pitch in byte */
 913:./Libraries/src/stm32f4xx_ltdc.c ****   LTDC_Layerx->CFBLR  = ((tempreg * temp) << 16) | ((tempreg * temp) + 3);  
 1697              		.loc 1 913 3 is_stmt 1 view .LVU572
 1698              		.loc 1 913 35 is_stmt 0 view .LVU573
 1699 0046 02FB03F3 		mul	r3, r2, r3
 1700              	.LVL106:
 1701              		.loc 1 913 70 view .LVU574
 1702 004a DA1C     		adds	r2, r3, #3
 1703              	.LVL107:
 1704              		.loc 1 913 50 view .LVU575
 1705 004c 42EA0343 		orr	r3, r2, r3, lsl #16
 1706              		.loc 1 913 23 view .LVU576
 1707 0050 C362     		str	r3, [r0, #44]
 914:./Libraries/src/stm32f4xx_ltdc.c **** 
 915:./Libraries/src/stm32f4xx_ltdc.c ****   /* Reconfigures the color frame buffer start address */
 916:./Libraries/src/stm32f4xx_ltdc.c ****   LTDC_Layerx->PFCR = PixelFormat;
 1708              		.loc 1 916 3 is_stmt 1 view .LVU577
 1709              		.loc 1 916 21 is_stmt 0 view .LVU578
 1710 0052 0161     		str	r1, [r0, #16]
 917:./Libraries/src/stm32f4xx_ltdc.c ****     
 918:./Libraries/src/stm32f4xx_ltdc.c **** }
 1711              		.loc 1 918 1 view .LVU579
 1712 0054 7047     		bx	lr
 1713              	.LVL108:
 1714              	.L104:
 890:./Libraries/src/stm32f4xx_ltdc.c ****   
 1715              		.loc 1 890 11 view .LVU580
 1716 0056 0322     		movs	r2, #3
 1717 0058 F5E7     		b	.L105
 1718              	.L101:
 1719 005a 0222     		movs	r2, #2
 1720 005c F3E7     		b	.L105
 1721              	.L103:
 1722 005e 0222     		movs	r2, #2
ARM GAS  /tmp/cciVGXQG.s 			page 47


 1723 0060 F1E7     		b	.L105
 1724              	.L102:
 1725 0062 0222     		movs	r2, #2
 1726 0064 EFE7     		b	.L105
 1727              	.L99:
 1728 0066 0222     		movs	r2, #2
 1729 0068 EDE7     		b	.L105
 1730              	.L107:
 1731 006a 0422     		movs	r2, #4
 1732 006c EBE7     		b	.L105
 1733              		.cfi_endproc
 1734              	.LFE147:
 1736              		.section	.text.LTDC_ITConfig,"ax",%progbits
 1737              		.align	1
 1738              		.global	LTDC_ITConfig
 1739              		.syntax unified
 1740              		.thumb
 1741              		.thumb_func
 1743              	LTDC_ITConfig:
 1744              	.LVL109:
 1745              	.LFB148:
 919:./Libraries/src/stm32f4xx_ltdc.c ****     
 920:./Libraries/src/stm32f4xx_ltdc.c **** /**
 921:./Libraries/src/stm32f4xx_ltdc.c ****   * @}
 922:./Libraries/src/stm32f4xx_ltdc.c ****   */
 923:./Libraries/src/stm32f4xx_ltdc.c **** 
 924:./Libraries/src/stm32f4xx_ltdc.c **** /** @defgroup LTDC_Group2 Interrupts and flags management functions
 925:./Libraries/src/stm32f4xx_ltdc.c ****  *  @brief   Interrupts and flags management functions
 926:./Libraries/src/stm32f4xx_ltdc.c ****  *
 927:./Libraries/src/stm32f4xx_ltdc.c **** @verbatim
 928:./Libraries/src/stm32f4xx_ltdc.c ****  ===============================================================================
 929:./Libraries/src/stm32f4xx_ltdc.c ****             ##### Interrupts and flags management functions #####
 930:./Libraries/src/stm32f4xx_ltdc.c ****  ===============================================================================
 931:./Libraries/src/stm32f4xx_ltdc.c **** 
 932:./Libraries/src/stm32f4xx_ltdc.c ****     [..] This section provides functions allowing to configure the LTDC Interrupts 
 933:./Libraries/src/stm32f4xx_ltdc.c ****          and to get the status and clear flags and Interrupts pending bits.
 934:./Libraries/src/stm32f4xx_ltdc.c ****   
 935:./Libraries/src/stm32f4xx_ltdc.c ****     [..] The LTDC provides 4 Interrupts sources and 4 Flags
 936:./Libraries/src/stm32f4xx_ltdc.c ****     
 937:./Libraries/src/stm32f4xx_ltdc.c ****     *** Flags ***
 938:./Libraries/src/stm32f4xx_ltdc.c ****     =============
 939:./Libraries/src/stm32f4xx_ltdc.c ****     [..]
 940:./Libraries/src/stm32f4xx_ltdc.c ****       (+) LTDC_FLAG_LI:   Line Interrupt flag.
 941:./Libraries/src/stm32f4xx_ltdc.c ****       (+) LTDC_FLAG_FU:   FIFO Underrun Interrupt flag.
 942:./Libraries/src/stm32f4xx_ltdc.c ****       (+) LTDC_FLAG_TERR: Transfer Error Interrupt flag.
 943:./Libraries/src/stm32f4xx_ltdc.c ****       (+) LTDC_FLAG_RR:   Register Reload interrupt flag.
 944:./Libraries/src/stm32f4xx_ltdc.c ****       
 945:./Libraries/src/stm32f4xx_ltdc.c ****     *** Interrupts ***
 946:./Libraries/src/stm32f4xx_ltdc.c ****     ==================
 947:./Libraries/src/stm32f4xx_ltdc.c ****     [..]
 948:./Libraries/src/stm32f4xx_ltdc.c ****       (+) LTDC_IT_LI: Line Interrupt is generated when a programmed line 
 949:./Libraries/src/stm32f4xx_ltdc.c ****                       is reached. The line interrupt position is programmed in 
 950:./Libraries/src/stm32f4xx_ltdc.c ****                       the LTDC_LIPR register.
 951:./Libraries/src/stm32f4xx_ltdc.c ****       (+) LTDC_IT_FU: FIFO Underrun interrupt is generated when a pixel is requested 
 952:./Libraries/src/stm32f4xx_ltdc.c ****                       from an empty layer FIFO
 953:./Libraries/src/stm32f4xx_ltdc.c ****       (+) LTDC_IT_TERR: Transfer Error interrupt is generated when an AHB bus 
 954:./Libraries/src/stm32f4xx_ltdc.c ****                         error occurs during data transfer.
ARM GAS  /tmp/cciVGXQG.s 			page 48


 955:./Libraries/src/stm32f4xx_ltdc.c ****       (+) LTDC_IT_RR: Register Reload interrupt is generated when the shadow 
 956:./Libraries/src/stm32f4xx_ltdc.c ****                       registers reload was performed during the vertical blanking 
 957:./Libraries/src/stm32f4xx_ltdc.c ****                       period.
 958:./Libraries/src/stm32f4xx_ltdc.c ****                
 959:./Libraries/src/stm32f4xx_ltdc.c **** @endverbatim
 960:./Libraries/src/stm32f4xx_ltdc.c ****   * @{
 961:./Libraries/src/stm32f4xx_ltdc.c ****   */
 962:./Libraries/src/stm32f4xx_ltdc.c **** 
 963:./Libraries/src/stm32f4xx_ltdc.c **** /**
 964:./Libraries/src/stm32f4xx_ltdc.c ****   * @brief  Enables or disables the specified LTDC's interrupts.
 965:./Libraries/src/stm32f4xx_ltdc.c ****   * @param  LTDC_IT: specifies the LTDC interrupts sources to be enabled or disabled.
 966:./Libraries/src/stm32f4xx_ltdc.c ****   *   This parameter can be any combination of the following values:
 967:./Libraries/src/stm32f4xx_ltdc.c ****   *     @arg LTDC_IT_LI: Line Interrupt Enable.
 968:./Libraries/src/stm32f4xx_ltdc.c ****   *     @arg LTDC_IT_FU: FIFO Underrun Interrupt Enable.
 969:./Libraries/src/stm32f4xx_ltdc.c ****   *     @arg LTDC_IT_TERR: Transfer Error Interrupt Enable.
 970:./Libraries/src/stm32f4xx_ltdc.c ****   *     @arg LTDC_IT_RR: Register Reload interrupt enable.  
 971:./Libraries/src/stm32f4xx_ltdc.c ****   * @param NewState: new state of the specified LTDC interrupts.
 972:./Libraries/src/stm32f4xx_ltdc.c ****   *   This parameter can be: ENABLE or DISABLE.
 973:./Libraries/src/stm32f4xx_ltdc.c ****   * @retval None
 974:./Libraries/src/stm32f4xx_ltdc.c ****   */
 975:./Libraries/src/stm32f4xx_ltdc.c **** void LTDC_ITConfig(uint32_t LTDC_IT, FunctionalState NewState)
 976:./Libraries/src/stm32f4xx_ltdc.c **** {
 1746              		.loc 1 976 1 is_stmt 1 view -0
 1747              		.cfi_startproc
 1748              		@ args = 0, pretend = 0, frame = 0
 1749              		@ frame_needed = 0, uses_anonymous_args = 0
 1750              		@ link register save eliminated.
 977:./Libraries/src/stm32f4xx_ltdc.c ****   /* Check the parameters */
 978:./Libraries/src/stm32f4xx_ltdc.c ****   assert_param(IS_LTDC_IT(LTDC_IT));
 1751              		.loc 1 978 3 view .LVU582
 979:./Libraries/src/stm32f4xx_ltdc.c ****   assert_param(IS_FUNCTIONAL_STATE(NewState));
 1752              		.loc 1 979 3 view .LVU583
 980:./Libraries/src/stm32f4xx_ltdc.c **** 
 981:./Libraries/src/stm32f4xx_ltdc.c ****   if (NewState != DISABLE)
 1753              		.loc 1 981 3 view .LVU584
 1754              		.loc 1 981 6 is_stmt 0 view .LVU585
 1755 0000 21B1     		cbz	r1, .L109
 982:./Libraries/src/stm32f4xx_ltdc.c ****   {
 983:./Libraries/src/stm32f4xx_ltdc.c ****     LTDC->IER |= LTDC_IT;
 1756              		.loc 1 983 5 is_stmt 1 view .LVU586
 1757              		.loc 1 983 9 is_stmt 0 view .LVU587
 1758 0002 054A     		ldr	r2, .L111
 1759 0004 536B     		ldr	r3, [r2, #52]
 1760              		.loc 1 983 15 view .LVU588
 1761 0006 0343     		orrs	r3, r3, r0
 1762 0008 5363     		str	r3, [r2, #52]
 1763 000a 7047     		bx	lr
 1764              	.L109:
 984:./Libraries/src/stm32f4xx_ltdc.c ****   }
 985:./Libraries/src/stm32f4xx_ltdc.c ****   else
 986:./Libraries/src/stm32f4xx_ltdc.c ****   {
 987:./Libraries/src/stm32f4xx_ltdc.c ****     LTDC->IER &= (uint32_t)~LTDC_IT;
 1765              		.loc 1 987 5 is_stmt 1 view .LVU589
 1766              		.loc 1 987 9 is_stmt 0 view .LVU590
 1767 000c 024A     		ldr	r2, .L111
 1768 000e 536B     		ldr	r3, [r2, #52]
 1769              		.loc 1 987 15 view .LVU591
ARM GAS  /tmp/cciVGXQG.s 			page 49


 1770 0010 23EA0003 		bic	r3, r3, r0
 1771 0014 5363     		str	r3, [r2, #52]
 988:./Libraries/src/stm32f4xx_ltdc.c ****   }
 989:./Libraries/src/stm32f4xx_ltdc.c **** }
 1772              		.loc 1 989 1 view .LVU592
 1773 0016 7047     		bx	lr
 1774              	.L112:
 1775              		.align	2
 1776              	.L111:
 1777 0018 00680140 		.word	1073833984
 1778              		.cfi_endproc
 1779              	.LFE148:
 1781              		.section	.text.LTDC_GetFlagStatus,"ax",%progbits
 1782              		.align	1
 1783              		.global	LTDC_GetFlagStatus
 1784              		.syntax unified
 1785              		.thumb
 1786              		.thumb_func
 1788              	LTDC_GetFlagStatus:
 1789              	.LVL110:
 1790              	.LFB149:
 990:./Libraries/src/stm32f4xx_ltdc.c **** 
 991:./Libraries/src/stm32f4xx_ltdc.c **** /**
 992:./Libraries/src/stm32f4xx_ltdc.c ****   * @brief  Checks whether the specified LTDC's flag is set or not.
 993:./Libraries/src/stm32f4xx_ltdc.c ****   * @param  LTDC_FLAG: specifies the flag to check.
 994:./Libraries/src/stm32f4xx_ltdc.c ****   *   This parameter can be one of the following values:
 995:./Libraries/src/stm32f4xx_ltdc.c ****   *     @arg LTDC_FLAG_LI:    Line Interrupt flag.
 996:./Libraries/src/stm32f4xx_ltdc.c ****   *     @arg LTDC_FLAG_FU:   FIFO Underrun Interrupt flag.
 997:./Libraries/src/stm32f4xx_ltdc.c ****   *     @arg LTDC_FLAG_TERR: Transfer Error Interrupt flag.
 998:./Libraries/src/stm32f4xx_ltdc.c ****   *     @arg LTDC_FLAG_RR:   Register Reload interrupt flag.
 999:./Libraries/src/stm32f4xx_ltdc.c ****   * @retval The new state of LTDC_FLAG (SET or RESET).
1000:./Libraries/src/stm32f4xx_ltdc.c ****   */
1001:./Libraries/src/stm32f4xx_ltdc.c **** FlagStatus LTDC_GetFlagStatus(uint32_t LTDC_FLAG)
1002:./Libraries/src/stm32f4xx_ltdc.c **** {
 1791              		.loc 1 1002 1 is_stmt 1 view -0
 1792              		.cfi_startproc
 1793              		@ args = 0, pretend = 0, frame = 0
 1794              		@ frame_needed = 0, uses_anonymous_args = 0
 1795              		@ link register save eliminated.
1003:./Libraries/src/stm32f4xx_ltdc.c ****   FlagStatus bitstatus = RESET;
 1796              		.loc 1 1003 3 view .LVU594
1004:./Libraries/src/stm32f4xx_ltdc.c **** 
1005:./Libraries/src/stm32f4xx_ltdc.c ****   /* Check the parameters */
1006:./Libraries/src/stm32f4xx_ltdc.c ****   assert_param(IS_LTDC_FLAG(LTDC_FLAG));
 1797              		.loc 1 1006 3 view .LVU595
1007:./Libraries/src/stm32f4xx_ltdc.c **** 
1008:./Libraries/src/stm32f4xx_ltdc.c ****   if ((LTDC->ISR & LTDC_FLAG) != (uint32_t)RESET)
 1798              		.loc 1 1008 3 view .LVU596
 1799              		.loc 1 1008 12 is_stmt 0 view .LVU597
 1800 0000 034B     		ldr	r3, .L116
 1801 0002 9B6B     		ldr	r3, [r3, #56]
 1802              		.loc 1 1008 6 view .LVU598
 1803 0004 0342     		tst	r3, r0
 1804 0006 01D0     		beq	.L115
1009:./Libraries/src/stm32f4xx_ltdc.c ****   {
1010:./Libraries/src/stm32f4xx_ltdc.c ****     bitstatus = SET;
 1805              		.loc 1 1010 15 view .LVU599
ARM GAS  /tmp/cciVGXQG.s 			page 50


 1806 0008 0120     		movs	r0, #1
 1807              	.LVL111:
 1808              		.loc 1 1010 15 view .LVU600
 1809 000a 7047     		bx	lr
 1810              	.LVL112:
 1811              	.L115:
1011:./Libraries/src/stm32f4xx_ltdc.c ****   }
1012:./Libraries/src/stm32f4xx_ltdc.c ****   else
1013:./Libraries/src/stm32f4xx_ltdc.c ****   {
1014:./Libraries/src/stm32f4xx_ltdc.c ****     bitstatus = RESET;
 1812              		.loc 1 1014 15 view .LVU601
 1813 000c 0020     		movs	r0, #0
 1814              	.LVL113:
1015:./Libraries/src/stm32f4xx_ltdc.c ****   }
1016:./Libraries/src/stm32f4xx_ltdc.c ****   return bitstatus;
 1815              		.loc 1 1016 3 is_stmt 1 view .LVU602
1017:./Libraries/src/stm32f4xx_ltdc.c **** }
 1816              		.loc 1 1017 1 is_stmt 0 view .LVU603
 1817 000e 7047     		bx	lr
 1818              	.L117:
 1819              		.align	2
 1820              	.L116:
 1821 0010 00680140 		.word	1073833984
 1822              		.cfi_endproc
 1823              	.LFE149:
 1825              		.section	.text.LTDC_ClearFlag,"ax",%progbits
 1826              		.align	1
 1827              		.global	LTDC_ClearFlag
 1828              		.syntax unified
 1829              		.thumb
 1830              		.thumb_func
 1832              	LTDC_ClearFlag:
 1833              	.LVL114:
 1834              	.LFB150:
1018:./Libraries/src/stm32f4xx_ltdc.c **** 
1019:./Libraries/src/stm32f4xx_ltdc.c **** /**
1020:./Libraries/src/stm32f4xx_ltdc.c ****   * @brief  Clears the LTDC's pending flags.
1021:./Libraries/src/stm32f4xx_ltdc.c ****   * @param  LTDC_FLAG: specifies the flag to clear.
1022:./Libraries/src/stm32f4xx_ltdc.c ****   *   This parameter can be any combination of the following values:
1023:./Libraries/src/stm32f4xx_ltdc.c ****   *     @arg LTDC_FLAG_LI:    Line Interrupt flag.
1024:./Libraries/src/stm32f4xx_ltdc.c ****   *     @arg LTDC_FLAG_FU:   FIFO Underrun Interrupt flag.
1025:./Libraries/src/stm32f4xx_ltdc.c ****   *     @arg LTDC_FLAG_TERR: Transfer Error Interrupt flag.
1026:./Libraries/src/stm32f4xx_ltdc.c ****   *     @arg LTDC_FLAG_RR:   Register Reload interrupt flag.  
1027:./Libraries/src/stm32f4xx_ltdc.c ****   * @retval None
1028:./Libraries/src/stm32f4xx_ltdc.c ****   */
1029:./Libraries/src/stm32f4xx_ltdc.c **** void LTDC_ClearFlag(uint32_t LTDC_FLAG)
1030:./Libraries/src/stm32f4xx_ltdc.c **** {
 1835              		.loc 1 1030 1 is_stmt 1 view -0
 1836              		.cfi_startproc
 1837              		@ args = 0, pretend = 0, frame = 0
 1838              		@ frame_needed = 0, uses_anonymous_args = 0
 1839              		@ link register save eliminated.
1031:./Libraries/src/stm32f4xx_ltdc.c ****   /* Check the parameters */
1032:./Libraries/src/stm32f4xx_ltdc.c ****   assert_param(IS_LTDC_FLAG(LTDC_FLAG));
 1840              		.loc 1 1032 3 view .LVU605
1033:./Libraries/src/stm32f4xx_ltdc.c **** 
1034:./Libraries/src/stm32f4xx_ltdc.c ****   /* Clear the corresponding LTDC flag */
ARM GAS  /tmp/cciVGXQG.s 			page 51


1035:./Libraries/src/stm32f4xx_ltdc.c ****   LTDC->ICR = (uint32_t)LTDC_FLAG;
 1841              		.loc 1 1035 3 view .LVU606
 1842              		.loc 1 1035 13 is_stmt 0 view .LVU607
 1843 0000 014B     		ldr	r3, .L119
 1844 0002 D863     		str	r0, [r3, #60]
1036:./Libraries/src/stm32f4xx_ltdc.c **** }
 1845              		.loc 1 1036 1 view .LVU608
 1846 0004 7047     		bx	lr
 1847              	.L120:
 1848 0006 00BF     		.align	2
 1849              	.L119:
 1850 0008 00680140 		.word	1073833984
 1851              		.cfi_endproc
 1852              	.LFE150:
 1854              		.section	.text.LTDC_GetITStatus,"ax",%progbits
 1855              		.align	1
 1856              		.global	LTDC_GetITStatus
 1857              		.syntax unified
 1858              		.thumb
 1859              		.thumb_func
 1861              	LTDC_GetITStatus:
 1862              	.LVL115:
 1863              	.LFB151:
1037:./Libraries/src/stm32f4xx_ltdc.c **** 
1038:./Libraries/src/stm32f4xx_ltdc.c **** /**
1039:./Libraries/src/stm32f4xx_ltdc.c ****   * @brief  Checks whether the specified LTDC's interrupt has occurred or not.
1040:./Libraries/src/stm32f4xx_ltdc.c ****   * @param  LTDC_IT: specifies the LTDC interrupts sources to check.
1041:./Libraries/src/stm32f4xx_ltdc.c ****   *   This parameter can be one of the following values:
1042:./Libraries/src/stm32f4xx_ltdc.c ****   *     @arg LTDC_IT_LI:    Line Interrupt Enable.
1043:./Libraries/src/stm32f4xx_ltdc.c ****   *     @arg LTDC_IT_FU:   FIFO Underrun Interrupt Enable.
1044:./Libraries/src/stm32f4xx_ltdc.c ****   *     @arg LTDC_IT_TERR: Transfer Error Interrupt Enable.
1045:./Libraries/src/stm32f4xx_ltdc.c ****   *     @arg LTDC_IT_RR:   Register Reload interrupt Enable.
1046:./Libraries/src/stm32f4xx_ltdc.c ****   * @retval The new state of the LTDC_IT (SET or RESET).
1047:./Libraries/src/stm32f4xx_ltdc.c ****   */
1048:./Libraries/src/stm32f4xx_ltdc.c **** ITStatus LTDC_GetITStatus(uint32_t LTDC_IT)
1049:./Libraries/src/stm32f4xx_ltdc.c **** {
 1864              		.loc 1 1049 1 is_stmt 1 view -0
 1865              		.cfi_startproc
 1866              		@ args = 0, pretend = 0, frame = 0
 1867              		@ frame_needed = 0, uses_anonymous_args = 0
 1868              		@ link register save eliminated.
 1869              		.loc 1 1049 1 is_stmt 0 view .LVU610
 1870 0000 0346     		mov	r3, r0
1050:./Libraries/src/stm32f4xx_ltdc.c ****   ITStatus bitstatus = RESET;
 1871              		.loc 1 1050 3 is_stmt 1 view .LVU611
 1872              	.LVL116:
1051:./Libraries/src/stm32f4xx_ltdc.c **** 
1052:./Libraries/src/stm32f4xx_ltdc.c ****   /* Check the parameters */
1053:./Libraries/src/stm32f4xx_ltdc.c ****   assert_param(IS_LTDC_IT(LTDC_IT));
 1873              		.loc 1 1053 3 view .LVU612
1054:./Libraries/src/stm32f4xx_ltdc.c **** 
1055:./Libraries/src/stm32f4xx_ltdc.c ****   if ((LTDC->ISR & LTDC_IT) != (uint32_t)RESET)
 1874              		.loc 1 1055 3 view .LVU613
 1875              		.loc 1 1055 12 is_stmt 0 view .LVU614
 1876 0002 064A     		ldr	r2, .L126
 1877 0004 926B     		ldr	r2, [r2, #56]
 1878              		.loc 1 1055 6 view .LVU615
ARM GAS  /tmp/cciVGXQG.s 			page 52


 1879 0006 0242     		tst	r2, r0
 1880 0008 06D0     		beq	.L124
1056:./Libraries/src/stm32f4xx_ltdc.c ****   {
1057:./Libraries/src/stm32f4xx_ltdc.c ****     bitstatus = SET;
 1881              		.loc 1 1057 15 view .LVU616
 1882 000a 0120     		movs	r0, #1
 1883              	.LVL117:
 1884              	.L122:
1058:./Libraries/src/stm32f4xx_ltdc.c ****   }
1059:./Libraries/src/stm32f4xx_ltdc.c ****   else
1060:./Libraries/src/stm32f4xx_ltdc.c ****   {
1061:./Libraries/src/stm32f4xx_ltdc.c ****     bitstatus = RESET;
1062:./Libraries/src/stm32f4xx_ltdc.c ****   }
1063:./Libraries/src/stm32f4xx_ltdc.c **** 
1064:./Libraries/src/stm32f4xx_ltdc.c ****   if (((LTDC->IER & LTDC_IT) != (uint32_t)RESET) && (bitstatus != (uint32_t)RESET))
 1885              		.loc 1 1064 3 is_stmt 1 view .LVU617
 1886              		.loc 1 1064 13 is_stmt 0 view .LVU618
 1887 000c 034A     		ldr	r2, .L126
 1888 000e 526B     		ldr	r2, [r2, #52]
 1889              		.loc 1 1064 6 view .LVU619
 1890 0010 1A42     		tst	r2, r3
 1891 0012 00D1     		bne	.L123
1065:./Libraries/src/stm32f4xx_ltdc.c ****   {
1066:./Libraries/src/stm32f4xx_ltdc.c ****     bitstatus = SET;
1067:./Libraries/src/stm32f4xx_ltdc.c ****   }
1068:./Libraries/src/stm32f4xx_ltdc.c ****   else
1069:./Libraries/src/stm32f4xx_ltdc.c ****   {
1070:./Libraries/src/stm32f4xx_ltdc.c ****     bitstatus = RESET;
 1892              		.loc 1 1070 15 view .LVU620
 1893 0014 0020     		movs	r0, #0
 1894              	.LVL118:
 1895              	.L123:
1071:./Libraries/src/stm32f4xx_ltdc.c ****   }
1072:./Libraries/src/stm32f4xx_ltdc.c ****   return bitstatus;
 1896              		.loc 1 1072 3 is_stmt 1 view .LVU621
1073:./Libraries/src/stm32f4xx_ltdc.c **** }
 1897              		.loc 1 1073 1 is_stmt 0 view .LVU622
 1898 0016 7047     		bx	lr
 1899              	.LVL119:
 1900              	.L124:
1061:./Libraries/src/stm32f4xx_ltdc.c ****   }
 1901              		.loc 1 1061 15 view .LVU623
 1902 0018 0020     		movs	r0, #0
 1903              	.LVL120:
1061:./Libraries/src/stm32f4xx_ltdc.c ****   }
 1904              		.loc 1 1061 15 view .LVU624
 1905 001a F7E7     		b	.L122
 1906              	.L127:
 1907              		.align	2
 1908              	.L126:
 1909 001c 00680140 		.word	1073833984
 1910              		.cfi_endproc
 1911              	.LFE151:
 1913              		.section	.text.LTDC_ClearITPendingBit,"ax",%progbits
 1914              		.align	1
 1915              		.global	LTDC_ClearITPendingBit
 1916              		.syntax unified
ARM GAS  /tmp/cciVGXQG.s 			page 53


 1917              		.thumb
 1918              		.thumb_func
 1920              	LTDC_ClearITPendingBit:
 1921              	.LVL121:
 1922              	.LFB152:
1074:./Libraries/src/stm32f4xx_ltdc.c **** 
1075:./Libraries/src/stm32f4xx_ltdc.c **** 
1076:./Libraries/src/stm32f4xx_ltdc.c **** /**
1077:./Libraries/src/stm32f4xx_ltdc.c ****   * @brief  Clears the LTDC's interrupt pending bits.
1078:./Libraries/src/stm32f4xx_ltdc.c ****   * @param  LTDC_IT: specifies the interrupt pending bit to clear.
1079:./Libraries/src/stm32f4xx_ltdc.c ****   *   This parameter can be any combination of the following values:
1080:./Libraries/src/stm32f4xx_ltdc.c ****   *     @arg LTDC_IT_LIE:    Line Interrupt.
1081:./Libraries/src/stm32f4xx_ltdc.c ****   *     @arg LTDC_IT_FUIE:   FIFO Underrun Interrupt.
1082:./Libraries/src/stm32f4xx_ltdc.c ****   *     @arg LTDC_IT_TERRIE: Transfer Error Interrupt.
1083:./Libraries/src/stm32f4xx_ltdc.c ****   *     @arg LTDC_IT_RRIE:   Register Reload interrupt.
1084:./Libraries/src/stm32f4xx_ltdc.c ****   * @retval None
1085:./Libraries/src/stm32f4xx_ltdc.c ****   */
1086:./Libraries/src/stm32f4xx_ltdc.c **** void LTDC_ClearITPendingBit(uint32_t LTDC_IT)
1087:./Libraries/src/stm32f4xx_ltdc.c **** {
 1923              		.loc 1 1087 1 is_stmt 1 view -0
 1924              		.cfi_startproc
 1925              		@ args = 0, pretend = 0, frame = 0
 1926              		@ frame_needed = 0, uses_anonymous_args = 0
 1927              		@ link register save eliminated.
1088:./Libraries/src/stm32f4xx_ltdc.c ****   /* Check the parameters */
1089:./Libraries/src/stm32f4xx_ltdc.c ****   assert_param(IS_LTDC_IT(LTDC_IT));
 1928              		.loc 1 1089 3 view .LVU626
1090:./Libraries/src/stm32f4xx_ltdc.c **** 
1091:./Libraries/src/stm32f4xx_ltdc.c ****   /* Clear the corresponding LTDC Interrupt */
1092:./Libraries/src/stm32f4xx_ltdc.c ****   LTDC->ICR = (uint32_t)LTDC_IT;
 1929              		.loc 1 1092 3 view .LVU627
 1930              		.loc 1 1092 13 is_stmt 0 view .LVU628
 1931 0000 014B     		ldr	r3, .L129
 1932 0002 D863     		str	r0, [r3, #60]
1093:./Libraries/src/stm32f4xx_ltdc.c **** }
 1933              		.loc 1 1093 1 view .LVU629
 1934 0004 7047     		bx	lr
 1935              	.L130:
 1936 0006 00BF     		.align	2
 1937              	.L129:
 1938 0008 00680140 		.word	1073833984
 1939              		.cfi_endproc
 1940              	.LFE152:
 1942              		.text
 1943              	.Letext0:
 1944              		.file 2 "/opt/gcc-arm-none-eabi/arm-none-eabi/include/machine/_default_types.h"
 1945              		.file 3 "/opt/gcc-arm-none-eabi/arm-none-eabi/include/sys/_stdint.h"
 1946              		.file 4 "./system/stm32f4xx.h"
 1947              		.file 5 "./Libraries/inc/stm32f4xx_ltdc.h"
 1948              		.file 6 "./Libraries/inc/stm32f4xx_rcc.h"
ARM GAS  /tmp/cciVGXQG.s 			page 54


DEFINED SYMBOLS
                            *ABS*:00000000 stm32f4xx_ltdc.c
     /tmp/cciVGXQG.s:21     .text.LTDC_DeInit:00000000 $t
     /tmp/cciVGXQG.s:27     .text.LTDC_DeInit:00000000 LTDC_DeInit
     /tmp/cciVGXQG.s:54     .text.LTDC_Init:00000000 $t
     /tmp/cciVGXQG.s:60     .text.LTDC_Init:00000000 LTDC_Init
     /tmp/cciVGXQG.s:245    .text.LTDC_Init:00000098 $d
     /tmp/cciVGXQG.s:252    .text.LTDC_StructInit:00000000 $t
     /tmp/cciVGXQG.s:258    .text.LTDC_StructInit:00000000 LTDC_StructInit
     /tmp/cciVGXQG.s:318    .text.LTDC_Cmd:00000000 $t
     /tmp/cciVGXQG.s:324    .text.LTDC_Cmd:00000000 LTDC_Cmd
     /tmp/cciVGXQG.s:357    .text.LTDC_Cmd:0000001c $d
     /tmp/cciVGXQG.s:362    .text.LTDC_DitherCmd:00000000 $t
     /tmp/cciVGXQG.s:368    .text.LTDC_DitherCmd:00000000 LTDC_DitherCmd
     /tmp/cciVGXQG.s:401    .text.LTDC_DitherCmd:0000001c $d
     /tmp/cciVGXQG.s:406    .text.LTDC_GetRGBWidth:00000000 $t
     /tmp/cciVGXQG.s:412    .text.LTDC_GetRGBWidth:00000000 LTDC_GetRGBWidth
     /tmp/cciVGXQG.s:465    .text.LTDC_GetRGBWidth:0000002c $d
     /tmp/cciVGXQG.s:471    .text.LTDC_RGBStructInit:00000000 $t
     /tmp/cciVGXQG.s:477    .text.LTDC_RGBStructInit:00000000 LTDC_RGBStructInit
     /tmp/cciVGXQG.s:501    .text.LTDC_LIPConfig:00000000 $t
     /tmp/cciVGXQG.s:507    .text.LTDC_LIPConfig:00000000 LTDC_LIPConfig
     /tmp/cciVGXQG.s:525    .text.LTDC_LIPConfig:00000008 $d
     /tmp/cciVGXQG.s:530    .text.LTDC_ReloadConfig:00000000 $t
     /tmp/cciVGXQG.s:536    .text.LTDC_ReloadConfig:00000000 LTDC_ReloadConfig
     /tmp/cciVGXQG.s:554    .text.LTDC_ReloadConfig:00000008 $d
     /tmp/cciVGXQG.s:559    .text.LTDC_LayerInit:00000000 $t
     /tmp/cciVGXQG.s:565    .text.LTDC_LayerInit:00000000 LTDC_LayerInit
     /tmp/cciVGXQG.s:757    .text.LTDC_LayerStructInit:00000000 $t
     /tmp/cciVGXQG.s:763    .text.LTDC_LayerStructInit:00000000 LTDC_LayerStructInit
     /tmp/cciVGXQG.s:829    .text.LTDC_LayerCmd:00000000 $t
     /tmp/cciVGXQG.s:835    .text.LTDC_LayerCmd:00000000 LTDC_LayerCmd
     /tmp/cciVGXQG.s:867    .text.LTDC_GetPosStatus:00000000 $t
     /tmp/cciVGXQG.s:873    .text.LTDC_GetPosStatus:00000000 LTDC_GetPosStatus
     /tmp/cciVGXQG.s:909    .text.LTDC_GetPosStatus:00000018 $d
     /tmp/cciVGXQG.s:914    .text.LTDC_PosStructInit:00000000 $t
     /tmp/cciVGXQG.s:920    .text.LTDC_PosStructInit:00000000 LTDC_PosStructInit
     /tmp/cciVGXQG.s:941    .text.LTDC_GetCDStatus:00000000 $t
     /tmp/cciVGXQG.s:947    .text.LTDC_GetCDStatus:00000000 LTDC_GetCDStatus
     /tmp/cciVGXQG.s:980    .text.LTDC_GetCDStatus:00000010 $d
     /tmp/cciVGXQG.s:985    .text.LTDC_ColorKeyingConfig:00000000 $t
     /tmp/cciVGXQG.s:991    .text.LTDC_ColorKeyingConfig:00000000 LTDC_ColorKeyingConfig
     /tmp/cciVGXQG.s:1080   .text.LTDC_ColorKeyingConfig:00000044 $d
     /tmp/cciVGXQG.s:1085   .text.LTDC_ColorKeyingStructInit:00000000 $t
     /tmp/cciVGXQG.s:1091   .text.LTDC_ColorKeyingStructInit:00000000 LTDC_ColorKeyingStructInit
     /tmp/cciVGXQG.s:1115   .text.LTDC_CLUTCmd:00000000 $t
     /tmp/cciVGXQG.s:1121   .text.LTDC_CLUTCmd:00000000 LTDC_CLUTCmd
     /tmp/cciVGXQG.s:1158   .text.LTDC_CLUTCmd:0000001c $d
     /tmp/cciVGXQG.s:1163   .text.LTDC_CLUTInit:00000000 $t
     /tmp/cciVGXQG.s:1169   .text.LTDC_CLUTInit:00000000 LTDC_CLUTInit
     /tmp/cciVGXQG.s:1227   .text.LTDC_CLUTStructInit:00000000 $t
     /tmp/cciVGXQG.s:1233   .text.LTDC_CLUTStructInit:00000000 LTDC_CLUTStructInit
     /tmp/cciVGXQG.s:1260   .text.LTDC_LayerPosition:00000000 $t
     /tmp/cciVGXQG.s:1266   .text.LTDC_LayerPosition:00000000 LTDC_LayerPosition
     /tmp/cciVGXQG.s:1323   .text.LTDC_LayerPosition:0000002e $d
     /tmp/cciVGXQG.s:1331   .text.LTDC_LayerPosition:00000036 $t
     /tmp/cciVGXQG.s:1428   .text.LTDC_LayerPosition:00000078 $d
ARM GAS  /tmp/cciVGXQG.s 			page 55


     /tmp/cciVGXQG.s:1433   .text.LTDC_LayerAlpha:00000000 $t
     /tmp/cciVGXQG.s:1439   .text.LTDC_LayerAlpha:00000000 LTDC_LayerAlpha
     /tmp/cciVGXQG.s:1456   .text.LTDC_LayerAddress:00000000 $t
     /tmp/cciVGXQG.s:1462   .text.LTDC_LayerAddress:00000000 LTDC_LayerAddress
     /tmp/cciVGXQG.s:1479   .text.LTDC_LayerSize:00000000 $t
     /tmp/cciVGXQG.s:1485   .text.LTDC_LayerSize:00000000 LTDC_LayerSize
     /tmp/cciVGXQG.s:1514   .text.LTDC_LayerSize:0000000c $d
     /tmp/cciVGXQG.s:1522   .text.LTDC_LayerSize:00000014 $t
     /tmp/cciVGXQG.s:1607   .text.LTDC_LayerPixelFormat:00000000 $t
     /tmp/cciVGXQG.s:1613   .text.LTDC_LayerPixelFormat:00000000 LTDC_LayerPixelFormat
     /tmp/cciVGXQG.s:1632   .text.LTDC_LayerPixelFormat:0000000a $d
     /tmp/cciVGXQG.s:1640   .text.LTDC_LayerPixelFormat:00000012 $t
     /tmp/cciVGXQG.s:1663   .text.LTDC_LayerPixelFormat:00000024 $d
     /tmp/cciVGXQG.s:1671   .text.LTDC_LayerPixelFormat:0000002c $t
     /tmp/cciVGXQG.s:1737   .text.LTDC_ITConfig:00000000 $t
     /tmp/cciVGXQG.s:1743   .text.LTDC_ITConfig:00000000 LTDC_ITConfig
     /tmp/cciVGXQG.s:1777   .text.LTDC_ITConfig:00000018 $d
     /tmp/cciVGXQG.s:1782   .text.LTDC_GetFlagStatus:00000000 $t
     /tmp/cciVGXQG.s:1788   .text.LTDC_GetFlagStatus:00000000 LTDC_GetFlagStatus
     /tmp/cciVGXQG.s:1821   .text.LTDC_GetFlagStatus:00000010 $d
     /tmp/cciVGXQG.s:1826   .text.LTDC_ClearFlag:00000000 $t
     /tmp/cciVGXQG.s:1832   .text.LTDC_ClearFlag:00000000 LTDC_ClearFlag
     /tmp/cciVGXQG.s:1850   .text.LTDC_ClearFlag:00000008 $d
     /tmp/cciVGXQG.s:1855   .text.LTDC_GetITStatus:00000000 $t
     /tmp/cciVGXQG.s:1861   .text.LTDC_GetITStatus:00000000 LTDC_GetITStatus
     /tmp/cciVGXQG.s:1909   .text.LTDC_GetITStatus:0000001c $d
     /tmp/cciVGXQG.s:1914   .text.LTDC_ClearITPendingBit:00000000 $t
     /tmp/cciVGXQG.s:1920   .text.LTDC_ClearITPendingBit:00000000 LTDC_ClearITPendingBit
     /tmp/cciVGXQG.s:1938   .text.LTDC_ClearITPendingBit:00000008 $d

UNDEFINED SYMBOLS
RCC_APB2PeriphResetCmd
