ARM GAS  /tmp/ccdQ2tkR.s 			page 1


   1              		.cpu cortex-m4
   2              		.arch armv7e-m
   3              		.fpu fpv4-sp-d16
   4              		.eabi_attribute 27, 1
   5              		.eabi_attribute 28, 1
   6              		.eabi_attribute 20, 1
   7              		.eabi_attribute 21, 1
   8              		.eabi_attribute 23, 3
   9              		.eabi_attribute 24, 1
  10              		.eabi_attribute 25, 1
  11              		.eabi_attribute 26, 1
  12              		.eabi_attribute 30, 1
  13              		.eabi_attribute 34, 1
  14              		.eabi_attribute 18, 4
  15              		.file	"stm32f4xx_usart.c"
  16              		.text
  17              	.Ltext0:
  18              		.cfi_sections	.debug_frame
  19              		.file 1 "./Libraries/src/stm32f4xx_usart.c"
  20              		.section	.text.USART_DeInit,"ax",%progbits
  21              		.align	1
  22              		.global	USART_DeInit
  23              		.syntax unified
  24              		.thumb
  25              		.thumb_func
  27              	USART_DeInit:
  28              	.LVL0:
  29              	.LFB123:
   1:./Libraries/src/stm32f4xx_usart.c **** /**
   2:./Libraries/src/stm32f4xx_usart.c ****   ******************************************************************************
   3:./Libraries/src/stm32f4xx_usart.c ****   * @file    stm32f4xx_usart.c
   4:./Libraries/src/stm32f4xx_usart.c ****   * @author  MCD Application Team
   5:./Libraries/src/stm32f4xx_usart.c ****   * @version V1.8.0
   6:./Libraries/src/stm32f4xx_usart.c ****   * @date    04-November-2016
   7:./Libraries/src/stm32f4xx_usart.c ****   * @brief   This file provides firmware functions to manage the following 
   8:./Libraries/src/stm32f4xx_usart.c ****   *          functionalities of the Universal synchronous asynchronous receiver
   9:./Libraries/src/stm32f4xx_usart.c ****   *          transmitter (USART):           
  10:./Libraries/src/stm32f4xx_usart.c ****   *           + Initialization and Configuration
  11:./Libraries/src/stm32f4xx_usart.c ****   *           + Data transfers
  12:./Libraries/src/stm32f4xx_usart.c ****   *           + Multi-Processor Communication
  13:./Libraries/src/stm32f4xx_usart.c ****   *           + LIN mode
  14:./Libraries/src/stm32f4xx_usart.c ****   *           + Half-duplex mode
  15:./Libraries/src/stm32f4xx_usart.c ****   *           + Smartcard mode
  16:./Libraries/src/stm32f4xx_usart.c ****   *           + IrDA mode
  17:./Libraries/src/stm32f4xx_usart.c ****   *           + DMA transfers management
  18:./Libraries/src/stm32f4xx_usart.c ****   *           + Interrupts and flags management 
  19:./Libraries/src/stm32f4xx_usart.c ****   *           
  20:./Libraries/src/stm32f4xx_usart.c ****   @verbatim       
  21:./Libraries/src/stm32f4xx_usart.c ****  ===============================================================================
  22:./Libraries/src/stm32f4xx_usart.c ****                         ##### How to use this driver #####
  23:./Libraries/src/stm32f4xx_usart.c ****  ===============================================================================
  24:./Libraries/src/stm32f4xx_usart.c ****     [..]
  25:./Libraries/src/stm32f4xx_usart.c ****       (#) Enable peripheral clock using the following functions
  26:./Libraries/src/stm32f4xx_usart.c ****           RCC_APB2PeriphClockCmd(RCC_APB2Periph_USARTx, ENABLE) for USART1 and USART6 
  27:./Libraries/src/stm32f4xx_usart.c ****           RCC_APB1PeriphClockCmd(RCC_APB1Periph_USARTx, ENABLE) for USART2, USART3, 
  28:./Libraries/src/stm32f4xx_usart.c ****           UART4 or UART5.
  29:./Libraries/src/stm32f4xx_usart.c ****   
ARM GAS  /tmp/ccdQ2tkR.s 			page 2


  30:./Libraries/src/stm32f4xx_usart.c ****       (#) According to the USART mode, enable the GPIO clocks using 
  31:./Libraries/src/stm32f4xx_usart.c ****           RCC_AHB1PeriphClockCmd() function. (The I/O can be TX, RX, CTS, 
  32:./Libraries/src/stm32f4xx_usart.c ****           or/and SCLK). 
  33:./Libraries/src/stm32f4xx_usart.c ****   
  34:./Libraries/src/stm32f4xx_usart.c ****       (#) Peripheral's alternate function: 
  35:./Libraries/src/stm32f4xx_usart.c ****         (++) Connect the pin to the desired peripherals' Alternate 
  36:./Libraries/src/stm32f4xx_usart.c ****             Function (AF) using GPIO_PinAFConfig() function
  37:./Libraries/src/stm32f4xx_usart.c ****         (++) Configure the desired pin in alternate function by:
  38:./Libraries/src/stm32f4xx_usart.c ****             GPIO_InitStruct->GPIO_Mode = GPIO_Mode_AF
  39:./Libraries/src/stm32f4xx_usart.c ****         (++) Select the type, pull-up/pull-down and output speed via 
  40:./Libraries/src/stm32f4xx_usart.c ****             GPIO_PuPd, GPIO_OType and GPIO_Speed members
  41:./Libraries/src/stm32f4xx_usart.c ****         (++) Call GPIO_Init() function
  42:./Libraries/src/stm32f4xx_usart.c ****           
  43:./Libraries/src/stm32f4xx_usart.c ****       (#) Program the Baud Rate, Word Length , Stop Bit, Parity, Hardware 
  44:./Libraries/src/stm32f4xx_usart.c ****           flow control and Mode(Receiver/Transmitter) using the USART_Init()
  45:./Libraries/src/stm32f4xx_usart.c ****           function.
  46:./Libraries/src/stm32f4xx_usart.c ****   
  47:./Libraries/src/stm32f4xx_usart.c ****       (#) For synchronous mode, enable the clock and program the polarity,
  48:./Libraries/src/stm32f4xx_usart.c ****           phase and last bit using the USART_ClockInit() function.
  49:./Libraries/src/stm32f4xx_usart.c ****   
  50:./Libraries/src/stm32f4xx_usart.c ****       (#) Enable the NVIC and the corresponding interrupt using the function 
  51:./Libraries/src/stm32f4xx_usart.c ****          USART_ITConfig() if you need to use interrupt mode. 
  52:./Libraries/src/stm32f4xx_usart.c ****   
  53:./Libraries/src/stm32f4xx_usart.c ****       (#) When using the DMA mode 
  54:./Libraries/src/stm32f4xx_usart.c ****         (++) Configure the DMA using DMA_Init() function
  55:./Libraries/src/stm32f4xx_usart.c ****         (++) Active the needed channel Request using USART_DMACmd() function
  56:./Libraries/src/stm32f4xx_usart.c ****    
  57:./Libraries/src/stm32f4xx_usart.c ****       (#) Enable the USART using the USART_Cmd() function.
  58:./Libraries/src/stm32f4xx_usart.c ****    
  59:./Libraries/src/stm32f4xx_usart.c ****       (#) Enable the DMA using the DMA_Cmd() function, when using DMA mode. 
  60:./Libraries/src/stm32f4xx_usart.c ****     
  61:./Libraries/src/stm32f4xx_usart.c ****       -@- Refer to Multi-Processor, LIN, half-duplex, Smartcard, IrDA sub-sections
  62:./Libraries/src/stm32f4xx_usart.c ****           for more details
  63:./Libraries/src/stm32f4xx_usart.c ****     
  64:./Libraries/src/stm32f4xx_usart.c ****     [..]        
  65:./Libraries/src/stm32f4xx_usart.c ****     In order to reach higher communication baudrates, it is possible to
  66:./Libraries/src/stm32f4xx_usart.c ****     enable the oversampling by 8 mode using the function USART_OverSampling8Cmd().
  67:./Libraries/src/stm32f4xx_usart.c ****     This function should be called after enabling the USART clock (RCC_APBxPeriphClockCmd())
  68:./Libraries/src/stm32f4xx_usart.c ****     and before calling the function USART_Init().
  69:./Libraries/src/stm32f4xx_usart.c ****             
  70:./Libraries/src/stm32f4xx_usart.c ****     @endverbatim        
  71:./Libraries/src/stm32f4xx_usart.c ****   ******************************************************************************
  72:./Libraries/src/stm32f4xx_usart.c ****   * @attention
  73:./Libraries/src/stm32f4xx_usart.c ****   *
  74:./Libraries/src/stm32f4xx_usart.c ****   * <h2><center>&copy; COPYRIGHT 2016 STMicroelectronics</center></h2>
  75:./Libraries/src/stm32f4xx_usart.c ****   *
  76:./Libraries/src/stm32f4xx_usart.c ****   * Licensed under MCD-ST Liberty SW License Agreement V2, (the "License");
  77:./Libraries/src/stm32f4xx_usart.c ****   * You may not use this file except in compliance with the License.
  78:./Libraries/src/stm32f4xx_usart.c ****   * You may obtain a copy of the License at:
  79:./Libraries/src/stm32f4xx_usart.c ****   *
  80:./Libraries/src/stm32f4xx_usart.c ****   *        http://www.st.com/software_license_agreement_liberty_v2
  81:./Libraries/src/stm32f4xx_usart.c ****   *
  82:./Libraries/src/stm32f4xx_usart.c ****   * Unless required by applicable law or agreed to in writing, software 
  83:./Libraries/src/stm32f4xx_usart.c ****   * distributed under the License is distributed on an "AS IS" BASIS, 
  84:./Libraries/src/stm32f4xx_usart.c ****   * WITHOUT WARRANTIES OR CONDITIONS OF ANY KIND, either express or implied.
  85:./Libraries/src/stm32f4xx_usart.c ****   * See the License for the specific language governing permissions and
  86:./Libraries/src/stm32f4xx_usart.c ****   * limitations under the License.
ARM GAS  /tmp/ccdQ2tkR.s 			page 3


  87:./Libraries/src/stm32f4xx_usart.c ****   *
  88:./Libraries/src/stm32f4xx_usart.c ****   ******************************************************************************  
  89:./Libraries/src/stm32f4xx_usart.c ****   */ 
  90:./Libraries/src/stm32f4xx_usart.c **** 
  91:./Libraries/src/stm32f4xx_usart.c **** /* Includes ------------------------------------------------------------------*/
  92:./Libraries/src/stm32f4xx_usart.c **** #include "stm32f4xx_usart.h"
  93:./Libraries/src/stm32f4xx_usart.c **** #include "stm32f4xx_rcc.h"
  94:./Libraries/src/stm32f4xx_usart.c **** 
  95:./Libraries/src/stm32f4xx_usart.c **** /** @addtogroup STM32F4xx_StdPeriph_Driver
  96:./Libraries/src/stm32f4xx_usart.c ****   * @{
  97:./Libraries/src/stm32f4xx_usart.c ****   */
  98:./Libraries/src/stm32f4xx_usart.c **** 
  99:./Libraries/src/stm32f4xx_usart.c **** /** @defgroup USART 
 100:./Libraries/src/stm32f4xx_usart.c ****   * @brief USART driver modules
 101:./Libraries/src/stm32f4xx_usart.c ****   * @{
 102:./Libraries/src/stm32f4xx_usart.c ****   */
 103:./Libraries/src/stm32f4xx_usart.c **** 
 104:./Libraries/src/stm32f4xx_usart.c **** /* Private typedef -----------------------------------------------------------*/
 105:./Libraries/src/stm32f4xx_usart.c **** /* Private define ------------------------------------------------------------*/
 106:./Libraries/src/stm32f4xx_usart.c **** 
 107:./Libraries/src/stm32f4xx_usart.c **** /*!< USART CR1 register clear Mask ((~(uint16_t)0xE9F3)) */
 108:./Libraries/src/stm32f4xx_usart.c **** #define CR1_CLEAR_MASK            ((uint16_t)(USART_CR1_M | USART_CR1_PCE | \
 109:./Libraries/src/stm32f4xx_usart.c ****                                               USART_CR1_PS | USART_CR1_TE | \
 110:./Libraries/src/stm32f4xx_usart.c ****                                               USART_CR1_RE))
 111:./Libraries/src/stm32f4xx_usart.c **** 
 112:./Libraries/src/stm32f4xx_usart.c **** /*!< USART CR2 register clock bits clear Mask ((~(uint16_t)0xF0FF)) */
 113:./Libraries/src/stm32f4xx_usart.c **** #define CR2_CLOCK_CLEAR_MASK      ((uint16_t)(USART_CR2_CLKEN | USART_CR2_CPOL | \
 114:./Libraries/src/stm32f4xx_usart.c ****                                               USART_CR2_CPHA | USART_CR2_LBCL))
 115:./Libraries/src/stm32f4xx_usart.c **** 
 116:./Libraries/src/stm32f4xx_usart.c **** /*!< USART CR3 register clear Mask ((~(uint16_t)0xFCFF)) */
 117:./Libraries/src/stm32f4xx_usart.c **** #define CR3_CLEAR_MASK            ((uint16_t)(USART_CR3_RTSE | USART_CR3_CTSE))
 118:./Libraries/src/stm32f4xx_usart.c **** 
 119:./Libraries/src/stm32f4xx_usart.c **** /*!< USART Interrupts mask */
 120:./Libraries/src/stm32f4xx_usart.c **** #define IT_MASK                   ((uint16_t)0x001F)
 121:./Libraries/src/stm32f4xx_usart.c **** 
 122:./Libraries/src/stm32f4xx_usart.c **** /* Private macro -------------------------------------------------------------*/
 123:./Libraries/src/stm32f4xx_usart.c **** /* Private variables ---------------------------------------------------------*/
 124:./Libraries/src/stm32f4xx_usart.c **** /* Private function prototypes -----------------------------------------------*/
 125:./Libraries/src/stm32f4xx_usart.c **** /* Private functions ---------------------------------------------------------*/
 126:./Libraries/src/stm32f4xx_usart.c **** 
 127:./Libraries/src/stm32f4xx_usart.c **** /** @defgroup USART_Private_Functions
 128:./Libraries/src/stm32f4xx_usart.c ****   * @{
 129:./Libraries/src/stm32f4xx_usart.c ****   */
 130:./Libraries/src/stm32f4xx_usart.c **** 
 131:./Libraries/src/stm32f4xx_usart.c **** /** @defgroup USART_Group1 Initialization and Configuration functions
 132:./Libraries/src/stm32f4xx_usart.c ****  *  @brief   Initialization and Configuration functions 
 133:./Libraries/src/stm32f4xx_usart.c ****  *
 134:./Libraries/src/stm32f4xx_usart.c **** @verbatim   
 135:./Libraries/src/stm32f4xx_usart.c ****  ===============================================================================
 136:./Libraries/src/stm32f4xx_usart.c ****             ##### Initialization and Configuration functions #####
 137:./Libraries/src/stm32f4xx_usart.c ****  ===============================================================================  
 138:./Libraries/src/stm32f4xx_usart.c ****     [..]
 139:./Libraries/src/stm32f4xx_usart.c ****     This subsection provides a set of functions allowing to initialize the USART 
 140:./Libraries/src/stm32f4xx_usart.c ****     in asynchronous and in synchronous modes.
 141:./Libraries/src/stm32f4xx_usart.c ****       (+) For the asynchronous mode only these parameters can be configured: 
 142:./Libraries/src/stm32f4xx_usart.c ****         (++) Baud Rate
 143:./Libraries/src/stm32f4xx_usart.c ****         (++) Word Length 
ARM GAS  /tmp/ccdQ2tkR.s 			page 4


 144:./Libraries/src/stm32f4xx_usart.c ****         (++) Stop Bit
 145:./Libraries/src/stm32f4xx_usart.c ****         (++) Parity: If the parity is enabled, then the MSB bit of the data written
 146:./Libraries/src/stm32f4xx_usart.c ****              in the data register is transmitted but is changed by the parity bit.
 147:./Libraries/src/stm32f4xx_usart.c ****              Depending on the frame length defined by the M bit (8-bits or 9-bits),
 148:./Libraries/src/stm32f4xx_usart.c ****              the possible USART frame formats are as listed in the following table:
 149:./Libraries/src/stm32f4xx_usart.c ****    +-------------------------------------------------------------+     
 150:./Libraries/src/stm32f4xx_usart.c ****    |   M bit |  PCE bit  |            USART frame                |
 151:./Libraries/src/stm32f4xx_usart.c ****    |---------------------|---------------------------------------|             
 152:./Libraries/src/stm32f4xx_usart.c ****    |    0    |    0      |    | SB | 8 bit data | STB |          |
 153:./Libraries/src/stm32f4xx_usart.c ****    |---------|-----------|---------------------------------------|  
 154:./Libraries/src/stm32f4xx_usart.c ****    |    0    |    1      |    | SB | 7 bit data | PB | STB |     |
 155:./Libraries/src/stm32f4xx_usart.c ****    |---------|-----------|---------------------------------------|  
 156:./Libraries/src/stm32f4xx_usart.c ****    |    1    |    0      |    | SB | 9 bit data | STB |          |
 157:./Libraries/src/stm32f4xx_usart.c ****    |---------|-----------|---------------------------------------|  
 158:./Libraries/src/stm32f4xx_usart.c ****    |    1    |    1      |    | SB | 8 bit data | PB | STB |     |
 159:./Libraries/src/stm32f4xx_usart.c ****    +-------------------------------------------------------------+            
 160:./Libraries/src/stm32f4xx_usart.c ****         (++) Hardware flow control
 161:./Libraries/src/stm32f4xx_usart.c ****         (++) Receiver/transmitter modes
 162:./Libraries/src/stm32f4xx_usart.c **** 
 163:./Libraries/src/stm32f4xx_usart.c ****     [..]
 164:./Libraries/src/stm32f4xx_usart.c ****     The USART_Init() function follows the USART  asynchronous configuration 
 165:./Libraries/src/stm32f4xx_usart.c ****     procedure (details for the procedure are available in reference manual (RM0090)).
 166:./Libraries/src/stm32f4xx_usart.c **** 
 167:./Libraries/src/stm32f4xx_usart.c ****      (+) For the synchronous mode in addition to the asynchronous mode parameters these 
 168:./Libraries/src/stm32f4xx_usart.c ****          parameters should be also configured:
 169:./Libraries/src/stm32f4xx_usart.c ****         (++) USART Clock Enabled
 170:./Libraries/src/stm32f4xx_usart.c ****         (++) USART polarity
 171:./Libraries/src/stm32f4xx_usart.c ****         (++) USART phase
 172:./Libraries/src/stm32f4xx_usart.c ****         (++) USART LastBit
 173:./Libraries/src/stm32f4xx_usart.c ****   
 174:./Libraries/src/stm32f4xx_usart.c ****     [..]
 175:./Libraries/src/stm32f4xx_usart.c ****     These parameters can be configured using the USART_ClockInit() function.
 176:./Libraries/src/stm32f4xx_usart.c **** 
 177:./Libraries/src/stm32f4xx_usart.c **** @endverbatim
 178:./Libraries/src/stm32f4xx_usart.c ****   * @{
 179:./Libraries/src/stm32f4xx_usart.c ****   */
 180:./Libraries/src/stm32f4xx_usart.c ****   
 181:./Libraries/src/stm32f4xx_usart.c **** /**
 182:./Libraries/src/stm32f4xx_usart.c ****   * @brief  Deinitializes the USARTx peripheral registers to their default reset values.
 183:./Libraries/src/stm32f4xx_usart.c ****   * @param  USARTx: where x can be 1, 2, 3, 4, 5, 6, 7 or 8 to select the USART or 
 184:./Libraries/src/stm32f4xx_usart.c ****   *         UART peripheral.
 185:./Libraries/src/stm32f4xx_usart.c ****   * @retval None
 186:./Libraries/src/stm32f4xx_usart.c ****   */
 187:./Libraries/src/stm32f4xx_usart.c **** void USART_DeInit(USART_TypeDef* USARTx)
 188:./Libraries/src/stm32f4xx_usart.c **** {
  30              		.loc 1 188 1 view -0
  31              		.cfi_startproc
  32              		@ args = 0, pretend = 0, frame = 0
  33              		@ frame_needed = 0, uses_anonymous_args = 0
  34              		.loc 1 188 1 is_stmt 0 view .LVU1
  35 0000 08B5     		push	{r3, lr}
  36              	.LCFI0:
  37              		.cfi_def_cfa_offset 8
  38              		.cfi_offset 3, -8
  39              		.cfi_offset 14, -4
 189:./Libraries/src/stm32f4xx_usart.c ****   /* Check the parameters */
 190:./Libraries/src/stm32f4xx_usart.c ****   assert_param(IS_USART_ALL_PERIPH(USARTx));
ARM GAS  /tmp/ccdQ2tkR.s 			page 5


  40              		.loc 1 190 3 is_stmt 1 view .LVU2
 191:./Libraries/src/stm32f4xx_usart.c **** 
 192:./Libraries/src/stm32f4xx_usart.c ****   if (USARTx == USART1)
  41              		.loc 1 192 3 view .LVU3
  42              		.loc 1 192 6 is_stmt 0 view .LVU4
  43 0002 364B     		ldr	r3, .L19
  44 0004 9842     		cmp	r0, r3
  45 0006 15D0     		beq	.L11
 193:./Libraries/src/stm32f4xx_usart.c ****   {
 194:./Libraries/src/stm32f4xx_usart.c ****     RCC_APB2PeriphResetCmd(RCC_APB2Periph_USART1, ENABLE);
 195:./Libraries/src/stm32f4xx_usart.c ****     RCC_APB2PeriphResetCmd(RCC_APB2Periph_USART1, DISABLE);
 196:./Libraries/src/stm32f4xx_usart.c ****   }
 197:./Libraries/src/stm32f4xx_usart.c ****   else if (USARTx == USART2)
  46              		.loc 1 197 8 is_stmt 1 view .LVU5
  47              		.loc 1 197 11 is_stmt 0 view .LVU6
  48 0008 354B     		ldr	r3, .L19+4
  49 000a 9842     		cmp	r0, r3
  50 000c 1BD0     		beq	.L12
 198:./Libraries/src/stm32f4xx_usart.c ****   {
 199:./Libraries/src/stm32f4xx_usart.c ****     RCC_APB1PeriphResetCmd(RCC_APB1Periph_USART2, ENABLE);
 200:./Libraries/src/stm32f4xx_usart.c ****     RCC_APB1PeriphResetCmd(RCC_APB1Periph_USART2, DISABLE);
 201:./Libraries/src/stm32f4xx_usart.c ****   }
 202:./Libraries/src/stm32f4xx_usart.c ****   else if (USARTx == USART3)
  51              		.loc 1 202 8 is_stmt 1 view .LVU7
  52              		.loc 1 202 11 is_stmt 0 view .LVU8
  53 000e 354B     		ldr	r3, .L19+8
  54 0010 9842     		cmp	r0, r3
  55 0012 23D0     		beq	.L13
 203:./Libraries/src/stm32f4xx_usart.c ****   {
 204:./Libraries/src/stm32f4xx_usart.c ****     RCC_APB1PeriphResetCmd(RCC_APB1Periph_USART3, ENABLE);
 205:./Libraries/src/stm32f4xx_usart.c ****     RCC_APB1PeriphResetCmd(RCC_APB1Periph_USART3, DISABLE);
 206:./Libraries/src/stm32f4xx_usart.c ****   }    
 207:./Libraries/src/stm32f4xx_usart.c ****   else if (USARTx == UART4)
  56              		.loc 1 207 8 is_stmt 1 view .LVU9
  57              		.loc 1 207 11 is_stmt 0 view .LVU10
  58 0014 344B     		ldr	r3, .L19+12
  59 0016 9842     		cmp	r0, r3
  60 0018 2BD0     		beq	.L14
 208:./Libraries/src/stm32f4xx_usart.c ****   {
 209:./Libraries/src/stm32f4xx_usart.c ****     RCC_APB1PeriphResetCmd(RCC_APB1Periph_UART4, ENABLE);
 210:./Libraries/src/stm32f4xx_usart.c ****     RCC_APB1PeriphResetCmd(RCC_APB1Periph_UART4, DISABLE);
 211:./Libraries/src/stm32f4xx_usart.c ****   }
 212:./Libraries/src/stm32f4xx_usart.c ****   else if (USARTx == UART5)
  61              		.loc 1 212 8 is_stmt 1 view .LVU11
  62              		.loc 1 212 11 is_stmt 0 view .LVU12
  63 001a 344B     		ldr	r3, .L19+16
  64 001c 9842     		cmp	r0, r3
  65 001e 33D0     		beq	.L15
 213:./Libraries/src/stm32f4xx_usart.c ****   {
 214:./Libraries/src/stm32f4xx_usart.c ****     RCC_APB1PeriphResetCmd(RCC_APB1Periph_UART5, ENABLE);
 215:./Libraries/src/stm32f4xx_usart.c ****     RCC_APB1PeriphResetCmd(RCC_APB1Periph_UART5, DISABLE);
 216:./Libraries/src/stm32f4xx_usart.c ****   }  
 217:./Libraries/src/stm32f4xx_usart.c ****   else if (USARTx == USART6)
  66              		.loc 1 217 8 is_stmt 1 view .LVU13
  67              		.loc 1 217 11 is_stmt 0 view .LVU14
  68 0020 334B     		ldr	r3, .L19+20
  69 0022 9842     		cmp	r0, r3
ARM GAS  /tmp/ccdQ2tkR.s 			page 6


  70 0024 3BD0     		beq	.L16
 218:./Libraries/src/stm32f4xx_usart.c ****   {
 219:./Libraries/src/stm32f4xx_usart.c ****     RCC_APB2PeriphResetCmd(RCC_APB2Periph_USART6, ENABLE);
 220:./Libraries/src/stm32f4xx_usart.c ****     RCC_APB2PeriphResetCmd(RCC_APB2Periph_USART6, DISABLE);
 221:./Libraries/src/stm32f4xx_usart.c ****   }
 222:./Libraries/src/stm32f4xx_usart.c ****   else if (USARTx == UART7)
  71              		.loc 1 222 8 is_stmt 1 view .LVU15
  72              		.loc 1 222 11 is_stmt 0 view .LVU16
  73 0026 334B     		ldr	r3, .L19+24
  74 0028 9842     		cmp	r0, r3
  75 002a 41D0     		beq	.L17
 223:./Libraries/src/stm32f4xx_usart.c ****   {
 224:./Libraries/src/stm32f4xx_usart.c ****     RCC_APB1PeriphResetCmd(RCC_APB1Periph_UART7, ENABLE);
 225:./Libraries/src/stm32f4xx_usart.c ****     RCC_APB1PeriphResetCmd(RCC_APB1Periph_UART7, DISABLE);
 226:./Libraries/src/stm32f4xx_usart.c ****   }     
 227:./Libraries/src/stm32f4xx_usart.c ****   else
 228:./Libraries/src/stm32f4xx_usart.c ****   {
 229:./Libraries/src/stm32f4xx_usart.c ****     if (USARTx == UART8)
  76              		.loc 1 229 5 is_stmt 1 view .LVU17
  77              		.loc 1 229 8 is_stmt 0 view .LVU18
  78 002c 324B     		ldr	r3, .L19+28
  79 002e 9842     		cmp	r0, r3
  80 0030 49D0     		beq	.L18
  81              	.LVL1:
  82              	.L1:
 230:./Libraries/src/stm32f4xx_usart.c ****     { 
 231:./Libraries/src/stm32f4xx_usart.c ****       RCC_APB1PeriphResetCmd(RCC_APB1Periph_UART8, ENABLE);
 232:./Libraries/src/stm32f4xx_usart.c ****       RCC_APB1PeriphResetCmd(RCC_APB1Periph_UART8, DISABLE);
 233:./Libraries/src/stm32f4xx_usart.c ****     }
 234:./Libraries/src/stm32f4xx_usart.c ****   }
 235:./Libraries/src/stm32f4xx_usart.c **** }
  83              		.loc 1 235 1 view .LVU19
  84 0032 08BD     		pop	{r3, pc}
  85              	.LVL2:
  86              	.L11:
 194:./Libraries/src/stm32f4xx_usart.c ****     RCC_APB2PeriphResetCmd(RCC_APB2Periph_USART1, DISABLE);
  87              		.loc 1 194 5 is_stmt 1 view .LVU20
  88 0034 0121     		movs	r1, #1
  89 0036 1020     		movs	r0, #16
  90              	.LVL3:
 194:./Libraries/src/stm32f4xx_usart.c ****     RCC_APB2PeriphResetCmd(RCC_APB2Periph_USART1, DISABLE);
  91              		.loc 1 194 5 is_stmt 0 view .LVU21
  92 0038 FFF7FEFF 		bl	RCC_APB2PeriphResetCmd
  93              	.LVL4:
 195:./Libraries/src/stm32f4xx_usart.c ****   }
  94              		.loc 1 195 5 is_stmt 1 view .LVU22
  95 003c 0021     		movs	r1, #0
  96 003e 1020     		movs	r0, #16
  97 0040 FFF7FEFF 		bl	RCC_APB2PeriphResetCmd
  98              	.LVL5:
  99 0044 F5E7     		b	.L1
 100              	.LVL6:
 101              	.L12:
 199:./Libraries/src/stm32f4xx_usart.c ****     RCC_APB1PeriphResetCmd(RCC_APB1Periph_USART2, DISABLE);
 102              		.loc 1 199 5 view .LVU23
 103 0046 0121     		movs	r1, #1
 104 0048 4FF40030 		mov	r0, #131072
ARM GAS  /tmp/ccdQ2tkR.s 			page 7


 105              	.LVL7:
 199:./Libraries/src/stm32f4xx_usart.c ****     RCC_APB1PeriphResetCmd(RCC_APB1Periph_USART2, DISABLE);
 106              		.loc 1 199 5 is_stmt 0 view .LVU24
 107 004c FFF7FEFF 		bl	RCC_APB1PeriphResetCmd
 108              	.LVL8:
 200:./Libraries/src/stm32f4xx_usart.c ****   }
 109              		.loc 1 200 5 is_stmt 1 view .LVU25
 110 0050 0021     		movs	r1, #0
 111 0052 4FF40030 		mov	r0, #131072
 112 0056 FFF7FEFF 		bl	RCC_APB1PeriphResetCmd
 113              	.LVL9:
 114 005a EAE7     		b	.L1
 115              	.LVL10:
 116              	.L13:
 204:./Libraries/src/stm32f4xx_usart.c ****     RCC_APB1PeriphResetCmd(RCC_APB1Periph_USART3, DISABLE);
 117              		.loc 1 204 5 view .LVU26
 118 005c 0121     		movs	r1, #1
 119 005e 4FF48020 		mov	r0, #262144
 120              	.LVL11:
 204:./Libraries/src/stm32f4xx_usart.c ****     RCC_APB1PeriphResetCmd(RCC_APB1Periph_USART3, DISABLE);
 121              		.loc 1 204 5 is_stmt 0 view .LVU27
 122 0062 FFF7FEFF 		bl	RCC_APB1PeriphResetCmd
 123              	.LVL12:
 205:./Libraries/src/stm32f4xx_usart.c ****   }    
 124              		.loc 1 205 5 is_stmt 1 view .LVU28
 125 0066 0021     		movs	r1, #0
 126 0068 4FF48020 		mov	r0, #262144
 127 006c FFF7FEFF 		bl	RCC_APB1PeriphResetCmd
 128              	.LVL13:
 129 0070 DFE7     		b	.L1
 130              	.LVL14:
 131              	.L14:
 209:./Libraries/src/stm32f4xx_usart.c ****     RCC_APB1PeriphResetCmd(RCC_APB1Periph_UART4, DISABLE);
 132              		.loc 1 209 5 view .LVU29
 133 0072 0121     		movs	r1, #1
 134 0074 4FF40020 		mov	r0, #524288
 135              	.LVL15:
 209:./Libraries/src/stm32f4xx_usart.c ****     RCC_APB1PeriphResetCmd(RCC_APB1Periph_UART4, DISABLE);
 136              		.loc 1 209 5 is_stmt 0 view .LVU30
 137 0078 FFF7FEFF 		bl	RCC_APB1PeriphResetCmd
 138              	.LVL16:
 210:./Libraries/src/stm32f4xx_usart.c ****   }
 139              		.loc 1 210 5 is_stmt 1 view .LVU31
 140 007c 0021     		movs	r1, #0
 141 007e 4FF40020 		mov	r0, #524288
 142 0082 FFF7FEFF 		bl	RCC_APB1PeriphResetCmd
 143              	.LVL17:
 144 0086 D4E7     		b	.L1
 145              	.LVL18:
 146              	.L15:
 214:./Libraries/src/stm32f4xx_usart.c ****     RCC_APB1PeriphResetCmd(RCC_APB1Periph_UART5, DISABLE);
 147              		.loc 1 214 5 view .LVU32
 148 0088 0121     		movs	r1, #1
 149 008a 4FF48010 		mov	r0, #1048576
 150              	.LVL19:
 214:./Libraries/src/stm32f4xx_usart.c ****     RCC_APB1PeriphResetCmd(RCC_APB1Periph_UART5, DISABLE);
 151              		.loc 1 214 5 is_stmt 0 view .LVU33
ARM GAS  /tmp/ccdQ2tkR.s 			page 8


 152 008e FFF7FEFF 		bl	RCC_APB1PeriphResetCmd
 153              	.LVL20:
 215:./Libraries/src/stm32f4xx_usart.c ****   }  
 154              		.loc 1 215 5 is_stmt 1 view .LVU34
 155 0092 0021     		movs	r1, #0
 156 0094 4FF48010 		mov	r0, #1048576
 157 0098 FFF7FEFF 		bl	RCC_APB1PeriphResetCmd
 158              	.LVL21:
 159 009c C9E7     		b	.L1
 160              	.LVL22:
 161              	.L16:
 219:./Libraries/src/stm32f4xx_usart.c ****     RCC_APB2PeriphResetCmd(RCC_APB2Periph_USART6, DISABLE);
 162              		.loc 1 219 5 view .LVU35
 163 009e 0121     		movs	r1, #1
 164 00a0 2020     		movs	r0, #32
 165              	.LVL23:
 219:./Libraries/src/stm32f4xx_usart.c ****     RCC_APB2PeriphResetCmd(RCC_APB2Periph_USART6, DISABLE);
 166              		.loc 1 219 5 is_stmt 0 view .LVU36
 167 00a2 FFF7FEFF 		bl	RCC_APB2PeriphResetCmd
 168              	.LVL24:
 220:./Libraries/src/stm32f4xx_usart.c ****   }
 169              		.loc 1 220 5 is_stmt 1 view .LVU37
 170 00a6 0021     		movs	r1, #0
 171 00a8 2020     		movs	r0, #32
 172 00aa FFF7FEFF 		bl	RCC_APB2PeriphResetCmd
 173              	.LVL25:
 174 00ae C0E7     		b	.L1
 175              	.LVL26:
 176              	.L17:
 224:./Libraries/src/stm32f4xx_usart.c ****     RCC_APB1PeriphResetCmd(RCC_APB1Periph_UART7, DISABLE);
 177              		.loc 1 224 5 view .LVU38
 178 00b0 0121     		movs	r1, #1
 179 00b2 4FF08040 		mov	r0, #1073741824
 180              	.LVL27:
 224:./Libraries/src/stm32f4xx_usart.c ****     RCC_APB1PeriphResetCmd(RCC_APB1Periph_UART7, DISABLE);
 181              		.loc 1 224 5 is_stmt 0 view .LVU39
 182 00b6 FFF7FEFF 		bl	RCC_APB1PeriphResetCmd
 183              	.LVL28:
 225:./Libraries/src/stm32f4xx_usart.c ****   }     
 184              		.loc 1 225 5 is_stmt 1 view .LVU40
 185 00ba 0021     		movs	r1, #0
 186 00bc 4FF08040 		mov	r0, #1073741824
 187 00c0 FFF7FEFF 		bl	RCC_APB1PeriphResetCmd
 188              	.LVL29:
 189 00c4 B5E7     		b	.L1
 190              	.LVL30:
 191              	.L18:
 231:./Libraries/src/stm32f4xx_usart.c ****       RCC_APB1PeriphResetCmd(RCC_APB1Periph_UART8, DISABLE);
 192              		.loc 1 231 7 view .LVU41
 193 00c6 0121     		movs	r1, #1
 194 00c8 4FF00040 		mov	r0, #-2147483648
 195              	.LVL31:
 231:./Libraries/src/stm32f4xx_usart.c ****       RCC_APB1PeriphResetCmd(RCC_APB1Periph_UART8, DISABLE);
 196              		.loc 1 231 7 is_stmt 0 view .LVU42
 197 00cc FFF7FEFF 		bl	RCC_APB1PeriphResetCmd
 198              	.LVL32:
 232:./Libraries/src/stm32f4xx_usart.c ****     }
ARM GAS  /tmp/ccdQ2tkR.s 			page 9


 199              		.loc 1 232 7 is_stmt 1 view .LVU43
 200 00d0 0021     		movs	r1, #0
 201 00d2 4FF00040 		mov	r0, #-2147483648
 202 00d6 FFF7FEFF 		bl	RCC_APB1PeriphResetCmd
 203              	.LVL33:
 204              		.loc 1 235 1 is_stmt 0 view .LVU44
 205 00da AAE7     		b	.L1
 206              	.L20:
 207              		.align	2
 208              	.L19:
 209 00dc 00100140 		.word	1073811456
 210 00e0 00440040 		.word	1073759232
 211 00e4 00480040 		.word	1073760256
 212 00e8 004C0040 		.word	1073761280
 213 00ec 00500040 		.word	1073762304
 214 00f0 00140140 		.word	1073812480
 215 00f4 00780040 		.word	1073772544
 216 00f8 007C0040 		.word	1073773568
 217              		.cfi_endproc
 218              	.LFE123:
 220              		.section	.text.USART_Init,"ax",%progbits
 221              		.align	1
 222              		.global	USART_Init
 223              		.syntax unified
 224              		.thumb
 225              		.thumb_func
 227              	USART_Init:
 228              	.LVL34:
 229              	.LFB124:
 236:./Libraries/src/stm32f4xx_usart.c **** 
 237:./Libraries/src/stm32f4xx_usart.c **** /**
 238:./Libraries/src/stm32f4xx_usart.c ****   * @brief  Initializes the USARTx peripheral according to the specified
 239:./Libraries/src/stm32f4xx_usart.c ****   *         parameters in the USART_InitStruct .
 240:./Libraries/src/stm32f4xx_usart.c ****   * @param  USARTx: where x can be 1, 2, 3, 4, 5, 6, 7 or 8 to select the USART or 
 241:./Libraries/src/stm32f4xx_usart.c ****   *         UART peripheral.
 242:./Libraries/src/stm32f4xx_usart.c ****   * @param  USART_InitStruct: pointer to a USART_InitTypeDef structure that contains
 243:./Libraries/src/stm32f4xx_usart.c ****   *         the configuration information for the specified USART peripheral.
 244:./Libraries/src/stm32f4xx_usart.c ****   * @retval None
 245:./Libraries/src/stm32f4xx_usart.c ****   */
 246:./Libraries/src/stm32f4xx_usart.c **** void USART_Init(USART_TypeDef* USARTx, USART_InitTypeDef* USART_InitStruct)
 247:./Libraries/src/stm32f4xx_usart.c **** {
 230              		.loc 1 247 1 is_stmt 1 view -0
 231              		.cfi_startproc
 232              		@ args = 0, pretend = 0, frame = 16
 233              		@ frame_needed = 0, uses_anonymous_args = 0
 234              		.loc 1 247 1 is_stmt 0 view .LVU46
 235 0000 30B5     		push	{r4, r5, lr}
 236              	.LCFI1:
 237              		.cfi_def_cfa_offset 12
 238              		.cfi_offset 4, -12
 239              		.cfi_offset 5, -8
 240              		.cfi_offset 14, -4
 241 0002 85B0     		sub	sp, sp, #20
 242              	.LCFI2:
 243              		.cfi_def_cfa_offset 32
 244 0004 0446     		mov	r4, r0
 245 0006 0D46     		mov	r5, r1
ARM GAS  /tmp/ccdQ2tkR.s 			page 10


 248:./Libraries/src/stm32f4xx_usart.c ****   uint32_t tmpreg = 0x00, apbclock = 0x00;
 246              		.loc 1 248 3 is_stmt 1 view .LVU47
 247              	.LVL35:
 249:./Libraries/src/stm32f4xx_usart.c ****   uint32_t integerdivider = 0x00;
 248              		.loc 1 249 3 view .LVU48
 250:./Libraries/src/stm32f4xx_usart.c ****   uint32_t fractionaldivider = 0x00;
 249              		.loc 1 250 3 view .LVU49
 251:./Libraries/src/stm32f4xx_usart.c ****   RCC_ClocksTypeDef RCC_ClocksStatus;
 250              		.loc 1 251 3 view .LVU50
 252:./Libraries/src/stm32f4xx_usart.c **** 
 253:./Libraries/src/stm32f4xx_usart.c ****   /* Check the parameters */
 254:./Libraries/src/stm32f4xx_usart.c ****   assert_param(IS_USART_ALL_PERIPH(USARTx));
 251              		.loc 1 254 3 view .LVU51
 255:./Libraries/src/stm32f4xx_usart.c ****   assert_param(IS_USART_BAUDRATE(USART_InitStruct->USART_BaudRate));  
 252              		.loc 1 255 3 view .LVU52
 256:./Libraries/src/stm32f4xx_usart.c ****   assert_param(IS_USART_WORD_LENGTH(USART_InitStruct->USART_WordLength));
 253              		.loc 1 256 3 view .LVU53
 257:./Libraries/src/stm32f4xx_usart.c ****   assert_param(IS_USART_STOPBITS(USART_InitStruct->USART_StopBits));
 254              		.loc 1 257 3 view .LVU54
 258:./Libraries/src/stm32f4xx_usart.c ****   assert_param(IS_USART_PARITY(USART_InitStruct->USART_Parity));
 255              		.loc 1 258 3 view .LVU55
 259:./Libraries/src/stm32f4xx_usart.c ****   assert_param(IS_USART_MODE(USART_InitStruct->USART_Mode));
 256              		.loc 1 259 3 view .LVU56
 260:./Libraries/src/stm32f4xx_usart.c ****   assert_param(IS_USART_HARDWARE_FLOW_CONTROL(USART_InitStruct->USART_HardwareFlowControl));
 257              		.loc 1 260 3 view .LVU57
 261:./Libraries/src/stm32f4xx_usart.c **** 
 262:./Libraries/src/stm32f4xx_usart.c ****   /* The hardware flow control is available only for USART1, USART2, USART3 and USART6 */
 263:./Libraries/src/stm32f4xx_usart.c ****   if (USART_InitStruct->USART_HardwareFlowControl != USART_HardwareFlowControl_None)
 258              		.loc 1 263 3 view .LVU58
 264:./Libraries/src/stm32f4xx_usart.c ****   {
 265:./Libraries/src/stm32f4xx_usart.c ****     assert_param(IS_USART_1236_PERIPH(USARTx));
 259              		.loc 1 265 5 view .LVU59
 266:./Libraries/src/stm32f4xx_usart.c ****   }
 267:./Libraries/src/stm32f4xx_usart.c **** 
 268:./Libraries/src/stm32f4xx_usart.c **** /*---------------------------- USART CR2 Configuration -----------------------*/
 269:./Libraries/src/stm32f4xx_usart.c ****   tmpreg = USARTx->CR2;
 260              		.loc 1 269 3 view .LVU60
 261              		.loc 1 269 18 is_stmt 0 view .LVU61
 262 0008 038A     		ldrh	r3, [r0, #16]
 263 000a 9BB2     		uxth	r3, r3
 264              	.LVL36:
 270:./Libraries/src/stm32f4xx_usart.c **** 
 271:./Libraries/src/stm32f4xx_usart.c ****   /* Clear STOP[13:12] bits */
 272:./Libraries/src/stm32f4xx_usart.c ****   tmpreg &= (uint32_t)~((uint32_t)USART_CR2_STOP);
 265              		.loc 1 272 3 is_stmt 1 view .LVU62
 266              		.loc 1 272 10 is_stmt 0 view .LVU63
 267 000c 23F44053 		bic	r3, r3, #12288
 268              	.LVL37:
 273:./Libraries/src/stm32f4xx_usart.c **** 
 274:./Libraries/src/stm32f4xx_usart.c ****   /* Configure the USART Stop Bits, Clock, CPOL, CPHA and LastBit :
 275:./Libraries/src/stm32f4xx_usart.c ****       Set STOP[13:12] bits according to USART_StopBits value */
 276:./Libraries/src/stm32f4xx_usart.c ****   tmpreg |= (uint32_t)USART_InitStruct->USART_StopBits;
 269              		.loc 1 276 3 is_stmt 1 view .LVU64
 270              		.loc 1 276 39 is_stmt 0 view .LVU65
 271 0010 CA88     		ldrh	r2, [r1, #6]
 272              	.LVL38:
 277:./Libraries/src/stm32f4xx_usart.c ****   
ARM GAS  /tmp/ccdQ2tkR.s 			page 11


 278:./Libraries/src/stm32f4xx_usart.c ****   /* Write to USART CR2 */
 279:./Libraries/src/stm32f4xx_usart.c ****   USARTx->CR2 = (uint16_t)tmpreg;
 273              		.loc 1 279 3 is_stmt 1 view .LVU66
 274              		.loc 1 279 17 is_stmt 0 view .LVU67
 275 0012 1343     		orrs	r3, r3, r2
 276              	.LVL39:
 277              		.loc 1 279 15 view .LVU68
 278 0014 0382     		strh	r3, [r0, #16]	@ movhi
 280:./Libraries/src/stm32f4xx_usart.c **** 
 281:./Libraries/src/stm32f4xx_usart.c **** /*---------------------------- USART CR1 Configuration -----------------------*/
 282:./Libraries/src/stm32f4xx_usart.c ****   tmpreg = USARTx->CR1;
 279              		.loc 1 282 3 is_stmt 1 view .LVU69
 280              		.loc 1 282 18 is_stmt 0 view .LVU70
 281 0016 8389     		ldrh	r3, [r0, #12]
 282              	.LVL40:
 283              		.loc 1 282 18 view .LVU71
 284 0018 9BB2     		uxth	r3, r3
 285              	.LVL41:
 283:./Libraries/src/stm32f4xx_usart.c **** 
 284:./Libraries/src/stm32f4xx_usart.c ****   /* Clear M, PCE, PS, TE and RE bits */
 285:./Libraries/src/stm32f4xx_usart.c ****   tmpreg &= (uint32_t)~((uint32_t)CR1_CLEAR_MASK);
 286              		.loc 1 285 3 is_stmt 1 view .LVU72
 287              		.loc 1 285 10 is_stmt 0 view .LVU73
 288 001a 23F4B053 		bic	r3, r3, #5632
 289              	.LVL42:
 290              		.loc 1 285 10 view .LVU74
 291 001e 23F00C03 		bic	r3, r3, #12
 292              	.LVL43:
 286:./Libraries/src/stm32f4xx_usart.c **** 
 287:./Libraries/src/stm32f4xx_usart.c ****   /* Configure the USART Word Length, Parity and mode: 
 288:./Libraries/src/stm32f4xx_usart.c ****      Set the M bits according to USART_WordLength value 
 289:./Libraries/src/stm32f4xx_usart.c ****      Set PCE and PS bits according to USART_Parity value
 290:./Libraries/src/stm32f4xx_usart.c ****      Set TE and RE bits according to USART_Mode value */
 291:./Libraries/src/stm32f4xx_usart.c ****   tmpreg |= (uint32_t)USART_InitStruct->USART_WordLength | USART_InitStruct->USART_Parity |
 293              		.loc 1 291 3 is_stmt 1 view .LVU75
 294              		.loc 1 291 39 is_stmt 0 view .LVU76
 295 0022 8988     		ldrh	r1, [r1, #4]
 296              	.LVL44:
 297              		.loc 1 291 76 view .LVU77
 298 0024 2889     		ldrh	r0, [r5, #8]
 299              	.LVL45:
 292:./Libraries/src/stm32f4xx_usart.c ****             USART_InitStruct->USART_Mode;
 300              		.loc 1 292 29 view .LVU78
 301 0026 6A89     		ldrh	r2, [r5, #10]
 291:./Libraries/src/stm32f4xx_usart.c ****             USART_InitStruct->USART_Mode;
 302              		.loc 1 291 91 view .LVU79
 303 0028 0143     		orrs	r1, r1, r0
 304 002a 0A43     		orrs	r2, r2, r1
 305              	.LVL46:
 293:./Libraries/src/stm32f4xx_usart.c **** 
 294:./Libraries/src/stm32f4xx_usart.c ****   /* Write to USART CR1 */
 295:./Libraries/src/stm32f4xx_usart.c ****   USARTx->CR1 = (uint16_t)tmpreg;
 306              		.loc 1 295 3 is_stmt 1 view .LVU80
 307              		.loc 1 295 17 is_stmt 0 view .LVU81
 308 002c 1343     		orrs	r3, r3, r2
 309              	.LVL47:
 310              		.loc 1 295 15 view .LVU82
ARM GAS  /tmp/ccdQ2tkR.s 			page 12


 311 002e A381     		strh	r3, [r4, #12]	@ movhi
 296:./Libraries/src/stm32f4xx_usart.c **** 
 297:./Libraries/src/stm32f4xx_usart.c **** /*---------------------------- USART CR3 Configuration -----------------------*/  
 298:./Libraries/src/stm32f4xx_usart.c ****   tmpreg = USARTx->CR3;
 312              		.loc 1 298 3 is_stmt 1 view .LVU83
 313              		.loc 1 298 18 is_stmt 0 view .LVU84
 314 0030 A38A     		ldrh	r3, [r4, #20]
 315              	.LVL48:
 316              		.loc 1 298 18 view .LVU85
 317 0032 9BB2     		uxth	r3, r3
 318              	.LVL49:
 299:./Libraries/src/stm32f4xx_usart.c **** 
 300:./Libraries/src/stm32f4xx_usart.c ****   /* Clear CTSE and RTSE bits */
 301:./Libraries/src/stm32f4xx_usart.c ****   tmpreg &= (uint32_t)~((uint32_t)CR3_CLEAR_MASK);
 319              		.loc 1 301 3 is_stmt 1 view .LVU86
 320              		.loc 1 301 10 is_stmt 0 view .LVU87
 321 0034 23F44073 		bic	r3, r3, #768
 322              	.LVL50:
 302:./Libraries/src/stm32f4xx_usart.c **** 
 303:./Libraries/src/stm32f4xx_usart.c ****   /* Configure the USART HFC : 
 304:./Libraries/src/stm32f4xx_usart.c ****       Set CTSE and RTSE bits according to USART_HardwareFlowControl value */
 305:./Libraries/src/stm32f4xx_usart.c ****   tmpreg |= USART_InitStruct->USART_HardwareFlowControl;
 323              		.loc 1 305 3 is_stmt 1 view .LVU88
 324              		.loc 1 305 29 is_stmt 0 view .LVU89
 325 0038 AA89     		ldrh	r2, [r5, #12]
 326              	.LVL51:
 306:./Libraries/src/stm32f4xx_usart.c **** 
 307:./Libraries/src/stm32f4xx_usart.c ****   /* Write to USART CR3 */
 308:./Libraries/src/stm32f4xx_usart.c ****   USARTx->CR3 = (uint16_t)tmpreg;
 327              		.loc 1 308 3 is_stmt 1 view .LVU90
 328              		.loc 1 308 17 is_stmt 0 view .LVU91
 329 003a 1343     		orrs	r3, r3, r2
 330              	.LVL52:
 331              		.loc 1 308 15 view .LVU92
 332 003c A382     		strh	r3, [r4, #20]	@ movhi
 309:./Libraries/src/stm32f4xx_usart.c **** 
 310:./Libraries/src/stm32f4xx_usart.c **** /*---------------------------- USART BRR Configuration -----------------------*/
 311:./Libraries/src/stm32f4xx_usart.c ****   /* Configure the USART Baud Rate */
 312:./Libraries/src/stm32f4xx_usart.c ****   RCC_GetClocksFreq(&RCC_ClocksStatus);
 333              		.loc 1 312 3 is_stmt 1 view .LVU93
 334 003e 6846     		mov	r0, sp
 335 0040 FFF7FEFF 		bl	RCC_GetClocksFreq
 336              	.LVL53:
 313:./Libraries/src/stm32f4xx_usart.c **** 
 314:./Libraries/src/stm32f4xx_usart.c ****   if ((USARTx == USART1) || (USARTx == USART6))
 337              		.loc 1 314 3 view .LVU94
 338              		.loc 1 314 6 is_stmt 0 view .LVU95
 339 0044 1F4B     		ldr	r3, .L32
 340 0046 9C42     		cmp	r4, r3
 341 0048 05D0     		beq	.L22
 342              		.loc 1 314 26 discriminator 1 view .LVU96
 343 004a 03F58063 		add	r3, r3, #1024
 344 004e 9C42     		cmp	r4, r3
 345 0050 01D0     		beq	.L22
 315:./Libraries/src/stm32f4xx_usart.c ****   {
 316:./Libraries/src/stm32f4xx_usart.c ****     apbclock = RCC_ClocksStatus.PCLK2_Frequency;
 317:./Libraries/src/stm32f4xx_usart.c ****   }
ARM GAS  /tmp/ccdQ2tkR.s 			page 13


 318:./Libraries/src/stm32f4xx_usart.c ****   else
 319:./Libraries/src/stm32f4xx_usart.c ****   {
 320:./Libraries/src/stm32f4xx_usart.c ****     apbclock = RCC_ClocksStatus.PCLK1_Frequency;
 346              		.loc 1 320 5 is_stmt 1 view .LVU97
 347              		.loc 1 320 14 is_stmt 0 view .LVU98
 348 0052 029B     		ldr	r3, [sp, #8]
 349 0054 00E0     		b	.L24
 350              	.L22:
 316:./Libraries/src/stm32f4xx_usart.c ****   }
 351              		.loc 1 316 5 is_stmt 1 view .LVU99
 316:./Libraries/src/stm32f4xx_usart.c ****   }
 352              		.loc 1 316 14 is_stmt 0 view .LVU100
 353 0056 039B     		ldr	r3, [sp, #12]
 354              	.LVL54:
 355              	.L24:
 321:./Libraries/src/stm32f4xx_usart.c ****   }
 322:./Libraries/src/stm32f4xx_usart.c ****   
 323:./Libraries/src/stm32f4xx_usart.c ****   /* Determine the integer part */
 324:./Libraries/src/stm32f4xx_usart.c ****   if ((USARTx->CR1 & USART_CR1_OVER8) != 0)
 356              		.loc 1 324 3 is_stmt 1 view .LVU101
 357              		.loc 1 324 14 is_stmt 0 view .LVU102
 358 0058 A289     		ldrh	r2, [r4, #12]
 359              		.loc 1 324 6 view .LVU103
 360 005a 12F4004F 		tst	r2, #32768
 361 005e 1FD1     		bne	.L30
 325:./Libraries/src/stm32f4xx_usart.c ****   {
 326:./Libraries/src/stm32f4xx_usart.c ****     /* Integer part computing in case Oversampling mode is 8 Samples */
 327:./Libraries/src/stm32f4xx_usart.c ****     integerdivider = ((25 * apbclock) / (2 * (USART_InitStruct->USART_BaudRate)));    
 328:./Libraries/src/stm32f4xx_usart.c ****   }
 329:./Libraries/src/stm32f4xx_usart.c ****   else /* if ((USARTx->CR1 & USART_CR1_OVER8) == 0) */
 330:./Libraries/src/stm32f4xx_usart.c ****   {
 331:./Libraries/src/stm32f4xx_usart.c ****     /* Integer part computing in case Oversampling mode is 16 Samples */
 332:./Libraries/src/stm32f4xx_usart.c ****     integerdivider = ((25 * apbclock) / (4 * (USART_InitStruct->USART_BaudRate)));    
 362              		.loc 1 332 5 is_stmt 1 view .LVU104
 363              		.loc 1 332 27 is_stmt 0 view .LVU105
 364 0060 03EB8303 		add	r3, r3, r3, lsl #2
 365              	.LVL55:
 366              		.loc 1 332 27 view .LVU106
 367 0064 03EB8303 		add	r3, r3, r3, lsl #2
 368              		.loc 1 332 63 view .LVU107
 369 0068 2A68     		ldr	r2, [r5]
 370              		.loc 1 332 44 view .LVU108
 371 006a 9200     		lsls	r2, r2, #2
 372              		.loc 1 332 20 view .LVU109
 373 006c B3FBF2F3 		udiv	r3, r3, r2
 374              	.LVL56:
 375              	.L26:
 333:./Libraries/src/stm32f4xx_usart.c ****   }
 334:./Libraries/src/stm32f4xx_usart.c ****   tmpreg = (integerdivider / 100) << 4;
 376              		.loc 1 334 3 is_stmt 1 view .LVU110
 377              		.loc 1 334 28 is_stmt 0 view .LVU111
 378 0070 154A     		ldr	r2, .L32+4
 379 0072 A2FB0312 		umull	r1, r2, r2, r3
 380 0076 5209     		lsrs	r2, r2, #5
 381              		.loc 1 334 10 view .LVU112
 382 0078 1101     		lsls	r1, r2, #4
 383              	.LVL57:
ARM GAS  /tmp/ccdQ2tkR.s 			page 14


 335:./Libraries/src/stm32f4xx_usart.c **** 
 336:./Libraries/src/stm32f4xx_usart.c ****   /* Determine the fractional part */
 337:./Libraries/src/stm32f4xx_usart.c ****   fractionaldivider = integerdivider - (100 * (tmpreg >> 4));
 384              		.loc 1 337 3 is_stmt 1 view .LVU113
 385              		.loc 1 337 21 is_stmt 0 view .LVU114
 386 007a 6420     		movs	r0, #100
 387 007c 02FB1033 		mls	r3, r2, r0, r3
 388              	.LVL58:
 338:./Libraries/src/stm32f4xx_usart.c **** 
 339:./Libraries/src/stm32f4xx_usart.c ****   /* Implement the fractional part in the register */
 340:./Libraries/src/stm32f4xx_usart.c ****   if ((USARTx->CR1 & USART_CR1_OVER8) != 0)
 389              		.loc 1 340 3 is_stmt 1 view .LVU115
 390              		.loc 1 340 14 is_stmt 0 view .LVU116
 391 0080 A289     		ldrh	r2, [r4, #12]
 392              		.loc 1 340 6 view .LVU117
 393 0082 12F4004F 		tst	r2, #32768
 394 0086 14D1     		bne	.L31
 341:./Libraries/src/stm32f4xx_usart.c ****   {
 342:./Libraries/src/stm32f4xx_usart.c ****     tmpreg |= ((((fractionaldivider * 8) + 50) / 100)) & ((uint8_t)0x07);
 343:./Libraries/src/stm32f4xx_usart.c ****   }
 344:./Libraries/src/stm32f4xx_usart.c ****   else /* if ((USARTx->CR1 & USART_CR1_OVER8) == 0) */
 345:./Libraries/src/stm32f4xx_usart.c ****   {
 346:./Libraries/src/stm32f4xx_usart.c ****     tmpreg |= ((((fractionaldivider * 16) + 50) / 100)) & ((uint8_t)0x0F);
 395              		.loc 1 346 5 is_stmt 1 view .LVU118
 396              		.loc 1 346 37 is_stmt 0 view .LVU119
 397 0088 1B01     		lsls	r3, r3, #4
 398              	.LVL59:
 399              		.loc 1 346 43 view .LVU120
 400 008a 3233     		adds	r3, r3, #50
 401              		.loc 1 346 49 view .LVU121
 402 008c 0E4A     		ldr	r2, .L32+4
 403 008e A2FB0323 		umull	r2, r3, r2, r3
 404              		.loc 1 346 57 view .LVU122
 405 0092 C3F34313 		ubfx	r3, r3, #5, #4
 406              		.loc 1 346 12 view .LVU123
 407 0096 0B43     		orrs	r3, r3, r1
 408              	.LVL60:
 409              	.L28:
 347:./Libraries/src/stm32f4xx_usart.c ****   }
 348:./Libraries/src/stm32f4xx_usart.c ****   
 349:./Libraries/src/stm32f4xx_usart.c ****   /* Write to USART BRR register */
 350:./Libraries/src/stm32f4xx_usart.c ****   USARTx->BRR = (uint16_t)tmpreg;
 410              		.loc 1 350 3 is_stmt 1 view .LVU124
 411              		.loc 1 350 17 is_stmt 0 view .LVU125
 412 0098 9BB2     		uxth	r3, r3
 413              	.LVL61:
 414              		.loc 1 350 15 view .LVU126
 415 009a 2381     		strh	r3, [r4, #8]	@ movhi
 351:./Libraries/src/stm32f4xx_usart.c **** }
 416              		.loc 1 351 1 view .LVU127
 417 009c 05B0     		add	sp, sp, #20
 418              	.LCFI3:
 419              		.cfi_remember_state
 420              		.cfi_def_cfa_offset 12
 421              		@ sp needed
 422 009e 30BD     		pop	{r4, r5, pc}
 423              	.LVL62:
ARM GAS  /tmp/ccdQ2tkR.s 			page 15


 424              	.L30:
 425              	.LCFI4:
 426              		.cfi_restore_state
 327:./Libraries/src/stm32f4xx_usart.c ****   }
 427              		.loc 1 327 5 is_stmt 1 view .LVU128
 327:./Libraries/src/stm32f4xx_usart.c ****   }
 428              		.loc 1 327 27 is_stmt 0 view .LVU129
 429 00a0 03EB8303 		add	r3, r3, r3, lsl #2
 430              	.LVL63:
 327:./Libraries/src/stm32f4xx_usart.c ****   }
 431              		.loc 1 327 27 view .LVU130
 432 00a4 03EB8303 		add	r3, r3, r3, lsl #2
 327:./Libraries/src/stm32f4xx_usart.c ****   }
 433              		.loc 1 327 63 view .LVU131
 434 00a8 2A68     		ldr	r2, [r5]
 327:./Libraries/src/stm32f4xx_usart.c ****   }
 435              		.loc 1 327 44 view .LVU132
 436 00aa 5200     		lsls	r2, r2, #1
 327:./Libraries/src/stm32f4xx_usart.c ****   }
 437              		.loc 1 327 20 view .LVU133
 438 00ac B3FBF2F3 		udiv	r3, r3, r2
 439              	.LVL64:
 327:./Libraries/src/stm32f4xx_usart.c ****   }
 440              		.loc 1 327 20 view .LVU134
 441 00b0 DEE7     		b	.L26
 442              	.LVL65:
 443              	.L31:
 342:./Libraries/src/stm32f4xx_usart.c ****   }
 444              		.loc 1 342 5 is_stmt 1 view .LVU135
 342:./Libraries/src/stm32f4xx_usart.c ****   }
 445              		.loc 1 342 37 is_stmt 0 view .LVU136
 446 00b2 DB00     		lsls	r3, r3, #3
 447              	.LVL66:
 342:./Libraries/src/stm32f4xx_usart.c ****   }
 448              		.loc 1 342 42 view .LVU137
 449 00b4 3233     		adds	r3, r3, #50
 342:./Libraries/src/stm32f4xx_usart.c ****   }
 450              		.loc 1 342 48 view .LVU138
 451 00b6 044A     		ldr	r2, .L32+4
 452 00b8 A2FB0323 		umull	r2, r3, r2, r3
 342:./Libraries/src/stm32f4xx_usart.c ****   }
 453              		.loc 1 342 56 view .LVU139
 454 00bc C3F34213 		ubfx	r3, r3, #5, #3
 342:./Libraries/src/stm32f4xx_usart.c ****   }
 455              		.loc 1 342 12 view .LVU140
 456 00c0 0B43     		orrs	r3, r3, r1
 457              	.LVL67:
 342:./Libraries/src/stm32f4xx_usart.c ****   }
 458              		.loc 1 342 12 view .LVU141
 459 00c2 E9E7     		b	.L28
 460              	.L33:
 461              		.align	2
 462              	.L32:
 463 00c4 00100140 		.word	1073811456
 464 00c8 1F85EB51 		.word	1374389535
 465              		.cfi_endproc
 466              	.LFE124:
ARM GAS  /tmp/ccdQ2tkR.s 			page 16


 468              		.section	.text.USART_StructInit,"ax",%progbits
 469              		.align	1
 470              		.global	USART_StructInit
 471              		.syntax unified
 472              		.thumb
 473              		.thumb_func
 475              	USART_StructInit:
 476              	.LVL68:
 477              	.LFB125:
 352:./Libraries/src/stm32f4xx_usart.c **** 
 353:./Libraries/src/stm32f4xx_usart.c **** /**
 354:./Libraries/src/stm32f4xx_usart.c ****   * @brief  Fills each USART_InitStruct member with its default value.
 355:./Libraries/src/stm32f4xx_usart.c ****   * @param  USART_InitStruct: pointer to a USART_InitTypeDef structure which will
 356:./Libraries/src/stm32f4xx_usart.c ****   *         be initialized.
 357:./Libraries/src/stm32f4xx_usart.c ****   * @retval None
 358:./Libraries/src/stm32f4xx_usart.c ****   */
 359:./Libraries/src/stm32f4xx_usart.c **** void USART_StructInit(USART_InitTypeDef* USART_InitStruct)
 360:./Libraries/src/stm32f4xx_usart.c **** {
 478              		.loc 1 360 1 is_stmt 1 view -0
 479              		.cfi_startproc
 480              		@ args = 0, pretend = 0, frame = 0
 481              		@ frame_needed = 0, uses_anonymous_args = 0
 482              		@ link register save eliminated.
 361:./Libraries/src/stm32f4xx_usart.c ****   /* USART_InitStruct members default value */
 362:./Libraries/src/stm32f4xx_usart.c ****   USART_InitStruct->USART_BaudRate = 9600;
 483              		.loc 1 362 3 view .LVU143
 484              		.loc 1 362 36 is_stmt 0 view .LVU144
 485 0000 4FF41653 		mov	r3, #9600
 486 0004 0360     		str	r3, [r0]
 363:./Libraries/src/stm32f4xx_usart.c ****   USART_InitStruct->USART_WordLength = USART_WordLength_8b;
 487              		.loc 1 363 3 is_stmt 1 view .LVU145
 488              		.loc 1 363 38 is_stmt 0 view .LVU146
 489 0006 0023     		movs	r3, #0
 490 0008 8380     		strh	r3, [r0, #4]	@ movhi
 364:./Libraries/src/stm32f4xx_usart.c ****   USART_InitStruct->USART_StopBits = USART_StopBits_1;
 491              		.loc 1 364 3 is_stmt 1 view .LVU147
 492              		.loc 1 364 36 is_stmt 0 view .LVU148
 493 000a C380     		strh	r3, [r0, #6]	@ movhi
 365:./Libraries/src/stm32f4xx_usart.c ****   USART_InitStruct->USART_Parity = USART_Parity_No ;
 494              		.loc 1 365 3 is_stmt 1 view .LVU149
 495              		.loc 1 365 34 is_stmt 0 view .LVU150
 496 000c 0381     		strh	r3, [r0, #8]	@ movhi
 366:./Libraries/src/stm32f4xx_usart.c ****   USART_InitStruct->USART_Mode = USART_Mode_Rx | USART_Mode_Tx;
 497              		.loc 1 366 3 is_stmt 1 view .LVU151
 498              		.loc 1 366 32 is_stmt 0 view .LVU152
 499 000e 0C22     		movs	r2, #12
 500 0010 4281     		strh	r2, [r0, #10]	@ movhi
 367:./Libraries/src/stm32f4xx_usart.c ****   USART_InitStruct->USART_HardwareFlowControl = USART_HardwareFlowControl_None;  
 501              		.loc 1 367 3 is_stmt 1 view .LVU153
 502              		.loc 1 367 47 is_stmt 0 view .LVU154
 503 0012 8381     		strh	r3, [r0, #12]	@ movhi
 368:./Libraries/src/stm32f4xx_usart.c **** }
 504              		.loc 1 368 1 view .LVU155
 505 0014 7047     		bx	lr
 506              		.cfi_endproc
 507              	.LFE125:
 509              		.section	.text.USART_ClockInit,"ax",%progbits
ARM GAS  /tmp/ccdQ2tkR.s 			page 17


 510              		.align	1
 511              		.global	USART_ClockInit
 512              		.syntax unified
 513              		.thumb
 514              		.thumb_func
 516              	USART_ClockInit:
 517              	.LVL69:
 518              	.LFB126:
 369:./Libraries/src/stm32f4xx_usart.c **** 
 370:./Libraries/src/stm32f4xx_usart.c **** /**
 371:./Libraries/src/stm32f4xx_usart.c ****   * @brief  Initializes the USARTx peripheral Clock according to the 
 372:./Libraries/src/stm32f4xx_usart.c ****   *         specified parameters in the USART_ClockInitStruct .
 373:./Libraries/src/stm32f4xx_usart.c ****   * @param  USARTx: where x can be 1, 2, 3 or 6 to select the USART peripheral.
 374:./Libraries/src/stm32f4xx_usart.c ****   * @param  USART_ClockInitStruct: pointer to a USART_ClockInitTypeDef structure that
 375:./Libraries/src/stm32f4xx_usart.c ****   *         contains the configuration information for the specified  USART peripheral.
 376:./Libraries/src/stm32f4xx_usart.c ****   * @note   The Smart Card and Synchronous modes are not available for UART4 and UART5.    
 377:./Libraries/src/stm32f4xx_usart.c ****   * @retval None
 378:./Libraries/src/stm32f4xx_usart.c ****   */
 379:./Libraries/src/stm32f4xx_usart.c **** void USART_ClockInit(USART_TypeDef* USARTx, USART_ClockInitTypeDef* USART_ClockInitStruct)
 380:./Libraries/src/stm32f4xx_usart.c **** {
 519              		.loc 1 380 1 is_stmt 1 view -0
 520              		.cfi_startproc
 521              		@ args = 0, pretend = 0, frame = 0
 522              		@ frame_needed = 0, uses_anonymous_args = 0
 523              		.loc 1 380 1 is_stmt 0 view .LVU157
 524 0000 10B5     		push	{r4, lr}
 525              	.LCFI5:
 526              		.cfi_def_cfa_offset 8
 527              		.cfi_offset 4, -8
 528              		.cfi_offset 14, -4
 381:./Libraries/src/stm32f4xx_usart.c ****   uint32_t tmpreg = 0x00;
 529              		.loc 1 381 3 is_stmt 1 view .LVU158
 530              	.LVL70:
 382:./Libraries/src/stm32f4xx_usart.c ****   /* Check the parameters */
 383:./Libraries/src/stm32f4xx_usart.c ****   assert_param(IS_USART_1236_PERIPH(USARTx));
 531              		.loc 1 383 3 view .LVU159
 384:./Libraries/src/stm32f4xx_usart.c ****   assert_param(IS_USART_CLOCK(USART_ClockInitStruct->USART_Clock));
 532              		.loc 1 384 3 view .LVU160
 385:./Libraries/src/stm32f4xx_usart.c ****   assert_param(IS_USART_CPOL(USART_ClockInitStruct->USART_CPOL));
 533              		.loc 1 385 3 view .LVU161
 386:./Libraries/src/stm32f4xx_usart.c ****   assert_param(IS_USART_CPHA(USART_ClockInitStruct->USART_CPHA));
 534              		.loc 1 386 3 view .LVU162
 387:./Libraries/src/stm32f4xx_usart.c ****   assert_param(IS_USART_LASTBIT(USART_ClockInitStruct->USART_LastBit));
 535              		.loc 1 387 3 view .LVU163
 388:./Libraries/src/stm32f4xx_usart.c ****   
 389:./Libraries/src/stm32f4xx_usart.c **** /*---------------------------- USART CR2 Configuration -----------------------*/
 390:./Libraries/src/stm32f4xx_usart.c ****   tmpreg = USARTx->CR2;
 536              		.loc 1 390 3 view .LVU164
 537              		.loc 1 390 18 is_stmt 0 view .LVU165
 538 0002 028A     		ldrh	r2, [r0, #16]
 539 0004 92B2     		uxth	r2, r2
 540              	.LVL71:
 391:./Libraries/src/stm32f4xx_usart.c ****   /* Clear CLKEN, CPOL, CPHA and LBCL bits */
 392:./Libraries/src/stm32f4xx_usart.c ****   tmpreg &= (uint32_t)~((uint32_t)CR2_CLOCK_CLEAR_MASK);
 541              		.loc 1 392 3 is_stmt 1 view .LVU166
 542              		.loc 1 392 10 is_stmt 0 view .LVU167
 543 0006 22F47062 		bic	r2, r2, #3840
ARM GAS  /tmp/ccdQ2tkR.s 			page 18


 544              	.LVL72:
 393:./Libraries/src/stm32f4xx_usart.c ****   /* Configure the USART Clock, CPOL, CPHA and LastBit ------------*/
 394:./Libraries/src/stm32f4xx_usart.c ****   /* Set CLKEN bit according to USART_Clock value */
 395:./Libraries/src/stm32f4xx_usart.c ****   /* Set CPOL bit according to USART_CPOL value */
 396:./Libraries/src/stm32f4xx_usart.c ****   /* Set CPHA bit according to USART_CPHA value */
 397:./Libraries/src/stm32f4xx_usart.c ****   /* Set LBCL bit according to USART_LastBit value */
 398:./Libraries/src/stm32f4xx_usart.c ****   tmpreg |= (uint32_t)USART_ClockInitStruct->USART_Clock | USART_ClockInitStruct->USART_CPOL | 
 545              		.loc 1 398 3 is_stmt 1 view .LVU168
 546              		.loc 1 398 44 is_stmt 0 view .LVU169
 547 000a B1F800E0 		ldrh	lr, [r1]
 548              		.loc 1 398 81 view .LVU170
 549 000e 4C88     		ldrh	r4, [r1, #2]
 399:./Libraries/src/stm32f4xx_usart.c ****                  USART_ClockInitStruct->USART_CPHA | USART_ClockInitStruct->USART_LastBit;
 550              		.loc 1 399 39 view .LVU171
 551 0010 B1F804C0 		ldrh	ip, [r1, #4]
 552              		.loc 1 399 75 view .LVU172
 553 0014 CB88     		ldrh	r3, [r1, #6]
 554              		.loc 1 399 52 view .LVU173
 555 0016 4EEA0401 		orr	r1, lr, r4
 556              	.LVL73:
 557              		.loc 1 399 52 view .LVU174
 558 001a 4CEA0101 		orr	r1, ip, r1
 559 001e 0B43     		orrs	r3, r3, r1
 560              	.LVL74:
 400:./Libraries/src/stm32f4xx_usart.c ****   /* Write to USART CR2 */
 401:./Libraries/src/stm32f4xx_usart.c ****   USARTx->CR2 = (uint16_t)tmpreg;
 561              		.loc 1 401 3 is_stmt 1 view .LVU175
 562              		.loc 1 401 17 is_stmt 0 view .LVU176
 563 0020 1343     		orrs	r3, r3, r2
 564              	.LVL75:
 565              		.loc 1 401 15 view .LVU177
 566 0022 0382     		strh	r3, [r0, #16]	@ movhi
 402:./Libraries/src/stm32f4xx_usart.c **** }
 567              		.loc 1 402 1 view .LVU178
 568 0024 10BD     		pop	{r4, pc}
 569              		.cfi_endproc
 570              	.LFE126:
 572              		.section	.text.USART_ClockStructInit,"ax",%progbits
 573              		.align	1
 574              		.global	USART_ClockStructInit
 575              		.syntax unified
 576              		.thumb
 577              		.thumb_func
 579              	USART_ClockStructInit:
 580              	.LVL76:
 581              	.LFB127:
 403:./Libraries/src/stm32f4xx_usart.c **** 
 404:./Libraries/src/stm32f4xx_usart.c **** /**
 405:./Libraries/src/stm32f4xx_usart.c ****   * @brief  Fills each USART_ClockInitStruct member with its default value.
 406:./Libraries/src/stm32f4xx_usart.c ****   * @param  USART_ClockInitStruct: pointer to a USART_ClockInitTypeDef structure
 407:./Libraries/src/stm32f4xx_usart.c ****   *         which will be initialized.
 408:./Libraries/src/stm32f4xx_usart.c ****   * @retval None
 409:./Libraries/src/stm32f4xx_usart.c ****   */
 410:./Libraries/src/stm32f4xx_usart.c **** void USART_ClockStructInit(USART_ClockInitTypeDef* USART_ClockInitStruct)
 411:./Libraries/src/stm32f4xx_usart.c **** {
 582              		.loc 1 411 1 is_stmt 1 view -0
 583              		.cfi_startproc
ARM GAS  /tmp/ccdQ2tkR.s 			page 19


 584              		@ args = 0, pretend = 0, frame = 0
 585              		@ frame_needed = 0, uses_anonymous_args = 0
 586              		@ link register save eliminated.
 412:./Libraries/src/stm32f4xx_usart.c ****   /* USART_ClockInitStruct members default value */
 413:./Libraries/src/stm32f4xx_usart.c ****   USART_ClockInitStruct->USART_Clock = USART_Clock_Disable;
 587              		.loc 1 413 3 view .LVU180
 588              		.loc 1 413 38 is_stmt 0 view .LVU181
 589 0000 0023     		movs	r3, #0
 590 0002 0380     		strh	r3, [r0]	@ movhi
 414:./Libraries/src/stm32f4xx_usart.c ****   USART_ClockInitStruct->USART_CPOL = USART_CPOL_Low;
 591              		.loc 1 414 3 is_stmt 1 view .LVU182
 592              		.loc 1 414 37 is_stmt 0 view .LVU183
 593 0004 4380     		strh	r3, [r0, #2]	@ movhi
 415:./Libraries/src/stm32f4xx_usart.c ****   USART_ClockInitStruct->USART_CPHA = USART_CPHA_1Edge;
 594              		.loc 1 415 3 is_stmt 1 view .LVU184
 595              		.loc 1 415 37 is_stmt 0 view .LVU185
 596 0006 8380     		strh	r3, [r0, #4]	@ movhi
 416:./Libraries/src/stm32f4xx_usart.c ****   USART_ClockInitStruct->USART_LastBit = USART_LastBit_Disable;
 597              		.loc 1 416 3 is_stmt 1 view .LVU186
 598              		.loc 1 416 40 is_stmt 0 view .LVU187
 599 0008 C380     		strh	r3, [r0, #6]	@ movhi
 417:./Libraries/src/stm32f4xx_usart.c **** }
 600              		.loc 1 417 1 view .LVU188
 601 000a 7047     		bx	lr
 602              		.cfi_endproc
 603              	.LFE127:
 605              		.section	.text.USART_Cmd,"ax",%progbits
 606              		.align	1
 607              		.global	USART_Cmd
 608              		.syntax unified
 609              		.thumb
 610              		.thumb_func
 612              	USART_Cmd:
 613              	.LVL77:
 614              	.LFB128:
 418:./Libraries/src/stm32f4xx_usart.c **** 
 419:./Libraries/src/stm32f4xx_usart.c **** /**
 420:./Libraries/src/stm32f4xx_usart.c ****   * @brief  Enables or disables the specified USART peripheral.
 421:./Libraries/src/stm32f4xx_usart.c ****   * @param  USARTx: where x can be 1, 2, 3, 4, 5, 6, 7 or 8 to select the USART or 
 422:./Libraries/src/stm32f4xx_usart.c ****   *         UART peripheral.
 423:./Libraries/src/stm32f4xx_usart.c ****   * @param  NewState: new state of the USARTx peripheral.
 424:./Libraries/src/stm32f4xx_usart.c ****   *          This parameter can be: ENABLE or DISABLE.
 425:./Libraries/src/stm32f4xx_usart.c ****   * @retval None
 426:./Libraries/src/stm32f4xx_usart.c ****   */
 427:./Libraries/src/stm32f4xx_usart.c **** void USART_Cmd(USART_TypeDef* USARTx, FunctionalState NewState)
 428:./Libraries/src/stm32f4xx_usart.c **** {
 615              		.loc 1 428 1 is_stmt 1 view -0
 616              		.cfi_startproc
 617              		@ args = 0, pretend = 0, frame = 0
 618              		@ frame_needed = 0, uses_anonymous_args = 0
 619              		@ link register save eliminated.
 429:./Libraries/src/stm32f4xx_usart.c ****   /* Check the parameters */
 430:./Libraries/src/stm32f4xx_usart.c ****   assert_param(IS_USART_ALL_PERIPH(USARTx));
 620              		.loc 1 430 3 view .LVU190
 431:./Libraries/src/stm32f4xx_usart.c ****   assert_param(IS_FUNCTIONAL_STATE(NewState));
 621              		.loc 1 431 3 view .LVU191
 432:./Libraries/src/stm32f4xx_usart.c ****   
ARM GAS  /tmp/ccdQ2tkR.s 			page 20


 433:./Libraries/src/stm32f4xx_usart.c ****   if (NewState != DISABLE)
 622              		.loc 1 433 3 view .LVU192
 623              		.loc 1 433 6 is_stmt 0 view .LVU193
 624 0000 29B1     		cbz	r1, .L39
 434:./Libraries/src/stm32f4xx_usart.c ****   {
 435:./Libraries/src/stm32f4xx_usart.c ****     /* Enable the selected USART by setting the UE bit in the CR1 register */
 436:./Libraries/src/stm32f4xx_usart.c ****     USARTx->CR1 |= USART_CR1_UE;
 625              		.loc 1 436 5 is_stmt 1 view .LVU194
 626              		.loc 1 436 11 is_stmt 0 view .LVU195
 627 0002 8389     		ldrh	r3, [r0, #12]
 628 0004 9BB2     		uxth	r3, r3
 629              		.loc 1 436 17 view .LVU196
 630 0006 43F40053 		orr	r3, r3, #8192
 631 000a 8381     		strh	r3, [r0, #12]	@ movhi
 632 000c 7047     		bx	lr
 633              	.L39:
 437:./Libraries/src/stm32f4xx_usart.c ****   }
 438:./Libraries/src/stm32f4xx_usart.c ****   else
 439:./Libraries/src/stm32f4xx_usart.c ****   {
 440:./Libraries/src/stm32f4xx_usart.c ****     /* Disable the selected USART by clearing the UE bit in the CR1 register */
 441:./Libraries/src/stm32f4xx_usart.c ****     USARTx->CR1 &= (uint16_t)~((uint16_t)USART_CR1_UE);
 634              		.loc 1 441 5 is_stmt 1 view .LVU197
 635              		.loc 1 441 11 is_stmt 0 view .LVU198
 636 000e 8389     		ldrh	r3, [r0, #12]
 637 0010 9BB2     		uxth	r3, r3
 638              		.loc 1 441 17 view .LVU199
 639 0012 23F40053 		bic	r3, r3, #8192
 640 0016 9BB2     		uxth	r3, r3
 641 0018 8381     		strh	r3, [r0, #12]	@ movhi
 442:./Libraries/src/stm32f4xx_usart.c ****   }
 443:./Libraries/src/stm32f4xx_usart.c **** }
 642              		.loc 1 443 1 view .LVU200
 643 001a 7047     		bx	lr
 644              		.cfi_endproc
 645              	.LFE128:
 647              		.section	.text.USART_SetPrescaler,"ax",%progbits
 648              		.align	1
 649              		.global	USART_SetPrescaler
 650              		.syntax unified
 651              		.thumb
 652              		.thumb_func
 654              	USART_SetPrescaler:
 655              	.LVL78:
 656              	.LFB129:
 444:./Libraries/src/stm32f4xx_usart.c **** 
 445:./Libraries/src/stm32f4xx_usart.c **** /**
 446:./Libraries/src/stm32f4xx_usart.c ****   * @brief  Sets the system clock prescaler.
 447:./Libraries/src/stm32f4xx_usart.c ****   * @param  USARTx: where x can be 1, 2, 3, 4, 5, 6, 7 or 8 to select the USART or 
 448:./Libraries/src/stm32f4xx_usart.c ****   *         UART peripheral.
 449:./Libraries/src/stm32f4xx_usart.c ****   * @param  USART_Prescaler: specifies the prescaler clock. 
 450:./Libraries/src/stm32f4xx_usart.c ****   * @note   The function is used for IrDA mode with UART4 and UART5.   
 451:./Libraries/src/stm32f4xx_usart.c ****   * @retval None
 452:./Libraries/src/stm32f4xx_usart.c ****   */
 453:./Libraries/src/stm32f4xx_usart.c **** void USART_SetPrescaler(USART_TypeDef* USARTx, uint8_t USART_Prescaler)
 454:./Libraries/src/stm32f4xx_usart.c **** { 
 657              		.loc 1 454 1 is_stmt 1 view -0
 658              		.cfi_startproc
ARM GAS  /tmp/ccdQ2tkR.s 			page 21


 659              		@ args = 0, pretend = 0, frame = 0
 660              		@ frame_needed = 0, uses_anonymous_args = 0
 661              		@ link register save eliminated.
 455:./Libraries/src/stm32f4xx_usart.c ****   /* Check the parameters */
 456:./Libraries/src/stm32f4xx_usart.c ****   assert_param(IS_USART_ALL_PERIPH(USARTx));
 662              		.loc 1 456 3 view .LVU202
 457:./Libraries/src/stm32f4xx_usart.c ****   
 458:./Libraries/src/stm32f4xx_usart.c ****   /* Clear the USART prescaler */
 459:./Libraries/src/stm32f4xx_usart.c ****   USARTx->GTPR &= USART_GTPR_GT;
 663              		.loc 1 459 3 view .LVU203
 664              		.loc 1 459 9 is_stmt 0 view .LVU204
 665 0000 038B     		ldrh	r3, [r0, #24]
 666              		.loc 1 459 16 view .LVU205
 667 0002 03F47F43 		and	r3, r3, #65280
 668 0006 0383     		strh	r3, [r0, #24]	@ movhi
 460:./Libraries/src/stm32f4xx_usart.c ****   /* Set the USART prescaler */
 461:./Libraries/src/stm32f4xx_usart.c ****   USARTx->GTPR |= USART_Prescaler;
 669              		.loc 1 461 3 is_stmt 1 view .LVU206
 670              		.loc 1 461 9 is_stmt 0 view .LVU207
 671 0008 038B     		ldrh	r3, [r0, #24]
 672 000a 9BB2     		uxth	r3, r3
 673              		.loc 1 461 16 view .LVU208
 674 000c 1943     		orrs	r1, r1, r3
 675              	.LVL79:
 676              		.loc 1 461 16 view .LVU209
 677 000e 0183     		strh	r1, [r0, #24]	@ movhi
 462:./Libraries/src/stm32f4xx_usart.c **** }
 678              		.loc 1 462 1 view .LVU210
 679 0010 7047     		bx	lr
 680              		.cfi_endproc
 681              	.LFE129:
 683              		.section	.text.USART_OverSampling8Cmd,"ax",%progbits
 684              		.align	1
 685              		.global	USART_OverSampling8Cmd
 686              		.syntax unified
 687              		.thumb
 688              		.thumb_func
 690              	USART_OverSampling8Cmd:
 691              	.LVL80:
 692              	.LFB130:
 463:./Libraries/src/stm32f4xx_usart.c **** 
 464:./Libraries/src/stm32f4xx_usart.c **** /**
 465:./Libraries/src/stm32f4xx_usart.c ****   * @brief  Enables or disables the USART's 8x oversampling mode.
 466:./Libraries/src/stm32f4xx_usart.c ****   * @note   This function has to be called before calling USART_Init() function
 467:./Libraries/src/stm32f4xx_usart.c ****   *         in order to have correct baudrate Divider value.
 468:./Libraries/src/stm32f4xx_usart.c ****   * @param  USARTx: where x can be 1, 2, 3, 4, 5, 6, 7 or 8 to select the USART or 
 469:./Libraries/src/stm32f4xx_usart.c ****   *         UART peripheral.
 470:./Libraries/src/stm32f4xx_usart.c ****   * @param  NewState: new state of the USART 8x oversampling mode.
 471:./Libraries/src/stm32f4xx_usart.c ****   *          This parameter can be: ENABLE or DISABLE.
 472:./Libraries/src/stm32f4xx_usart.c ****   * @retval None
 473:./Libraries/src/stm32f4xx_usart.c ****   */
 474:./Libraries/src/stm32f4xx_usart.c **** void USART_OverSampling8Cmd(USART_TypeDef* USARTx, FunctionalState NewState)
 475:./Libraries/src/stm32f4xx_usart.c **** {
 693              		.loc 1 475 1 is_stmt 1 view -0
 694              		.cfi_startproc
 695              		@ args = 0, pretend = 0, frame = 0
 696              		@ frame_needed = 0, uses_anonymous_args = 0
ARM GAS  /tmp/ccdQ2tkR.s 			page 22


 697              		@ link register save eliminated.
 476:./Libraries/src/stm32f4xx_usart.c ****   /* Check the parameters */
 477:./Libraries/src/stm32f4xx_usart.c ****   assert_param(IS_USART_ALL_PERIPH(USARTx));
 698              		.loc 1 477 3 view .LVU212
 478:./Libraries/src/stm32f4xx_usart.c ****   assert_param(IS_FUNCTIONAL_STATE(NewState));
 699              		.loc 1 478 3 view .LVU213
 479:./Libraries/src/stm32f4xx_usart.c ****   
 480:./Libraries/src/stm32f4xx_usart.c ****   if (NewState != DISABLE)
 700              		.loc 1 480 3 view .LVU214
 701              		.loc 1 480 6 is_stmt 0 view .LVU215
 702 0000 39B1     		cbz	r1, .L43
 481:./Libraries/src/stm32f4xx_usart.c ****   {
 482:./Libraries/src/stm32f4xx_usart.c ****     /* Enable the 8x Oversampling mode by setting the OVER8 bit in the CR1 register */
 483:./Libraries/src/stm32f4xx_usart.c ****     USARTx->CR1 |= USART_CR1_OVER8;
 703              		.loc 1 483 5 is_stmt 1 view .LVU216
 704              		.loc 1 483 11 is_stmt 0 view .LVU217
 705 0002 8389     		ldrh	r3, [r0, #12]
 706              		.loc 1 483 17 view .LVU218
 707 0004 6FEA4343 		mvn	r3, r3, lsl #17
 708 0008 6FEA5343 		mvn	r3, r3, lsr #17
 709 000c 9BB2     		uxth	r3, r3
 710 000e 8381     		strh	r3, [r0, #12]	@ movhi
 711 0010 7047     		bx	lr
 712              	.L43:
 484:./Libraries/src/stm32f4xx_usart.c ****   }
 485:./Libraries/src/stm32f4xx_usart.c ****   else
 486:./Libraries/src/stm32f4xx_usart.c ****   {
 487:./Libraries/src/stm32f4xx_usart.c ****     /* Disable the 8x Oversampling mode by clearing the OVER8 bit in the CR1 register */
 488:./Libraries/src/stm32f4xx_usart.c ****     USARTx->CR1 &= (uint16_t)~((uint16_t)USART_CR1_OVER8);
 713              		.loc 1 488 5 is_stmt 1 view .LVU219
 714              		.loc 1 488 11 is_stmt 0 view .LVU220
 715 0012 8389     		ldrh	r3, [r0, #12]
 716              		.loc 1 488 17 view .LVU221
 717 0014 C3F30E03 		ubfx	r3, r3, #0, #15
 718 0018 8381     		strh	r3, [r0, #12]	@ movhi
 489:./Libraries/src/stm32f4xx_usart.c ****   }
 490:./Libraries/src/stm32f4xx_usart.c **** }  
 719              		.loc 1 490 1 view .LVU222
 720 001a 7047     		bx	lr
 721              		.cfi_endproc
 722              	.LFE130:
 724              		.section	.text.USART_OneBitMethodCmd,"ax",%progbits
 725              		.align	1
 726              		.global	USART_OneBitMethodCmd
 727              		.syntax unified
 728              		.thumb
 729              		.thumb_func
 731              	USART_OneBitMethodCmd:
 732              	.LVL81:
 733              	.LFB131:
 491:./Libraries/src/stm32f4xx_usart.c **** 
 492:./Libraries/src/stm32f4xx_usart.c **** /**
 493:./Libraries/src/stm32f4xx_usart.c ****   * @brief  Enables or disables the USART's one bit sampling method.
 494:./Libraries/src/stm32f4xx_usart.c ****   * @param  USARTx: where x can be 1, 2, 3, 4, 5, 6, 7 or 8 to select the USART or 
 495:./Libraries/src/stm32f4xx_usart.c ****   *         UART peripheral.
 496:./Libraries/src/stm32f4xx_usart.c ****   * @param  NewState: new state of the USART one bit sampling method.
 497:./Libraries/src/stm32f4xx_usart.c ****   *          This parameter can be: ENABLE or DISABLE.
ARM GAS  /tmp/ccdQ2tkR.s 			page 23


 498:./Libraries/src/stm32f4xx_usart.c ****   * @retval None
 499:./Libraries/src/stm32f4xx_usart.c ****   */
 500:./Libraries/src/stm32f4xx_usart.c **** void USART_OneBitMethodCmd(USART_TypeDef* USARTx, FunctionalState NewState)
 501:./Libraries/src/stm32f4xx_usart.c **** {
 734              		.loc 1 501 1 is_stmt 1 view -0
 735              		.cfi_startproc
 736              		@ args = 0, pretend = 0, frame = 0
 737              		@ frame_needed = 0, uses_anonymous_args = 0
 738              		@ link register save eliminated.
 502:./Libraries/src/stm32f4xx_usart.c ****   /* Check the parameters */
 503:./Libraries/src/stm32f4xx_usart.c ****   assert_param(IS_USART_ALL_PERIPH(USARTx));
 739              		.loc 1 503 3 view .LVU224
 504:./Libraries/src/stm32f4xx_usart.c ****   assert_param(IS_FUNCTIONAL_STATE(NewState));
 740              		.loc 1 504 3 view .LVU225
 505:./Libraries/src/stm32f4xx_usart.c ****   
 506:./Libraries/src/stm32f4xx_usart.c ****   if (NewState != DISABLE)
 741              		.loc 1 506 3 view .LVU226
 742              		.loc 1 506 6 is_stmt 0 view .LVU227
 743 0000 29B1     		cbz	r1, .L46
 507:./Libraries/src/stm32f4xx_usart.c ****   {
 508:./Libraries/src/stm32f4xx_usart.c ****     /* Enable the one bit method by setting the ONEBITE bit in the CR3 register */
 509:./Libraries/src/stm32f4xx_usart.c ****     USARTx->CR3 |= USART_CR3_ONEBIT;
 744              		.loc 1 509 5 is_stmt 1 view .LVU228
 745              		.loc 1 509 11 is_stmt 0 view .LVU229
 746 0002 838A     		ldrh	r3, [r0, #20]
 747 0004 9BB2     		uxth	r3, r3
 748              		.loc 1 509 17 view .LVU230
 749 0006 43F40063 		orr	r3, r3, #2048
 750 000a 8382     		strh	r3, [r0, #20]	@ movhi
 751 000c 7047     		bx	lr
 752              	.L46:
 510:./Libraries/src/stm32f4xx_usart.c ****   }
 511:./Libraries/src/stm32f4xx_usart.c ****   else
 512:./Libraries/src/stm32f4xx_usart.c ****   {
 513:./Libraries/src/stm32f4xx_usart.c ****     /* Disable the one bit method by clearing the ONEBITE bit in the CR3 register */
 514:./Libraries/src/stm32f4xx_usart.c ****     USARTx->CR3 &= (uint16_t)~((uint16_t)USART_CR3_ONEBIT);
 753              		.loc 1 514 5 is_stmt 1 view .LVU231
 754              		.loc 1 514 11 is_stmt 0 view .LVU232
 755 000e 838A     		ldrh	r3, [r0, #20]
 756 0010 9BB2     		uxth	r3, r3
 757              		.loc 1 514 17 view .LVU233
 758 0012 23F40063 		bic	r3, r3, #2048
 759 0016 9BB2     		uxth	r3, r3
 760 0018 8382     		strh	r3, [r0, #20]	@ movhi
 515:./Libraries/src/stm32f4xx_usart.c ****   }
 516:./Libraries/src/stm32f4xx_usart.c **** }
 761              		.loc 1 516 1 view .LVU234
 762 001a 7047     		bx	lr
 763              		.cfi_endproc
 764              	.LFE131:
 766              		.section	.text.USART_SendData,"ax",%progbits
 767              		.align	1
 768              		.global	USART_SendData
 769              		.syntax unified
 770              		.thumb
 771              		.thumb_func
 773              	USART_SendData:
ARM GAS  /tmp/ccdQ2tkR.s 			page 24


 774              	.LVL82:
 775              	.LFB132:
 517:./Libraries/src/stm32f4xx_usart.c **** 
 518:./Libraries/src/stm32f4xx_usart.c **** /**
 519:./Libraries/src/stm32f4xx_usart.c ****   * @}
 520:./Libraries/src/stm32f4xx_usart.c ****   */
 521:./Libraries/src/stm32f4xx_usart.c **** 
 522:./Libraries/src/stm32f4xx_usart.c **** /** @defgroup USART_Group2 Data transfers functions
 523:./Libraries/src/stm32f4xx_usart.c ****  *  @brief   Data transfers functions 
 524:./Libraries/src/stm32f4xx_usart.c ****  *
 525:./Libraries/src/stm32f4xx_usart.c **** @verbatim   
 526:./Libraries/src/stm32f4xx_usart.c ****  ===============================================================================
 527:./Libraries/src/stm32f4xx_usart.c ****                       ##### Data transfers functions #####
 528:./Libraries/src/stm32f4xx_usart.c ****  ===============================================================================  
 529:./Libraries/src/stm32f4xx_usart.c ****     [..]
 530:./Libraries/src/stm32f4xx_usart.c ****     This subsection provides a set of functions allowing to manage the USART data 
 531:./Libraries/src/stm32f4xx_usart.c ****     transfers.
 532:./Libraries/src/stm32f4xx_usart.c ****     [..]
 533:./Libraries/src/stm32f4xx_usart.c ****     During an USART reception, data shifts in least significant bit first through 
 534:./Libraries/src/stm32f4xx_usart.c ****     the RX pin. In this mode, the USART_DR register consists of a buffer (RDR) 
 535:./Libraries/src/stm32f4xx_usart.c ****     between the internal bus and the received shift register.
 536:./Libraries/src/stm32f4xx_usart.c ****     [..]
 537:./Libraries/src/stm32f4xx_usart.c ****     When a transmission is taking place, a write instruction to the USART_DR register 
 538:./Libraries/src/stm32f4xx_usart.c ****     stores the data in the TDR register and which is copied in the shift register 
 539:./Libraries/src/stm32f4xx_usart.c ****     at the end of the current transmission.
 540:./Libraries/src/stm32f4xx_usart.c ****     [..]
 541:./Libraries/src/stm32f4xx_usart.c ****     The read access of the USART_DR register can be done using the USART_ReceiveData()
 542:./Libraries/src/stm32f4xx_usart.c ****     function and returns the RDR buffered value. Whereas a write access to the USART_DR 
 543:./Libraries/src/stm32f4xx_usart.c ****     can be done using USART_SendData() function and stores the written data into 
 544:./Libraries/src/stm32f4xx_usart.c ****     TDR buffer.
 545:./Libraries/src/stm32f4xx_usart.c **** 
 546:./Libraries/src/stm32f4xx_usart.c **** @endverbatim
 547:./Libraries/src/stm32f4xx_usart.c ****   * @{
 548:./Libraries/src/stm32f4xx_usart.c ****   */
 549:./Libraries/src/stm32f4xx_usart.c **** 
 550:./Libraries/src/stm32f4xx_usart.c **** /**
 551:./Libraries/src/stm32f4xx_usart.c ****   * @brief  Transmits single data through the USARTx peripheral.
 552:./Libraries/src/stm32f4xx_usart.c ****   * @param  USARTx: where x can be 1, 2, 3, 4, 5, 6, 7 or 8 to select the USART or 
 553:./Libraries/src/stm32f4xx_usart.c ****   *         UART peripheral.
 554:./Libraries/src/stm32f4xx_usart.c ****   * @param  Data: the data to transmit.
 555:./Libraries/src/stm32f4xx_usart.c ****   * @retval None
 556:./Libraries/src/stm32f4xx_usart.c ****   */
 557:./Libraries/src/stm32f4xx_usart.c **** void USART_SendData(USART_TypeDef* USARTx, uint16_t Data)
 558:./Libraries/src/stm32f4xx_usart.c **** {
 776              		.loc 1 558 1 is_stmt 1 view -0
 777              		.cfi_startproc
 778              		@ args = 0, pretend = 0, frame = 0
 779              		@ frame_needed = 0, uses_anonymous_args = 0
 780              		@ link register save eliminated.
 559:./Libraries/src/stm32f4xx_usart.c ****   /* Check the parameters */
 560:./Libraries/src/stm32f4xx_usart.c ****   assert_param(IS_USART_ALL_PERIPH(USARTx));
 781              		.loc 1 560 3 view .LVU236
 561:./Libraries/src/stm32f4xx_usart.c ****   assert_param(IS_USART_DATA(Data)); 
 782              		.loc 1 561 3 view .LVU237
 562:./Libraries/src/stm32f4xx_usart.c ****     
 563:./Libraries/src/stm32f4xx_usart.c ****   /* Transmit Data */
 564:./Libraries/src/stm32f4xx_usart.c ****   USARTx->DR = (Data & (uint16_t)0x01FF);
ARM GAS  /tmp/ccdQ2tkR.s 			page 25


 783              		.loc 1 564 3 view .LVU238
 784              		.loc 1 564 22 is_stmt 0 view .LVU239
 785 0000 C1F30801 		ubfx	r1, r1, #0, #9
 786              	.LVL83:
 787              		.loc 1 564 14 view .LVU240
 788 0004 8180     		strh	r1, [r0, #4]	@ movhi
 565:./Libraries/src/stm32f4xx_usart.c **** }
 789              		.loc 1 565 1 view .LVU241
 790 0006 7047     		bx	lr
 791              		.cfi_endproc
 792              	.LFE132:
 794              		.section	.text.USART_ReceiveData,"ax",%progbits
 795              		.align	1
 796              		.global	USART_ReceiveData
 797              		.syntax unified
 798              		.thumb
 799              		.thumb_func
 801              	USART_ReceiveData:
 802              	.LVL84:
 803              	.LFB133:
 566:./Libraries/src/stm32f4xx_usart.c **** 
 567:./Libraries/src/stm32f4xx_usart.c **** /**
 568:./Libraries/src/stm32f4xx_usart.c ****   * @brief  Returns the most recent received data by the USARTx peripheral.
 569:./Libraries/src/stm32f4xx_usart.c ****   * @param  USARTx: where x can be 1, 2, 3, 4, 5, 6, 7 or 8 to select the USART or 
 570:./Libraries/src/stm32f4xx_usart.c ****   *         UART peripheral.
 571:./Libraries/src/stm32f4xx_usart.c ****   * @retval The received data.
 572:./Libraries/src/stm32f4xx_usart.c ****   */
 573:./Libraries/src/stm32f4xx_usart.c **** uint16_t USART_ReceiveData(USART_TypeDef* USARTx)
 574:./Libraries/src/stm32f4xx_usart.c **** {
 804              		.loc 1 574 1 is_stmt 1 view -0
 805              		.cfi_startproc
 806              		@ args = 0, pretend = 0, frame = 0
 807              		@ frame_needed = 0, uses_anonymous_args = 0
 808              		@ link register save eliminated.
 575:./Libraries/src/stm32f4xx_usart.c ****   /* Check the parameters */
 576:./Libraries/src/stm32f4xx_usart.c ****   assert_param(IS_USART_ALL_PERIPH(USARTx));
 809              		.loc 1 576 3 view .LVU243
 577:./Libraries/src/stm32f4xx_usart.c ****   
 578:./Libraries/src/stm32f4xx_usart.c ****   /* Receive Data */
 579:./Libraries/src/stm32f4xx_usart.c ****   return (uint16_t)(USARTx->DR & (uint16_t)0x01FF);
 810              		.loc 1 579 3 view .LVU244
 811              		.loc 1 579 27 is_stmt 0 view .LVU245
 812 0000 8088     		ldrh	r0, [r0, #4]
 813              	.LVL85:
 580:./Libraries/src/stm32f4xx_usart.c **** }
 814              		.loc 1 580 1 view .LVU246
 815 0002 C0F30800 		ubfx	r0, r0, #0, #9
 816 0006 7047     		bx	lr
 817              		.cfi_endproc
 818              	.LFE133:
 820              		.section	.text.USART_SetAddress,"ax",%progbits
 821              		.align	1
 822              		.global	USART_SetAddress
 823              		.syntax unified
 824              		.thumb
 825              		.thumb_func
 827              	USART_SetAddress:
ARM GAS  /tmp/ccdQ2tkR.s 			page 26


 828              	.LVL86:
 829              	.LFB134:
 581:./Libraries/src/stm32f4xx_usart.c **** 
 582:./Libraries/src/stm32f4xx_usart.c **** /**
 583:./Libraries/src/stm32f4xx_usart.c ****   * @}
 584:./Libraries/src/stm32f4xx_usart.c ****   */
 585:./Libraries/src/stm32f4xx_usart.c **** 
 586:./Libraries/src/stm32f4xx_usart.c **** /** @defgroup USART_Group3 MultiProcessor Communication functions
 587:./Libraries/src/stm32f4xx_usart.c ****  *  @brief   Multi-Processor Communication functions 
 588:./Libraries/src/stm32f4xx_usart.c ****  *
 589:./Libraries/src/stm32f4xx_usart.c **** @verbatim   
 590:./Libraries/src/stm32f4xx_usart.c ****  ===============================================================================
 591:./Libraries/src/stm32f4xx_usart.c ****               ##### Multi-Processor Communication functions #####
 592:./Libraries/src/stm32f4xx_usart.c ****  ===============================================================================  
 593:./Libraries/src/stm32f4xx_usart.c ****     [..]
 594:./Libraries/src/stm32f4xx_usart.c ****     This subsection provides a set of functions allowing to manage the USART 
 595:./Libraries/src/stm32f4xx_usart.c ****     multiprocessor communication.
 596:./Libraries/src/stm32f4xx_usart.c ****     [..]
 597:./Libraries/src/stm32f4xx_usart.c ****     For instance one of the USARTs can be the master, its TX output is connected 
 598:./Libraries/src/stm32f4xx_usart.c ****     to the RX input of the other USART. The others are slaves, their respective 
 599:./Libraries/src/stm32f4xx_usart.c ****     TX outputs are logically ANDed together and connected to the RX input of the 
 600:./Libraries/src/stm32f4xx_usart.c ****     master.
 601:./Libraries/src/stm32f4xx_usart.c ****     [..]
 602:./Libraries/src/stm32f4xx_usart.c ****     USART multiprocessor communication is possible through the following procedure:
 603:./Libraries/src/stm32f4xx_usart.c ****       (#) Program the Baud rate, Word length = 9 bits, Stop bits, Parity, Mode 
 604:./Libraries/src/stm32f4xx_usart.c ****           transmitter or Mode receiver and hardware flow control values using 
 605:./Libraries/src/stm32f4xx_usart.c ****           the USART_Init() function.
 606:./Libraries/src/stm32f4xx_usart.c ****       (#) Configures the USART address using the USART_SetAddress() function.
 607:./Libraries/src/stm32f4xx_usart.c ****       (#) Configures the wake up method (USART_WakeUp_IdleLine or USART_WakeUp_AddressMark)
 608:./Libraries/src/stm32f4xx_usart.c ****           using USART_WakeUpConfig() function only for the slaves.
 609:./Libraries/src/stm32f4xx_usart.c ****       (#) Enable the USART using the USART_Cmd() function.
 610:./Libraries/src/stm32f4xx_usart.c ****       (#) Enter the USART slaves in mute mode using USART_ReceiverWakeUpCmd() function.
 611:./Libraries/src/stm32f4xx_usart.c ****     [..]
 612:./Libraries/src/stm32f4xx_usart.c ****     The USART Slave exit from mute mode when receive the wake up condition.
 613:./Libraries/src/stm32f4xx_usart.c **** 
 614:./Libraries/src/stm32f4xx_usart.c **** @endverbatim
 615:./Libraries/src/stm32f4xx_usart.c ****   * @{
 616:./Libraries/src/stm32f4xx_usart.c ****   */
 617:./Libraries/src/stm32f4xx_usart.c **** 
 618:./Libraries/src/stm32f4xx_usart.c **** /**
 619:./Libraries/src/stm32f4xx_usart.c ****   * @brief  Sets the address of the USART node.
 620:./Libraries/src/stm32f4xx_usart.c ****   * @param  USARTx: where x can be 1, 2, 3, 4, 5, 6, 7 or 8 to select the USART or 
 621:./Libraries/src/stm32f4xx_usart.c ****   *         UART peripheral.
 622:./Libraries/src/stm32f4xx_usart.c ****   * @param  USART_Address: Indicates the address of the USART node.
 623:./Libraries/src/stm32f4xx_usart.c ****   * @retval None
 624:./Libraries/src/stm32f4xx_usart.c ****   */
 625:./Libraries/src/stm32f4xx_usart.c **** void USART_SetAddress(USART_TypeDef* USARTx, uint8_t USART_Address)
 626:./Libraries/src/stm32f4xx_usart.c **** {
 830              		.loc 1 626 1 is_stmt 1 view -0
 831              		.cfi_startproc
 832              		@ args = 0, pretend = 0, frame = 0
 833              		@ frame_needed = 0, uses_anonymous_args = 0
 834              		@ link register save eliminated.
 627:./Libraries/src/stm32f4xx_usart.c ****   /* Check the parameters */
 628:./Libraries/src/stm32f4xx_usart.c ****   assert_param(IS_USART_ALL_PERIPH(USARTx));
 835              		.loc 1 628 3 view .LVU248
 629:./Libraries/src/stm32f4xx_usart.c ****   assert_param(IS_USART_ADDRESS(USART_Address)); 
ARM GAS  /tmp/ccdQ2tkR.s 			page 27


 836              		.loc 1 629 3 view .LVU249
 630:./Libraries/src/stm32f4xx_usart.c ****     
 631:./Libraries/src/stm32f4xx_usart.c ****   /* Clear the USART address */
 632:./Libraries/src/stm32f4xx_usart.c ****   USARTx->CR2 &= (uint16_t)~((uint16_t)USART_CR2_ADD);
 837              		.loc 1 632 3 view .LVU250
 838              		.loc 1 632 9 is_stmt 0 view .LVU251
 839 0000 038A     		ldrh	r3, [r0, #16]
 840 0002 9BB2     		uxth	r3, r3
 841              		.loc 1 632 15 view .LVU252
 842 0004 23F00F03 		bic	r3, r3, #15
 843 0008 9BB2     		uxth	r3, r3
 844 000a 0382     		strh	r3, [r0, #16]	@ movhi
 633:./Libraries/src/stm32f4xx_usart.c ****   /* Set the USART address node */
 634:./Libraries/src/stm32f4xx_usart.c ****   USARTx->CR2 |= USART_Address;
 845              		.loc 1 634 3 is_stmt 1 view .LVU253
 846              		.loc 1 634 9 is_stmt 0 view .LVU254
 847 000c 038A     		ldrh	r3, [r0, #16]
 848 000e 9BB2     		uxth	r3, r3
 849              		.loc 1 634 15 view .LVU255
 850 0010 1943     		orrs	r1, r1, r3
 851              	.LVL87:
 852              		.loc 1 634 15 view .LVU256
 853 0012 0182     		strh	r1, [r0, #16]	@ movhi
 635:./Libraries/src/stm32f4xx_usart.c **** }
 854              		.loc 1 635 1 view .LVU257
 855 0014 7047     		bx	lr
 856              		.cfi_endproc
 857              	.LFE134:
 859              		.section	.text.USART_ReceiverWakeUpCmd,"ax",%progbits
 860              		.align	1
 861              		.global	USART_ReceiverWakeUpCmd
 862              		.syntax unified
 863              		.thumb
 864              		.thumb_func
 866              	USART_ReceiverWakeUpCmd:
 867              	.LVL88:
 868              	.LFB135:
 636:./Libraries/src/stm32f4xx_usart.c **** 
 637:./Libraries/src/stm32f4xx_usart.c **** /**
 638:./Libraries/src/stm32f4xx_usart.c ****   * @brief  Determines if the USART is in mute mode or not.
 639:./Libraries/src/stm32f4xx_usart.c ****   * @param  USARTx: where x can be 1, 2, 3, 4, 5, 6, 7 or 8 to select the USART or 
 640:./Libraries/src/stm32f4xx_usart.c ****   *         UART peripheral.
 641:./Libraries/src/stm32f4xx_usart.c ****   * @param  NewState: new state of the USART mute mode.
 642:./Libraries/src/stm32f4xx_usart.c ****   *          This parameter can be: ENABLE or DISABLE.
 643:./Libraries/src/stm32f4xx_usart.c ****   * @retval None
 644:./Libraries/src/stm32f4xx_usart.c ****   */
 645:./Libraries/src/stm32f4xx_usart.c **** void USART_ReceiverWakeUpCmd(USART_TypeDef* USARTx, FunctionalState NewState)
 646:./Libraries/src/stm32f4xx_usart.c **** {
 869              		.loc 1 646 1 is_stmt 1 view -0
 870              		.cfi_startproc
 871              		@ args = 0, pretend = 0, frame = 0
 872              		@ frame_needed = 0, uses_anonymous_args = 0
 873              		@ link register save eliminated.
 647:./Libraries/src/stm32f4xx_usart.c ****   /* Check the parameters */
 648:./Libraries/src/stm32f4xx_usart.c ****   assert_param(IS_USART_ALL_PERIPH(USARTx));
 874              		.loc 1 648 3 view .LVU259
 649:./Libraries/src/stm32f4xx_usart.c ****   assert_param(IS_FUNCTIONAL_STATE(NewState)); 
ARM GAS  /tmp/ccdQ2tkR.s 			page 28


 875              		.loc 1 649 3 view .LVU260
 650:./Libraries/src/stm32f4xx_usart.c ****   
 651:./Libraries/src/stm32f4xx_usart.c ****   if (NewState != DISABLE)
 876              		.loc 1 651 3 view .LVU261
 877              		.loc 1 651 6 is_stmt 0 view .LVU262
 878 0000 29B1     		cbz	r1, .L52
 652:./Libraries/src/stm32f4xx_usart.c ****   {
 653:./Libraries/src/stm32f4xx_usart.c ****     /* Enable the USART mute mode  by setting the RWU bit in the CR1 register */
 654:./Libraries/src/stm32f4xx_usart.c ****     USARTx->CR1 |= USART_CR1_RWU;
 879              		.loc 1 654 5 is_stmt 1 view .LVU263
 880              		.loc 1 654 11 is_stmt 0 view .LVU264
 881 0002 8389     		ldrh	r3, [r0, #12]
 882 0004 9BB2     		uxth	r3, r3
 883              		.loc 1 654 17 view .LVU265
 884 0006 43F00203 		orr	r3, r3, #2
 885 000a 8381     		strh	r3, [r0, #12]	@ movhi
 886 000c 7047     		bx	lr
 887              	.L52:
 655:./Libraries/src/stm32f4xx_usart.c ****   }
 656:./Libraries/src/stm32f4xx_usart.c ****   else
 657:./Libraries/src/stm32f4xx_usart.c ****   {
 658:./Libraries/src/stm32f4xx_usart.c ****     /* Disable the USART mute mode by clearing the RWU bit in the CR1 register */
 659:./Libraries/src/stm32f4xx_usart.c ****     USARTx->CR1 &= (uint16_t)~((uint16_t)USART_CR1_RWU);
 888              		.loc 1 659 5 is_stmt 1 view .LVU266
 889              		.loc 1 659 11 is_stmt 0 view .LVU267
 890 000e 8389     		ldrh	r3, [r0, #12]
 891 0010 9BB2     		uxth	r3, r3
 892              		.loc 1 659 17 view .LVU268
 893 0012 23F00203 		bic	r3, r3, #2
 894 0016 9BB2     		uxth	r3, r3
 895 0018 8381     		strh	r3, [r0, #12]	@ movhi
 660:./Libraries/src/stm32f4xx_usart.c ****   }
 661:./Libraries/src/stm32f4xx_usart.c **** }
 896              		.loc 1 661 1 view .LVU269
 897 001a 7047     		bx	lr
 898              		.cfi_endproc
 899              	.LFE135:
 901              		.section	.text.USART_WakeUpConfig,"ax",%progbits
 902              		.align	1
 903              		.global	USART_WakeUpConfig
 904              		.syntax unified
 905              		.thumb
 906              		.thumb_func
 908              	USART_WakeUpConfig:
 909              	.LVL89:
 910              	.LFB136:
 662:./Libraries/src/stm32f4xx_usart.c **** /**
 663:./Libraries/src/stm32f4xx_usart.c ****   * @brief  Selects the USART WakeUp method.
 664:./Libraries/src/stm32f4xx_usart.c ****   * @param  USARTx: where x can be 1, 2, 3, 4, 5, 6, 7 or 8 to select the USART or 
 665:./Libraries/src/stm32f4xx_usart.c ****   *         UART peripheral.
 666:./Libraries/src/stm32f4xx_usart.c ****   * @param  USART_WakeUp: specifies the USART wakeup method.
 667:./Libraries/src/stm32f4xx_usart.c ****   *          This parameter can be one of the following values:
 668:./Libraries/src/stm32f4xx_usart.c ****   *            @arg USART_WakeUp_IdleLine: WakeUp by an idle line detection
 669:./Libraries/src/stm32f4xx_usart.c ****   *            @arg USART_WakeUp_AddressMark: WakeUp by an address mark
 670:./Libraries/src/stm32f4xx_usart.c ****   * @retval None
 671:./Libraries/src/stm32f4xx_usart.c ****   */
 672:./Libraries/src/stm32f4xx_usart.c **** void USART_WakeUpConfig(USART_TypeDef* USARTx, uint16_t USART_WakeUp)
ARM GAS  /tmp/ccdQ2tkR.s 			page 29


 673:./Libraries/src/stm32f4xx_usart.c **** {
 911              		.loc 1 673 1 is_stmt 1 view -0
 912              		.cfi_startproc
 913              		@ args = 0, pretend = 0, frame = 0
 914              		@ frame_needed = 0, uses_anonymous_args = 0
 915              		@ link register save eliminated.
 674:./Libraries/src/stm32f4xx_usart.c ****   /* Check the parameters */
 675:./Libraries/src/stm32f4xx_usart.c ****   assert_param(IS_USART_ALL_PERIPH(USARTx));
 916              		.loc 1 675 3 view .LVU271
 676:./Libraries/src/stm32f4xx_usart.c ****   assert_param(IS_USART_WAKEUP(USART_WakeUp));
 917              		.loc 1 676 3 view .LVU272
 677:./Libraries/src/stm32f4xx_usart.c ****   
 678:./Libraries/src/stm32f4xx_usart.c ****   USARTx->CR1 &= (uint16_t)~((uint16_t)USART_CR1_WAKE);
 918              		.loc 1 678 3 view .LVU273
 919              		.loc 1 678 9 is_stmt 0 view .LVU274
 920 0000 8389     		ldrh	r3, [r0, #12]
 921 0002 9BB2     		uxth	r3, r3
 922              		.loc 1 678 15 view .LVU275
 923 0004 23F40063 		bic	r3, r3, #2048
 924 0008 9BB2     		uxth	r3, r3
 925 000a 8381     		strh	r3, [r0, #12]	@ movhi
 679:./Libraries/src/stm32f4xx_usart.c ****   USARTx->CR1 |= USART_WakeUp;
 926              		.loc 1 679 3 is_stmt 1 view .LVU276
 927              		.loc 1 679 9 is_stmt 0 view .LVU277
 928 000c 8389     		ldrh	r3, [r0, #12]
 929 000e 9BB2     		uxth	r3, r3
 930              		.loc 1 679 15 view .LVU278
 931 0010 0B43     		orrs	r3, r3, r1
 932 0012 8381     		strh	r3, [r0, #12]	@ movhi
 680:./Libraries/src/stm32f4xx_usart.c **** }
 933              		.loc 1 680 1 view .LVU279
 934 0014 7047     		bx	lr
 935              		.cfi_endproc
 936              	.LFE136:
 938              		.section	.text.USART_LINBreakDetectLengthConfig,"ax",%progbits
 939              		.align	1
 940              		.global	USART_LINBreakDetectLengthConfig
 941              		.syntax unified
 942              		.thumb
 943              		.thumb_func
 945              	USART_LINBreakDetectLengthConfig:
 946              	.LVL90:
 947              	.LFB137:
 681:./Libraries/src/stm32f4xx_usart.c **** 
 682:./Libraries/src/stm32f4xx_usart.c **** /**
 683:./Libraries/src/stm32f4xx_usart.c ****   * @}
 684:./Libraries/src/stm32f4xx_usart.c ****   */
 685:./Libraries/src/stm32f4xx_usart.c **** 
 686:./Libraries/src/stm32f4xx_usart.c **** /** @defgroup USART_Group4 LIN mode functions
 687:./Libraries/src/stm32f4xx_usart.c ****  *  @brief   LIN mode functions 
 688:./Libraries/src/stm32f4xx_usart.c ****  *
 689:./Libraries/src/stm32f4xx_usart.c **** @verbatim   
 690:./Libraries/src/stm32f4xx_usart.c ****  ===============================================================================
 691:./Libraries/src/stm32f4xx_usart.c ****                         ##### LIN mode functions #####
 692:./Libraries/src/stm32f4xx_usart.c ****  ===============================================================================  
 693:./Libraries/src/stm32f4xx_usart.c ****     [..]
 694:./Libraries/src/stm32f4xx_usart.c ****     This subsection provides a set of functions allowing to manage the USART LIN 
ARM GAS  /tmp/ccdQ2tkR.s 			page 30


 695:./Libraries/src/stm32f4xx_usart.c ****     Mode communication.
 696:./Libraries/src/stm32f4xx_usart.c ****     [..]
 697:./Libraries/src/stm32f4xx_usart.c ****     In LIN mode, 8-bit data format with 1 stop bit is required in accordance with 
 698:./Libraries/src/stm32f4xx_usart.c ****     the LIN standard.
 699:./Libraries/src/stm32f4xx_usart.c ****     [..]
 700:./Libraries/src/stm32f4xx_usart.c ****     Only this LIN Feature is supported by the USART IP:
 701:./Libraries/src/stm32f4xx_usart.c ****       (+) LIN Master Synchronous Break send capability and LIN slave break detection
 702:./Libraries/src/stm32f4xx_usart.c ****           capability :  13-bit break generation and 10/11 bit break detection
 703:./Libraries/src/stm32f4xx_usart.c **** 
 704:./Libraries/src/stm32f4xx_usart.c ****     [..]
 705:./Libraries/src/stm32f4xx_usart.c ****     USART LIN Master transmitter communication is possible through the following 
 706:./Libraries/src/stm32f4xx_usart.c ****     procedure:
 707:./Libraries/src/stm32f4xx_usart.c ****       (#) Program the Baud rate, Word length = 8bits, Stop bits = 1bit, Parity, 
 708:./Libraries/src/stm32f4xx_usart.c ****         Mode transmitter or Mode receiver and hardware flow control values using 
 709:./Libraries/src/stm32f4xx_usart.c ****         the USART_Init() function.
 710:./Libraries/src/stm32f4xx_usart.c ****       (#) Enable the USART using the USART_Cmd() function.
 711:./Libraries/src/stm32f4xx_usart.c ****       (#) Enable the LIN mode using the USART_LINCmd() function.
 712:./Libraries/src/stm32f4xx_usart.c ****       (#) Send the break character using USART_SendBreak() function.
 713:./Libraries/src/stm32f4xx_usart.c ****     [..]
 714:./Libraries/src/stm32f4xx_usart.c ****     USART LIN Master receiver communication is possible through the following procedure:
 715:./Libraries/src/stm32f4xx_usart.c ****       (#) Program the Baud rate, Word length = 8bits, Stop bits = 1bit, Parity, 
 716:./Libraries/src/stm32f4xx_usart.c ****           Mode transmitter or Mode receiver and hardware flow control values using 
 717:./Libraries/src/stm32f4xx_usart.c ****           the USART_Init() function.
 718:./Libraries/src/stm32f4xx_usart.c ****       (#) Enable the USART using the USART_Cmd() function.
 719:./Libraries/src/stm32f4xx_usart.c ****       (#) Configures the break detection length using the USART_LINBreakDetectLengthConfig()
 720:./Libraries/src/stm32f4xx_usart.c ****           function.
 721:./Libraries/src/stm32f4xx_usart.c ****       (#) Enable the LIN mode using the USART_LINCmd() function.
 722:./Libraries/src/stm32f4xx_usart.c **** 
 723:./Libraries/src/stm32f4xx_usart.c ****       -@- In LIN mode, the following bits must be kept cleared:
 724:./Libraries/src/stm32f4xx_usart.c ****        (+@) CLKEN in the USART_CR2 register,
 725:./Libraries/src/stm32f4xx_usart.c ****        (+@) STOP[1:0], SCEN, HDSEL and IREN in the USART_CR3 register.
 726:./Libraries/src/stm32f4xx_usart.c **** 
 727:./Libraries/src/stm32f4xx_usart.c **** @endverbatim
 728:./Libraries/src/stm32f4xx_usart.c ****   * @{
 729:./Libraries/src/stm32f4xx_usart.c ****   */
 730:./Libraries/src/stm32f4xx_usart.c **** 
 731:./Libraries/src/stm32f4xx_usart.c **** /**
 732:./Libraries/src/stm32f4xx_usart.c ****   * @brief  Sets the USART LIN Break detection length.
 733:./Libraries/src/stm32f4xx_usart.c ****   * @param  USARTx: where x can be 1, 2, 3, 4, 5, 6, 7 or 8 to select the USART or 
 734:./Libraries/src/stm32f4xx_usart.c ****   *         UART peripheral.
 735:./Libraries/src/stm32f4xx_usart.c ****   * @param  USART_LINBreakDetectLength: specifies the LIN break detection length.
 736:./Libraries/src/stm32f4xx_usart.c ****   *          This parameter can be one of the following values:
 737:./Libraries/src/stm32f4xx_usart.c ****   *            @arg USART_LINBreakDetectLength_10b: 10-bit break detection
 738:./Libraries/src/stm32f4xx_usart.c ****   *            @arg USART_LINBreakDetectLength_11b: 11-bit break detection
 739:./Libraries/src/stm32f4xx_usart.c ****   * @retval None
 740:./Libraries/src/stm32f4xx_usart.c ****   */
 741:./Libraries/src/stm32f4xx_usart.c **** void USART_LINBreakDetectLengthConfig(USART_TypeDef* USARTx, uint16_t USART_LINBreakDetectLength)
 742:./Libraries/src/stm32f4xx_usart.c **** {
 948              		.loc 1 742 1 is_stmt 1 view -0
 949              		.cfi_startproc
 950              		@ args = 0, pretend = 0, frame = 0
 951              		@ frame_needed = 0, uses_anonymous_args = 0
 952              		@ link register save eliminated.
 743:./Libraries/src/stm32f4xx_usart.c ****   /* Check the parameters */
 744:./Libraries/src/stm32f4xx_usart.c ****   assert_param(IS_USART_ALL_PERIPH(USARTx));
 953              		.loc 1 744 3 view .LVU281
 745:./Libraries/src/stm32f4xx_usart.c ****   assert_param(IS_USART_LIN_BREAK_DETECT_LENGTH(USART_LINBreakDetectLength));
ARM GAS  /tmp/ccdQ2tkR.s 			page 31


 954              		.loc 1 745 3 view .LVU282
 746:./Libraries/src/stm32f4xx_usart.c ****   
 747:./Libraries/src/stm32f4xx_usart.c ****   USARTx->CR2 &= (uint16_t)~((uint16_t)USART_CR2_LBDL);
 955              		.loc 1 747 3 view .LVU283
 956              		.loc 1 747 9 is_stmt 0 view .LVU284
 957 0000 038A     		ldrh	r3, [r0, #16]
 958 0002 9BB2     		uxth	r3, r3
 959              		.loc 1 747 15 view .LVU285
 960 0004 23F02003 		bic	r3, r3, #32
 961 0008 9BB2     		uxth	r3, r3
 962 000a 0382     		strh	r3, [r0, #16]	@ movhi
 748:./Libraries/src/stm32f4xx_usart.c ****   USARTx->CR2 |= USART_LINBreakDetectLength;  
 963              		.loc 1 748 3 is_stmt 1 view .LVU286
 964              		.loc 1 748 9 is_stmt 0 view .LVU287
 965 000c 038A     		ldrh	r3, [r0, #16]
 966 000e 9BB2     		uxth	r3, r3
 967              		.loc 1 748 15 view .LVU288
 968 0010 0B43     		orrs	r3, r3, r1
 969 0012 0382     		strh	r3, [r0, #16]	@ movhi
 749:./Libraries/src/stm32f4xx_usart.c **** }
 970              		.loc 1 749 1 view .LVU289
 971 0014 7047     		bx	lr
 972              		.cfi_endproc
 973              	.LFE137:
 975              		.section	.text.USART_LINCmd,"ax",%progbits
 976              		.align	1
 977              		.global	USART_LINCmd
 978              		.syntax unified
 979              		.thumb
 980              		.thumb_func
 982              	USART_LINCmd:
 983              	.LVL91:
 984              	.LFB138:
 750:./Libraries/src/stm32f4xx_usart.c **** 
 751:./Libraries/src/stm32f4xx_usart.c **** /**
 752:./Libraries/src/stm32f4xx_usart.c ****   * @brief  Enables or disables the USART's LIN mode.
 753:./Libraries/src/stm32f4xx_usart.c ****   * @param  USARTx: where x can be 1, 2, 3, 4, 5, 6, 7 or 8 to select the USART or 
 754:./Libraries/src/stm32f4xx_usart.c ****   *         UART peripheral.
 755:./Libraries/src/stm32f4xx_usart.c ****   * @param  NewState: new state of the USART LIN mode.
 756:./Libraries/src/stm32f4xx_usart.c ****   *          This parameter can be: ENABLE or DISABLE.
 757:./Libraries/src/stm32f4xx_usart.c ****   * @retval None
 758:./Libraries/src/stm32f4xx_usart.c ****   */
 759:./Libraries/src/stm32f4xx_usart.c **** void USART_LINCmd(USART_TypeDef* USARTx, FunctionalState NewState)
 760:./Libraries/src/stm32f4xx_usart.c **** {
 985              		.loc 1 760 1 is_stmt 1 view -0
 986              		.cfi_startproc
 987              		@ args = 0, pretend = 0, frame = 0
 988              		@ frame_needed = 0, uses_anonymous_args = 0
 989              		@ link register save eliminated.
 761:./Libraries/src/stm32f4xx_usart.c ****   /* Check the parameters */
 762:./Libraries/src/stm32f4xx_usart.c ****   assert_param(IS_USART_ALL_PERIPH(USARTx));
 990              		.loc 1 762 3 view .LVU291
 763:./Libraries/src/stm32f4xx_usart.c ****   assert_param(IS_FUNCTIONAL_STATE(NewState));
 991              		.loc 1 763 3 view .LVU292
 764:./Libraries/src/stm32f4xx_usart.c ****   
 765:./Libraries/src/stm32f4xx_usart.c ****   if (NewState != DISABLE)
 992              		.loc 1 765 3 view .LVU293
ARM GAS  /tmp/ccdQ2tkR.s 			page 32


 993              		.loc 1 765 6 is_stmt 0 view .LVU294
 994 0000 29B1     		cbz	r1, .L57
 766:./Libraries/src/stm32f4xx_usart.c ****   {
 767:./Libraries/src/stm32f4xx_usart.c ****     /* Enable the LIN mode by setting the LINEN bit in the CR2 register */
 768:./Libraries/src/stm32f4xx_usart.c ****     USARTx->CR2 |= USART_CR2_LINEN;
 995              		.loc 1 768 5 is_stmt 1 view .LVU295
 996              		.loc 1 768 11 is_stmt 0 view .LVU296
 997 0002 038A     		ldrh	r3, [r0, #16]
 998 0004 9BB2     		uxth	r3, r3
 999              		.loc 1 768 17 view .LVU297
 1000 0006 43F48043 		orr	r3, r3, #16384
 1001 000a 0382     		strh	r3, [r0, #16]	@ movhi
 1002 000c 7047     		bx	lr
 1003              	.L57:
 769:./Libraries/src/stm32f4xx_usart.c ****   }
 770:./Libraries/src/stm32f4xx_usart.c ****   else
 771:./Libraries/src/stm32f4xx_usart.c ****   {
 772:./Libraries/src/stm32f4xx_usart.c ****     /* Disable the LIN mode by clearing the LINEN bit in the CR2 register */
 773:./Libraries/src/stm32f4xx_usart.c ****     USARTx->CR2 &= (uint16_t)~((uint16_t)USART_CR2_LINEN);
 1004              		.loc 1 773 5 is_stmt 1 view .LVU298
 1005              		.loc 1 773 11 is_stmt 0 view .LVU299
 1006 000e 038A     		ldrh	r3, [r0, #16]
 1007 0010 9BB2     		uxth	r3, r3
 1008              		.loc 1 773 17 view .LVU300
 1009 0012 23F48043 		bic	r3, r3, #16384
 1010 0016 9BB2     		uxth	r3, r3
 1011 0018 0382     		strh	r3, [r0, #16]	@ movhi
 774:./Libraries/src/stm32f4xx_usart.c ****   }
 775:./Libraries/src/stm32f4xx_usart.c **** }
 1012              		.loc 1 775 1 view .LVU301
 1013 001a 7047     		bx	lr
 1014              		.cfi_endproc
 1015              	.LFE138:
 1017              		.section	.text.USART_SendBreak,"ax",%progbits
 1018              		.align	1
 1019              		.global	USART_SendBreak
 1020              		.syntax unified
 1021              		.thumb
 1022              		.thumb_func
 1024              	USART_SendBreak:
 1025              	.LVL92:
 1026              	.LFB139:
 776:./Libraries/src/stm32f4xx_usart.c **** 
 777:./Libraries/src/stm32f4xx_usart.c **** /**
 778:./Libraries/src/stm32f4xx_usart.c ****   * @brief  Transmits break characters.
 779:./Libraries/src/stm32f4xx_usart.c ****   * @param  USARTx: where x can be 1, 2, 3, 4, 5, 6, 7 or 8 to select the USART or 
 780:./Libraries/src/stm32f4xx_usart.c ****   *         UART peripheral.
 781:./Libraries/src/stm32f4xx_usart.c ****   * @retval None
 782:./Libraries/src/stm32f4xx_usart.c ****   */
 783:./Libraries/src/stm32f4xx_usart.c **** void USART_SendBreak(USART_TypeDef* USARTx)
 784:./Libraries/src/stm32f4xx_usart.c **** {
 1027              		.loc 1 784 1 is_stmt 1 view -0
 1028              		.cfi_startproc
 1029              		@ args = 0, pretend = 0, frame = 0
 1030              		@ frame_needed = 0, uses_anonymous_args = 0
 1031              		@ link register save eliminated.
 785:./Libraries/src/stm32f4xx_usart.c ****   /* Check the parameters */
ARM GAS  /tmp/ccdQ2tkR.s 			page 33


 786:./Libraries/src/stm32f4xx_usart.c ****   assert_param(IS_USART_ALL_PERIPH(USARTx));
 1032              		.loc 1 786 3 view .LVU303
 787:./Libraries/src/stm32f4xx_usart.c ****   
 788:./Libraries/src/stm32f4xx_usart.c ****   /* Send break characters */
 789:./Libraries/src/stm32f4xx_usart.c ****   USARTx->CR1 |= USART_CR1_SBK;
 1033              		.loc 1 789 3 view .LVU304
 1034              		.loc 1 789 9 is_stmt 0 view .LVU305
 1035 0000 8389     		ldrh	r3, [r0, #12]
 1036 0002 9BB2     		uxth	r3, r3
 1037              		.loc 1 789 15 view .LVU306
 1038 0004 43F00103 		orr	r3, r3, #1
 1039 0008 8381     		strh	r3, [r0, #12]	@ movhi
 790:./Libraries/src/stm32f4xx_usart.c **** }
 1040              		.loc 1 790 1 view .LVU307
 1041 000a 7047     		bx	lr
 1042              		.cfi_endproc
 1043              	.LFE139:
 1045              		.section	.text.USART_HalfDuplexCmd,"ax",%progbits
 1046              		.align	1
 1047              		.global	USART_HalfDuplexCmd
 1048              		.syntax unified
 1049              		.thumb
 1050              		.thumb_func
 1052              	USART_HalfDuplexCmd:
 1053              	.LVL93:
 1054              	.LFB140:
 791:./Libraries/src/stm32f4xx_usart.c **** 
 792:./Libraries/src/stm32f4xx_usart.c **** /**
 793:./Libraries/src/stm32f4xx_usart.c ****   * @}
 794:./Libraries/src/stm32f4xx_usart.c ****   */
 795:./Libraries/src/stm32f4xx_usart.c **** 
 796:./Libraries/src/stm32f4xx_usart.c **** /** @defgroup USART_Group5 Halfduplex mode function
 797:./Libraries/src/stm32f4xx_usart.c ****  *  @brief   Half-duplex mode function 
 798:./Libraries/src/stm32f4xx_usart.c ****  *
 799:./Libraries/src/stm32f4xx_usart.c **** @verbatim   
 800:./Libraries/src/stm32f4xx_usart.c ****  ===============================================================================
 801:./Libraries/src/stm32f4xx_usart.c ****                     ##### Half-duplex mode function #####
 802:./Libraries/src/stm32f4xx_usart.c ****  ===============================================================================  
 803:./Libraries/src/stm32f4xx_usart.c ****     [..]
 804:./Libraries/src/stm32f4xx_usart.c ****     This subsection provides a set of functions allowing to manage the USART 
 805:./Libraries/src/stm32f4xx_usart.c ****     Half-duplex communication.
 806:./Libraries/src/stm32f4xx_usart.c ****     [..]
 807:./Libraries/src/stm32f4xx_usart.c ****     The USART can be configured to follow a single-wire half-duplex protocol where 
 808:./Libraries/src/stm32f4xx_usart.c ****     the TX and RX lines are internally connected.
 809:./Libraries/src/stm32f4xx_usart.c ****     [..]
 810:./Libraries/src/stm32f4xx_usart.c ****     USART Half duplex communication is possible through the following procedure:
 811:./Libraries/src/stm32f4xx_usart.c ****       (#) Program the Baud rate, Word length, Stop bits, Parity, Mode transmitter 
 812:./Libraries/src/stm32f4xx_usart.c ****           or Mode receiver and hardware flow control values using the USART_Init()
 813:./Libraries/src/stm32f4xx_usart.c ****           function.
 814:./Libraries/src/stm32f4xx_usart.c ****       (#) Configures the USART address using the USART_SetAddress() function.
 815:./Libraries/src/stm32f4xx_usart.c ****       (#) Enable the USART using the USART_Cmd() function.
 816:./Libraries/src/stm32f4xx_usart.c ****       (#) Enable the half duplex mode using USART_HalfDuplexCmd() function.
 817:./Libraries/src/stm32f4xx_usart.c **** 
 818:./Libraries/src/stm32f4xx_usart.c **** 
 819:./Libraries/src/stm32f4xx_usart.c ****     -@- The RX pin is no longer used
 820:./Libraries/src/stm32f4xx_usart.c ****     -@- In Half-duplex mode the following bits must be kept cleared:
 821:./Libraries/src/stm32f4xx_usart.c ****       (+@) LINEN and CLKEN bits in the USART_CR2 register.
ARM GAS  /tmp/ccdQ2tkR.s 			page 34


 822:./Libraries/src/stm32f4xx_usart.c ****       (+@) SCEN and IREN bits in the USART_CR3 register.
 823:./Libraries/src/stm32f4xx_usart.c **** 
 824:./Libraries/src/stm32f4xx_usart.c **** @endverbatim
 825:./Libraries/src/stm32f4xx_usart.c ****   * @{
 826:./Libraries/src/stm32f4xx_usart.c ****   */
 827:./Libraries/src/stm32f4xx_usart.c **** 
 828:./Libraries/src/stm32f4xx_usart.c **** /**
 829:./Libraries/src/stm32f4xx_usart.c ****   * @brief  Enables or disables the USART's Half Duplex communication.
 830:./Libraries/src/stm32f4xx_usart.c ****   * @param  USARTx: where x can be 1, 2, 3, 4, 5, 6, 7 or 8 to select the USART or 
 831:./Libraries/src/stm32f4xx_usart.c ****   *         UART peripheral.
 832:./Libraries/src/stm32f4xx_usart.c ****   * @param  NewState: new state of the USART Communication.
 833:./Libraries/src/stm32f4xx_usart.c ****   *          This parameter can be: ENABLE or DISABLE.
 834:./Libraries/src/stm32f4xx_usart.c ****   * @retval None
 835:./Libraries/src/stm32f4xx_usart.c ****   */
 836:./Libraries/src/stm32f4xx_usart.c **** void USART_HalfDuplexCmd(USART_TypeDef* USARTx, FunctionalState NewState)
 837:./Libraries/src/stm32f4xx_usart.c **** {
 1055              		.loc 1 837 1 is_stmt 1 view -0
 1056              		.cfi_startproc
 1057              		@ args = 0, pretend = 0, frame = 0
 1058              		@ frame_needed = 0, uses_anonymous_args = 0
 1059              		@ link register save eliminated.
 838:./Libraries/src/stm32f4xx_usart.c ****   /* Check the parameters */
 839:./Libraries/src/stm32f4xx_usart.c ****   assert_param(IS_USART_ALL_PERIPH(USARTx));
 1060              		.loc 1 839 3 view .LVU309
 840:./Libraries/src/stm32f4xx_usart.c ****   assert_param(IS_FUNCTIONAL_STATE(NewState));
 1061              		.loc 1 840 3 view .LVU310
 841:./Libraries/src/stm32f4xx_usart.c ****   
 842:./Libraries/src/stm32f4xx_usart.c ****   if (NewState != DISABLE)
 1062              		.loc 1 842 3 view .LVU311
 1063              		.loc 1 842 6 is_stmt 0 view .LVU312
 1064 0000 29B1     		cbz	r1, .L61
 843:./Libraries/src/stm32f4xx_usart.c ****   {
 844:./Libraries/src/stm32f4xx_usart.c ****     /* Enable the Half-Duplex mode by setting the HDSEL bit in the CR3 register */
 845:./Libraries/src/stm32f4xx_usart.c ****     USARTx->CR3 |= USART_CR3_HDSEL;
 1065              		.loc 1 845 5 is_stmt 1 view .LVU313
 1066              		.loc 1 845 11 is_stmt 0 view .LVU314
 1067 0002 838A     		ldrh	r3, [r0, #20]
 1068 0004 9BB2     		uxth	r3, r3
 1069              		.loc 1 845 17 view .LVU315
 1070 0006 43F00803 		orr	r3, r3, #8
 1071 000a 8382     		strh	r3, [r0, #20]	@ movhi
 1072 000c 7047     		bx	lr
 1073              	.L61:
 846:./Libraries/src/stm32f4xx_usart.c ****   }
 847:./Libraries/src/stm32f4xx_usart.c ****   else
 848:./Libraries/src/stm32f4xx_usart.c ****   {
 849:./Libraries/src/stm32f4xx_usart.c ****     /* Disable the Half-Duplex mode by clearing the HDSEL bit in the CR3 register */
 850:./Libraries/src/stm32f4xx_usart.c ****     USARTx->CR3 &= (uint16_t)~((uint16_t)USART_CR3_HDSEL);
 1074              		.loc 1 850 5 is_stmt 1 view .LVU316
 1075              		.loc 1 850 11 is_stmt 0 view .LVU317
 1076 000e 838A     		ldrh	r3, [r0, #20]
 1077 0010 9BB2     		uxth	r3, r3
 1078              		.loc 1 850 17 view .LVU318
 1079 0012 23F00803 		bic	r3, r3, #8
 1080 0016 9BB2     		uxth	r3, r3
 1081 0018 8382     		strh	r3, [r0, #20]	@ movhi
 851:./Libraries/src/stm32f4xx_usart.c ****   }
ARM GAS  /tmp/ccdQ2tkR.s 			page 35


 852:./Libraries/src/stm32f4xx_usart.c **** }
 1082              		.loc 1 852 1 view .LVU319
 1083 001a 7047     		bx	lr
 1084              		.cfi_endproc
 1085              	.LFE140:
 1087              		.section	.text.USART_SetGuardTime,"ax",%progbits
 1088              		.align	1
 1089              		.global	USART_SetGuardTime
 1090              		.syntax unified
 1091              		.thumb
 1092              		.thumb_func
 1094              	USART_SetGuardTime:
 1095              	.LVL94:
 1096              	.LFB141:
 853:./Libraries/src/stm32f4xx_usart.c **** 
 854:./Libraries/src/stm32f4xx_usart.c **** /**
 855:./Libraries/src/stm32f4xx_usart.c ****   * @}
 856:./Libraries/src/stm32f4xx_usart.c ****   */
 857:./Libraries/src/stm32f4xx_usart.c **** 
 858:./Libraries/src/stm32f4xx_usart.c **** 
 859:./Libraries/src/stm32f4xx_usart.c **** /** @defgroup USART_Group6 Smartcard mode functions
 860:./Libraries/src/stm32f4xx_usart.c ****  *  @brief   Smartcard mode functions 
 861:./Libraries/src/stm32f4xx_usart.c ****  *
 862:./Libraries/src/stm32f4xx_usart.c **** @verbatim   
 863:./Libraries/src/stm32f4xx_usart.c ****  ===============================================================================
 864:./Libraries/src/stm32f4xx_usart.c ****                               ##### Smartcard mode functions #####
 865:./Libraries/src/stm32f4xx_usart.c ****  ===============================================================================  
 866:./Libraries/src/stm32f4xx_usart.c ****     [..]
 867:./Libraries/src/stm32f4xx_usart.c ****     This subsection provides a set of functions allowing to manage the USART 
 868:./Libraries/src/stm32f4xx_usart.c ****     Smartcard communication.
 869:./Libraries/src/stm32f4xx_usart.c ****     [..]
 870:./Libraries/src/stm32f4xx_usart.c ****     The Smartcard interface is designed to support asynchronous protocol Smartcards as
 871:./Libraries/src/stm32f4xx_usart.c ****     defined in the ISO 7816-3 standard.
 872:./Libraries/src/stm32f4xx_usart.c ****     [..]
 873:./Libraries/src/stm32f4xx_usart.c ****     The USART can provide a clock to the smartcard through the SCLK output.
 874:./Libraries/src/stm32f4xx_usart.c ****     In smartcard mode, SCLK is not associated to the communication but is simply derived 
 875:./Libraries/src/stm32f4xx_usart.c ****     from the internal peripheral input clock through a 5-bit prescaler.
 876:./Libraries/src/stm32f4xx_usart.c ****     [..]
 877:./Libraries/src/stm32f4xx_usart.c ****     Smartcard communication is possible through the following procedure:
 878:./Libraries/src/stm32f4xx_usart.c ****       (#) Configures the Smartcard Prescaler using the USART_SetPrescaler() function.
 879:./Libraries/src/stm32f4xx_usart.c ****       (#) Configures the Smartcard Guard Time using the USART_SetGuardTime() function.
 880:./Libraries/src/stm32f4xx_usart.c ****       (#) Program the USART clock using the USART_ClockInit() function as following:
 881:./Libraries/src/stm32f4xx_usart.c ****         (++) USART Clock enabled
 882:./Libraries/src/stm32f4xx_usart.c ****         (++) USART CPOL Low
 883:./Libraries/src/stm32f4xx_usart.c ****         (++) USART CPHA on first edge
 884:./Libraries/src/stm32f4xx_usart.c ****         (++) USART Last Bit Clock Enabled
 885:./Libraries/src/stm32f4xx_usart.c ****       (#) Program the Smartcard interface using the USART_Init() function as following:
 886:./Libraries/src/stm32f4xx_usart.c ****         (++) Word Length = 9 Bits
 887:./Libraries/src/stm32f4xx_usart.c ****         (++) 1.5 Stop Bit
 888:./Libraries/src/stm32f4xx_usart.c ****         (++) Even parity
 889:./Libraries/src/stm32f4xx_usart.c ****         (++) BaudRate = 12096 baud
 890:./Libraries/src/stm32f4xx_usart.c ****         (++) Hardware flow control disabled (RTS and CTS signals)
 891:./Libraries/src/stm32f4xx_usart.c ****         (++) Tx and Rx enabled
 892:./Libraries/src/stm32f4xx_usart.c ****       (#) POptionally you can enable the parity error interrupt using the USART_ITConfig()
 893:./Libraries/src/stm32f4xx_usart.c ****           function
 894:./Libraries/src/stm32f4xx_usart.c ****       (#) PEnable the USART using the USART_Cmd() function.
 895:./Libraries/src/stm32f4xx_usart.c ****       (#) PEnable the Smartcard NACK using the USART_SmartCardNACKCmd() function.
ARM GAS  /tmp/ccdQ2tkR.s 			page 36


 896:./Libraries/src/stm32f4xx_usart.c ****       (#) PEnable the Smartcard interface using the USART_SmartCardCmd() function.
 897:./Libraries/src/stm32f4xx_usart.c **** 
 898:./Libraries/src/stm32f4xx_usart.c ****     Please refer to the ISO 7816-3 specification for more details.
 899:./Libraries/src/stm32f4xx_usart.c **** 
 900:./Libraries/src/stm32f4xx_usart.c ****       -@- It is also possible to choose 0.5 stop bit for receiving but it is recommended 
 901:./Libraries/src/stm32f4xx_usart.c ****           to use 1.5 stop bits for both transmitting and receiving to avoid switching 
 902:./Libraries/src/stm32f4xx_usart.c ****           between the two configurations.
 903:./Libraries/src/stm32f4xx_usart.c ****       -@- In smartcard mode, the following bits must be kept cleared:
 904:./Libraries/src/stm32f4xx_usart.c ****         (+@) LINEN bit in the USART_CR2 register.
 905:./Libraries/src/stm32f4xx_usart.c ****         (+@) HDSEL and IREN bits in the USART_CR3 register.
 906:./Libraries/src/stm32f4xx_usart.c ****       -@- Smartcard mode is available on USART peripherals only (not available on UART4 
 907:./Libraries/src/stm32f4xx_usart.c ****           and UART5 peripherals).
 908:./Libraries/src/stm32f4xx_usart.c **** 
 909:./Libraries/src/stm32f4xx_usart.c **** @endverbatim
 910:./Libraries/src/stm32f4xx_usart.c ****   * @{
 911:./Libraries/src/stm32f4xx_usart.c ****   */
 912:./Libraries/src/stm32f4xx_usart.c **** 
 913:./Libraries/src/stm32f4xx_usart.c **** /**
 914:./Libraries/src/stm32f4xx_usart.c ****   * @brief  Sets the specified USART guard time.
 915:./Libraries/src/stm32f4xx_usart.c ****   * @param  USARTx: where x can be 1, 2, 3 or 6 to select the USART or 
 916:./Libraries/src/stm32f4xx_usart.c ****   *         UART peripheral.
 917:./Libraries/src/stm32f4xx_usart.c ****   * @param  USART_GuardTime: specifies the guard time.   
 918:./Libraries/src/stm32f4xx_usart.c ****   * @retval None
 919:./Libraries/src/stm32f4xx_usart.c ****   */
 920:./Libraries/src/stm32f4xx_usart.c **** void USART_SetGuardTime(USART_TypeDef* USARTx, uint8_t USART_GuardTime)
 921:./Libraries/src/stm32f4xx_usart.c **** {    
 1097              		.loc 1 921 1 is_stmt 1 view -0
 1098              		.cfi_startproc
 1099              		@ args = 0, pretend = 0, frame = 0
 1100              		@ frame_needed = 0, uses_anonymous_args = 0
 1101              		@ link register save eliminated.
 922:./Libraries/src/stm32f4xx_usart.c ****   /* Check the parameters */
 923:./Libraries/src/stm32f4xx_usart.c ****   assert_param(IS_USART_1236_PERIPH(USARTx));
 1102              		.loc 1 923 3 view .LVU321
 924:./Libraries/src/stm32f4xx_usart.c ****   
 925:./Libraries/src/stm32f4xx_usart.c ****   /* Clear the USART Guard time */
 926:./Libraries/src/stm32f4xx_usart.c ****   USARTx->GTPR &= USART_GTPR_PSC;
 1103              		.loc 1 926 3 view .LVU322
 1104              		.loc 1 926 9 is_stmt 0 view .LVU323
 1105 0000 038B     		ldrh	r3, [r0, #24]
 1106              		.loc 1 926 16 view .LVU324
 1107 0002 DBB2     		uxtb	r3, r3
 1108 0004 0383     		strh	r3, [r0, #24]	@ movhi
 927:./Libraries/src/stm32f4xx_usart.c ****   /* Set the USART guard time */
 928:./Libraries/src/stm32f4xx_usart.c ****   USARTx->GTPR |= (uint16_t)((uint16_t)USART_GuardTime << 0x08);
 1109              		.loc 1 928 3 is_stmt 1 view .LVU325
 1110              		.loc 1 928 9 is_stmt 0 view .LVU326
 1111 0006 038B     		ldrh	r3, [r0, #24]
 1112 0008 9BB2     		uxth	r3, r3
 1113              		.loc 1 928 16 view .LVU327
 1114 000a 43EA0123 		orr	r3, r3, r1, lsl #8
 1115 000e 0383     		strh	r3, [r0, #24]	@ movhi
 929:./Libraries/src/stm32f4xx_usart.c **** }
 1116              		.loc 1 929 1 view .LVU328
 1117 0010 7047     		bx	lr
 1118              		.cfi_endproc
 1119              	.LFE141:
ARM GAS  /tmp/ccdQ2tkR.s 			page 37


 1121              		.section	.text.USART_SmartCardCmd,"ax",%progbits
 1122              		.align	1
 1123              		.global	USART_SmartCardCmd
 1124              		.syntax unified
 1125              		.thumb
 1126              		.thumb_func
 1128              	USART_SmartCardCmd:
 1129              	.LVL95:
 1130              	.LFB142:
 930:./Libraries/src/stm32f4xx_usart.c **** 
 931:./Libraries/src/stm32f4xx_usart.c **** /**
 932:./Libraries/src/stm32f4xx_usart.c ****   * @brief  Enables or disables the USART's Smart Card mode.
 933:./Libraries/src/stm32f4xx_usart.c ****   * @param  USARTx: where x can be 1, 2, 3 or 6 to select the USART or 
 934:./Libraries/src/stm32f4xx_usart.c ****   *         UART peripheral.
 935:./Libraries/src/stm32f4xx_usart.c ****   * @param  NewState: new state of the Smart Card mode.
 936:./Libraries/src/stm32f4xx_usart.c ****   *          This parameter can be: ENABLE or DISABLE.      
 937:./Libraries/src/stm32f4xx_usart.c ****   * @retval None
 938:./Libraries/src/stm32f4xx_usart.c ****   */
 939:./Libraries/src/stm32f4xx_usart.c **** void USART_SmartCardCmd(USART_TypeDef* USARTx, FunctionalState NewState)
 940:./Libraries/src/stm32f4xx_usart.c **** {
 1131              		.loc 1 940 1 is_stmt 1 view -0
 1132              		.cfi_startproc
 1133              		@ args = 0, pretend = 0, frame = 0
 1134              		@ frame_needed = 0, uses_anonymous_args = 0
 1135              		@ link register save eliminated.
 941:./Libraries/src/stm32f4xx_usart.c ****   /* Check the parameters */
 942:./Libraries/src/stm32f4xx_usart.c ****   assert_param(IS_USART_1236_PERIPH(USARTx));
 1136              		.loc 1 942 3 view .LVU330
 943:./Libraries/src/stm32f4xx_usart.c ****   assert_param(IS_FUNCTIONAL_STATE(NewState));
 1137              		.loc 1 943 3 view .LVU331
 944:./Libraries/src/stm32f4xx_usart.c ****   if (NewState != DISABLE)
 1138              		.loc 1 944 3 view .LVU332
 1139              		.loc 1 944 6 is_stmt 0 view .LVU333
 1140 0000 29B1     		cbz	r1, .L65
 945:./Libraries/src/stm32f4xx_usart.c ****   {
 946:./Libraries/src/stm32f4xx_usart.c ****     /* Enable the SC mode by setting the SCEN bit in the CR3 register */
 947:./Libraries/src/stm32f4xx_usart.c ****     USARTx->CR3 |= USART_CR3_SCEN;
 1141              		.loc 1 947 5 is_stmt 1 view .LVU334
 1142              		.loc 1 947 11 is_stmt 0 view .LVU335
 1143 0002 838A     		ldrh	r3, [r0, #20]
 1144 0004 9BB2     		uxth	r3, r3
 1145              		.loc 1 947 17 view .LVU336
 1146 0006 43F02003 		orr	r3, r3, #32
 1147 000a 8382     		strh	r3, [r0, #20]	@ movhi
 1148 000c 7047     		bx	lr
 1149              	.L65:
 948:./Libraries/src/stm32f4xx_usart.c ****   }
 949:./Libraries/src/stm32f4xx_usart.c ****   else
 950:./Libraries/src/stm32f4xx_usart.c ****   {
 951:./Libraries/src/stm32f4xx_usart.c ****     /* Disable the SC mode by clearing the SCEN bit in the CR3 register */
 952:./Libraries/src/stm32f4xx_usart.c ****     USARTx->CR3 &= (uint16_t)~((uint16_t)USART_CR3_SCEN);
 1150              		.loc 1 952 5 is_stmt 1 view .LVU337
 1151              		.loc 1 952 11 is_stmt 0 view .LVU338
 1152 000e 838A     		ldrh	r3, [r0, #20]
 1153 0010 9BB2     		uxth	r3, r3
 1154              		.loc 1 952 17 view .LVU339
 1155 0012 23F02003 		bic	r3, r3, #32
ARM GAS  /tmp/ccdQ2tkR.s 			page 38


 1156 0016 9BB2     		uxth	r3, r3
 1157 0018 8382     		strh	r3, [r0, #20]	@ movhi
 953:./Libraries/src/stm32f4xx_usart.c ****   }
 954:./Libraries/src/stm32f4xx_usart.c **** }
 1158              		.loc 1 954 1 view .LVU340
 1159 001a 7047     		bx	lr
 1160              		.cfi_endproc
 1161              	.LFE142:
 1163              		.section	.text.USART_SmartCardNACKCmd,"ax",%progbits
 1164              		.align	1
 1165              		.global	USART_SmartCardNACKCmd
 1166              		.syntax unified
 1167              		.thumb
 1168              		.thumb_func
 1170              	USART_SmartCardNACKCmd:
 1171              	.LVL96:
 1172              	.LFB143:
 955:./Libraries/src/stm32f4xx_usart.c **** 
 956:./Libraries/src/stm32f4xx_usart.c **** /**
 957:./Libraries/src/stm32f4xx_usart.c ****   * @brief  Enables or disables NACK transmission.
 958:./Libraries/src/stm32f4xx_usart.c ****   * @param  USARTx: where x can be 1, 2, 3 or 6 to select the USART or 
 959:./Libraries/src/stm32f4xx_usart.c ****   *         UART peripheral.
 960:./Libraries/src/stm32f4xx_usart.c ****   * @param  NewState: new state of the NACK transmission.
 961:./Libraries/src/stm32f4xx_usart.c ****   *          This parameter can be: ENABLE or DISABLE.  
 962:./Libraries/src/stm32f4xx_usart.c ****   * @retval None
 963:./Libraries/src/stm32f4xx_usart.c ****   */
 964:./Libraries/src/stm32f4xx_usart.c **** void USART_SmartCardNACKCmd(USART_TypeDef* USARTx, FunctionalState NewState)
 965:./Libraries/src/stm32f4xx_usart.c **** {
 1173              		.loc 1 965 1 is_stmt 1 view -0
 1174              		.cfi_startproc
 1175              		@ args = 0, pretend = 0, frame = 0
 1176              		@ frame_needed = 0, uses_anonymous_args = 0
 1177              		@ link register save eliminated.
 966:./Libraries/src/stm32f4xx_usart.c ****   /* Check the parameters */
 967:./Libraries/src/stm32f4xx_usart.c ****   assert_param(IS_USART_1236_PERIPH(USARTx)); 
 1178              		.loc 1 967 3 view .LVU342
 968:./Libraries/src/stm32f4xx_usart.c ****   assert_param(IS_FUNCTIONAL_STATE(NewState));
 1179              		.loc 1 968 3 view .LVU343
 969:./Libraries/src/stm32f4xx_usart.c ****   if (NewState != DISABLE)
 1180              		.loc 1 969 3 view .LVU344
 1181              		.loc 1 969 6 is_stmt 0 view .LVU345
 1182 0000 29B1     		cbz	r1, .L68
 970:./Libraries/src/stm32f4xx_usart.c ****   {
 971:./Libraries/src/stm32f4xx_usart.c ****     /* Enable the NACK transmission by setting the NACK bit in the CR3 register */
 972:./Libraries/src/stm32f4xx_usart.c ****     USARTx->CR3 |= USART_CR3_NACK;
 1183              		.loc 1 972 5 is_stmt 1 view .LVU346
 1184              		.loc 1 972 11 is_stmt 0 view .LVU347
 1185 0002 838A     		ldrh	r3, [r0, #20]
 1186 0004 9BB2     		uxth	r3, r3
 1187              		.loc 1 972 17 view .LVU348
 1188 0006 43F01003 		orr	r3, r3, #16
 1189 000a 8382     		strh	r3, [r0, #20]	@ movhi
 1190 000c 7047     		bx	lr
 1191              	.L68:
 973:./Libraries/src/stm32f4xx_usart.c ****   }
 974:./Libraries/src/stm32f4xx_usart.c ****   else
 975:./Libraries/src/stm32f4xx_usart.c ****   {
ARM GAS  /tmp/ccdQ2tkR.s 			page 39


 976:./Libraries/src/stm32f4xx_usart.c ****     /* Disable the NACK transmission by clearing the NACK bit in the CR3 register */
 977:./Libraries/src/stm32f4xx_usart.c ****     USARTx->CR3 &= (uint16_t)~((uint16_t)USART_CR3_NACK);
 1192              		.loc 1 977 5 is_stmt 1 view .LVU349
 1193              		.loc 1 977 11 is_stmt 0 view .LVU350
 1194 000e 838A     		ldrh	r3, [r0, #20]
 1195 0010 9BB2     		uxth	r3, r3
 1196              		.loc 1 977 17 view .LVU351
 1197 0012 23F01003 		bic	r3, r3, #16
 1198 0016 9BB2     		uxth	r3, r3
 1199 0018 8382     		strh	r3, [r0, #20]	@ movhi
 978:./Libraries/src/stm32f4xx_usart.c ****   }
 979:./Libraries/src/stm32f4xx_usart.c **** }
 1200              		.loc 1 979 1 view .LVU352
 1201 001a 7047     		bx	lr
 1202              		.cfi_endproc
 1203              	.LFE143:
 1205              		.section	.text.USART_IrDAConfig,"ax",%progbits
 1206              		.align	1
 1207              		.global	USART_IrDAConfig
 1208              		.syntax unified
 1209              		.thumb
 1210              		.thumb_func
 1212              	USART_IrDAConfig:
 1213              	.LVL97:
 1214              	.LFB144:
 980:./Libraries/src/stm32f4xx_usart.c **** 
 981:./Libraries/src/stm32f4xx_usart.c **** /**
 982:./Libraries/src/stm32f4xx_usart.c ****   * @}
 983:./Libraries/src/stm32f4xx_usart.c ****   */
 984:./Libraries/src/stm32f4xx_usart.c **** 
 985:./Libraries/src/stm32f4xx_usart.c **** /** @defgroup USART_Group7 IrDA mode functions
 986:./Libraries/src/stm32f4xx_usart.c ****  *  @brief   IrDA mode functions 
 987:./Libraries/src/stm32f4xx_usart.c ****  *
 988:./Libraries/src/stm32f4xx_usart.c **** @verbatim   
 989:./Libraries/src/stm32f4xx_usart.c ****  ===============================================================================
 990:./Libraries/src/stm32f4xx_usart.c ****                         ##### IrDA mode functions #####
 991:./Libraries/src/stm32f4xx_usart.c ****  ===============================================================================  
 992:./Libraries/src/stm32f4xx_usart.c ****     [..]
 993:./Libraries/src/stm32f4xx_usart.c ****     This subsection provides a set of functions allowing to manage the USART 
 994:./Libraries/src/stm32f4xx_usart.c ****     IrDA communication.
 995:./Libraries/src/stm32f4xx_usart.c ****     [..]
 996:./Libraries/src/stm32f4xx_usart.c ****     IrDA is a half duplex communication protocol. If the Transmitter is busy, any data
 997:./Libraries/src/stm32f4xx_usart.c ****     on the IrDA receive line will be ignored by the IrDA decoder and if the Receiver 
 998:./Libraries/src/stm32f4xx_usart.c ****     is busy, data on the TX from the USART to IrDA will not be encoded by IrDA.
 999:./Libraries/src/stm32f4xx_usart.c ****     While receiving data, transmission should be avoided as the data to be transmitted
1000:./Libraries/src/stm32f4xx_usart.c ****     could be corrupted.
1001:./Libraries/src/stm32f4xx_usart.c ****     [..]
1002:./Libraries/src/stm32f4xx_usart.c ****     IrDA communication is possible through the following procedure:
1003:./Libraries/src/stm32f4xx_usart.c ****       (#) Program the Baud rate, Word length = 8 bits, Stop bits, Parity, Transmitter/Receiver 
1004:./Libraries/src/stm32f4xx_usart.c ****           modes and hardware flow control values using the USART_Init() function.
1005:./Libraries/src/stm32f4xx_usart.c ****       (#) Enable the USART using the USART_Cmd() function.
1006:./Libraries/src/stm32f4xx_usart.c ****       (#) Configures the IrDA pulse width by configuring the prescaler using  
1007:./Libraries/src/stm32f4xx_usart.c ****           the USART_SetPrescaler() function.
1008:./Libraries/src/stm32f4xx_usart.c ****       (#) Configures the IrDA  USART_IrDAMode_LowPower or USART_IrDAMode_Normal mode
1009:./Libraries/src/stm32f4xx_usart.c ****           using the USART_IrDAConfig() function.
1010:./Libraries/src/stm32f4xx_usart.c ****       (#) Enable the IrDA using the USART_IrDACmd() function.
1011:./Libraries/src/stm32f4xx_usart.c **** 
ARM GAS  /tmp/ccdQ2tkR.s 			page 40


1012:./Libraries/src/stm32f4xx_usart.c ****       -@- A pulse of width less than two and greater than one PSC period(s) may or may
1013:./Libraries/src/stm32f4xx_usart.c ****           not be rejected.
1014:./Libraries/src/stm32f4xx_usart.c ****       -@- The receiver set up time should be managed by software. The IrDA physical layer
1015:./Libraries/src/stm32f4xx_usart.c ****           specification specifies a minimum of 10 ms delay between transmission and 
1016:./Libraries/src/stm32f4xx_usart.c ****           reception (IrDA is a half duplex protocol).
1017:./Libraries/src/stm32f4xx_usart.c ****       -@- In IrDA mode, the following bits must be kept cleared:
1018:./Libraries/src/stm32f4xx_usart.c ****         (+@) LINEN, STOP and CLKEN bits in the USART_CR2 register.
1019:./Libraries/src/stm32f4xx_usart.c ****         (+@) SCEN and HDSEL bits in the USART_CR3 register.
1020:./Libraries/src/stm32f4xx_usart.c **** 
1021:./Libraries/src/stm32f4xx_usart.c **** @endverbatim
1022:./Libraries/src/stm32f4xx_usart.c ****   * @{
1023:./Libraries/src/stm32f4xx_usart.c ****   */
1024:./Libraries/src/stm32f4xx_usart.c **** 
1025:./Libraries/src/stm32f4xx_usart.c **** /**
1026:./Libraries/src/stm32f4xx_usart.c ****   * @brief  Configures the USART's IrDA interface.
1027:./Libraries/src/stm32f4xx_usart.c ****   * @param  USARTx: where x can be 1, 2, 3, 4, 5, 6, 7 or 8 to select the USART or 
1028:./Libraries/src/stm32f4xx_usart.c ****   *         UART peripheral.
1029:./Libraries/src/stm32f4xx_usart.c ****   * @param  USART_IrDAMode: specifies the IrDA mode.
1030:./Libraries/src/stm32f4xx_usart.c ****   *          This parameter can be one of the following values:
1031:./Libraries/src/stm32f4xx_usart.c ****   *            @arg USART_IrDAMode_LowPower
1032:./Libraries/src/stm32f4xx_usart.c ****   *            @arg USART_IrDAMode_Normal
1033:./Libraries/src/stm32f4xx_usart.c ****   * @retval None
1034:./Libraries/src/stm32f4xx_usart.c ****   */
1035:./Libraries/src/stm32f4xx_usart.c **** void USART_IrDAConfig(USART_TypeDef* USARTx, uint16_t USART_IrDAMode)
1036:./Libraries/src/stm32f4xx_usart.c **** {
 1215              		.loc 1 1036 1 is_stmt 1 view -0
 1216              		.cfi_startproc
 1217              		@ args = 0, pretend = 0, frame = 0
 1218              		@ frame_needed = 0, uses_anonymous_args = 0
 1219              		@ link register save eliminated.
1037:./Libraries/src/stm32f4xx_usart.c ****   /* Check the parameters */
1038:./Libraries/src/stm32f4xx_usart.c ****   assert_param(IS_USART_ALL_PERIPH(USARTx));
 1220              		.loc 1 1038 3 view .LVU354
1039:./Libraries/src/stm32f4xx_usart.c ****   assert_param(IS_USART_IRDA_MODE(USART_IrDAMode));
 1221              		.loc 1 1039 3 view .LVU355
1040:./Libraries/src/stm32f4xx_usart.c ****     
1041:./Libraries/src/stm32f4xx_usart.c ****   USARTx->CR3 &= (uint16_t)~((uint16_t)USART_CR3_IRLP);
 1222              		.loc 1 1041 3 view .LVU356
 1223              		.loc 1 1041 9 is_stmt 0 view .LVU357
 1224 0000 838A     		ldrh	r3, [r0, #20]
 1225 0002 9BB2     		uxth	r3, r3
 1226              		.loc 1 1041 15 view .LVU358
 1227 0004 23F00403 		bic	r3, r3, #4
 1228 0008 9BB2     		uxth	r3, r3
 1229 000a 8382     		strh	r3, [r0, #20]	@ movhi
1042:./Libraries/src/stm32f4xx_usart.c ****   USARTx->CR3 |= USART_IrDAMode;
 1230              		.loc 1 1042 3 is_stmt 1 view .LVU359
 1231              		.loc 1 1042 9 is_stmt 0 view .LVU360
 1232 000c 838A     		ldrh	r3, [r0, #20]
 1233 000e 9BB2     		uxth	r3, r3
 1234              		.loc 1 1042 15 view .LVU361
 1235 0010 0B43     		orrs	r3, r3, r1
 1236 0012 8382     		strh	r3, [r0, #20]	@ movhi
1043:./Libraries/src/stm32f4xx_usart.c **** }
 1237              		.loc 1 1043 1 view .LVU362
 1238 0014 7047     		bx	lr
 1239              		.cfi_endproc
ARM GAS  /tmp/ccdQ2tkR.s 			page 41


 1240              	.LFE144:
 1242              		.section	.text.USART_IrDACmd,"ax",%progbits
 1243              		.align	1
 1244              		.global	USART_IrDACmd
 1245              		.syntax unified
 1246              		.thumb
 1247              		.thumb_func
 1249              	USART_IrDACmd:
 1250              	.LVL98:
 1251              	.LFB145:
1044:./Libraries/src/stm32f4xx_usart.c **** 
1045:./Libraries/src/stm32f4xx_usart.c **** /**
1046:./Libraries/src/stm32f4xx_usart.c ****   * @brief  Enables or disables the USART's IrDA interface.
1047:./Libraries/src/stm32f4xx_usart.c ****   * @param  USARTx: where x can be 1, 2, 3, 4, 5, 6, 7 or 8 to select the USART or 
1048:./Libraries/src/stm32f4xx_usart.c ****   *         UART peripheral.
1049:./Libraries/src/stm32f4xx_usart.c ****   * @param  NewState: new state of the IrDA mode.
1050:./Libraries/src/stm32f4xx_usart.c ****   *          This parameter can be: ENABLE or DISABLE.
1051:./Libraries/src/stm32f4xx_usart.c ****   * @retval None
1052:./Libraries/src/stm32f4xx_usart.c ****   */
1053:./Libraries/src/stm32f4xx_usart.c **** void USART_IrDACmd(USART_TypeDef* USARTx, FunctionalState NewState)
1054:./Libraries/src/stm32f4xx_usart.c **** {
 1252              		.loc 1 1054 1 is_stmt 1 view -0
 1253              		.cfi_startproc
 1254              		@ args = 0, pretend = 0, frame = 0
 1255              		@ frame_needed = 0, uses_anonymous_args = 0
 1256              		@ link register save eliminated.
1055:./Libraries/src/stm32f4xx_usart.c ****   /* Check the parameters */
1056:./Libraries/src/stm32f4xx_usart.c ****   assert_param(IS_USART_ALL_PERIPH(USARTx));
 1257              		.loc 1 1056 3 view .LVU364
1057:./Libraries/src/stm32f4xx_usart.c ****   assert_param(IS_FUNCTIONAL_STATE(NewState));
 1258              		.loc 1 1057 3 view .LVU365
1058:./Libraries/src/stm32f4xx_usart.c ****     
1059:./Libraries/src/stm32f4xx_usart.c ****   if (NewState != DISABLE)
 1259              		.loc 1 1059 3 view .LVU366
 1260              		.loc 1 1059 6 is_stmt 0 view .LVU367
 1261 0000 29B1     		cbz	r1, .L72
1060:./Libraries/src/stm32f4xx_usart.c ****   {
1061:./Libraries/src/stm32f4xx_usart.c ****     /* Enable the IrDA mode by setting the IREN bit in the CR3 register */
1062:./Libraries/src/stm32f4xx_usart.c ****     USARTx->CR3 |= USART_CR3_IREN;
 1262              		.loc 1 1062 5 is_stmt 1 view .LVU368
 1263              		.loc 1 1062 11 is_stmt 0 view .LVU369
 1264 0002 838A     		ldrh	r3, [r0, #20]
 1265 0004 9BB2     		uxth	r3, r3
 1266              		.loc 1 1062 17 view .LVU370
 1267 0006 43F00203 		orr	r3, r3, #2
 1268 000a 8382     		strh	r3, [r0, #20]	@ movhi
 1269 000c 7047     		bx	lr
 1270              	.L72:
1063:./Libraries/src/stm32f4xx_usart.c ****   }
1064:./Libraries/src/stm32f4xx_usart.c ****   else
1065:./Libraries/src/stm32f4xx_usart.c ****   {
1066:./Libraries/src/stm32f4xx_usart.c ****     /* Disable the IrDA mode by clearing the IREN bit in the CR3 register */
1067:./Libraries/src/stm32f4xx_usart.c ****     USARTx->CR3 &= (uint16_t)~((uint16_t)USART_CR3_IREN);
 1271              		.loc 1 1067 5 is_stmt 1 view .LVU371
 1272              		.loc 1 1067 11 is_stmt 0 view .LVU372
 1273 000e 838A     		ldrh	r3, [r0, #20]
 1274 0010 9BB2     		uxth	r3, r3
ARM GAS  /tmp/ccdQ2tkR.s 			page 42


 1275              		.loc 1 1067 17 view .LVU373
 1276 0012 23F00203 		bic	r3, r3, #2
 1277 0016 9BB2     		uxth	r3, r3
 1278 0018 8382     		strh	r3, [r0, #20]	@ movhi
1068:./Libraries/src/stm32f4xx_usart.c ****   }
1069:./Libraries/src/stm32f4xx_usart.c **** }
 1279              		.loc 1 1069 1 view .LVU374
 1280 001a 7047     		bx	lr
 1281              		.cfi_endproc
 1282              	.LFE145:
 1284              		.section	.text.USART_DMACmd,"ax",%progbits
 1285              		.align	1
 1286              		.global	USART_DMACmd
 1287              		.syntax unified
 1288              		.thumb
 1289              		.thumb_func
 1291              	USART_DMACmd:
 1292              	.LVL99:
 1293              	.LFB146:
1070:./Libraries/src/stm32f4xx_usart.c **** 
1071:./Libraries/src/stm32f4xx_usart.c **** /**
1072:./Libraries/src/stm32f4xx_usart.c ****   * @}
1073:./Libraries/src/stm32f4xx_usart.c ****   */
1074:./Libraries/src/stm32f4xx_usart.c **** 
1075:./Libraries/src/stm32f4xx_usart.c **** /** @defgroup USART_Group8 DMA transfers management functions
1076:./Libraries/src/stm32f4xx_usart.c ****  *  @brief   DMA transfers management functions
1077:./Libraries/src/stm32f4xx_usart.c ****  *
1078:./Libraries/src/stm32f4xx_usart.c **** @verbatim   
1079:./Libraries/src/stm32f4xx_usart.c ****  ===============================================================================
1080:./Libraries/src/stm32f4xx_usart.c ****               ##### DMA transfers management functions #####
1081:./Libraries/src/stm32f4xx_usart.c ****  ===============================================================================  
1082:./Libraries/src/stm32f4xx_usart.c **** 
1083:./Libraries/src/stm32f4xx_usart.c **** @endverbatim
1084:./Libraries/src/stm32f4xx_usart.c ****   * @{
1085:./Libraries/src/stm32f4xx_usart.c ****   */
1086:./Libraries/src/stm32f4xx_usart.c ****   
1087:./Libraries/src/stm32f4xx_usart.c **** /**
1088:./Libraries/src/stm32f4xx_usart.c ****   * @brief  Enables or disables the USART's DMA interface.
1089:./Libraries/src/stm32f4xx_usart.c ****   * @param  USARTx: where x can be 1, 2, 3, 4, 5, 6, 7 or 8 to select the USART or 
1090:./Libraries/src/stm32f4xx_usart.c ****   *         UART peripheral.
1091:./Libraries/src/stm32f4xx_usart.c ****   * @param  USART_DMAReq: specifies the DMA request.
1092:./Libraries/src/stm32f4xx_usart.c ****   *          This parameter can be any combination of the following values:
1093:./Libraries/src/stm32f4xx_usart.c ****   *            @arg USART_DMAReq_Tx: USART DMA transmit request
1094:./Libraries/src/stm32f4xx_usart.c ****   *            @arg USART_DMAReq_Rx: USART DMA receive request
1095:./Libraries/src/stm32f4xx_usart.c ****   * @param  NewState: new state of the DMA Request sources.
1096:./Libraries/src/stm32f4xx_usart.c ****   *          This parameter can be: ENABLE or DISABLE.   
1097:./Libraries/src/stm32f4xx_usart.c ****   * @retval None
1098:./Libraries/src/stm32f4xx_usart.c ****   */
1099:./Libraries/src/stm32f4xx_usart.c **** void USART_DMACmd(USART_TypeDef* USARTx, uint16_t USART_DMAReq, FunctionalState NewState)
1100:./Libraries/src/stm32f4xx_usart.c **** {
 1294              		.loc 1 1100 1 is_stmt 1 view -0
 1295              		.cfi_startproc
 1296              		@ args = 0, pretend = 0, frame = 0
 1297              		@ frame_needed = 0, uses_anonymous_args = 0
 1298              		@ link register save eliminated.
1101:./Libraries/src/stm32f4xx_usart.c ****   /* Check the parameters */
1102:./Libraries/src/stm32f4xx_usart.c ****   assert_param(IS_USART_ALL_PERIPH(USARTx));
ARM GAS  /tmp/ccdQ2tkR.s 			page 43


 1299              		.loc 1 1102 3 view .LVU376
1103:./Libraries/src/stm32f4xx_usart.c ****   assert_param(IS_USART_DMAREQ(USART_DMAReq));  
 1300              		.loc 1 1103 3 view .LVU377
1104:./Libraries/src/stm32f4xx_usart.c ****   assert_param(IS_FUNCTIONAL_STATE(NewState)); 
 1301              		.loc 1 1104 3 view .LVU378
1105:./Libraries/src/stm32f4xx_usart.c **** 
1106:./Libraries/src/stm32f4xx_usart.c ****   if (NewState != DISABLE)
 1302              		.loc 1 1106 3 view .LVU379
 1303              		.loc 1 1106 6 is_stmt 0 view .LVU380
 1304 0000 22B1     		cbz	r2, .L75
1107:./Libraries/src/stm32f4xx_usart.c ****   {
1108:./Libraries/src/stm32f4xx_usart.c ****     /* Enable the DMA transfer for selected requests by setting the DMAT and/or
1109:./Libraries/src/stm32f4xx_usart.c ****        DMAR bits in the USART CR3 register */
1110:./Libraries/src/stm32f4xx_usart.c ****     USARTx->CR3 |= USART_DMAReq;
 1305              		.loc 1 1110 5 is_stmt 1 view .LVU381
 1306              		.loc 1 1110 11 is_stmt 0 view .LVU382
 1307 0002 838A     		ldrh	r3, [r0, #20]
 1308 0004 9BB2     		uxth	r3, r3
 1309              		.loc 1 1110 17 view .LVU383
 1310 0006 0B43     		orrs	r3, r3, r1
 1311 0008 8382     		strh	r3, [r0, #20]	@ movhi
 1312 000a 7047     		bx	lr
 1313              	.L75:
1111:./Libraries/src/stm32f4xx_usart.c ****   }
1112:./Libraries/src/stm32f4xx_usart.c ****   else
1113:./Libraries/src/stm32f4xx_usart.c ****   {
1114:./Libraries/src/stm32f4xx_usart.c ****     /* Disable the DMA transfer for selected requests by clearing the DMAT and/or
1115:./Libraries/src/stm32f4xx_usart.c ****        DMAR bits in the USART CR3 register */
1116:./Libraries/src/stm32f4xx_usart.c ****     USARTx->CR3 &= (uint16_t)~USART_DMAReq;
 1314              		.loc 1 1116 5 is_stmt 1 view .LVU384
 1315              		.loc 1 1116 11 is_stmt 0 view .LVU385
 1316 000c 838A     		ldrh	r3, [r0, #20]
 1317              		.loc 1 1116 20 view .LVU386
 1318 000e C943     		mvns	r1, r1
 1319              	.LVL100:
 1320              		.loc 1 1116 20 view .LVU387
 1321 0010 89B2     		uxth	r1, r1
 1322              		.loc 1 1116 17 view .LVU388
 1323 0012 1940     		ands	r1, r1, r3
 1324 0014 8182     		strh	r1, [r0, #20]	@ movhi
1117:./Libraries/src/stm32f4xx_usart.c ****   }
1118:./Libraries/src/stm32f4xx_usart.c **** }
 1325              		.loc 1 1118 1 view .LVU389
 1326 0016 7047     		bx	lr
 1327              		.cfi_endproc
 1328              	.LFE146:
 1330              		.section	.text.USART_ITConfig,"ax",%progbits
 1331              		.align	1
 1332              		.global	USART_ITConfig
 1333              		.syntax unified
 1334              		.thumb
 1335              		.thumb_func
 1337              	USART_ITConfig:
 1338              	.LVL101:
 1339              	.LFB147:
1119:./Libraries/src/stm32f4xx_usart.c **** 
1120:./Libraries/src/stm32f4xx_usart.c **** /**
ARM GAS  /tmp/ccdQ2tkR.s 			page 44


1121:./Libraries/src/stm32f4xx_usart.c ****   * @}
1122:./Libraries/src/stm32f4xx_usart.c ****   */
1123:./Libraries/src/stm32f4xx_usart.c ****   
1124:./Libraries/src/stm32f4xx_usart.c **** /** @defgroup USART_Group9 Interrupts and flags management functions
1125:./Libraries/src/stm32f4xx_usart.c ****  *  @brief   Interrupts and flags management functions 
1126:./Libraries/src/stm32f4xx_usart.c ****  *
1127:./Libraries/src/stm32f4xx_usart.c **** @verbatim   
1128:./Libraries/src/stm32f4xx_usart.c ****  ===============================================================================
1129:./Libraries/src/stm32f4xx_usart.c ****             ##### Interrupts and flags management functions #####
1130:./Libraries/src/stm32f4xx_usart.c ****  ===============================================================================  
1131:./Libraries/src/stm32f4xx_usart.c ****     [..]
1132:./Libraries/src/stm32f4xx_usart.c ****     This subsection provides a set of functions allowing to configure the USART 
1133:./Libraries/src/stm32f4xx_usart.c ****     Interrupts sources, DMA channels requests and check or clear the flags or 
1134:./Libraries/src/stm32f4xx_usart.c ****     pending bits status.
1135:./Libraries/src/stm32f4xx_usart.c ****     The user should identify which mode will be used in his application to manage 
1136:./Libraries/src/stm32f4xx_usart.c ****     the communication: Polling mode, Interrupt mode or DMA mode. 
1137:./Libraries/src/stm32f4xx_usart.c ****     
1138:./Libraries/src/stm32f4xx_usart.c ****     *** Polling Mode ***
1139:./Libraries/src/stm32f4xx_usart.c ****     ====================
1140:./Libraries/src/stm32f4xx_usart.c ****     [..]
1141:./Libraries/src/stm32f4xx_usart.c ****     In Polling Mode, the SPI communication can be managed by 10 flags:
1142:./Libraries/src/stm32f4xx_usart.c ****       (#) USART_FLAG_TXE : to indicate the status of the transmit buffer register
1143:./Libraries/src/stm32f4xx_usart.c ****       (#) USART_FLAG_RXNE : to indicate the status of the receive buffer register
1144:./Libraries/src/stm32f4xx_usart.c ****       (#) USART_FLAG_TC : to indicate the status of the transmit operation
1145:./Libraries/src/stm32f4xx_usart.c ****       (#) USART_FLAG_IDLE : to indicate the status of the Idle Line             
1146:./Libraries/src/stm32f4xx_usart.c ****       (#) USART_FLAG_CTS : to indicate the status of the nCTS input
1147:./Libraries/src/stm32f4xx_usart.c ****       (#) USART_FLAG_LBD : to indicate the status of the LIN break detection
1148:./Libraries/src/stm32f4xx_usart.c ****       (#) USART_FLAG_NE : to indicate if a noise error occur
1149:./Libraries/src/stm32f4xx_usart.c ****       (#) USART_FLAG_FE : to indicate if a frame error occur
1150:./Libraries/src/stm32f4xx_usart.c ****       (#) USART_FLAG_PE : to indicate if a parity error occur
1151:./Libraries/src/stm32f4xx_usart.c ****       (#) USART_FLAG_ORE : to indicate if an Overrun error occur
1152:./Libraries/src/stm32f4xx_usart.c ****     [..]
1153:./Libraries/src/stm32f4xx_usart.c ****     In this Mode it is advised to use the following functions:
1154:./Libraries/src/stm32f4xx_usart.c ****       (+) FlagStatus USART_GetFlagStatus(USART_TypeDef* USARTx, uint16_t USART_FLAG);
1155:./Libraries/src/stm32f4xx_usart.c ****       (+) void USART_ClearFlag(USART_TypeDef* USARTx, uint16_t USART_FLAG);
1156:./Libraries/src/stm32f4xx_usart.c **** 
1157:./Libraries/src/stm32f4xx_usart.c ****     *** Interrupt Mode ***
1158:./Libraries/src/stm32f4xx_usart.c ****     ======================
1159:./Libraries/src/stm32f4xx_usart.c ****     [..]
1160:./Libraries/src/stm32f4xx_usart.c ****     In Interrupt Mode, the USART communication can be managed by 8 interrupt sources
1161:./Libraries/src/stm32f4xx_usart.c ****     and 10 pending bits: 
1162:./Libraries/src/stm32f4xx_usart.c **** 
1163:./Libraries/src/stm32f4xx_usart.c ****       (#) Pending Bits:
1164:./Libraries/src/stm32f4xx_usart.c **** 
1165:./Libraries/src/stm32f4xx_usart.c ****         (##) USART_IT_TXE : to indicate the status of the transmit buffer register
1166:./Libraries/src/stm32f4xx_usart.c ****         (##) USART_IT_RXNE : to indicate the status of the receive buffer register
1167:./Libraries/src/stm32f4xx_usart.c ****         (##) USART_IT_TC : to indicate the status of the transmit operation
1168:./Libraries/src/stm32f4xx_usart.c ****         (##) USART_IT_IDLE : to indicate the status of the Idle Line             
1169:./Libraries/src/stm32f4xx_usart.c ****         (##) USART_IT_CTS : to indicate the status of the nCTS input
1170:./Libraries/src/stm32f4xx_usart.c ****         (##) USART_IT_LBD : to indicate the status of the LIN break detection
1171:./Libraries/src/stm32f4xx_usart.c ****         (##) USART_IT_NE : to indicate if a noise error occur
1172:./Libraries/src/stm32f4xx_usart.c ****         (##) USART_IT_FE : to indicate if a frame error occur
1173:./Libraries/src/stm32f4xx_usart.c ****         (##) USART_IT_PE : to indicate if a parity error occur
1174:./Libraries/src/stm32f4xx_usart.c ****         (##) USART_IT_ORE : to indicate if an Overrun error occur
1175:./Libraries/src/stm32f4xx_usart.c **** 
1176:./Libraries/src/stm32f4xx_usart.c ****       (#) Interrupt Source:
1177:./Libraries/src/stm32f4xx_usart.c **** 
ARM GAS  /tmp/ccdQ2tkR.s 			page 45


1178:./Libraries/src/stm32f4xx_usart.c ****         (##) USART_IT_TXE : specifies the interrupt source for the Tx buffer empty 
1179:./Libraries/src/stm32f4xx_usart.c ****                             interrupt. 
1180:./Libraries/src/stm32f4xx_usart.c ****         (##) USART_IT_RXNE : specifies the interrupt source for the Rx buffer not 
1181:./Libraries/src/stm32f4xx_usart.c ****                              empty interrupt.
1182:./Libraries/src/stm32f4xx_usart.c ****         (##) USART_IT_TC : specifies the interrupt source for the Transmit complete 
1183:./Libraries/src/stm32f4xx_usart.c ****                            interrupt. 
1184:./Libraries/src/stm32f4xx_usart.c ****         (##) USART_IT_IDLE : specifies the interrupt source for the Idle Line interrupt.           
1185:./Libraries/src/stm32f4xx_usart.c ****         (##) USART_IT_CTS : specifies the interrupt source for the CTS interrupt. 
1186:./Libraries/src/stm32f4xx_usart.c ****         (##) USART_IT_LBD : specifies the interrupt source for the LIN break detection
1187:./Libraries/src/stm32f4xx_usart.c ****                             interrupt. 
1188:./Libraries/src/stm32f4xx_usart.c ****         (##) USART_IT_PE : specifies the interrupt source for the parity error interrupt. 
1189:./Libraries/src/stm32f4xx_usart.c ****         (##) USART_IT_ERR :  specifies the interrupt source for the errors interrupt.
1190:./Libraries/src/stm32f4xx_usart.c **** 
1191:./Libraries/src/stm32f4xx_usart.c ****       -@@- Some parameters are coded in order to use them as interrupt source 
1192:./Libraries/src/stm32f4xx_usart.c ****           or as pending bits.
1193:./Libraries/src/stm32f4xx_usart.c ****     [..]
1194:./Libraries/src/stm32f4xx_usart.c ****     In this Mode it is advised to use the following functions:
1195:./Libraries/src/stm32f4xx_usart.c ****       (+) void USART_ITConfig(USART_TypeDef* USARTx, uint16_t USART_IT, FunctionalState NewState);
1196:./Libraries/src/stm32f4xx_usart.c ****       (+) ITStatus USART_GetITStatus(USART_TypeDef* USARTx, uint16_t USART_IT);
1197:./Libraries/src/stm32f4xx_usart.c ****       (+) void USART_ClearITPendingBit(USART_TypeDef* USARTx, uint16_t USART_IT);
1198:./Libraries/src/stm32f4xx_usart.c **** 
1199:./Libraries/src/stm32f4xx_usart.c ****     *** DMA Mode ***
1200:./Libraries/src/stm32f4xx_usart.c ****     ================
1201:./Libraries/src/stm32f4xx_usart.c ****     [..]
1202:./Libraries/src/stm32f4xx_usart.c ****     In DMA Mode, the USART communication can be managed by 2 DMA Channel requests:
1203:./Libraries/src/stm32f4xx_usart.c ****       (#) USART_DMAReq_Tx: specifies the Tx buffer DMA transfer request
1204:./Libraries/src/stm32f4xx_usart.c ****       (#) USART_DMAReq_Rx: specifies the Rx buffer DMA transfer request
1205:./Libraries/src/stm32f4xx_usart.c ****     [..]
1206:./Libraries/src/stm32f4xx_usart.c ****     In this Mode it is advised to use the following function:
1207:./Libraries/src/stm32f4xx_usart.c ****       (+) void USART_DMACmd(USART_TypeDef* USARTx, uint16_t USART_DMAReq, FunctionalState NewState)
1208:./Libraries/src/stm32f4xx_usart.c **** 
1209:./Libraries/src/stm32f4xx_usart.c **** @endverbatim
1210:./Libraries/src/stm32f4xx_usart.c ****   * @{
1211:./Libraries/src/stm32f4xx_usart.c ****   */
1212:./Libraries/src/stm32f4xx_usart.c **** 
1213:./Libraries/src/stm32f4xx_usart.c **** /**
1214:./Libraries/src/stm32f4xx_usart.c ****   * @brief  Enables or disables the specified USART interrupts.
1215:./Libraries/src/stm32f4xx_usart.c ****   * @param  USARTx: where x can be 1, 2, 3, 4, 5, 6, 7 or 8 to select the USART or 
1216:./Libraries/src/stm32f4xx_usart.c ****   *         UART peripheral.
1217:./Libraries/src/stm32f4xx_usart.c ****   * @param  USART_IT: specifies the USART interrupt sources to be enabled or disabled.
1218:./Libraries/src/stm32f4xx_usart.c ****   *          This parameter can be one of the following values:
1219:./Libraries/src/stm32f4xx_usart.c ****   *            @arg USART_IT_CTS:  CTS change interrupt
1220:./Libraries/src/stm32f4xx_usart.c ****   *            @arg USART_IT_LBD:  LIN Break detection interrupt
1221:./Libraries/src/stm32f4xx_usart.c ****   *            @arg USART_IT_TXE:  Transmit Data Register empty interrupt
1222:./Libraries/src/stm32f4xx_usart.c ****   *            @arg USART_IT_TC:   Transmission complete interrupt
1223:./Libraries/src/stm32f4xx_usart.c ****   *            @arg USART_IT_RXNE: Receive Data register not empty interrupt
1224:./Libraries/src/stm32f4xx_usart.c ****   *            @arg USART_IT_IDLE: Idle line detection interrupt
1225:./Libraries/src/stm32f4xx_usart.c ****   *            @arg USART_IT_PE:   Parity Error interrupt
1226:./Libraries/src/stm32f4xx_usart.c ****   *            @arg USART_IT_ERR:  Error interrupt(Frame error, noise error, overrun error)
1227:./Libraries/src/stm32f4xx_usart.c ****   * @param  NewState: new state of the specified USARTx interrupts.
1228:./Libraries/src/stm32f4xx_usart.c ****   *          This parameter can be: ENABLE or DISABLE.
1229:./Libraries/src/stm32f4xx_usart.c ****   * @retval None
1230:./Libraries/src/stm32f4xx_usart.c ****   */
1231:./Libraries/src/stm32f4xx_usart.c **** void USART_ITConfig(USART_TypeDef* USARTx, uint16_t USART_IT, FunctionalState NewState)
1232:./Libraries/src/stm32f4xx_usart.c **** {
 1340              		.loc 1 1232 1 is_stmt 1 view -0
 1341              		.cfi_startproc
ARM GAS  /tmp/ccdQ2tkR.s 			page 46


 1342              		@ args = 0, pretend = 0, frame = 0
 1343              		@ frame_needed = 0, uses_anonymous_args = 0
 1344              		@ link register save eliminated.
1233:./Libraries/src/stm32f4xx_usart.c ****   uint32_t usartreg = 0x00, itpos = 0x00, itmask = 0x00;
 1345              		.loc 1 1233 3 view .LVU391
1234:./Libraries/src/stm32f4xx_usart.c ****   uint32_t usartxbase = 0x00;
 1346              		.loc 1 1234 3 view .LVU392
1235:./Libraries/src/stm32f4xx_usart.c ****   /* Check the parameters */
1236:./Libraries/src/stm32f4xx_usart.c ****   assert_param(IS_USART_ALL_PERIPH(USARTx));
 1347              		.loc 1 1236 3 view .LVU393
1237:./Libraries/src/stm32f4xx_usart.c ****   assert_param(IS_USART_CONFIG_IT(USART_IT));
 1348              		.loc 1 1237 3 view .LVU394
1238:./Libraries/src/stm32f4xx_usart.c ****   assert_param(IS_FUNCTIONAL_STATE(NewState));
 1349              		.loc 1 1238 3 view .LVU395
1239:./Libraries/src/stm32f4xx_usart.c **** 
1240:./Libraries/src/stm32f4xx_usart.c ****   /* The CTS interrupt is not available for UART4 and UART5 */
1241:./Libraries/src/stm32f4xx_usart.c ****   if (USART_IT == USART_IT_CTS)
 1350              		.loc 1 1241 3 view .LVU396
1242:./Libraries/src/stm32f4xx_usart.c ****   {
1243:./Libraries/src/stm32f4xx_usart.c ****     assert_param(IS_USART_1236_PERIPH(USARTx));
 1351              		.loc 1 1243 5 view .LVU397
1244:./Libraries/src/stm32f4xx_usart.c ****   } 
1245:./Libraries/src/stm32f4xx_usart.c ****     
1246:./Libraries/src/stm32f4xx_usart.c ****   usartxbase = (uint32_t)USARTx;
 1352              		.loc 1 1246 3 view .LVU398
1247:./Libraries/src/stm32f4xx_usart.c **** 
1248:./Libraries/src/stm32f4xx_usart.c ****   /* Get the USART register index */
1249:./Libraries/src/stm32f4xx_usart.c ****   usartreg = (((uint8_t)USART_IT) >> 0x05);
 1353              		.loc 1 1249 3 view .LVU399
 1354              		.loc 1 1249 35 is_stmt 0 view .LVU400
 1355 0000 C1F3421C 		ubfx	ip, r1, #5, #3
 1356              	.LVL102:
1250:./Libraries/src/stm32f4xx_usart.c **** 
1251:./Libraries/src/stm32f4xx_usart.c ****   /* Get the interrupt position */
1252:./Libraries/src/stm32f4xx_usart.c ****   itpos = USART_IT & IT_MASK;
 1357              		.loc 1 1252 3 is_stmt 1 view .LVU401
 1358              		.loc 1 1252 9 is_stmt 0 view .LVU402
 1359 0004 01F01F01 		and	r1, r1, #31
 1360              	.LVL103:
1253:./Libraries/src/stm32f4xx_usart.c ****   itmask = (((uint32_t)0x01) << itpos);
 1361              		.loc 1 1253 3 is_stmt 1 view .LVU403
 1362              		.loc 1 1253 10 is_stmt 0 view .LVU404
 1363 0008 0123     		movs	r3, #1
 1364 000a 8B40     		lsls	r3, r3, r1
 1365              	.LVL104:
1254:./Libraries/src/stm32f4xx_usart.c ****     
1255:./Libraries/src/stm32f4xx_usart.c ****   if (usartreg == 0x01) /* The IT is in CR1 register */
 1366              		.loc 1 1255 3 is_stmt 1 view .LVU405
 1367              		.loc 1 1255 6 is_stmt 0 view .LVU406
 1368 000c BCF1010F 		cmp	ip, #1
 1369 0010 08D0     		beq	.L83
1256:./Libraries/src/stm32f4xx_usart.c ****   {
1257:./Libraries/src/stm32f4xx_usart.c ****     usartxbase += 0x0C;
1258:./Libraries/src/stm32f4xx_usart.c ****   }
1259:./Libraries/src/stm32f4xx_usart.c ****   else if (usartreg == 0x02) /* The IT is in CR2 register */
 1370              		.loc 1 1259 8 is_stmt 1 view .LVU407
 1371              		.loc 1 1259 11 is_stmt 0 view .LVU408
ARM GAS  /tmp/ccdQ2tkR.s 			page 47


 1372 0012 BCF1020F 		cmp	ip, #2
 1373 0016 07D0     		beq	.L84
1260:./Libraries/src/stm32f4xx_usart.c ****   {
1261:./Libraries/src/stm32f4xx_usart.c ****     usartxbase += 0x10;
1262:./Libraries/src/stm32f4xx_usart.c ****   }
1263:./Libraries/src/stm32f4xx_usart.c ****   else /* The IT is in CR3 register */
1264:./Libraries/src/stm32f4xx_usart.c ****   {
1265:./Libraries/src/stm32f4xx_usart.c ****     usartxbase += 0x14; 
 1374              		.loc 1 1265 5 is_stmt 1 view .LVU409
 1375              		.loc 1 1265 16 is_stmt 0 view .LVU410
 1376 0018 1430     		adds	r0, r0, #20
 1377              	.LVL105:
 1378              	.L79:
1266:./Libraries/src/stm32f4xx_usart.c ****   }
1267:./Libraries/src/stm32f4xx_usart.c ****   if (NewState != DISABLE)
 1379              		.loc 1 1267 3 is_stmt 1 view .LVU411
 1380              		.loc 1 1267 6 is_stmt 0 view .LVU412
 1381 001a 3AB1     		cbz	r2, .L81
1268:./Libraries/src/stm32f4xx_usart.c ****   {
1269:./Libraries/src/stm32f4xx_usart.c ****     *(__IO uint32_t*)usartxbase  |= itmask;
 1382              		.loc 1 1269 5 is_stmt 1 view .LVU413
 1383 001c 0268     		ldr	r2, [r0]
 1384              	.LVL106:
 1385              		.loc 1 1269 34 is_stmt 0 view .LVU414
 1386 001e 1343     		orrs	r3, r3, r2
 1387              	.LVL107:
 1388              		.loc 1 1269 34 view .LVU415
 1389 0020 0360     		str	r3, [r0]
 1390 0022 7047     		bx	lr
 1391              	.LVL108:
 1392              	.L83:
1257:./Libraries/src/stm32f4xx_usart.c ****   }
 1393              		.loc 1 1257 5 is_stmt 1 view .LVU416
1257:./Libraries/src/stm32f4xx_usart.c ****   }
 1394              		.loc 1 1257 16 is_stmt 0 view .LVU417
 1395 0024 0C30     		adds	r0, r0, #12
 1396              	.LVL109:
1257:./Libraries/src/stm32f4xx_usart.c ****   }
 1397              		.loc 1 1257 16 view .LVU418
 1398 0026 F8E7     		b	.L79
 1399              	.LVL110:
 1400              	.L84:
1261:./Libraries/src/stm32f4xx_usart.c ****   }
 1401              		.loc 1 1261 5 is_stmt 1 view .LVU419
1261:./Libraries/src/stm32f4xx_usart.c ****   }
 1402              		.loc 1 1261 16 is_stmt 0 view .LVU420
 1403 0028 1030     		adds	r0, r0, #16
 1404              	.LVL111:
1261:./Libraries/src/stm32f4xx_usart.c ****   }
 1405              		.loc 1 1261 16 view .LVU421
 1406 002a F6E7     		b	.L79
 1407              	.LVL112:
 1408              	.L81:
1270:./Libraries/src/stm32f4xx_usart.c ****   }
1271:./Libraries/src/stm32f4xx_usart.c ****   else
1272:./Libraries/src/stm32f4xx_usart.c ****   {
1273:./Libraries/src/stm32f4xx_usart.c ****     *(__IO uint32_t*)usartxbase &= ~itmask;
ARM GAS  /tmp/ccdQ2tkR.s 			page 48


 1409              		.loc 1 1273 5 is_stmt 1 view .LVU422
 1410 002c 0268     		ldr	r2, [r0]
 1411              	.LVL113:
 1412              		.loc 1 1273 33 is_stmt 0 view .LVU423
 1413 002e 22EA0303 		bic	r3, r2, r3
 1414              	.LVL114:
 1415              		.loc 1 1273 33 view .LVU424
 1416 0032 0360     		str	r3, [r0]
1274:./Libraries/src/stm32f4xx_usart.c ****   }
1275:./Libraries/src/stm32f4xx_usart.c **** }
 1417              		.loc 1 1275 1 view .LVU425
 1418 0034 7047     		bx	lr
 1419              		.cfi_endproc
 1420              	.LFE147:
 1422              		.section	.text.USART_GetFlagStatus,"ax",%progbits
 1423              		.align	1
 1424              		.global	USART_GetFlagStatus
 1425              		.syntax unified
 1426              		.thumb
 1427              		.thumb_func
 1429              	USART_GetFlagStatus:
 1430              	.LVL115:
 1431              	.LFB148:
1276:./Libraries/src/stm32f4xx_usart.c **** 
1277:./Libraries/src/stm32f4xx_usart.c **** /**
1278:./Libraries/src/stm32f4xx_usart.c ****   * @brief  Checks whether the specified USART flag is set or not.
1279:./Libraries/src/stm32f4xx_usart.c ****   * @param  USARTx: where x can be 1, 2, 3, 4, 5, 6, 7 or 8 to select the USART or 
1280:./Libraries/src/stm32f4xx_usart.c ****   *         UART peripheral.
1281:./Libraries/src/stm32f4xx_usart.c ****   * @param  USART_FLAG: specifies the flag to check.
1282:./Libraries/src/stm32f4xx_usart.c ****   *          This parameter can be one of the following values:
1283:./Libraries/src/stm32f4xx_usart.c ****   *            @arg USART_FLAG_CTS:  CTS Change flag (not available for UART4 and UART5)
1284:./Libraries/src/stm32f4xx_usart.c ****   *            @arg USART_FLAG_LBD:  LIN Break detection flag
1285:./Libraries/src/stm32f4xx_usart.c ****   *            @arg USART_FLAG_TXE:  Transmit data register empty flag
1286:./Libraries/src/stm32f4xx_usart.c ****   *            @arg USART_FLAG_TC:   Transmission Complete flag
1287:./Libraries/src/stm32f4xx_usart.c ****   *            @arg USART_FLAG_RXNE: Receive data register not empty flag
1288:./Libraries/src/stm32f4xx_usart.c ****   *            @arg USART_FLAG_IDLE: Idle Line detection flag
1289:./Libraries/src/stm32f4xx_usart.c ****   *            @arg USART_FLAG_ORE:  OverRun Error flag
1290:./Libraries/src/stm32f4xx_usart.c ****   *            @arg USART_FLAG_NE:   Noise Error flag
1291:./Libraries/src/stm32f4xx_usart.c ****   *            @arg USART_FLAG_FE:   Framing Error flag
1292:./Libraries/src/stm32f4xx_usart.c ****   *            @arg USART_FLAG_PE:   Parity Error flag
1293:./Libraries/src/stm32f4xx_usart.c ****   * @retval The new state of USART_FLAG (SET or RESET).
1294:./Libraries/src/stm32f4xx_usart.c ****   */
1295:./Libraries/src/stm32f4xx_usart.c **** FlagStatus USART_GetFlagStatus(USART_TypeDef* USARTx, uint16_t USART_FLAG)
1296:./Libraries/src/stm32f4xx_usart.c **** {
 1432              		.loc 1 1296 1 is_stmt 1 view -0
 1433              		.cfi_startproc
 1434              		@ args = 0, pretend = 0, frame = 0
 1435              		@ frame_needed = 0, uses_anonymous_args = 0
 1436              		@ link register save eliminated.
1297:./Libraries/src/stm32f4xx_usart.c ****   FlagStatus bitstatus = RESET;
 1437              		.loc 1 1297 3 view .LVU427
1298:./Libraries/src/stm32f4xx_usart.c ****   /* Check the parameters */
1299:./Libraries/src/stm32f4xx_usart.c ****   assert_param(IS_USART_ALL_PERIPH(USARTx));
 1438              		.loc 1 1299 3 view .LVU428
1300:./Libraries/src/stm32f4xx_usart.c ****   assert_param(IS_USART_FLAG(USART_FLAG));
 1439              		.loc 1 1300 3 view .LVU429
1301:./Libraries/src/stm32f4xx_usart.c **** 
ARM GAS  /tmp/ccdQ2tkR.s 			page 49


1302:./Libraries/src/stm32f4xx_usart.c ****   /* The CTS flag is not available for UART4 and UART5 */
1303:./Libraries/src/stm32f4xx_usart.c ****   if (USART_FLAG == USART_FLAG_CTS)
 1440              		.loc 1 1303 3 view .LVU430
1304:./Libraries/src/stm32f4xx_usart.c ****   {
1305:./Libraries/src/stm32f4xx_usart.c ****     assert_param(IS_USART_1236_PERIPH(USARTx));
 1441              		.loc 1 1305 5 view .LVU431
1306:./Libraries/src/stm32f4xx_usart.c ****   } 
1307:./Libraries/src/stm32f4xx_usart.c ****     
1308:./Libraries/src/stm32f4xx_usart.c ****   if ((USARTx->SR & USART_FLAG) != (uint16_t)RESET)
 1442              		.loc 1 1308 3 view .LVU432
 1443              		.loc 1 1308 14 is_stmt 0 view .LVU433
 1444 0000 0388     		ldrh	r3, [r0]
 1445              		.loc 1 1308 6 view .LVU434
 1446 0002 1942     		tst	r1, r3
 1447 0004 01D0     		beq	.L87
1309:./Libraries/src/stm32f4xx_usart.c ****   {
1310:./Libraries/src/stm32f4xx_usart.c ****     bitstatus = SET;
 1448              		.loc 1 1310 15 view .LVU435
 1449 0006 0120     		movs	r0, #1
 1450              	.LVL116:
 1451              		.loc 1 1310 15 view .LVU436
 1452 0008 7047     		bx	lr
 1453              	.LVL117:
 1454              	.L87:
1311:./Libraries/src/stm32f4xx_usart.c ****   }
1312:./Libraries/src/stm32f4xx_usart.c ****   else
1313:./Libraries/src/stm32f4xx_usart.c ****   {
1314:./Libraries/src/stm32f4xx_usart.c ****     bitstatus = RESET;
 1455              		.loc 1 1314 15 view .LVU437
 1456 000a 0020     		movs	r0, #0
 1457              	.LVL118:
1315:./Libraries/src/stm32f4xx_usart.c ****   }
1316:./Libraries/src/stm32f4xx_usart.c ****   return bitstatus;
 1458              		.loc 1 1316 3 is_stmt 1 view .LVU438
1317:./Libraries/src/stm32f4xx_usart.c **** }
 1459              		.loc 1 1317 1 is_stmt 0 view .LVU439
 1460 000c 7047     		bx	lr
 1461              		.cfi_endproc
 1462              	.LFE148:
 1464              		.section	.text.USART_ClearFlag,"ax",%progbits
 1465              		.align	1
 1466              		.global	USART_ClearFlag
 1467              		.syntax unified
 1468              		.thumb
 1469              		.thumb_func
 1471              	USART_ClearFlag:
 1472              	.LVL119:
 1473              	.LFB149:
1318:./Libraries/src/stm32f4xx_usart.c **** 
1319:./Libraries/src/stm32f4xx_usart.c **** /**
1320:./Libraries/src/stm32f4xx_usart.c ****   * @brief  Clears the USARTx's pending flags.
1321:./Libraries/src/stm32f4xx_usart.c ****   * @param  USARTx: where x can be 1, 2, 3, 4, 5, 6, 7 or 8 to select the USART or 
1322:./Libraries/src/stm32f4xx_usart.c ****   *         UART peripheral.
1323:./Libraries/src/stm32f4xx_usart.c ****   * @param  USART_FLAG: specifies the flag to clear.
1324:./Libraries/src/stm32f4xx_usart.c ****   *          This parameter can be any combination of the following values:
1325:./Libraries/src/stm32f4xx_usart.c ****   *            @arg USART_FLAG_CTS:  CTS Change flag (not available for UART4 and UART5).
1326:./Libraries/src/stm32f4xx_usart.c ****   *            @arg USART_FLAG_LBD:  LIN Break detection flag.
ARM GAS  /tmp/ccdQ2tkR.s 			page 50


1327:./Libraries/src/stm32f4xx_usart.c ****   *            @arg USART_FLAG_TC:   Transmission Complete flag.
1328:./Libraries/src/stm32f4xx_usart.c ****   *            @arg USART_FLAG_RXNE: Receive data register not empty flag.
1329:./Libraries/src/stm32f4xx_usart.c ****   *   
1330:./Libraries/src/stm32f4xx_usart.c ****   * @note   PE (Parity error), FE (Framing error), NE (Noise error), ORE (OverRun 
1331:./Libraries/src/stm32f4xx_usart.c ****   *          error) and IDLE (Idle line detected) flags are cleared by software 
1332:./Libraries/src/stm32f4xx_usart.c ****   *          sequence: a read operation to USART_SR register (USART_GetFlagStatus()) 
1333:./Libraries/src/stm32f4xx_usart.c ****   *          followed by a read operation to USART_DR register (USART_ReceiveData()).
1334:./Libraries/src/stm32f4xx_usart.c ****   * @note   RXNE flag can be also cleared by a read to the USART_DR register 
1335:./Libraries/src/stm32f4xx_usart.c ****   *          (USART_ReceiveData()).
1336:./Libraries/src/stm32f4xx_usart.c ****   * @note   TC flag can be also cleared by software sequence: a read operation to 
1337:./Libraries/src/stm32f4xx_usart.c ****   *          USART_SR register (USART_GetFlagStatus()) followed by a write operation
1338:./Libraries/src/stm32f4xx_usart.c ****   *          to USART_DR register (USART_SendData()).
1339:./Libraries/src/stm32f4xx_usart.c ****   * @note   TXE flag is cleared only by a write to the USART_DR register 
1340:./Libraries/src/stm32f4xx_usart.c ****   *          (USART_SendData()).
1341:./Libraries/src/stm32f4xx_usart.c ****   *   
1342:./Libraries/src/stm32f4xx_usart.c ****   * @retval None
1343:./Libraries/src/stm32f4xx_usart.c ****   */
1344:./Libraries/src/stm32f4xx_usart.c **** void USART_ClearFlag(USART_TypeDef* USARTx, uint16_t USART_FLAG)
1345:./Libraries/src/stm32f4xx_usart.c **** {
 1474              		.loc 1 1345 1 is_stmt 1 view -0
 1475              		.cfi_startproc
 1476              		@ args = 0, pretend = 0, frame = 0
 1477              		@ frame_needed = 0, uses_anonymous_args = 0
 1478              		@ link register save eliminated.
1346:./Libraries/src/stm32f4xx_usart.c ****   /* Check the parameters */
1347:./Libraries/src/stm32f4xx_usart.c ****   assert_param(IS_USART_ALL_PERIPH(USARTx));
 1479              		.loc 1 1347 3 view .LVU441
1348:./Libraries/src/stm32f4xx_usart.c ****   assert_param(IS_USART_CLEAR_FLAG(USART_FLAG));
 1480              		.loc 1 1348 3 view .LVU442
1349:./Libraries/src/stm32f4xx_usart.c **** 
1350:./Libraries/src/stm32f4xx_usart.c ****   /* The CTS flag is not available for UART4 and UART5 */
1351:./Libraries/src/stm32f4xx_usart.c ****   if ((USART_FLAG & USART_FLAG_CTS) == USART_FLAG_CTS)
 1481              		.loc 1 1351 3 view .LVU443
1352:./Libraries/src/stm32f4xx_usart.c ****   {
1353:./Libraries/src/stm32f4xx_usart.c ****     assert_param(IS_USART_1236_PERIPH(USARTx));
 1482              		.loc 1 1353 5 view .LVU444
1354:./Libraries/src/stm32f4xx_usart.c ****   } 
1355:./Libraries/src/stm32f4xx_usart.c ****        
1356:./Libraries/src/stm32f4xx_usart.c ****   USARTx->SR = (uint16_t)~USART_FLAG;
 1483              		.loc 1 1356 3 view .LVU445
 1484              		.loc 1 1356 16 is_stmt 0 view .LVU446
 1485 0000 C943     		mvns	r1, r1
 1486              	.LVL120:
 1487              		.loc 1 1356 16 view .LVU447
 1488 0002 89B2     		uxth	r1, r1
 1489              	.LVL121:
 1490              		.loc 1 1356 14 view .LVU448
 1491 0004 0180     		strh	r1, [r0]	@ movhi
1357:./Libraries/src/stm32f4xx_usart.c **** }
 1492              		.loc 1 1357 1 view .LVU449
 1493 0006 7047     		bx	lr
 1494              		.cfi_endproc
 1495              	.LFE149:
 1497              		.section	.text.USART_GetITStatus,"ax",%progbits
 1498              		.align	1
 1499              		.global	USART_GetITStatus
 1500              		.syntax unified
ARM GAS  /tmp/ccdQ2tkR.s 			page 51


 1501              		.thumb
 1502              		.thumb_func
 1504              	USART_GetITStatus:
 1505              	.LVL122:
 1506              	.LFB150:
1358:./Libraries/src/stm32f4xx_usart.c **** 
1359:./Libraries/src/stm32f4xx_usart.c **** /**
1360:./Libraries/src/stm32f4xx_usart.c ****   * @brief  Checks whether the specified USART interrupt has occurred or not.
1361:./Libraries/src/stm32f4xx_usart.c ****   * @param  USARTx: where x can be 1, 2, 3, 4, 5, 6, 7 or 8 to select the USART or 
1362:./Libraries/src/stm32f4xx_usart.c ****   *         UART peripheral.
1363:./Libraries/src/stm32f4xx_usart.c ****   * @param  USART_IT: specifies the USART interrupt source to check.
1364:./Libraries/src/stm32f4xx_usart.c ****   *          This parameter can be one of the following values:
1365:./Libraries/src/stm32f4xx_usart.c ****   *            @arg USART_IT_CTS:  CTS change interrupt (not available for UART4 and UART5)
1366:./Libraries/src/stm32f4xx_usart.c ****   *            @arg USART_IT_LBD:  LIN Break detection interrupt
1367:./Libraries/src/stm32f4xx_usart.c ****   *            @arg USART_IT_TXE:  Transmit Data Register empty interrupt
1368:./Libraries/src/stm32f4xx_usart.c ****   *            @arg USART_IT_TC:   Transmission complete interrupt
1369:./Libraries/src/stm32f4xx_usart.c ****   *            @arg USART_IT_RXNE: Receive Data register not empty interrupt
1370:./Libraries/src/stm32f4xx_usart.c ****   *            @arg USART_IT_IDLE: Idle line detection interrupt
1371:./Libraries/src/stm32f4xx_usart.c ****   *            @arg USART_IT_ORE_RX : OverRun Error interrupt if the RXNEIE bit is set
1372:./Libraries/src/stm32f4xx_usart.c ****   *            @arg USART_IT_ORE_ER : OverRun Error interrupt if the EIE bit is set  
1373:./Libraries/src/stm32f4xx_usart.c ****   *            @arg USART_IT_NE:   Noise Error interrupt
1374:./Libraries/src/stm32f4xx_usart.c ****   *            @arg USART_IT_FE:   Framing Error interrupt
1375:./Libraries/src/stm32f4xx_usart.c ****   *            @arg USART_IT_PE:   Parity Error interrupt
1376:./Libraries/src/stm32f4xx_usart.c ****   * @retval The new state of USART_IT (SET or RESET).
1377:./Libraries/src/stm32f4xx_usart.c ****   */
1378:./Libraries/src/stm32f4xx_usart.c **** ITStatus USART_GetITStatus(USART_TypeDef* USARTx, uint16_t USART_IT)
1379:./Libraries/src/stm32f4xx_usart.c **** {
 1507              		.loc 1 1379 1 is_stmt 1 view -0
 1508              		.cfi_startproc
 1509              		@ args = 0, pretend = 0, frame = 0
 1510              		@ frame_needed = 0, uses_anonymous_args = 0
 1511              		@ link register save eliminated.
1380:./Libraries/src/stm32f4xx_usart.c ****   uint32_t bitpos = 0x00, itmask = 0x00, usartreg = 0x00;
 1512              		.loc 1 1380 3 view .LVU451
1381:./Libraries/src/stm32f4xx_usart.c ****   ITStatus bitstatus = RESET;
 1513              		.loc 1 1381 3 view .LVU452
1382:./Libraries/src/stm32f4xx_usart.c ****   /* Check the parameters */
1383:./Libraries/src/stm32f4xx_usart.c ****   assert_param(IS_USART_ALL_PERIPH(USARTx));
 1514              		.loc 1 1383 3 view .LVU453
1384:./Libraries/src/stm32f4xx_usart.c ****   assert_param(IS_USART_GET_IT(USART_IT)); 
 1515              		.loc 1 1384 3 view .LVU454
1385:./Libraries/src/stm32f4xx_usart.c **** 
1386:./Libraries/src/stm32f4xx_usart.c ****   /* The CTS interrupt is not available for UART4 and UART5 */ 
1387:./Libraries/src/stm32f4xx_usart.c ****   if (USART_IT == USART_IT_CTS)
 1516              		.loc 1 1387 3 view .LVU455
1388:./Libraries/src/stm32f4xx_usart.c ****   {
1389:./Libraries/src/stm32f4xx_usart.c ****     assert_param(IS_USART_1236_PERIPH(USARTx));
 1517              		.loc 1 1389 5 view .LVU456
1390:./Libraries/src/stm32f4xx_usart.c ****   } 
1391:./Libraries/src/stm32f4xx_usart.c ****     
1392:./Libraries/src/stm32f4xx_usart.c ****   /* Get the USART register index */
1393:./Libraries/src/stm32f4xx_usart.c ****   usartreg = (((uint8_t)USART_IT) >> 0x05);
 1518              		.loc 1 1393 3 view .LVU457
 1519              		.loc 1 1393 35 is_stmt 0 view .LVU458
 1520 0000 C1F34212 		ubfx	r2, r1, #5, #3
 1521              	.LVL123:
1394:./Libraries/src/stm32f4xx_usart.c ****   /* Get the interrupt position */
ARM GAS  /tmp/ccdQ2tkR.s 			page 52


1395:./Libraries/src/stm32f4xx_usart.c ****   itmask = USART_IT & IT_MASK;
 1522              		.loc 1 1395 3 is_stmt 1 view .LVU459
 1523              		.loc 1 1395 10 is_stmt 0 view .LVU460
 1524 0004 01F01F0C 		and	ip, r1, #31
 1525              	.LVL124:
1396:./Libraries/src/stm32f4xx_usart.c ****   itmask = (uint32_t)0x01 << itmask;
 1526              		.loc 1 1396 3 is_stmt 1 view .LVU461
 1527              		.loc 1 1396 10 is_stmt 0 view .LVU462
 1528 0008 0123     		movs	r3, #1
 1529 000a 03FA0CF3 		lsl	r3, r3, ip
 1530              	.LVL125:
1397:./Libraries/src/stm32f4xx_usart.c ****   
1398:./Libraries/src/stm32f4xx_usart.c ****   if (usartreg == 0x01) /* The IT  is in CR1 register */
 1531              		.loc 1 1398 3 is_stmt 1 view .LVU463
 1532              		.loc 1 1398 6 is_stmt 0 view .LVU464
 1533 000e 012A     		cmp	r2, #1
 1534 0010 0FD0     		beq	.L96
1399:./Libraries/src/stm32f4xx_usart.c ****   {
1400:./Libraries/src/stm32f4xx_usart.c ****     itmask &= USARTx->CR1;
1401:./Libraries/src/stm32f4xx_usart.c ****   }
1402:./Libraries/src/stm32f4xx_usart.c ****   else if (usartreg == 0x02) /* The IT  is in CR2 register */
 1535              		.loc 1 1402 8 is_stmt 1 view .LVU465
 1536              		.loc 1 1402 11 is_stmt 0 view .LVU466
 1537 0012 022A     		cmp	r2, #2
 1538 0014 11D0     		beq	.L97
1403:./Libraries/src/stm32f4xx_usart.c ****   {
1404:./Libraries/src/stm32f4xx_usart.c ****     itmask &= USARTx->CR2;
1405:./Libraries/src/stm32f4xx_usart.c ****   }
1406:./Libraries/src/stm32f4xx_usart.c ****   else /* The IT  is in CR3 register */
1407:./Libraries/src/stm32f4xx_usart.c ****   {
1408:./Libraries/src/stm32f4xx_usart.c ****     itmask &= USARTx->CR3;
 1539              		.loc 1 1408 5 is_stmt 1 view .LVU467
 1540              		.loc 1 1408 21 is_stmt 0 view .LVU468
 1541 0016 828A     		ldrh	r2, [r0, #20]
 1542              	.LVL126:
 1543              		.loc 1 1408 21 view .LVU469
 1544 0018 92B2     		uxth	r2, r2
 1545              		.loc 1 1408 12 view .LVU470
 1546 001a 1340     		ands	r3, r3, r2
 1547              	.LVL127:
 1548              	.L91:
1409:./Libraries/src/stm32f4xx_usart.c ****   }
1410:./Libraries/src/stm32f4xx_usart.c ****   
1411:./Libraries/src/stm32f4xx_usart.c ****   bitpos = USART_IT >> 0x08;
 1549              		.loc 1 1411 3 is_stmt 1 view .LVU471
 1550              		.loc 1 1411 21 is_stmt 0 view .LVU472
 1551 001c 090A     		lsrs	r1, r1, #8
 1552              	.LVL128:
1412:./Libraries/src/stm32f4xx_usart.c ****   bitpos = (uint32_t)0x01 << bitpos;
 1553              		.loc 1 1412 3 is_stmt 1 view .LVU473
 1554              		.loc 1 1412 10 is_stmt 0 view .LVU474
 1555 001e 0122     		movs	r2, #1
 1556 0020 02FA01F1 		lsl	r1, r2, r1
 1557              	.LVL129:
1413:./Libraries/src/stm32f4xx_usart.c ****   bitpos &= USARTx->SR;
 1558              		.loc 1 1413 3 is_stmt 1 view .LVU475
 1559              		.loc 1 1413 19 is_stmt 0 view .LVU476
ARM GAS  /tmp/ccdQ2tkR.s 			page 53


 1560 0024 0288     		ldrh	r2, [r0]
 1561 0026 92B2     		uxth	r2, r2
 1562              		.loc 1 1413 10 view .LVU477
 1563 0028 0A40     		ands	r2, r2, r1
 1564              	.LVL130:
1414:./Libraries/src/stm32f4xx_usart.c ****   if ((itmask != (uint16_t)RESET)&&(bitpos != (uint16_t)RESET))
 1565              		.loc 1 1414 3 is_stmt 1 view .LVU478
 1566              		.loc 1 1414 6 is_stmt 0 view .LVU479
 1567 002a 53B1     		cbz	r3, .L94
 1568              		.loc 1 1414 34 discriminator 1 view .LVU480
 1569 002c 5AB9     		cbnz	r2, .L95
1415:./Libraries/src/stm32f4xx_usart.c ****   {
1416:./Libraries/src/stm32f4xx_usart.c ****     bitstatus = SET;
1417:./Libraries/src/stm32f4xx_usart.c ****   }
1418:./Libraries/src/stm32f4xx_usart.c ****   else
1419:./Libraries/src/stm32f4xx_usart.c ****   {
1420:./Libraries/src/stm32f4xx_usart.c ****     bitstatus = RESET;
 1570              		.loc 1 1420 15 view .LVU481
 1571 002e 0020     		movs	r0, #0
 1572              	.LVL131:
 1573              		.loc 1 1420 15 view .LVU482
 1574 0030 7047     		bx	lr
 1575              	.LVL132:
 1576              	.L96:
1400:./Libraries/src/stm32f4xx_usart.c ****   }
 1577              		.loc 1 1400 5 is_stmt 1 view .LVU483
1400:./Libraries/src/stm32f4xx_usart.c ****   }
 1578              		.loc 1 1400 21 is_stmt 0 view .LVU484
 1579 0032 8289     		ldrh	r2, [r0, #12]
 1580              	.LVL133:
1400:./Libraries/src/stm32f4xx_usart.c ****   }
 1581              		.loc 1 1400 21 view .LVU485
 1582 0034 92B2     		uxth	r2, r2
1400:./Libraries/src/stm32f4xx_usart.c ****   }
 1583              		.loc 1 1400 12 view .LVU486
 1584 0036 1340     		ands	r3, r3, r2
 1585              	.LVL134:
1400:./Libraries/src/stm32f4xx_usart.c ****   }
 1586              		.loc 1 1400 12 view .LVU487
 1587 0038 F0E7     		b	.L91
 1588              	.LVL135:
 1589              	.L97:
1404:./Libraries/src/stm32f4xx_usart.c ****   }
 1590              		.loc 1 1404 5 is_stmt 1 view .LVU488
1404:./Libraries/src/stm32f4xx_usart.c ****   }
 1591              		.loc 1 1404 21 is_stmt 0 view .LVU489
 1592 003a 028A     		ldrh	r2, [r0, #16]
 1593              	.LVL136:
1404:./Libraries/src/stm32f4xx_usart.c ****   }
 1594              		.loc 1 1404 21 view .LVU490
 1595 003c 92B2     		uxth	r2, r2
1404:./Libraries/src/stm32f4xx_usart.c ****   }
 1596              		.loc 1 1404 12 view .LVU491
 1597 003e 1340     		ands	r3, r3, r2
 1598              	.LVL137:
1404:./Libraries/src/stm32f4xx_usart.c ****   }
 1599              		.loc 1 1404 12 view .LVU492
ARM GAS  /tmp/ccdQ2tkR.s 			page 54


 1600 0040 ECE7     		b	.L91
 1601              	.LVL138:
 1602              	.L94:
 1603              		.loc 1 1420 15 view .LVU493
 1604 0042 0020     		movs	r0, #0
 1605              	.LVL139:
 1606              		.loc 1 1420 15 view .LVU494
 1607 0044 7047     		bx	lr
 1608              	.LVL140:
 1609              	.L95:
1416:./Libraries/src/stm32f4xx_usart.c ****   }
 1610              		.loc 1 1416 15 view .LVU495
 1611 0046 0120     		movs	r0, #1
 1612              	.LVL141:
1421:./Libraries/src/stm32f4xx_usart.c ****   }
1422:./Libraries/src/stm32f4xx_usart.c ****   
1423:./Libraries/src/stm32f4xx_usart.c ****   return bitstatus;  
 1613              		.loc 1 1423 3 is_stmt 1 view .LVU496
1424:./Libraries/src/stm32f4xx_usart.c **** }
 1614              		.loc 1 1424 1 is_stmt 0 view .LVU497
 1615 0048 7047     		bx	lr
 1616              		.cfi_endproc
 1617              	.LFE150:
 1619              		.section	.text.USART_ClearITPendingBit,"ax",%progbits
 1620              		.align	1
 1621              		.global	USART_ClearITPendingBit
 1622              		.syntax unified
 1623              		.thumb
 1624              		.thumb_func
 1626              	USART_ClearITPendingBit:
 1627              	.LVL142:
 1628              	.LFB151:
1425:./Libraries/src/stm32f4xx_usart.c **** 
1426:./Libraries/src/stm32f4xx_usart.c **** /**
1427:./Libraries/src/stm32f4xx_usart.c ****   * @brief  Clears the USARTx's interrupt pending bits.
1428:./Libraries/src/stm32f4xx_usart.c ****   * @param  USARTx: where x can be 1, 2, 3, 4, 5, 6, 7 or 8 to select the USART or 
1429:./Libraries/src/stm32f4xx_usart.c ****   *         UART peripheral.
1430:./Libraries/src/stm32f4xx_usart.c ****   * @param  USART_IT: specifies the interrupt pending bit to clear.
1431:./Libraries/src/stm32f4xx_usart.c ****   *          This parameter can be one of the following values:
1432:./Libraries/src/stm32f4xx_usart.c ****   *            @arg USART_IT_CTS:  CTS change interrupt (not available for UART4 and UART5)
1433:./Libraries/src/stm32f4xx_usart.c ****   *            @arg USART_IT_LBD:  LIN Break detection interrupt
1434:./Libraries/src/stm32f4xx_usart.c ****   *            @arg USART_IT_TC:   Transmission complete interrupt. 
1435:./Libraries/src/stm32f4xx_usart.c ****   *            @arg USART_IT_RXNE: Receive Data register not empty interrupt.
1436:./Libraries/src/stm32f4xx_usart.c ****   *
1437:./Libraries/src/stm32f4xx_usart.c ****   * @note   PE (Parity error), FE (Framing error), NE (Noise error), ORE (OverRun 
1438:./Libraries/src/stm32f4xx_usart.c ****   *          error) and IDLE (Idle line detected) pending bits are cleared by 
1439:./Libraries/src/stm32f4xx_usart.c ****   *          software sequence: a read operation to USART_SR register 
1440:./Libraries/src/stm32f4xx_usart.c ****   *          (USART_GetITStatus()) followed by a read operation to USART_DR register 
1441:./Libraries/src/stm32f4xx_usart.c ****   *          (USART_ReceiveData()).
1442:./Libraries/src/stm32f4xx_usart.c ****   * @note   RXNE pending bit can be also cleared by a read to the USART_DR register 
1443:./Libraries/src/stm32f4xx_usart.c ****   *          (USART_ReceiveData()).
1444:./Libraries/src/stm32f4xx_usart.c ****   * @note   TC pending bit can be also cleared by software sequence: a read 
1445:./Libraries/src/stm32f4xx_usart.c ****   *          operation to USART_SR register (USART_GetITStatus()) followed by a write 
1446:./Libraries/src/stm32f4xx_usart.c ****   *          operation to USART_DR register (USART_SendData()).
1447:./Libraries/src/stm32f4xx_usart.c ****   * @note   TXE pending bit is cleared only by a write to the USART_DR register 
1448:./Libraries/src/stm32f4xx_usart.c ****   *          (USART_SendData()).
1449:./Libraries/src/stm32f4xx_usart.c ****   *  
ARM GAS  /tmp/ccdQ2tkR.s 			page 55


1450:./Libraries/src/stm32f4xx_usart.c ****   * @retval None
1451:./Libraries/src/stm32f4xx_usart.c ****   */
1452:./Libraries/src/stm32f4xx_usart.c **** void USART_ClearITPendingBit(USART_TypeDef* USARTx, uint16_t USART_IT)
1453:./Libraries/src/stm32f4xx_usart.c **** {
 1629              		.loc 1 1453 1 is_stmt 1 view -0
 1630              		.cfi_startproc
 1631              		@ args = 0, pretend = 0, frame = 0
 1632              		@ frame_needed = 0, uses_anonymous_args = 0
 1633              		@ link register save eliminated.
1454:./Libraries/src/stm32f4xx_usart.c ****   uint16_t bitpos = 0x00, itmask = 0x00;
 1634              		.loc 1 1454 3 view .LVU499
1455:./Libraries/src/stm32f4xx_usart.c ****   /* Check the parameters */
1456:./Libraries/src/stm32f4xx_usart.c ****   assert_param(IS_USART_ALL_PERIPH(USARTx));
 1635              		.loc 1 1456 3 view .LVU500
1457:./Libraries/src/stm32f4xx_usart.c ****   assert_param(IS_USART_CLEAR_IT(USART_IT)); 
 1636              		.loc 1 1457 3 view .LVU501
1458:./Libraries/src/stm32f4xx_usart.c **** 
1459:./Libraries/src/stm32f4xx_usart.c ****   /* The CTS interrupt is not available for UART4 and UART5 */
1460:./Libraries/src/stm32f4xx_usart.c ****   if (USART_IT == USART_IT_CTS)
 1637              		.loc 1 1460 3 view .LVU502
1461:./Libraries/src/stm32f4xx_usart.c ****   {
1462:./Libraries/src/stm32f4xx_usart.c ****     assert_param(IS_USART_1236_PERIPH(USARTx));
 1638              		.loc 1 1462 5 view .LVU503
1463:./Libraries/src/stm32f4xx_usart.c ****   } 
1464:./Libraries/src/stm32f4xx_usart.c ****     
1465:./Libraries/src/stm32f4xx_usart.c ****   bitpos = USART_IT >> 0x08;
 1639              		.loc 1 1465 3 view .LVU504
 1640              		.loc 1 1465 10 is_stmt 0 view .LVU505
 1641 0000 090A     		lsrs	r1, r1, #8
 1642              	.LVL143:
1466:./Libraries/src/stm32f4xx_usart.c ****   itmask = ((uint16_t)0x01 << (uint16_t)bitpos);
 1643              		.loc 1 1466 3 is_stmt 1 view .LVU506
 1644              		.loc 1 1466 28 is_stmt 0 view .LVU507
 1645 0002 0123     		movs	r3, #1
 1646 0004 8B40     		lsls	r3, r3, r1
 1647              		.loc 1 1466 10 view .LVU508
 1648 0006 9BB2     		uxth	r3, r3
 1649              	.LVL144:
1467:./Libraries/src/stm32f4xx_usart.c ****   USARTx->SR = (uint16_t)~itmask;
 1650              		.loc 1 1467 3 is_stmt 1 view .LVU509
 1651              		.loc 1 1467 16 is_stmt 0 view .LVU510
 1652 0008 DB43     		mvns	r3, r3
 1653              	.LVL145:
 1654              		.loc 1 1467 16 view .LVU511
 1655 000a 9BB2     		uxth	r3, r3
 1656              	.LVL146:
 1657              		.loc 1 1467 14 view .LVU512
 1658 000c 0380     		strh	r3, [r0]	@ movhi
1468:./Libraries/src/stm32f4xx_usart.c **** }
 1659              		.loc 1 1468 1 view .LVU513
 1660 000e 7047     		bx	lr
 1661              		.cfi_endproc
 1662              	.LFE151:
 1664              		.text
 1665              	.Letext0:
 1666              		.file 2 "/opt/gcc-arm-none-eabi/arm-none-eabi/include/machine/_default_types.h"
 1667              		.file 3 "/opt/gcc-arm-none-eabi/arm-none-eabi/include/sys/_stdint.h"
ARM GAS  /tmp/ccdQ2tkR.s 			page 56


 1668              		.file 4 "./system/stm32f4xx.h"
 1669              		.file 5 "./Libraries/inc/stm32f4xx_rcc.h"
 1670              		.file 6 "./Libraries/inc/stm32f4xx_usart.h"
ARM GAS  /tmp/ccdQ2tkR.s 			page 57


DEFINED SYMBOLS
                            *ABS*:00000000 stm32f4xx_usart.c
     /tmp/ccdQ2tkR.s:21     .text.USART_DeInit:00000000 $t
     /tmp/ccdQ2tkR.s:27     .text.USART_DeInit:00000000 USART_DeInit
     /tmp/ccdQ2tkR.s:209    .text.USART_DeInit:000000dc $d
     /tmp/ccdQ2tkR.s:221    .text.USART_Init:00000000 $t
     /tmp/ccdQ2tkR.s:227    .text.USART_Init:00000000 USART_Init
     /tmp/ccdQ2tkR.s:463    .text.USART_Init:000000c4 $d
     /tmp/ccdQ2tkR.s:469    .text.USART_StructInit:00000000 $t
     /tmp/ccdQ2tkR.s:475    .text.USART_StructInit:00000000 USART_StructInit
     /tmp/ccdQ2tkR.s:510    .text.USART_ClockInit:00000000 $t
     /tmp/ccdQ2tkR.s:516    .text.USART_ClockInit:00000000 USART_ClockInit
     /tmp/ccdQ2tkR.s:573    .text.USART_ClockStructInit:00000000 $t
     /tmp/ccdQ2tkR.s:579    .text.USART_ClockStructInit:00000000 USART_ClockStructInit
     /tmp/ccdQ2tkR.s:606    .text.USART_Cmd:00000000 $t
     /tmp/ccdQ2tkR.s:612    .text.USART_Cmd:00000000 USART_Cmd
     /tmp/ccdQ2tkR.s:648    .text.USART_SetPrescaler:00000000 $t
     /tmp/ccdQ2tkR.s:654    .text.USART_SetPrescaler:00000000 USART_SetPrescaler
     /tmp/ccdQ2tkR.s:684    .text.USART_OverSampling8Cmd:00000000 $t
     /tmp/ccdQ2tkR.s:690    .text.USART_OverSampling8Cmd:00000000 USART_OverSampling8Cmd
     /tmp/ccdQ2tkR.s:725    .text.USART_OneBitMethodCmd:00000000 $t
     /tmp/ccdQ2tkR.s:731    .text.USART_OneBitMethodCmd:00000000 USART_OneBitMethodCmd
     /tmp/ccdQ2tkR.s:767    .text.USART_SendData:00000000 $t
     /tmp/ccdQ2tkR.s:773    .text.USART_SendData:00000000 USART_SendData
     /tmp/ccdQ2tkR.s:795    .text.USART_ReceiveData:00000000 $t
     /tmp/ccdQ2tkR.s:801    .text.USART_ReceiveData:00000000 USART_ReceiveData
     /tmp/ccdQ2tkR.s:821    .text.USART_SetAddress:00000000 $t
     /tmp/ccdQ2tkR.s:827    .text.USART_SetAddress:00000000 USART_SetAddress
     /tmp/ccdQ2tkR.s:860    .text.USART_ReceiverWakeUpCmd:00000000 $t
     /tmp/ccdQ2tkR.s:866    .text.USART_ReceiverWakeUpCmd:00000000 USART_ReceiverWakeUpCmd
     /tmp/ccdQ2tkR.s:902    .text.USART_WakeUpConfig:00000000 $t
     /tmp/ccdQ2tkR.s:908    .text.USART_WakeUpConfig:00000000 USART_WakeUpConfig
     /tmp/ccdQ2tkR.s:939    .text.USART_LINBreakDetectLengthConfig:00000000 $t
     /tmp/ccdQ2tkR.s:945    .text.USART_LINBreakDetectLengthConfig:00000000 USART_LINBreakDetectLengthConfig
     /tmp/ccdQ2tkR.s:976    .text.USART_LINCmd:00000000 $t
     /tmp/ccdQ2tkR.s:982    .text.USART_LINCmd:00000000 USART_LINCmd
     /tmp/ccdQ2tkR.s:1018   .text.USART_SendBreak:00000000 $t
     /tmp/ccdQ2tkR.s:1024   .text.USART_SendBreak:00000000 USART_SendBreak
     /tmp/ccdQ2tkR.s:1046   .text.USART_HalfDuplexCmd:00000000 $t
     /tmp/ccdQ2tkR.s:1052   .text.USART_HalfDuplexCmd:00000000 USART_HalfDuplexCmd
     /tmp/ccdQ2tkR.s:1088   .text.USART_SetGuardTime:00000000 $t
     /tmp/ccdQ2tkR.s:1094   .text.USART_SetGuardTime:00000000 USART_SetGuardTime
     /tmp/ccdQ2tkR.s:1122   .text.USART_SmartCardCmd:00000000 $t
     /tmp/ccdQ2tkR.s:1128   .text.USART_SmartCardCmd:00000000 USART_SmartCardCmd
     /tmp/ccdQ2tkR.s:1164   .text.USART_SmartCardNACKCmd:00000000 $t
     /tmp/ccdQ2tkR.s:1170   .text.USART_SmartCardNACKCmd:00000000 USART_SmartCardNACKCmd
     /tmp/ccdQ2tkR.s:1206   .text.USART_IrDAConfig:00000000 $t
     /tmp/ccdQ2tkR.s:1212   .text.USART_IrDAConfig:00000000 USART_IrDAConfig
     /tmp/ccdQ2tkR.s:1243   .text.USART_IrDACmd:00000000 $t
     /tmp/ccdQ2tkR.s:1249   .text.USART_IrDACmd:00000000 USART_IrDACmd
     /tmp/ccdQ2tkR.s:1285   .text.USART_DMACmd:00000000 $t
     /tmp/ccdQ2tkR.s:1291   .text.USART_DMACmd:00000000 USART_DMACmd
     /tmp/ccdQ2tkR.s:1331   .text.USART_ITConfig:00000000 $t
     /tmp/ccdQ2tkR.s:1337   .text.USART_ITConfig:00000000 USART_ITConfig
     /tmp/ccdQ2tkR.s:1423   .text.USART_GetFlagStatus:00000000 $t
     /tmp/ccdQ2tkR.s:1429   .text.USART_GetFlagStatus:00000000 USART_GetFlagStatus
     /tmp/ccdQ2tkR.s:1465   .text.USART_ClearFlag:00000000 $t
ARM GAS  /tmp/ccdQ2tkR.s 			page 58


     /tmp/ccdQ2tkR.s:1471   .text.USART_ClearFlag:00000000 USART_ClearFlag
     /tmp/ccdQ2tkR.s:1498   .text.USART_GetITStatus:00000000 $t
     /tmp/ccdQ2tkR.s:1504   .text.USART_GetITStatus:00000000 USART_GetITStatus
     /tmp/ccdQ2tkR.s:1620   .text.USART_ClearITPendingBit:00000000 $t
     /tmp/ccdQ2tkR.s:1626   .text.USART_ClearITPendingBit:00000000 USART_ClearITPendingBit

UNDEFINED SYMBOLS
RCC_APB2PeriphResetCmd
RCC_APB1PeriphResetCmd
RCC_GetClocksFreq
