ARM GAS  /tmp/cc1nuMuI.s 			page 1


   1              		.cpu cortex-m4
   2              		.arch armv7e-m
   3              		.fpu fpv4-sp-d16
   4              		.eabi_attribute 27, 1
   5              		.eabi_attribute 28, 1
   6              		.eabi_attribute 20, 1
   7              		.eabi_attribute 21, 1
   8              		.eabi_attribute 23, 3
   9              		.eabi_attribute 24, 1
  10              		.eabi_attribute 25, 1
  11              		.eabi_attribute 26, 1
  12              		.eabi_attribute 30, 1
  13              		.eabi_attribute 34, 1
  14              		.eabi_attribute 18, 4
  15              		.file	"stm32f4xx_spi.c"
  16              		.text
  17              	.Ltext0:
  18              		.cfi_sections	.debug_frame
  19              		.file 1 "./Libraries/src/stm32f4xx_spi.c"
  20              		.section	.text.SPI_I2S_DeInit,"ax",%progbits
  21              		.align	1
  22              		.global	SPI_I2S_DeInit
  23              		.syntax unified
  24              		.thumb
  25              		.thumb_func
  27              	SPI_I2S_DeInit:
  28              	.LVL0:
  29              	.LFB123:
   1:./Libraries/src/stm32f4xx_spi.c **** /**
   2:./Libraries/src/stm32f4xx_spi.c ****   ******************************************************************************
   3:./Libraries/src/stm32f4xx_spi.c ****   * @file    stm32f4xx_spi.c
   4:./Libraries/src/stm32f4xx_spi.c ****   * @author  MCD Application Team
   5:./Libraries/src/stm32f4xx_spi.c ****   * @version V1.8.0
   6:./Libraries/src/stm32f4xx_spi.c ****   * @date    04-November-2016
   7:./Libraries/src/stm32f4xx_spi.c ****   * @brief   This file provides firmware functions to manage the following 
   8:./Libraries/src/stm32f4xx_spi.c ****   *          functionalities of the Serial peripheral interface (SPI):
   9:./Libraries/src/stm32f4xx_spi.c ****   *           + Initialization and Configuration
  10:./Libraries/src/stm32f4xx_spi.c ****   *           + Data transfers functions
  11:./Libraries/src/stm32f4xx_spi.c ****   *           + Hardware CRC Calculation
  12:./Libraries/src/stm32f4xx_spi.c ****   *           + DMA transfers management
  13:./Libraries/src/stm32f4xx_spi.c ****   *           + Interrupts and flags management 
  14:./Libraries/src/stm32f4xx_spi.c ****   *           
  15:./Libraries/src/stm32f4xx_spi.c **** @verbatim
  16:./Libraries/src/stm32f4xx_spi.c **** 
  17:./Libraries/src/stm32f4xx_spi.c ****  ===================================================================
  18:./Libraries/src/stm32f4xx_spi.c ****                   ##### How to use this driver #####
  19:./Libraries/src/stm32f4xx_spi.c ****  ===================================================================
  20:./Libraries/src/stm32f4xx_spi.c ****  [..]
  21:./Libraries/src/stm32f4xx_spi.c ****    (#) Enable peripheral clock using the following functions 
  22:./Libraries/src/stm32f4xx_spi.c ****        RCC_APB2PeriphClockCmd(RCC_APB2Periph_SPI1, ENABLE) for SPI1
  23:./Libraries/src/stm32f4xx_spi.c ****        RCC_APB1PeriphClockCmd(RCC_APB1Periph_SPI2, ENABLE) for SPI2
  24:./Libraries/src/stm32f4xx_spi.c ****        RCC_APB1PeriphResetCmd(RCC_APB1Periph_SPI3, ENABLE) for SPI3
  25:./Libraries/src/stm32f4xx_spi.c ****        RCC_APB1PeriphResetCmd(RCC_APB1Periph_SPI3, ENABLE) for SPI4
  26:./Libraries/src/stm32f4xx_spi.c ****        RCC_APB1PeriphResetCmd(RCC_APB1Periph_SPI3, ENABLE) for SPI5
  27:./Libraries/src/stm32f4xx_spi.c ****        RCC_APB1PeriphResetCmd(RCC_APB1Periph_SPI3, ENABLE) for SPI6.
  28:./Libraries/src/stm32f4xx_spi.c ****   
  29:./Libraries/src/stm32f4xx_spi.c ****    (#) Enable SCK, MOSI, MISO and NSS GPIO clocks using RCC_AHB1PeriphClockCmd()
ARM GAS  /tmp/cc1nuMuI.s 			page 2


  30:./Libraries/src/stm32f4xx_spi.c ****        function. In I2S mode, if an external clock source is used then the I2S 
  31:./Libraries/src/stm32f4xx_spi.c ****        CKIN pin GPIO clock should also be enabled.
  32:./Libraries/src/stm32f4xx_spi.c ****   
  33:./Libraries/src/stm32f4xx_spi.c ****    (#) Peripherals alternate function: 
  34:./Libraries/src/stm32f4xx_spi.c ****        (++) Connect the pin to the desired peripherals' Alternate Function (AF) 
  35:./Libraries/src/stm32f4xx_spi.c ****             using GPIO_PinAFConfig() function
  36:./Libraries/src/stm32f4xx_spi.c ****        (++) Configure the desired pin in alternate function by: 
  37:./Libraries/src/stm32f4xx_spi.c ****             GPIO_InitStruct->GPIO_Mode = GPIO_Mode_AF
  38:./Libraries/src/stm32f4xx_spi.c ****        (++) Select the type, pull-up/pull-down and output speed via GPIO_PuPd, 
  39:./Libraries/src/stm32f4xx_spi.c ****             GPIO_OType and GPIO_Speed members
  40:./Libraries/src/stm32f4xx_spi.c ****        (++) Call GPIO_Init() function In I2S mode, if an external clock source is 
  41:./Libraries/src/stm32f4xx_spi.c ****             used then the I2S CKIN pin should be also configured in Alternate 
  42:./Libraries/src/stm32f4xx_spi.c ****             function Push-pull pull-up mode. 
  43:./Libraries/src/stm32f4xx_spi.c ****           
  44:./Libraries/src/stm32f4xx_spi.c ****    (#) Program the Polarity, Phase, First Data, Baud Rate Prescaler, Slave 
  45:./Libraries/src/stm32f4xx_spi.c ****        Management, Peripheral Mode and CRC Polynomial values using the SPI_Init()
  46:./Libraries/src/stm32f4xx_spi.c ****        function.
  47:./Libraries/src/stm32f4xx_spi.c ****        In I2S mode, program the Mode, Standard, Data Format, MCLK Output, Audio 
  48:./Libraries/src/stm32f4xx_spi.c ****        frequency and Polarity using I2S_Init() function. For I2S mode, make sure 
  49:./Libraries/src/stm32f4xx_spi.c ****        that either:
  50:./Libraries/src/stm32f4xx_spi.c ****        (++) I2S PLL is configured using the functions 
  51:./Libraries/src/stm32f4xx_spi.c ****             RCC_I2SCLKConfig(RCC_I2S2CLKSource_PLLI2S), RCC_PLLI2SCmd(ENABLE) and 
  52:./Libraries/src/stm32f4xx_spi.c ****             RCC_GetFlagStatus(RCC_FLAG_PLLI2SRDY); or 
  53:./Libraries/src/stm32f4xx_spi.c ****        (++) External clock source is configured using the function 
  54:./Libraries/src/stm32f4xx_spi.c ****             RCC_I2SCLKConfig(RCC_I2S2CLKSource_Ext) and after setting correctly 
  55:./Libraries/src/stm32f4xx_spi.c ****             the define constant I2S_EXTERNAL_CLOCK_VAL in the stm32f4xx_conf.h file. 
  56:./Libraries/src/stm32f4xx_spi.c ****   
  57:./Libraries/src/stm32f4xx_spi.c ****    (#) Enable the NVIC and the corresponding interrupt using the function 
  58:./Libraries/src/stm32f4xx_spi.c ****        SPI_ITConfig() if you need to use interrupt mode. 
  59:./Libraries/src/stm32f4xx_spi.c ****   
  60:./Libraries/src/stm32f4xx_spi.c ****    (#) When using the DMA mode 
  61:./Libraries/src/stm32f4xx_spi.c ****        (++) Configure the DMA using DMA_Init() function
  62:./Libraries/src/stm32f4xx_spi.c ****        (++) Active the needed channel Request using SPI_I2S_DMACmd() function
  63:./Libraries/src/stm32f4xx_spi.c ****    
  64:./Libraries/src/stm32f4xx_spi.c ****    (#) Enable the SPI using the SPI_Cmd() function or enable the I2S using
  65:./Libraries/src/stm32f4xx_spi.c ****        I2S_Cmd().
  66:./Libraries/src/stm32f4xx_spi.c ****    
  67:./Libraries/src/stm32f4xx_spi.c ****    (#) Enable the DMA using the DMA_Cmd() function when using DMA mode. 
  68:./Libraries/src/stm32f4xx_spi.c ****   
  69:./Libraries/src/stm32f4xx_spi.c ****    (#) Optionally, you can enable/configure the following parameters without
  70:./Libraries/src/stm32f4xx_spi.c ****        re-initialization (i.e there is no need to call again SPI_Init() function):
  71:./Libraries/src/stm32f4xx_spi.c ****        (++) When bidirectional mode (SPI_Direction_1Line_Rx or SPI_Direction_1Line_Tx)
  72:./Libraries/src/stm32f4xx_spi.c ****             is programmed as Data direction parameter using the SPI_Init() function
  73:./Libraries/src/stm32f4xx_spi.c ****             it can be possible to switch between SPI_Direction_Tx or SPI_Direction_Rx
  74:./Libraries/src/stm32f4xx_spi.c ****             using the SPI_BiDirectionalLineConfig() function.
  75:./Libraries/src/stm32f4xx_spi.c ****        (++) When SPI_NSS_Soft is selected as Slave Select Management parameter 
  76:./Libraries/src/stm32f4xx_spi.c ****             using the SPI_Init() function it can be possible to manage the 
  77:./Libraries/src/stm32f4xx_spi.c ****             NSS internal signal using the SPI_NSSInternalSoftwareConfig() function.
  78:./Libraries/src/stm32f4xx_spi.c ****        (++) Reconfigure the data size using the SPI_DataSizeConfig() function  
  79:./Libraries/src/stm32f4xx_spi.c ****        (++) Enable or disable the SS output using the SPI_SSOutputCmd() function  
  80:./Libraries/src/stm32f4xx_spi.c ****             
  81:./Libraries/src/stm32f4xx_spi.c ****     (#) To use the CRC Hardware calculation feature refer to the Peripheral 
  82:./Libraries/src/stm32f4xx_spi.c ****         CRC hardware Calculation subsection.
  83:./Libraries/src/stm32f4xx_spi.c ****      
  84:./Libraries/src/stm32f4xx_spi.c ****   
  85:./Libraries/src/stm32f4xx_spi.c ****  [..] It is possible to use SPI in I2S full duplex mode, in this case, each SPI 
  86:./Libraries/src/stm32f4xx_spi.c ****       peripheral is able to manage sending and receiving data simultaneously
ARM GAS  /tmp/cc1nuMuI.s 			page 3


  87:./Libraries/src/stm32f4xx_spi.c ****       using two data lines. Each SPI peripheral has an extended block called I2Sxext
  88:./Libraries/src/stm32f4xx_spi.c ****       (ie. I2S2ext for SPI2 and I2S3ext for SPI3).
  89:./Libraries/src/stm32f4xx_spi.c ****       The extension block is not a full SPI IP, it is used only as I2S slave to
  90:./Libraries/src/stm32f4xx_spi.c ****       implement full duplex mode. The extension block uses the same clock sources
  91:./Libraries/src/stm32f4xx_spi.c ****       as its master.          
  92:./Libraries/src/stm32f4xx_spi.c ****       To configure I2S full duplex you have to:
  93:./Libraries/src/stm32f4xx_spi.c ****               
  94:./Libraries/src/stm32f4xx_spi.c ****       (#) Configure SPIx in I2S mode (I2S_Init() function) as described above. 
  95:./Libraries/src/stm32f4xx_spi.c ****              
  96:./Libraries/src/stm32f4xx_spi.c ****       (#) Call the I2S_FullDuplexConfig() function using the same structure passed to  
  97:./Libraries/src/stm32f4xx_spi.c ****           I2S_Init() function.
  98:./Libraries/src/stm32f4xx_spi.c ****               
  99:./Libraries/src/stm32f4xx_spi.c ****       (#) Call I2S_Cmd() for SPIx then for its extended block.
 100:./Libraries/src/stm32f4xx_spi.c ****             
 101:./Libraries/src/stm32f4xx_spi.c ****       (#) To configure interrupts or DMA requests and to get/clear flag status, 
 102:./Libraries/src/stm32f4xx_spi.c ****           use I2Sxext instance for the extension block.
 103:./Libraries/src/stm32f4xx_spi.c ****                
 104:./Libraries/src/stm32f4xx_spi.c ****  [..] Functions that can be called with I2Sxext instances are: I2S_Cmd(), 
 105:./Libraries/src/stm32f4xx_spi.c ****       I2S_FullDuplexConfig(), SPI_I2S_ReceiveData(), SPI_I2S_SendData(), 
 106:./Libraries/src/stm32f4xx_spi.c ****       SPI_I2S_DMACmd(), SPI_I2S_ITConfig(), SPI_I2S_GetFlagStatus(), 
 107:./Libraries/src/stm32f4xx_spi.c ****       SPI_I2S_ClearFlag(), SPI_I2S_GetITStatus() and SPI_I2S_ClearITPendingBit().
 108:./Libraries/src/stm32f4xx_spi.c ****                    
 109:./Libraries/src/stm32f4xx_spi.c ****       Example: To use SPI3 in Full duplex mode (SPI3 is Master Tx, I2S3ext is Slave Rx):
 110:./Libraries/src/stm32f4xx_spi.c ****               
 111:./Libraries/src/stm32f4xx_spi.c ****       RCC_APB1PeriphClockCmd(RCC_APB1Periph_SPI3, ENABLE);   
 112:./Libraries/src/stm32f4xx_spi.c ****       I2S_StructInit(&I2SInitStruct);
 113:./Libraries/src/stm32f4xx_spi.c ****       I2SInitStruct.Mode = I2S_Mode_MasterTx;     
 114:./Libraries/src/stm32f4xx_spi.c ****       I2S_Init(SPI3, &I2SInitStruct);
 115:./Libraries/src/stm32f4xx_spi.c ****       I2S_FullDuplexConfig(SPI3ext, &I2SInitStruct)
 116:./Libraries/src/stm32f4xx_spi.c ****       I2S_Cmd(SPI3, ENABLE);
 117:./Libraries/src/stm32f4xx_spi.c ****       I2S_Cmd(SPI3ext, ENABLE);
 118:./Libraries/src/stm32f4xx_spi.c ****       ...
 119:./Libraries/src/stm32f4xx_spi.c ****       while (SPI_I2S_GetFlagStatus(SPI2, SPI_FLAG_TXE) == RESET)
 120:./Libraries/src/stm32f4xx_spi.c ****       {}
 121:./Libraries/src/stm32f4xx_spi.c ****       SPI_I2S_SendData(SPI3, txdata[i]);
 122:./Libraries/src/stm32f4xx_spi.c ****       ...  
 123:./Libraries/src/stm32f4xx_spi.c ****       while (SPI_I2S_GetFlagStatus(I2S3ext, SPI_FLAG_RXNE) == RESET)
 124:./Libraries/src/stm32f4xx_spi.c ****       {}
 125:./Libraries/src/stm32f4xx_spi.c ****       rxdata[i] = SPI_I2S_ReceiveData(I2S3ext);
 126:./Libraries/src/stm32f4xx_spi.c ****       ...          
 127:./Libraries/src/stm32f4xx_spi.c ****                 
 128:./Libraries/src/stm32f4xx_spi.c ****  [..]       
 129:./Libraries/src/stm32f4xx_spi.c ****    (@) In I2S mode: if an external clock is used as source clock for the I2S,  
 130:./Libraries/src/stm32f4xx_spi.c ****        then the define I2S_EXTERNAL_CLOCK_VAL in file stm32f4xx_conf.h should 
 131:./Libraries/src/stm32f4xx_spi.c ****        be enabled and set to the value of the source clock frequency (in Hz).
 132:./Libraries/src/stm32f4xx_spi.c ****    
 133:./Libraries/src/stm32f4xx_spi.c ****    (@) In SPI mode: To use the SPI TI mode, call the function SPI_TIModeCmd() 
 134:./Libraries/src/stm32f4xx_spi.c ****        just after calling the function SPI_Init().
 135:./Libraries/src/stm32f4xx_spi.c ****   
 136:./Libraries/src/stm32f4xx_spi.c **** @endverbatim  
 137:./Libraries/src/stm32f4xx_spi.c ****   *                                  
 138:./Libraries/src/stm32f4xx_spi.c ****   ******************************************************************************
 139:./Libraries/src/stm32f4xx_spi.c ****   * @attention
 140:./Libraries/src/stm32f4xx_spi.c ****   *
 141:./Libraries/src/stm32f4xx_spi.c ****   * <h2><center>&copy; COPYRIGHT 2016 STMicroelectronics</center></h2>
 142:./Libraries/src/stm32f4xx_spi.c ****   *
 143:./Libraries/src/stm32f4xx_spi.c ****   * Licensed under MCD-ST Liberty SW License Agreement V2, (the "License");
ARM GAS  /tmp/cc1nuMuI.s 			page 4


 144:./Libraries/src/stm32f4xx_spi.c ****   * You may not use this file except in compliance with the License.
 145:./Libraries/src/stm32f4xx_spi.c ****   * You may obtain a copy of the License at:
 146:./Libraries/src/stm32f4xx_spi.c ****   *
 147:./Libraries/src/stm32f4xx_spi.c ****   *        http://www.st.com/software_license_agreement_liberty_v2
 148:./Libraries/src/stm32f4xx_spi.c ****   *
 149:./Libraries/src/stm32f4xx_spi.c ****   * Unless required by applicable law or agreed to in writing, software 
 150:./Libraries/src/stm32f4xx_spi.c ****   * distributed under the License is distributed on an "AS IS" BASIS, 
 151:./Libraries/src/stm32f4xx_spi.c ****   * WITHOUT WARRANTIES OR CONDITIONS OF ANY KIND, either express or implied.
 152:./Libraries/src/stm32f4xx_spi.c ****   * See the License for the specific language governing permissions and
 153:./Libraries/src/stm32f4xx_spi.c ****   * limitations under the License.
 154:./Libraries/src/stm32f4xx_spi.c ****   *
 155:./Libraries/src/stm32f4xx_spi.c ****   ******************************************************************************  
 156:./Libraries/src/stm32f4xx_spi.c ****   */ 
 157:./Libraries/src/stm32f4xx_spi.c **** 
 158:./Libraries/src/stm32f4xx_spi.c **** /* Includes ------------------------------------------------------------------*/
 159:./Libraries/src/stm32f4xx_spi.c **** #include "stm32f4xx_spi.h"
 160:./Libraries/src/stm32f4xx_spi.c **** #include "stm32f4xx_rcc.h"
 161:./Libraries/src/stm32f4xx_spi.c **** 
 162:./Libraries/src/stm32f4xx_spi.c **** /** @addtogroup STM32F4xx_StdPeriph_Driver
 163:./Libraries/src/stm32f4xx_spi.c ****   * @{
 164:./Libraries/src/stm32f4xx_spi.c ****   */
 165:./Libraries/src/stm32f4xx_spi.c **** 
 166:./Libraries/src/stm32f4xx_spi.c **** /** @defgroup SPI 
 167:./Libraries/src/stm32f4xx_spi.c ****   * @brief SPI driver modules
 168:./Libraries/src/stm32f4xx_spi.c ****   * @{
 169:./Libraries/src/stm32f4xx_spi.c ****   */ 
 170:./Libraries/src/stm32f4xx_spi.c **** 
 171:./Libraries/src/stm32f4xx_spi.c **** /* Private typedef -----------------------------------------------------------*/
 172:./Libraries/src/stm32f4xx_spi.c **** /* Private define ------------------------------------------------------------*/
 173:./Libraries/src/stm32f4xx_spi.c **** 
 174:./Libraries/src/stm32f4xx_spi.c **** /* SPI registers Masks */
 175:./Libraries/src/stm32f4xx_spi.c **** #define CR1_CLEAR_MASK            ((uint16_t)0x3040)
 176:./Libraries/src/stm32f4xx_spi.c **** #define I2SCFGR_CLEAR_MASK        ((uint16_t)0xF040)
 177:./Libraries/src/stm32f4xx_spi.c **** 
 178:./Libraries/src/stm32f4xx_spi.c **** /* RCC PLLs masks */
 179:./Libraries/src/stm32f4xx_spi.c **** #define PLLCFGR_PPLR_MASK         ((uint32_t)0x70000000)
 180:./Libraries/src/stm32f4xx_spi.c **** #define PLLCFGR_PPLN_MASK         ((uint32_t)0x00007FC0)
 181:./Libraries/src/stm32f4xx_spi.c **** 
 182:./Libraries/src/stm32f4xx_spi.c **** #define SPI_CR2_FRF               ((uint16_t)0x0010)
 183:./Libraries/src/stm32f4xx_spi.c **** #define SPI_SR_TIFRFE             ((uint16_t)0x0100)
 184:./Libraries/src/stm32f4xx_spi.c **** 
 185:./Libraries/src/stm32f4xx_spi.c **** /* Private macro -------------------------------------------------------------*/
 186:./Libraries/src/stm32f4xx_spi.c **** /* Private variables ---------------------------------------------------------*/
 187:./Libraries/src/stm32f4xx_spi.c **** /* Private function prototypes -----------------------------------------------*/
 188:./Libraries/src/stm32f4xx_spi.c **** /* Private functions ---------------------------------------------------------*/
 189:./Libraries/src/stm32f4xx_spi.c **** 
 190:./Libraries/src/stm32f4xx_spi.c **** /** @defgroup SPI_Private_Functions
 191:./Libraries/src/stm32f4xx_spi.c ****   * @{
 192:./Libraries/src/stm32f4xx_spi.c ****   */
 193:./Libraries/src/stm32f4xx_spi.c **** 
 194:./Libraries/src/stm32f4xx_spi.c **** /** @defgroup SPI_Group1 Initialization and Configuration functions
 195:./Libraries/src/stm32f4xx_spi.c ****  *  @brief   Initialization and Configuration functions 
 196:./Libraries/src/stm32f4xx_spi.c ****  *
 197:./Libraries/src/stm32f4xx_spi.c **** @verbatim   
 198:./Libraries/src/stm32f4xx_spi.c ****  ===============================================================================
 199:./Libraries/src/stm32f4xx_spi.c ****              ##### Initialization and Configuration functions ##### 
 200:./Libraries/src/stm32f4xx_spi.c ****  ===============================================================================  
ARM GAS  /tmp/cc1nuMuI.s 			page 5


 201:./Libraries/src/stm32f4xx_spi.c ****  [..] This section provides a set of functions allowing to initialize the SPI 
 202:./Libraries/src/stm32f4xx_spi.c ****       Direction, SPI Mode, SPI Data Size, SPI Polarity, SPI Phase, SPI NSS 
 203:./Libraries/src/stm32f4xx_spi.c ****       Management, SPI Baud Rate Prescaler, SPI First Bit and SPI CRC Polynomial.
 204:./Libraries/src/stm32f4xx_spi.c ****   
 205:./Libraries/src/stm32f4xx_spi.c ****  [..] The SPI_Init() function follows the SPI configuration procedures for Master 
 206:./Libraries/src/stm32f4xx_spi.c ****       mode and Slave mode (details for these procedures are available in reference 
 207:./Libraries/src/stm32f4xx_spi.c ****       manual (RM0090)).
 208:./Libraries/src/stm32f4xx_spi.c ****   
 209:./Libraries/src/stm32f4xx_spi.c **** @endverbatim
 210:./Libraries/src/stm32f4xx_spi.c ****   * @{
 211:./Libraries/src/stm32f4xx_spi.c ****   */
 212:./Libraries/src/stm32f4xx_spi.c **** 
 213:./Libraries/src/stm32f4xx_spi.c **** /**
 214:./Libraries/src/stm32f4xx_spi.c ****   * @brief  De-initialize the SPIx peripheral registers to their default reset values.
 215:./Libraries/src/stm32f4xx_spi.c ****   * @param  SPIx: To select the SPIx/I2Sx peripheral, where x can be: 1, 2, 3, 4, 5 or 6 
 216:./Libraries/src/stm32f4xx_spi.c ****   *         in SPI mode or 2 or 3 in I2S mode.   
 217:./Libraries/src/stm32f4xx_spi.c ****   *         
 218:./Libraries/src/stm32f4xx_spi.c ****   * @note   The extended I2S blocks (ie. I2S2ext and I2S3ext blocks) are de-initialized
 219:./Libraries/src/stm32f4xx_spi.c ****   *         when the relative I2S peripheral is de-initialized (the extended block's clock
 220:./Libraries/src/stm32f4xx_spi.c ****   *         is managed by the I2S peripheral clock).
 221:./Libraries/src/stm32f4xx_spi.c ****   *             
 222:./Libraries/src/stm32f4xx_spi.c ****   * @retval None
 223:./Libraries/src/stm32f4xx_spi.c ****   */
 224:./Libraries/src/stm32f4xx_spi.c **** void SPI_I2S_DeInit(SPI_TypeDef* SPIx)
 225:./Libraries/src/stm32f4xx_spi.c **** {
  30              		.loc 1 225 1 view -0
  31              		.cfi_startproc
  32              		@ args = 0, pretend = 0, frame = 0
  33              		@ frame_needed = 0, uses_anonymous_args = 0
  34              		.loc 1 225 1 is_stmt 0 view .LVU1
  35 0000 08B5     		push	{r3, lr}
  36              	.LCFI0:
  37              		.cfi_def_cfa_offset 8
  38              		.cfi_offset 3, -8
  39              		.cfi_offset 14, -4
 226:./Libraries/src/stm32f4xx_spi.c ****   /* Check the parameters */
 227:./Libraries/src/stm32f4xx_spi.c ****   assert_param(IS_SPI_ALL_PERIPH(SPIx));
  40              		.loc 1 227 3 is_stmt 1 view .LVU2
 228:./Libraries/src/stm32f4xx_spi.c **** 
 229:./Libraries/src/stm32f4xx_spi.c ****   if (SPIx == SPI1)
  41              		.loc 1 229 3 view .LVU3
  42              		.loc 1 229 6 is_stmt 0 view .LVU4
  43 0002 2A4B     		ldr	r3, .L15
  44 0004 9842     		cmp	r0, r3
  45 0006 0FD0     		beq	.L9
 230:./Libraries/src/stm32f4xx_spi.c ****   {
 231:./Libraries/src/stm32f4xx_spi.c ****     /* Enable SPI1 reset state */
 232:./Libraries/src/stm32f4xx_spi.c ****     RCC_APB2PeriphResetCmd(RCC_APB2Periph_SPI1, ENABLE);
 233:./Libraries/src/stm32f4xx_spi.c ****     /* Release SPI1 from reset state */
 234:./Libraries/src/stm32f4xx_spi.c ****     RCC_APB2PeriphResetCmd(RCC_APB2Periph_SPI1, DISABLE);
 235:./Libraries/src/stm32f4xx_spi.c ****   }
 236:./Libraries/src/stm32f4xx_spi.c ****   else if (SPIx == SPI2)
  46              		.loc 1 236 8 is_stmt 1 view .LVU5
  47              		.loc 1 236 11 is_stmt 0 view .LVU6
  48 0008 294B     		ldr	r3, .L15+4
  49 000a 9842     		cmp	r0, r3
  50 000c 17D0     		beq	.L10
ARM GAS  /tmp/cc1nuMuI.s 			page 6


 237:./Libraries/src/stm32f4xx_spi.c ****   {
 238:./Libraries/src/stm32f4xx_spi.c ****     /* Enable SPI2 reset state */
 239:./Libraries/src/stm32f4xx_spi.c ****     RCC_APB1PeriphResetCmd(RCC_APB1Periph_SPI2, ENABLE);
 240:./Libraries/src/stm32f4xx_spi.c ****     /* Release SPI2 from reset state */
 241:./Libraries/src/stm32f4xx_spi.c ****     RCC_APB1PeriphResetCmd(RCC_APB1Periph_SPI2, DISABLE);
 242:./Libraries/src/stm32f4xx_spi.c ****   }
 243:./Libraries/src/stm32f4xx_spi.c ****   else if (SPIx == SPI3)
  51              		.loc 1 243 8 is_stmt 1 view .LVU7
  52              		.loc 1 243 11 is_stmt 0 view .LVU8
  53 000e 294B     		ldr	r3, .L15+8
  54 0010 9842     		cmp	r0, r3
  55 0012 1FD0     		beq	.L11
 244:./Libraries/src/stm32f4xx_spi.c ****   {
 245:./Libraries/src/stm32f4xx_spi.c ****     /* Enable SPI3 reset state */
 246:./Libraries/src/stm32f4xx_spi.c ****     RCC_APB1PeriphResetCmd(RCC_APB1Periph_SPI3, ENABLE);
 247:./Libraries/src/stm32f4xx_spi.c ****     /* Release SPI3 from reset state */
 248:./Libraries/src/stm32f4xx_spi.c ****     RCC_APB1PeriphResetCmd(RCC_APB1Periph_SPI3, DISABLE);
 249:./Libraries/src/stm32f4xx_spi.c ****   }
 250:./Libraries/src/stm32f4xx_spi.c ****   else if (SPIx == SPI4)
  56              		.loc 1 250 8 is_stmt 1 view .LVU9
  57              		.loc 1 250 11 is_stmt 0 view .LVU10
  58 0014 284B     		ldr	r3, .L15+12
  59 0016 9842     		cmp	r0, r3
  60 0018 27D0     		beq	.L12
 251:./Libraries/src/stm32f4xx_spi.c ****   {
 252:./Libraries/src/stm32f4xx_spi.c ****     /* Enable SPI4 reset state */
 253:./Libraries/src/stm32f4xx_spi.c ****     RCC_APB2PeriphResetCmd(RCC_APB2Periph_SPI4, ENABLE);
 254:./Libraries/src/stm32f4xx_spi.c ****     /* Release SPI4 from reset state */
 255:./Libraries/src/stm32f4xx_spi.c ****     RCC_APB2PeriphResetCmd(RCC_APB2Periph_SPI4, DISABLE);
 256:./Libraries/src/stm32f4xx_spi.c ****   }
 257:./Libraries/src/stm32f4xx_spi.c ****   else if (SPIx == SPI5)
  61              		.loc 1 257 8 is_stmt 1 view .LVU11
  62              		.loc 1 257 11 is_stmt 0 view .LVU12
  63 001a 284B     		ldr	r3, .L15+16
  64 001c 9842     		cmp	r0, r3
  65 001e 2FD0     		beq	.L13
 258:./Libraries/src/stm32f4xx_spi.c ****   {
 259:./Libraries/src/stm32f4xx_spi.c ****     /* Enable SPI5 reset state */
 260:./Libraries/src/stm32f4xx_spi.c ****     RCC_APB2PeriphResetCmd(RCC_APB2Periph_SPI5, ENABLE);
 261:./Libraries/src/stm32f4xx_spi.c ****     /* Release SPI5 from reset state */
 262:./Libraries/src/stm32f4xx_spi.c ****     RCC_APB2PeriphResetCmd(RCC_APB2Periph_SPI5, DISABLE);
 263:./Libraries/src/stm32f4xx_spi.c ****   }
 264:./Libraries/src/stm32f4xx_spi.c ****   else 
 265:./Libraries/src/stm32f4xx_spi.c ****   {
 266:./Libraries/src/stm32f4xx_spi.c ****     if (SPIx == SPI6)
  66              		.loc 1 266 5 is_stmt 1 view .LVU13
  67              		.loc 1 266 8 is_stmt 0 view .LVU14
  68 0020 274B     		ldr	r3, .L15+20
  69 0022 9842     		cmp	r0, r3
  70 0024 37D0     		beq	.L14
  71              	.LVL1:
  72              	.L1:
 267:./Libraries/src/stm32f4xx_spi.c ****     {
 268:./Libraries/src/stm32f4xx_spi.c ****       /* Enable SPI6 reset state */
 269:./Libraries/src/stm32f4xx_spi.c ****       RCC_APB2PeriphResetCmd(RCC_APB2Periph_SPI6, ENABLE);
 270:./Libraries/src/stm32f4xx_spi.c ****       /* Release SPI6 from reset state */
 271:./Libraries/src/stm32f4xx_spi.c ****       RCC_APB2PeriphResetCmd(RCC_APB2Periph_SPI6, DISABLE);
ARM GAS  /tmp/cc1nuMuI.s 			page 7


 272:./Libraries/src/stm32f4xx_spi.c ****     }
 273:./Libraries/src/stm32f4xx_spi.c ****   }
 274:./Libraries/src/stm32f4xx_spi.c **** }
  73              		.loc 1 274 1 view .LVU15
  74 0026 08BD     		pop	{r3, pc}
  75              	.LVL2:
  76              	.L9:
 232:./Libraries/src/stm32f4xx_spi.c ****     /* Release SPI1 from reset state */
  77              		.loc 1 232 5 is_stmt 1 view .LVU16
  78 0028 0121     		movs	r1, #1
  79 002a 4FF48050 		mov	r0, #4096
  80              	.LVL3:
 232:./Libraries/src/stm32f4xx_spi.c ****     /* Release SPI1 from reset state */
  81              		.loc 1 232 5 is_stmt 0 view .LVU17
  82 002e FFF7FEFF 		bl	RCC_APB2PeriphResetCmd
  83              	.LVL4:
 234:./Libraries/src/stm32f4xx_spi.c ****   }
  84              		.loc 1 234 5 is_stmt 1 view .LVU18
  85 0032 0021     		movs	r1, #0
  86 0034 4FF48050 		mov	r0, #4096
  87 0038 FFF7FEFF 		bl	RCC_APB2PeriphResetCmd
  88              	.LVL5:
  89 003c F3E7     		b	.L1
  90              	.LVL6:
  91              	.L10:
 239:./Libraries/src/stm32f4xx_spi.c ****     /* Release SPI2 from reset state */
  92              		.loc 1 239 5 view .LVU19
  93 003e 0121     		movs	r1, #1
  94 0040 4FF48040 		mov	r0, #16384
  95              	.LVL7:
 239:./Libraries/src/stm32f4xx_spi.c ****     /* Release SPI2 from reset state */
  96              		.loc 1 239 5 is_stmt 0 view .LVU20
  97 0044 FFF7FEFF 		bl	RCC_APB1PeriphResetCmd
  98              	.LVL8:
 241:./Libraries/src/stm32f4xx_spi.c ****   }
  99              		.loc 1 241 5 is_stmt 1 view .LVU21
 100 0048 0021     		movs	r1, #0
 101 004a 4FF48040 		mov	r0, #16384
 102 004e FFF7FEFF 		bl	RCC_APB1PeriphResetCmd
 103              	.LVL9:
 104 0052 E8E7     		b	.L1
 105              	.LVL10:
 106              	.L11:
 246:./Libraries/src/stm32f4xx_spi.c ****     /* Release SPI3 from reset state */
 107              		.loc 1 246 5 view .LVU22
 108 0054 0121     		movs	r1, #1
 109 0056 4FF40040 		mov	r0, #32768
 110              	.LVL11:
 246:./Libraries/src/stm32f4xx_spi.c ****     /* Release SPI3 from reset state */
 111              		.loc 1 246 5 is_stmt 0 view .LVU23
 112 005a FFF7FEFF 		bl	RCC_APB1PeriphResetCmd
 113              	.LVL12:
 248:./Libraries/src/stm32f4xx_spi.c ****   }
 114              		.loc 1 248 5 is_stmt 1 view .LVU24
 115 005e 0021     		movs	r1, #0
 116 0060 4FF40040 		mov	r0, #32768
 117 0064 FFF7FEFF 		bl	RCC_APB1PeriphResetCmd
ARM GAS  /tmp/cc1nuMuI.s 			page 8


 118              	.LVL13:
 119 0068 DDE7     		b	.L1
 120              	.LVL14:
 121              	.L12:
 253:./Libraries/src/stm32f4xx_spi.c ****     /* Release SPI4 from reset state */
 122              		.loc 1 253 5 view .LVU25
 123 006a 0121     		movs	r1, #1
 124 006c 4FF40050 		mov	r0, #8192
 125              	.LVL15:
 253:./Libraries/src/stm32f4xx_spi.c ****     /* Release SPI4 from reset state */
 126              		.loc 1 253 5 is_stmt 0 view .LVU26
 127 0070 FFF7FEFF 		bl	RCC_APB2PeriphResetCmd
 128              	.LVL16:
 255:./Libraries/src/stm32f4xx_spi.c ****   }
 129              		.loc 1 255 5 is_stmt 1 view .LVU27
 130 0074 0021     		movs	r1, #0
 131 0076 4FF40050 		mov	r0, #8192
 132 007a FFF7FEFF 		bl	RCC_APB2PeriphResetCmd
 133              	.LVL17:
 134 007e D2E7     		b	.L1
 135              	.LVL18:
 136              	.L13:
 260:./Libraries/src/stm32f4xx_spi.c ****     /* Release SPI5 from reset state */
 137              		.loc 1 260 5 view .LVU28
 138 0080 0121     		movs	r1, #1
 139 0082 4FF48010 		mov	r0, #1048576
 140              	.LVL19:
 260:./Libraries/src/stm32f4xx_spi.c ****     /* Release SPI5 from reset state */
 141              		.loc 1 260 5 is_stmt 0 view .LVU29
 142 0086 FFF7FEFF 		bl	RCC_APB2PeriphResetCmd
 143              	.LVL20:
 262:./Libraries/src/stm32f4xx_spi.c ****   }
 144              		.loc 1 262 5 is_stmt 1 view .LVU30
 145 008a 0021     		movs	r1, #0
 146 008c 4FF48010 		mov	r0, #1048576
 147 0090 FFF7FEFF 		bl	RCC_APB2PeriphResetCmd
 148              	.LVL21:
 149 0094 C7E7     		b	.L1
 150              	.LVL22:
 151              	.L14:
 269:./Libraries/src/stm32f4xx_spi.c ****       /* Release SPI6 from reset state */
 152              		.loc 1 269 7 view .LVU31
 153 0096 0121     		movs	r1, #1
 154 0098 4FF40010 		mov	r0, #2097152
 155              	.LVL23:
 269:./Libraries/src/stm32f4xx_spi.c ****       /* Release SPI6 from reset state */
 156              		.loc 1 269 7 is_stmt 0 view .LVU32
 157 009c FFF7FEFF 		bl	RCC_APB2PeriphResetCmd
 158              	.LVL24:
 271:./Libraries/src/stm32f4xx_spi.c ****     }
 159              		.loc 1 271 7 is_stmt 1 view .LVU33
 160 00a0 0021     		movs	r1, #0
 161 00a2 4FF40010 		mov	r0, #2097152
 162 00a6 FFF7FEFF 		bl	RCC_APB2PeriphResetCmd
 163              	.LVL25:
 164              		.loc 1 274 1 is_stmt 0 view .LVU34
 165 00aa BCE7     		b	.L1
ARM GAS  /tmp/cc1nuMuI.s 			page 9


 166              	.L16:
 167              		.align	2
 168              	.L15:
 169 00ac 00300140 		.word	1073819648
 170 00b0 00380040 		.word	1073756160
 171 00b4 003C0040 		.word	1073757184
 172 00b8 00340140 		.word	1073820672
 173 00bc 00500140 		.word	1073827840
 174 00c0 00540140 		.word	1073828864
 175              		.cfi_endproc
 176              	.LFE123:
 178              		.section	.text.SPI_Init,"ax",%progbits
 179              		.align	1
 180              		.global	SPI_Init
 181              		.syntax unified
 182              		.thumb
 183              		.thumb_func
 185              	SPI_Init:
 186              	.LVL26:
 187              	.LFB124:
 275:./Libraries/src/stm32f4xx_spi.c **** 
 276:./Libraries/src/stm32f4xx_spi.c **** /**
 277:./Libraries/src/stm32f4xx_spi.c ****   * @brief  Initializes the SPIx peripheral according to the specified 
 278:./Libraries/src/stm32f4xx_spi.c ****   *         parameters in the SPI_InitStruct.
 279:./Libraries/src/stm32f4xx_spi.c ****   * @param  SPIx: where x can be 1, 2, 3, 4, 5 or 6 to select the SPI peripheral.
 280:./Libraries/src/stm32f4xx_spi.c ****   * @param  SPI_InitStruct: pointer to a SPI_InitTypeDef structure that
 281:./Libraries/src/stm32f4xx_spi.c ****   *         contains the configuration information for the specified SPI peripheral.
 282:./Libraries/src/stm32f4xx_spi.c ****   * @retval None
 283:./Libraries/src/stm32f4xx_spi.c ****   */
 284:./Libraries/src/stm32f4xx_spi.c **** void SPI_Init(SPI_TypeDef* SPIx, SPI_InitTypeDef* SPI_InitStruct)
 285:./Libraries/src/stm32f4xx_spi.c **** {
 188              		.loc 1 285 1 is_stmt 1 view -0
 189              		.cfi_startproc
 190              		@ args = 0, pretend = 0, frame = 0
 191              		@ frame_needed = 0, uses_anonymous_args = 0
 192              		.loc 1 285 1 is_stmt 0 view .LVU36
 193 0000 2DE9F041 		push	{r4, r5, r6, r7, r8, lr}
 194              	.LCFI1:
 195              		.cfi_def_cfa_offset 24
 196              		.cfi_offset 4, -24
 197              		.cfi_offset 5, -20
 198              		.cfi_offset 6, -16
 199              		.cfi_offset 7, -12
 200              		.cfi_offset 8, -8
 201              		.cfi_offset 14, -4
 286:./Libraries/src/stm32f4xx_spi.c ****   uint16_t tmpreg = 0;
 202              		.loc 1 286 3 is_stmt 1 view .LVU37
 203              	.LVL27:
 287:./Libraries/src/stm32f4xx_spi.c ****   
 288:./Libraries/src/stm32f4xx_spi.c ****   /* check the parameters */
 289:./Libraries/src/stm32f4xx_spi.c ****   assert_param(IS_SPI_ALL_PERIPH(SPIx));
 204              		.loc 1 289 3 view .LVU38
 290:./Libraries/src/stm32f4xx_spi.c ****   
 291:./Libraries/src/stm32f4xx_spi.c ****   /* Check the SPI parameters */
 292:./Libraries/src/stm32f4xx_spi.c ****   assert_param(IS_SPI_DIRECTION_MODE(SPI_InitStruct->SPI_Direction));
 205              		.loc 1 292 3 view .LVU39
 293:./Libraries/src/stm32f4xx_spi.c ****   assert_param(IS_SPI_MODE(SPI_InitStruct->SPI_Mode));
ARM GAS  /tmp/cc1nuMuI.s 			page 10


 206              		.loc 1 293 3 view .LVU40
 294:./Libraries/src/stm32f4xx_spi.c ****   assert_param(IS_SPI_DATASIZE(SPI_InitStruct->SPI_DataSize));
 207              		.loc 1 294 3 view .LVU41
 295:./Libraries/src/stm32f4xx_spi.c ****   assert_param(IS_SPI_CPOL(SPI_InitStruct->SPI_CPOL));
 208              		.loc 1 295 3 view .LVU42
 296:./Libraries/src/stm32f4xx_spi.c ****   assert_param(IS_SPI_CPHA(SPI_InitStruct->SPI_CPHA));
 209              		.loc 1 296 3 view .LVU43
 297:./Libraries/src/stm32f4xx_spi.c ****   assert_param(IS_SPI_NSS(SPI_InitStruct->SPI_NSS));
 210              		.loc 1 297 3 view .LVU44
 298:./Libraries/src/stm32f4xx_spi.c ****   assert_param(IS_SPI_BAUDRATE_PRESCALER(SPI_InitStruct->SPI_BaudRatePrescaler));
 211              		.loc 1 298 3 view .LVU45
 299:./Libraries/src/stm32f4xx_spi.c ****   assert_param(IS_SPI_FIRST_BIT(SPI_InitStruct->SPI_FirstBit));
 212              		.loc 1 299 3 view .LVU46
 300:./Libraries/src/stm32f4xx_spi.c ****   assert_param(IS_SPI_CRC_POLYNOMIAL(SPI_InitStruct->SPI_CRCPolynomial));
 213              		.loc 1 300 3 view .LVU47
 301:./Libraries/src/stm32f4xx_spi.c **** 
 302:./Libraries/src/stm32f4xx_spi.c **** /*---------------------------- SPIx CR1 Configuration ------------------------*/
 303:./Libraries/src/stm32f4xx_spi.c ****   /* Get the SPIx CR1 value */
 304:./Libraries/src/stm32f4xx_spi.c ****   tmpreg = SPIx->CR1;
 214              		.loc 1 304 3 view .LVU48
 215              		.loc 1 304 10 is_stmt 0 view .LVU49
 216 0004 0288     		ldrh	r2, [r0]
 217              	.LVL28:
 305:./Libraries/src/stm32f4xx_spi.c ****   /* Clear BIDIMode, BIDIOE, RxONLY, SSM, SSI, LSBFirst, BR, MSTR, CPOL and CPHA bits */
 306:./Libraries/src/stm32f4xx_spi.c ****   tmpreg &= CR1_CLEAR_MASK;
 218              		.loc 1 306 3 is_stmt 1 view .LVU50
 219              		.loc 1 306 10 is_stmt 0 view .LVU51
 220 0006 02F44152 		and	r2, r2, #12352
 221              	.LVL29:
 307:./Libraries/src/stm32f4xx_spi.c ****   /* Configure SPIx: direction, NSS management, first transmitted bit, BaudRate prescaler
 308:./Libraries/src/stm32f4xx_spi.c ****      master/salve mode, CPOL and CPHA */
 309:./Libraries/src/stm32f4xx_spi.c ****   /* Set BIDImode, BIDIOE and RxONLY bits according to SPI_Direction value */
 310:./Libraries/src/stm32f4xx_spi.c ****   /* Set SSM, SSI and MSTR bits according to SPI_Mode and SPI_NSS values */
 311:./Libraries/src/stm32f4xx_spi.c ****   /* Set LSBFirst bit according to SPI_FirstBit value */
 312:./Libraries/src/stm32f4xx_spi.c ****   /* Set BR bits according to SPI_BaudRatePrescaler value */
 313:./Libraries/src/stm32f4xx_spi.c ****   /* Set CPOL bit according to SPI_CPOL value */
 314:./Libraries/src/stm32f4xx_spi.c ****   /* Set CPHA bit according to SPI_CPHA value */
 315:./Libraries/src/stm32f4xx_spi.c ****   tmpreg |= (uint16_t)((uint32_t)SPI_InitStruct->SPI_Direction | SPI_InitStruct->SPI_Mode |
 222              		.loc 1 315 3 is_stmt 1 view .LVU52
 223              		.loc 1 315 48 is_stmt 0 view .LVU53
 224 000a 0F88     		ldrh	r7, [r1]
 225              		.loc 1 315 80 view .LVU54
 226 000c B1F80280 		ldrh	r8, [r1, #2]
 316:./Libraries/src/stm32f4xx_spi.c ****                   SPI_InitStruct->SPI_DataSize | SPI_InitStruct->SPI_CPOL |  
 227              		.loc 1 316 33 view .LVU55
 228 0010 8E88     		ldrh	r6, [r1, #4]
 229              		.loc 1 316 64 view .LVU56
 230 0012 CD88     		ldrh	r5, [r1, #6]
 317:./Libraries/src/stm32f4xx_spi.c ****                   SPI_InitStruct->SPI_CPHA | SPI_InitStruct->SPI_NSS |  
 231              		.loc 1 317 33 view .LVU57
 232 0014 0C89     		ldrh	r4, [r1, #8]
 233              		.loc 1 317 60 view .LVU58
 234 0016 B1F80AE0 		ldrh	lr, [r1, #10]
 318:./Libraries/src/stm32f4xx_spi.c ****                   SPI_InitStruct->SPI_BaudRatePrescaler | SPI_InitStruct->SPI_FirstBit);
 235              		.loc 1 318 33 view .LVU59
 236 001a B1F80CC0 		ldrh	ip, [r1, #12]
 237              		.loc 1 318 73 view .LVU60
ARM GAS  /tmp/cc1nuMuI.s 			page 11


 238 001e CB89     		ldrh	r3, [r1, #14]
 315:./Libraries/src/stm32f4xx_spi.c ****                   SPI_InitStruct->SPI_DataSize | SPI_InitStruct->SPI_CPOL |  
 239              		.loc 1 315 13 view .LVU61
 240 0020 47EA0807 		orr	r7, r7, r8
 241 0024 3E43     		orrs	r6, r6, r7
 242 0026 3543     		orrs	r5, r5, r6
 243 0028 2C43     		orrs	r4, r4, r5
 244 002a 4EEA040E 		orr	lr, lr, r4
 245 002e 4CEA0E0C 		orr	ip, ip, lr
 246 0032 43EA0C03 		orr	r3, r3, ip
 315:./Libraries/src/stm32f4xx_spi.c ****                   SPI_InitStruct->SPI_DataSize | SPI_InitStruct->SPI_CPOL |  
 247              		.loc 1 315 10 view .LVU62
 248 0036 1343     		orrs	r3, r3, r2
 249              	.LVL30:
 319:./Libraries/src/stm32f4xx_spi.c ****   /* Write to SPIx CR1 */
 320:./Libraries/src/stm32f4xx_spi.c ****   SPIx->CR1 = tmpreg;
 250              		.loc 1 320 3 is_stmt 1 view .LVU63
 251              		.loc 1 320 13 is_stmt 0 view .LVU64
 252 0038 0380     		strh	r3, [r0]	@ movhi
 321:./Libraries/src/stm32f4xx_spi.c **** 
 322:./Libraries/src/stm32f4xx_spi.c ****   /* Activate the SPI mode (Reset I2SMOD bit in I2SCFGR register) */
 323:./Libraries/src/stm32f4xx_spi.c ****   SPIx->I2SCFGR &= (uint16_t)~((uint16_t)SPI_I2SCFGR_I2SMOD);
 253              		.loc 1 323 3 is_stmt 1 view .LVU65
 254              		.loc 1 323 7 is_stmt 0 view .LVU66
 255 003a 838B     		ldrh	r3, [r0, #28]
 256              	.LVL31:
 257              		.loc 1 323 7 view .LVU67
 258 003c 9BB2     		uxth	r3, r3
 259              		.loc 1 323 17 view .LVU68
 260 003e 23F40063 		bic	r3, r3, #2048
 261 0042 9BB2     		uxth	r3, r3
 262 0044 8383     		strh	r3, [r0, #28]	@ movhi
 263              	.LVL32:
 324:./Libraries/src/stm32f4xx_spi.c **** /*---------------------------- SPIx CRCPOLY Configuration --------------------*/
 325:./Libraries/src/stm32f4xx_spi.c ****   /* Write to SPIx CRCPOLY */
 326:./Libraries/src/stm32f4xx_spi.c ****   SPIx->CRCPR = SPI_InitStruct->SPI_CRCPolynomial;
 264              		.loc 1 326 3 is_stmt 1 view .LVU69
 265              		.loc 1 326 31 is_stmt 0 view .LVU70
 266 0046 0B8A     		ldrh	r3, [r1, #16]
 267              		.loc 1 326 15 view .LVU71
 268 0048 0382     		strh	r3, [r0, #16]	@ movhi
 327:./Libraries/src/stm32f4xx_spi.c **** }
 269              		.loc 1 327 1 view .LVU72
 270 004a BDE8F081 		pop	{r4, r5, r6, r7, r8, pc}
 271              		.cfi_endproc
 272              	.LFE124:
 274              		.section	.text.I2S_Init,"ax",%progbits
 275              		.align	1
 276              		.global	I2S_Init
 277              		.syntax unified
 278              		.thumb
 279              		.thumb_func
 281              	I2S_Init:
 282              	.LVL33:
 283              	.LFB125:
 328:./Libraries/src/stm32f4xx_spi.c **** 
 329:./Libraries/src/stm32f4xx_spi.c **** /**
ARM GAS  /tmp/cc1nuMuI.s 			page 12


 330:./Libraries/src/stm32f4xx_spi.c ****   * @brief  Initializes the SPIx peripheral according to the specified 
 331:./Libraries/src/stm32f4xx_spi.c ****   *         parameters in the I2S_InitStruct.
 332:./Libraries/src/stm32f4xx_spi.c ****   * @param  SPIx: where x can be  2 or 3 to select the SPI peripheral (configured in I2S mode).
 333:./Libraries/src/stm32f4xx_spi.c ****   * @param  I2S_InitStruct: pointer to an I2S_InitTypeDef structure that
 334:./Libraries/src/stm32f4xx_spi.c ****   *         contains the configuration information for the specified SPI peripheral
 335:./Libraries/src/stm32f4xx_spi.c ****   *         configured in I2S mode.
 336:./Libraries/src/stm32f4xx_spi.c ****   *           
 337:./Libraries/src/stm32f4xx_spi.c ****   * @note   The function calculates the optimal prescaler needed to obtain the most 
 338:./Libraries/src/stm32f4xx_spi.c ****   *         accurate audio frequency (depending on the I2S clock source, the PLL values 
 339:./Libraries/src/stm32f4xx_spi.c ****   *         and the product configuration). But in case the prescaler value is greater 
 340:./Libraries/src/stm32f4xx_spi.c ****   *         than 511, the default value (0x02) will be configured instead.    
 341:./Libraries/src/stm32f4xx_spi.c ****   * 
 342:./Libraries/src/stm32f4xx_spi.c ****   * @note   if an external clock is used as source clock for the I2S, then the define
 343:./Libraries/src/stm32f4xx_spi.c ****   *         I2S_EXTERNAL_CLOCK_VAL in file stm32f4xx_conf.h should be enabled and set
 344:./Libraries/src/stm32f4xx_spi.c ****   *         to the value of the source clock frequency (in Hz).
 345:./Libraries/src/stm32f4xx_spi.c ****   *  
 346:./Libraries/src/stm32f4xx_spi.c ****   * @retval None
 347:./Libraries/src/stm32f4xx_spi.c ****   */
 348:./Libraries/src/stm32f4xx_spi.c **** void I2S_Init(SPI_TypeDef* SPIx, I2S_InitTypeDef* I2S_InitStruct)
 349:./Libraries/src/stm32f4xx_spi.c **** {
 284              		.loc 1 349 1 is_stmt 1 view -0
 285              		.cfi_startproc
 286              		@ args = 0, pretend = 0, frame = 0
 287              		@ frame_needed = 0, uses_anonymous_args = 0
 288              		.loc 1 349 1 is_stmt 0 view .LVU74
 289 0000 70B5     		push	{r4, r5, r6, lr}
 290              	.LCFI2:
 291              		.cfi_def_cfa_offset 16
 292              		.cfi_offset 4, -16
 293              		.cfi_offset 5, -12
 294              		.cfi_offset 6, -8
 295              		.cfi_offset 14, -4
 350:./Libraries/src/stm32f4xx_spi.c ****   uint16_t tmpreg = 0, i2sdiv = 2, i2sodd = 0, packetlength = 1;
 296              		.loc 1 350 3 is_stmt 1 view .LVU75
 297              	.LVL34:
 351:./Libraries/src/stm32f4xx_spi.c ****   uint32_t tmp = 0, i2sclk = 0;
 298              		.loc 1 351 3 view .LVU76
 352:./Libraries/src/stm32f4xx_spi.c **** #ifndef I2S_EXTERNAL_CLOCK_VAL
 353:./Libraries/src/stm32f4xx_spi.c ****   uint32_t pllm = 0, plln = 0, pllr = 0;
 299              		.loc 1 353 3 view .LVU77
 354:./Libraries/src/stm32f4xx_spi.c **** #endif /* I2S_EXTERNAL_CLOCK_VAL */
 355:./Libraries/src/stm32f4xx_spi.c ****   
 356:./Libraries/src/stm32f4xx_spi.c ****   /* Check the I2S parameters */
 357:./Libraries/src/stm32f4xx_spi.c ****   assert_param(IS_SPI_23_PERIPH(SPIx));
 300              		.loc 1 357 3 view .LVU78
 358:./Libraries/src/stm32f4xx_spi.c ****   assert_param(IS_I2S_MODE(I2S_InitStruct->I2S_Mode));
 301              		.loc 1 358 3 view .LVU79
 359:./Libraries/src/stm32f4xx_spi.c ****   assert_param(IS_I2S_STANDARD(I2S_InitStruct->I2S_Standard));
 302              		.loc 1 359 3 view .LVU80
 360:./Libraries/src/stm32f4xx_spi.c ****   assert_param(IS_I2S_DATA_FORMAT(I2S_InitStruct->I2S_DataFormat));
 303              		.loc 1 360 3 view .LVU81
 361:./Libraries/src/stm32f4xx_spi.c ****   assert_param(IS_I2S_MCLK_OUTPUT(I2S_InitStruct->I2S_MCLKOutput));
 304              		.loc 1 361 3 view .LVU82
 362:./Libraries/src/stm32f4xx_spi.c ****   assert_param(IS_I2S_AUDIO_FREQ(I2S_InitStruct->I2S_AudioFreq));
 305              		.loc 1 362 3 view .LVU83
 363:./Libraries/src/stm32f4xx_spi.c ****   assert_param(IS_I2S_CPOL(I2S_InitStruct->I2S_CPOL));  
 306              		.loc 1 363 3 view .LVU84
ARM GAS  /tmp/cc1nuMuI.s 			page 13


 364:./Libraries/src/stm32f4xx_spi.c **** 
 365:./Libraries/src/stm32f4xx_spi.c **** /*----------------------- SPIx I2SCFGR & I2SPR Configuration -----------------*/
 366:./Libraries/src/stm32f4xx_spi.c ****   /* Clear I2SMOD, I2SE, I2SCFG, PCMSYNC, I2SSTD, CKPOL, DATLEN and CHLEN bits */
 367:./Libraries/src/stm32f4xx_spi.c ****   SPIx->I2SCFGR &= I2SCFGR_CLEAR_MASK; 
 307              		.loc 1 367 3 view .LVU85
 308              		.loc 1 367 7 is_stmt 0 view .LVU86
 309 0002 838B     		ldrh	r3, [r0, #28]
 310 0004 9BB2     		uxth	r3, r3
 311              		.loc 1 367 17 view .LVU87
 312 0006 23F47B63 		bic	r3, r3, #4016
 313 000a 23F00F03 		bic	r3, r3, #15
 314 000e 9BB2     		uxth	r3, r3
 315 0010 8383     		strh	r3, [r0, #28]	@ movhi
 368:./Libraries/src/stm32f4xx_spi.c ****   SPIx->I2SPR = 0x0002;
 316              		.loc 1 368 3 is_stmt 1 view .LVU88
 317              		.loc 1 368 15 is_stmt 0 view .LVU89
 318 0012 0223     		movs	r3, #2
 319 0014 0384     		strh	r3, [r0, #32]	@ movhi
 369:./Libraries/src/stm32f4xx_spi.c ****   
 370:./Libraries/src/stm32f4xx_spi.c ****   /* Get the I2SCFGR register value */
 371:./Libraries/src/stm32f4xx_spi.c ****   tmpreg = SPIx->I2SCFGR;
 320              		.loc 1 371 3 is_stmt 1 view .LVU90
 321              		.loc 1 371 10 is_stmt 0 view .LVU91
 322 0016 828B     		ldrh	r2, [r0, #28]
 323 0018 92B2     		uxth	r2, r2
 324              	.LVL35:
 372:./Libraries/src/stm32f4xx_spi.c ****   
 373:./Libraries/src/stm32f4xx_spi.c ****   /* If the default value has to be written, reinitialize i2sdiv and i2sodd*/
 374:./Libraries/src/stm32f4xx_spi.c ****   if(I2S_InitStruct->I2S_AudioFreq == I2S_AudioFreq_Default)
 325              		.loc 1 374 3 is_stmt 1 view .LVU92
 326              		.loc 1 374 20 is_stmt 0 view .LVU93
 327 001a 8B68     		ldr	r3, [r1, #8]
 328              		.loc 1 374 5 view .LVU94
 329 001c 022B     		cmp	r3, #2
 330 001e 5AD0     		beq	.L27
 375:./Libraries/src/stm32f4xx_spi.c ****   {
 376:./Libraries/src/stm32f4xx_spi.c ****     i2sodd = (uint16_t)0;
 377:./Libraries/src/stm32f4xx_spi.c ****     i2sdiv = (uint16_t)2;   
 378:./Libraries/src/stm32f4xx_spi.c ****   }
 379:./Libraries/src/stm32f4xx_spi.c ****   /* If the requested audio frequency is not the default, compute the prescaler */
 380:./Libraries/src/stm32f4xx_spi.c ****   else
 381:./Libraries/src/stm32f4xx_spi.c ****   {
 382:./Libraries/src/stm32f4xx_spi.c ****     /* Check the frame length (For the Prescaler computing) *******************/
 383:./Libraries/src/stm32f4xx_spi.c ****     if(I2S_InitStruct->I2S_DataFormat == I2S_DataFormat_16b)
 331              		.loc 1 383 5 is_stmt 1 view .LVU95
 332              		.loc 1 383 22 is_stmt 0 view .LVU96
 333 0020 8B88     		ldrh	r3, [r1, #4]
 334              		.loc 1 383 7 view .LVU97
 335 0022 002B     		cmp	r3, #0
 336 0024 43D1     		bne	.L28
 384:./Libraries/src/stm32f4xx_spi.c ****     {
 385:./Libraries/src/stm32f4xx_spi.c ****       /* Packet length is 16 bits */
 386:./Libraries/src/stm32f4xx_spi.c ****       packetlength = 1;
 337              		.loc 1 386 20 view .LVU98
 338 0026 0126     		movs	r6, #1
 339              	.L21:
 340              	.LVL36:
ARM GAS  /tmp/cc1nuMuI.s 			page 14


 387:./Libraries/src/stm32f4xx_spi.c ****     }
 388:./Libraries/src/stm32f4xx_spi.c ****     else
 389:./Libraries/src/stm32f4xx_spi.c ****     {
 390:./Libraries/src/stm32f4xx_spi.c ****       /* Packet length is 32 bits */
 391:./Libraries/src/stm32f4xx_spi.c ****       packetlength = 2;
 392:./Libraries/src/stm32f4xx_spi.c ****     }
 393:./Libraries/src/stm32f4xx_spi.c **** 
 394:./Libraries/src/stm32f4xx_spi.c ****     /* Get I2S source Clock frequency  ****************************************/
 395:./Libraries/src/stm32f4xx_spi.c ****       
 396:./Libraries/src/stm32f4xx_spi.c ****     /* If an external I2S clock has to be used, this define should be set  
 397:./Libraries/src/stm32f4xx_spi.c ****        in the project configuration or in the stm32f4xx_conf.h file */
 398:./Libraries/src/stm32f4xx_spi.c ****   #ifdef I2S_EXTERNAL_CLOCK_VAL     
 399:./Libraries/src/stm32f4xx_spi.c ****     /* Set external clock as I2S clock source */
 400:./Libraries/src/stm32f4xx_spi.c ****     if ((RCC->CFGR & RCC_CFGR_I2SSRC) == 0)
 401:./Libraries/src/stm32f4xx_spi.c ****     {
 402:./Libraries/src/stm32f4xx_spi.c ****       RCC->CFGR |= (uint32_t)RCC_CFGR_I2SSRC;
 403:./Libraries/src/stm32f4xx_spi.c ****     }
 404:./Libraries/src/stm32f4xx_spi.c ****     
 405:./Libraries/src/stm32f4xx_spi.c ****     /* Set the I2S clock to the external clock  value */
 406:./Libraries/src/stm32f4xx_spi.c ****     i2sclk = I2S_EXTERNAL_CLOCK_VAL;
 407:./Libraries/src/stm32f4xx_spi.c **** 
 408:./Libraries/src/stm32f4xx_spi.c ****   #else /* There is no define for External I2S clock source */
 409:./Libraries/src/stm32f4xx_spi.c ****     /* Set PLLI2S as I2S clock source */
 410:./Libraries/src/stm32f4xx_spi.c ****     if ((RCC->CFGR & RCC_CFGR_I2SSRC) != 0)
 341              		.loc 1 410 5 is_stmt 1 view .LVU99
 342              		.loc 1 410 13 is_stmt 0 view .LVU100
 343 0028 384B     		ldr	r3, .L32
 344 002a 9B68     		ldr	r3, [r3, #8]
 345              		.loc 1 410 8 view .LVU101
 346 002c 13F4000F 		tst	r3, #8388608
 347 0030 04D0     		beq	.L22
 411:./Libraries/src/stm32f4xx_spi.c ****     {
 412:./Libraries/src/stm32f4xx_spi.c ****       RCC->CFGR &= ~(uint32_t)RCC_CFGR_I2SSRC;
 348              		.loc 1 412 7 is_stmt 1 view .LVU102
 349              		.loc 1 412 10 is_stmt 0 view .LVU103
 350 0032 364C     		ldr	r4, .L32
 351 0034 A368     		ldr	r3, [r4, #8]
 352              		.loc 1 412 17 view .LVU104
 353 0036 23F40003 		bic	r3, r3, #8388608
 354 003a A360     		str	r3, [r4, #8]
 355              	.L22:
 413:./Libraries/src/stm32f4xx_spi.c ****     }    
 414:./Libraries/src/stm32f4xx_spi.c ****     
 415:./Libraries/src/stm32f4xx_spi.c ****     /* Get the PLLI2SN value */
 416:./Libraries/src/stm32f4xx_spi.c ****     plln = (uint32_t)(((RCC->PLLI2SCFGR & RCC_PLLI2SCFGR_PLLI2SN) >> 6) & \
 356              		.loc 1 416 5 is_stmt 1 view .LVU105
 357              		.loc 1 416 28 is_stmt 0 view .LVU106
 358 003c 334C     		ldr	r4, .L32
 359 003e D4F88430 		ldr	r3, [r4, #132]
 360              		.loc 1 416 10 view .LVU107
 361 0042 C3F3881C 		ubfx	ip, r3, #6, #9
 362              	.LVL37:
 417:./Libraries/src/stm32f4xx_spi.c ****                       (RCC_PLLI2SCFGR_PLLI2SN >> 6));
 418:./Libraries/src/stm32f4xx_spi.c ****     
 419:./Libraries/src/stm32f4xx_spi.c ****     /* Get the PLLI2SR value */
 420:./Libraries/src/stm32f4xx_spi.c ****     pllr = (uint32_t)(((RCC->PLLI2SCFGR & RCC_PLLI2SCFGR_PLLI2SR) >> 28) & \
 363              		.loc 1 420 5 is_stmt 1 view .LVU108
ARM GAS  /tmp/cc1nuMuI.s 			page 15


 364              		.loc 1 420 28 is_stmt 0 view .LVU109
 365 0046 D4F88430 		ldr	r3, [r4, #132]
 366              		.loc 1 420 10 view .LVU110
 367 004a C3F30273 		ubfx	r3, r3, #28, #3
 368              	.LVL38:
 421:./Libraries/src/stm32f4xx_spi.c ****                       (RCC_PLLI2SCFGR_PLLI2SR >> 28));
 422:./Libraries/src/stm32f4xx_spi.c ****     
 423:./Libraries/src/stm32f4xx_spi.c ****     /* Get the PLLM value */
 424:./Libraries/src/stm32f4xx_spi.c ****     pllm = (uint32_t)(RCC->PLLCFGR & RCC_PLLCFGR_PLLM);
 369              		.loc 1 424 5 is_stmt 1 view .LVU111
 370              		.loc 1 424 26 is_stmt 0 view .LVU112
 371 004e 6568     		ldr	r5, [r4, #4]
 372              		.loc 1 424 10 view .LVU113
 373 0050 05F03F0E 		and	lr, r5, #63
 374              	.LVL39:
 425:./Libraries/src/stm32f4xx_spi.c **** 
 426:./Libraries/src/stm32f4xx_spi.c ****     if((RCC->PLLCFGR & RCC_PLLCFGR_PLLSRC) == RCC_PLLCFGR_PLLSRC_HSE)
 375              		.loc 1 426 5 is_stmt 1 view .LVU114
 376              		.loc 1 426 12 is_stmt 0 view .LVU115
 377 0054 6468     		ldr	r4, [r4, #4]
 378              		.loc 1 426 7 view .LVU116
 379 0056 14F4800F 		tst	r4, #4194304
 380 005a 2AD0     		beq	.L23
 427:./Libraries/src/stm32f4xx_spi.c ****     {
 428:./Libraries/src/stm32f4xx_spi.c ****       /* Get the I2S source clock value */
 429:./Libraries/src/stm32f4xx_spi.c ****       i2sclk = (uint32_t)(((HSE_VALUE / pllm) * plln) / pllr);
 381              		.loc 1 429 7 is_stmt 1 view .LVU117
 382              		.loc 1 429 39 is_stmt 0 view .LVU118
 383 005c 2C4C     		ldr	r4, .L32+4
 384 005e B4FBFEF4 		udiv	r4, r4, lr
 385              		.loc 1 429 47 view .LVU119
 386 0062 0CFB04F4 		mul	r4, ip, r4
 387              		.loc 1 429 14 view .LVU120
 388 0066 B4FBF3F3 		udiv	r3, r4, r3
 389              	.LVL40:
 390              	.L24:
 430:./Libraries/src/stm32f4xx_spi.c ****     }
 431:./Libraries/src/stm32f4xx_spi.c ****     else
 432:./Libraries/src/stm32f4xx_spi.c ****     { /* Get the I2S source clock value */
 433:./Libraries/src/stm32f4xx_spi.c ****       i2sclk = (uint32_t)(((HSI_VALUE / pllm) * plln) / pllr);
 434:./Libraries/src/stm32f4xx_spi.c ****     }
 435:./Libraries/src/stm32f4xx_spi.c ****   #endif /* I2S_EXTERNAL_CLOCK_VAL */
 436:./Libraries/src/stm32f4xx_spi.c ****     
 437:./Libraries/src/stm32f4xx_spi.c ****     /* Compute the Real divider depending on the MCLK output state, with a floating point */
 438:./Libraries/src/stm32f4xx_spi.c ****     if(I2S_InitStruct->I2S_MCLKOutput == I2S_MCLKOutput_Enable)
 391              		.loc 1 438 5 is_stmt 1 view .LVU121
 392              		.loc 1 438 22 is_stmt 0 view .LVU122
 393 006a CC88     		ldrh	r4, [r1, #6]
 394              		.loc 1 438 7 view .LVU123
 395 006c B4F5007F 		cmp	r4, #512
 396 0070 27D0     		beq	.L31
 439:./Libraries/src/stm32f4xx_spi.c ****     {
 440:./Libraries/src/stm32f4xx_spi.c ****       /* MCLK output is enabled */
 441:./Libraries/src/stm32f4xx_spi.c ****       tmp = (uint16_t)(((((i2sclk / 256) * 10) / I2S_InitStruct->I2S_AudioFreq)) + 5);
 442:./Libraries/src/stm32f4xx_spi.c ****     }
 443:./Libraries/src/stm32f4xx_spi.c ****     else
 444:./Libraries/src/stm32f4xx_spi.c ****     {
ARM GAS  /tmp/cc1nuMuI.s 			page 16


 445:./Libraries/src/stm32f4xx_spi.c ****       /* MCLK output is disabled */
 446:./Libraries/src/stm32f4xx_spi.c ****       tmp = (uint16_t)(((((i2sclk / (32 * packetlength)) *10 ) / I2S_InitStruct->I2S_AudioFreq)) + 
 397              		.loc 1 446 7 is_stmt 1 view .LVU124
 398              		.loc 1 446 41 is_stmt 0 view .LVU125
 399 0072 7601     		lsls	r6, r6, #5
 400              	.LVL41:
 401              		.loc 1 446 35 view .LVU126
 402 0074 B3FBF6F3 		udiv	r3, r3, r6
 403              	.LVL42:
 404              		.loc 1 446 58 view .LVU127
 405 0078 03EB8303 		add	r3, r3, r3, lsl #2
 406 007c 5B00     		lsls	r3, r3, #1
 407              		.loc 1 446 80 view .LVU128
 408 007e 8C68     		ldr	r4, [r1, #8]
 409              		.loc 1 446 64 view .LVU129
 410 0080 B3FBF4F3 		udiv	r3, r3, r4
 411              		.loc 1 446 13 view .LVU130
 412 0084 0533     		adds	r3, r3, #5
 413 0086 9BB2     		uxth	r3, r3
 414              	.LVL43:
 415              	.L26:
 447:./Libraries/src/stm32f4xx_spi.c ****     }
 448:./Libraries/src/stm32f4xx_spi.c ****     
 449:./Libraries/src/stm32f4xx_spi.c ****     /* Remove the flatting point */
 450:./Libraries/src/stm32f4xx_spi.c ****     tmp = tmp / 10;  
 416              		.loc 1 450 5 is_stmt 1 view .LVU131
 417              		.loc 1 450 9 is_stmt 0 view .LVU132
 418 0088 224C     		ldr	r4, .L32+8
 419 008a A4FB0343 		umull	r4, r3, r4, r3
 420              	.LVL44:
 451:./Libraries/src/stm32f4xx_spi.c ****       
 452:./Libraries/src/stm32f4xx_spi.c ****     /* Check the parity of the divider */
 453:./Libraries/src/stm32f4xx_spi.c ****     i2sodd = (uint16_t)(tmp & (uint16_t)0x0001);
 421              		.loc 1 453 5 is_stmt 1 view .LVU133
 422              		.loc 1 453 12 is_stmt 0 view .LVU134
 423 008e C3F3C00E 		ubfx	lr, r3, #3, #1
 424              	.LVL45:
 454:./Libraries/src/stm32f4xx_spi.c ****    
 455:./Libraries/src/stm32f4xx_spi.c ****     /* Compute the i2sdiv prescaler */
 456:./Libraries/src/stm32f4xx_spi.c ****     i2sdiv = (uint16_t)((tmp - i2sodd) / 2);
 425              		.loc 1 456 5 is_stmt 1 view .LVU135
 426              		.loc 1 456 30 is_stmt 0 view .LVU136
 427 0092 CEEBD303 		rsb	r3, lr, r3, lsr #3
 428              	.LVL46:
 429              		.loc 1 456 12 view .LVU137
 430 0096 C3F34F03 		ubfx	r3, r3, #1, #16
 431              	.LVL47:
 457:./Libraries/src/stm32f4xx_spi.c ****    
 458:./Libraries/src/stm32f4xx_spi.c ****     /* Get the Mask for the Odd bit (SPI_I2SPR[8]) register */
 459:./Libraries/src/stm32f4xx_spi.c ****     i2sodd = (uint16_t) (i2sodd << 8);
 432              		.loc 1 459 5 is_stmt 1 view .LVU138
 433              		.loc 1 459 12 is_stmt 0 view .LVU139
 434 009a 4FEA0E2E 		lsl	lr, lr, #8
 435              	.LVL48:
 460:./Libraries/src/stm32f4xx_spi.c ****   }
 461:./Libraries/src/stm32f4xx_spi.c **** 
 462:./Libraries/src/stm32f4xx_spi.c ****   /* Test if the divider is 1 or 0 or greater than 0xFF */
ARM GAS  /tmp/cc1nuMuI.s 			page 17


 463:./Libraries/src/stm32f4xx_spi.c ****   if ((i2sdiv < 2) || (i2sdiv > 0xFF))
 436              		.loc 1 463 3 is_stmt 1 view .LVU140
 437              		.loc 1 463 20 is_stmt 0 view .LVU141
 438 009e 9C1E     		subs	r4, r3, #2
 439 00a0 A4B2     		uxth	r4, r4
 440              		.loc 1 463 6 view .LVU142
 441 00a2 FD2C     		cmp	r4, #253
 442 00a4 1AD9     		bls	.L20
 464:./Libraries/src/stm32f4xx_spi.c ****   {
 465:./Libraries/src/stm32f4xx_spi.c ****     /* Set the default values */
 466:./Libraries/src/stm32f4xx_spi.c ****     i2sdiv = 2;
 467:./Libraries/src/stm32f4xx_spi.c ****     i2sodd = 0;
 443              		.loc 1 467 12 view .LVU143
 444 00a6 4FF0000E 		mov	lr, #0
 445              	.LVL49:
 466:./Libraries/src/stm32f4xx_spi.c ****     i2sodd = 0;
 446              		.loc 1 466 12 view .LVU144
 447 00aa 0223     		movs	r3, #2
 448              	.LVL50:
 466:./Libraries/src/stm32f4xx_spi.c ****     i2sodd = 0;
 449              		.loc 1 466 12 view .LVU145
 450 00ac 16E0     		b	.L20
 451              	.LVL51:
 452              	.L28:
 391:./Libraries/src/stm32f4xx_spi.c ****     }
 453              		.loc 1 391 20 view .LVU146
 454 00ae 0226     		movs	r6, #2
 455 00b0 BAE7     		b	.L21
 456              	.LVL52:
 457              	.L23:
 433:./Libraries/src/stm32f4xx_spi.c ****     }
 458              		.loc 1 433 7 is_stmt 1 view .LVU147
 433:./Libraries/src/stm32f4xx_spi.c ****     }
 459              		.loc 1 433 39 is_stmt 0 view .LVU148
 460 00b2 194C     		ldr	r4, .L32+12
 461 00b4 B4FBFEF4 		udiv	r4, r4, lr
 433:./Libraries/src/stm32f4xx_spi.c ****     }
 462              		.loc 1 433 47 view .LVU149
 463 00b8 0CFB04F4 		mul	r4, ip, r4
 433:./Libraries/src/stm32f4xx_spi.c ****     }
 464              		.loc 1 433 14 view .LVU150
 465 00bc B4FBF3F3 		udiv	r3, r4, r3
 466              	.LVL53:
 433:./Libraries/src/stm32f4xx_spi.c ****     }
 467              		.loc 1 433 14 view .LVU151
 468 00c0 D3E7     		b	.L24
 469              	.LVL54:
 470              	.L31:
 441:./Libraries/src/stm32f4xx_spi.c ****     }
 471              		.loc 1 441 7 is_stmt 1 view .LVU152
 441:./Libraries/src/stm32f4xx_spi.c ****     }
 472              		.loc 1 441 35 is_stmt 0 view .LVU153
 473 00c2 1B0A     		lsrs	r3, r3, #8
 474              	.LVL55:
 441:./Libraries/src/stm32f4xx_spi.c ****     }
 475              		.loc 1 441 42 view .LVU154
 476 00c4 03EB8303 		add	r3, r3, r3, lsl #2
ARM GAS  /tmp/cc1nuMuI.s 			page 18


 477 00c8 5B00     		lsls	r3, r3, #1
 441:./Libraries/src/stm32f4xx_spi.c ****     }
 478              		.loc 1 441 64 view .LVU155
 479 00ca 8C68     		ldr	r4, [r1, #8]
 441:./Libraries/src/stm32f4xx_spi.c ****     }
 480              		.loc 1 441 48 view .LVU156
 481 00cc B3FBF4F3 		udiv	r3, r3, r4
 441:./Libraries/src/stm32f4xx_spi.c ****     }
 482              		.loc 1 441 13 view .LVU157
 483 00d0 0533     		adds	r3, r3, #5
 484 00d2 9BB2     		uxth	r3, r3
 485              	.LVL56:
 441:./Libraries/src/stm32f4xx_spi.c ****     }
 486              		.loc 1 441 13 view .LVU158
 487 00d4 D8E7     		b	.L26
 488              	.LVL57:
 489              	.L27:
 376:./Libraries/src/stm32f4xx_spi.c ****     i2sdiv = (uint16_t)2;   
 490              		.loc 1 376 12 view .LVU159
 491 00d6 4FF0000E 		mov	lr, #0
 377:./Libraries/src/stm32f4xx_spi.c ****   }
 492              		.loc 1 377 12 view .LVU160
 493 00da 0223     		movs	r3, #2
 494              	.LVL58:
 495              	.L20:
 468:./Libraries/src/stm32f4xx_spi.c ****   }
 469:./Libraries/src/stm32f4xx_spi.c **** 
 470:./Libraries/src/stm32f4xx_spi.c ****   /* Write to SPIx I2SPR register the computed value */
 471:./Libraries/src/stm32f4xx_spi.c ****   SPIx->I2SPR = (uint16_t)((uint16_t)i2sdiv | (uint16_t)(i2sodd | (uint16_t)I2S_InitStruct->I2S_MCL
 496              		.loc 1 471 3 is_stmt 1 view .LVU161
 497              		.loc 1 471 91 is_stmt 0 view .LVU162
 498 00dc B1F806C0 		ldrh	ip, [r1, #6]
 499              		.loc 1 471 47 view .LVU163
 500 00e0 4CEA0E0C 		orr	ip, ip, lr
 501              		.loc 1 471 17 view .LVU164
 502 00e4 4CEA0303 		orr	r3, ip, r3
 503              	.LVL59:
 504              		.loc 1 471 15 view .LVU165
 505 00e8 0384     		strh	r3, [r0, #32]	@ movhi
 472:./Libraries/src/stm32f4xx_spi.c ****  
 473:./Libraries/src/stm32f4xx_spi.c ****   /* Configure the I2S with the SPI_InitStruct values */
 474:./Libraries/src/stm32f4xx_spi.c ****   tmpreg |= (uint16_t)((uint16_t)SPI_I2SCFGR_I2SMOD | (uint16_t)(I2S_InitStruct->I2S_Mode | \
 506              		.loc 1 474 3 is_stmt 1 view .LVU166
 507              		.loc 1 474 80 is_stmt 0 view .LVU167
 508 00ea 0B88     		ldrh	r3, [r1]
 475:./Libraries/src/stm32f4xx_spi.c ****                   (uint16_t)(I2S_InitStruct->I2S_Standard | (uint16_t)(I2S_InitStruct->I2S_DataForm
 509              		.loc 1 475 44 view .LVU168
 510 00ec B1F802C0 		ldrh	ip, [r1, #2]
 511              		.loc 1 475 86 view .LVU169
 512 00f0 B1F804E0 		ldrh	lr, [r1, #4]
 513              	.LVL60:
 476:./Libraries/src/stm32f4xx_spi.c ****                   (uint16_t)I2S_InitStruct->I2S_CPOL))));
 514              		.loc 1 476 43 view .LVU170
 515 00f4 8989     		ldrh	r1, [r1, #12]
 516              	.LVL61:
 475:./Libraries/src/stm32f4xx_spi.c ****                   (uint16_t)(I2S_InitStruct->I2S_Standard | (uint16_t)(I2S_InitStruct->I2S_DataForm
 517              		.loc 1 475 61 view .LVU171
ARM GAS  /tmp/cc1nuMuI.s 			page 19


 518 00f6 4EEA0101 		orr	r1, lr, r1
 475:./Libraries/src/stm32f4xx_spi.c ****                   (uint16_t)(I2S_InitStruct->I2S_Standard | (uint16_t)(I2S_InitStruct->I2S_DataForm
 519              		.loc 1 475 19 view .LVU172
 520 00fa 4CEA0101 		orr	r1, ip, r1
 474:./Libraries/src/stm32f4xx_spi.c ****                   (uint16_t)(I2S_InitStruct->I2S_Standard | (uint16_t)(I2S_InitStruct->I2S_DataForm
 521              		.loc 1 474 55 view .LVU173
 522 00fe 0B43     		orrs	r3, r3, r1
 474:./Libraries/src/stm32f4xx_spi.c ****                   (uint16_t)(I2S_InitStruct->I2S_Standard | (uint16_t)(I2S_InitStruct->I2S_DataForm
 523              		.loc 1 474 10 view .LVU174
 524 0100 1343     		orrs	r3, r3, r2
 525 0102 43F40063 		orr	r3, r3, #2048
 526              	.LVL62:
 477:./Libraries/src/stm32f4xx_spi.c ****  
 478:./Libraries/src/stm32f4xx_spi.c **** #if defined(SPI_I2SCFGR_ASTRTEN)
 479:./Libraries/src/stm32f4xx_spi.c ****   if((I2S_InitStruct->I2S_Standard  == I2S_Standard_PCMShort) || (I2S_InitStruct->I2S_Standard  == 
 480:./Libraries/src/stm32f4xx_spi.c ****   {
 481:./Libraries/src/stm32f4xx_spi.c ****     /* Write to SPIx I2SCFGR */  
 482:./Libraries/src/stm32f4xx_spi.c ****     SPIx->I2SCFGR = tmpreg | SPI_I2SCFGR_ASTRTEN;
 483:./Libraries/src/stm32f4xx_spi.c ****   }
 484:./Libraries/src/stm32f4xx_spi.c **** #else
 485:./Libraries/src/stm32f4xx_spi.c ****   /* Write to SPIx I2SCFGR */  
 486:./Libraries/src/stm32f4xx_spi.c ****   SPIx->I2SCFGR = tmpreg ;
 527              		.loc 1 486 3 is_stmt 1 view .LVU175
 528              		.loc 1 486 17 is_stmt 0 view .LVU176
 529 0106 8383     		strh	r3, [r0, #28]	@ movhi
 487:./Libraries/src/stm32f4xx_spi.c **** #endif 
 488:./Libraries/src/stm32f4xx_spi.c **** }
 530              		.loc 1 488 1 view .LVU177
 531 0108 70BD     		pop	{r4, r5, r6, pc}
 532              	.L33:
 533 010a 00BF     		.align	2
 534              	.L32:
 535 010c 00380240 		.word	1073887232
 536 0110 00127A00 		.word	8000000
 537 0114 CDCCCCCC 		.word	-858993459
 538 0118 0024F400 		.word	16000000
 539              		.cfi_endproc
 540              	.LFE125:
 542              		.section	.text.SPI_StructInit,"ax",%progbits
 543              		.align	1
 544              		.global	SPI_StructInit
 545              		.syntax unified
 546              		.thumb
 547              		.thumb_func
 549              	SPI_StructInit:
 550              	.LVL63:
 551              	.LFB126:
 489:./Libraries/src/stm32f4xx_spi.c **** 
 490:./Libraries/src/stm32f4xx_spi.c **** /**
 491:./Libraries/src/stm32f4xx_spi.c ****   * @brief  Fills each SPI_InitStruct member with its default value.
 492:./Libraries/src/stm32f4xx_spi.c ****   * @param  SPI_InitStruct: pointer to a SPI_InitTypeDef structure which will be initialized.
 493:./Libraries/src/stm32f4xx_spi.c ****   * @retval None
 494:./Libraries/src/stm32f4xx_spi.c ****   */
 495:./Libraries/src/stm32f4xx_spi.c **** void SPI_StructInit(SPI_InitTypeDef* SPI_InitStruct)
 496:./Libraries/src/stm32f4xx_spi.c **** {
 552              		.loc 1 496 1 is_stmt 1 view -0
 553              		.cfi_startproc
ARM GAS  /tmp/cc1nuMuI.s 			page 20


 554              		@ args = 0, pretend = 0, frame = 0
 555              		@ frame_needed = 0, uses_anonymous_args = 0
 556              		@ link register save eliminated.
 497:./Libraries/src/stm32f4xx_spi.c **** /*--------------- Reset SPI init structure parameters values -----------------*/
 498:./Libraries/src/stm32f4xx_spi.c ****   /* Initialize the SPI_Direction member */
 499:./Libraries/src/stm32f4xx_spi.c ****   SPI_InitStruct->SPI_Direction = SPI_Direction_2Lines_FullDuplex;
 557              		.loc 1 499 3 view .LVU179
 558              		.loc 1 499 33 is_stmt 0 view .LVU180
 559 0000 0023     		movs	r3, #0
 560 0002 0380     		strh	r3, [r0]	@ movhi
 500:./Libraries/src/stm32f4xx_spi.c ****   /* initialize the SPI_Mode member */
 501:./Libraries/src/stm32f4xx_spi.c ****   SPI_InitStruct->SPI_Mode = SPI_Mode_Slave;
 561              		.loc 1 501 3 is_stmt 1 view .LVU181
 562              		.loc 1 501 28 is_stmt 0 view .LVU182
 563 0004 4380     		strh	r3, [r0, #2]	@ movhi
 502:./Libraries/src/stm32f4xx_spi.c ****   /* initialize the SPI_DataSize member */
 503:./Libraries/src/stm32f4xx_spi.c ****   SPI_InitStruct->SPI_DataSize = SPI_DataSize_8b;
 564              		.loc 1 503 3 is_stmt 1 view .LVU183
 565              		.loc 1 503 32 is_stmt 0 view .LVU184
 566 0006 8380     		strh	r3, [r0, #4]	@ movhi
 504:./Libraries/src/stm32f4xx_spi.c ****   /* Initialize the SPI_CPOL member */
 505:./Libraries/src/stm32f4xx_spi.c ****   SPI_InitStruct->SPI_CPOL = SPI_CPOL_Low;
 567              		.loc 1 505 3 is_stmt 1 view .LVU185
 568              		.loc 1 505 28 is_stmt 0 view .LVU186
 569 0008 C380     		strh	r3, [r0, #6]	@ movhi
 506:./Libraries/src/stm32f4xx_spi.c ****   /* Initialize the SPI_CPHA member */
 507:./Libraries/src/stm32f4xx_spi.c ****   SPI_InitStruct->SPI_CPHA = SPI_CPHA_1Edge;
 570              		.loc 1 507 3 is_stmt 1 view .LVU187
 571              		.loc 1 507 28 is_stmt 0 view .LVU188
 572 000a 0381     		strh	r3, [r0, #8]	@ movhi
 508:./Libraries/src/stm32f4xx_spi.c ****   /* Initialize the SPI_NSS member */
 509:./Libraries/src/stm32f4xx_spi.c ****   SPI_InitStruct->SPI_NSS = SPI_NSS_Hard;
 573              		.loc 1 509 3 is_stmt 1 view .LVU189
 574              		.loc 1 509 27 is_stmt 0 view .LVU190
 575 000c 4381     		strh	r3, [r0, #10]	@ movhi
 510:./Libraries/src/stm32f4xx_spi.c ****   /* Initialize the SPI_BaudRatePrescaler member */
 511:./Libraries/src/stm32f4xx_spi.c ****   SPI_InitStruct->SPI_BaudRatePrescaler = SPI_BaudRatePrescaler_2;
 576              		.loc 1 511 3 is_stmt 1 view .LVU191
 577              		.loc 1 511 41 is_stmt 0 view .LVU192
 578 000e 8381     		strh	r3, [r0, #12]	@ movhi
 512:./Libraries/src/stm32f4xx_spi.c ****   /* Initialize the SPI_FirstBit member */
 513:./Libraries/src/stm32f4xx_spi.c ****   SPI_InitStruct->SPI_FirstBit = SPI_FirstBit_MSB;
 579              		.loc 1 513 3 is_stmt 1 view .LVU193
 580              		.loc 1 513 32 is_stmt 0 view .LVU194
 581 0010 C381     		strh	r3, [r0, #14]	@ movhi
 514:./Libraries/src/stm32f4xx_spi.c ****   /* Initialize the SPI_CRCPolynomial member */
 515:./Libraries/src/stm32f4xx_spi.c ****   SPI_InitStruct->SPI_CRCPolynomial = 7;
 582              		.loc 1 515 3 is_stmt 1 view .LVU195
 583              		.loc 1 515 37 is_stmt 0 view .LVU196
 584 0012 0723     		movs	r3, #7
 585 0014 0382     		strh	r3, [r0, #16]	@ movhi
 516:./Libraries/src/stm32f4xx_spi.c **** }
 586              		.loc 1 516 1 view .LVU197
 587 0016 7047     		bx	lr
 588              		.cfi_endproc
 589              	.LFE126:
 591              		.section	.text.I2S_StructInit,"ax",%progbits
ARM GAS  /tmp/cc1nuMuI.s 			page 21


 592              		.align	1
 593              		.global	I2S_StructInit
 594              		.syntax unified
 595              		.thumb
 596              		.thumb_func
 598              	I2S_StructInit:
 599              	.LVL64:
 600              	.LFB127:
 517:./Libraries/src/stm32f4xx_spi.c **** 
 518:./Libraries/src/stm32f4xx_spi.c **** /**
 519:./Libraries/src/stm32f4xx_spi.c ****   * @brief  Fills each I2S_InitStruct member with its default value.
 520:./Libraries/src/stm32f4xx_spi.c ****   * @param  I2S_InitStruct: pointer to a I2S_InitTypeDef structure which will be initialized.
 521:./Libraries/src/stm32f4xx_spi.c ****   * @retval None
 522:./Libraries/src/stm32f4xx_spi.c ****   */
 523:./Libraries/src/stm32f4xx_spi.c **** void I2S_StructInit(I2S_InitTypeDef* I2S_InitStruct)
 524:./Libraries/src/stm32f4xx_spi.c **** {
 601              		.loc 1 524 1 is_stmt 1 view -0
 602              		.cfi_startproc
 603              		@ args = 0, pretend = 0, frame = 0
 604              		@ frame_needed = 0, uses_anonymous_args = 0
 605              		@ link register save eliminated.
 525:./Libraries/src/stm32f4xx_spi.c **** /*--------------- Reset I2S init structure parameters values -----------------*/
 526:./Libraries/src/stm32f4xx_spi.c ****   /* Initialize the I2S_Mode member */
 527:./Libraries/src/stm32f4xx_spi.c ****   I2S_InitStruct->I2S_Mode = I2S_Mode_SlaveTx;
 606              		.loc 1 527 3 view .LVU199
 607              		.loc 1 527 28 is_stmt 0 view .LVU200
 608 0000 0023     		movs	r3, #0
 609 0002 0380     		strh	r3, [r0]	@ movhi
 528:./Libraries/src/stm32f4xx_spi.c ****   
 529:./Libraries/src/stm32f4xx_spi.c ****   /* Initialize the I2S_Standard member */
 530:./Libraries/src/stm32f4xx_spi.c ****   I2S_InitStruct->I2S_Standard = I2S_Standard_Phillips;
 610              		.loc 1 530 3 is_stmt 1 view .LVU201
 611              		.loc 1 530 32 is_stmt 0 view .LVU202
 612 0004 4380     		strh	r3, [r0, #2]	@ movhi
 531:./Libraries/src/stm32f4xx_spi.c ****   
 532:./Libraries/src/stm32f4xx_spi.c ****   /* Initialize the I2S_DataFormat member */
 533:./Libraries/src/stm32f4xx_spi.c ****   I2S_InitStruct->I2S_DataFormat = I2S_DataFormat_16b;
 613              		.loc 1 533 3 is_stmt 1 view .LVU203
 614              		.loc 1 533 34 is_stmt 0 view .LVU204
 615 0006 8380     		strh	r3, [r0, #4]	@ movhi
 534:./Libraries/src/stm32f4xx_spi.c ****   
 535:./Libraries/src/stm32f4xx_spi.c ****   /* Initialize the I2S_MCLKOutput member */
 536:./Libraries/src/stm32f4xx_spi.c ****   I2S_InitStruct->I2S_MCLKOutput = I2S_MCLKOutput_Disable;
 616              		.loc 1 536 3 is_stmt 1 view .LVU205
 617              		.loc 1 536 34 is_stmt 0 view .LVU206
 618 0008 C380     		strh	r3, [r0, #6]	@ movhi
 537:./Libraries/src/stm32f4xx_spi.c ****   
 538:./Libraries/src/stm32f4xx_spi.c ****   /* Initialize the I2S_AudioFreq member */
 539:./Libraries/src/stm32f4xx_spi.c ****   I2S_InitStruct->I2S_AudioFreq = I2S_AudioFreq_Default;
 619              		.loc 1 539 3 is_stmt 1 view .LVU207
 620              		.loc 1 539 33 is_stmt 0 view .LVU208
 621 000a 0222     		movs	r2, #2
 622 000c 8260     		str	r2, [r0, #8]
 540:./Libraries/src/stm32f4xx_spi.c ****   
 541:./Libraries/src/stm32f4xx_spi.c ****   /* Initialize the I2S_CPOL member */
 542:./Libraries/src/stm32f4xx_spi.c ****   I2S_InitStruct->I2S_CPOL = I2S_CPOL_Low;
 623              		.loc 1 542 3 is_stmt 1 view .LVU209
ARM GAS  /tmp/cc1nuMuI.s 			page 22


 624              		.loc 1 542 28 is_stmt 0 view .LVU210
 625 000e 8381     		strh	r3, [r0, #12]	@ movhi
 543:./Libraries/src/stm32f4xx_spi.c **** }
 626              		.loc 1 543 1 view .LVU211
 627 0010 7047     		bx	lr
 628              		.cfi_endproc
 629              	.LFE127:
 631              		.section	.text.SPI_Cmd,"ax",%progbits
 632              		.align	1
 633              		.global	SPI_Cmd
 634              		.syntax unified
 635              		.thumb
 636              		.thumb_func
 638              	SPI_Cmd:
 639              	.LVL65:
 640              	.LFB128:
 544:./Libraries/src/stm32f4xx_spi.c **** 
 545:./Libraries/src/stm32f4xx_spi.c **** /**
 546:./Libraries/src/stm32f4xx_spi.c ****   * @brief  Enables or disables the specified SPI peripheral.
 547:./Libraries/src/stm32f4xx_spi.c ****   * @param  SPIx: where x can be 1, 2, 3, 4, 5 or 6 to select the SPI peripheral.
 548:./Libraries/src/stm32f4xx_spi.c ****   * @param  NewState: new state of the SPIx peripheral. 
 549:./Libraries/src/stm32f4xx_spi.c ****   *          This parameter can be: ENABLE or DISABLE.
 550:./Libraries/src/stm32f4xx_spi.c ****   * @retval None
 551:./Libraries/src/stm32f4xx_spi.c ****   */
 552:./Libraries/src/stm32f4xx_spi.c **** void SPI_Cmd(SPI_TypeDef* SPIx, FunctionalState NewState)
 553:./Libraries/src/stm32f4xx_spi.c **** {
 641              		.loc 1 553 1 is_stmt 1 view -0
 642              		.cfi_startproc
 643              		@ args = 0, pretend = 0, frame = 0
 644              		@ frame_needed = 0, uses_anonymous_args = 0
 645              		@ link register save eliminated.
 554:./Libraries/src/stm32f4xx_spi.c ****   /* Check the parameters */
 555:./Libraries/src/stm32f4xx_spi.c ****   assert_param(IS_SPI_ALL_PERIPH(SPIx));
 646              		.loc 1 555 3 view .LVU213
 556:./Libraries/src/stm32f4xx_spi.c ****   assert_param(IS_FUNCTIONAL_STATE(NewState));
 647              		.loc 1 556 3 view .LVU214
 557:./Libraries/src/stm32f4xx_spi.c ****   if (NewState != DISABLE)
 648              		.loc 1 557 3 view .LVU215
 649              		.loc 1 557 6 is_stmt 0 view .LVU216
 650 0000 29B1     		cbz	r1, .L37
 558:./Libraries/src/stm32f4xx_spi.c ****   {
 559:./Libraries/src/stm32f4xx_spi.c ****     /* Enable the selected SPI peripheral */
 560:./Libraries/src/stm32f4xx_spi.c ****     SPIx->CR1 |= SPI_CR1_SPE;
 651              		.loc 1 560 5 is_stmt 1 view .LVU217
 652              		.loc 1 560 9 is_stmt 0 view .LVU218
 653 0002 0388     		ldrh	r3, [r0]
 654 0004 9BB2     		uxth	r3, r3
 655              		.loc 1 560 15 view .LVU219
 656 0006 43F04003 		orr	r3, r3, #64
 657 000a 0380     		strh	r3, [r0]	@ movhi
 658 000c 7047     		bx	lr
 659              	.L37:
 561:./Libraries/src/stm32f4xx_spi.c ****   }
 562:./Libraries/src/stm32f4xx_spi.c ****   else
 563:./Libraries/src/stm32f4xx_spi.c ****   {
 564:./Libraries/src/stm32f4xx_spi.c ****     /* Disable the selected SPI peripheral */
 565:./Libraries/src/stm32f4xx_spi.c ****     SPIx->CR1 &= (uint16_t)~((uint16_t)SPI_CR1_SPE);
ARM GAS  /tmp/cc1nuMuI.s 			page 23


 660              		.loc 1 565 5 is_stmt 1 view .LVU220
 661              		.loc 1 565 9 is_stmt 0 view .LVU221
 662 000e 0388     		ldrh	r3, [r0]
 663 0010 9BB2     		uxth	r3, r3
 664              		.loc 1 565 15 view .LVU222
 665 0012 23F04003 		bic	r3, r3, #64
 666 0016 9BB2     		uxth	r3, r3
 667 0018 0380     		strh	r3, [r0]	@ movhi
 566:./Libraries/src/stm32f4xx_spi.c ****   }
 567:./Libraries/src/stm32f4xx_spi.c **** }
 668              		.loc 1 567 1 view .LVU223
 669 001a 7047     		bx	lr
 670              		.cfi_endproc
 671              	.LFE128:
 673              		.section	.text.I2S_Cmd,"ax",%progbits
 674              		.align	1
 675              		.global	I2S_Cmd
 676              		.syntax unified
 677              		.thumb
 678              		.thumb_func
 680              	I2S_Cmd:
 681              	.LVL66:
 682              	.LFB129:
 568:./Libraries/src/stm32f4xx_spi.c **** 
 569:./Libraries/src/stm32f4xx_spi.c **** /**
 570:./Libraries/src/stm32f4xx_spi.c ****   * @brief  Enables or disables the specified SPI peripheral (in I2S mode).
 571:./Libraries/src/stm32f4xx_spi.c ****   * @param  SPIx: where x can be 2 or 3 to select the SPI peripheral (or I2Sxext 
 572:./Libraries/src/stm32f4xx_spi.c ****   *         for full duplex mode).
 573:./Libraries/src/stm32f4xx_spi.c ****   * @param  NewState: new state of the SPIx peripheral. 
 574:./Libraries/src/stm32f4xx_spi.c ****   *         This parameter can be: ENABLE or DISABLE.
 575:./Libraries/src/stm32f4xx_spi.c ****   * @retval None
 576:./Libraries/src/stm32f4xx_spi.c ****   */
 577:./Libraries/src/stm32f4xx_spi.c **** void I2S_Cmd(SPI_TypeDef* SPIx, FunctionalState NewState)
 578:./Libraries/src/stm32f4xx_spi.c **** {
 683              		.loc 1 578 1 is_stmt 1 view -0
 684              		.cfi_startproc
 685              		@ args = 0, pretend = 0, frame = 0
 686              		@ frame_needed = 0, uses_anonymous_args = 0
 687              		@ link register save eliminated.
 579:./Libraries/src/stm32f4xx_spi.c ****   /* Check the parameters */
 580:./Libraries/src/stm32f4xx_spi.c ****   assert_param(IS_SPI_23_PERIPH_EXT(SPIx));
 688              		.loc 1 580 3 view .LVU225
 581:./Libraries/src/stm32f4xx_spi.c ****   assert_param(IS_FUNCTIONAL_STATE(NewState));
 689              		.loc 1 581 3 view .LVU226
 582:./Libraries/src/stm32f4xx_spi.c ****   
 583:./Libraries/src/stm32f4xx_spi.c ****   if (NewState != DISABLE)
 690              		.loc 1 583 3 view .LVU227
 691              		.loc 1 583 6 is_stmt 0 view .LVU228
 692 0000 29B1     		cbz	r1, .L40
 584:./Libraries/src/stm32f4xx_spi.c ****   {
 585:./Libraries/src/stm32f4xx_spi.c ****     /* Enable the selected SPI peripheral (in I2S mode) */
 586:./Libraries/src/stm32f4xx_spi.c ****     SPIx->I2SCFGR |= SPI_I2SCFGR_I2SE;
 693              		.loc 1 586 5 is_stmt 1 view .LVU229
 694              		.loc 1 586 9 is_stmt 0 view .LVU230
 695 0002 838B     		ldrh	r3, [r0, #28]
 696 0004 9BB2     		uxth	r3, r3
 697              		.loc 1 586 19 view .LVU231
ARM GAS  /tmp/cc1nuMuI.s 			page 24


 698 0006 43F48063 		orr	r3, r3, #1024
 699 000a 8383     		strh	r3, [r0, #28]	@ movhi
 700 000c 7047     		bx	lr
 701              	.L40:
 587:./Libraries/src/stm32f4xx_spi.c ****   }
 588:./Libraries/src/stm32f4xx_spi.c ****   else
 589:./Libraries/src/stm32f4xx_spi.c ****   {
 590:./Libraries/src/stm32f4xx_spi.c ****     /* Disable the selected SPI peripheral in I2S mode */
 591:./Libraries/src/stm32f4xx_spi.c ****     SPIx->I2SCFGR &= (uint16_t)~((uint16_t)SPI_I2SCFGR_I2SE);
 702              		.loc 1 591 5 is_stmt 1 view .LVU232
 703              		.loc 1 591 9 is_stmt 0 view .LVU233
 704 000e 838B     		ldrh	r3, [r0, #28]
 705 0010 9BB2     		uxth	r3, r3
 706              		.loc 1 591 19 view .LVU234
 707 0012 23F48063 		bic	r3, r3, #1024
 708 0016 9BB2     		uxth	r3, r3
 709 0018 8383     		strh	r3, [r0, #28]	@ movhi
 592:./Libraries/src/stm32f4xx_spi.c ****   }
 593:./Libraries/src/stm32f4xx_spi.c **** }
 710              		.loc 1 593 1 view .LVU235
 711 001a 7047     		bx	lr
 712              		.cfi_endproc
 713              	.LFE129:
 715              		.section	.text.SPI_DataSizeConfig,"ax",%progbits
 716              		.align	1
 717              		.global	SPI_DataSizeConfig
 718              		.syntax unified
 719              		.thumb
 720              		.thumb_func
 722              	SPI_DataSizeConfig:
 723              	.LVL67:
 724              	.LFB130:
 594:./Libraries/src/stm32f4xx_spi.c **** 
 595:./Libraries/src/stm32f4xx_spi.c **** /**
 596:./Libraries/src/stm32f4xx_spi.c ****   * @brief  Configures the data size for the selected SPI.
 597:./Libraries/src/stm32f4xx_spi.c ****   * @param  SPIx: where x can be 1, 2, 3, 4, 5 or 6 to select the SPI peripheral.
 598:./Libraries/src/stm32f4xx_spi.c ****   * @param  SPI_DataSize: specifies the SPI data size.
 599:./Libraries/src/stm32f4xx_spi.c ****   *          This parameter can be one of the following values:
 600:./Libraries/src/stm32f4xx_spi.c ****   *            @arg SPI_DataSize_16b: Set data frame format to 16bit
 601:./Libraries/src/stm32f4xx_spi.c ****   *            @arg SPI_DataSize_8b: Set data frame format to 8bit
 602:./Libraries/src/stm32f4xx_spi.c ****   * @retval None
 603:./Libraries/src/stm32f4xx_spi.c ****   */
 604:./Libraries/src/stm32f4xx_spi.c **** void SPI_DataSizeConfig(SPI_TypeDef* SPIx, uint16_t SPI_DataSize)
 605:./Libraries/src/stm32f4xx_spi.c **** {
 725              		.loc 1 605 1 is_stmt 1 view -0
 726              		.cfi_startproc
 727              		@ args = 0, pretend = 0, frame = 0
 728              		@ frame_needed = 0, uses_anonymous_args = 0
 729              		@ link register save eliminated.
 606:./Libraries/src/stm32f4xx_spi.c ****   /* Check the parameters */
 607:./Libraries/src/stm32f4xx_spi.c ****   assert_param(IS_SPI_ALL_PERIPH(SPIx));
 730              		.loc 1 607 3 view .LVU237
 608:./Libraries/src/stm32f4xx_spi.c ****   assert_param(IS_SPI_DATASIZE(SPI_DataSize));
 731              		.loc 1 608 3 view .LVU238
 609:./Libraries/src/stm32f4xx_spi.c ****   /* Clear DFF bit */
 610:./Libraries/src/stm32f4xx_spi.c ****   SPIx->CR1 &= (uint16_t)~SPI_DataSize_16b;
 732              		.loc 1 610 3 view .LVU239
ARM GAS  /tmp/cc1nuMuI.s 			page 25


 733              		.loc 1 610 7 is_stmt 0 view .LVU240
 734 0000 0388     		ldrh	r3, [r0]
 735 0002 9BB2     		uxth	r3, r3
 736              		.loc 1 610 13 view .LVU241
 737 0004 23F40063 		bic	r3, r3, #2048
 738 0008 9BB2     		uxth	r3, r3
 739 000a 0380     		strh	r3, [r0]	@ movhi
 611:./Libraries/src/stm32f4xx_spi.c ****   /* Set new DFF bit value */
 612:./Libraries/src/stm32f4xx_spi.c ****   SPIx->CR1 |= SPI_DataSize;
 740              		.loc 1 612 3 is_stmt 1 view .LVU242
 741              		.loc 1 612 7 is_stmt 0 view .LVU243
 742 000c 0388     		ldrh	r3, [r0]
 743 000e 9BB2     		uxth	r3, r3
 744              		.loc 1 612 13 view .LVU244
 745 0010 0B43     		orrs	r3, r3, r1
 746 0012 0380     		strh	r3, [r0]	@ movhi
 613:./Libraries/src/stm32f4xx_spi.c **** }
 747              		.loc 1 613 1 view .LVU245
 748 0014 7047     		bx	lr
 749              		.cfi_endproc
 750              	.LFE130:
 752              		.section	.text.SPI_BiDirectionalLineConfig,"ax",%progbits
 753              		.align	1
 754              		.global	SPI_BiDirectionalLineConfig
 755              		.syntax unified
 756              		.thumb
 757              		.thumb_func
 759              	SPI_BiDirectionalLineConfig:
 760              	.LVL68:
 761              	.LFB131:
 614:./Libraries/src/stm32f4xx_spi.c **** 
 615:./Libraries/src/stm32f4xx_spi.c **** /**
 616:./Libraries/src/stm32f4xx_spi.c ****   * @brief  Selects the data transfer direction in bidirectional mode for the specified SPI.
 617:./Libraries/src/stm32f4xx_spi.c ****   * @param  SPIx: where x can be 1, 2, 3, 4, 5 or 6 to select the SPI peripheral.
 618:./Libraries/src/stm32f4xx_spi.c ****   * @param  SPI_Direction: specifies the data transfer direction in bidirectional mode. 
 619:./Libraries/src/stm32f4xx_spi.c ****   *          This parameter can be one of the following values:
 620:./Libraries/src/stm32f4xx_spi.c ****   *            @arg SPI_Direction_Tx: Selects Tx transmission direction
 621:./Libraries/src/stm32f4xx_spi.c ****   *            @arg SPI_Direction_Rx: Selects Rx receive direction
 622:./Libraries/src/stm32f4xx_spi.c ****   * @retval None
 623:./Libraries/src/stm32f4xx_spi.c ****   */
 624:./Libraries/src/stm32f4xx_spi.c **** void SPI_BiDirectionalLineConfig(SPI_TypeDef* SPIx, uint16_t SPI_Direction)
 625:./Libraries/src/stm32f4xx_spi.c **** {
 762              		.loc 1 625 1 is_stmt 1 view -0
 763              		.cfi_startproc
 764              		@ args = 0, pretend = 0, frame = 0
 765              		@ frame_needed = 0, uses_anonymous_args = 0
 766              		@ link register save eliminated.
 626:./Libraries/src/stm32f4xx_spi.c ****   /* Check the parameters */
 627:./Libraries/src/stm32f4xx_spi.c ****   assert_param(IS_SPI_ALL_PERIPH(SPIx));
 767              		.loc 1 627 3 view .LVU247
 628:./Libraries/src/stm32f4xx_spi.c ****   assert_param(IS_SPI_DIRECTION(SPI_Direction));
 768              		.loc 1 628 3 view .LVU248
 629:./Libraries/src/stm32f4xx_spi.c ****   if (SPI_Direction == SPI_Direction_Tx)
 769              		.loc 1 629 3 view .LVU249
 770              		.loc 1 629 6 is_stmt 0 view .LVU250
 771 0000 B1F5804F 		cmp	r1, #16384
 772 0004 06D0     		beq	.L46
ARM GAS  /tmp/cc1nuMuI.s 			page 26


 630:./Libraries/src/stm32f4xx_spi.c ****   {
 631:./Libraries/src/stm32f4xx_spi.c ****     /* Set the Tx only mode */
 632:./Libraries/src/stm32f4xx_spi.c ****     SPIx->CR1 |= SPI_Direction_Tx;
 633:./Libraries/src/stm32f4xx_spi.c ****   }
 634:./Libraries/src/stm32f4xx_spi.c ****   else
 635:./Libraries/src/stm32f4xx_spi.c ****   {
 636:./Libraries/src/stm32f4xx_spi.c ****     /* Set the Rx only mode */
 637:./Libraries/src/stm32f4xx_spi.c ****     SPIx->CR1 &= SPI_Direction_Rx;
 773              		.loc 1 637 5 is_stmt 1 view .LVU251
 774              		.loc 1 637 9 is_stmt 0 view .LVU252
 775 0006 0388     		ldrh	r3, [r0]
 776 0008 9BB2     		uxth	r3, r3
 777              		.loc 1 637 15 view .LVU253
 778 000a 23F48043 		bic	r3, r3, #16384
 779 000e 9BB2     		uxth	r3, r3
 780 0010 0380     		strh	r3, [r0]	@ movhi
 638:./Libraries/src/stm32f4xx_spi.c ****   }
 639:./Libraries/src/stm32f4xx_spi.c **** }
 781              		.loc 1 639 1 view .LVU254
 782 0012 7047     		bx	lr
 783              	.L46:
 632:./Libraries/src/stm32f4xx_spi.c ****   }
 784              		.loc 1 632 5 is_stmt 1 view .LVU255
 632:./Libraries/src/stm32f4xx_spi.c ****   }
 785              		.loc 1 632 9 is_stmt 0 view .LVU256
 786 0014 0388     		ldrh	r3, [r0]
 787 0016 9BB2     		uxth	r3, r3
 632:./Libraries/src/stm32f4xx_spi.c ****   }
 788              		.loc 1 632 15 view .LVU257
 789 0018 43F48043 		orr	r3, r3, #16384
 790 001c 0380     		strh	r3, [r0]	@ movhi
 791 001e 7047     		bx	lr
 792              		.cfi_endproc
 793              	.LFE131:
 795              		.section	.text.SPI_NSSInternalSoftwareConfig,"ax",%progbits
 796              		.align	1
 797              		.global	SPI_NSSInternalSoftwareConfig
 798              		.syntax unified
 799              		.thumb
 800              		.thumb_func
 802              	SPI_NSSInternalSoftwareConfig:
 803              	.LVL69:
 804              	.LFB132:
 640:./Libraries/src/stm32f4xx_spi.c **** 
 641:./Libraries/src/stm32f4xx_spi.c **** /**
 642:./Libraries/src/stm32f4xx_spi.c ****   * @brief  Configures internally by software the NSS pin for the selected SPI.
 643:./Libraries/src/stm32f4xx_spi.c ****   * @param  SPIx: where x can be 1, 2, 3, 4, 5 or 6 to select the SPI peripheral.
 644:./Libraries/src/stm32f4xx_spi.c ****   * @param  SPI_NSSInternalSoft: specifies the SPI NSS internal state.
 645:./Libraries/src/stm32f4xx_spi.c ****   *          This parameter can be one of the following values:
 646:./Libraries/src/stm32f4xx_spi.c ****   *            @arg SPI_NSSInternalSoft_Set: Set NSS pin internally
 647:./Libraries/src/stm32f4xx_spi.c ****   *            @arg SPI_NSSInternalSoft_Reset: Reset NSS pin internally
 648:./Libraries/src/stm32f4xx_spi.c ****   * @retval None
 649:./Libraries/src/stm32f4xx_spi.c ****   */
 650:./Libraries/src/stm32f4xx_spi.c **** void SPI_NSSInternalSoftwareConfig(SPI_TypeDef* SPIx, uint16_t SPI_NSSInternalSoft)
 651:./Libraries/src/stm32f4xx_spi.c **** {
 805              		.loc 1 651 1 is_stmt 1 view -0
 806              		.cfi_startproc
ARM GAS  /tmp/cc1nuMuI.s 			page 27


 807              		@ args = 0, pretend = 0, frame = 0
 808              		@ frame_needed = 0, uses_anonymous_args = 0
 809              		@ link register save eliminated.
 652:./Libraries/src/stm32f4xx_spi.c ****   /* Check the parameters */
 653:./Libraries/src/stm32f4xx_spi.c ****   assert_param(IS_SPI_ALL_PERIPH(SPIx));
 810              		.loc 1 653 3 view .LVU259
 654:./Libraries/src/stm32f4xx_spi.c ****   assert_param(IS_SPI_NSS_INTERNAL(SPI_NSSInternalSoft));
 811              		.loc 1 654 3 view .LVU260
 655:./Libraries/src/stm32f4xx_spi.c ****   if (SPI_NSSInternalSoft != SPI_NSSInternalSoft_Reset)
 812              		.loc 1 655 3 view .LVU261
 813              		.loc 1 655 6 is_stmt 0 view .LVU262
 814 0000 4FF6FF63 		movw	r3, #65279
 815 0004 9942     		cmp	r1, r3
 816 0006 05D0     		beq	.L48
 656:./Libraries/src/stm32f4xx_spi.c ****   {
 657:./Libraries/src/stm32f4xx_spi.c ****     /* Set NSS pin internally by software */
 658:./Libraries/src/stm32f4xx_spi.c ****     SPIx->CR1 |= SPI_NSSInternalSoft_Set;
 817              		.loc 1 658 5 is_stmt 1 view .LVU263
 818              		.loc 1 658 9 is_stmt 0 view .LVU264
 819 0008 0388     		ldrh	r3, [r0]
 820 000a 9BB2     		uxth	r3, r3
 821              		.loc 1 658 15 view .LVU265
 822 000c 43F48073 		orr	r3, r3, #256
 823 0010 0380     		strh	r3, [r0]	@ movhi
 824 0012 7047     		bx	lr
 825              	.L48:
 659:./Libraries/src/stm32f4xx_spi.c ****   }
 660:./Libraries/src/stm32f4xx_spi.c ****   else
 661:./Libraries/src/stm32f4xx_spi.c ****   {
 662:./Libraries/src/stm32f4xx_spi.c ****     /* Reset NSS pin internally by software */
 663:./Libraries/src/stm32f4xx_spi.c ****     SPIx->CR1 &= SPI_NSSInternalSoft_Reset;
 826              		.loc 1 663 5 is_stmt 1 view .LVU266
 827              		.loc 1 663 9 is_stmt 0 view .LVU267
 828 0014 0388     		ldrh	r3, [r0]
 829 0016 9BB2     		uxth	r3, r3
 830              		.loc 1 663 15 view .LVU268
 831 0018 23F48073 		bic	r3, r3, #256
 832 001c 9BB2     		uxth	r3, r3
 833 001e 0380     		strh	r3, [r0]	@ movhi
 664:./Libraries/src/stm32f4xx_spi.c ****   }
 665:./Libraries/src/stm32f4xx_spi.c **** }
 834              		.loc 1 665 1 view .LVU269
 835 0020 7047     		bx	lr
 836              		.cfi_endproc
 837              	.LFE132:
 839              		.section	.text.SPI_SSOutputCmd,"ax",%progbits
 840              		.align	1
 841              		.global	SPI_SSOutputCmd
 842              		.syntax unified
 843              		.thumb
 844              		.thumb_func
 846              	SPI_SSOutputCmd:
 847              	.LVL70:
 848              	.LFB133:
 666:./Libraries/src/stm32f4xx_spi.c **** 
 667:./Libraries/src/stm32f4xx_spi.c **** /**
 668:./Libraries/src/stm32f4xx_spi.c ****   * @brief  Enables or disables the SS output for the selected SPI.
ARM GAS  /tmp/cc1nuMuI.s 			page 28


 669:./Libraries/src/stm32f4xx_spi.c ****   * @param  SPIx: where x can be 1, 2, 3, 4, 5 or 6 to select the SPI peripheral.
 670:./Libraries/src/stm32f4xx_spi.c ****   * @param  NewState: new state of the SPIx SS output. 
 671:./Libraries/src/stm32f4xx_spi.c ****   *          This parameter can be: ENABLE or DISABLE.
 672:./Libraries/src/stm32f4xx_spi.c ****   * @retval None
 673:./Libraries/src/stm32f4xx_spi.c ****   */
 674:./Libraries/src/stm32f4xx_spi.c **** void SPI_SSOutputCmd(SPI_TypeDef* SPIx, FunctionalState NewState)
 675:./Libraries/src/stm32f4xx_spi.c **** {
 849              		.loc 1 675 1 is_stmt 1 view -0
 850              		.cfi_startproc
 851              		@ args = 0, pretend = 0, frame = 0
 852              		@ frame_needed = 0, uses_anonymous_args = 0
 853              		@ link register save eliminated.
 676:./Libraries/src/stm32f4xx_spi.c ****   /* Check the parameters */
 677:./Libraries/src/stm32f4xx_spi.c ****   assert_param(IS_SPI_ALL_PERIPH(SPIx));
 854              		.loc 1 677 3 view .LVU271
 678:./Libraries/src/stm32f4xx_spi.c ****   assert_param(IS_FUNCTIONAL_STATE(NewState));
 855              		.loc 1 678 3 view .LVU272
 679:./Libraries/src/stm32f4xx_spi.c ****   if (NewState != DISABLE)
 856              		.loc 1 679 3 view .LVU273
 857              		.loc 1 679 6 is_stmt 0 view .LVU274
 858 0000 29B1     		cbz	r1, .L51
 680:./Libraries/src/stm32f4xx_spi.c ****   {
 681:./Libraries/src/stm32f4xx_spi.c ****     /* Enable the selected SPI SS output */
 682:./Libraries/src/stm32f4xx_spi.c ****     SPIx->CR2 |= (uint16_t)SPI_CR2_SSOE;
 859              		.loc 1 682 5 is_stmt 1 view .LVU275
 860              		.loc 1 682 9 is_stmt 0 view .LVU276
 861 0002 8388     		ldrh	r3, [r0, #4]
 862 0004 9BB2     		uxth	r3, r3
 863              		.loc 1 682 15 view .LVU277
 864 0006 43F00403 		orr	r3, r3, #4
 865 000a 8380     		strh	r3, [r0, #4]	@ movhi
 866 000c 7047     		bx	lr
 867              	.L51:
 683:./Libraries/src/stm32f4xx_spi.c ****   }
 684:./Libraries/src/stm32f4xx_spi.c ****   else
 685:./Libraries/src/stm32f4xx_spi.c ****   {
 686:./Libraries/src/stm32f4xx_spi.c ****     /* Disable the selected SPI SS output */
 687:./Libraries/src/stm32f4xx_spi.c ****     SPIx->CR2 &= (uint16_t)~((uint16_t)SPI_CR2_SSOE);
 868              		.loc 1 687 5 is_stmt 1 view .LVU278
 869              		.loc 1 687 9 is_stmt 0 view .LVU279
 870 000e 8388     		ldrh	r3, [r0, #4]
 871 0010 9BB2     		uxth	r3, r3
 872              		.loc 1 687 15 view .LVU280
 873 0012 23F00403 		bic	r3, r3, #4
 874 0016 9BB2     		uxth	r3, r3
 875 0018 8380     		strh	r3, [r0, #4]	@ movhi
 688:./Libraries/src/stm32f4xx_spi.c ****   }
 689:./Libraries/src/stm32f4xx_spi.c **** }
 876              		.loc 1 689 1 view .LVU281
 877 001a 7047     		bx	lr
 878              		.cfi_endproc
 879              	.LFE133:
 881              		.section	.text.SPI_TIModeCmd,"ax",%progbits
 882              		.align	1
 883              		.global	SPI_TIModeCmd
 884              		.syntax unified
 885              		.thumb
ARM GAS  /tmp/cc1nuMuI.s 			page 29


 886              		.thumb_func
 888              	SPI_TIModeCmd:
 889              	.LVL71:
 890              	.LFB134:
 690:./Libraries/src/stm32f4xx_spi.c **** 
 691:./Libraries/src/stm32f4xx_spi.c **** /**
 692:./Libraries/src/stm32f4xx_spi.c ****   * @brief  Enables or disables the SPIx/I2Sx DMA interface.
 693:./Libraries/src/stm32f4xx_spi.c ****   *   
 694:./Libraries/src/stm32f4xx_spi.c ****   * @note   This function can be called only after the SPI_Init() function has 
 695:./Libraries/src/stm32f4xx_spi.c ****   *         been called. 
 696:./Libraries/src/stm32f4xx_spi.c ****   * @note   When TI mode is selected, the control bits SSM, SSI, CPOL and CPHA 
 697:./Libraries/src/stm32f4xx_spi.c ****   *         are not taken into consideration and are configured by hardware
 698:./Libraries/src/stm32f4xx_spi.c ****   *         respectively to the TI mode requirements.  
 699:./Libraries/src/stm32f4xx_spi.c ****   * 
 700:./Libraries/src/stm32f4xx_spi.c ****   * @param  SPIx: where x can be 1, 2, 3, 4, 5 or 6 
 701:./Libraries/src/stm32f4xx_spi.c ****   * @param  NewState: new state of the selected SPI TI communication mode.
 702:./Libraries/src/stm32f4xx_spi.c ****   *          This parameter can be: ENABLE or DISABLE.
 703:./Libraries/src/stm32f4xx_spi.c ****   * @retval None
 704:./Libraries/src/stm32f4xx_spi.c ****   */
 705:./Libraries/src/stm32f4xx_spi.c **** void SPI_TIModeCmd(SPI_TypeDef* SPIx, FunctionalState NewState)
 706:./Libraries/src/stm32f4xx_spi.c **** {
 891              		.loc 1 706 1 is_stmt 1 view -0
 892              		.cfi_startproc
 893              		@ args = 0, pretend = 0, frame = 0
 894              		@ frame_needed = 0, uses_anonymous_args = 0
 895              		@ link register save eliminated.
 707:./Libraries/src/stm32f4xx_spi.c ****   /* Check the parameters */
 708:./Libraries/src/stm32f4xx_spi.c ****   assert_param(IS_SPI_ALL_PERIPH(SPIx));
 896              		.loc 1 708 3 view .LVU283
 709:./Libraries/src/stm32f4xx_spi.c ****   assert_param(IS_FUNCTIONAL_STATE(NewState));
 897              		.loc 1 709 3 view .LVU284
 710:./Libraries/src/stm32f4xx_spi.c **** 
 711:./Libraries/src/stm32f4xx_spi.c ****   if (NewState != DISABLE)
 898              		.loc 1 711 3 view .LVU285
 899              		.loc 1 711 6 is_stmt 0 view .LVU286
 900 0000 29B1     		cbz	r1, .L54
 712:./Libraries/src/stm32f4xx_spi.c ****   {
 713:./Libraries/src/stm32f4xx_spi.c ****     /* Enable the TI mode for the selected SPI peripheral */
 714:./Libraries/src/stm32f4xx_spi.c ****     SPIx->CR2 |= SPI_CR2_FRF;
 901              		.loc 1 714 5 is_stmt 1 view .LVU287
 902              		.loc 1 714 9 is_stmt 0 view .LVU288
 903 0002 8388     		ldrh	r3, [r0, #4]
 904 0004 9BB2     		uxth	r3, r3
 905              		.loc 1 714 15 view .LVU289
 906 0006 43F01003 		orr	r3, r3, #16
 907 000a 8380     		strh	r3, [r0, #4]	@ movhi
 908 000c 7047     		bx	lr
 909              	.L54:
 715:./Libraries/src/stm32f4xx_spi.c ****   }
 716:./Libraries/src/stm32f4xx_spi.c ****   else
 717:./Libraries/src/stm32f4xx_spi.c ****   {
 718:./Libraries/src/stm32f4xx_spi.c ****     /* Disable the TI mode for the selected SPI peripheral */
 719:./Libraries/src/stm32f4xx_spi.c ****     SPIx->CR2 &= (uint16_t)~SPI_CR2_FRF;
 910              		.loc 1 719 5 is_stmt 1 view .LVU290
 911              		.loc 1 719 9 is_stmt 0 view .LVU291
 912 000e 8388     		ldrh	r3, [r0, #4]
 913 0010 9BB2     		uxth	r3, r3
ARM GAS  /tmp/cc1nuMuI.s 			page 30


 914              		.loc 1 719 15 view .LVU292
 915 0012 23F01003 		bic	r3, r3, #16
 916 0016 9BB2     		uxth	r3, r3
 917 0018 8380     		strh	r3, [r0, #4]	@ movhi
 720:./Libraries/src/stm32f4xx_spi.c ****   }
 721:./Libraries/src/stm32f4xx_spi.c **** }
 918              		.loc 1 721 1 view .LVU293
 919 001a 7047     		bx	lr
 920              		.cfi_endproc
 921              	.LFE134:
 923              		.section	.text.I2S_FullDuplexConfig,"ax",%progbits
 924              		.align	1
 925              		.global	I2S_FullDuplexConfig
 926              		.syntax unified
 927              		.thumb
 928              		.thumb_func
 930              	I2S_FullDuplexConfig:
 931              	.LVL72:
 932              	.LFB135:
 722:./Libraries/src/stm32f4xx_spi.c **** 
 723:./Libraries/src/stm32f4xx_spi.c **** /**
 724:./Libraries/src/stm32f4xx_spi.c ****   * @brief  Configures the full duplex mode for the I2Sx peripheral using its
 725:./Libraries/src/stm32f4xx_spi.c ****   *         extension I2Sxext according to the specified parameters in the 
 726:./Libraries/src/stm32f4xx_spi.c ****   *         I2S_InitStruct.
 727:./Libraries/src/stm32f4xx_spi.c ****   * @param  I2Sxext: where x can be  2 or 3 to select the I2S peripheral extension block.
 728:./Libraries/src/stm32f4xx_spi.c ****   * @param  I2S_InitStruct: pointer to an I2S_InitTypeDef structure that
 729:./Libraries/src/stm32f4xx_spi.c ****   *         contains the configuration information for the specified I2S peripheral
 730:./Libraries/src/stm32f4xx_spi.c ****   *         extension.
 731:./Libraries/src/stm32f4xx_spi.c ****   * 
 732:./Libraries/src/stm32f4xx_spi.c ****   * @note   The structure pointed by I2S_InitStruct parameter should be the same
 733:./Libraries/src/stm32f4xx_spi.c ****   *         used for the master I2S peripheral. In this case, if the master is 
 734:./Libraries/src/stm32f4xx_spi.c ****   *         configured as transmitter, the slave will be receiver and vice versa.
 735:./Libraries/src/stm32f4xx_spi.c ****   *         Or you can force a different mode by modifying the field I2S_Mode to the
 736:./Libraries/src/stm32f4xx_spi.c ****   *         value I2S_SlaveRx or I2S_SlaveTx independently of the master configuration.    
 737:./Libraries/src/stm32f4xx_spi.c ****   *         
 738:./Libraries/src/stm32f4xx_spi.c ****   * @note   The I2S full duplex extension can be configured in slave mode only.    
 739:./Libraries/src/stm32f4xx_spi.c ****   *  
 740:./Libraries/src/stm32f4xx_spi.c ****   * @retval None
 741:./Libraries/src/stm32f4xx_spi.c ****   */
 742:./Libraries/src/stm32f4xx_spi.c **** void I2S_FullDuplexConfig(SPI_TypeDef* I2Sxext, I2S_InitTypeDef* I2S_InitStruct)
 743:./Libraries/src/stm32f4xx_spi.c **** {
 933              		.loc 1 743 1 is_stmt 1 view -0
 934              		.cfi_startproc
 935              		@ args = 0, pretend = 0, frame = 0
 936              		@ frame_needed = 0, uses_anonymous_args = 0
 937              		.loc 1 743 1 is_stmt 0 view .LVU295
 938 0000 00B5     		push	{lr}
 939              	.LCFI3:
 940              		.cfi_def_cfa_offset 4
 941              		.cfi_offset 14, -4
 744:./Libraries/src/stm32f4xx_spi.c ****   uint16_t tmpreg = 0, tmp = 0;
 942              		.loc 1 744 3 is_stmt 1 view .LVU296
 943              	.LVL73:
 745:./Libraries/src/stm32f4xx_spi.c ****   
 746:./Libraries/src/stm32f4xx_spi.c ****   /* Check the I2S parameters */
 747:./Libraries/src/stm32f4xx_spi.c ****   assert_param(IS_I2S_EXT_PERIPH(I2Sxext));
 944              		.loc 1 747 3 view .LVU297
ARM GAS  /tmp/cc1nuMuI.s 			page 31


 748:./Libraries/src/stm32f4xx_spi.c ****   assert_param(IS_I2S_MODE(I2S_InitStruct->I2S_Mode));
 945              		.loc 1 748 3 view .LVU298
 749:./Libraries/src/stm32f4xx_spi.c ****   assert_param(IS_I2S_STANDARD(I2S_InitStruct->I2S_Standard));
 946              		.loc 1 749 3 view .LVU299
 750:./Libraries/src/stm32f4xx_spi.c ****   assert_param(IS_I2S_DATA_FORMAT(I2S_InitStruct->I2S_DataFormat));
 947              		.loc 1 750 3 view .LVU300
 751:./Libraries/src/stm32f4xx_spi.c ****   assert_param(IS_I2S_CPOL(I2S_InitStruct->I2S_CPOL));  
 948              		.loc 1 751 3 view .LVU301
 752:./Libraries/src/stm32f4xx_spi.c **** 
 753:./Libraries/src/stm32f4xx_spi.c **** /*----------------------- SPIx I2SCFGR & I2SPR Configuration -----------------*/
 754:./Libraries/src/stm32f4xx_spi.c ****   /* Clear I2SMOD, I2SE, I2SCFG, PCMSYNC, I2SSTD, CKPOL, DATLEN and CHLEN bits */
 755:./Libraries/src/stm32f4xx_spi.c ****   I2Sxext->I2SCFGR &= I2SCFGR_CLEAR_MASK; 
 949              		.loc 1 755 3 view .LVU302
 950              		.loc 1 755 10 is_stmt 0 view .LVU303
 951 0002 838B     		ldrh	r3, [r0, #28]
 952 0004 9BB2     		uxth	r3, r3
 953              		.loc 1 755 20 view .LVU304
 954 0006 23F47B63 		bic	r3, r3, #4016
 955 000a 23F00F03 		bic	r3, r3, #15
 956 000e 9BB2     		uxth	r3, r3
 957 0010 8383     		strh	r3, [r0, #28]	@ movhi
 756:./Libraries/src/stm32f4xx_spi.c ****   I2Sxext->I2SPR = 0x0002;
 958              		.loc 1 756 3 is_stmt 1 view .LVU305
 959              		.loc 1 756 18 is_stmt 0 view .LVU306
 960 0012 0223     		movs	r3, #2
 961 0014 0384     		strh	r3, [r0, #32]	@ movhi
 757:./Libraries/src/stm32f4xx_spi.c ****   
 758:./Libraries/src/stm32f4xx_spi.c ****   /* Get the I2SCFGR register value */
 759:./Libraries/src/stm32f4xx_spi.c ****   tmpreg = I2Sxext->I2SCFGR;
 962              		.loc 1 759 3 is_stmt 1 view .LVU307
 963              		.loc 1 759 10 is_stmt 0 view .LVU308
 964 0016 828B     		ldrh	r2, [r0, #28]
 965 0018 92B2     		uxth	r2, r2
 966              	.LVL74:
 760:./Libraries/src/stm32f4xx_spi.c ****   
 761:./Libraries/src/stm32f4xx_spi.c ****   /* Get the mode to be configured for the extended I2S */
 762:./Libraries/src/stm32f4xx_spi.c ****   if ((I2S_InitStruct->I2S_Mode == I2S_Mode_MasterTx) || (I2S_InitStruct->I2S_Mode == I2S_Mode_Slav
 967              		.loc 1 762 3 is_stmt 1 view .LVU309
 968              		.loc 1 762 22 is_stmt 0 view .LVU310
 969 001a 0B88     		ldrh	r3, [r1]
 970              		.loc 1 762 6 view .LVU311
 971 001c B3F5007F 		cmp	r3, #512
 972 0020 03D0     		beq	.L58
 973              		.loc 1 762 55 discriminator 1 view .LVU312
 974 0022 9BB9     		cbnz	r3, .L59
 763:./Libraries/src/stm32f4xx_spi.c ****   {
 764:./Libraries/src/stm32f4xx_spi.c ****     tmp = I2S_Mode_SlaveRx;
 975              		.loc 1 764 9 view .LVU313
 976 0024 4FF4807E 		mov	lr, #256
 977 0028 01E0     		b	.L57
 978              	.L58:
 979 002a 4FF4807E 		mov	lr, #256
 980              	.L57:
 981              	.LVL75:
 765:./Libraries/src/stm32f4xx_spi.c ****   }
 766:./Libraries/src/stm32f4xx_spi.c ****   else
 767:./Libraries/src/stm32f4xx_spi.c ****   {
ARM GAS  /tmp/cc1nuMuI.s 			page 32


 768:./Libraries/src/stm32f4xx_spi.c ****     if ((I2S_InitStruct->I2S_Mode == I2S_Mode_MasterRx) || (I2S_InitStruct->I2S_Mode == I2S_Mode_Sl
 769:./Libraries/src/stm32f4xx_spi.c ****     {
 770:./Libraries/src/stm32f4xx_spi.c ****       tmp = I2S_Mode_SlaveTx;
 771:./Libraries/src/stm32f4xx_spi.c ****     }
 772:./Libraries/src/stm32f4xx_spi.c ****   }
 773:./Libraries/src/stm32f4xx_spi.c **** 
 774:./Libraries/src/stm32f4xx_spi.c ****  
 775:./Libraries/src/stm32f4xx_spi.c ****   /* Configure the I2S with the SPI_InitStruct values */
 776:./Libraries/src/stm32f4xx_spi.c ****   tmpreg |= (uint16_t)((uint16_t)SPI_I2SCFGR_I2SMOD | (uint16_t)(tmp | \
 982              		.loc 1 776 3 is_stmt 1 view .LVU314
 777:./Libraries/src/stm32f4xx_spi.c ****                   (uint16_t)(I2S_InitStruct->I2S_Standard | (uint16_t)(I2S_InitStruct->I2S_DataForm
 983              		.loc 1 777 44 is_stmt 0 view .LVU315
 984 002e 4B88     		ldrh	r3, [r1, #2]
 985              		.loc 1 777 86 view .LVU316
 986 0030 B1F804C0 		ldrh	ip, [r1, #4]
 778:./Libraries/src/stm32f4xx_spi.c ****                   (uint16_t)I2S_InitStruct->I2S_CPOL))));
 987              		.loc 1 778 43 view .LVU317
 988 0034 8989     		ldrh	r1, [r1, #12]
 989              	.LVL76:
 777:./Libraries/src/stm32f4xx_spi.c ****                   (uint16_t)(I2S_InitStruct->I2S_Standard | (uint16_t)(I2S_InitStruct->I2S_DataForm
 990              		.loc 1 777 61 view .LVU318
 991 0036 4CEA0101 		orr	r1, ip, r1
 777:./Libraries/src/stm32f4xx_spi.c ****                   (uint16_t)(I2S_InitStruct->I2S_Standard | (uint16_t)(I2S_InitStruct->I2S_DataForm
 992              		.loc 1 777 19 view .LVU319
 993 003a 0B43     		orrs	r3, r3, r1
 776:./Libraries/src/stm32f4xx_spi.c ****                   (uint16_t)(I2S_InitStruct->I2S_Standard | (uint16_t)(I2S_InitStruct->I2S_DataForm
 994              		.loc 1 776 55 view .LVU320
 995 003c 43EA0E03 		orr	r3, r3, lr
 776:./Libraries/src/stm32f4xx_spi.c ****                   (uint16_t)(I2S_InitStruct->I2S_Standard | (uint16_t)(I2S_InitStruct->I2S_DataForm
 996              		.loc 1 776 10 view .LVU321
 997 0040 1343     		orrs	r3, r3, r2
 998 0042 43F40063 		orr	r3, r3, #2048
 999              	.LVL77:
 779:./Libraries/src/stm32f4xx_spi.c ****  
 780:./Libraries/src/stm32f4xx_spi.c ****   /* Write to SPIx I2SCFGR */  
 781:./Libraries/src/stm32f4xx_spi.c ****   I2Sxext->I2SCFGR = tmpreg;
 1000              		.loc 1 781 3 is_stmt 1 view .LVU322
 1001              		.loc 1 781 20 is_stmt 0 view .LVU323
 1002 0046 8383     		strh	r3, [r0, #28]	@ movhi
 782:./Libraries/src/stm32f4xx_spi.c **** }
 1003              		.loc 1 782 1 view .LVU324
 1004 0048 5DF804FB 		ldr	pc, [sp], #4
 1005              	.LVL78:
 1006              	.L59:
 770:./Libraries/src/stm32f4xx_spi.c ****     }
 1007              		.loc 1 770 11 view .LVU325
 1008 004c 4FF0000E 		mov	lr, #0
 1009 0050 EDE7     		b	.L57
 1010              		.cfi_endproc
 1011              	.LFE135:
 1013              		.section	.text.SPI_I2S_ReceiveData,"ax",%progbits
 1014              		.align	1
 1015              		.global	SPI_I2S_ReceiveData
 1016              		.syntax unified
 1017              		.thumb
 1018              		.thumb_func
 1020              	SPI_I2S_ReceiveData:
ARM GAS  /tmp/cc1nuMuI.s 			page 33


 1021              	.LVL79:
 1022              	.LFB136:
 783:./Libraries/src/stm32f4xx_spi.c **** 
 784:./Libraries/src/stm32f4xx_spi.c **** /**
 785:./Libraries/src/stm32f4xx_spi.c ****   * @}
 786:./Libraries/src/stm32f4xx_spi.c ****   */
 787:./Libraries/src/stm32f4xx_spi.c **** 
 788:./Libraries/src/stm32f4xx_spi.c **** /** @defgroup SPI_Group2 Data transfers functions
 789:./Libraries/src/stm32f4xx_spi.c ****  *  @brief   Data transfers functions
 790:./Libraries/src/stm32f4xx_spi.c ****  *
 791:./Libraries/src/stm32f4xx_spi.c **** @verbatim   
 792:./Libraries/src/stm32f4xx_spi.c ****  ===============================================================================
 793:./Libraries/src/stm32f4xx_spi.c ****                       ##### Data transfers functions #####
 794:./Libraries/src/stm32f4xx_spi.c ****  ===============================================================================  
 795:./Libraries/src/stm32f4xx_spi.c **** 
 796:./Libraries/src/stm32f4xx_spi.c ****  [..] This section provides a set of functions allowing to manage the SPI data 
 797:./Libraries/src/stm32f4xx_spi.c ****       transfers. In reception, data are received and then stored into an internal 
 798:./Libraries/src/stm32f4xx_spi.c ****       Rx buffer while. In transmission, data are first stored into an internal Tx 
 799:./Libraries/src/stm32f4xx_spi.c ****       buffer before being transmitted.
 800:./Libraries/src/stm32f4xx_spi.c **** 
 801:./Libraries/src/stm32f4xx_spi.c ****  [..] The read access of the SPI_DR register can be done using the SPI_I2S_ReceiveData()
 802:./Libraries/src/stm32f4xx_spi.c ****       function and returns the Rx buffered value. Whereas a write access to the SPI_DR 
 803:./Libraries/src/stm32f4xx_spi.c ****       can be done using SPI_I2S_SendData() function and stores the written data into 
 804:./Libraries/src/stm32f4xx_spi.c ****       Tx buffer.
 805:./Libraries/src/stm32f4xx_spi.c **** 
 806:./Libraries/src/stm32f4xx_spi.c **** @endverbatim
 807:./Libraries/src/stm32f4xx_spi.c ****   * @{
 808:./Libraries/src/stm32f4xx_spi.c ****   */
 809:./Libraries/src/stm32f4xx_spi.c **** 
 810:./Libraries/src/stm32f4xx_spi.c **** /**
 811:./Libraries/src/stm32f4xx_spi.c ****   * @brief  Returns the most recent received data by the SPIx/I2Sx peripheral. 
 812:./Libraries/src/stm32f4xx_spi.c ****   * @param  SPIx: To select the SPIx/I2Sx peripheral, where x can be: 1, 2, 3, 4, 5 or 6 
 813:./Libraries/src/stm32f4xx_spi.c ****   *         in SPI mode or 2 or 3 in I2S mode or I2Sxext for I2S full duplex mode. 
 814:./Libraries/src/stm32f4xx_spi.c ****   * @retval The value of the received data.
 815:./Libraries/src/stm32f4xx_spi.c ****   */
 816:./Libraries/src/stm32f4xx_spi.c **** uint16_t SPI_I2S_ReceiveData(SPI_TypeDef* SPIx)
 817:./Libraries/src/stm32f4xx_spi.c **** {
 1023              		.loc 1 817 1 is_stmt 1 view -0
 1024              		.cfi_startproc
 1025              		@ args = 0, pretend = 0, frame = 0
 1026              		@ frame_needed = 0, uses_anonymous_args = 0
 1027              		@ link register save eliminated.
 818:./Libraries/src/stm32f4xx_spi.c ****   /* Check the parameters */
 819:./Libraries/src/stm32f4xx_spi.c ****   assert_param(IS_SPI_ALL_PERIPH_EXT(SPIx));
 1028              		.loc 1 819 3 view .LVU327
 820:./Libraries/src/stm32f4xx_spi.c ****   
 821:./Libraries/src/stm32f4xx_spi.c ****   /* Return the data in the DR register */
 822:./Libraries/src/stm32f4xx_spi.c ****   return SPIx->DR;
 1029              		.loc 1 822 3 view .LVU328
 1030              		.loc 1 822 14 is_stmt 0 view .LVU329
 1031 0000 8089     		ldrh	r0, [r0, #12]
 1032              	.LVL80:
 823:./Libraries/src/stm32f4xx_spi.c **** }
 1033              		.loc 1 823 1 view .LVU330
 1034 0002 80B2     		uxth	r0, r0
 1035 0004 7047     		bx	lr
 1036              		.cfi_endproc
ARM GAS  /tmp/cc1nuMuI.s 			page 34


 1037              	.LFE136:
 1039              		.section	.text.SPI_I2S_SendData,"ax",%progbits
 1040              		.align	1
 1041              		.global	SPI_I2S_SendData
 1042              		.syntax unified
 1043              		.thumb
 1044              		.thumb_func
 1046              	SPI_I2S_SendData:
 1047              	.LVL81:
 1048              	.LFB137:
 824:./Libraries/src/stm32f4xx_spi.c **** 
 825:./Libraries/src/stm32f4xx_spi.c **** /**
 826:./Libraries/src/stm32f4xx_spi.c ****   * @brief  Transmits a Data through the SPIx/I2Sx peripheral.
 827:./Libraries/src/stm32f4xx_spi.c ****   * @param  SPIx: To select the SPIx/I2Sx peripheral, where x can be: 1, 2, 3, 4, 5 or 6 
 828:./Libraries/src/stm32f4xx_spi.c ****   *         in SPI mode or 2 or 3 in I2S mode or I2Sxext for I2S full duplex mode.     
 829:./Libraries/src/stm32f4xx_spi.c ****   * @param  Data: Data to be transmitted.
 830:./Libraries/src/stm32f4xx_spi.c ****   * @retval None
 831:./Libraries/src/stm32f4xx_spi.c ****   */
 832:./Libraries/src/stm32f4xx_spi.c **** void SPI_I2S_SendData(SPI_TypeDef* SPIx, uint16_t Data)
 833:./Libraries/src/stm32f4xx_spi.c **** {
 1049              		.loc 1 833 1 is_stmt 1 view -0
 1050              		.cfi_startproc
 1051              		@ args = 0, pretend = 0, frame = 0
 1052              		@ frame_needed = 0, uses_anonymous_args = 0
 1053              		@ link register save eliminated.
 834:./Libraries/src/stm32f4xx_spi.c ****   /* Check the parameters */
 835:./Libraries/src/stm32f4xx_spi.c ****   assert_param(IS_SPI_ALL_PERIPH_EXT(SPIx));
 1054              		.loc 1 835 3 view .LVU332
 836:./Libraries/src/stm32f4xx_spi.c ****   
 837:./Libraries/src/stm32f4xx_spi.c ****   /* Write in the DR register the data to be sent */
 838:./Libraries/src/stm32f4xx_spi.c ****   SPIx->DR = Data;
 1055              		.loc 1 838 3 view .LVU333
 1056              		.loc 1 838 12 is_stmt 0 view .LVU334
 1057 0000 8181     		strh	r1, [r0, #12]	@ movhi
 839:./Libraries/src/stm32f4xx_spi.c **** }
 1058              		.loc 1 839 1 view .LVU335
 1059 0002 7047     		bx	lr
 1060              		.cfi_endproc
 1061              	.LFE137:
 1063              		.section	.text.SPI_CalculateCRC,"ax",%progbits
 1064              		.align	1
 1065              		.global	SPI_CalculateCRC
 1066              		.syntax unified
 1067              		.thumb
 1068              		.thumb_func
 1070              	SPI_CalculateCRC:
 1071              	.LVL82:
 1072              	.LFB138:
 840:./Libraries/src/stm32f4xx_spi.c **** 
 841:./Libraries/src/stm32f4xx_spi.c **** /**
 842:./Libraries/src/stm32f4xx_spi.c ****   * @}
 843:./Libraries/src/stm32f4xx_spi.c ****   */
 844:./Libraries/src/stm32f4xx_spi.c **** 
 845:./Libraries/src/stm32f4xx_spi.c **** /** @defgroup SPI_Group3 Hardware CRC Calculation functions
 846:./Libraries/src/stm32f4xx_spi.c ****  *  @brief   Hardware CRC Calculation functions
 847:./Libraries/src/stm32f4xx_spi.c ****  *
 848:./Libraries/src/stm32f4xx_spi.c **** @verbatim   
ARM GAS  /tmp/cc1nuMuI.s 			page 35


 849:./Libraries/src/stm32f4xx_spi.c ****  ===============================================================================
 850:./Libraries/src/stm32f4xx_spi.c ****                  ##### Hardware CRC Calculation functions #####
 851:./Libraries/src/stm32f4xx_spi.c ****  ===============================================================================  
 852:./Libraries/src/stm32f4xx_spi.c **** 
 853:./Libraries/src/stm32f4xx_spi.c ****  [..] This section provides a set of functions allowing to manage the SPI CRC hardware 
 854:./Libraries/src/stm32f4xx_spi.c ****       calculation
 855:./Libraries/src/stm32f4xx_spi.c **** 
 856:./Libraries/src/stm32f4xx_spi.c ****  [..] SPI communication using CRC is possible through the following procedure:
 857:./Libraries/src/stm32f4xx_spi.c ****    (#) Program the Data direction, Polarity, Phase, First Data, Baud Rate Prescaler, 
 858:./Libraries/src/stm32f4xx_spi.c ****        Slave Management, Peripheral Mode and CRC Polynomial values using the SPI_Init()
 859:./Libraries/src/stm32f4xx_spi.c ****        function.
 860:./Libraries/src/stm32f4xx_spi.c ****    (#) Enable the CRC calculation using the SPI_CalculateCRC() function.
 861:./Libraries/src/stm32f4xx_spi.c ****    (#) Enable the SPI using the SPI_Cmd() function
 862:./Libraries/src/stm32f4xx_spi.c ****    (#) Before writing the last data to the TX buffer, set the CRCNext bit using the 
 863:./Libraries/src/stm32f4xx_spi.c ****        SPI_TransmitCRC() function to indicate that after transmission of the last 
 864:./Libraries/src/stm32f4xx_spi.c ****        data, the CRC should be transmitted.
 865:./Libraries/src/stm32f4xx_spi.c ****    (#) After transmitting the last data, the SPI transmits the CRC. The SPI_CR1_CRCNEXT
 866:./Libraries/src/stm32f4xx_spi.c ****         bit is reset. The CRC is also received and compared against the SPI_RXCRCR 
 867:./Libraries/src/stm32f4xx_spi.c ****         value. 
 868:./Libraries/src/stm32f4xx_spi.c ****         If the value does not match, the SPI_FLAG_CRCERR flag is set and an interrupt
 869:./Libraries/src/stm32f4xx_spi.c ****         can be generated when the SPI_I2S_IT_ERR interrupt is enabled.
 870:./Libraries/src/stm32f4xx_spi.c **** 
 871:./Libraries/src/stm32f4xx_spi.c ****  [..]
 872:./Libraries/src/stm32f4xx_spi.c ****    (@) It is advised not to read the calculated CRC values during the communication.
 873:./Libraries/src/stm32f4xx_spi.c **** 
 874:./Libraries/src/stm32f4xx_spi.c ****    (@) When the SPI is in slave mode, be careful to enable CRC calculation only 
 875:./Libraries/src/stm32f4xx_spi.c ****        when the clock is stable, that is, when the clock is in the steady state. 
 876:./Libraries/src/stm32f4xx_spi.c ****        If not, a wrong CRC calculation may be done. In fact, the CRC is sensitive 
 877:./Libraries/src/stm32f4xx_spi.c ****        to the SCK slave input clock as soon as CRCEN is set, and this, whatever 
 878:./Libraries/src/stm32f4xx_spi.c ****        the value of the SPE bit.
 879:./Libraries/src/stm32f4xx_spi.c **** 
 880:./Libraries/src/stm32f4xx_spi.c ****    (@) With high bitrate frequencies, be careful when transmitting the CRC.
 881:./Libraries/src/stm32f4xx_spi.c ****        As the number of used CPU cycles has to be as low as possible in the CRC 
 882:./Libraries/src/stm32f4xx_spi.c ****        transfer phase, it is forbidden to call software functions in the CRC 
 883:./Libraries/src/stm32f4xx_spi.c ****        transmission sequence to avoid errors in the last data and CRC reception. 
 884:./Libraries/src/stm32f4xx_spi.c ****        In fact, CRCNEXT bit has to be written before the end of the transmission/reception 
 885:./Libraries/src/stm32f4xx_spi.c ****        of the last data.
 886:./Libraries/src/stm32f4xx_spi.c **** 
 887:./Libraries/src/stm32f4xx_spi.c ****    (@) For high bit rate frequencies, it is advised to use the DMA mode to avoid the
 888:./Libraries/src/stm32f4xx_spi.c ****        degradation of the SPI speed performance due to CPU accesses impacting the 
 889:./Libraries/src/stm32f4xx_spi.c ****        SPI bandwidth.
 890:./Libraries/src/stm32f4xx_spi.c **** 
 891:./Libraries/src/stm32f4xx_spi.c ****    (@) When the STM32F4xx is configured as slave and the NSS hardware mode is 
 892:./Libraries/src/stm32f4xx_spi.c ****        used, the NSS pin needs to be kept low between the data phase and the CRC 
 893:./Libraries/src/stm32f4xx_spi.c ****        phase.
 894:./Libraries/src/stm32f4xx_spi.c **** 
 895:./Libraries/src/stm32f4xx_spi.c ****    (@) When the SPI is configured in slave mode with the CRC feature enabled, CRC
 896:./Libraries/src/stm32f4xx_spi.c ****        calculation takes place even if a high level is applied on the NSS pin. 
 897:./Libraries/src/stm32f4xx_spi.c ****        This may happen for example in case of a multi-slave environment where the 
 898:./Libraries/src/stm32f4xx_spi.c ****        communication master addresses slaves alternately.
 899:./Libraries/src/stm32f4xx_spi.c **** 
 900:./Libraries/src/stm32f4xx_spi.c ****    (@) Between a slave de-selection (high level on NSS) and a new slave selection 
 901:./Libraries/src/stm32f4xx_spi.c ****        (low level on NSS), the CRC value should be cleared on both master and slave
 902:./Libraries/src/stm32f4xx_spi.c ****        sides in order to resynchronize the master and slave for their respective 
 903:./Libraries/src/stm32f4xx_spi.c ****        CRC calculation.
 904:./Libraries/src/stm32f4xx_spi.c **** 
 905:./Libraries/src/stm32f4xx_spi.c ****    (@) To clear the CRC, follow the procedure below:
ARM GAS  /tmp/cc1nuMuI.s 			page 36


 906:./Libraries/src/stm32f4xx_spi.c ****        (#@) Disable SPI using the SPI_Cmd() function
 907:./Libraries/src/stm32f4xx_spi.c ****        (#@) Disable the CRC calculation using the SPI_CalculateCRC() function.
 908:./Libraries/src/stm32f4xx_spi.c ****        (#@) Enable the CRC calculation using the SPI_CalculateCRC() function.
 909:./Libraries/src/stm32f4xx_spi.c ****        (#@) Enable SPI using the SPI_Cmd() function.
 910:./Libraries/src/stm32f4xx_spi.c **** 
 911:./Libraries/src/stm32f4xx_spi.c **** @endverbatim
 912:./Libraries/src/stm32f4xx_spi.c ****   * @{
 913:./Libraries/src/stm32f4xx_spi.c ****   */
 914:./Libraries/src/stm32f4xx_spi.c **** 
 915:./Libraries/src/stm32f4xx_spi.c **** /**
 916:./Libraries/src/stm32f4xx_spi.c ****   * @brief  Enables or disables the CRC value calculation of the transferred bytes.
 917:./Libraries/src/stm32f4xx_spi.c ****   * @param  SPIx: where x can be 1, 2, 3, 4, 5 or 6 to select the SPI peripheral.
 918:./Libraries/src/stm32f4xx_spi.c ****   * @param  NewState: new state of the SPIx CRC value calculation.
 919:./Libraries/src/stm32f4xx_spi.c ****   *          This parameter can be: ENABLE or DISABLE.
 920:./Libraries/src/stm32f4xx_spi.c ****   * @retval None
 921:./Libraries/src/stm32f4xx_spi.c ****   */
 922:./Libraries/src/stm32f4xx_spi.c **** void SPI_CalculateCRC(SPI_TypeDef* SPIx, FunctionalState NewState)
 923:./Libraries/src/stm32f4xx_spi.c **** {
 1073              		.loc 1 923 1 is_stmt 1 view -0
 1074              		.cfi_startproc
 1075              		@ args = 0, pretend = 0, frame = 0
 1076              		@ frame_needed = 0, uses_anonymous_args = 0
 1077              		@ link register save eliminated.
 924:./Libraries/src/stm32f4xx_spi.c ****   /* Check the parameters */
 925:./Libraries/src/stm32f4xx_spi.c ****   assert_param(IS_SPI_ALL_PERIPH(SPIx));
 1078              		.loc 1 925 3 view .LVU337
 926:./Libraries/src/stm32f4xx_spi.c ****   assert_param(IS_FUNCTIONAL_STATE(NewState));
 1079              		.loc 1 926 3 view .LVU338
 927:./Libraries/src/stm32f4xx_spi.c ****   if (NewState != DISABLE)
 1080              		.loc 1 927 3 view .LVU339
 1081              		.loc 1 927 6 is_stmt 0 view .LVU340
 1082 0000 29B1     		cbz	r1, .L64
 928:./Libraries/src/stm32f4xx_spi.c ****   {
 929:./Libraries/src/stm32f4xx_spi.c ****     /* Enable the selected SPI CRC calculation */
 930:./Libraries/src/stm32f4xx_spi.c ****     SPIx->CR1 |= SPI_CR1_CRCEN;
 1083              		.loc 1 930 5 is_stmt 1 view .LVU341
 1084              		.loc 1 930 9 is_stmt 0 view .LVU342
 1085 0002 0388     		ldrh	r3, [r0]
 1086 0004 9BB2     		uxth	r3, r3
 1087              		.loc 1 930 15 view .LVU343
 1088 0006 43F40053 		orr	r3, r3, #8192
 1089 000a 0380     		strh	r3, [r0]	@ movhi
 1090 000c 7047     		bx	lr
 1091              	.L64:
 931:./Libraries/src/stm32f4xx_spi.c ****   }
 932:./Libraries/src/stm32f4xx_spi.c ****   else
 933:./Libraries/src/stm32f4xx_spi.c ****   {
 934:./Libraries/src/stm32f4xx_spi.c ****     /* Disable the selected SPI CRC calculation */
 935:./Libraries/src/stm32f4xx_spi.c ****     SPIx->CR1 &= (uint16_t)~((uint16_t)SPI_CR1_CRCEN);
 1092              		.loc 1 935 5 is_stmt 1 view .LVU344
 1093              		.loc 1 935 9 is_stmt 0 view .LVU345
 1094 000e 0388     		ldrh	r3, [r0]
 1095 0010 9BB2     		uxth	r3, r3
 1096              		.loc 1 935 15 view .LVU346
 1097 0012 23F40053 		bic	r3, r3, #8192
 1098 0016 9BB2     		uxth	r3, r3
 1099 0018 0380     		strh	r3, [r0]	@ movhi
ARM GAS  /tmp/cc1nuMuI.s 			page 37


 936:./Libraries/src/stm32f4xx_spi.c ****   }
 937:./Libraries/src/stm32f4xx_spi.c **** }
 1100              		.loc 1 937 1 view .LVU347
 1101 001a 7047     		bx	lr
 1102              		.cfi_endproc
 1103              	.LFE138:
 1105              		.section	.text.SPI_TransmitCRC,"ax",%progbits
 1106              		.align	1
 1107              		.global	SPI_TransmitCRC
 1108              		.syntax unified
 1109              		.thumb
 1110              		.thumb_func
 1112              	SPI_TransmitCRC:
 1113              	.LVL83:
 1114              	.LFB139:
 938:./Libraries/src/stm32f4xx_spi.c **** 
 939:./Libraries/src/stm32f4xx_spi.c **** /**
 940:./Libraries/src/stm32f4xx_spi.c ****   * @brief  Transmit the SPIx CRC value.
 941:./Libraries/src/stm32f4xx_spi.c ****   * @param  SPIx: where x can be 1, 2, 3, 4, 5 or 6 to select the SPI peripheral.
 942:./Libraries/src/stm32f4xx_spi.c ****   * @retval None
 943:./Libraries/src/stm32f4xx_spi.c ****   */
 944:./Libraries/src/stm32f4xx_spi.c **** void SPI_TransmitCRC(SPI_TypeDef* SPIx)
 945:./Libraries/src/stm32f4xx_spi.c **** {
 1115              		.loc 1 945 1 is_stmt 1 view -0
 1116              		.cfi_startproc
 1117              		@ args = 0, pretend = 0, frame = 0
 1118              		@ frame_needed = 0, uses_anonymous_args = 0
 1119              		@ link register save eliminated.
 946:./Libraries/src/stm32f4xx_spi.c ****   /* Check the parameters */
 947:./Libraries/src/stm32f4xx_spi.c ****   assert_param(IS_SPI_ALL_PERIPH(SPIx));
 1120              		.loc 1 947 3 view .LVU349
 948:./Libraries/src/stm32f4xx_spi.c ****   
 949:./Libraries/src/stm32f4xx_spi.c ****   /* Enable the selected SPI CRC transmission */
 950:./Libraries/src/stm32f4xx_spi.c ****   SPIx->CR1 |= SPI_CR1_CRCNEXT;
 1121              		.loc 1 950 3 view .LVU350
 1122              		.loc 1 950 7 is_stmt 0 view .LVU351
 1123 0000 0388     		ldrh	r3, [r0]
 1124 0002 9BB2     		uxth	r3, r3
 1125              		.loc 1 950 13 view .LVU352
 1126 0004 43F48053 		orr	r3, r3, #4096
 1127 0008 0380     		strh	r3, [r0]	@ movhi
 951:./Libraries/src/stm32f4xx_spi.c **** }
 1128              		.loc 1 951 1 view .LVU353
 1129 000a 7047     		bx	lr
 1130              		.cfi_endproc
 1131              	.LFE139:
 1133              		.section	.text.SPI_GetCRC,"ax",%progbits
 1134              		.align	1
 1135              		.global	SPI_GetCRC
 1136              		.syntax unified
 1137              		.thumb
 1138              		.thumb_func
 1140              	SPI_GetCRC:
 1141              	.LVL84:
 1142              	.LFB140:
 952:./Libraries/src/stm32f4xx_spi.c **** 
 953:./Libraries/src/stm32f4xx_spi.c **** /**
ARM GAS  /tmp/cc1nuMuI.s 			page 38


 954:./Libraries/src/stm32f4xx_spi.c ****   * @brief  Returns the transmit or the receive CRC register value for the specified SPI.
 955:./Libraries/src/stm32f4xx_spi.c ****   * @param  SPIx: where x can be 1, 2, 3, 4, 5 or 6 to select the SPI peripheral.
 956:./Libraries/src/stm32f4xx_spi.c ****   * @param  SPI_CRC: specifies the CRC register to be read.
 957:./Libraries/src/stm32f4xx_spi.c ****   *          This parameter can be one of the following values:
 958:./Libraries/src/stm32f4xx_spi.c ****   *            @arg SPI_CRC_Tx: Selects Tx CRC register
 959:./Libraries/src/stm32f4xx_spi.c ****   *            @arg SPI_CRC_Rx: Selects Rx CRC register
 960:./Libraries/src/stm32f4xx_spi.c ****   * @retval The selected CRC register value..
 961:./Libraries/src/stm32f4xx_spi.c ****   */
 962:./Libraries/src/stm32f4xx_spi.c **** uint16_t SPI_GetCRC(SPI_TypeDef* SPIx, uint8_t SPI_CRC)
 963:./Libraries/src/stm32f4xx_spi.c **** {
 1143              		.loc 1 963 1 is_stmt 1 view -0
 1144              		.cfi_startproc
 1145              		@ args = 0, pretend = 0, frame = 0
 1146              		@ frame_needed = 0, uses_anonymous_args = 0
 1147              		@ link register save eliminated.
 964:./Libraries/src/stm32f4xx_spi.c ****   uint16_t crcreg = 0;
 1148              		.loc 1 964 3 view .LVU355
 965:./Libraries/src/stm32f4xx_spi.c ****   /* Check the parameters */
 966:./Libraries/src/stm32f4xx_spi.c ****   assert_param(IS_SPI_ALL_PERIPH(SPIx));
 1149              		.loc 1 966 3 view .LVU356
 967:./Libraries/src/stm32f4xx_spi.c ****   assert_param(IS_SPI_CRC(SPI_CRC));
 1150              		.loc 1 967 3 view .LVU357
 968:./Libraries/src/stm32f4xx_spi.c ****   if (SPI_CRC != SPI_CRC_Rx)
 1151              		.loc 1 968 3 view .LVU358
 1152              		.loc 1 968 6 is_stmt 0 view .LVU359
 1153 0000 0129     		cmp	r1, #1
 1154 0002 02D0     		beq	.L68
 969:./Libraries/src/stm32f4xx_spi.c ****   {
 970:./Libraries/src/stm32f4xx_spi.c ****     /* Get the Tx CRC register */
 971:./Libraries/src/stm32f4xx_spi.c ****     crcreg = SPIx->TXCRCR;
 1155              		.loc 1 971 5 is_stmt 1 view .LVU360
 1156              		.loc 1 971 12 is_stmt 0 view .LVU361
 1157 0004 008B     		ldrh	r0, [r0, #24]
 1158              	.LVL85:
 1159              		.loc 1 971 12 view .LVU362
 1160 0006 80B2     		uxth	r0, r0
 1161              	.LVL86:
 1162              		.loc 1 971 12 view .LVU363
 1163 0008 7047     		bx	lr
 1164              	.LVL87:
 1165              	.L68:
 972:./Libraries/src/stm32f4xx_spi.c ****   }
 973:./Libraries/src/stm32f4xx_spi.c ****   else
 974:./Libraries/src/stm32f4xx_spi.c ****   {
 975:./Libraries/src/stm32f4xx_spi.c ****     /* Get the Rx CRC register */
 976:./Libraries/src/stm32f4xx_spi.c ****     crcreg = SPIx->RXCRCR;
 1166              		.loc 1 976 5 is_stmt 1 view .LVU364
 1167              		.loc 1 976 12 is_stmt 0 view .LVU365
 1168 000a 808A     		ldrh	r0, [r0, #20]
 1169              	.LVL88:
 1170              		.loc 1 976 12 view .LVU366
 1171 000c 80B2     		uxth	r0, r0
 1172              	.LVL89:
 977:./Libraries/src/stm32f4xx_spi.c ****   }
 978:./Libraries/src/stm32f4xx_spi.c ****   /* Return the selected CRC register */
 979:./Libraries/src/stm32f4xx_spi.c ****   return crcreg;
 1173              		.loc 1 979 3 is_stmt 1 view .LVU367
ARM GAS  /tmp/cc1nuMuI.s 			page 39


 980:./Libraries/src/stm32f4xx_spi.c **** }
 1174              		.loc 1 980 1 is_stmt 0 view .LVU368
 1175 000e 7047     		bx	lr
 1176              		.cfi_endproc
 1177              	.LFE140:
 1179              		.section	.text.SPI_GetCRCPolynomial,"ax",%progbits
 1180              		.align	1
 1181              		.global	SPI_GetCRCPolynomial
 1182              		.syntax unified
 1183              		.thumb
 1184              		.thumb_func
 1186              	SPI_GetCRCPolynomial:
 1187              	.LVL90:
 1188              	.LFB141:
 981:./Libraries/src/stm32f4xx_spi.c **** 
 982:./Libraries/src/stm32f4xx_spi.c **** /**
 983:./Libraries/src/stm32f4xx_spi.c ****   * @brief  Returns the CRC Polynomial register value for the specified SPI.
 984:./Libraries/src/stm32f4xx_spi.c ****   * @param  SPIx: where x can be 1, 2, 3, 4, 5 or 6 to select the SPI peripheral.
 985:./Libraries/src/stm32f4xx_spi.c ****   * @retval The CRC Polynomial register value.
 986:./Libraries/src/stm32f4xx_spi.c ****   */
 987:./Libraries/src/stm32f4xx_spi.c **** uint16_t SPI_GetCRCPolynomial(SPI_TypeDef* SPIx)
 988:./Libraries/src/stm32f4xx_spi.c **** {
 1189              		.loc 1 988 1 is_stmt 1 view -0
 1190              		.cfi_startproc
 1191              		@ args = 0, pretend = 0, frame = 0
 1192              		@ frame_needed = 0, uses_anonymous_args = 0
 1193              		@ link register save eliminated.
 989:./Libraries/src/stm32f4xx_spi.c ****   /* Check the parameters */
 990:./Libraries/src/stm32f4xx_spi.c ****   assert_param(IS_SPI_ALL_PERIPH(SPIx));
 1194              		.loc 1 990 3 view .LVU370
 991:./Libraries/src/stm32f4xx_spi.c ****   
 992:./Libraries/src/stm32f4xx_spi.c ****   /* Return the CRC polynomial register */
 993:./Libraries/src/stm32f4xx_spi.c ****   return SPIx->CRCPR;
 1195              		.loc 1 993 3 view .LVU371
 1196              		.loc 1 993 14 is_stmt 0 view .LVU372
 1197 0000 008A     		ldrh	r0, [r0, #16]
 1198              	.LVL91:
 994:./Libraries/src/stm32f4xx_spi.c **** }
 1199              		.loc 1 994 1 view .LVU373
 1200 0002 80B2     		uxth	r0, r0
 1201 0004 7047     		bx	lr
 1202              		.cfi_endproc
 1203              	.LFE141:
 1205              		.section	.text.SPI_I2S_DMACmd,"ax",%progbits
 1206              		.align	1
 1207              		.global	SPI_I2S_DMACmd
 1208              		.syntax unified
 1209              		.thumb
 1210              		.thumb_func
 1212              	SPI_I2S_DMACmd:
 1213              	.LVL92:
 1214              	.LFB142:
 995:./Libraries/src/stm32f4xx_spi.c **** 
 996:./Libraries/src/stm32f4xx_spi.c **** /**
 997:./Libraries/src/stm32f4xx_spi.c ****   * @}
 998:./Libraries/src/stm32f4xx_spi.c ****   */
 999:./Libraries/src/stm32f4xx_spi.c **** 
ARM GAS  /tmp/cc1nuMuI.s 			page 40


1000:./Libraries/src/stm32f4xx_spi.c **** /** @defgroup SPI_Group4 DMA transfers management functions
1001:./Libraries/src/stm32f4xx_spi.c ****  *  @brief   DMA transfers management functions
1002:./Libraries/src/stm32f4xx_spi.c ****   *
1003:./Libraries/src/stm32f4xx_spi.c **** @verbatim   
1004:./Libraries/src/stm32f4xx_spi.c ****  ===============================================================================
1005:./Libraries/src/stm32f4xx_spi.c ****                    ##### DMA transfers management functions #####
1006:./Libraries/src/stm32f4xx_spi.c ****  ===============================================================================  
1007:./Libraries/src/stm32f4xx_spi.c **** 
1008:./Libraries/src/stm32f4xx_spi.c **** @endverbatim
1009:./Libraries/src/stm32f4xx_spi.c ****   * @{
1010:./Libraries/src/stm32f4xx_spi.c ****   */
1011:./Libraries/src/stm32f4xx_spi.c **** 
1012:./Libraries/src/stm32f4xx_spi.c **** /**
1013:./Libraries/src/stm32f4xx_spi.c ****   * @brief  Enables or disables the SPIx/I2Sx DMA interface.
1014:./Libraries/src/stm32f4xx_spi.c ****   * @param  SPIx: To select the SPIx/I2Sx peripheral, where x can be: 1, 2, 3, 4, 5 or 6 
1015:./Libraries/src/stm32f4xx_spi.c ****   *         in SPI mode or 2 or 3 in I2S mode or I2Sxext for I2S full duplex mode. 
1016:./Libraries/src/stm32f4xx_spi.c ****   * @param  SPI_I2S_DMAReq: specifies the SPI DMA transfer request to be enabled or disabled. 
1017:./Libraries/src/stm32f4xx_spi.c ****   *          This parameter can be any combination of the following values:
1018:./Libraries/src/stm32f4xx_spi.c ****   *            @arg SPI_I2S_DMAReq_Tx: Tx buffer DMA transfer request
1019:./Libraries/src/stm32f4xx_spi.c ****   *            @arg SPI_I2S_DMAReq_Rx: Rx buffer DMA transfer request
1020:./Libraries/src/stm32f4xx_spi.c ****   * @param  NewState: new state of the selected SPI DMA transfer request.
1021:./Libraries/src/stm32f4xx_spi.c ****   *          This parameter can be: ENABLE or DISABLE.
1022:./Libraries/src/stm32f4xx_spi.c ****   * @retval None
1023:./Libraries/src/stm32f4xx_spi.c ****   */
1024:./Libraries/src/stm32f4xx_spi.c **** void SPI_I2S_DMACmd(SPI_TypeDef* SPIx, uint16_t SPI_I2S_DMAReq, FunctionalState NewState)
1025:./Libraries/src/stm32f4xx_spi.c **** {
 1215              		.loc 1 1025 1 is_stmt 1 view -0
 1216              		.cfi_startproc
 1217              		@ args = 0, pretend = 0, frame = 0
 1218              		@ frame_needed = 0, uses_anonymous_args = 0
 1219              		@ link register save eliminated.
1026:./Libraries/src/stm32f4xx_spi.c ****   /* Check the parameters */
1027:./Libraries/src/stm32f4xx_spi.c ****   assert_param(IS_SPI_ALL_PERIPH_EXT(SPIx));
 1220              		.loc 1 1027 3 view .LVU375
1028:./Libraries/src/stm32f4xx_spi.c ****   assert_param(IS_FUNCTIONAL_STATE(NewState));
 1221              		.loc 1 1028 3 view .LVU376
1029:./Libraries/src/stm32f4xx_spi.c ****   assert_param(IS_SPI_I2S_DMAREQ(SPI_I2S_DMAReq));
 1222              		.loc 1 1029 3 view .LVU377
1030:./Libraries/src/stm32f4xx_spi.c **** 
1031:./Libraries/src/stm32f4xx_spi.c ****   if (NewState != DISABLE)
 1223              		.loc 1 1031 3 view .LVU378
 1224              		.loc 1 1031 6 is_stmt 0 view .LVU379
 1225 0000 22B1     		cbz	r2, .L72
1032:./Libraries/src/stm32f4xx_spi.c ****   {
1033:./Libraries/src/stm32f4xx_spi.c ****     /* Enable the selected SPI DMA requests */
1034:./Libraries/src/stm32f4xx_spi.c ****     SPIx->CR2 |= SPI_I2S_DMAReq;
 1226              		.loc 1 1034 5 is_stmt 1 view .LVU380
 1227              		.loc 1 1034 9 is_stmt 0 view .LVU381
 1228 0002 8388     		ldrh	r3, [r0, #4]
 1229 0004 9BB2     		uxth	r3, r3
 1230              		.loc 1 1034 15 view .LVU382
 1231 0006 0B43     		orrs	r3, r3, r1
 1232 0008 8380     		strh	r3, [r0, #4]	@ movhi
 1233 000a 7047     		bx	lr
 1234              	.L72:
1035:./Libraries/src/stm32f4xx_spi.c ****   }
1036:./Libraries/src/stm32f4xx_spi.c ****   else
ARM GAS  /tmp/cc1nuMuI.s 			page 41


1037:./Libraries/src/stm32f4xx_spi.c ****   {
1038:./Libraries/src/stm32f4xx_spi.c ****     /* Disable the selected SPI DMA requests */
1039:./Libraries/src/stm32f4xx_spi.c ****     SPIx->CR2 &= (uint16_t)~SPI_I2S_DMAReq;
 1235              		.loc 1 1039 5 is_stmt 1 view .LVU383
 1236              		.loc 1 1039 9 is_stmt 0 view .LVU384
 1237 000c 8388     		ldrh	r3, [r0, #4]
 1238              		.loc 1 1039 18 view .LVU385
 1239 000e C943     		mvns	r1, r1
 1240              	.LVL93:
 1241              		.loc 1 1039 18 view .LVU386
 1242 0010 89B2     		uxth	r1, r1
 1243              		.loc 1 1039 15 view .LVU387
 1244 0012 1940     		ands	r1, r1, r3
 1245 0014 8180     		strh	r1, [r0, #4]	@ movhi
1040:./Libraries/src/stm32f4xx_spi.c ****   }
1041:./Libraries/src/stm32f4xx_spi.c **** }
 1246              		.loc 1 1041 1 view .LVU388
 1247 0016 7047     		bx	lr
 1248              		.cfi_endproc
 1249              	.LFE142:
 1251              		.section	.text.SPI_I2S_ITConfig,"ax",%progbits
 1252              		.align	1
 1253              		.global	SPI_I2S_ITConfig
 1254              		.syntax unified
 1255              		.thumb
 1256              		.thumb_func
 1258              	SPI_I2S_ITConfig:
 1259              	.LVL94:
 1260              	.LFB143:
1042:./Libraries/src/stm32f4xx_spi.c **** 
1043:./Libraries/src/stm32f4xx_spi.c **** /**
1044:./Libraries/src/stm32f4xx_spi.c ****   * @}
1045:./Libraries/src/stm32f4xx_spi.c ****   */
1046:./Libraries/src/stm32f4xx_spi.c **** 
1047:./Libraries/src/stm32f4xx_spi.c **** /** @defgroup SPI_Group5 Interrupts and flags management functions
1048:./Libraries/src/stm32f4xx_spi.c ****  *  @brief   Interrupts and flags management functions
1049:./Libraries/src/stm32f4xx_spi.c ****   *
1050:./Libraries/src/stm32f4xx_spi.c **** @verbatim   
1051:./Libraries/src/stm32f4xx_spi.c ****  ===============================================================================
1052:./Libraries/src/stm32f4xx_spi.c ****             ##### Interrupts and flags management functions #####
1053:./Libraries/src/stm32f4xx_spi.c ****  ===============================================================================  
1054:./Libraries/src/stm32f4xx_spi.c ****  
1055:./Libraries/src/stm32f4xx_spi.c ****  [..] This section provides a set of functions allowing to configure the SPI Interrupts 
1056:./Libraries/src/stm32f4xx_spi.c ****       sources and check or clear the flags or pending bits status.
1057:./Libraries/src/stm32f4xx_spi.c ****       The user should identify which mode will be used in his application to manage 
1058:./Libraries/src/stm32f4xx_spi.c ****       the communication: Polling mode, Interrupt mode or DMA mode. 
1059:./Libraries/src/stm32f4xx_spi.c ****     
1060:./Libraries/src/stm32f4xx_spi.c ****  *** Polling Mode ***
1061:./Libraries/src/stm32f4xx_spi.c ****  ====================
1062:./Libraries/src/stm32f4xx_spi.c **** [..] In Polling Mode, the SPI/I2S communication can be managed by 9 flags:
1063:./Libraries/src/stm32f4xx_spi.c ****   (#) SPI_I2S_FLAG_TXE : to indicate the status of the transmit buffer register
1064:./Libraries/src/stm32f4xx_spi.c ****   (#) SPI_I2S_FLAG_RXNE : to indicate the status of the receive buffer register
1065:./Libraries/src/stm32f4xx_spi.c ****   (#) SPI_I2S_FLAG_BSY : to indicate the state of the communication layer of the SPI.
1066:./Libraries/src/stm32f4xx_spi.c ****   (#) SPI_FLAG_CRCERR : to indicate if a CRC Calculation error occur              
1067:./Libraries/src/stm32f4xx_spi.c ****   (#) SPI_FLAG_MODF : to indicate if a Mode Fault error occur
1068:./Libraries/src/stm32f4xx_spi.c ****   (#) SPI_I2S_FLAG_OVR : to indicate if an Overrun error occur
1069:./Libraries/src/stm32f4xx_spi.c ****   (#) I2S_FLAG_TIFRFE: to indicate a Frame Format error occurs.
ARM GAS  /tmp/cc1nuMuI.s 			page 42


1070:./Libraries/src/stm32f4xx_spi.c ****   (#) I2S_FLAG_UDR: to indicate an Underrun error occurs.
1071:./Libraries/src/stm32f4xx_spi.c ****   (#) I2S_FLAG_CHSIDE: to indicate Channel Side.
1072:./Libraries/src/stm32f4xx_spi.c **** 
1073:./Libraries/src/stm32f4xx_spi.c ****   (@) Do not use the BSY flag to handle each data transmission or reception. It is
1074:./Libraries/src/stm32f4xx_spi.c ****       better to use the TXE and RXNE flags instead.
1075:./Libraries/src/stm32f4xx_spi.c **** 
1076:./Libraries/src/stm32f4xx_spi.c ****  [..] In this Mode it is advised to use the following functions:
1077:./Libraries/src/stm32f4xx_spi.c ****    (+) FlagStatus SPI_I2S_GetFlagStatus(SPI_TypeDef* SPIx, uint16_t SPI_I2S_FLAG);
1078:./Libraries/src/stm32f4xx_spi.c ****    (+) void SPI_I2S_ClearFlag(SPI_TypeDef* SPIx, uint16_t SPI_I2S_FLAG);
1079:./Libraries/src/stm32f4xx_spi.c **** 
1080:./Libraries/src/stm32f4xx_spi.c ****  *** Interrupt Mode ***
1081:./Libraries/src/stm32f4xx_spi.c ****  ======================
1082:./Libraries/src/stm32f4xx_spi.c ****  [..] In Interrupt Mode, the SPI communication can be managed by 3 interrupt sources
1083:./Libraries/src/stm32f4xx_spi.c ****       and 7 pending bits: 
1084:./Libraries/src/stm32f4xx_spi.c ****    (+) Pending Bits:
1085:./Libraries/src/stm32f4xx_spi.c ****        (##) SPI_I2S_IT_TXE : to indicate the status of the transmit buffer register
1086:./Libraries/src/stm32f4xx_spi.c ****        (##) SPI_I2S_IT_RXNE : to indicate the status of the receive buffer register
1087:./Libraries/src/stm32f4xx_spi.c ****        (##) SPI_IT_CRCERR : to indicate if a CRC Calculation error occur (available in SPI mode onl
1088:./Libraries/src/stm32f4xx_spi.c ****        (##) SPI_IT_MODF : to indicate if a Mode Fault error occur (available in SPI mode only)
1089:./Libraries/src/stm32f4xx_spi.c ****        (##) SPI_I2S_IT_OVR : to indicate if an Overrun error occur
1090:./Libraries/src/stm32f4xx_spi.c ****        (##) I2S_IT_UDR : to indicate an Underrun Error occurs (available in I2S mode only).
1091:./Libraries/src/stm32f4xx_spi.c ****        (##) I2S_FLAG_TIFRFE : to indicate a Frame Format error occurs (available in TI mode only).
1092:./Libraries/src/stm32f4xx_spi.c **** 
1093:./Libraries/src/stm32f4xx_spi.c ****    (+) Interrupt Source:
1094:./Libraries/src/stm32f4xx_spi.c ****        (##) SPI_I2S_IT_TXE: specifies the interrupt source for the Tx buffer empty 
1095:./Libraries/src/stm32f4xx_spi.c ****             interrupt.  
1096:./Libraries/src/stm32f4xx_spi.c ****        (##) SPI_I2S_IT_RXNE : specifies the interrupt source for the Rx buffer not 
1097:./Libraries/src/stm32f4xx_spi.c ****             empty interrupt.
1098:./Libraries/src/stm32f4xx_spi.c ****        (##) SPI_I2S_IT_ERR : specifies the interrupt source for the errors interrupt.
1099:./Libraries/src/stm32f4xx_spi.c **** 
1100:./Libraries/src/stm32f4xx_spi.c ****  [..] In this Mode it is advised to use the following functions:
1101:./Libraries/src/stm32f4xx_spi.c ****    (+) void SPI_I2S_ITConfig(SPI_TypeDef* SPIx, uint8_t SPI_I2S_IT, FunctionalState NewState);
1102:./Libraries/src/stm32f4xx_spi.c ****    (+) ITStatus SPI_I2S_GetITStatus(SPI_TypeDef* SPIx, uint8_t SPI_I2S_IT);
1103:./Libraries/src/stm32f4xx_spi.c ****    (+) void SPI_I2S_ClearITPendingBit(SPI_TypeDef* SPIx, uint8_t SPI_I2S_IT);
1104:./Libraries/src/stm32f4xx_spi.c **** 
1105:./Libraries/src/stm32f4xx_spi.c ****  *** DMA Mode ***
1106:./Libraries/src/stm32f4xx_spi.c ****  ================
1107:./Libraries/src/stm32f4xx_spi.c ****  [..] In DMA Mode, the SPI communication can be managed by 2 DMA Channel requests:
1108:./Libraries/src/stm32f4xx_spi.c ****    (#) SPI_I2S_DMAReq_Tx: specifies the Tx buffer DMA transfer request
1109:./Libraries/src/stm32f4xx_spi.c ****    (#) SPI_I2S_DMAReq_Rx: specifies the Rx buffer DMA transfer request
1110:./Libraries/src/stm32f4xx_spi.c **** 
1111:./Libraries/src/stm32f4xx_spi.c ****  [..] In this Mode it is advised to use the following function:
1112:./Libraries/src/stm32f4xx_spi.c ****    (+) void SPI_I2S_DMACmd(SPI_TypeDef* SPIx, uint16_t SPI_I2S_DMAReq, FunctionalState 
1113:./Libraries/src/stm32f4xx_spi.c ****        NewState);
1114:./Libraries/src/stm32f4xx_spi.c **** 
1115:./Libraries/src/stm32f4xx_spi.c **** @endverbatim
1116:./Libraries/src/stm32f4xx_spi.c ****   * @{
1117:./Libraries/src/stm32f4xx_spi.c ****   */
1118:./Libraries/src/stm32f4xx_spi.c **** 
1119:./Libraries/src/stm32f4xx_spi.c **** /**
1120:./Libraries/src/stm32f4xx_spi.c ****   * @brief  Enables or disables the specified SPI/I2S interrupts.
1121:./Libraries/src/stm32f4xx_spi.c ****   * @param  SPIx: To select the SPIx/I2Sx peripheral, where x can be: 1, 2, 3, 4, 5 or 6 
1122:./Libraries/src/stm32f4xx_spi.c ****   *         in SPI mode or 2 or 3 in I2S mode or I2Sxext for I2S full duplex mode. 
1123:./Libraries/src/stm32f4xx_spi.c ****   * @param  SPI_I2S_IT: specifies the SPI interrupt source to be enabled or disabled. 
1124:./Libraries/src/stm32f4xx_spi.c ****   *          This parameter can be one of the following values:
1125:./Libraries/src/stm32f4xx_spi.c ****   *            @arg SPI_I2S_IT_TXE: Tx buffer empty interrupt mask
1126:./Libraries/src/stm32f4xx_spi.c ****   *            @arg SPI_I2S_IT_RXNE: Rx buffer not empty interrupt mask
ARM GAS  /tmp/cc1nuMuI.s 			page 43


1127:./Libraries/src/stm32f4xx_spi.c ****   *            @arg SPI_I2S_IT_ERR: Error interrupt mask
1128:./Libraries/src/stm32f4xx_spi.c ****   * @param  NewState: new state of the specified SPI interrupt.
1129:./Libraries/src/stm32f4xx_spi.c ****   *          This parameter can be: ENABLE or DISABLE.
1130:./Libraries/src/stm32f4xx_spi.c ****   * @retval None
1131:./Libraries/src/stm32f4xx_spi.c ****   */
1132:./Libraries/src/stm32f4xx_spi.c **** void SPI_I2S_ITConfig(SPI_TypeDef* SPIx, uint8_t SPI_I2S_IT, FunctionalState NewState)
1133:./Libraries/src/stm32f4xx_spi.c **** {
 1261              		.loc 1 1133 1 is_stmt 1 view -0
 1262              		.cfi_startproc
 1263              		@ args = 0, pretend = 0, frame = 0
 1264              		@ frame_needed = 0, uses_anonymous_args = 0
 1265              		@ link register save eliminated.
1134:./Libraries/src/stm32f4xx_spi.c ****   uint16_t itpos = 0, itmask = 0 ;
 1266              		.loc 1 1134 3 view .LVU390
1135:./Libraries/src/stm32f4xx_spi.c ****   
1136:./Libraries/src/stm32f4xx_spi.c ****   /* Check the parameters */
1137:./Libraries/src/stm32f4xx_spi.c ****   assert_param(IS_SPI_ALL_PERIPH_EXT(SPIx));
 1267              		.loc 1 1137 3 view .LVU391
1138:./Libraries/src/stm32f4xx_spi.c ****   assert_param(IS_FUNCTIONAL_STATE(NewState));
 1268              		.loc 1 1138 3 view .LVU392
1139:./Libraries/src/stm32f4xx_spi.c ****   assert_param(IS_SPI_I2S_CONFIG_IT(SPI_I2S_IT));
 1269              		.loc 1 1139 3 view .LVU393
1140:./Libraries/src/stm32f4xx_spi.c **** 
1141:./Libraries/src/stm32f4xx_spi.c ****   /* Get the SPI IT index */
1142:./Libraries/src/stm32f4xx_spi.c ****   itpos = SPI_I2S_IT >> 4;
 1270              		.loc 1 1142 3 view .LVU394
 1271              		.loc 1 1142 9 is_stmt 0 view .LVU395
 1272 0000 0909     		lsrs	r1, r1, #4
 1273              	.LVL95:
1143:./Libraries/src/stm32f4xx_spi.c **** 
1144:./Libraries/src/stm32f4xx_spi.c ****   /* Set the IT mask */
1145:./Libraries/src/stm32f4xx_spi.c ****   itmask = (uint16_t)1 << (uint16_t)itpos;
 1274              		.loc 1 1145 3 is_stmt 1 view .LVU396
 1275              		.loc 1 1145 24 is_stmt 0 view .LVU397
 1276 0002 0123     		movs	r3, #1
 1277 0004 8B40     		lsls	r3, r3, r1
 1278              		.loc 1 1145 10 view .LVU398
 1279 0006 9BB2     		uxth	r3, r3
 1280              	.LVL96:
1146:./Libraries/src/stm32f4xx_spi.c **** 
1147:./Libraries/src/stm32f4xx_spi.c ****   if (NewState != DISABLE)
 1281              		.loc 1 1147 3 is_stmt 1 view .LVU399
 1282              		.loc 1 1147 6 is_stmt 0 view .LVU400
 1283 0008 22B1     		cbz	r2, .L75
1148:./Libraries/src/stm32f4xx_spi.c ****   {
1149:./Libraries/src/stm32f4xx_spi.c ****     /* Enable the selected SPI interrupt */
1150:./Libraries/src/stm32f4xx_spi.c ****     SPIx->CR2 |= itmask;
 1284              		.loc 1 1150 5 is_stmt 1 view .LVU401
 1285              		.loc 1 1150 9 is_stmt 0 view .LVU402
 1286 000a 8288     		ldrh	r2, [r0, #4]
 1287              	.LVL97:
 1288              		.loc 1 1150 9 view .LVU403
 1289 000c 92B2     		uxth	r2, r2
 1290              		.loc 1 1150 15 view .LVU404
 1291 000e 1343     		orrs	r3, r3, r2
 1292              	.LVL98:
 1293              		.loc 1 1150 15 view .LVU405
ARM GAS  /tmp/cc1nuMuI.s 			page 44


 1294 0010 8380     		strh	r3, [r0, #4]	@ movhi
 1295 0012 7047     		bx	lr
 1296              	.LVL99:
 1297              	.L75:
1151:./Libraries/src/stm32f4xx_spi.c ****   }
1152:./Libraries/src/stm32f4xx_spi.c ****   else
1153:./Libraries/src/stm32f4xx_spi.c ****   {
1154:./Libraries/src/stm32f4xx_spi.c ****     /* Disable the selected SPI interrupt */
1155:./Libraries/src/stm32f4xx_spi.c ****     SPIx->CR2 &= (uint16_t)~itmask;
 1298              		.loc 1 1155 5 is_stmt 1 view .LVU406
 1299              		.loc 1 1155 9 is_stmt 0 view .LVU407
 1300 0014 8288     		ldrh	r2, [r0, #4]
 1301              	.LVL100:
 1302              		.loc 1 1155 18 view .LVU408
 1303 0016 DB43     		mvns	r3, r3
 1304              	.LVL101:
 1305              		.loc 1 1155 18 view .LVU409
 1306 0018 9BB2     		uxth	r3, r3
 1307              	.LVL102:
 1308              		.loc 1 1155 15 view .LVU410
 1309 001a 1340     		ands	r3, r3, r2
 1310 001c 8380     		strh	r3, [r0, #4]	@ movhi
1156:./Libraries/src/stm32f4xx_spi.c ****   }
1157:./Libraries/src/stm32f4xx_spi.c **** }
 1311              		.loc 1 1157 1 view .LVU411
 1312 001e 7047     		bx	lr
 1313              		.cfi_endproc
 1314              	.LFE143:
 1316              		.section	.text.SPI_I2S_GetFlagStatus,"ax",%progbits
 1317              		.align	1
 1318              		.global	SPI_I2S_GetFlagStatus
 1319              		.syntax unified
 1320              		.thumb
 1321              		.thumb_func
 1323              	SPI_I2S_GetFlagStatus:
 1324              	.LVL103:
 1325              	.LFB144:
1158:./Libraries/src/stm32f4xx_spi.c **** 
1159:./Libraries/src/stm32f4xx_spi.c **** /**
1160:./Libraries/src/stm32f4xx_spi.c ****   * @brief  Checks whether the specified SPIx/I2Sx flag is set or not.
1161:./Libraries/src/stm32f4xx_spi.c ****   * @param  SPIx: To select the SPIx/I2Sx peripheral, where x can be: 1, 2, 3, 4, 5 or 6 
1162:./Libraries/src/stm32f4xx_spi.c ****   *         in SPI mode or 2 or 3 in I2S mode or I2Sxext for I2S full duplex mode. 
1163:./Libraries/src/stm32f4xx_spi.c ****   * @param  SPI_I2S_FLAG: specifies the SPI flag to check. 
1164:./Libraries/src/stm32f4xx_spi.c ****   *          This parameter can be one of the following values:
1165:./Libraries/src/stm32f4xx_spi.c ****   *            @arg SPI_I2S_FLAG_TXE: Transmit buffer empty flag.
1166:./Libraries/src/stm32f4xx_spi.c ****   *            @arg SPI_I2S_FLAG_RXNE: Receive buffer not empty flag.
1167:./Libraries/src/stm32f4xx_spi.c ****   *            @arg SPI_I2S_FLAG_BSY: Busy flag.
1168:./Libraries/src/stm32f4xx_spi.c ****   *            @arg SPI_I2S_FLAG_OVR: Overrun flag.
1169:./Libraries/src/stm32f4xx_spi.c ****   *            @arg SPI_FLAG_MODF: Mode Fault flag.
1170:./Libraries/src/stm32f4xx_spi.c ****   *            @arg SPI_FLAG_CRCERR: CRC Error flag.
1171:./Libraries/src/stm32f4xx_spi.c ****   *            @arg SPI_I2S_FLAG_TIFRFE: Format Error.
1172:./Libraries/src/stm32f4xx_spi.c ****   *            @arg I2S_FLAG_UDR: Underrun Error flag.
1173:./Libraries/src/stm32f4xx_spi.c ****   *            @arg I2S_FLAG_CHSIDE: Channel Side flag.  
1174:./Libraries/src/stm32f4xx_spi.c ****   * @retval The new state of SPI_I2S_FLAG (SET or RESET).
1175:./Libraries/src/stm32f4xx_spi.c ****   */
1176:./Libraries/src/stm32f4xx_spi.c **** FlagStatus SPI_I2S_GetFlagStatus(SPI_TypeDef* SPIx, uint16_t SPI_I2S_FLAG)
1177:./Libraries/src/stm32f4xx_spi.c **** {
ARM GAS  /tmp/cc1nuMuI.s 			page 45


 1326              		.loc 1 1177 1 is_stmt 1 view -0
 1327              		.cfi_startproc
 1328              		@ args = 0, pretend = 0, frame = 0
 1329              		@ frame_needed = 0, uses_anonymous_args = 0
 1330              		@ link register save eliminated.
1178:./Libraries/src/stm32f4xx_spi.c ****   FlagStatus bitstatus = RESET;
 1331              		.loc 1 1178 3 view .LVU413
1179:./Libraries/src/stm32f4xx_spi.c ****   /* Check the parameters */
1180:./Libraries/src/stm32f4xx_spi.c ****   assert_param(IS_SPI_ALL_PERIPH_EXT(SPIx));
 1332              		.loc 1 1180 3 view .LVU414
1181:./Libraries/src/stm32f4xx_spi.c ****   assert_param(IS_SPI_I2S_GET_FLAG(SPI_I2S_FLAG));
 1333              		.loc 1 1181 3 view .LVU415
1182:./Libraries/src/stm32f4xx_spi.c ****   
1183:./Libraries/src/stm32f4xx_spi.c ****   /* Check the status of the specified SPI flag */
1184:./Libraries/src/stm32f4xx_spi.c ****   if ((SPIx->SR & SPI_I2S_FLAG) != (uint16_t)RESET)
 1334              		.loc 1 1184 3 view .LVU416
 1335              		.loc 1 1184 12 is_stmt 0 view .LVU417
 1336 0000 0389     		ldrh	r3, [r0, #8]
 1337              		.loc 1 1184 6 view .LVU418
 1338 0002 1942     		tst	r1, r3
 1339 0004 01D0     		beq	.L79
1185:./Libraries/src/stm32f4xx_spi.c ****   {
1186:./Libraries/src/stm32f4xx_spi.c ****     /* SPI_I2S_FLAG is set */
1187:./Libraries/src/stm32f4xx_spi.c ****     bitstatus = SET;
 1340              		.loc 1 1187 15 view .LVU419
 1341 0006 0120     		movs	r0, #1
 1342              	.LVL104:
 1343              		.loc 1 1187 15 view .LVU420
 1344 0008 7047     		bx	lr
 1345              	.LVL105:
 1346              	.L79:
1188:./Libraries/src/stm32f4xx_spi.c ****   }
1189:./Libraries/src/stm32f4xx_spi.c ****   else
1190:./Libraries/src/stm32f4xx_spi.c ****   {
1191:./Libraries/src/stm32f4xx_spi.c ****     /* SPI_I2S_FLAG is reset */
1192:./Libraries/src/stm32f4xx_spi.c ****     bitstatus = RESET;
 1347              		.loc 1 1192 15 view .LVU421
 1348 000a 0020     		movs	r0, #0
 1349              	.LVL106:
1193:./Libraries/src/stm32f4xx_spi.c ****   }
1194:./Libraries/src/stm32f4xx_spi.c ****   /* Return the SPI_I2S_FLAG status */
1195:./Libraries/src/stm32f4xx_spi.c ****   return  bitstatus;
 1350              		.loc 1 1195 3 is_stmt 1 view .LVU422
1196:./Libraries/src/stm32f4xx_spi.c **** }
 1351              		.loc 1 1196 1 is_stmt 0 view .LVU423
 1352 000c 7047     		bx	lr
 1353              		.cfi_endproc
 1354              	.LFE144:
 1356              		.section	.text.SPI_I2S_ClearFlag,"ax",%progbits
 1357              		.align	1
 1358              		.global	SPI_I2S_ClearFlag
 1359              		.syntax unified
 1360              		.thumb
 1361              		.thumb_func
 1363              	SPI_I2S_ClearFlag:
 1364              	.LVL107:
 1365              	.LFB145:
ARM GAS  /tmp/cc1nuMuI.s 			page 46


1197:./Libraries/src/stm32f4xx_spi.c **** 
1198:./Libraries/src/stm32f4xx_spi.c **** /**
1199:./Libraries/src/stm32f4xx_spi.c ****   * @brief  Clears the SPIx CRC Error (CRCERR) flag.
1200:./Libraries/src/stm32f4xx_spi.c ****   * @param  SPIx: To select the SPIx/I2Sx peripheral, where x can be: 1, 2, 3, 4, 5 or 6 
1201:./Libraries/src/stm32f4xx_spi.c ****   *         in SPI mode or 2 or 3 in I2S mode or I2Sxext for I2S full duplex mode. 
1202:./Libraries/src/stm32f4xx_spi.c ****   * @param  SPI_I2S_FLAG: specifies the SPI flag to clear. 
1203:./Libraries/src/stm32f4xx_spi.c ****   *          This function clears only CRCERR flag.
1204:./Libraries/src/stm32f4xx_spi.c ****   *            @arg SPI_FLAG_CRCERR: CRC Error flag.  
1205:./Libraries/src/stm32f4xx_spi.c ****   *  
1206:./Libraries/src/stm32f4xx_spi.c ****   * @note   OVR (OverRun error) flag is cleared by software sequence: a read 
1207:./Libraries/src/stm32f4xx_spi.c ****   *          operation to SPI_DR register (SPI_I2S_ReceiveData()) followed by a read 
1208:./Libraries/src/stm32f4xx_spi.c ****   *          operation to SPI_SR register (SPI_I2S_GetFlagStatus()).
1209:./Libraries/src/stm32f4xx_spi.c ****   * @note   UDR (UnderRun error) flag is cleared by a read operation to 
1210:./Libraries/src/stm32f4xx_spi.c ****   *          SPI_SR register (SPI_I2S_GetFlagStatus()).   
1211:./Libraries/src/stm32f4xx_spi.c ****   * @note   MODF (Mode Fault) flag is cleared by software sequence: a read/write 
1212:./Libraries/src/stm32f4xx_spi.c ****   *          operation to SPI_SR register (SPI_I2S_GetFlagStatus()) followed by a 
1213:./Libraries/src/stm32f4xx_spi.c ****   *          write operation to SPI_CR1 register (SPI_Cmd() to enable the SPI).
1214:./Libraries/src/stm32f4xx_spi.c ****   *  
1215:./Libraries/src/stm32f4xx_spi.c ****   * @retval None
1216:./Libraries/src/stm32f4xx_spi.c ****   */
1217:./Libraries/src/stm32f4xx_spi.c **** void SPI_I2S_ClearFlag(SPI_TypeDef* SPIx, uint16_t SPI_I2S_FLAG)
1218:./Libraries/src/stm32f4xx_spi.c **** {
 1366              		.loc 1 1218 1 is_stmt 1 view -0
 1367              		.cfi_startproc
 1368              		@ args = 0, pretend = 0, frame = 0
 1369              		@ frame_needed = 0, uses_anonymous_args = 0
 1370              		@ link register save eliminated.
1219:./Libraries/src/stm32f4xx_spi.c ****   /* Check the parameters */
1220:./Libraries/src/stm32f4xx_spi.c ****   assert_param(IS_SPI_ALL_PERIPH_EXT(SPIx));
 1371              		.loc 1 1220 3 view .LVU425
1221:./Libraries/src/stm32f4xx_spi.c ****   assert_param(IS_SPI_I2S_CLEAR_FLAG(SPI_I2S_FLAG));
 1372              		.loc 1 1221 3 view .LVU426
1222:./Libraries/src/stm32f4xx_spi.c ****     
1223:./Libraries/src/stm32f4xx_spi.c ****   /* Clear the selected SPI CRC Error (CRCERR) flag */
1224:./Libraries/src/stm32f4xx_spi.c ****   SPIx->SR = (uint16_t)~SPI_I2S_FLAG;
 1373              		.loc 1 1224 3 view .LVU427
 1374              		.loc 1 1224 14 is_stmt 0 view .LVU428
 1375 0000 C943     		mvns	r1, r1
 1376              	.LVL108:
 1377              		.loc 1 1224 14 view .LVU429
 1378 0002 89B2     		uxth	r1, r1
 1379              	.LVL109:
 1380              		.loc 1 1224 12 view .LVU430
 1381 0004 0181     		strh	r1, [r0, #8]	@ movhi
1225:./Libraries/src/stm32f4xx_spi.c **** }
 1382              		.loc 1 1225 1 view .LVU431
 1383 0006 7047     		bx	lr
 1384              		.cfi_endproc
 1385              	.LFE145:
 1387              		.section	.text.SPI_I2S_GetITStatus,"ax",%progbits
 1388              		.align	1
 1389              		.global	SPI_I2S_GetITStatus
 1390              		.syntax unified
 1391              		.thumb
 1392              		.thumb_func
 1394              	SPI_I2S_GetITStatus:
 1395              	.LVL110:
ARM GAS  /tmp/cc1nuMuI.s 			page 47


 1396              	.LFB146:
1226:./Libraries/src/stm32f4xx_spi.c **** 
1227:./Libraries/src/stm32f4xx_spi.c **** /**
1228:./Libraries/src/stm32f4xx_spi.c ****   * @brief  Checks whether the specified SPIx/I2Sx interrupt has occurred or not.
1229:./Libraries/src/stm32f4xx_spi.c ****   * @param  SPIx: To select the SPIx/I2Sx peripheral, where x can be: 1, 2, 3, 4, 5 or 6 
1230:./Libraries/src/stm32f4xx_spi.c ****   *         in SPI mode or 2 or 3 in I2S mode or I2Sxext for I2S full duplex mode.  
1231:./Libraries/src/stm32f4xx_spi.c ****   * @param  SPI_I2S_IT: specifies the SPI interrupt source to check. 
1232:./Libraries/src/stm32f4xx_spi.c ****   *          This parameter can be one of the following values:
1233:./Libraries/src/stm32f4xx_spi.c ****   *            @arg SPI_I2S_IT_TXE: Transmit buffer empty interrupt.
1234:./Libraries/src/stm32f4xx_spi.c ****   *            @arg SPI_I2S_IT_RXNE: Receive buffer not empty interrupt.
1235:./Libraries/src/stm32f4xx_spi.c ****   *            @arg SPI_I2S_IT_OVR: Overrun interrupt.
1236:./Libraries/src/stm32f4xx_spi.c ****   *            @arg SPI_IT_MODF: Mode Fault interrupt.
1237:./Libraries/src/stm32f4xx_spi.c ****   *            @arg SPI_IT_CRCERR: CRC Error interrupt.
1238:./Libraries/src/stm32f4xx_spi.c ****   *            @arg I2S_IT_UDR: Underrun interrupt.  
1239:./Libraries/src/stm32f4xx_spi.c ****   *            @arg SPI_I2S_IT_TIFRFE: Format Error interrupt.  
1240:./Libraries/src/stm32f4xx_spi.c ****   * @retval The new state of SPI_I2S_IT (SET or RESET).
1241:./Libraries/src/stm32f4xx_spi.c ****   */
1242:./Libraries/src/stm32f4xx_spi.c **** ITStatus SPI_I2S_GetITStatus(SPI_TypeDef* SPIx, uint8_t SPI_I2S_IT)
1243:./Libraries/src/stm32f4xx_spi.c **** {
 1397              		.loc 1 1243 1 is_stmt 1 view -0
 1398              		.cfi_startproc
 1399              		@ args = 0, pretend = 0, frame = 0
 1400              		@ frame_needed = 0, uses_anonymous_args = 0
 1401              		@ link register save eliminated.
1244:./Libraries/src/stm32f4xx_spi.c ****   ITStatus bitstatus = RESET;
 1402              		.loc 1 1244 3 view .LVU433
1245:./Libraries/src/stm32f4xx_spi.c ****   uint16_t itpos = 0, itmask = 0, enablestatus = 0;
 1403              		.loc 1 1245 3 view .LVU434
1246:./Libraries/src/stm32f4xx_spi.c **** 
1247:./Libraries/src/stm32f4xx_spi.c ****   /* Check the parameters */
1248:./Libraries/src/stm32f4xx_spi.c ****   assert_param(IS_SPI_ALL_PERIPH_EXT(SPIx));
 1404              		.loc 1 1248 3 view .LVU435
1249:./Libraries/src/stm32f4xx_spi.c ****   assert_param(IS_SPI_I2S_GET_IT(SPI_I2S_IT));
 1405              		.loc 1 1249 3 view .LVU436
1250:./Libraries/src/stm32f4xx_spi.c **** 
1251:./Libraries/src/stm32f4xx_spi.c ****   /* Get the SPI_I2S_IT index */
1252:./Libraries/src/stm32f4xx_spi.c ****   itpos = 0x01 << (SPI_I2S_IT & 0x0F);
 1406              		.loc 1 1252 3 view .LVU437
 1407              		.loc 1 1252 31 is_stmt 0 view .LVU438
 1408 0000 01F00F0C 		and	ip, r1, #15
 1409              		.loc 1 1252 16 view .LVU439
 1410 0004 0123     		movs	r3, #1
 1411 0006 03FA0CFC 		lsl	ip, r3, ip
 1412              	.LVL111:
1253:./Libraries/src/stm32f4xx_spi.c **** 
1254:./Libraries/src/stm32f4xx_spi.c ****   /* Get the SPI_I2S_IT IT mask */
1255:./Libraries/src/stm32f4xx_spi.c ****   itmask = SPI_I2S_IT >> 4;
 1413              		.loc 1 1255 3 is_stmt 1 view .LVU440
 1414              		.loc 1 1255 10 is_stmt 0 view .LVU441
 1415 000a 0909     		lsrs	r1, r1, #4
 1416              	.LVL112:
1256:./Libraries/src/stm32f4xx_spi.c **** 
1257:./Libraries/src/stm32f4xx_spi.c ****   /* Set the IT mask */
1258:./Libraries/src/stm32f4xx_spi.c ****   itmask = 0x01 << itmask;
 1417              		.loc 1 1258 3 is_stmt 1 view .LVU442
 1418              		.loc 1 1258 17 is_stmt 0 view .LVU443
 1419 000c 8B40     		lsls	r3, r3, r1
ARM GAS  /tmp/cc1nuMuI.s 			page 48


 1420              	.LVL113:
1259:./Libraries/src/stm32f4xx_spi.c **** 
1260:./Libraries/src/stm32f4xx_spi.c ****   /* Get the SPI_I2S_IT enable bit status */
1261:./Libraries/src/stm32f4xx_spi.c ****   enablestatus = (SPIx->CR2 & itmask) ;
 1421              		.loc 1 1261 3 is_stmt 1 view .LVU444
 1422              		.loc 1 1261 23 is_stmt 0 view .LVU445
 1423 000e 8288     		ldrh	r2, [r0, #4]
 1424 0010 92B2     		uxth	r2, r2
 1425              		.loc 1 1261 16 view .LVU446
 1426 0012 1340     		ands	r3, r3, r2
 1427              	.LVL114:
1262:./Libraries/src/stm32f4xx_spi.c **** 
1263:./Libraries/src/stm32f4xx_spi.c ****   /* Check the status of the specified SPI interrupt */
1264:./Libraries/src/stm32f4xx_spi.c ****   if (((SPIx->SR & itpos) != (uint16_t)RESET) && enablestatus)
 1428              		.loc 1 1264 3 is_stmt 1 view .LVU447
 1429              		.loc 1 1264 13 is_stmt 0 view .LVU448
 1430 0014 0289     		ldrh	r2, [r0, #8]
 1431 0016 92B2     		uxth	r2, r2
 1432              		.loc 1 1264 6 view .LVU449
 1433 0018 1CEA020F 		tst	ip, r2
 1434 001c 02D0     		beq	.L83
 1435              		.loc 1 1264 47 discriminator 1 view .LVU450
 1436 001e 1BB9     		cbnz	r3, .L84
1265:./Libraries/src/stm32f4xx_spi.c ****   {
1266:./Libraries/src/stm32f4xx_spi.c ****     /* SPI_I2S_IT is set */
1267:./Libraries/src/stm32f4xx_spi.c ****     bitstatus = SET;
1268:./Libraries/src/stm32f4xx_spi.c ****   }
1269:./Libraries/src/stm32f4xx_spi.c ****   else
1270:./Libraries/src/stm32f4xx_spi.c ****   {
1271:./Libraries/src/stm32f4xx_spi.c ****     /* SPI_I2S_IT is reset */
1272:./Libraries/src/stm32f4xx_spi.c ****     bitstatus = RESET;
 1437              		.loc 1 1272 15 view .LVU451
 1438 0020 0020     		movs	r0, #0
 1439              	.LVL115:
 1440              		.loc 1 1272 15 view .LVU452
 1441 0022 7047     		bx	lr
 1442              	.LVL116:
 1443              	.L83:
 1444              		.loc 1 1272 15 view .LVU453
 1445 0024 0020     		movs	r0, #0
 1446              	.LVL117:
 1447              		.loc 1 1272 15 view .LVU454
 1448 0026 7047     		bx	lr
 1449              	.LVL118:
 1450              	.L84:
1267:./Libraries/src/stm32f4xx_spi.c ****   }
 1451              		.loc 1 1267 15 view .LVU455
 1452 0028 0120     		movs	r0, #1
 1453              	.LVL119:
1273:./Libraries/src/stm32f4xx_spi.c ****   }
1274:./Libraries/src/stm32f4xx_spi.c ****   /* Return the SPI_I2S_IT status */
1275:./Libraries/src/stm32f4xx_spi.c ****   return bitstatus;
 1454              		.loc 1 1275 3 is_stmt 1 view .LVU456
1276:./Libraries/src/stm32f4xx_spi.c **** }
 1455              		.loc 1 1276 1 is_stmt 0 view .LVU457
 1456 002a 7047     		bx	lr
 1457              		.cfi_endproc
ARM GAS  /tmp/cc1nuMuI.s 			page 49


 1458              	.LFE146:
 1460              		.section	.text.SPI_I2S_ClearITPendingBit,"ax",%progbits
 1461              		.align	1
 1462              		.global	SPI_I2S_ClearITPendingBit
 1463              		.syntax unified
 1464              		.thumb
 1465              		.thumb_func
 1467              	SPI_I2S_ClearITPendingBit:
 1468              	.LVL120:
 1469              	.LFB147:
1277:./Libraries/src/stm32f4xx_spi.c **** 
1278:./Libraries/src/stm32f4xx_spi.c **** /**
1279:./Libraries/src/stm32f4xx_spi.c ****   * @brief  Clears the SPIx CRC Error (CRCERR) interrupt pending bit.
1280:./Libraries/src/stm32f4xx_spi.c ****   * @param  SPIx: To select the SPIx/I2Sx peripheral, where x can be: 1, 2, 3, 4, 5 or 6 
1281:./Libraries/src/stm32f4xx_spi.c ****   *         in SPI mode or 2 or 3 in I2S mode or I2Sxext for I2S full duplex mode.  
1282:./Libraries/src/stm32f4xx_spi.c ****   * @param  SPI_I2S_IT: specifies the SPI interrupt pending bit to clear.
1283:./Libraries/src/stm32f4xx_spi.c ****   *         This function clears only CRCERR interrupt pending bit.   
1284:./Libraries/src/stm32f4xx_spi.c ****   *            @arg SPI_IT_CRCERR: CRC Error interrupt.
1285:./Libraries/src/stm32f4xx_spi.c ****   *   
1286:./Libraries/src/stm32f4xx_spi.c ****   * @note   OVR (OverRun Error) interrupt pending bit is cleared by software 
1287:./Libraries/src/stm32f4xx_spi.c ****   *          sequence: a read operation to SPI_DR register (SPI_I2S_ReceiveData()) 
1288:./Libraries/src/stm32f4xx_spi.c ****   *          followed by a read operation to SPI_SR register (SPI_I2S_GetITStatus()).
1289:./Libraries/src/stm32f4xx_spi.c ****   * @note   UDR (UnderRun Error) interrupt pending bit is cleared by a read 
1290:./Libraries/src/stm32f4xx_spi.c ****   *          operation to SPI_SR register (SPI_I2S_GetITStatus()).   
1291:./Libraries/src/stm32f4xx_spi.c ****   * @note   MODF (Mode Fault) interrupt pending bit is cleared by software sequence:
1292:./Libraries/src/stm32f4xx_spi.c ****   *          a read/write operation to SPI_SR register (SPI_I2S_GetITStatus()) 
1293:./Libraries/src/stm32f4xx_spi.c ****   *          followed by a write operation to SPI_CR1 register (SPI_Cmd() to enable 
1294:./Libraries/src/stm32f4xx_spi.c ****   *          the SPI).
1295:./Libraries/src/stm32f4xx_spi.c ****   * @retval None
1296:./Libraries/src/stm32f4xx_spi.c ****   */
1297:./Libraries/src/stm32f4xx_spi.c **** void SPI_I2S_ClearITPendingBit(SPI_TypeDef* SPIx, uint8_t SPI_I2S_IT)
1298:./Libraries/src/stm32f4xx_spi.c **** {
 1470              		.loc 1 1298 1 is_stmt 1 view -0
 1471              		.cfi_startproc
 1472              		@ args = 0, pretend = 0, frame = 0
 1473              		@ frame_needed = 0, uses_anonymous_args = 0
 1474              		@ link register save eliminated.
1299:./Libraries/src/stm32f4xx_spi.c ****   uint16_t itpos = 0;
 1475              		.loc 1 1299 3 view .LVU459
1300:./Libraries/src/stm32f4xx_spi.c ****   /* Check the parameters */
1301:./Libraries/src/stm32f4xx_spi.c ****   assert_param(IS_SPI_ALL_PERIPH_EXT(SPIx));
 1476              		.loc 1 1301 3 view .LVU460
1302:./Libraries/src/stm32f4xx_spi.c ****   assert_param(IS_SPI_I2S_CLEAR_IT(SPI_I2S_IT));
 1477              		.loc 1 1302 3 view .LVU461
1303:./Libraries/src/stm32f4xx_spi.c **** 
1304:./Libraries/src/stm32f4xx_spi.c ****   /* Get the SPI_I2S IT index */
1305:./Libraries/src/stm32f4xx_spi.c ****   itpos = 0x01 << (SPI_I2S_IT & 0x0F);
 1478              		.loc 1 1305 3 view .LVU462
 1479              		.loc 1 1305 31 is_stmt 0 view .LVU463
 1480 0000 01F00F01 		and	r1, r1, #15
 1481              	.LVL121:
 1482              		.loc 1 1305 16 view .LVU464
 1483 0004 0123     		movs	r3, #1
 1484 0006 8B40     		lsls	r3, r3, r1
 1485              		.loc 1 1305 9 view .LVU465
 1486 0008 9BB2     		uxth	r3, r3
 1487              	.LVL122:
ARM GAS  /tmp/cc1nuMuI.s 			page 50


1306:./Libraries/src/stm32f4xx_spi.c **** 
1307:./Libraries/src/stm32f4xx_spi.c ****   /* Clear the selected SPI CRC Error (CRCERR) interrupt pending bit */
1308:./Libraries/src/stm32f4xx_spi.c ****   SPIx->SR = (uint16_t)~itpos;
 1488              		.loc 1 1308 3 is_stmt 1 view .LVU466
 1489              		.loc 1 1308 14 is_stmt 0 view .LVU467
 1490 000a DB43     		mvns	r3, r3
 1491              	.LVL123:
 1492              		.loc 1 1308 14 view .LVU468
 1493 000c 9BB2     		uxth	r3, r3
 1494              	.LVL124:
 1495              		.loc 1 1308 12 view .LVU469
 1496 000e 0381     		strh	r3, [r0, #8]	@ movhi
1309:./Libraries/src/stm32f4xx_spi.c **** }
 1497              		.loc 1 1309 1 view .LVU470
 1498 0010 7047     		bx	lr
 1499              		.cfi_endproc
 1500              	.LFE147:
 1502              		.text
 1503              	.Letext0:
 1504              		.file 2 "/opt/gcc-arm-none-eabi/arm-none-eabi/include/machine/_default_types.h"
 1505              		.file 3 "/opt/gcc-arm-none-eabi/arm-none-eabi/include/sys/_stdint.h"
 1506              		.file 4 "./system/stm32f4xx.h"
 1507              		.file 5 "./Libraries/inc/stm32f4xx_spi.h"
 1508              		.file 6 "./Libraries/inc/stm32f4xx_rcc.h"
ARM GAS  /tmp/cc1nuMuI.s 			page 51


DEFINED SYMBOLS
                            *ABS*:00000000 stm32f4xx_spi.c
     /tmp/cc1nuMuI.s:21     .text.SPI_I2S_DeInit:00000000 $t
     /tmp/cc1nuMuI.s:27     .text.SPI_I2S_DeInit:00000000 SPI_I2S_DeInit
     /tmp/cc1nuMuI.s:169    .text.SPI_I2S_DeInit:000000ac $d
     /tmp/cc1nuMuI.s:179    .text.SPI_Init:00000000 $t
     /tmp/cc1nuMuI.s:185    .text.SPI_Init:00000000 SPI_Init
     /tmp/cc1nuMuI.s:275    .text.I2S_Init:00000000 $t
     /tmp/cc1nuMuI.s:281    .text.I2S_Init:00000000 I2S_Init
     /tmp/cc1nuMuI.s:535    .text.I2S_Init:0000010c $d
     /tmp/cc1nuMuI.s:543    .text.SPI_StructInit:00000000 $t
     /tmp/cc1nuMuI.s:549    .text.SPI_StructInit:00000000 SPI_StructInit
     /tmp/cc1nuMuI.s:592    .text.I2S_StructInit:00000000 $t
     /tmp/cc1nuMuI.s:598    .text.I2S_StructInit:00000000 I2S_StructInit
     /tmp/cc1nuMuI.s:632    .text.SPI_Cmd:00000000 $t
     /tmp/cc1nuMuI.s:638    .text.SPI_Cmd:00000000 SPI_Cmd
     /tmp/cc1nuMuI.s:674    .text.I2S_Cmd:00000000 $t
     /tmp/cc1nuMuI.s:680    .text.I2S_Cmd:00000000 I2S_Cmd
     /tmp/cc1nuMuI.s:716    .text.SPI_DataSizeConfig:00000000 $t
     /tmp/cc1nuMuI.s:722    .text.SPI_DataSizeConfig:00000000 SPI_DataSizeConfig
     /tmp/cc1nuMuI.s:753    .text.SPI_BiDirectionalLineConfig:00000000 $t
     /tmp/cc1nuMuI.s:759    .text.SPI_BiDirectionalLineConfig:00000000 SPI_BiDirectionalLineConfig
     /tmp/cc1nuMuI.s:796    .text.SPI_NSSInternalSoftwareConfig:00000000 $t
     /tmp/cc1nuMuI.s:802    .text.SPI_NSSInternalSoftwareConfig:00000000 SPI_NSSInternalSoftwareConfig
     /tmp/cc1nuMuI.s:840    .text.SPI_SSOutputCmd:00000000 $t
     /tmp/cc1nuMuI.s:846    .text.SPI_SSOutputCmd:00000000 SPI_SSOutputCmd
     /tmp/cc1nuMuI.s:882    .text.SPI_TIModeCmd:00000000 $t
     /tmp/cc1nuMuI.s:888    .text.SPI_TIModeCmd:00000000 SPI_TIModeCmd
     /tmp/cc1nuMuI.s:924    .text.I2S_FullDuplexConfig:00000000 $t
     /tmp/cc1nuMuI.s:930    .text.I2S_FullDuplexConfig:00000000 I2S_FullDuplexConfig
     /tmp/cc1nuMuI.s:1014   .text.SPI_I2S_ReceiveData:00000000 $t
     /tmp/cc1nuMuI.s:1020   .text.SPI_I2S_ReceiveData:00000000 SPI_I2S_ReceiveData
     /tmp/cc1nuMuI.s:1040   .text.SPI_I2S_SendData:00000000 $t
     /tmp/cc1nuMuI.s:1046   .text.SPI_I2S_SendData:00000000 SPI_I2S_SendData
     /tmp/cc1nuMuI.s:1064   .text.SPI_CalculateCRC:00000000 $t
     /tmp/cc1nuMuI.s:1070   .text.SPI_CalculateCRC:00000000 SPI_CalculateCRC
     /tmp/cc1nuMuI.s:1106   .text.SPI_TransmitCRC:00000000 $t
     /tmp/cc1nuMuI.s:1112   .text.SPI_TransmitCRC:00000000 SPI_TransmitCRC
     /tmp/cc1nuMuI.s:1134   .text.SPI_GetCRC:00000000 $t
     /tmp/cc1nuMuI.s:1140   .text.SPI_GetCRC:00000000 SPI_GetCRC
     /tmp/cc1nuMuI.s:1180   .text.SPI_GetCRCPolynomial:00000000 $t
     /tmp/cc1nuMuI.s:1186   .text.SPI_GetCRCPolynomial:00000000 SPI_GetCRCPolynomial
     /tmp/cc1nuMuI.s:1206   .text.SPI_I2S_DMACmd:00000000 $t
     /tmp/cc1nuMuI.s:1212   .text.SPI_I2S_DMACmd:00000000 SPI_I2S_DMACmd
     /tmp/cc1nuMuI.s:1252   .text.SPI_I2S_ITConfig:00000000 $t
     /tmp/cc1nuMuI.s:1258   .text.SPI_I2S_ITConfig:00000000 SPI_I2S_ITConfig
     /tmp/cc1nuMuI.s:1317   .text.SPI_I2S_GetFlagStatus:00000000 $t
     /tmp/cc1nuMuI.s:1323   .text.SPI_I2S_GetFlagStatus:00000000 SPI_I2S_GetFlagStatus
     /tmp/cc1nuMuI.s:1357   .text.SPI_I2S_ClearFlag:00000000 $t
     /tmp/cc1nuMuI.s:1363   .text.SPI_I2S_ClearFlag:00000000 SPI_I2S_ClearFlag
     /tmp/cc1nuMuI.s:1388   .text.SPI_I2S_GetITStatus:00000000 $t
     /tmp/cc1nuMuI.s:1394   .text.SPI_I2S_GetITStatus:00000000 SPI_I2S_GetITStatus
     /tmp/cc1nuMuI.s:1461   .text.SPI_I2S_ClearITPendingBit:00000000 $t
     /tmp/cc1nuMuI.s:1467   .text.SPI_I2S_ClearITPendingBit:00000000 SPI_I2S_ClearITPendingBit

UNDEFINED SYMBOLS
RCC_APB2PeriphResetCmd
ARM GAS  /tmp/cc1nuMuI.s 			page 52


RCC_APB1PeriphResetCmd
