ARM GAS  /tmp/ccrBRGbZ.s 			page 1


   1              		.cpu cortex-m4
   2              		.arch armv7e-m
   3              		.fpu fpv4-sp-d16
   4              		.eabi_attribute 27, 1
   5              		.eabi_attribute 28, 1
   6              		.eabi_attribute 20, 1
   7              		.eabi_attribute 21, 1
   8              		.eabi_attribute 23, 3
   9              		.eabi_attribute 24, 1
  10              		.eabi_attribute 25, 1
  11              		.eabi_attribute 26, 1
  12              		.eabi_attribute 30, 1
  13              		.eabi_attribute 34, 1
  14              		.eabi_attribute 18, 4
  15              		.file	"stm32f4xx_flash.c"
  16              		.text
  17              	.Ltext0:
  18              		.cfi_sections	.debug_frame
  19              		.file 1 "./Libraries/src/stm32f4xx_flash.c"
  20              		.section	.text.FLASH_SetLatency,"ax",%progbits
  21              		.align	1
  22              		.global	FLASH_SetLatency
  23              		.syntax unified
  24              		.thumb
  25              		.thumb_func
  27              	FLASH_SetLatency:
  28              	.LVL0:
  29              	.LFB123:
   1:./Libraries/src/stm32f4xx_flash.c **** /**
   2:./Libraries/src/stm32f4xx_flash.c ****   ******************************************************************************
   3:./Libraries/src/stm32f4xx_flash.c ****   * @file    stm32f4xx_flash.c
   4:./Libraries/src/stm32f4xx_flash.c ****   * @author  MCD Application Team
   5:./Libraries/src/stm32f4xx_flash.c ****   * @version V1.8.0
   6:./Libraries/src/stm32f4xx_flash.c ****   * @date    04-November-2016
   7:./Libraries/src/stm32f4xx_flash.c ****   * @brief   This file provides firmware functions to manage the following 
   8:./Libraries/src/stm32f4xx_flash.c ****   *          functionalities of the FLASH peripheral:
   9:./Libraries/src/stm32f4xx_flash.c ****   *            + FLASH Interface configuration
  10:./Libraries/src/stm32f4xx_flash.c ****   *            + FLASH Memory Programming
  11:./Libraries/src/stm32f4xx_flash.c ****   *            + Option Bytes Programming
  12:./Libraries/src/stm32f4xx_flash.c ****   *            + Interrupts and flags management
  13:./Libraries/src/stm32f4xx_flash.c ****   *  
  14:./Libraries/src/stm32f4xx_flash.c ****  @verbatim    
  15:./Libraries/src/stm32f4xx_flash.c ****  ===============================================================================
  16:./Libraries/src/stm32f4xx_flash.c ****                         ##### How to use this driver #####
  17:./Libraries/src/stm32f4xx_flash.c ****  ===============================================================================
  18:./Libraries/src/stm32f4xx_flash.c ****     [..]                             
  19:./Libraries/src/stm32f4xx_flash.c ****       This driver provides functions to configure and program the FLASH memory 
  20:./Libraries/src/stm32f4xx_flash.c ****       of all STM32F4xx devices. These functions are split in 4 groups:
  21:./Libraries/src/stm32f4xx_flash.c ****    
  22:./Libraries/src/stm32f4xx_flash.c ****       (#) FLASH Interface configuration functions: this group includes the
  23:./Libraries/src/stm32f4xx_flash.c ****           management of the following features:
  24:./Libraries/src/stm32f4xx_flash.c ****         (++) Set the latency
  25:./Libraries/src/stm32f4xx_flash.c ****         (++) Enable/Disable the prefetch buffer
  26:./Libraries/src/stm32f4xx_flash.c ****         (++) Enable/Disable the Instruction cache and the Data cache
  27:./Libraries/src/stm32f4xx_flash.c ****         (++) Reset the Instruction cache and the Data cache
  28:./Libraries/src/stm32f4xx_flash.c ****     
  29:./Libraries/src/stm32f4xx_flash.c ****       (#) FLASH Memory Programming functions: this group includes all needed
ARM GAS  /tmp/ccrBRGbZ.s 			page 2


  30:./Libraries/src/stm32f4xx_flash.c ****           functions to erase and program the main memory:
  31:./Libraries/src/stm32f4xx_flash.c ****         (++) Lock and Unlock the FLASH interface
  32:./Libraries/src/stm32f4xx_flash.c ****         (++) Erase function: Erase sector, erase all sectors
  33:./Libraries/src/stm32f4xx_flash.c ****         (++) Program functions: byte, half word, word and double word
  34:./Libraries/src/stm32f4xx_flash.c ****     
  35:./Libraries/src/stm32f4xx_flash.c ****       (#) Option Bytes Programming functions: this group includes all needed
  36:./Libraries/src/stm32f4xx_flash.c ****           functions to manage the Option Bytes:
  37:./Libraries/src/stm32f4xx_flash.c ****         (++) Set/Reset the write protection
  38:./Libraries/src/stm32f4xx_flash.c ****         (++) Set the Read protection Level
  39:./Libraries/src/stm32f4xx_flash.c ****         (++) Set the BOR level
  40:./Libraries/src/stm32f4xx_flash.c ****         (++) Program the user Option Bytes
  41:./Libraries/src/stm32f4xx_flash.c ****         (++) Launch the Option Bytes loader
  42:./Libraries/src/stm32f4xx_flash.c ****     
  43:./Libraries/src/stm32f4xx_flash.c ****       (#) Interrupts and flags management functions: this group 
  44:./Libraries/src/stm32f4xx_flash.c ****           includes all needed functions to:
  45:./Libraries/src/stm32f4xx_flash.c ****         (++) Enable/Disable the FLASH interrupt sources
  46:./Libraries/src/stm32f4xx_flash.c ****         (++) Get flags status
  47:./Libraries/src/stm32f4xx_flash.c ****         (++) Clear flags
  48:./Libraries/src/stm32f4xx_flash.c ****         (++) Get FLASH operation status
  49:./Libraries/src/stm32f4xx_flash.c ****         (++) Wait for last FLASH operation   
  50:./Libraries/src/stm32f4xx_flash.c ****  @endverbatim
  51:./Libraries/src/stm32f4xx_flash.c ****   ******************************************************************************
  52:./Libraries/src/stm32f4xx_flash.c ****   * @attention
  53:./Libraries/src/stm32f4xx_flash.c ****   *
  54:./Libraries/src/stm32f4xx_flash.c ****   * <h2><center>&copy; COPYRIGHT 2016 STMicroelectronics</center></h2>
  55:./Libraries/src/stm32f4xx_flash.c ****   *
  56:./Libraries/src/stm32f4xx_flash.c ****   * Licensed under MCD-ST Liberty SW License Agreement V2, (the "License");
  57:./Libraries/src/stm32f4xx_flash.c ****   * You may not use this file except in compliance with the License.
  58:./Libraries/src/stm32f4xx_flash.c ****   * You may obtain a copy of the License at:
  59:./Libraries/src/stm32f4xx_flash.c ****   *
  60:./Libraries/src/stm32f4xx_flash.c ****   *        http://www.st.com/software_license_agreement_liberty_v2
  61:./Libraries/src/stm32f4xx_flash.c ****   *
  62:./Libraries/src/stm32f4xx_flash.c ****   * Unless required by applicable law or agreed to in writing, software 
  63:./Libraries/src/stm32f4xx_flash.c ****   * distributed under the License is distributed on an "AS IS" BASIS, 
  64:./Libraries/src/stm32f4xx_flash.c ****   * WITHOUT WARRANTIES OR CONDITIONS OF ANY KIND, either express or implied.
  65:./Libraries/src/stm32f4xx_flash.c ****   * See the License for the specific language governing permissions and
  66:./Libraries/src/stm32f4xx_flash.c ****   * limitations under the License.
  67:./Libraries/src/stm32f4xx_flash.c ****   *
  68:./Libraries/src/stm32f4xx_flash.c ****   ******************************************************************************
  69:./Libraries/src/stm32f4xx_flash.c ****   */
  70:./Libraries/src/stm32f4xx_flash.c **** 
  71:./Libraries/src/stm32f4xx_flash.c **** /* Includes ------------------------------------------------------------------*/
  72:./Libraries/src/stm32f4xx_flash.c **** #include "stm32f4xx_flash.h"
  73:./Libraries/src/stm32f4xx_flash.c **** 
  74:./Libraries/src/stm32f4xx_flash.c **** /** @addtogroup STM32F4xx_StdPeriph_Driver
  75:./Libraries/src/stm32f4xx_flash.c ****   * @{
  76:./Libraries/src/stm32f4xx_flash.c ****   */
  77:./Libraries/src/stm32f4xx_flash.c **** 
  78:./Libraries/src/stm32f4xx_flash.c **** /** @defgroup FLASH 
  79:./Libraries/src/stm32f4xx_flash.c ****   * @brief FLASH driver modules
  80:./Libraries/src/stm32f4xx_flash.c ****   * @{
  81:./Libraries/src/stm32f4xx_flash.c ****   */ 
  82:./Libraries/src/stm32f4xx_flash.c **** 
  83:./Libraries/src/stm32f4xx_flash.c **** /* Private typedef -----------------------------------------------------------*/
  84:./Libraries/src/stm32f4xx_flash.c **** /* Private define ------------------------------------------------------------*/ 
  85:./Libraries/src/stm32f4xx_flash.c **** #define SECTOR_MASK               ((uint32_t)0xFFFFFF07)
  86:./Libraries/src/stm32f4xx_flash.c **** 
ARM GAS  /tmp/ccrBRGbZ.s 			page 3


  87:./Libraries/src/stm32f4xx_flash.c **** /* Private macro -------------------------------------------------------------*/
  88:./Libraries/src/stm32f4xx_flash.c **** /* Private variables ---------------------------------------------------------*/
  89:./Libraries/src/stm32f4xx_flash.c **** /* Private function prototypes -----------------------------------------------*/
  90:./Libraries/src/stm32f4xx_flash.c **** /* Private functions ---------------------------------------------------------*/
  91:./Libraries/src/stm32f4xx_flash.c **** 
  92:./Libraries/src/stm32f4xx_flash.c **** /** @defgroup FLASH_Private_Functions
  93:./Libraries/src/stm32f4xx_flash.c ****   * @{
  94:./Libraries/src/stm32f4xx_flash.c ****   */ 
  95:./Libraries/src/stm32f4xx_flash.c **** 
  96:./Libraries/src/stm32f4xx_flash.c **** /** @defgroup FLASH_Group1 FLASH Interface configuration functions
  97:./Libraries/src/stm32f4xx_flash.c ****   *  @brief   FLASH Interface configuration functions 
  98:./Libraries/src/stm32f4xx_flash.c ****  *
  99:./Libraries/src/stm32f4xx_flash.c **** 
 100:./Libraries/src/stm32f4xx_flash.c **** @verbatim   
 101:./Libraries/src/stm32f4xx_flash.c ****  ===============================================================================
 102:./Libraries/src/stm32f4xx_flash.c ****               ##### FLASH Interface configuration functions #####
 103:./Libraries/src/stm32f4xx_flash.c ****  ===============================================================================
 104:./Libraries/src/stm32f4xx_flash.c ****     [..]
 105:./Libraries/src/stm32f4xx_flash.c ****       This group includes the following functions:
 106:./Libraries/src/stm32f4xx_flash.c ****       (+) void FLASH_SetLatency(uint32_t FLASH_Latency)
 107:./Libraries/src/stm32f4xx_flash.c ****           To correctly read data from FLASH memory, the number of wait states (LATENCY) 
 108:./Libraries/src/stm32f4xx_flash.c ****           must be correctly programmed according to the frequency of the CPU clock 
 109:./Libraries/src/stm32f4xx_flash.c ****           (HCLK) and the supply voltage of the device.
 110:./Libraries/src/stm32f4xx_flash.c ****     [..]      
 111:./Libraries/src/stm32f4xx_flash.c ****       For STM32F405xx/07xx and STM32F415xx/17xx devices
 112:./Libraries/src/stm32f4xx_flash.c ****  +-------------------------------------------------------------------------------------+
 113:./Libraries/src/stm32f4xx_flash.c ****  | Latency       |                HCLK clock frequency (MHz)                           |
 114:./Libraries/src/stm32f4xx_flash.c ****  |               |---------------------------------------------------------------------|
 115:./Libraries/src/stm32f4xx_flash.c ****  |               | voltage range  | voltage range  | voltage range   | voltage range   |
 116:./Libraries/src/stm32f4xx_flash.c ****  |               | 2.7 V - 3.6 V  | 2.4 V - 2.7 V  | 2.1 V - 2.4 V   | 1.8 V - 2.1 V   |
 117:./Libraries/src/stm32f4xx_flash.c ****  |---------------|----------------|----------------|-----------------|-----------------|
 118:./Libraries/src/stm32f4xx_flash.c ****  |0WS(1CPU cycle)|0 < HCLK <= 30  |0 < HCLK <= 24  |0 < HCLK <= 22   |0 < HCLK <= 20   |
 119:./Libraries/src/stm32f4xx_flash.c ****  |---------------|----------------|----------------|-----------------|-----------------|
 120:./Libraries/src/stm32f4xx_flash.c ****  |1WS(2CPU cycle)|30 < HCLK <= 60 |24 < HCLK <= 48 |22 < HCLK <= 44  |20 < HCLK <= 40  |
 121:./Libraries/src/stm32f4xx_flash.c ****  |---------------|----------------|----------------|-----------------|-----------------|
 122:./Libraries/src/stm32f4xx_flash.c ****  |2WS(3CPU cycle)|60 < HCLK <= 90 |48 < HCLK <= 72 |44 < HCLK <= 66  |40 < HCLK <= 60  |
 123:./Libraries/src/stm32f4xx_flash.c ****  |---------------|----------------|----------------|-----------------|-----------------|
 124:./Libraries/src/stm32f4xx_flash.c ****  |3WS(4CPU cycle)|90 < HCLK <= 120|72 < HCLK <= 96 |66 < HCLK <= 88  |60 < HCLK <= 80  |
 125:./Libraries/src/stm32f4xx_flash.c ****  |---------------|----------------|----------------|-----------------|-----------------|
 126:./Libraries/src/stm32f4xx_flash.c ****  |4WS(5CPU cycle)|120< HCLK <= 150|96 < HCLK <= 120|88 < HCLK <= 110 |80 < HCLK <= 100 |
 127:./Libraries/src/stm32f4xx_flash.c ****  |---------------|----------------|----------------|-----------------|-----------------|
 128:./Libraries/src/stm32f4xx_flash.c ****  |5WS(6CPU cycle)|150< HCLK <= 168|120< HCLK <= 144|110 < HCLK <= 132|100 < HCLK <= 120|
 129:./Libraries/src/stm32f4xx_flash.c ****  |---------------|----------------|----------------|-----------------|-----------------|
 130:./Libraries/src/stm32f4xx_flash.c ****  |6WS(7CPU cycle)|      NA        |144< HCLK <= 168|132 < HCLK <= 154|120 < HCLK <= 140|
 131:./Libraries/src/stm32f4xx_flash.c ****  |---------------|----------------|----------------|-----------------|-----------------|
 132:./Libraries/src/stm32f4xx_flash.c ****  |7WS(8CPU cycle)|      NA        |      NA        |154 < HCLK <= 168|140 < HCLK <= 160|
 133:./Libraries/src/stm32f4xx_flash.c ****  +---------------|----------------|----------------|-----------------|-----------------+
 134:./Libraries/src/stm32f4xx_flash.c **** 
 135:./Libraries/src/stm32f4xx_flash.c ****     [..]      
 136:./Libraries/src/stm32f4xx_flash.c ****       For STM32F42xxx/43xxx devices
 137:./Libraries/src/stm32f4xx_flash.c ****  +-------------------------------------------------------------------------------------+
 138:./Libraries/src/stm32f4xx_flash.c ****  | Latency       |                HCLK clock frequency (MHz)                           |
 139:./Libraries/src/stm32f4xx_flash.c ****  |               |---------------------------------------------------------------------|
 140:./Libraries/src/stm32f4xx_flash.c ****  |               | voltage range  | voltage range  | voltage range   | voltage range   |
 141:./Libraries/src/stm32f4xx_flash.c ****  |               | 2.7 V - 3.6 V  | 2.4 V - 2.7 V  | 2.1 V - 2.4 V   | 1.8 V - 2.1 V   |
 142:./Libraries/src/stm32f4xx_flash.c ****  |---------------|----------------|----------------|-----------------|-----------------|
 143:./Libraries/src/stm32f4xx_flash.c ****  |0WS(1CPU cycle)|0 < HCLK <= 30  |0 < HCLK <= 24  |0 < HCLK <= 22   |0 < HCLK <= 20   |
ARM GAS  /tmp/ccrBRGbZ.s 			page 4


 144:./Libraries/src/stm32f4xx_flash.c ****  |---------------|----------------|----------------|-----------------|-----------------|
 145:./Libraries/src/stm32f4xx_flash.c ****  |1WS(2CPU cycle)|30 < HCLK <= 60 |24 < HCLK <= 48 |22 < HCLK <= 44  |20 < HCLK <= 40  |
 146:./Libraries/src/stm32f4xx_flash.c ****  |---------------|----------------|----------------|-----------------|-----------------|
 147:./Libraries/src/stm32f4xx_flash.c ****  |2WS(3CPU cycle)|60 < HCLK <= 90 |48 < HCLK <= 72 |44 < HCLK <= 66  |40 < HCLK <= 60  |
 148:./Libraries/src/stm32f4xx_flash.c ****  |---------------|----------------|----------------|-----------------|-----------------|
 149:./Libraries/src/stm32f4xx_flash.c ****  |3WS(4CPU cycle)|90 < HCLK <= 120|72 < HCLK <= 96 |66 < HCLK <= 88  |60 < HCLK <= 80  |
 150:./Libraries/src/stm32f4xx_flash.c ****  |---------------|----------------|----------------|-----------------|-----------------|
 151:./Libraries/src/stm32f4xx_flash.c ****  |4WS(5CPU cycle)|120< HCLK <= 150|96 < HCLK <= 120|88 < HCLK <= 110 |80 < HCLK <= 100 |
 152:./Libraries/src/stm32f4xx_flash.c ****  |---------------|----------------|----------------|-----------------|-----------------|
 153:./Libraries/src/stm32f4xx_flash.c ****  |5WS(6CPU cycle)|120< HCLK <= 180|120< HCLK <= 144|110 < HCLK <= 132|100 < HCLK <= 120|
 154:./Libraries/src/stm32f4xx_flash.c ****  |---------------|----------------|----------------|-----------------|-----------------|
 155:./Libraries/src/stm32f4xx_flash.c ****  |6WS(7CPU cycle)|      NA        |144< HCLK <= 168|132 < HCLK <= 154|120 < HCLK <= 140|
 156:./Libraries/src/stm32f4xx_flash.c ****  |---------------|----------------|----------------|-----------------|-----------------|
 157:./Libraries/src/stm32f4xx_flash.c ****  |7WS(8CPU cycle)|      NA        |168< HCLK <= 180|154 < HCLK <= 176|140 < HCLK <= 160|
 158:./Libraries/src/stm32f4xx_flash.c ****  |---------------|----------------|----------------|-----------------|-----------------|
 159:./Libraries/src/stm32f4xx_flash.c ****  |8WS(9CPU cycle)|      NA        |      NA        |176 < HCLK <= 180|160 < HCLK <= 168|
 160:./Libraries/src/stm32f4xx_flash.c ****  +-------------------------------------------------------------------------------------+
 161:./Libraries/src/stm32f4xx_flash.c ****    
 162:./Libraries/src/stm32f4xx_flash.c ****     [..]
 163:./Libraries/src/stm32f4xx_flash.c ****     For STM32F401x devices
 164:./Libraries/src/stm32f4xx_flash.c ****  +-------------------------------------------------------------------------------------+
 165:./Libraries/src/stm32f4xx_flash.c ****  | Latency       |                HCLK clock frequency (MHz)                           |
 166:./Libraries/src/stm32f4xx_flash.c ****  |               |---------------------------------------------------------------------|
 167:./Libraries/src/stm32f4xx_flash.c ****  |               | voltage range  | voltage range  | voltage range   | voltage range   |
 168:./Libraries/src/stm32f4xx_flash.c ****  |               | 2.7 V - 3.6 V  | 2.4 V - 2.7 V  | 2.1 V - 2.4 V   | 1.8 V - 2.1 V   |
 169:./Libraries/src/stm32f4xx_flash.c ****  |---------------|----------------|----------------|-----------------|-----------------|
 170:./Libraries/src/stm32f4xx_flash.c ****  |0WS(1CPU cycle)|0 < HCLK <= 30  |0 < HCLK <= 24  |0 < HCLK <= 22   |0 < HCLK <= 20   |
 171:./Libraries/src/stm32f4xx_flash.c ****  |---------------|----------------|----------------|-----------------|-----------------|
 172:./Libraries/src/stm32f4xx_flash.c ****  |1WS(2CPU cycle)|30 < HCLK <= 60 |24 < HCLK <= 48 |22 < HCLK <= 44  |20 < HCLK <= 40  |
 173:./Libraries/src/stm32f4xx_flash.c ****  |---------------|----------------|----------------|-----------------|-----------------|
 174:./Libraries/src/stm32f4xx_flash.c ****  |2WS(3CPU cycle)|60 < HCLK <= 84 |48 < HCLK <= 72 |44 < HCLK <= 66  |40 < HCLK <= 60  |
 175:./Libraries/src/stm32f4xx_flash.c ****  |---------------|----------------|----------------|-----------------|-----------------|
 176:./Libraries/src/stm32f4xx_flash.c ****  |3WS(4CPU cycle)|      NA        |72 < HCLK <= 84 |66 < HCLK <= 84  |60 < HCLK <= 80  |
 177:./Libraries/src/stm32f4xx_flash.c ****  |---------------|----------------|----------------|-----------------|-----------------|
 178:./Libraries/src/stm32f4xx_flash.c ****  |4WS(5CPU cycle)|      NA        |      NA        |      NA         |80 < HCLK <= 84  |
 179:./Libraries/src/stm32f4xx_flash.c ****  +-------------------------------------------------------------------------------------+
 180:./Libraries/src/stm32f4xx_flash.c **** 
 181:./Libraries/src/stm32f4xx_flash.c ****     [..]
 182:./Libraries/src/stm32f4xx_flash.c ****     For STM32F410xx/STM32F411xE devices
 183:./Libraries/src/stm32f4xx_flash.c ****  +-------------------------------------------------------------------------------------+
 184:./Libraries/src/stm32f4xx_flash.c ****  | Latency       |                HCLK clock frequency (MHz)                           |
 185:./Libraries/src/stm32f4xx_flash.c ****  |               |---------------------------------------------------------------------|
 186:./Libraries/src/stm32f4xx_flash.c ****  |               | voltage range  | voltage range  | voltage range   | voltage range   |
 187:./Libraries/src/stm32f4xx_flash.c ****  |               | 2.7 V - 3.6 V  | 2.4 V - 2.7 V  | 2.1 V - 2.4 V   | 1.8 V - 2.1 V   |
 188:./Libraries/src/stm32f4xx_flash.c ****  |---------------|----------------|----------------|-----------------|-----------------|
 189:./Libraries/src/stm32f4xx_flash.c ****  |0WS(1CPU cycle)|0 < HCLK <= 30  |0 < HCLK <= 24  |0 < HCLK <= 18   |0 < HCLK <= 16   |
 190:./Libraries/src/stm32f4xx_flash.c ****  |---------------|----------------|----------------|-----------------|-----------------|
 191:./Libraries/src/stm32f4xx_flash.c ****  |1WS(2CPU cycle)|30 < HCLK <= 64 |24 < HCLK <= 48 |18 < HCLK <= 36  |16 < HCLK <= 32  |
 192:./Libraries/src/stm32f4xx_flash.c ****  |---------------|----------------|----------------|-----------------|-----------------|
 193:./Libraries/src/stm32f4xx_flash.c ****  |2WS(3CPU cycle)|64 < HCLK <= 90 |48 < HCLK <= 72 |36 < HCLK <= 54  |32 < HCLK <= 48  |
 194:./Libraries/src/stm32f4xx_flash.c ****  |---------------|----------------|----------------|-----------------|-----------------|
 195:./Libraries/src/stm32f4xx_flash.c ****  |3WS(4CPU cycle)|90 < HCLK <= 100|72 < HCLK <= 96 |54 < HCLK <= 72  |48 < HCLK <= 64  |
 196:./Libraries/src/stm32f4xx_flash.c ****  |---------------|----------------|----------------|-----------------|-----------------|
 197:./Libraries/src/stm32f4xx_flash.c ****  |4WS(5CPU cycle)|      NA        |96 < HCLK <= 100|72 < HCLK <= 90  |64 < HCLK <= 80  |
 198:./Libraries/src/stm32f4xx_flash.c ****  |---------------|----------------|----------------|-----------------|-----------------|
 199:./Libraries/src/stm32f4xx_flash.c ****  |5WS(6CPU cycle)|      NA        |       NA       |90 < HCLK <= 100 |80 < HCLK <= 96  |
 200:./Libraries/src/stm32f4xx_flash.c ****  |---------------|----------------|----------------|-----------------|-----------------|
ARM GAS  /tmp/ccrBRGbZ.s 			page 5


 201:./Libraries/src/stm32f4xx_flash.c ****  |6WS(7CPU cycle)|      NA        |       NA       |        NA       |96 < HCLK <= 100 |
 202:./Libraries/src/stm32f4xx_flash.c ****  +-------------------------------------------------------------------------------------+
 203:./Libraries/src/stm32f4xx_flash.c ****  
 204:./Libraries/src/stm32f4xx_flash.c ****  [..]
 205:./Libraries/src/stm32f4xx_flash.c ****  +-------------------------------------------------------------------------------------------------
 206:./Libraries/src/stm32f4xx_flash.c ****  |               | voltage range  | voltage range  | voltage range   | voltage range   | voltage ra
 207:./Libraries/src/stm32f4xx_flash.c ****  |               | 2.7 V - 3.6 V  | 2.4 V - 2.7 V  | 2.1 V - 2.4 V   | 1.8 V - 2.1 V   | with Exter
 208:./Libraries/src/stm32f4xx_flash.c ****  |---------------|----------------|----------------|-----------------|-----------------|-----------
 209:./Libraries/src/stm32f4xx_flash.c ****  |Max Parallelism|      x32       |               x16                |       x8        |          x
 210:./Libraries/src/stm32f4xx_flash.c ****  |---------------|----------------|----------------|-----------------|-----------------|-----------
 211:./Libraries/src/stm32f4xx_flash.c ****  |PSIZE[1:0]     |      10        |               01                 |       00        |           
 212:./Libraries/src/stm32f4xx_flash.c ****  +-------------------------------------------------------------------------------------------------
 213:./Libraries/src/stm32f4xx_flash.c **** 
 214:./Libraries/src/stm32f4xx_flash.c ****       -@- On STM32F405xx/407xx and STM32F415xx/417xx devices: 
 215:./Libraries/src/stm32f4xx_flash.c ****            (++) when VOS = '0' Scale 2 mode, the maximum value of fHCLK = 144MHz. 
 216:./Libraries/src/stm32f4xx_flash.c ****            (++) when VOS = '1' Scale 1 mode, the maximum value of fHCLK = 168MHz. 
 217:./Libraries/src/stm32f4xx_flash.c ****           [..] 
 218:./Libraries/src/stm32f4xx_flash.c ****           On STM32F42xxx/43xxx devices:
 219:./Libraries/src/stm32f4xx_flash.c ****            (++) when VOS[1:0] = '0x01' Scale 3 mode, the maximum value of fHCLK is 120MHz.
 220:./Libraries/src/stm32f4xx_flash.c ****            (++) when VOS[1:0] = '0x10' Scale 2 mode, the maximum value of fHCLK is 144MHz if OverDr
 221:./Libraries/src/stm32f4xx_flash.c ****            (++) when VOS[1:0] = '0x11' Scale 1 mode, the maximum value of fHCLK is 168MHz if OverDr
 222:./Libraries/src/stm32f4xx_flash.c ****           [..]
 223:./Libraries/src/stm32f4xx_flash.c ****           On STM32F401x devices:
 224:./Libraries/src/stm32f4xx_flash.c ****            (++) when VOS[1:0] = '0x01' Scale 3 mode, the maximum value of fHCLK is 60MHz.
 225:./Libraries/src/stm32f4xx_flash.c ****            (++) when VOS[1:0] = '0x10' Scale 2 mode, the maximum value of fHCLK is 84MHz.
 226:./Libraries/src/stm32f4xx_flash.c ****           [..]  
 227:./Libraries/src/stm32f4xx_flash.c ****           On STM32F410xx/STM32F411xE devices:
 228:./Libraries/src/stm32f4xx_flash.c ****            (++) when VOS[1:0] = '0x01' Scale 3 mode, the maximum value of fHCLK is 64MHz.
 229:./Libraries/src/stm32f4xx_flash.c ****            (++) when VOS[1:0] = '0x10' Scale 2 mode, the maximum value of fHCLK is 84MHz.
 230:./Libraries/src/stm32f4xx_flash.c ****            (++) when VOS[1:0] = '0x11' Scale 1 mode, the maximum value of fHCLK is 100MHz.
 231:./Libraries/src/stm32f4xx_flash.c **** 
 232:./Libraries/src/stm32f4xx_flash.c ****         For more details please refer product DataSheet 
 233:./Libraries/src/stm32f4xx_flash.c ****            You can use PWR_MainRegulatorModeConfig() function to control VOS bits.
 234:./Libraries/src/stm32f4xx_flash.c **** 
 235:./Libraries/src/stm32f4xx_flash.c ****       (+) void FLASH_PrefetchBufferCmd(FunctionalState NewState)
 236:./Libraries/src/stm32f4xx_flash.c ****       (+) void FLASH_InstructionCacheCmd(FunctionalState NewState)
 237:./Libraries/src/stm32f4xx_flash.c ****       (+) void FLASH_DataCacheCmd(FunctionalState NewState)
 238:./Libraries/src/stm32f4xx_flash.c ****       (+) void FLASH_InstructionCacheReset(void)
 239:./Libraries/src/stm32f4xx_flash.c ****       (+) void FLASH_DataCacheReset(void)
 240:./Libraries/src/stm32f4xx_flash.c ****       
 241:./Libraries/src/stm32f4xx_flash.c ****     [..]   
 242:./Libraries/src/stm32f4xx_flash.c ****       The unlock sequence is not needed for these functions.
 243:./Libraries/src/stm32f4xx_flash.c ****  
 244:./Libraries/src/stm32f4xx_flash.c **** @endverbatim
 245:./Libraries/src/stm32f4xx_flash.c ****   * @{
 246:./Libraries/src/stm32f4xx_flash.c ****   */
 247:./Libraries/src/stm32f4xx_flash.c ****  
 248:./Libraries/src/stm32f4xx_flash.c **** /**
 249:./Libraries/src/stm32f4xx_flash.c ****   * @brief  Sets the code latency value.  
 250:./Libraries/src/stm32f4xx_flash.c ****   * @param  FLASH_Latency: specifies the FLASH Latency value.
 251:./Libraries/src/stm32f4xx_flash.c ****   *          This parameter can be one of the following values:
 252:./Libraries/src/stm32f4xx_flash.c ****   *            @arg FLASH_Latency_0: FLASH Zero Latency cycle
 253:./Libraries/src/stm32f4xx_flash.c ****   *            @arg FLASH_Latency_1: FLASH One Latency cycle
 254:./Libraries/src/stm32f4xx_flash.c ****   *            @arg FLASH_Latency_2: FLASH Two Latency cycles
 255:./Libraries/src/stm32f4xx_flash.c ****   *            @arg FLASH_Latency_3: FLASH Three Latency cycles
 256:./Libraries/src/stm32f4xx_flash.c ****   *            @arg FLASH_Latency_4: FLASH Four Latency cycles 
 257:./Libraries/src/stm32f4xx_flash.c ****   *            @arg FLASH_Latency_5: FLASH Five Latency cycles 
ARM GAS  /tmp/ccrBRGbZ.s 			page 6


 258:./Libraries/src/stm32f4xx_flash.c ****   *            @arg FLASH_Latency_6: FLASH Six Latency cycles
 259:./Libraries/src/stm32f4xx_flash.c ****   *            @arg FLASH_Latency_7: FLASH Seven Latency cycles 
 260:./Libraries/src/stm32f4xx_flash.c ****   *            @arg FLASH_Latency_8: FLASH Eight Latency cycles
 261:./Libraries/src/stm32f4xx_flash.c ****   *            @arg FLASH_Latency_9: FLASH Nine Latency cycles
 262:./Libraries/src/stm32f4xx_flash.c ****   *            @arg FLASH_Latency_10: FLASH Teen Latency cycles 
 263:./Libraries/src/stm32f4xx_flash.c ****   *            @arg FLASH_Latency_11: FLASH Eleven Latency cycles 
 264:./Libraries/src/stm32f4xx_flash.c ****   *            @arg FLASH_Latency_12: FLASH Twelve Latency cycles
 265:./Libraries/src/stm32f4xx_flash.c ****   *            @arg FLASH_Latency_13: FLASH Thirteen Latency cycles
 266:./Libraries/src/stm32f4xx_flash.c ****   *            @arg FLASH_Latency_14: FLASH Fourteen Latency cycles
 267:./Libraries/src/stm32f4xx_flash.c ****   *            @arg FLASH_Latency_15: FLASH Fifteen Latency cycles 
 268:./Libraries/src/stm32f4xx_flash.c ****   *              
 269:./Libraries/src/stm32f4xx_flash.c ****   * @note For STM32F405xx/407xx, STM32F415xx/417xx, STM32F401xx/411xE/STM32F412xG and STM32F413_423
 270:./Libraries/src/stm32f4xx_flash.c ****   *       this parameter can be a value between FLASH_Latency_0 and FLASH_Latency_7.
 271:./Libraries/src/stm32f4xx_flash.c ****   *
 272:./Libraries/src/stm32f4xx_flash.c ****   * @note For STM32F42xxx/43xxx devices this parameter can be a value between 
 273:./Libraries/src/stm32f4xx_flash.c ****   *       FLASH_Latency_0 and FLASH_Latency_15. 
 274:./Libraries/src/stm32f4xx_flash.c ****   *         
 275:./Libraries/src/stm32f4xx_flash.c ****   * @retval None
 276:./Libraries/src/stm32f4xx_flash.c ****   */
 277:./Libraries/src/stm32f4xx_flash.c **** void FLASH_SetLatency(uint32_t FLASH_Latency)
 278:./Libraries/src/stm32f4xx_flash.c **** {
  30              		.loc 1 278 1 view -0
  31              		.cfi_startproc
  32              		@ args = 0, pretend = 0, frame = 0
  33              		@ frame_needed = 0, uses_anonymous_args = 0
  34              		@ link register save eliminated.
 279:./Libraries/src/stm32f4xx_flash.c ****   /* Check the parameters */
 280:./Libraries/src/stm32f4xx_flash.c ****   assert_param(IS_FLASH_LATENCY(FLASH_Latency));
  35              		.loc 1 280 3 view .LVU1
 281:./Libraries/src/stm32f4xx_flash.c ****   
 282:./Libraries/src/stm32f4xx_flash.c ****   /* Perform Byte access to FLASH_ACR[8:0] to set the Latency value */
 283:./Libraries/src/stm32f4xx_flash.c ****   *(__IO uint8_t *)ACR_BYTE0_ADDRESS = (uint8_t)FLASH_Latency;
  36              		.loc 1 283 3 view .LVU2
  37              		.loc 1 283 40 is_stmt 0 view .LVU3
  38 0000 C0B2     		uxtb	r0, r0
  39              	.LVL1:
  40              		.loc 1 283 38 view .LVU4
  41 0002 014B     		ldr	r3, .L2
  42 0004 1870     		strb	r0, [r3]
 284:./Libraries/src/stm32f4xx_flash.c **** }
  43              		.loc 1 284 1 view .LVU5
  44 0006 7047     		bx	lr
  45              	.L3:
  46              		.align	2
  47              	.L2:
  48 0008 003C0240 		.word	1073888256
  49              		.cfi_endproc
  50              	.LFE123:
  52              		.section	.text.FLASH_PrefetchBufferCmd,"ax",%progbits
  53              		.align	1
  54              		.global	FLASH_PrefetchBufferCmd
  55              		.syntax unified
  56              		.thumb
  57              		.thumb_func
  59              	FLASH_PrefetchBufferCmd:
  60              	.LVL2:
  61              	.LFB124:
ARM GAS  /tmp/ccrBRGbZ.s 			page 7


 285:./Libraries/src/stm32f4xx_flash.c **** 
 286:./Libraries/src/stm32f4xx_flash.c **** /**
 287:./Libraries/src/stm32f4xx_flash.c ****   * @brief  Enables or disables the Prefetch Buffer.
 288:./Libraries/src/stm32f4xx_flash.c ****   * @param  NewState: new state of the Prefetch Buffer.
 289:./Libraries/src/stm32f4xx_flash.c ****   *          This parameter  can be: ENABLE or DISABLE.
 290:./Libraries/src/stm32f4xx_flash.c ****   * @retval None
 291:./Libraries/src/stm32f4xx_flash.c ****   */
 292:./Libraries/src/stm32f4xx_flash.c **** void FLASH_PrefetchBufferCmd(FunctionalState NewState)
 293:./Libraries/src/stm32f4xx_flash.c **** {
  62              		.loc 1 293 1 is_stmt 1 view -0
  63              		.cfi_startproc
  64              		@ args = 0, pretend = 0, frame = 0
  65              		@ frame_needed = 0, uses_anonymous_args = 0
  66              		@ link register save eliminated.
 294:./Libraries/src/stm32f4xx_flash.c ****   /* Check the parameters */
 295:./Libraries/src/stm32f4xx_flash.c ****   assert_param(IS_FUNCTIONAL_STATE(NewState));
  67              		.loc 1 295 3 view .LVU7
 296:./Libraries/src/stm32f4xx_flash.c ****   
 297:./Libraries/src/stm32f4xx_flash.c ****   /* Enable or disable the Prefetch Buffer */
 298:./Libraries/src/stm32f4xx_flash.c ****   if(NewState != DISABLE)
  68              		.loc 1 298 3 view .LVU8
  69              		.loc 1 298 5 is_stmt 0 view .LVU9
  70 0000 28B1     		cbz	r0, .L5
 299:./Libraries/src/stm32f4xx_flash.c ****   {
 300:./Libraries/src/stm32f4xx_flash.c ****     FLASH->ACR |= FLASH_ACR_PRFTEN;
  71              		.loc 1 300 5 is_stmt 1 view .LVU10
  72              		.loc 1 300 10 is_stmt 0 view .LVU11
  73 0002 064A     		ldr	r2, .L7
  74 0004 1368     		ldr	r3, [r2]
  75              		.loc 1 300 16 view .LVU12
  76 0006 43F48073 		orr	r3, r3, #256
  77 000a 1360     		str	r3, [r2]
  78 000c 7047     		bx	lr
  79              	.L5:
 301:./Libraries/src/stm32f4xx_flash.c ****   }
 302:./Libraries/src/stm32f4xx_flash.c ****   else
 303:./Libraries/src/stm32f4xx_flash.c ****   {
 304:./Libraries/src/stm32f4xx_flash.c ****     FLASH->ACR &= (~FLASH_ACR_PRFTEN);
  80              		.loc 1 304 5 is_stmt 1 view .LVU13
  81              		.loc 1 304 10 is_stmt 0 view .LVU14
  82 000e 034A     		ldr	r2, .L7
  83 0010 1368     		ldr	r3, [r2]
  84              		.loc 1 304 16 view .LVU15
  85 0012 23F48073 		bic	r3, r3, #256
  86 0016 1360     		str	r3, [r2]
 305:./Libraries/src/stm32f4xx_flash.c ****   }
 306:./Libraries/src/stm32f4xx_flash.c **** }
  87              		.loc 1 306 1 view .LVU16
  88 0018 7047     		bx	lr
  89              	.L8:
  90 001a 00BF     		.align	2
  91              	.L7:
  92 001c 003C0240 		.word	1073888256
  93              		.cfi_endproc
  94              	.LFE124:
  96              		.section	.text.FLASH_InstructionCacheCmd,"ax",%progbits
  97              		.align	1
ARM GAS  /tmp/ccrBRGbZ.s 			page 8


  98              		.global	FLASH_InstructionCacheCmd
  99              		.syntax unified
 100              		.thumb
 101              		.thumb_func
 103              	FLASH_InstructionCacheCmd:
 104              	.LVL3:
 105              	.LFB125:
 307:./Libraries/src/stm32f4xx_flash.c **** 
 308:./Libraries/src/stm32f4xx_flash.c **** /**
 309:./Libraries/src/stm32f4xx_flash.c ****   * @brief  Enables or disables the Instruction Cache feature.
 310:./Libraries/src/stm32f4xx_flash.c ****   * @param  NewState: new state of the Instruction Cache.
 311:./Libraries/src/stm32f4xx_flash.c ****   *          This parameter  can be: ENABLE or DISABLE.
 312:./Libraries/src/stm32f4xx_flash.c ****   * @retval None
 313:./Libraries/src/stm32f4xx_flash.c ****   */
 314:./Libraries/src/stm32f4xx_flash.c **** void FLASH_InstructionCacheCmd(FunctionalState NewState)
 315:./Libraries/src/stm32f4xx_flash.c **** {
 106              		.loc 1 315 1 is_stmt 1 view -0
 107              		.cfi_startproc
 108              		@ args = 0, pretend = 0, frame = 0
 109              		@ frame_needed = 0, uses_anonymous_args = 0
 110              		@ link register save eliminated.
 316:./Libraries/src/stm32f4xx_flash.c ****   /* Check the parameters */
 317:./Libraries/src/stm32f4xx_flash.c ****   assert_param(IS_FUNCTIONAL_STATE(NewState));
 111              		.loc 1 317 3 view .LVU18
 318:./Libraries/src/stm32f4xx_flash.c ****   
 319:./Libraries/src/stm32f4xx_flash.c ****   if(NewState != DISABLE)
 112              		.loc 1 319 3 view .LVU19
 113              		.loc 1 319 5 is_stmt 0 view .LVU20
 114 0000 28B1     		cbz	r0, .L10
 320:./Libraries/src/stm32f4xx_flash.c ****   {
 321:./Libraries/src/stm32f4xx_flash.c ****     FLASH->ACR |= FLASH_ACR_ICEN;
 115              		.loc 1 321 5 is_stmt 1 view .LVU21
 116              		.loc 1 321 10 is_stmt 0 view .LVU22
 117 0002 064A     		ldr	r2, .L12
 118 0004 1368     		ldr	r3, [r2]
 119              		.loc 1 321 16 view .LVU23
 120 0006 43F40073 		orr	r3, r3, #512
 121 000a 1360     		str	r3, [r2]
 122 000c 7047     		bx	lr
 123              	.L10:
 322:./Libraries/src/stm32f4xx_flash.c ****   }
 323:./Libraries/src/stm32f4xx_flash.c ****   else
 324:./Libraries/src/stm32f4xx_flash.c ****   {
 325:./Libraries/src/stm32f4xx_flash.c ****     FLASH->ACR &= (~FLASH_ACR_ICEN);
 124              		.loc 1 325 5 is_stmt 1 view .LVU24
 125              		.loc 1 325 10 is_stmt 0 view .LVU25
 126 000e 034A     		ldr	r2, .L12
 127 0010 1368     		ldr	r3, [r2]
 128              		.loc 1 325 16 view .LVU26
 129 0012 23F40073 		bic	r3, r3, #512
 130 0016 1360     		str	r3, [r2]
 326:./Libraries/src/stm32f4xx_flash.c ****   }
 327:./Libraries/src/stm32f4xx_flash.c **** }
 131              		.loc 1 327 1 view .LVU27
 132 0018 7047     		bx	lr
 133              	.L13:
 134 001a 00BF     		.align	2
ARM GAS  /tmp/ccrBRGbZ.s 			page 9


 135              	.L12:
 136 001c 003C0240 		.word	1073888256
 137              		.cfi_endproc
 138              	.LFE125:
 140              		.section	.text.FLASH_DataCacheCmd,"ax",%progbits
 141              		.align	1
 142              		.global	FLASH_DataCacheCmd
 143              		.syntax unified
 144              		.thumb
 145              		.thumb_func
 147              	FLASH_DataCacheCmd:
 148              	.LVL4:
 149              	.LFB126:
 328:./Libraries/src/stm32f4xx_flash.c **** 
 329:./Libraries/src/stm32f4xx_flash.c **** /**
 330:./Libraries/src/stm32f4xx_flash.c ****   * @brief  Enables or disables the Data Cache feature.
 331:./Libraries/src/stm32f4xx_flash.c ****   * @param  NewState: new state of the Data Cache.
 332:./Libraries/src/stm32f4xx_flash.c ****   *          This parameter  can be: ENABLE or DISABLE.
 333:./Libraries/src/stm32f4xx_flash.c ****   * @retval None
 334:./Libraries/src/stm32f4xx_flash.c ****   */
 335:./Libraries/src/stm32f4xx_flash.c **** void FLASH_DataCacheCmd(FunctionalState NewState)
 336:./Libraries/src/stm32f4xx_flash.c **** {
 150              		.loc 1 336 1 is_stmt 1 view -0
 151              		.cfi_startproc
 152              		@ args = 0, pretend = 0, frame = 0
 153              		@ frame_needed = 0, uses_anonymous_args = 0
 154              		@ link register save eliminated.
 337:./Libraries/src/stm32f4xx_flash.c ****   /* Check the parameters */
 338:./Libraries/src/stm32f4xx_flash.c ****   assert_param(IS_FUNCTIONAL_STATE(NewState));
 155              		.loc 1 338 3 view .LVU29
 339:./Libraries/src/stm32f4xx_flash.c ****   
 340:./Libraries/src/stm32f4xx_flash.c ****   if(NewState != DISABLE)
 156              		.loc 1 340 3 view .LVU30
 157              		.loc 1 340 5 is_stmt 0 view .LVU31
 158 0000 28B1     		cbz	r0, .L15
 341:./Libraries/src/stm32f4xx_flash.c ****   {
 342:./Libraries/src/stm32f4xx_flash.c ****     FLASH->ACR |= FLASH_ACR_DCEN;
 159              		.loc 1 342 5 is_stmt 1 view .LVU32
 160              		.loc 1 342 10 is_stmt 0 view .LVU33
 161 0002 064A     		ldr	r2, .L17
 162 0004 1368     		ldr	r3, [r2]
 163              		.loc 1 342 16 view .LVU34
 164 0006 43F48063 		orr	r3, r3, #1024
 165 000a 1360     		str	r3, [r2]
 166 000c 7047     		bx	lr
 167              	.L15:
 343:./Libraries/src/stm32f4xx_flash.c ****   }
 344:./Libraries/src/stm32f4xx_flash.c ****   else
 345:./Libraries/src/stm32f4xx_flash.c ****   {
 346:./Libraries/src/stm32f4xx_flash.c ****     FLASH->ACR &= (~FLASH_ACR_DCEN);
 168              		.loc 1 346 5 is_stmt 1 view .LVU35
 169              		.loc 1 346 10 is_stmt 0 view .LVU36
 170 000e 034A     		ldr	r2, .L17
 171 0010 1368     		ldr	r3, [r2]
 172              		.loc 1 346 16 view .LVU37
 173 0012 23F48063 		bic	r3, r3, #1024
 174 0016 1360     		str	r3, [r2]
ARM GAS  /tmp/ccrBRGbZ.s 			page 10


 347:./Libraries/src/stm32f4xx_flash.c ****   }
 348:./Libraries/src/stm32f4xx_flash.c **** }
 175              		.loc 1 348 1 view .LVU38
 176 0018 7047     		bx	lr
 177              	.L18:
 178 001a 00BF     		.align	2
 179              	.L17:
 180 001c 003C0240 		.word	1073888256
 181              		.cfi_endproc
 182              	.LFE126:
 184              		.section	.text.FLASH_InstructionCacheReset,"ax",%progbits
 185              		.align	1
 186              		.global	FLASH_InstructionCacheReset
 187              		.syntax unified
 188              		.thumb
 189              		.thumb_func
 191              	FLASH_InstructionCacheReset:
 192              	.LFB127:
 349:./Libraries/src/stm32f4xx_flash.c **** 
 350:./Libraries/src/stm32f4xx_flash.c **** /**
 351:./Libraries/src/stm32f4xx_flash.c ****   * @brief  Resets the Instruction Cache.
 352:./Libraries/src/stm32f4xx_flash.c ****   * @note   This function must be used only when the Instruction Cache is disabled.  
 353:./Libraries/src/stm32f4xx_flash.c ****   * @param  None
 354:./Libraries/src/stm32f4xx_flash.c ****   * @retval None
 355:./Libraries/src/stm32f4xx_flash.c ****   */
 356:./Libraries/src/stm32f4xx_flash.c **** void FLASH_InstructionCacheReset(void)
 357:./Libraries/src/stm32f4xx_flash.c **** {
 193              		.loc 1 357 1 is_stmt 1 view -0
 194              		.cfi_startproc
 195              		@ args = 0, pretend = 0, frame = 0
 196              		@ frame_needed = 0, uses_anonymous_args = 0
 197              		@ link register save eliminated.
 358:./Libraries/src/stm32f4xx_flash.c ****   FLASH->ACR |= FLASH_ACR_ICRST;
 198              		.loc 1 358 3 view .LVU40
 199              		.loc 1 358 8 is_stmt 0 view .LVU41
 200 0000 024A     		ldr	r2, .L20
 201 0002 1368     		ldr	r3, [r2]
 202              		.loc 1 358 14 view .LVU42
 203 0004 43F40063 		orr	r3, r3, #2048
 204 0008 1360     		str	r3, [r2]
 359:./Libraries/src/stm32f4xx_flash.c **** }
 205              		.loc 1 359 1 view .LVU43
 206 000a 7047     		bx	lr
 207              	.L21:
 208              		.align	2
 209              	.L20:
 210 000c 003C0240 		.word	1073888256
 211              		.cfi_endproc
 212              	.LFE127:
 214              		.section	.text.FLASH_DataCacheReset,"ax",%progbits
 215              		.align	1
 216              		.global	FLASH_DataCacheReset
 217              		.syntax unified
 218              		.thumb
 219              		.thumb_func
 221              	FLASH_DataCacheReset:
 222              	.LFB128:
ARM GAS  /tmp/ccrBRGbZ.s 			page 11


 360:./Libraries/src/stm32f4xx_flash.c **** 
 361:./Libraries/src/stm32f4xx_flash.c **** /**
 362:./Libraries/src/stm32f4xx_flash.c ****   * @brief  Resets the Data Cache.
 363:./Libraries/src/stm32f4xx_flash.c ****   * @note   This function must be used only when the Data Cache is disabled.  
 364:./Libraries/src/stm32f4xx_flash.c ****   * @param  None
 365:./Libraries/src/stm32f4xx_flash.c ****   * @retval None
 366:./Libraries/src/stm32f4xx_flash.c ****   */
 367:./Libraries/src/stm32f4xx_flash.c **** void FLASH_DataCacheReset(void)
 368:./Libraries/src/stm32f4xx_flash.c **** {
 223              		.loc 1 368 1 is_stmt 1 view -0
 224              		.cfi_startproc
 225              		@ args = 0, pretend = 0, frame = 0
 226              		@ frame_needed = 0, uses_anonymous_args = 0
 227              		@ link register save eliminated.
 369:./Libraries/src/stm32f4xx_flash.c ****   FLASH->ACR |= FLASH_ACR_DCRST;
 228              		.loc 1 369 3 view .LVU45
 229              		.loc 1 369 8 is_stmt 0 view .LVU46
 230 0000 024A     		ldr	r2, .L23
 231 0002 1368     		ldr	r3, [r2]
 232              		.loc 1 369 14 view .LVU47
 233 0004 43F48053 		orr	r3, r3, #4096
 234 0008 1360     		str	r3, [r2]
 370:./Libraries/src/stm32f4xx_flash.c **** }
 235              		.loc 1 370 1 view .LVU48
 236 000a 7047     		bx	lr
 237              	.L24:
 238              		.align	2
 239              	.L23:
 240 000c 003C0240 		.word	1073888256
 241              		.cfi_endproc
 242              	.LFE128:
 244              		.section	.text.FLASH_Unlock,"ax",%progbits
 245              		.align	1
 246              		.global	FLASH_Unlock
 247              		.syntax unified
 248              		.thumb
 249              		.thumb_func
 251              	FLASH_Unlock:
 252              	.LFB129:
 371:./Libraries/src/stm32f4xx_flash.c **** 
 372:./Libraries/src/stm32f4xx_flash.c **** /**
 373:./Libraries/src/stm32f4xx_flash.c ****   * @}
 374:./Libraries/src/stm32f4xx_flash.c ****   */
 375:./Libraries/src/stm32f4xx_flash.c **** 
 376:./Libraries/src/stm32f4xx_flash.c **** /** @defgroup FLASH_Group2 FLASH Memory Programming functions
 377:./Libraries/src/stm32f4xx_flash.c ****  *  @brief   FLASH Memory Programming functions
 378:./Libraries/src/stm32f4xx_flash.c ****  *
 379:./Libraries/src/stm32f4xx_flash.c **** @verbatim   
 380:./Libraries/src/stm32f4xx_flash.c ****  ===============================================================================
 381:./Libraries/src/stm32f4xx_flash.c ****                 ##### FLASH Memory Programming functions #####
 382:./Libraries/src/stm32f4xx_flash.c ****  ===============================================================================   
 383:./Libraries/src/stm32f4xx_flash.c ****     [..]
 384:./Libraries/src/stm32f4xx_flash.c ****       This group includes the following functions:
 385:./Libraries/src/stm32f4xx_flash.c ****       (+) void FLASH_Unlock(void)
 386:./Libraries/src/stm32f4xx_flash.c ****       (+) void FLASH_Lock(void)
 387:./Libraries/src/stm32f4xx_flash.c ****       (+) FLASH_Status FLASH_EraseSector(uint32_t FLASH_Sector, uint8_t VoltageRange)
 388:./Libraries/src/stm32f4xx_flash.c ****       (+) FLASH_Status FLASH_EraseAllSectors(uint8_t VoltageRange)       
ARM GAS  /tmp/ccrBRGbZ.s 			page 12


 389:./Libraries/src/stm32f4xx_flash.c ****       (+) FLASH_Status FLASH_ProgramDoubleWord(uint32_t Address, uint64_t Data)
 390:./Libraries/src/stm32f4xx_flash.c ****       (+) FLASH_Status FLASH_ProgramWord(uint32_t Address, uint32_t Data)
 391:./Libraries/src/stm32f4xx_flash.c ****       (+) FLASH_Status FLASH_ProgramHalfWord(uint32_t Address, uint16_t Data)
 392:./Libraries/src/stm32f4xx_flash.c ****       (+) FLASH_Status FLASH_ProgramByte(uint32_t Address, uint8_t Data)
 393:./Libraries/src/stm32f4xx_flash.c ****           The following functions can be used only for STM32F42xxx/43xxx devices. 
 394:./Libraries/src/stm32f4xx_flash.c ****       (+) FLASH_Status FLASH_EraseAllBank1Sectors(uint8_t VoltageRange)
 395:./Libraries/src/stm32f4xx_flash.c ****       (+) FLASH_Status FLASH_EraseAllBank2Sectors(uint8_t VoltageRange)    
 396:./Libraries/src/stm32f4xx_flash.c ****     [..]   
 397:./Libraries/src/stm32f4xx_flash.c ****       Any operation of erase or program should follow these steps:
 398:./Libraries/src/stm32f4xx_flash.c ****       (#) Call the FLASH_Unlock() function to enable the FLASH control register access
 399:./Libraries/src/stm32f4xx_flash.c **** 
 400:./Libraries/src/stm32f4xx_flash.c ****       (#) Call the desired function to erase sector(s) or program data
 401:./Libraries/src/stm32f4xx_flash.c **** 
 402:./Libraries/src/stm32f4xx_flash.c ****       (#) Call the FLASH_Lock() function to disable the FLASH control register access
 403:./Libraries/src/stm32f4xx_flash.c ****           (recommended to protect the FLASH memory against possible unwanted operation)
 404:./Libraries/src/stm32f4xx_flash.c ****     
 405:./Libraries/src/stm32f4xx_flash.c **** @endverbatim
 406:./Libraries/src/stm32f4xx_flash.c ****   * @{
 407:./Libraries/src/stm32f4xx_flash.c ****   */
 408:./Libraries/src/stm32f4xx_flash.c **** 
 409:./Libraries/src/stm32f4xx_flash.c **** /**
 410:./Libraries/src/stm32f4xx_flash.c ****   * @brief  Unlocks the FLASH control register access
 411:./Libraries/src/stm32f4xx_flash.c ****   * @param  None
 412:./Libraries/src/stm32f4xx_flash.c ****   * @retval None
 413:./Libraries/src/stm32f4xx_flash.c ****   */
 414:./Libraries/src/stm32f4xx_flash.c **** void FLASH_Unlock(void)
 415:./Libraries/src/stm32f4xx_flash.c **** {
 253              		.loc 1 415 1 is_stmt 1 view -0
 254              		.cfi_startproc
 255              		@ args = 0, pretend = 0, frame = 0
 256              		@ frame_needed = 0, uses_anonymous_args = 0
 257              		@ link register save eliminated.
 416:./Libraries/src/stm32f4xx_flash.c ****   if((FLASH->CR & FLASH_CR_LOCK) != RESET)
 258              		.loc 1 416 3 view .LVU50
 259              		.loc 1 416 12 is_stmt 0 view .LVU51
 260 0000 054B     		ldr	r3, .L28
 261 0002 1B69     		ldr	r3, [r3, #16]
 262              		.loc 1 416 5 view .LVU52
 263 0004 002B     		cmp	r3, #0
 264 0006 00DB     		blt	.L27
 265              	.L25:
 417:./Libraries/src/stm32f4xx_flash.c ****   {
 418:./Libraries/src/stm32f4xx_flash.c ****     /* Authorize the FLASH Registers access */
 419:./Libraries/src/stm32f4xx_flash.c ****     FLASH->KEYR = FLASH_KEY1;
 420:./Libraries/src/stm32f4xx_flash.c ****     FLASH->KEYR = FLASH_KEY2;
 421:./Libraries/src/stm32f4xx_flash.c ****   }  
 422:./Libraries/src/stm32f4xx_flash.c **** }
 266              		.loc 1 422 1 view .LVU53
 267 0008 7047     		bx	lr
 268              	.L27:
 419:./Libraries/src/stm32f4xx_flash.c ****     FLASH->KEYR = FLASH_KEY2;
 269              		.loc 1 419 5 is_stmt 1 view .LVU54
 419:./Libraries/src/stm32f4xx_flash.c ****     FLASH->KEYR = FLASH_KEY2;
 270              		.loc 1 419 17 is_stmt 0 view .LVU55
 271 000a 034B     		ldr	r3, .L28
 272 000c 034A     		ldr	r2, .L28+4
 273 000e 5A60     		str	r2, [r3, #4]
ARM GAS  /tmp/ccrBRGbZ.s 			page 13


 420:./Libraries/src/stm32f4xx_flash.c ****   }  
 274              		.loc 1 420 5 is_stmt 1 view .LVU56
 420:./Libraries/src/stm32f4xx_flash.c ****   }  
 275              		.loc 1 420 17 is_stmt 0 view .LVU57
 276 0010 02F18832 		add	r2, r2, #-2004318072
 277 0014 5A60     		str	r2, [r3, #4]
 278              		.loc 1 422 1 view .LVU58
 279 0016 F7E7     		b	.L25
 280              	.L29:
 281              		.align	2
 282              	.L28:
 283 0018 003C0240 		.word	1073888256
 284 001c 23016745 		.word	1164378403
 285              		.cfi_endproc
 286              	.LFE129:
 288              		.section	.text.FLASH_Lock,"ax",%progbits
 289              		.align	1
 290              		.global	FLASH_Lock
 291              		.syntax unified
 292              		.thumb
 293              		.thumb_func
 295              	FLASH_Lock:
 296              	.LFB130:
 423:./Libraries/src/stm32f4xx_flash.c **** 
 424:./Libraries/src/stm32f4xx_flash.c **** /**
 425:./Libraries/src/stm32f4xx_flash.c ****   * @brief  Locks the FLASH control register access
 426:./Libraries/src/stm32f4xx_flash.c ****   * @param  None
 427:./Libraries/src/stm32f4xx_flash.c ****   * @retval None
 428:./Libraries/src/stm32f4xx_flash.c ****   */
 429:./Libraries/src/stm32f4xx_flash.c **** void FLASH_Lock(void)
 430:./Libraries/src/stm32f4xx_flash.c **** {
 297              		.loc 1 430 1 is_stmt 1 view -0
 298              		.cfi_startproc
 299              		@ args = 0, pretend = 0, frame = 0
 300              		@ frame_needed = 0, uses_anonymous_args = 0
 301              		@ link register save eliminated.
 431:./Libraries/src/stm32f4xx_flash.c ****   /* Set the LOCK Bit to lock the FLASH Registers access */
 432:./Libraries/src/stm32f4xx_flash.c ****   FLASH->CR |= FLASH_CR_LOCK;
 302              		.loc 1 432 3 view .LVU60
 303              		.loc 1 432 8 is_stmt 0 view .LVU61
 304 0000 024A     		ldr	r2, .L31
 305 0002 1369     		ldr	r3, [r2, #16]
 306              		.loc 1 432 13 view .LVU62
 307 0004 43F00043 		orr	r3, r3, #-2147483648
 308 0008 1361     		str	r3, [r2, #16]
 433:./Libraries/src/stm32f4xx_flash.c **** }
 309              		.loc 1 433 1 view .LVU63
 310 000a 7047     		bx	lr
 311              	.L32:
 312              		.align	2
 313              	.L31:
 314 000c 003C0240 		.word	1073888256
 315              		.cfi_endproc
 316              	.LFE130:
 318              		.section	.text.FLASH_OB_Unlock,"ax",%progbits
 319              		.align	1
 320              		.global	FLASH_OB_Unlock
ARM GAS  /tmp/ccrBRGbZ.s 			page 14


 321              		.syntax unified
 322              		.thumb
 323              		.thumb_func
 325              	FLASH_OB_Unlock:
 326              	.LFB139:
 434:./Libraries/src/stm32f4xx_flash.c **** 
 435:./Libraries/src/stm32f4xx_flash.c **** /**
 436:./Libraries/src/stm32f4xx_flash.c ****   * @brief  Erases a specified FLASH Sector.
 437:./Libraries/src/stm32f4xx_flash.c ****   *
 438:./Libraries/src/stm32f4xx_flash.c ****   * @note   If an erase and a program operations are requested simultaneously,    
 439:./Libraries/src/stm32f4xx_flash.c ****   *         the erase operation is performed before the program one.
 440:./Libraries/src/stm32f4xx_flash.c ****   *
 441:./Libraries/src/stm32f4xx_flash.c ****   * @param  FLASH_Sector: The Sector number to be erased.
 442:./Libraries/src/stm32f4xx_flash.c ****   *
 443:./Libraries/src/stm32f4xx_flash.c ****   *  @note  For STM32F405xx/407xx and STM32F415xx/417xx devices this parameter can 
 444:./Libraries/src/stm32f4xx_flash.c ****   *         be a value between FLASH_Sector_0 and FLASH_Sector_11.
 445:./Libraries/src/stm32f4xx_flash.c ****   *
 446:./Libraries/src/stm32f4xx_flash.c ****   *         For STM32F42xxx/43xxx devices this parameter can be a value between 
 447:./Libraries/src/stm32f4xx_flash.c ****   *         FLASH_Sector_0 and FLASH_Sector_23.
 448:./Libraries/src/stm32f4xx_flash.c ****   *
 449:./Libraries/src/stm32f4xx_flash.c ****   *         For STM32F401xx devices this parameter can be a value between 
 450:./Libraries/src/stm32f4xx_flash.c ****   *         FLASH_Sector_0 and FLASH_Sector_5.
 451:./Libraries/src/stm32f4xx_flash.c ****   *
 452:./Libraries/src/stm32f4xx_flash.c ****   *         For STM32F411xE and STM32F412xG devices this parameter can be a value between 
 453:./Libraries/src/stm32f4xx_flash.c ****   *         FLASH_Sector_0 and FLASH_Sector_7.
 454:./Libraries/src/stm32f4xx_flash.c ****   *
 455:./Libraries/src/stm32f4xx_flash.c ****   *         For STM32F410xx devices this parameter can be a value between 
 456:./Libraries/src/stm32f4xx_flash.c ****   *         FLASH_Sector_0 and FLASH_Sector_4.
 457:./Libraries/src/stm32f4xx_flash.c ****   *
 458:./Libraries/src/stm32f4xx_flash.c ****   *         For STM32F413_423xx devices this parameter can be a value between 
 459:./Libraries/src/stm32f4xx_flash.c ****   *         FLASH_Sector_0 and FLASH_Sector_15.
 460:./Libraries/src/stm32f4xx_flash.c ****   *
 461:./Libraries/src/stm32f4xx_flash.c ****   * @param  VoltageRange: The device voltage range which defines the erase parallelism.  
 462:./Libraries/src/stm32f4xx_flash.c ****   *          This parameter can be one of the following values:
 463:./Libraries/src/stm32f4xx_flash.c ****   *            @arg VoltageRange_1: when the device voltage range is 1.8V to 2.1V, 
 464:./Libraries/src/stm32f4xx_flash.c ****   *                                  the operation will be done by byte (8-bit) 
 465:./Libraries/src/stm32f4xx_flash.c ****   *            @arg VoltageRange_2: when the device voltage range is 2.1V to 2.7V,
 466:./Libraries/src/stm32f4xx_flash.c ****   *                                  the operation will be done by half word (16-bit)
 467:./Libraries/src/stm32f4xx_flash.c ****   *            @arg VoltageRange_3: when the device voltage range is 2.7V to 3.6V,
 468:./Libraries/src/stm32f4xx_flash.c ****   *                                  the operation will be done by word (32-bit)
 469:./Libraries/src/stm32f4xx_flash.c ****   *            @arg VoltageRange_4: when the device voltage range is 2.7V to 3.6V + External Vpp, 
 470:./Libraries/src/stm32f4xx_flash.c ****   *                                  the operation will be done by double word (64-bit)
 471:./Libraries/src/stm32f4xx_flash.c ****   *       
 472:./Libraries/src/stm32f4xx_flash.c ****   * @retval FLASH Status: The returned value can be: FLASH_BUSY, FLASH_ERROR_PROGRAM,
 473:./Libraries/src/stm32f4xx_flash.c ****   *                       FLASH_ERROR_WRP, FLASH_ERROR_OPERATION or FLASH_COMPLETE.
 474:./Libraries/src/stm32f4xx_flash.c ****   */
 475:./Libraries/src/stm32f4xx_flash.c **** FLASH_Status FLASH_EraseSector(uint32_t FLASH_Sector, uint8_t VoltageRange)
 476:./Libraries/src/stm32f4xx_flash.c **** {
 477:./Libraries/src/stm32f4xx_flash.c ****   uint32_t tmp_psize = 0x0;
 478:./Libraries/src/stm32f4xx_flash.c ****   FLASH_Status status = FLASH_COMPLETE;
 479:./Libraries/src/stm32f4xx_flash.c **** 
 480:./Libraries/src/stm32f4xx_flash.c ****   /* Check the parameters */
 481:./Libraries/src/stm32f4xx_flash.c ****   assert_param(IS_FLASH_SECTOR(FLASH_Sector));
 482:./Libraries/src/stm32f4xx_flash.c ****   assert_param(IS_VOLTAGERANGE(VoltageRange));
 483:./Libraries/src/stm32f4xx_flash.c ****   
 484:./Libraries/src/stm32f4xx_flash.c ****   if(VoltageRange == VoltageRange_1)
 485:./Libraries/src/stm32f4xx_flash.c ****   {
ARM GAS  /tmp/ccrBRGbZ.s 			page 15


 486:./Libraries/src/stm32f4xx_flash.c ****      tmp_psize = FLASH_PSIZE_BYTE;
 487:./Libraries/src/stm32f4xx_flash.c ****   }
 488:./Libraries/src/stm32f4xx_flash.c ****   else if(VoltageRange == VoltageRange_2)
 489:./Libraries/src/stm32f4xx_flash.c ****   {
 490:./Libraries/src/stm32f4xx_flash.c ****     tmp_psize = FLASH_PSIZE_HALF_WORD;
 491:./Libraries/src/stm32f4xx_flash.c ****   }
 492:./Libraries/src/stm32f4xx_flash.c ****   else if(VoltageRange == VoltageRange_3)
 493:./Libraries/src/stm32f4xx_flash.c ****   {
 494:./Libraries/src/stm32f4xx_flash.c ****     tmp_psize = FLASH_PSIZE_WORD;
 495:./Libraries/src/stm32f4xx_flash.c ****   }
 496:./Libraries/src/stm32f4xx_flash.c ****   else
 497:./Libraries/src/stm32f4xx_flash.c ****   {
 498:./Libraries/src/stm32f4xx_flash.c ****     tmp_psize = FLASH_PSIZE_DOUBLE_WORD;
 499:./Libraries/src/stm32f4xx_flash.c ****   }
 500:./Libraries/src/stm32f4xx_flash.c ****   /* Wait for last operation to be completed */
 501:./Libraries/src/stm32f4xx_flash.c ****   status = FLASH_WaitForLastOperation();
 502:./Libraries/src/stm32f4xx_flash.c ****   
 503:./Libraries/src/stm32f4xx_flash.c ****   if(status == FLASH_COMPLETE)
 504:./Libraries/src/stm32f4xx_flash.c ****   { 
 505:./Libraries/src/stm32f4xx_flash.c ****     /* if the previous operation is completed, proceed to erase the sector */
 506:./Libraries/src/stm32f4xx_flash.c ****     FLASH->CR &= CR_PSIZE_MASK;
 507:./Libraries/src/stm32f4xx_flash.c ****     FLASH->CR |= tmp_psize;
 508:./Libraries/src/stm32f4xx_flash.c ****     FLASH->CR &= SECTOR_MASK;
 509:./Libraries/src/stm32f4xx_flash.c ****     FLASH->CR |= FLASH_CR_SER | FLASH_Sector;
 510:./Libraries/src/stm32f4xx_flash.c ****     FLASH->CR |= FLASH_CR_STRT;
 511:./Libraries/src/stm32f4xx_flash.c ****     
 512:./Libraries/src/stm32f4xx_flash.c ****     /* Wait for last operation to be completed */
 513:./Libraries/src/stm32f4xx_flash.c ****     status = FLASH_WaitForLastOperation();
 514:./Libraries/src/stm32f4xx_flash.c ****     
 515:./Libraries/src/stm32f4xx_flash.c ****     /* if the erase operation is completed, disable the SER Bit */
 516:./Libraries/src/stm32f4xx_flash.c ****     FLASH->CR &= (~FLASH_CR_SER);
 517:./Libraries/src/stm32f4xx_flash.c ****     FLASH->CR &= SECTOR_MASK; 
 518:./Libraries/src/stm32f4xx_flash.c ****   }
 519:./Libraries/src/stm32f4xx_flash.c ****   /* Return the Erase Status */
 520:./Libraries/src/stm32f4xx_flash.c ****   return status;
 521:./Libraries/src/stm32f4xx_flash.c **** }
 522:./Libraries/src/stm32f4xx_flash.c **** 
 523:./Libraries/src/stm32f4xx_flash.c **** /**
 524:./Libraries/src/stm32f4xx_flash.c ****   * @brief  Erases all FLASH Sectors.
 525:./Libraries/src/stm32f4xx_flash.c ****   *
 526:./Libraries/src/stm32f4xx_flash.c ****   * @note   If an erase and a program operations are requested simultaneously,    
 527:./Libraries/src/stm32f4xx_flash.c ****   *         the erase operation is performed before the program one.
 528:./Libraries/src/stm32f4xx_flash.c ****   *  
 529:./Libraries/src/stm32f4xx_flash.c ****   * @param  VoltageRange: The device voltage range which defines the erase parallelism.  
 530:./Libraries/src/stm32f4xx_flash.c ****   *          This parameter can be one of the following values:
 531:./Libraries/src/stm32f4xx_flash.c ****   *            @arg VoltageRange_1: when the device voltage range is 1.8V to 2.1V, 
 532:./Libraries/src/stm32f4xx_flash.c ****   *                                  the operation will be done by byte (8-bit) 
 533:./Libraries/src/stm32f4xx_flash.c ****   *            @arg VoltageRange_2: when the device voltage range is 2.1V to 2.7V,
 534:./Libraries/src/stm32f4xx_flash.c ****   *                                  the operation will be done by half word (16-bit)
 535:./Libraries/src/stm32f4xx_flash.c ****   *            @arg VoltageRange_3: when the device voltage range is 2.7V to 3.6V,
 536:./Libraries/src/stm32f4xx_flash.c ****   *                                  the operation will be done by word (32-bit)
 537:./Libraries/src/stm32f4xx_flash.c ****   *            @arg VoltageRange_4: when the device voltage range is 2.7V to 3.6V + External Vpp, 
 538:./Libraries/src/stm32f4xx_flash.c ****   *                                  the operation will be done by double word (64-bit)
 539:./Libraries/src/stm32f4xx_flash.c ****   *       
 540:./Libraries/src/stm32f4xx_flash.c ****   * @retval FLASH Status: The returned value can be: FLASH_BUSY, FLASH_ERROR_PROGRAM,
 541:./Libraries/src/stm32f4xx_flash.c ****   *                       FLASH_ERROR_WRP, FLASH_ERROR_OPERATION or FLASH_COMPLETE.
 542:./Libraries/src/stm32f4xx_flash.c ****   */
ARM GAS  /tmp/ccrBRGbZ.s 			page 16


 543:./Libraries/src/stm32f4xx_flash.c **** FLASH_Status FLASH_EraseAllSectors(uint8_t VoltageRange)
 544:./Libraries/src/stm32f4xx_flash.c **** {
 545:./Libraries/src/stm32f4xx_flash.c ****   uint32_t tmp_psize = 0x0;
 546:./Libraries/src/stm32f4xx_flash.c ****   FLASH_Status status = FLASH_COMPLETE;
 547:./Libraries/src/stm32f4xx_flash.c ****   
 548:./Libraries/src/stm32f4xx_flash.c ****   /* Wait for last operation to be completed */
 549:./Libraries/src/stm32f4xx_flash.c ****   status = FLASH_WaitForLastOperation();
 550:./Libraries/src/stm32f4xx_flash.c ****   assert_param(IS_VOLTAGERANGE(VoltageRange));
 551:./Libraries/src/stm32f4xx_flash.c ****   
 552:./Libraries/src/stm32f4xx_flash.c ****   if(VoltageRange == VoltageRange_1)
 553:./Libraries/src/stm32f4xx_flash.c ****   {
 554:./Libraries/src/stm32f4xx_flash.c ****      tmp_psize = FLASH_PSIZE_BYTE;
 555:./Libraries/src/stm32f4xx_flash.c ****   }
 556:./Libraries/src/stm32f4xx_flash.c ****   else if(VoltageRange == VoltageRange_2)
 557:./Libraries/src/stm32f4xx_flash.c ****   {
 558:./Libraries/src/stm32f4xx_flash.c ****     tmp_psize = FLASH_PSIZE_HALF_WORD;
 559:./Libraries/src/stm32f4xx_flash.c ****   }
 560:./Libraries/src/stm32f4xx_flash.c ****   else if(VoltageRange == VoltageRange_3)
 561:./Libraries/src/stm32f4xx_flash.c ****   {
 562:./Libraries/src/stm32f4xx_flash.c ****     tmp_psize = FLASH_PSIZE_WORD;
 563:./Libraries/src/stm32f4xx_flash.c ****   }
 564:./Libraries/src/stm32f4xx_flash.c ****   else
 565:./Libraries/src/stm32f4xx_flash.c ****   {
 566:./Libraries/src/stm32f4xx_flash.c ****     tmp_psize = FLASH_PSIZE_DOUBLE_WORD;
 567:./Libraries/src/stm32f4xx_flash.c ****   }  
 568:./Libraries/src/stm32f4xx_flash.c ****   if(status == FLASH_COMPLETE)
 569:./Libraries/src/stm32f4xx_flash.c ****   {
 570:./Libraries/src/stm32f4xx_flash.c ****     /* if the previous operation is completed, proceed to erase all sectors */
 571:./Libraries/src/stm32f4xx_flash.c **** #if defined(STM32F427_437xx) || defined(STM32F429_439xx) || defined(STM32F469_479xx)
 572:./Libraries/src/stm32f4xx_flash.c ****     FLASH->CR &= CR_PSIZE_MASK;
 573:./Libraries/src/stm32f4xx_flash.c ****     FLASH->CR |= tmp_psize;
 574:./Libraries/src/stm32f4xx_flash.c ****     FLASH->CR |= (FLASH_CR_MER1 | FLASH_CR_MER2);
 575:./Libraries/src/stm32f4xx_flash.c ****     FLASH->CR |= FLASH_CR_STRT;
 576:./Libraries/src/stm32f4xx_flash.c ****     
 577:./Libraries/src/stm32f4xx_flash.c ****     /* Wait for last operation to be completed */
 578:./Libraries/src/stm32f4xx_flash.c ****     status = FLASH_WaitForLastOperation();
 579:./Libraries/src/stm32f4xx_flash.c **** 
 580:./Libraries/src/stm32f4xx_flash.c ****     /* if the erase operation is completed, disable the MER Bit */
 581:./Libraries/src/stm32f4xx_flash.c ****     FLASH->CR &= ~(FLASH_CR_MER1 | FLASH_CR_MER2);
 582:./Libraries/src/stm32f4xx_flash.c **** #endif /* STM32F427_437xx ||  STM32F429_439xx ||  STM32F469_479xx */
 583:./Libraries/src/stm32f4xx_flash.c **** 
 584:./Libraries/src/stm32f4xx_flash.c **** #if defined(STM32F40_41xxx) || defined(STM32F401xx) || defined(STM32F410xx) || defined(STM32F411xE)
 585:./Libraries/src/stm32f4xx_flash.c ****     FLASH->CR &= CR_PSIZE_MASK;
 586:./Libraries/src/stm32f4xx_flash.c ****     FLASH->CR |= tmp_psize;
 587:./Libraries/src/stm32f4xx_flash.c ****     FLASH->CR |= FLASH_CR_MER;
 588:./Libraries/src/stm32f4xx_flash.c ****     FLASH->CR |= FLASH_CR_STRT;
 589:./Libraries/src/stm32f4xx_flash.c ****     
 590:./Libraries/src/stm32f4xx_flash.c ****     /* Wait for last operation to be completed */
 591:./Libraries/src/stm32f4xx_flash.c ****     status = FLASH_WaitForLastOperation();
 592:./Libraries/src/stm32f4xx_flash.c **** 
 593:./Libraries/src/stm32f4xx_flash.c ****     /* if the erase operation is completed, disable the MER Bit */
 594:./Libraries/src/stm32f4xx_flash.c ****     FLASH->CR &= (~FLASH_CR_MER);
 595:./Libraries/src/stm32f4xx_flash.c **** #endif /* STM32F40_41xxx || STM32F401xx || STM32F410xx || STM32F411xE || STM32F412xG || STM32F413_4
 596:./Libraries/src/stm32f4xx_flash.c **** 
 597:./Libraries/src/stm32f4xx_flash.c ****   }   
 598:./Libraries/src/stm32f4xx_flash.c ****   /* Return the Erase Status */
 599:./Libraries/src/stm32f4xx_flash.c ****   return status;
ARM GAS  /tmp/ccrBRGbZ.s 			page 17


 600:./Libraries/src/stm32f4xx_flash.c **** }
 601:./Libraries/src/stm32f4xx_flash.c **** 
 602:./Libraries/src/stm32f4xx_flash.c **** /**
 603:./Libraries/src/stm32f4xx_flash.c ****   * @brief  Erases all FLASH Sectors in Bank 1.
 604:./Libraries/src/stm32f4xx_flash.c ****   *
 605:./Libraries/src/stm32f4xx_flash.c ****   * @note   This function can be used only for STM32F42xxx/43xxx devices.
 606:./Libraries/src/stm32f4xx_flash.c ****   *      
 607:./Libraries/src/stm32f4xx_flash.c ****   * @note   If an erase and a program operations are requested simultaneously,    
 608:./Libraries/src/stm32f4xx_flash.c ****   *         the erase operation is performed before the program one. 
 609:./Libraries/src/stm32f4xx_flash.c ****   *  
 610:./Libraries/src/stm32f4xx_flash.c ****   * @param  VoltageRange: The device voltage range which defines the erase parallelism.  
 611:./Libraries/src/stm32f4xx_flash.c ****   *          This parameter can be one of the following values:
 612:./Libraries/src/stm32f4xx_flash.c ****   *            @arg VoltageRange_1: when the device voltage range is 1.8V to 2.1V, 
 613:./Libraries/src/stm32f4xx_flash.c ****   *                                  the operation will be done by byte (8-bit) 
 614:./Libraries/src/stm32f4xx_flash.c ****   *            @arg VoltageRange_2: when the device voltage range is 2.1V to 2.7V,
 615:./Libraries/src/stm32f4xx_flash.c ****   *                                  the operation will be done by half word (16-bit)
 616:./Libraries/src/stm32f4xx_flash.c ****   *            @arg VoltageRange_3: when the device voltage range is 2.7V to 3.6V,
 617:./Libraries/src/stm32f4xx_flash.c ****   *                                  the operation will be done by word (32-bit)
 618:./Libraries/src/stm32f4xx_flash.c ****   *            @arg VoltageRange_4: when the device voltage range is 2.7V to 3.6V + External Vpp, 
 619:./Libraries/src/stm32f4xx_flash.c ****   *                                  the operation will be done by double word (64-bit)
 620:./Libraries/src/stm32f4xx_flash.c ****   *       
 621:./Libraries/src/stm32f4xx_flash.c ****   * @retval FLASH Status: The returned value can be: FLASH_BUSY, FLASH_ERROR_PROGRAM,
 622:./Libraries/src/stm32f4xx_flash.c ****   *                       FLASH_ERROR_WRP, FLASH_ERROR_OPERATION or FLASH_COMPLETE.
 623:./Libraries/src/stm32f4xx_flash.c ****   */
 624:./Libraries/src/stm32f4xx_flash.c **** FLASH_Status FLASH_EraseAllBank1Sectors(uint8_t VoltageRange)
 625:./Libraries/src/stm32f4xx_flash.c **** {
 626:./Libraries/src/stm32f4xx_flash.c ****   uint32_t tmp_psize = 0x0;
 627:./Libraries/src/stm32f4xx_flash.c ****   FLASH_Status status = FLASH_COMPLETE;
 628:./Libraries/src/stm32f4xx_flash.c ****   
 629:./Libraries/src/stm32f4xx_flash.c ****   /* Wait for last operation to be completed */
 630:./Libraries/src/stm32f4xx_flash.c ****   status = FLASH_WaitForLastOperation();
 631:./Libraries/src/stm32f4xx_flash.c ****   assert_param(IS_VOLTAGERANGE(VoltageRange));
 632:./Libraries/src/stm32f4xx_flash.c ****   
 633:./Libraries/src/stm32f4xx_flash.c ****   if(VoltageRange == VoltageRange_1)
 634:./Libraries/src/stm32f4xx_flash.c ****   {
 635:./Libraries/src/stm32f4xx_flash.c ****      tmp_psize = FLASH_PSIZE_BYTE;
 636:./Libraries/src/stm32f4xx_flash.c ****   }
 637:./Libraries/src/stm32f4xx_flash.c ****   else if(VoltageRange == VoltageRange_2)
 638:./Libraries/src/stm32f4xx_flash.c ****   {
 639:./Libraries/src/stm32f4xx_flash.c ****     tmp_psize = FLASH_PSIZE_HALF_WORD;
 640:./Libraries/src/stm32f4xx_flash.c ****   }
 641:./Libraries/src/stm32f4xx_flash.c ****   else if(VoltageRange == VoltageRange_3)
 642:./Libraries/src/stm32f4xx_flash.c ****   {
 643:./Libraries/src/stm32f4xx_flash.c ****     tmp_psize = FLASH_PSIZE_WORD;
 644:./Libraries/src/stm32f4xx_flash.c ****   }
 645:./Libraries/src/stm32f4xx_flash.c ****   else
 646:./Libraries/src/stm32f4xx_flash.c ****   {
 647:./Libraries/src/stm32f4xx_flash.c ****     tmp_psize = FLASH_PSIZE_DOUBLE_WORD;
 648:./Libraries/src/stm32f4xx_flash.c ****   }  
 649:./Libraries/src/stm32f4xx_flash.c ****   if(status == FLASH_COMPLETE)
 650:./Libraries/src/stm32f4xx_flash.c ****   {
 651:./Libraries/src/stm32f4xx_flash.c ****     /* if the previous operation is completed, proceed to erase all sectors */
 652:./Libraries/src/stm32f4xx_flash.c ****      FLASH->CR &= CR_PSIZE_MASK;
 653:./Libraries/src/stm32f4xx_flash.c ****      FLASH->CR |= tmp_psize;
 654:./Libraries/src/stm32f4xx_flash.c ****      FLASH->CR |= FLASH_CR_MER1;
 655:./Libraries/src/stm32f4xx_flash.c ****      FLASH->CR |= FLASH_CR_STRT;
 656:./Libraries/src/stm32f4xx_flash.c ****     
ARM GAS  /tmp/ccrBRGbZ.s 			page 18


 657:./Libraries/src/stm32f4xx_flash.c ****     /* Wait for last operation to be completed */
 658:./Libraries/src/stm32f4xx_flash.c ****     status = FLASH_WaitForLastOperation();
 659:./Libraries/src/stm32f4xx_flash.c **** 
 660:./Libraries/src/stm32f4xx_flash.c ****     /* if the erase operation is completed, disable the MER Bit */
 661:./Libraries/src/stm32f4xx_flash.c ****     FLASH->CR &= (~FLASH_CR_MER1);
 662:./Libraries/src/stm32f4xx_flash.c **** 
 663:./Libraries/src/stm32f4xx_flash.c ****   }   
 664:./Libraries/src/stm32f4xx_flash.c ****   /* Return the Erase Status */
 665:./Libraries/src/stm32f4xx_flash.c ****   return status;
 666:./Libraries/src/stm32f4xx_flash.c **** }
 667:./Libraries/src/stm32f4xx_flash.c **** 
 668:./Libraries/src/stm32f4xx_flash.c **** 
 669:./Libraries/src/stm32f4xx_flash.c **** /**
 670:./Libraries/src/stm32f4xx_flash.c ****   * @brief  Erases all FLASH Sectors in Bank 2.
 671:./Libraries/src/stm32f4xx_flash.c ****   *
 672:./Libraries/src/stm32f4xx_flash.c ****   * @note   This function can be used only for STM32F42xxx/43xxx devices.
 673:./Libraries/src/stm32f4xx_flash.c ****   *     
 674:./Libraries/src/stm32f4xx_flash.c ****   * @note   If an erase and a program operations are requested simultaneously,    
 675:./Libraries/src/stm32f4xx_flash.c ****   *         the erase operation is performed before the program one.
 676:./Libraries/src/stm32f4xx_flash.c ****   *     
 677:./Libraries/src/stm32f4xx_flash.c ****   * @param  VoltageRange: The device voltage range which defines the erase parallelism.  
 678:./Libraries/src/stm32f4xx_flash.c ****   *          This parameter can be one of the following values:
 679:./Libraries/src/stm32f4xx_flash.c ****   *            @arg VoltageRange_1: when the device voltage range is 1.8V to 2.1V, 
 680:./Libraries/src/stm32f4xx_flash.c ****   *                                  the operation will be done by byte (8-bit) 
 681:./Libraries/src/stm32f4xx_flash.c ****   *            @arg VoltageRange_2: when the device voltage range is 2.1V to 2.7V,
 682:./Libraries/src/stm32f4xx_flash.c ****   *                                  the operation will be done by half word (16-bit)
 683:./Libraries/src/stm32f4xx_flash.c ****   *            @arg VoltageRange_3: when the device voltage range is 2.7V to 3.6V,
 684:./Libraries/src/stm32f4xx_flash.c ****   *                                  the operation will be done by word (32-bit)
 685:./Libraries/src/stm32f4xx_flash.c ****   *            @arg VoltageRange_4: when the device voltage range is 2.7V to 3.6V + External Vpp, 
 686:./Libraries/src/stm32f4xx_flash.c ****   *                                  the operation will be done by double word (64-bit)
 687:./Libraries/src/stm32f4xx_flash.c ****   *       
 688:./Libraries/src/stm32f4xx_flash.c ****   * @retval FLASH Status: The returned value can be: FLASH_BUSY, FLASH_ERROR_PROGRAM,
 689:./Libraries/src/stm32f4xx_flash.c ****   *                       FLASH_ERROR_WRP, FLASH_ERROR_OPERATION or FLASH_COMPLETE.
 690:./Libraries/src/stm32f4xx_flash.c ****   */
 691:./Libraries/src/stm32f4xx_flash.c **** FLASH_Status FLASH_EraseAllBank2Sectors(uint8_t VoltageRange)
 692:./Libraries/src/stm32f4xx_flash.c **** {
 693:./Libraries/src/stm32f4xx_flash.c ****   uint32_t tmp_psize = 0x0;
 694:./Libraries/src/stm32f4xx_flash.c ****   FLASH_Status status = FLASH_COMPLETE;
 695:./Libraries/src/stm32f4xx_flash.c ****   
 696:./Libraries/src/stm32f4xx_flash.c ****   /* Wait for last operation to be completed */
 697:./Libraries/src/stm32f4xx_flash.c ****   status = FLASH_WaitForLastOperation();
 698:./Libraries/src/stm32f4xx_flash.c ****   assert_param(IS_VOLTAGERANGE(VoltageRange));
 699:./Libraries/src/stm32f4xx_flash.c ****   
 700:./Libraries/src/stm32f4xx_flash.c ****   if(VoltageRange == VoltageRange_1)
 701:./Libraries/src/stm32f4xx_flash.c ****   {
 702:./Libraries/src/stm32f4xx_flash.c ****      tmp_psize = FLASH_PSIZE_BYTE;
 703:./Libraries/src/stm32f4xx_flash.c ****   }
 704:./Libraries/src/stm32f4xx_flash.c ****   else if(VoltageRange == VoltageRange_2)
 705:./Libraries/src/stm32f4xx_flash.c ****   {
 706:./Libraries/src/stm32f4xx_flash.c ****     tmp_psize = FLASH_PSIZE_HALF_WORD;
 707:./Libraries/src/stm32f4xx_flash.c ****   }
 708:./Libraries/src/stm32f4xx_flash.c ****   else if(VoltageRange == VoltageRange_3)
 709:./Libraries/src/stm32f4xx_flash.c ****   {
 710:./Libraries/src/stm32f4xx_flash.c ****     tmp_psize = FLASH_PSIZE_WORD;
 711:./Libraries/src/stm32f4xx_flash.c ****   }
 712:./Libraries/src/stm32f4xx_flash.c ****   else
 713:./Libraries/src/stm32f4xx_flash.c ****   {
ARM GAS  /tmp/ccrBRGbZ.s 			page 19


 714:./Libraries/src/stm32f4xx_flash.c ****     tmp_psize = FLASH_PSIZE_DOUBLE_WORD;
 715:./Libraries/src/stm32f4xx_flash.c ****   }  
 716:./Libraries/src/stm32f4xx_flash.c ****   if(status == FLASH_COMPLETE)
 717:./Libraries/src/stm32f4xx_flash.c ****   {
 718:./Libraries/src/stm32f4xx_flash.c ****     /* if the previous operation is completed, proceed to erase all sectors */
 719:./Libraries/src/stm32f4xx_flash.c ****      FLASH->CR &= CR_PSIZE_MASK;
 720:./Libraries/src/stm32f4xx_flash.c ****      FLASH->CR |= tmp_psize;
 721:./Libraries/src/stm32f4xx_flash.c ****      FLASH->CR |= FLASH_CR_MER2;
 722:./Libraries/src/stm32f4xx_flash.c ****      FLASH->CR |= FLASH_CR_STRT;
 723:./Libraries/src/stm32f4xx_flash.c ****     
 724:./Libraries/src/stm32f4xx_flash.c ****     /* Wait for last operation to be completed */
 725:./Libraries/src/stm32f4xx_flash.c ****     status = FLASH_WaitForLastOperation();
 726:./Libraries/src/stm32f4xx_flash.c **** 
 727:./Libraries/src/stm32f4xx_flash.c ****     /* if the erase operation is completed, disable the MER Bit */
 728:./Libraries/src/stm32f4xx_flash.c ****     FLASH->CR &= (~FLASH_CR_MER2);
 729:./Libraries/src/stm32f4xx_flash.c **** 
 730:./Libraries/src/stm32f4xx_flash.c ****   }   
 731:./Libraries/src/stm32f4xx_flash.c ****   /* Return the Erase Status */
 732:./Libraries/src/stm32f4xx_flash.c ****   return status;
 733:./Libraries/src/stm32f4xx_flash.c **** }
 734:./Libraries/src/stm32f4xx_flash.c **** 
 735:./Libraries/src/stm32f4xx_flash.c **** /**
 736:./Libraries/src/stm32f4xx_flash.c ****   * @brief  Programs a double word (64-bit) at a specified address.
 737:./Libraries/src/stm32f4xx_flash.c ****   * @note   This function must be used when the device voltage range is from
 738:./Libraries/src/stm32f4xx_flash.c ****   *         2.7V to 3.6V and an External Vpp is present.
 739:./Libraries/src/stm32f4xx_flash.c ****   *
 740:./Libraries/src/stm32f4xx_flash.c ****   * @note   If an erase and a program operations are requested simultaneously,    
 741:./Libraries/src/stm32f4xx_flash.c ****   *         the erase operation is performed before the program one.
 742:./Libraries/src/stm32f4xx_flash.c ****   *  
 743:./Libraries/src/stm32f4xx_flash.c ****   * @param  Address: specifies the address to be programmed.
 744:./Libraries/src/stm32f4xx_flash.c ****   * @param  Data: specifies the data to be programmed.
 745:./Libraries/src/stm32f4xx_flash.c ****   * @retval FLASH Status: The returned value can be: FLASH_BUSY, FLASH_ERROR_PROGRAM,
 746:./Libraries/src/stm32f4xx_flash.c ****   *                       FLASH_ERROR_WRP, FLASH_ERROR_OPERATION or FLASH_COMPLETE.
 747:./Libraries/src/stm32f4xx_flash.c ****   */
 748:./Libraries/src/stm32f4xx_flash.c **** FLASH_Status FLASH_ProgramDoubleWord(uint32_t Address, uint64_t Data)
 749:./Libraries/src/stm32f4xx_flash.c **** {
 750:./Libraries/src/stm32f4xx_flash.c ****   FLASH_Status status = FLASH_COMPLETE;
 751:./Libraries/src/stm32f4xx_flash.c **** 
 752:./Libraries/src/stm32f4xx_flash.c ****   /* Check the parameters */
 753:./Libraries/src/stm32f4xx_flash.c ****   assert_param(IS_FLASH_ADDRESS(Address));
 754:./Libraries/src/stm32f4xx_flash.c **** 
 755:./Libraries/src/stm32f4xx_flash.c ****   /* Wait for last operation to be completed */
 756:./Libraries/src/stm32f4xx_flash.c ****   status = FLASH_WaitForLastOperation();
 757:./Libraries/src/stm32f4xx_flash.c ****   
 758:./Libraries/src/stm32f4xx_flash.c ****   if(status == FLASH_COMPLETE)
 759:./Libraries/src/stm32f4xx_flash.c ****   {
 760:./Libraries/src/stm32f4xx_flash.c ****     /* if the previous operation is completed, proceed to program the new data */
 761:./Libraries/src/stm32f4xx_flash.c ****     FLASH->CR &= CR_PSIZE_MASK;
 762:./Libraries/src/stm32f4xx_flash.c ****     FLASH->CR |= FLASH_PSIZE_DOUBLE_WORD;
 763:./Libraries/src/stm32f4xx_flash.c ****     FLASH->CR |= FLASH_CR_PG;
 764:./Libraries/src/stm32f4xx_flash.c ****   
 765:./Libraries/src/stm32f4xx_flash.c ****     *(__IO uint64_t*)Address = Data;
 766:./Libraries/src/stm32f4xx_flash.c ****         
 767:./Libraries/src/stm32f4xx_flash.c ****     /* Wait for last operation to be completed */
 768:./Libraries/src/stm32f4xx_flash.c ****     status = FLASH_WaitForLastOperation();
 769:./Libraries/src/stm32f4xx_flash.c **** 
 770:./Libraries/src/stm32f4xx_flash.c ****     /* if the program operation is completed, disable the PG Bit */
ARM GAS  /tmp/ccrBRGbZ.s 			page 20


 771:./Libraries/src/stm32f4xx_flash.c ****     FLASH->CR &= (~FLASH_CR_PG);
 772:./Libraries/src/stm32f4xx_flash.c ****   } 
 773:./Libraries/src/stm32f4xx_flash.c ****   /* Return the Program Status */
 774:./Libraries/src/stm32f4xx_flash.c ****   return status;
 775:./Libraries/src/stm32f4xx_flash.c **** }
 776:./Libraries/src/stm32f4xx_flash.c **** 
 777:./Libraries/src/stm32f4xx_flash.c **** /**
 778:./Libraries/src/stm32f4xx_flash.c ****   * @brief  Programs a word (32-bit) at a specified address.
 779:./Libraries/src/stm32f4xx_flash.c ****   *
 780:./Libraries/src/stm32f4xx_flash.c ****   * @note   This function must be used when the device voltage range is from 2.7V to 3.6V. 
 781:./Libraries/src/stm32f4xx_flash.c ****   *
 782:./Libraries/src/stm32f4xx_flash.c ****   * @note   If an erase and a program operations are requested simultaneously,    
 783:./Libraries/src/stm32f4xx_flash.c ****   *         the erase operation is performed before the program one.
 784:./Libraries/src/stm32f4xx_flash.c ****   *  
 785:./Libraries/src/stm32f4xx_flash.c ****   * @param  Address: specifies the address to be programmed.
 786:./Libraries/src/stm32f4xx_flash.c ****   *         This parameter can be any address in Program memory zone or in OTP zone.  
 787:./Libraries/src/stm32f4xx_flash.c ****   * @param  Data: specifies the data to be programmed.
 788:./Libraries/src/stm32f4xx_flash.c ****   * @retval FLASH Status: The returned value can be: FLASH_BUSY, FLASH_ERROR_PROGRAM,
 789:./Libraries/src/stm32f4xx_flash.c ****   *                       FLASH_ERROR_WRP, FLASH_ERROR_OPERATION or FLASH_COMPLETE.
 790:./Libraries/src/stm32f4xx_flash.c ****   */
 791:./Libraries/src/stm32f4xx_flash.c **** FLASH_Status FLASH_ProgramWord(uint32_t Address, uint32_t Data)
 792:./Libraries/src/stm32f4xx_flash.c **** {
 793:./Libraries/src/stm32f4xx_flash.c ****   FLASH_Status status = FLASH_COMPLETE;
 794:./Libraries/src/stm32f4xx_flash.c **** 
 795:./Libraries/src/stm32f4xx_flash.c ****   /* Check the parameters */
 796:./Libraries/src/stm32f4xx_flash.c ****   assert_param(IS_FLASH_ADDRESS(Address));
 797:./Libraries/src/stm32f4xx_flash.c **** 
 798:./Libraries/src/stm32f4xx_flash.c ****   /* Wait for last operation to be completed */
 799:./Libraries/src/stm32f4xx_flash.c ****   status = FLASH_WaitForLastOperation();
 800:./Libraries/src/stm32f4xx_flash.c ****   
 801:./Libraries/src/stm32f4xx_flash.c ****   if(status == FLASH_COMPLETE)
 802:./Libraries/src/stm32f4xx_flash.c ****   {
 803:./Libraries/src/stm32f4xx_flash.c ****     /* if the previous operation is completed, proceed to program the new data */
 804:./Libraries/src/stm32f4xx_flash.c ****     FLASH->CR &= CR_PSIZE_MASK;
 805:./Libraries/src/stm32f4xx_flash.c ****     FLASH->CR |= FLASH_PSIZE_WORD;
 806:./Libraries/src/stm32f4xx_flash.c ****     FLASH->CR |= FLASH_CR_PG;
 807:./Libraries/src/stm32f4xx_flash.c ****   
 808:./Libraries/src/stm32f4xx_flash.c ****     *(__IO uint32_t*)Address = Data;
 809:./Libraries/src/stm32f4xx_flash.c ****         
 810:./Libraries/src/stm32f4xx_flash.c ****     /* Wait for last operation to be completed */
 811:./Libraries/src/stm32f4xx_flash.c ****     status = FLASH_WaitForLastOperation();
 812:./Libraries/src/stm32f4xx_flash.c **** 
 813:./Libraries/src/stm32f4xx_flash.c ****     /* if the program operation is completed, disable the PG Bit */
 814:./Libraries/src/stm32f4xx_flash.c ****     FLASH->CR &= (~FLASH_CR_PG);
 815:./Libraries/src/stm32f4xx_flash.c ****   } 
 816:./Libraries/src/stm32f4xx_flash.c ****   /* Return the Program Status */
 817:./Libraries/src/stm32f4xx_flash.c ****   return status;
 818:./Libraries/src/stm32f4xx_flash.c **** }
 819:./Libraries/src/stm32f4xx_flash.c **** 
 820:./Libraries/src/stm32f4xx_flash.c **** /**
 821:./Libraries/src/stm32f4xx_flash.c ****   * @brief  Programs a half word (16-bit) at a specified address. 
 822:./Libraries/src/stm32f4xx_flash.c ****   * @note   This function must be used when the device voltage range is from 2.1V to 3.6V. 
 823:./Libraries/src/stm32f4xx_flash.c ****   *
 824:./Libraries/src/stm32f4xx_flash.c ****   * @note   If an erase and a program operations are requested simultaneously,    
 825:./Libraries/src/stm32f4xx_flash.c ****   *         the erase operation is performed before the program one.
 826:./Libraries/src/stm32f4xx_flash.c ****   * 
 827:./Libraries/src/stm32f4xx_flash.c ****   * @param  Address: specifies the address to be programmed.
ARM GAS  /tmp/ccrBRGbZ.s 			page 21


 828:./Libraries/src/stm32f4xx_flash.c ****   *         This parameter can be any address in Program memory zone or in OTP zone.  
 829:./Libraries/src/stm32f4xx_flash.c ****   * @param  Data: specifies the data to be programmed.
 830:./Libraries/src/stm32f4xx_flash.c ****   * @retval FLASH Status: The returned value can be: FLASH_BUSY, FLASH_ERROR_PROGRAM,
 831:./Libraries/src/stm32f4xx_flash.c ****   *                       FLASH_ERROR_WRP, FLASH_ERROR_OPERATION or FLASH_COMPLETE.
 832:./Libraries/src/stm32f4xx_flash.c ****   */
 833:./Libraries/src/stm32f4xx_flash.c **** FLASH_Status FLASH_ProgramHalfWord(uint32_t Address, uint16_t Data)
 834:./Libraries/src/stm32f4xx_flash.c **** {
 835:./Libraries/src/stm32f4xx_flash.c ****   FLASH_Status status = FLASH_COMPLETE;
 836:./Libraries/src/stm32f4xx_flash.c **** 
 837:./Libraries/src/stm32f4xx_flash.c ****   /* Check the parameters */
 838:./Libraries/src/stm32f4xx_flash.c ****   assert_param(IS_FLASH_ADDRESS(Address));
 839:./Libraries/src/stm32f4xx_flash.c **** 
 840:./Libraries/src/stm32f4xx_flash.c ****   /* Wait for last operation to be completed */
 841:./Libraries/src/stm32f4xx_flash.c ****   status = FLASH_WaitForLastOperation();
 842:./Libraries/src/stm32f4xx_flash.c ****   
 843:./Libraries/src/stm32f4xx_flash.c ****   if(status == FLASH_COMPLETE)
 844:./Libraries/src/stm32f4xx_flash.c ****   {
 845:./Libraries/src/stm32f4xx_flash.c ****     /* if the previous operation is completed, proceed to program the new data */
 846:./Libraries/src/stm32f4xx_flash.c ****     FLASH->CR &= CR_PSIZE_MASK;
 847:./Libraries/src/stm32f4xx_flash.c ****     FLASH->CR |= FLASH_PSIZE_HALF_WORD;
 848:./Libraries/src/stm32f4xx_flash.c ****     FLASH->CR |= FLASH_CR_PG;
 849:./Libraries/src/stm32f4xx_flash.c ****   
 850:./Libraries/src/stm32f4xx_flash.c ****     *(__IO uint16_t*)Address = Data;
 851:./Libraries/src/stm32f4xx_flash.c ****         
 852:./Libraries/src/stm32f4xx_flash.c ****     /* Wait for last operation to be completed */
 853:./Libraries/src/stm32f4xx_flash.c ****     status = FLASH_WaitForLastOperation();
 854:./Libraries/src/stm32f4xx_flash.c **** 
 855:./Libraries/src/stm32f4xx_flash.c ****     /* if the program operation is completed, disable the PG Bit */
 856:./Libraries/src/stm32f4xx_flash.c ****     FLASH->CR &= (~FLASH_CR_PG);
 857:./Libraries/src/stm32f4xx_flash.c ****   } 
 858:./Libraries/src/stm32f4xx_flash.c ****   /* Return the Program Status */
 859:./Libraries/src/stm32f4xx_flash.c ****   return status;
 860:./Libraries/src/stm32f4xx_flash.c **** }
 861:./Libraries/src/stm32f4xx_flash.c **** 
 862:./Libraries/src/stm32f4xx_flash.c **** /**
 863:./Libraries/src/stm32f4xx_flash.c ****   * @brief  Programs a byte (8-bit) at a specified address.
 864:./Libraries/src/stm32f4xx_flash.c ****   * @note   This function can be used within all the device supply voltage ranges.  
 865:./Libraries/src/stm32f4xx_flash.c ****   *
 866:./Libraries/src/stm32f4xx_flash.c ****   * @note   If an erase and a program operations are requested simultaneously,    
 867:./Libraries/src/stm32f4xx_flash.c ****   *         the erase operation is performed before the program one.
 868:./Libraries/src/stm32f4xx_flash.c ****   * 
 869:./Libraries/src/stm32f4xx_flash.c ****   * @param  Address: specifies the address to be programmed.
 870:./Libraries/src/stm32f4xx_flash.c ****   *         This parameter can be any address in Program memory zone or in OTP zone.  
 871:./Libraries/src/stm32f4xx_flash.c ****   * @param  Data: specifies the data to be programmed.
 872:./Libraries/src/stm32f4xx_flash.c ****   * @retval FLASH Status: The returned value can be: FLASH_BUSY, FLASH_ERROR_PROGRAM,
 873:./Libraries/src/stm32f4xx_flash.c ****   *                       FLASH_ERROR_WRP, FLASH_ERROR_OPERATION or FLASH_COMPLETE.
 874:./Libraries/src/stm32f4xx_flash.c ****   */
 875:./Libraries/src/stm32f4xx_flash.c **** FLASH_Status FLASH_ProgramByte(uint32_t Address, uint8_t Data)
 876:./Libraries/src/stm32f4xx_flash.c **** {
 877:./Libraries/src/stm32f4xx_flash.c ****   FLASH_Status status = FLASH_COMPLETE;
 878:./Libraries/src/stm32f4xx_flash.c **** 
 879:./Libraries/src/stm32f4xx_flash.c ****   /* Check the parameters */
 880:./Libraries/src/stm32f4xx_flash.c ****   assert_param(IS_FLASH_ADDRESS(Address));
 881:./Libraries/src/stm32f4xx_flash.c **** 
 882:./Libraries/src/stm32f4xx_flash.c ****   /* Wait for last operation to be completed */
 883:./Libraries/src/stm32f4xx_flash.c ****   status = FLASH_WaitForLastOperation();
 884:./Libraries/src/stm32f4xx_flash.c ****   
ARM GAS  /tmp/ccrBRGbZ.s 			page 22


 885:./Libraries/src/stm32f4xx_flash.c ****   if(status == FLASH_COMPLETE)
 886:./Libraries/src/stm32f4xx_flash.c ****   {
 887:./Libraries/src/stm32f4xx_flash.c ****     /* if the previous operation is completed, proceed to program the new data */
 888:./Libraries/src/stm32f4xx_flash.c ****     FLASH->CR &= CR_PSIZE_MASK;
 889:./Libraries/src/stm32f4xx_flash.c ****     FLASH->CR |= FLASH_PSIZE_BYTE;
 890:./Libraries/src/stm32f4xx_flash.c ****     FLASH->CR |= FLASH_CR_PG;
 891:./Libraries/src/stm32f4xx_flash.c ****   
 892:./Libraries/src/stm32f4xx_flash.c ****     *(__IO uint8_t*)Address = Data;
 893:./Libraries/src/stm32f4xx_flash.c ****         
 894:./Libraries/src/stm32f4xx_flash.c ****     /* Wait for last operation to be completed */
 895:./Libraries/src/stm32f4xx_flash.c ****     status = FLASH_WaitForLastOperation();
 896:./Libraries/src/stm32f4xx_flash.c **** 
 897:./Libraries/src/stm32f4xx_flash.c ****     /* if the program operation is completed, disable the PG Bit */
 898:./Libraries/src/stm32f4xx_flash.c ****     FLASH->CR &= (~FLASH_CR_PG);
 899:./Libraries/src/stm32f4xx_flash.c ****   } 
 900:./Libraries/src/stm32f4xx_flash.c **** 
 901:./Libraries/src/stm32f4xx_flash.c ****   /* Return the Program Status */
 902:./Libraries/src/stm32f4xx_flash.c ****   return status;
 903:./Libraries/src/stm32f4xx_flash.c **** }
 904:./Libraries/src/stm32f4xx_flash.c **** 
 905:./Libraries/src/stm32f4xx_flash.c **** /**
 906:./Libraries/src/stm32f4xx_flash.c ****   * @}
 907:./Libraries/src/stm32f4xx_flash.c ****   */
 908:./Libraries/src/stm32f4xx_flash.c **** 
 909:./Libraries/src/stm32f4xx_flash.c **** /** @defgroup FLASH_Group3 Option Bytes Programming functions
 910:./Libraries/src/stm32f4xx_flash.c ****  *  @brief   Option Bytes Programming functions 
 911:./Libraries/src/stm32f4xx_flash.c ****  *
 912:./Libraries/src/stm32f4xx_flash.c **** @verbatim   
 913:./Libraries/src/stm32f4xx_flash.c ****  ===============================================================================
 914:./Libraries/src/stm32f4xx_flash.c ****                 ##### Option Bytes Programming functions #####
 915:./Libraries/src/stm32f4xx_flash.c ****  ===============================================================================  
 916:./Libraries/src/stm32f4xx_flash.c ****     [..]
 917:./Libraries/src/stm32f4xx_flash.c ****       This group includes the following functions:
 918:./Libraries/src/stm32f4xx_flash.c ****       (+) void FLASH_OB_Unlock(void)
 919:./Libraries/src/stm32f4xx_flash.c ****       (+) void FLASH_OB_Lock(void)
 920:./Libraries/src/stm32f4xx_flash.c ****       (+) void FLASH_OB_WRPConfig(uint32_t OB_WRP, FunctionalState NewState)
 921:./Libraries/src/stm32f4xx_flash.c ****       (+) void FLASH_OB_WRP1Config(uint32_t OB_WRP, FunctionalState NewState)  
 922:./Libraries/src/stm32f4xx_flash.c ****       (+) void FLASH_OB_PCROPSelectionConfig(uint8_t OB_PCROPSelect)
 923:./Libraries/src/stm32f4xx_flash.c ****       (+) void FLASH_OB_PCROPConfig(uint32_t OB_PCROP, FunctionalState NewState)
 924:./Libraries/src/stm32f4xx_flash.c ****       (+) void FLASH_OB_PCROP1Config(uint32_t OB_PCROP, FunctionalState NewState) 
 925:./Libraries/src/stm32f4xx_flash.c ****       (+) void FLASH_OB_RDPConfig(uint8_t OB_RDP)
 926:./Libraries/src/stm32f4xx_flash.c ****       (+) void FLASH_OB_UserConfig(uint8_t OB_IWDG, uint8_t OB_STOP, uint8_t OB_STDBY)
 927:./Libraries/src/stm32f4xx_flash.c ****       (+) void FLASH_OB_BORConfig(uint8_t OB_BOR)
 928:./Libraries/src/stm32f4xx_flash.c ****       (+) FLASH_Status FLASH_ProgramOTP(uint32_t Address, uint32_t Data)
 929:./Libraries/src/stm32f4xx_flash.c ****       (+) FLASH_Status FLASH_OB_Launch(void)
 930:./Libraries/src/stm32f4xx_flash.c ****       (+) uint32_t FLASH_OB_GetUser(void)
 931:./Libraries/src/stm32f4xx_flash.c ****       (+) uint8_t FLASH_OB_GetWRP(void)
 932:./Libraries/src/stm32f4xx_flash.c ****       (+) uint8_t FLASH_OB_GetWRP1(void)
 933:./Libraries/src/stm32f4xx_flash.c ****       (+) uint8_t FLASH_OB_GetPCROP(void)
 934:./Libraries/src/stm32f4xx_flash.c ****       (+) uint8_t FLASH_OB_GetPCROP1(void)
 935:./Libraries/src/stm32f4xx_flash.c ****       (+) uint8_t FLASH_OB_GetRDP(void)
 936:./Libraries/src/stm32f4xx_flash.c ****       (+) uint8_t FLASH_OB_GetBOR(void)
 937:./Libraries/src/stm32f4xx_flash.c ****     [..]  
 938:./Libraries/src/stm32f4xx_flash.c ****       The following function can be used only for STM32F42xxx/43xxx devices. 
 939:./Libraries/src/stm32f4xx_flash.c ****       (+) void FLASH_OB_BootConfig(uint8_t OB_BOOT)
 940:./Libraries/src/stm32f4xx_flash.c ****     [..]   
 941:./Libraries/src/stm32f4xx_flash.c ****      Any operation of erase or program should follow these steps:
ARM GAS  /tmp/ccrBRGbZ.s 			page 23


 942:./Libraries/src/stm32f4xx_flash.c ****       (#) Call the FLASH_OB_Unlock() function to enable the FLASH option control 
 943:./Libraries/src/stm32f4xx_flash.c ****           register access
 944:./Libraries/src/stm32f4xx_flash.c **** 
 945:./Libraries/src/stm32f4xx_flash.c ****       (#) Call one or several functions to program the desired Option Bytes:
 946:./Libraries/src/stm32f4xx_flash.c ****         (++) void FLASH_OB_WRPConfig(uint32_t OB_WRP, FunctionalState NewState) 
 947:./Libraries/src/stm32f4xx_flash.c ****              => to Enable/Disable the desired sector write protection
 948:./Libraries/src/stm32f4xx_flash.c ****         (++) void FLASH_OB_RDPConfig(uint8_t OB_RDP) => to set the desired read 
 949:./Libraries/src/stm32f4xx_flash.c ****              Protection Level
 950:./Libraries/src/stm32f4xx_flash.c ****         (++) void FLASH_OB_UserConfig(uint8_t OB_IWDG, uint8_t OB_STOP, uint8_t OB_STDBY) 
 951:./Libraries/src/stm32f4xx_flash.c ****              => to configure the user Option Bytes.
 952:./Libraries/src/stm32f4xx_flash.c ****         (++) void FLASH_OB_BORConfig(uint8_t OB_BOR) => to set the BOR Level 			 
 953:./Libraries/src/stm32f4xx_flash.c **** 
 954:./Libraries/src/stm32f4xx_flash.c ****       (#) Once all needed Option Bytes to be programmed are correctly written, 
 955:./Libraries/src/stm32f4xx_flash.c ****           call the FLASH_OB_Launch() function to launch the Option Bytes 
 956:./Libraries/src/stm32f4xx_flash.c ****           programming process.
 957:./Libraries/src/stm32f4xx_flash.c ****      
 958:./Libraries/src/stm32f4xx_flash.c ****       -@- When changing the IWDG mode from HW to SW or from SW to HW, a system 
 959:./Libraries/src/stm32f4xx_flash.c ****           reset is needed to make the change effective.  
 960:./Libraries/src/stm32f4xx_flash.c **** 
 961:./Libraries/src/stm32f4xx_flash.c ****       (#) Call the FLASH_OB_Lock() function to disable the FLASH option control 
 962:./Libraries/src/stm32f4xx_flash.c ****           register access (recommended to protect the Option Bytes against 
 963:./Libraries/src/stm32f4xx_flash.c ****           possible unwanted operations)
 964:./Libraries/src/stm32f4xx_flash.c ****     
 965:./Libraries/src/stm32f4xx_flash.c **** @endverbatim
 966:./Libraries/src/stm32f4xx_flash.c ****   * @{
 967:./Libraries/src/stm32f4xx_flash.c ****   */
 968:./Libraries/src/stm32f4xx_flash.c **** 
 969:./Libraries/src/stm32f4xx_flash.c **** /**
 970:./Libraries/src/stm32f4xx_flash.c ****   * @brief  Unlocks the FLASH Option Control Registers access.
 971:./Libraries/src/stm32f4xx_flash.c ****   * @param  None
 972:./Libraries/src/stm32f4xx_flash.c ****   * @retval None
 973:./Libraries/src/stm32f4xx_flash.c ****   */
 974:./Libraries/src/stm32f4xx_flash.c **** void FLASH_OB_Unlock(void)
 975:./Libraries/src/stm32f4xx_flash.c **** {
 327              		.loc 1 975 1 is_stmt 1 view -0
 328              		.cfi_startproc
 329              		@ args = 0, pretend = 0, frame = 0
 330              		@ frame_needed = 0, uses_anonymous_args = 0
 331              		@ link register save eliminated.
 976:./Libraries/src/stm32f4xx_flash.c ****   if((FLASH->OPTCR & FLASH_OPTCR_OPTLOCK) != RESET)
 332              		.loc 1 976 3 view .LVU65
 333              		.loc 1 976 12 is_stmt 0 view .LVU66
 334 0000 054B     		ldr	r3, .L35
 335 0002 5B69     		ldr	r3, [r3, #20]
 336              		.loc 1 976 5 view .LVU67
 337 0004 13F0010F 		tst	r3, #1
 338 0008 05D0     		beq	.L33
 977:./Libraries/src/stm32f4xx_flash.c ****   {
 978:./Libraries/src/stm32f4xx_flash.c ****     /* Authorizes the Option Byte register programming */
 979:./Libraries/src/stm32f4xx_flash.c ****     FLASH->OPTKEYR = FLASH_OPT_KEY1;
 339              		.loc 1 979 5 is_stmt 1 view .LVU68
 340              		.loc 1 979 20 is_stmt 0 view .LVU69
 341 000a 034B     		ldr	r3, .L35
 342 000c 034A     		ldr	r2, .L35+4
 343 000e 9A60     		str	r2, [r3, #8]
 980:./Libraries/src/stm32f4xx_flash.c ****     FLASH->OPTKEYR = FLASH_OPT_KEY2;
 344              		.loc 1 980 5 is_stmt 1 view .LVU70
ARM GAS  /tmp/ccrBRGbZ.s 			page 24


 345              		.loc 1 980 20 is_stmt 0 view .LVU71
 346 0010 02F14432 		add	r2, r2, #1145324612
 347 0014 9A60     		str	r2, [r3, #8]
 348              	.L33:
 981:./Libraries/src/stm32f4xx_flash.c ****   }  
 982:./Libraries/src/stm32f4xx_flash.c **** }
 349              		.loc 1 982 1 view .LVU72
 350 0016 7047     		bx	lr
 351              	.L36:
 352              		.align	2
 353              	.L35:
 354 0018 003C0240 		.word	1073888256
 355 001c 3B2A1908 		.word	135866939
 356              		.cfi_endproc
 357              	.LFE139:
 359              		.section	.text.FLASH_OB_Lock,"ax",%progbits
 360              		.align	1
 361              		.global	FLASH_OB_Lock
 362              		.syntax unified
 363              		.thumb
 364              		.thumb_func
 366              	FLASH_OB_Lock:
 367              	.LFB140:
 983:./Libraries/src/stm32f4xx_flash.c **** 
 984:./Libraries/src/stm32f4xx_flash.c **** /**
 985:./Libraries/src/stm32f4xx_flash.c ****   * @brief  Locks the FLASH Option Control Registers access.
 986:./Libraries/src/stm32f4xx_flash.c ****   * @param  None
 987:./Libraries/src/stm32f4xx_flash.c ****   * @retval None
 988:./Libraries/src/stm32f4xx_flash.c ****   */
 989:./Libraries/src/stm32f4xx_flash.c **** void FLASH_OB_Lock(void)
 990:./Libraries/src/stm32f4xx_flash.c **** {
 368              		.loc 1 990 1 is_stmt 1 view -0
 369              		.cfi_startproc
 370              		@ args = 0, pretend = 0, frame = 0
 371              		@ frame_needed = 0, uses_anonymous_args = 0
 372              		@ link register save eliminated.
 991:./Libraries/src/stm32f4xx_flash.c ****   /* Set the OPTLOCK Bit to lock the FLASH Option Byte Registers access */
 992:./Libraries/src/stm32f4xx_flash.c ****   FLASH->OPTCR |= FLASH_OPTCR_OPTLOCK;
 373              		.loc 1 992 3 view .LVU74
 374              		.loc 1 992 8 is_stmt 0 view .LVU75
 375 0000 024A     		ldr	r2, .L38
 376 0002 5369     		ldr	r3, [r2, #20]
 377              		.loc 1 992 16 view .LVU76
 378 0004 43F00103 		orr	r3, r3, #1
 379 0008 5361     		str	r3, [r2, #20]
 993:./Libraries/src/stm32f4xx_flash.c **** }
 380              		.loc 1 993 1 view .LVU77
 381 000a 7047     		bx	lr
 382              	.L39:
 383              		.align	2
 384              	.L38:
 385 000c 003C0240 		.word	1073888256
 386              		.cfi_endproc
 387              	.LFE140:
 389              		.section	.text.FLASH_OB_PCROPSelectionConfig,"ax",%progbits
 390              		.align	1
 391              		.global	FLASH_OB_PCROPSelectionConfig
ARM GAS  /tmp/ccrBRGbZ.s 			page 25


 392              		.syntax unified
 393              		.thumb
 394              		.thumb_func
 396              	FLASH_OB_PCROPSelectionConfig:
 397              	.LVL5:
 398              	.LFB143:
 994:./Libraries/src/stm32f4xx_flash.c **** 
 995:./Libraries/src/stm32f4xx_flash.c **** /**
 996:./Libraries/src/stm32f4xx_flash.c ****   * @brief  Enables or disables the write protection of the desired sectors, for the first
 997:./Libraries/src/stm32f4xx_flash.c ****   *         1 Mb of the Flash  
 998:./Libraries/src/stm32f4xx_flash.c ****   *
 999:./Libraries/src/stm32f4xx_flash.c ****   * @note   When the memory read protection level is selected (RDP level = 1), 
1000:./Libraries/src/stm32f4xx_flash.c ****   *         it is not possible to program or erase the flash sector i if CortexM4  
1001:./Libraries/src/stm32f4xx_flash.c ****   *         debug features are connected or boot code is executed in RAM, even if nWRPi = 1 
1002:./Libraries/src/stm32f4xx_flash.c ****   * @note   Active value of nWRPi bits is inverted when PCROP mode is active (SPRMOD =1).   
1003:./Libraries/src/stm32f4xx_flash.c ****   * 
1004:./Libraries/src/stm32f4xx_flash.c ****   * @param  OB_WRP: specifies the sector(s) to be write protected or unprotected.
1005:./Libraries/src/stm32f4xx_flash.c ****   *          This parameter can be one of the following values:
1006:./Libraries/src/stm32f4xx_flash.c ****   *            @arg OB_WRP: A value between OB_WRP_Sector0 and OB_WRP_Sector11                     
1007:./Libraries/src/stm32f4xx_flash.c ****   *            @arg OB_WRP_Sector_All
1008:./Libraries/src/stm32f4xx_flash.c ****   * @param  Newstate: new state of the Write Protection.
1009:./Libraries/src/stm32f4xx_flash.c ****   *          This parameter can be: ENABLE or DISABLE.
1010:./Libraries/src/stm32f4xx_flash.c ****   * @retval None  
1011:./Libraries/src/stm32f4xx_flash.c ****   */
1012:./Libraries/src/stm32f4xx_flash.c **** void FLASH_OB_WRPConfig(uint32_t OB_WRP, FunctionalState NewState)
1013:./Libraries/src/stm32f4xx_flash.c **** { 
1014:./Libraries/src/stm32f4xx_flash.c ****   FLASH_Status status = FLASH_COMPLETE;
1015:./Libraries/src/stm32f4xx_flash.c ****   
1016:./Libraries/src/stm32f4xx_flash.c ****   /* Check the parameters */
1017:./Libraries/src/stm32f4xx_flash.c ****   assert_param(IS_OB_WRP(OB_WRP));
1018:./Libraries/src/stm32f4xx_flash.c ****   assert_param(IS_FUNCTIONAL_STATE(NewState));
1019:./Libraries/src/stm32f4xx_flash.c ****     
1020:./Libraries/src/stm32f4xx_flash.c ****   status = FLASH_WaitForLastOperation();
1021:./Libraries/src/stm32f4xx_flash.c **** 
1022:./Libraries/src/stm32f4xx_flash.c ****   if(status == FLASH_COMPLETE)
1023:./Libraries/src/stm32f4xx_flash.c ****   { 
1024:./Libraries/src/stm32f4xx_flash.c ****     if(NewState != DISABLE)
1025:./Libraries/src/stm32f4xx_flash.c ****     {
1026:./Libraries/src/stm32f4xx_flash.c ****       *(__IO uint16_t*)OPTCR_BYTE2_ADDRESS &= (~OB_WRP);
1027:./Libraries/src/stm32f4xx_flash.c ****     }
1028:./Libraries/src/stm32f4xx_flash.c ****     else
1029:./Libraries/src/stm32f4xx_flash.c ****     {
1030:./Libraries/src/stm32f4xx_flash.c ****       *(__IO uint16_t*)OPTCR_BYTE2_ADDRESS |= (uint16_t)OB_WRP;
1031:./Libraries/src/stm32f4xx_flash.c ****     }
1032:./Libraries/src/stm32f4xx_flash.c ****   }
1033:./Libraries/src/stm32f4xx_flash.c **** }
1034:./Libraries/src/stm32f4xx_flash.c **** 
1035:./Libraries/src/stm32f4xx_flash.c **** /**
1036:./Libraries/src/stm32f4xx_flash.c ****   * @brief  Enables or disables the write protection of the desired sectors, for the second
1037:./Libraries/src/stm32f4xx_flash.c ****   *         1 Mb of the Flash  
1038:./Libraries/src/stm32f4xx_flash.c ****   *           
1039:./Libraries/src/stm32f4xx_flash.c ****   * @note   This function can be used only for STM32F42xxx/43xxx devices.
1040:./Libraries/src/stm32f4xx_flash.c ****   *   
1041:./Libraries/src/stm32f4xx_flash.c ****   * @note   When the memory read out protection is selected (RDP level = 1), 
1042:./Libraries/src/stm32f4xx_flash.c ****   *         it is not possible to program or erase the flash sector i if CortexM4  
1043:./Libraries/src/stm32f4xx_flash.c ****   *         debug features are connected or boot code is executed in RAM, even if nWRPi = 1 
1044:./Libraries/src/stm32f4xx_flash.c ****   * @note   Active value of nWRPi bits is inverted when PCROP mode is active (SPRMOD =1).      
ARM GAS  /tmp/ccrBRGbZ.s 			page 26


1045:./Libraries/src/stm32f4xx_flash.c ****   * 
1046:./Libraries/src/stm32f4xx_flash.c ****   * @param  OB_WRP: specifies the sector(s) to be write protected or unprotected.
1047:./Libraries/src/stm32f4xx_flash.c ****   *          This parameter can be one of the following values:
1048:./Libraries/src/stm32f4xx_flash.c ****   *            @arg OB_WRP: A value between OB_WRP_Sector12 and OB_WRP_Sector23
1049:./Libraries/src/stm32f4xx_flash.c ****   *            @arg OB_WRP_Sector_All                        
1050:./Libraries/src/stm32f4xx_flash.c ****   * @param  Newstate: new state of the Write Protection.
1051:./Libraries/src/stm32f4xx_flash.c ****   *          This parameter can be: ENABLE or DISABLE.
1052:./Libraries/src/stm32f4xx_flash.c ****   * @retval None  
1053:./Libraries/src/stm32f4xx_flash.c ****   */
1054:./Libraries/src/stm32f4xx_flash.c **** void FLASH_OB_WRP1Config(uint32_t OB_WRP, FunctionalState NewState)
1055:./Libraries/src/stm32f4xx_flash.c **** { 
1056:./Libraries/src/stm32f4xx_flash.c ****   FLASH_Status status = FLASH_COMPLETE;
1057:./Libraries/src/stm32f4xx_flash.c ****   
1058:./Libraries/src/stm32f4xx_flash.c ****   /* Check the parameters */
1059:./Libraries/src/stm32f4xx_flash.c ****   assert_param(IS_OB_WRP(OB_WRP));
1060:./Libraries/src/stm32f4xx_flash.c ****   assert_param(IS_FUNCTIONAL_STATE(NewState));
1061:./Libraries/src/stm32f4xx_flash.c ****     
1062:./Libraries/src/stm32f4xx_flash.c ****   status = FLASH_WaitForLastOperation();
1063:./Libraries/src/stm32f4xx_flash.c **** 
1064:./Libraries/src/stm32f4xx_flash.c ****   if(status == FLASH_COMPLETE)
1065:./Libraries/src/stm32f4xx_flash.c ****   { 
1066:./Libraries/src/stm32f4xx_flash.c ****     if(NewState != DISABLE)
1067:./Libraries/src/stm32f4xx_flash.c ****     {
1068:./Libraries/src/stm32f4xx_flash.c ****       *(__IO uint16_t*)OPTCR1_BYTE2_ADDRESS &= (~OB_WRP);
1069:./Libraries/src/stm32f4xx_flash.c ****     }
1070:./Libraries/src/stm32f4xx_flash.c ****     else
1071:./Libraries/src/stm32f4xx_flash.c ****     {
1072:./Libraries/src/stm32f4xx_flash.c ****       *(__IO uint16_t*)OPTCR1_BYTE2_ADDRESS |= (uint16_t)OB_WRP;
1073:./Libraries/src/stm32f4xx_flash.c ****     }
1074:./Libraries/src/stm32f4xx_flash.c ****   }
1075:./Libraries/src/stm32f4xx_flash.c **** }
1076:./Libraries/src/stm32f4xx_flash.c **** 
1077:./Libraries/src/stm32f4xx_flash.c **** /**
1078:./Libraries/src/stm32f4xx_flash.c ****   * @brief  Select the Protection Mode (SPRMOD). 
1079:./Libraries/src/stm32f4xx_flash.c ****   * 
1080:./Libraries/src/stm32f4xx_flash.c ****   * @note   This function can be used only for STM32F42xxx/43xxx and STM32F401xx/411xE devices.    
1081:./Libraries/src/stm32f4xx_flash.c ****   * 
1082:./Libraries/src/stm32f4xx_flash.c ****   * @note   After PCROP activation, Option Byte modification is not possible. 
1083:./Libraries/src/stm32f4xx_flash.c ****   *         Exception made for the global Read Out Protection modification level (level1 to level0)
1084:./Libraries/src/stm32f4xx_flash.c ****   * @note   Once SPRMOD bit is active unprotection of a protected sector is not possible 
1085:./Libraries/src/stm32f4xx_flash.c ****   *   
1086:./Libraries/src/stm32f4xx_flash.c ****   * @note   Read a protected sector will set RDERR Flag and write a protected sector will set WRPER
1087:./Libraries/src/stm32f4xx_flash.c ****   *   
1088:./Libraries/src/stm32f4xx_flash.c ****   * @note   Some Precautions should be taken when activating the PCROP feature :
1089:./Libraries/src/stm32f4xx_flash.c ****   *         The active value of nWRPi bits is inverted when PCROP mode is active, this means if SPR
1090:./Libraries/src/stm32f4xx_flash.c ****   *         and WRPi = 1 (default value), then the user sector i is read/write protected.
1091:./Libraries/src/stm32f4xx_flash.c ****   *         In order to avoid activation of PCROP Mode for undesired sectors, please follow the
1092:./Libraries/src/stm32f4xx_flash.c ****   *         below safety sequence :       
1093:./Libraries/src/stm32f4xx_flash.c ****   *         - Disable PCROP for all Sectors using FLASH_OB_PCROPConfig(OB_PCROP_Sector_All, DISABLE
1094:./Libraries/src/stm32f4xx_flash.c ****   *           for Bank1 or FLASH_OB_PCROP1Config(OB_PCROP_Sector_All, DISABLE) function for Bank2  
1095:./Libraries/src/stm32f4xx_flash.c ****   *         - Enable PCROP for the desired Sector i using FLASH_OB_PCROPConfig(Sector i, ENABLE) fu
1096:./Libraries/src/stm32f4xx_flash.c ****   *         - Activate the PCROP Mode FLASH_OB_PCROPSelectionConfig() function. 
1097:./Libraries/src/stm32f4xx_flash.c ****   * 
1098:./Libraries/src/stm32f4xx_flash.c ****   * @param  OB_PCROP:  Select the Protection Mode of nWPRi bits 
1099:./Libraries/src/stm32f4xx_flash.c ****   *          This parameter can be one of the following values:
1100:./Libraries/src/stm32f4xx_flash.c ****   *            @arg OB_PcROP_Disable: nWRPi control the write protection of respective user sectors
1101:./Libraries/src/stm32f4xx_flash.c ****   *            @arg OB_PcROP_Enable: nWRPi control the  read&write protection (PCROP) of respective
ARM GAS  /tmp/ccrBRGbZ.s 			page 27


1102:./Libraries/src/stm32f4xx_flash.c ****   * @retval None
1103:./Libraries/src/stm32f4xx_flash.c ****   */
1104:./Libraries/src/stm32f4xx_flash.c **** void FLASH_OB_PCROPSelectionConfig(uint8_t OB_PcROP)
1105:./Libraries/src/stm32f4xx_flash.c **** {  
 399              		.loc 1 1105 1 is_stmt 1 view -0
 400              		.cfi_startproc
 401              		@ args = 0, pretend = 0, frame = 0
 402              		@ frame_needed = 0, uses_anonymous_args = 0
 403              		@ link register save eliminated.
1106:./Libraries/src/stm32f4xx_flash.c ****   uint8_t optiontmp = 0xFF;
 404              		.loc 1 1106 3 view .LVU79
1107:./Libraries/src/stm32f4xx_flash.c ****       
1108:./Libraries/src/stm32f4xx_flash.c ****   /* Check the parameters */
1109:./Libraries/src/stm32f4xx_flash.c ****   assert_param(IS_OB_PCROP_SELECT(OB_PcROP));
 405              		.loc 1 1109 3 view .LVU80
1110:./Libraries/src/stm32f4xx_flash.c ****   
1111:./Libraries/src/stm32f4xx_flash.c ****   /* Mask SPRMOD bit */
1112:./Libraries/src/stm32f4xx_flash.c ****   optiontmp =  (uint8_t)((*(__IO uint8_t *)OPTCR_BYTE3_ADDRESS) & (uint8_t)0x7F); 
 406              		.loc 1 1112 3 view .LVU81
 407              		.loc 1 1112 65 is_stmt 0 view .LVU82
 408 0000 034A     		ldr	r2, .L41
 409 0002 D37D     		ldrb	r3, [r2, #23]	@ zero_extendqisi2
 410              		.loc 1 1112 13 view .LVU83
 411 0004 03F07F03 		and	r3, r3, #127
 412              	.LVL6:
1113:./Libraries/src/stm32f4xx_flash.c ****   /* Update Option Byte */
1114:./Libraries/src/stm32f4xx_flash.c ****   *(__IO uint8_t *)OPTCR_BYTE3_ADDRESS = (uint8_t)(OB_PcROP | optiontmp); 
 413              		.loc 1 1114 3 is_stmt 1 view .LVU84
 414              		.loc 1 1114 42 is_stmt 0 view .LVU85
 415 0008 0343     		orrs	r3, r3, r0
 416              	.LVL7:
 417              		.loc 1 1114 40 view .LVU86
 418 000a D375     		strb	r3, [r2, #23]
1115:./Libraries/src/stm32f4xx_flash.c ****     
1116:./Libraries/src/stm32f4xx_flash.c **** }
 419              		.loc 1 1116 1 view .LVU87
 420 000c 7047     		bx	lr
 421              	.L42:
 422 000e 00BF     		.align	2
 423              	.L41:
 424 0010 003C0240 		.word	1073888256
 425              		.cfi_endproc
 426              	.LFE143:
 428              		.section	.text.FLASH_OB_BootConfig,"ax",%progbits
 429              		.align	1
 430              		.global	FLASH_OB_BootConfig
 431              		.syntax unified
 432              		.thumb
 433              		.thumb_func
 435              	FLASH_OB_BootConfig:
 436              	.LVL8:
 437              	.LFB148:
1117:./Libraries/src/stm32f4xx_flash.c **** 
1118:./Libraries/src/stm32f4xx_flash.c **** /**
1119:./Libraries/src/stm32f4xx_flash.c ****   * @brief  Enables or disables the read/write protection (PCROP) of the desired 
1120:./Libraries/src/stm32f4xx_flash.c ****   *         sectors, for the first 1 MB of the Flash.
1121:./Libraries/src/stm32f4xx_flash.c ****   *           
ARM GAS  /tmp/ccrBRGbZ.s 			page 28


1122:./Libraries/src/stm32f4xx_flash.c ****   * @note   This function can be used only for STM32F42xxx/43xxx , STM32F401xx/411xE 
1123:./Libraries/src/stm32f4xx_flash.c ****   *         STM32F412xG and STM32F413_423xx devices.
1124:./Libraries/src/stm32f4xx_flash.c ****   *   
1125:./Libraries/src/stm32f4xx_flash.c ****   * @param  OB_PCROP: specifies the sector(s) to be read/write protected or unprotected.
1126:./Libraries/src/stm32f4xx_flash.c ****   *          This parameter can be one of the following values:
1127:./Libraries/src/stm32f4xx_flash.c ****   *            @arg OB_PCROP: A value between OB_PCROP_Sector0 and OB_PCROP_Sector11 for 
1128:./Libraries/src/stm32f4xx_flash.c ****   *                           STM32F42xxx/43xxx devices and between OB_PCROP_Sector0 and 
1129:./Libraries/src/stm32f4xx_flash.c ****   *                           OB_PCROP_Sector5 for STM32F401xx/411xE devices.
1130:./Libraries/src/stm32f4xx_flash.c ****   *            @arg OB_PCROP_Sector_All
1131:./Libraries/src/stm32f4xx_flash.c ****   * @param  Newstate: new state of the Write Protection.
1132:./Libraries/src/stm32f4xx_flash.c ****   *          This parameter can be: ENABLE or DISABLE.
1133:./Libraries/src/stm32f4xx_flash.c ****   * @retval None  
1134:./Libraries/src/stm32f4xx_flash.c ****   */
1135:./Libraries/src/stm32f4xx_flash.c **** void FLASH_OB_PCROPConfig(uint32_t OB_PCROP, FunctionalState NewState)
1136:./Libraries/src/stm32f4xx_flash.c **** { 
1137:./Libraries/src/stm32f4xx_flash.c ****   FLASH_Status status = FLASH_COMPLETE;
1138:./Libraries/src/stm32f4xx_flash.c ****   
1139:./Libraries/src/stm32f4xx_flash.c ****   /* Check the parameters */
1140:./Libraries/src/stm32f4xx_flash.c ****   assert_param(IS_OB_PCROP(OB_PCROP));
1141:./Libraries/src/stm32f4xx_flash.c ****   assert_param(IS_FUNCTIONAL_STATE(NewState));
1142:./Libraries/src/stm32f4xx_flash.c ****     
1143:./Libraries/src/stm32f4xx_flash.c ****   status = FLASH_WaitForLastOperation();
1144:./Libraries/src/stm32f4xx_flash.c **** 
1145:./Libraries/src/stm32f4xx_flash.c ****   if(status == FLASH_COMPLETE)
1146:./Libraries/src/stm32f4xx_flash.c ****   { 
1147:./Libraries/src/stm32f4xx_flash.c ****     if(NewState != DISABLE)
1148:./Libraries/src/stm32f4xx_flash.c ****     {
1149:./Libraries/src/stm32f4xx_flash.c ****       *(__IO uint16_t*)OPTCR_BYTE2_ADDRESS |= (uint16_t)OB_PCROP;    
1150:./Libraries/src/stm32f4xx_flash.c ****     }
1151:./Libraries/src/stm32f4xx_flash.c ****     else
1152:./Libraries/src/stm32f4xx_flash.c ****     {
1153:./Libraries/src/stm32f4xx_flash.c ****       *(__IO uint16_t*)OPTCR_BYTE2_ADDRESS &= (~OB_PCROP);
1154:./Libraries/src/stm32f4xx_flash.c ****     }
1155:./Libraries/src/stm32f4xx_flash.c ****   }
1156:./Libraries/src/stm32f4xx_flash.c **** }
1157:./Libraries/src/stm32f4xx_flash.c **** 
1158:./Libraries/src/stm32f4xx_flash.c **** /**
1159:./Libraries/src/stm32f4xx_flash.c ****    * @brief Enables or disables the read/write protection (PCROP) of the desired 
1160:./Libraries/src/stm32f4xx_flash.c ****   *         sectors
1161:./Libraries/src/stm32f4xx_flash.c ****   *           
1162:./Libraries/src/stm32f4xx_flash.c ****   * @note   This function can be used only for STM32F42xxx/43xxx devices.
1163:./Libraries/src/stm32f4xx_flash.c ****   *   
1164:./Libraries/src/stm32f4xx_flash.c ****   * @param  OB_PCROP: specifies the sector(s) to be read/write protected or unprotected.
1165:./Libraries/src/stm32f4xx_flash.c ****   *          This parameter can be one of the following values:
1166:./Libraries/src/stm32f4xx_flash.c ****   *            @arg OB_PCROP: A value between OB_PCROP_Sector12 and OB_PCROP_Sector23 
1167:./Libraries/src/stm32f4xx_flash.c ****   *            @arg OB_PCROP_Sector_All
1168:./Libraries/src/stm32f4xx_flash.c ****   * @param  Newstate: new state of the Write Protection.
1169:./Libraries/src/stm32f4xx_flash.c ****   *          This parameter can be: ENABLE or DISABLE.
1170:./Libraries/src/stm32f4xx_flash.c ****   * @retval None  
1171:./Libraries/src/stm32f4xx_flash.c ****   */
1172:./Libraries/src/stm32f4xx_flash.c **** void FLASH_OB_PCROP1Config(uint32_t OB_PCROP, FunctionalState NewState)
1173:./Libraries/src/stm32f4xx_flash.c **** { 
1174:./Libraries/src/stm32f4xx_flash.c ****   FLASH_Status status = FLASH_COMPLETE;
1175:./Libraries/src/stm32f4xx_flash.c ****   
1176:./Libraries/src/stm32f4xx_flash.c ****   /* Check the parameters */
1177:./Libraries/src/stm32f4xx_flash.c ****   assert_param(IS_OB_PCROP(OB_PCROP));
1178:./Libraries/src/stm32f4xx_flash.c ****   assert_param(IS_FUNCTIONAL_STATE(NewState));
ARM GAS  /tmp/ccrBRGbZ.s 			page 29


1179:./Libraries/src/stm32f4xx_flash.c ****     
1180:./Libraries/src/stm32f4xx_flash.c ****   status = FLASH_WaitForLastOperation();
1181:./Libraries/src/stm32f4xx_flash.c **** 
1182:./Libraries/src/stm32f4xx_flash.c ****   if(status == FLASH_COMPLETE)
1183:./Libraries/src/stm32f4xx_flash.c ****   { 
1184:./Libraries/src/stm32f4xx_flash.c ****     if(NewState != DISABLE)
1185:./Libraries/src/stm32f4xx_flash.c ****     {
1186:./Libraries/src/stm32f4xx_flash.c ****       *(__IO uint16_t*)OPTCR1_BYTE2_ADDRESS |= (uint16_t)OB_PCROP;
1187:./Libraries/src/stm32f4xx_flash.c ****     }
1188:./Libraries/src/stm32f4xx_flash.c ****     else
1189:./Libraries/src/stm32f4xx_flash.c ****     {
1190:./Libraries/src/stm32f4xx_flash.c ****       *(__IO uint16_t*)OPTCR1_BYTE2_ADDRESS &= (~OB_PCROP);
1191:./Libraries/src/stm32f4xx_flash.c ****     }
1192:./Libraries/src/stm32f4xx_flash.c ****   }
1193:./Libraries/src/stm32f4xx_flash.c **** }
1194:./Libraries/src/stm32f4xx_flash.c **** 
1195:./Libraries/src/stm32f4xx_flash.c **** 
1196:./Libraries/src/stm32f4xx_flash.c **** /**
1197:./Libraries/src/stm32f4xx_flash.c ****   * @brief  Sets the read protection level.
1198:./Libraries/src/stm32f4xx_flash.c ****   * @param  OB_RDP: specifies the read protection level.
1199:./Libraries/src/stm32f4xx_flash.c ****   *          This parameter can be one of the following values:
1200:./Libraries/src/stm32f4xx_flash.c ****   *            @arg OB_RDP_Level_0: No protection
1201:./Libraries/src/stm32f4xx_flash.c ****   *            @arg OB_RDP_Level_1: Read protection of the memory
1202:./Libraries/src/stm32f4xx_flash.c ****   *            @arg OB_RDP_Level_2: Full chip protection
1203:./Libraries/src/stm32f4xx_flash.c ****   *   
1204:./Libraries/src/stm32f4xx_flash.c ****   * /!\ Warning /!\ When enabling OB_RDP level 2 it's no more possible to go back to level 1 or 0
1205:./Libraries/src/stm32f4xx_flash.c ****   *    
1206:./Libraries/src/stm32f4xx_flash.c ****   * @retval None
1207:./Libraries/src/stm32f4xx_flash.c ****   */
1208:./Libraries/src/stm32f4xx_flash.c **** void FLASH_OB_RDPConfig(uint8_t OB_RDP)
1209:./Libraries/src/stm32f4xx_flash.c **** {
1210:./Libraries/src/stm32f4xx_flash.c ****   FLASH_Status status = FLASH_COMPLETE;
1211:./Libraries/src/stm32f4xx_flash.c **** 
1212:./Libraries/src/stm32f4xx_flash.c ****   /* Check the parameters */
1213:./Libraries/src/stm32f4xx_flash.c ****   assert_param(IS_OB_RDP(OB_RDP));
1214:./Libraries/src/stm32f4xx_flash.c **** 
1215:./Libraries/src/stm32f4xx_flash.c ****   status = FLASH_WaitForLastOperation();
1216:./Libraries/src/stm32f4xx_flash.c **** 
1217:./Libraries/src/stm32f4xx_flash.c ****   if(status == FLASH_COMPLETE)
1218:./Libraries/src/stm32f4xx_flash.c ****   {
1219:./Libraries/src/stm32f4xx_flash.c ****     *(__IO uint8_t*)OPTCR_BYTE1_ADDRESS = OB_RDP;
1220:./Libraries/src/stm32f4xx_flash.c **** 
1221:./Libraries/src/stm32f4xx_flash.c ****   }
1222:./Libraries/src/stm32f4xx_flash.c **** }
1223:./Libraries/src/stm32f4xx_flash.c **** 
1224:./Libraries/src/stm32f4xx_flash.c **** /**
1225:./Libraries/src/stm32f4xx_flash.c ****   * @brief  Programs the FLASH User Option Byte: IWDG_SW / RST_STOP / RST_STDBY.    
1226:./Libraries/src/stm32f4xx_flash.c ****   * @param  OB_IWDG: Selects the IWDG mode
1227:./Libraries/src/stm32f4xx_flash.c ****   *          This parameter can be one of the following values:
1228:./Libraries/src/stm32f4xx_flash.c ****   *            @arg OB_IWDG_SW: Software IWDG selected
1229:./Libraries/src/stm32f4xx_flash.c ****   *            @arg OB_IWDG_HW: Hardware IWDG selected
1230:./Libraries/src/stm32f4xx_flash.c ****   * @param  OB_STOP: Reset event when entering STOP mode.
1231:./Libraries/src/stm32f4xx_flash.c ****   *          This parameter  can be one of the following values:
1232:./Libraries/src/stm32f4xx_flash.c ****   *            @arg OB_STOP_NoRST: No reset generated when entering in STOP
1233:./Libraries/src/stm32f4xx_flash.c ****   *            @arg OB_STOP_RST: Reset generated when entering in STOP
1234:./Libraries/src/stm32f4xx_flash.c ****   * @param  OB_STDBY: Reset event when entering Standby mode.
1235:./Libraries/src/stm32f4xx_flash.c ****   *          This parameter  can be one of the following values:
ARM GAS  /tmp/ccrBRGbZ.s 			page 30


1236:./Libraries/src/stm32f4xx_flash.c ****   *            @arg OB_STDBY_NoRST: No reset generated when entering in STANDBY
1237:./Libraries/src/stm32f4xx_flash.c ****   *            @arg OB_STDBY_RST: Reset generated when entering in STANDBY
1238:./Libraries/src/stm32f4xx_flash.c ****   * @retval None
1239:./Libraries/src/stm32f4xx_flash.c ****   */
1240:./Libraries/src/stm32f4xx_flash.c **** void FLASH_OB_UserConfig(uint8_t OB_IWDG, uint8_t OB_STOP, uint8_t OB_STDBY)
1241:./Libraries/src/stm32f4xx_flash.c **** {
1242:./Libraries/src/stm32f4xx_flash.c ****   uint8_t optiontmp = 0xFF;
1243:./Libraries/src/stm32f4xx_flash.c ****   FLASH_Status status = FLASH_COMPLETE; 
1244:./Libraries/src/stm32f4xx_flash.c **** 
1245:./Libraries/src/stm32f4xx_flash.c ****   /* Check the parameters */
1246:./Libraries/src/stm32f4xx_flash.c ****   assert_param(IS_OB_IWDG_SOURCE(OB_IWDG));
1247:./Libraries/src/stm32f4xx_flash.c ****   assert_param(IS_OB_STOP_SOURCE(OB_STOP));
1248:./Libraries/src/stm32f4xx_flash.c ****   assert_param(IS_OB_STDBY_SOURCE(OB_STDBY));
1249:./Libraries/src/stm32f4xx_flash.c **** 
1250:./Libraries/src/stm32f4xx_flash.c ****   /* Wait for last operation to be completed */
1251:./Libraries/src/stm32f4xx_flash.c ****   status = FLASH_WaitForLastOperation();
1252:./Libraries/src/stm32f4xx_flash.c ****   
1253:./Libraries/src/stm32f4xx_flash.c ****   if(status == FLASH_COMPLETE)
1254:./Libraries/src/stm32f4xx_flash.c ****   { 
1255:./Libraries/src/stm32f4xx_flash.c **** #if defined(STM32F427_437xx) || defined(STM32F429_439xx) || defined(STM32F469_479xx)
1256:./Libraries/src/stm32f4xx_flash.c ****     /* Mask OPTLOCK, OPTSTRT, BOR_LEV and BFB2 bits */
1257:./Libraries/src/stm32f4xx_flash.c ****     optiontmp =  (uint8_t)((*(__IO uint8_t *)OPTCR_BYTE0_ADDRESS) & (uint8_t)0x1F);
1258:./Libraries/src/stm32f4xx_flash.c **** #endif /* STM32F427_437xx ||  STM32F429_439xx ||  STM32F469_479xx */
1259:./Libraries/src/stm32f4xx_flash.c **** 
1260:./Libraries/src/stm32f4xx_flash.c **** #if defined(STM32F40_41xxx) || defined(STM32F401xx) || defined(STM32F410xx) || defined(STM32F411xE)
1261:./Libraries/src/stm32f4xx_flash.c ****     /* Mask OPTLOCK, OPTSTRT and BOR_LEV bits */
1262:./Libraries/src/stm32f4xx_flash.c ****     optiontmp =  (uint8_t)((*(__IO uint8_t *)OPTCR_BYTE0_ADDRESS) & (uint8_t)0x0F); 
1263:./Libraries/src/stm32f4xx_flash.c **** #endif /* STM32F40_41xxx || STM32F401xx || STM32F410xx || STM32F411xE || STM32F446xx */ 
1264:./Libraries/src/stm32f4xx_flash.c **** 
1265:./Libraries/src/stm32f4xx_flash.c ****     /* Update User Option Byte */
1266:./Libraries/src/stm32f4xx_flash.c ****     *(__IO uint8_t *)OPTCR_BYTE0_ADDRESS = OB_IWDG | (uint8_t)(OB_STDBY | (uint8_t)(OB_STOP | ((uin
1267:./Libraries/src/stm32f4xx_flash.c ****   }  
1268:./Libraries/src/stm32f4xx_flash.c **** }
1269:./Libraries/src/stm32f4xx_flash.c **** 
1270:./Libraries/src/stm32f4xx_flash.c **** /**
1271:./Libraries/src/stm32f4xx_flash.c ****   * @brief  Configure the Dual Bank Boot.
1272:./Libraries/src/stm32f4xx_flash.c ****   *   
1273:./Libraries/src/stm32f4xx_flash.c ****   * @note   This function can be used only for STM32F42xxx/43xxx devices.
1274:./Libraries/src/stm32f4xx_flash.c ****   *      
1275:./Libraries/src/stm32f4xx_flash.c ****   * @param  OB_BOOT: specifies the Dual Bank Boot Option byte.
1276:./Libraries/src/stm32f4xx_flash.c ****   *          This parameter can be one of the following values:
1277:./Libraries/src/stm32f4xx_flash.c ****   *            @arg OB_Dual_BootEnabled: Dual Bank Boot Enable
1278:./Libraries/src/stm32f4xx_flash.c ****   *            @arg OB_Dual_BootDisabled: Dual Bank Boot Disabled
1279:./Libraries/src/stm32f4xx_flash.c ****   * @retval None
1280:./Libraries/src/stm32f4xx_flash.c ****   */
1281:./Libraries/src/stm32f4xx_flash.c **** void FLASH_OB_BootConfig(uint8_t OB_BOOT)
1282:./Libraries/src/stm32f4xx_flash.c **** {
 438              		.loc 1 1282 1 is_stmt 1 view -0
 439              		.cfi_startproc
 440              		@ args = 0, pretend = 0, frame = 0
 441              		@ frame_needed = 0, uses_anonymous_args = 0
 442              		@ link register save eliminated.
1283:./Libraries/src/stm32f4xx_flash.c ****   /* Check the parameters */
1284:./Libraries/src/stm32f4xx_flash.c ****   assert_param(IS_OB_BOOT(OB_BOOT));
 443              		.loc 1 1284 3 view .LVU89
1285:./Libraries/src/stm32f4xx_flash.c **** 
1286:./Libraries/src/stm32f4xx_flash.c ****   /* Set Dual Bank Boot */
ARM GAS  /tmp/ccrBRGbZ.s 			page 31


1287:./Libraries/src/stm32f4xx_flash.c ****   *(__IO uint8_t *)OPTCR_BYTE0_ADDRESS &= (~FLASH_OPTCR_BFB2);
 444              		.loc 1 1287 3 view .LVU90
 445 0000 044B     		ldr	r3, .L44
 446 0002 1A7D     		ldrb	r2, [r3, #20]	@ zero_extendqisi2
 447              		.loc 1 1287 40 is_stmt 0 view .LVU91
 448 0004 02F0EF02 		and	r2, r2, #239
 449 0008 1A75     		strb	r2, [r3, #20]
1288:./Libraries/src/stm32f4xx_flash.c ****   *(__IO uint8_t *)OPTCR_BYTE0_ADDRESS |= OB_BOOT;
 450              		.loc 1 1288 3 is_stmt 1 view .LVU92
 451 000a 1A7D     		ldrb	r2, [r3, #20]	@ zero_extendqisi2
 452              		.loc 1 1288 40 is_stmt 0 view .LVU93
 453 000c 0243     		orrs	r2, r2, r0
 454 000e 1A75     		strb	r2, [r3, #20]
1289:./Libraries/src/stm32f4xx_flash.c **** 
1290:./Libraries/src/stm32f4xx_flash.c **** }
 455              		.loc 1 1290 1 view .LVU94
 456 0010 7047     		bx	lr
 457              	.L45:
 458 0012 00BF     		.align	2
 459              	.L44:
 460 0014 003C0240 		.word	1073888256
 461              		.cfi_endproc
 462              	.LFE148:
 464              		.section	.text.FLASH_OB_BORConfig,"ax",%progbits
 465              		.align	1
 466              		.global	FLASH_OB_BORConfig
 467              		.syntax unified
 468              		.thumb
 469              		.thumb_func
 471              	FLASH_OB_BORConfig:
 472              	.LVL9:
 473              	.LFB149:
1291:./Libraries/src/stm32f4xx_flash.c **** 
1292:./Libraries/src/stm32f4xx_flash.c **** /**
1293:./Libraries/src/stm32f4xx_flash.c ****   * @brief  Sets the BOR Level. 
1294:./Libraries/src/stm32f4xx_flash.c ****   * @param  OB_BOR: specifies the Option Bytes BOR Reset Level.
1295:./Libraries/src/stm32f4xx_flash.c ****   *          This parameter can be one of the following values:
1296:./Libraries/src/stm32f4xx_flash.c ****   *            @arg OB_BOR_LEVEL3: Supply voltage ranges from 2.7 to 3.6 V
1297:./Libraries/src/stm32f4xx_flash.c ****   *            @arg OB_BOR_LEVEL2: Supply voltage ranges from 2.4 to 2.7 V
1298:./Libraries/src/stm32f4xx_flash.c ****   *            @arg OB_BOR_LEVEL1: Supply voltage ranges from 2.1 to 2.4 V
1299:./Libraries/src/stm32f4xx_flash.c ****   *            @arg OB_BOR_OFF: Supply voltage ranges from 1.62 to 2.1 V
1300:./Libraries/src/stm32f4xx_flash.c ****   * @retval None
1301:./Libraries/src/stm32f4xx_flash.c ****   */
1302:./Libraries/src/stm32f4xx_flash.c **** void FLASH_OB_BORConfig(uint8_t OB_BOR)
1303:./Libraries/src/stm32f4xx_flash.c **** {
 474              		.loc 1 1303 1 is_stmt 1 view -0
 475              		.cfi_startproc
 476              		@ args = 0, pretend = 0, frame = 0
 477              		@ frame_needed = 0, uses_anonymous_args = 0
 478              		@ link register save eliminated.
1304:./Libraries/src/stm32f4xx_flash.c ****   /* Check the parameters */
1305:./Libraries/src/stm32f4xx_flash.c ****   assert_param(IS_OB_BOR(OB_BOR));
 479              		.loc 1 1305 3 view .LVU96
1306:./Libraries/src/stm32f4xx_flash.c **** 
1307:./Libraries/src/stm32f4xx_flash.c ****   /* Set the BOR Level */
1308:./Libraries/src/stm32f4xx_flash.c ****   *(__IO uint8_t *)OPTCR_BYTE0_ADDRESS &= (~FLASH_OPTCR_BOR_LEV);
 480              		.loc 1 1308 3 view .LVU97
ARM GAS  /tmp/ccrBRGbZ.s 			page 32


 481 0000 044B     		ldr	r3, .L47
 482 0002 1A7D     		ldrb	r2, [r3, #20]	@ zero_extendqisi2
 483              		.loc 1 1308 40 is_stmt 0 view .LVU98
 484 0004 02F0F302 		and	r2, r2, #243
 485 0008 1A75     		strb	r2, [r3, #20]
1309:./Libraries/src/stm32f4xx_flash.c ****   *(__IO uint8_t *)OPTCR_BYTE0_ADDRESS |= OB_BOR;
 486              		.loc 1 1309 3 is_stmt 1 view .LVU99
 487 000a 1A7D     		ldrb	r2, [r3, #20]	@ zero_extendqisi2
 488              		.loc 1 1309 40 is_stmt 0 view .LVU100
 489 000c 0243     		orrs	r2, r2, r0
 490 000e 1A75     		strb	r2, [r3, #20]
1310:./Libraries/src/stm32f4xx_flash.c **** 
1311:./Libraries/src/stm32f4xx_flash.c **** }
 491              		.loc 1 1311 1 view .LVU101
 492 0010 7047     		bx	lr
 493              	.L48:
 494 0012 00BF     		.align	2
 495              	.L47:
 496 0014 003C0240 		.word	1073888256
 497              		.cfi_endproc
 498              	.LFE149:
 500              		.section	.text.FLASH_OB_GetUser,"ax",%progbits
 501              		.align	1
 502              		.global	FLASH_OB_GetUser
 503              		.syntax unified
 504              		.thumb
 505              		.thumb_func
 507              	FLASH_OB_GetUser:
 508              	.LFB151:
1312:./Libraries/src/stm32f4xx_flash.c **** 
1313:./Libraries/src/stm32f4xx_flash.c **** /**
1314:./Libraries/src/stm32f4xx_flash.c ****   * @brief  Launch the option byte loading.
1315:./Libraries/src/stm32f4xx_flash.c ****   * @param  None
1316:./Libraries/src/stm32f4xx_flash.c ****   * @retval FLASH Status: The returned value can be: FLASH_BUSY, FLASH_ERROR_PROGRAM,
1317:./Libraries/src/stm32f4xx_flash.c ****   *                       FLASH_ERROR_WRP, FLASH_ERROR_OPERATION or FLASH_COMPLETE.
1318:./Libraries/src/stm32f4xx_flash.c ****   */
1319:./Libraries/src/stm32f4xx_flash.c **** FLASH_Status FLASH_OB_Launch(void)
1320:./Libraries/src/stm32f4xx_flash.c **** {
1321:./Libraries/src/stm32f4xx_flash.c ****   FLASH_Status status = FLASH_COMPLETE;
1322:./Libraries/src/stm32f4xx_flash.c **** 
1323:./Libraries/src/stm32f4xx_flash.c ****   /* Set the OPTSTRT bit in OPTCR register */
1324:./Libraries/src/stm32f4xx_flash.c ****   *(__IO uint8_t *)OPTCR_BYTE0_ADDRESS |= FLASH_OPTCR_OPTSTRT;
1325:./Libraries/src/stm32f4xx_flash.c **** 
1326:./Libraries/src/stm32f4xx_flash.c ****   /* Wait for last operation to be completed */
1327:./Libraries/src/stm32f4xx_flash.c ****   status = FLASH_WaitForLastOperation();
1328:./Libraries/src/stm32f4xx_flash.c **** 
1329:./Libraries/src/stm32f4xx_flash.c ****   return status;
1330:./Libraries/src/stm32f4xx_flash.c **** }
1331:./Libraries/src/stm32f4xx_flash.c **** 
1332:./Libraries/src/stm32f4xx_flash.c **** /**
1333:./Libraries/src/stm32f4xx_flash.c ****   * @brief  Returns the FLASH User Option Bytes values.
1334:./Libraries/src/stm32f4xx_flash.c ****   * @param  None
1335:./Libraries/src/stm32f4xx_flash.c ****   * @retval The FLASH User Option Bytes values: IWDG_SW(Bit0), RST_STOP(Bit1)
1336:./Libraries/src/stm32f4xx_flash.c ****   *         and RST_STDBY(Bit2).
1337:./Libraries/src/stm32f4xx_flash.c ****   */
1338:./Libraries/src/stm32f4xx_flash.c **** uint8_t FLASH_OB_GetUser(void)
1339:./Libraries/src/stm32f4xx_flash.c **** {
ARM GAS  /tmp/ccrBRGbZ.s 			page 33


 509              		.loc 1 1339 1 is_stmt 1 view -0
 510              		.cfi_startproc
 511              		@ args = 0, pretend = 0, frame = 0
 512              		@ frame_needed = 0, uses_anonymous_args = 0
 513              		@ link register save eliminated.
1340:./Libraries/src/stm32f4xx_flash.c ****   /* Return the User Option Byte */
1341:./Libraries/src/stm32f4xx_flash.c ****   return (uint8_t)(FLASH->OPTCR >> 5);
 514              		.loc 1 1341 3 view .LVU103
 515              		.loc 1 1341 25 is_stmt 0 view .LVU104
 516 0000 024B     		ldr	r3, .L50
 517 0002 5869     		ldr	r0, [r3, #20]
1342:./Libraries/src/stm32f4xx_flash.c **** }
 518              		.loc 1 1342 1 view .LVU105
 519 0004 C0F34710 		ubfx	r0, r0, #5, #8
 520 0008 7047     		bx	lr
 521              	.L51:
 522 000a 00BF     		.align	2
 523              	.L50:
 524 000c 003C0240 		.word	1073888256
 525              		.cfi_endproc
 526              	.LFE151:
 528              		.section	.text.FLASH_OB_GetWRP,"ax",%progbits
 529              		.align	1
 530              		.global	FLASH_OB_GetWRP
 531              		.syntax unified
 532              		.thumb
 533              		.thumb_func
 535              	FLASH_OB_GetWRP:
 536              	.LFB152:
1343:./Libraries/src/stm32f4xx_flash.c **** 
1344:./Libraries/src/stm32f4xx_flash.c **** /**
1345:./Libraries/src/stm32f4xx_flash.c ****   * @brief  Returns the FLASH Write Protection Option Bytes value.
1346:./Libraries/src/stm32f4xx_flash.c ****   * @param  None
1347:./Libraries/src/stm32f4xx_flash.c ****   * @retval The FLASH Write Protection  Option Bytes value
1348:./Libraries/src/stm32f4xx_flash.c ****   */
1349:./Libraries/src/stm32f4xx_flash.c **** uint16_t FLASH_OB_GetWRP(void)
1350:./Libraries/src/stm32f4xx_flash.c **** {
 537              		.loc 1 1350 1 is_stmt 1 view -0
 538              		.cfi_startproc
 539              		@ args = 0, pretend = 0, frame = 0
 540              		@ frame_needed = 0, uses_anonymous_args = 0
 541              		@ link register save eliminated.
1351:./Libraries/src/stm32f4xx_flash.c ****   /* Return the FLASH write protection Register value */
1352:./Libraries/src/stm32f4xx_flash.c ****   return (*(__IO uint16_t *)(OPTCR_BYTE2_ADDRESS));
 542              		.loc 1 1352 3 view .LVU107
 543              		.loc 1 1352 11 is_stmt 0 view .LVU108
 544 0000 014B     		ldr	r3, .L53
 545 0002 D88A     		ldrh	r0, [r3, #22]
1353:./Libraries/src/stm32f4xx_flash.c **** }
 546              		.loc 1 1353 1 view .LVU109
 547 0004 80B2     		uxth	r0, r0
 548 0006 7047     		bx	lr
 549              	.L54:
 550              		.align	2
 551              	.L53:
 552 0008 003C0240 		.word	1073888256
 553              		.cfi_endproc
ARM GAS  /tmp/ccrBRGbZ.s 			page 34


 554              	.LFE152:
 556              		.section	.text.FLASH_OB_GetWRP1,"ax",%progbits
 557              		.align	1
 558              		.global	FLASH_OB_GetWRP1
 559              		.syntax unified
 560              		.thumb
 561              		.thumb_func
 563              	FLASH_OB_GetWRP1:
 564              	.LFB153:
1354:./Libraries/src/stm32f4xx_flash.c **** 
1355:./Libraries/src/stm32f4xx_flash.c **** /**
1356:./Libraries/src/stm32f4xx_flash.c ****   * @brief  Returns the FLASH Write Protection Option Bytes value.
1357:./Libraries/src/stm32f4xx_flash.c ****   *   
1358:./Libraries/src/stm32f4xx_flash.c ****   * @note   This function can be used only for STM32F42xxx/43xxx devices.
1359:./Libraries/src/stm32f4xx_flash.c ****   *   
1360:./Libraries/src/stm32f4xx_flash.c ****   * @param  None
1361:./Libraries/src/stm32f4xx_flash.c ****   * @retval The FLASH Write Protection  Option Bytes value
1362:./Libraries/src/stm32f4xx_flash.c ****   */
1363:./Libraries/src/stm32f4xx_flash.c **** uint16_t FLASH_OB_GetWRP1(void)
1364:./Libraries/src/stm32f4xx_flash.c **** {
 565              		.loc 1 1364 1 is_stmt 1 view -0
 566              		.cfi_startproc
 567              		@ args = 0, pretend = 0, frame = 0
 568              		@ frame_needed = 0, uses_anonymous_args = 0
 569              		@ link register save eliminated.
1365:./Libraries/src/stm32f4xx_flash.c ****   /* Return the FLASH write protection Register value */
1366:./Libraries/src/stm32f4xx_flash.c ****   return (*(__IO uint16_t *)(OPTCR1_BYTE2_ADDRESS));
 570              		.loc 1 1366 3 view .LVU111
 571              		.loc 1 1366 11 is_stmt 0 view .LVU112
 572 0000 014B     		ldr	r3, .L56
 573 0002 588B     		ldrh	r0, [r3, #26]
1367:./Libraries/src/stm32f4xx_flash.c **** }
 574              		.loc 1 1367 1 view .LVU113
 575 0004 80B2     		uxth	r0, r0
 576 0006 7047     		bx	lr
 577              	.L57:
 578              		.align	2
 579              	.L56:
 580 0008 003C0240 		.word	1073888256
 581              		.cfi_endproc
 582              	.LFE153:
 584              		.section	.text.FLASH_OB_GetPCROP,"ax",%progbits
 585              		.align	1
 586              		.global	FLASH_OB_GetPCROP
 587              		.syntax unified
 588              		.thumb
 589              		.thumb_func
 591              	FLASH_OB_GetPCROP:
 592              	.LFB154:
1368:./Libraries/src/stm32f4xx_flash.c **** 
1369:./Libraries/src/stm32f4xx_flash.c **** /**
1370:./Libraries/src/stm32f4xx_flash.c ****   * @brief  Returns the FLASH PC Read/Write Protection Option Bytes value.
1371:./Libraries/src/stm32f4xx_flash.c ****   *   
1372:./Libraries/src/stm32f4xx_flash.c ****   * @note   This function can be used only for STM32F42xxx/43xxx devices and STM32F401xx/411xE devi
1373:./Libraries/src/stm32f4xx_flash.c ****   *   
1374:./Libraries/src/stm32f4xx_flash.c ****   * @param  None
1375:./Libraries/src/stm32f4xx_flash.c ****   * @retval The FLASH PC Read/Write Protection Option Bytes value
ARM GAS  /tmp/ccrBRGbZ.s 			page 35


1376:./Libraries/src/stm32f4xx_flash.c ****   */
1377:./Libraries/src/stm32f4xx_flash.c **** uint16_t FLASH_OB_GetPCROP(void)
1378:./Libraries/src/stm32f4xx_flash.c **** {
 593              		.loc 1 1378 1 is_stmt 1 view -0
 594              		.cfi_startproc
 595              		@ args = 0, pretend = 0, frame = 0
 596              		@ frame_needed = 0, uses_anonymous_args = 0
 597              		@ link register save eliminated.
1379:./Libraries/src/stm32f4xx_flash.c ****   /* Return the FLASH PC Read/write protection Register value */
1380:./Libraries/src/stm32f4xx_flash.c ****   return (*(__IO uint16_t *)(OPTCR_BYTE2_ADDRESS));
 598              		.loc 1 1380 3 view .LVU115
 599              		.loc 1 1380 11 is_stmt 0 view .LVU116
 600 0000 014B     		ldr	r3, .L59
 601 0002 D88A     		ldrh	r0, [r3, #22]
1381:./Libraries/src/stm32f4xx_flash.c **** }
 602              		.loc 1 1381 1 view .LVU117
 603 0004 80B2     		uxth	r0, r0
 604 0006 7047     		bx	lr
 605              	.L60:
 606              		.align	2
 607              	.L59:
 608 0008 003C0240 		.word	1073888256
 609              		.cfi_endproc
 610              	.LFE154:
 612              		.section	.text.FLASH_OB_GetPCROP1,"ax",%progbits
 613              		.align	1
 614              		.global	FLASH_OB_GetPCROP1
 615              		.syntax unified
 616              		.thumb
 617              		.thumb_func
 619              	FLASH_OB_GetPCROP1:
 620              	.LFB155:
1382:./Libraries/src/stm32f4xx_flash.c **** 
1383:./Libraries/src/stm32f4xx_flash.c **** /**
1384:./Libraries/src/stm32f4xx_flash.c ****   * @brief  Returns the FLASH PC Read/Write Protection Option Bytes value.
1385:./Libraries/src/stm32f4xx_flash.c ****   *   
1386:./Libraries/src/stm32f4xx_flash.c ****   * @note   This function can be used only for STM32F42xxx/43xxx devices. 
1387:./Libraries/src/stm32f4xx_flash.c ****   *     
1388:./Libraries/src/stm32f4xx_flash.c ****   * @param  None
1389:./Libraries/src/stm32f4xx_flash.c ****   * @retval The FLASH PC Read/Write Protection Option Bytes value
1390:./Libraries/src/stm32f4xx_flash.c ****   */
1391:./Libraries/src/stm32f4xx_flash.c **** uint16_t FLASH_OB_GetPCROP1(void)
1392:./Libraries/src/stm32f4xx_flash.c **** {
 621              		.loc 1 1392 1 is_stmt 1 view -0
 622              		.cfi_startproc
 623              		@ args = 0, pretend = 0, frame = 0
 624              		@ frame_needed = 0, uses_anonymous_args = 0
 625              		@ link register save eliminated.
1393:./Libraries/src/stm32f4xx_flash.c ****   /* Return the FLASH write protection Register value */
1394:./Libraries/src/stm32f4xx_flash.c ****   return (*(__IO uint16_t *)(OPTCR1_BYTE2_ADDRESS));
 626              		.loc 1 1394 3 view .LVU119
 627              		.loc 1 1394 11 is_stmt 0 view .LVU120
 628 0000 014B     		ldr	r3, .L62
 629 0002 588B     		ldrh	r0, [r3, #26]
1395:./Libraries/src/stm32f4xx_flash.c **** }
 630              		.loc 1 1395 1 view .LVU121
 631 0004 80B2     		uxth	r0, r0
ARM GAS  /tmp/ccrBRGbZ.s 			page 36


 632 0006 7047     		bx	lr
 633              	.L63:
 634              		.align	2
 635              	.L62:
 636 0008 003C0240 		.word	1073888256
 637              		.cfi_endproc
 638              	.LFE155:
 640              		.section	.text.FLASH_OB_GetRDP,"ax",%progbits
 641              		.align	1
 642              		.global	FLASH_OB_GetRDP
 643              		.syntax unified
 644              		.thumb
 645              		.thumb_func
 647              	FLASH_OB_GetRDP:
 648              	.LFB156:
1396:./Libraries/src/stm32f4xx_flash.c **** 
1397:./Libraries/src/stm32f4xx_flash.c **** /**
1398:./Libraries/src/stm32f4xx_flash.c ****   * @brief  Returns the FLASH Read Protection level.
1399:./Libraries/src/stm32f4xx_flash.c ****   * @param  None
1400:./Libraries/src/stm32f4xx_flash.c ****   * @retval FLASH ReadOut Protection Status:
1401:./Libraries/src/stm32f4xx_flash.c ****   *           - SET, when OB_RDP_Level_1 or OB_RDP_Level_2 is set
1402:./Libraries/src/stm32f4xx_flash.c ****   *           - RESET, when OB_RDP_Level_0 is set
1403:./Libraries/src/stm32f4xx_flash.c ****   */
1404:./Libraries/src/stm32f4xx_flash.c **** FlagStatus FLASH_OB_GetRDP(void)
1405:./Libraries/src/stm32f4xx_flash.c **** {
 649              		.loc 1 1405 1 is_stmt 1 view -0
 650              		.cfi_startproc
 651              		@ args = 0, pretend = 0, frame = 0
 652              		@ frame_needed = 0, uses_anonymous_args = 0
 653              		@ link register save eliminated.
1406:./Libraries/src/stm32f4xx_flash.c ****   FlagStatus readstatus = RESET;
 654              		.loc 1 1406 3 view .LVU123
 655              	.LVL10:
1407:./Libraries/src/stm32f4xx_flash.c **** 
1408:./Libraries/src/stm32f4xx_flash.c ****   if ((*(__IO uint8_t*)(OPTCR_BYTE1_ADDRESS) != (uint8_t)OB_RDP_Level_0))
 656              		.loc 1 1408 3 view .LVU124
 657              		.loc 1 1408 8 is_stmt 0 view .LVU125
 658 0000 034B     		ldr	r3, .L67
 659 0002 5B7D     		ldrb	r3, [r3, #21]	@ zero_extendqisi2
 660              		.loc 1 1408 6 view .LVU126
 661 0004 AA2B     		cmp	r3, #170
 662 0006 01D0     		beq	.L66
1409:./Libraries/src/stm32f4xx_flash.c ****   {
1410:./Libraries/src/stm32f4xx_flash.c ****     readstatus = SET;
 663              		.loc 1 1410 16 view .LVU127
 664 0008 0120     		movs	r0, #1
 665 000a 7047     		bx	lr
 666              	.L66:
1411:./Libraries/src/stm32f4xx_flash.c ****   }
1412:./Libraries/src/stm32f4xx_flash.c ****   else
1413:./Libraries/src/stm32f4xx_flash.c ****   {
1414:./Libraries/src/stm32f4xx_flash.c ****     readstatus = RESET;
 667              		.loc 1 1414 16 view .LVU128
 668 000c 0020     		movs	r0, #0
 669              	.LVL11:
1415:./Libraries/src/stm32f4xx_flash.c ****   }
1416:./Libraries/src/stm32f4xx_flash.c ****   return readstatus;
ARM GAS  /tmp/ccrBRGbZ.s 			page 37


 670              		.loc 1 1416 3 is_stmt 1 view .LVU129
1417:./Libraries/src/stm32f4xx_flash.c **** }
 671              		.loc 1 1417 1 is_stmt 0 view .LVU130
 672 000e 7047     		bx	lr
 673              	.L68:
 674              		.align	2
 675              	.L67:
 676 0010 003C0240 		.word	1073888256
 677              		.cfi_endproc
 678              	.LFE156:
 680              		.section	.text.FLASH_OB_GetBOR,"ax",%progbits
 681              		.align	1
 682              		.global	FLASH_OB_GetBOR
 683              		.syntax unified
 684              		.thumb
 685              		.thumb_func
 687              	FLASH_OB_GetBOR:
 688              	.LFB157:
1418:./Libraries/src/stm32f4xx_flash.c **** 
1419:./Libraries/src/stm32f4xx_flash.c **** /**
1420:./Libraries/src/stm32f4xx_flash.c ****   * @brief  Returns the FLASH BOR level.
1421:./Libraries/src/stm32f4xx_flash.c ****   * @param  None
1422:./Libraries/src/stm32f4xx_flash.c ****   * @retval The FLASH BOR level:
1423:./Libraries/src/stm32f4xx_flash.c ****   *           - OB_BOR_LEVEL3: Supply voltage ranges from 2.7 to 3.6 V
1424:./Libraries/src/stm32f4xx_flash.c ****   *           - OB_BOR_LEVEL2: Supply voltage ranges from 2.4 to 2.7 V
1425:./Libraries/src/stm32f4xx_flash.c ****   *           - OB_BOR_LEVEL1: Supply voltage ranges from 2.1 to 2.4 V
1426:./Libraries/src/stm32f4xx_flash.c ****   *           - OB_BOR_OFF   : Supply voltage ranges from 1.62 to 2.1 V  
1427:./Libraries/src/stm32f4xx_flash.c ****   */
1428:./Libraries/src/stm32f4xx_flash.c **** uint8_t FLASH_OB_GetBOR(void)
1429:./Libraries/src/stm32f4xx_flash.c **** {
 689              		.loc 1 1429 1 is_stmt 1 view -0
 690              		.cfi_startproc
 691              		@ args = 0, pretend = 0, frame = 0
 692              		@ frame_needed = 0, uses_anonymous_args = 0
 693              		@ link register save eliminated.
1430:./Libraries/src/stm32f4xx_flash.c ****   /* Return the FLASH BOR level */
1431:./Libraries/src/stm32f4xx_flash.c ****   return (uint8_t)(*(__IO uint8_t *)(OPTCR_BYTE0_ADDRESS) & (uint8_t)0x0C);
 694              		.loc 1 1431 3 view .LVU132
 695              		.loc 1 1431 10 is_stmt 0 view .LVU133
 696 0000 024B     		ldr	r3, .L70
 697 0002 187D     		ldrb	r0, [r3, #20]	@ zero_extendqisi2
1432:./Libraries/src/stm32f4xx_flash.c **** }
 698              		.loc 1 1432 1 view .LVU134
 699 0004 00F00C00 		and	r0, r0, #12
 700 0008 7047     		bx	lr
 701              	.L71:
 702 000a 00BF     		.align	2
 703              	.L70:
 704 000c 003C0240 		.word	1073888256
 705              		.cfi_endproc
 706              	.LFE157:
 708              		.section	.text.FLASH_ITConfig,"ax",%progbits
 709              		.align	1
 710              		.global	FLASH_ITConfig
 711              		.syntax unified
 712              		.thumb
 713              		.thumb_func
ARM GAS  /tmp/ccrBRGbZ.s 			page 38


 715              	FLASH_ITConfig:
 716              	.LVL12:
 717              	.LFB158:
1433:./Libraries/src/stm32f4xx_flash.c **** 
1434:./Libraries/src/stm32f4xx_flash.c **** /**
1435:./Libraries/src/stm32f4xx_flash.c ****   * @}
1436:./Libraries/src/stm32f4xx_flash.c ****   */
1437:./Libraries/src/stm32f4xx_flash.c **** 
1438:./Libraries/src/stm32f4xx_flash.c **** /** @defgroup FLASH_Group4 Interrupts and flags management functions
1439:./Libraries/src/stm32f4xx_flash.c ****  *  @brief   Interrupts and flags management functions
1440:./Libraries/src/stm32f4xx_flash.c ****  *
1441:./Libraries/src/stm32f4xx_flash.c **** @verbatim   
1442:./Libraries/src/stm32f4xx_flash.c ****  ===============================================================================
1443:./Libraries/src/stm32f4xx_flash.c ****               ##### Interrupts and flags management functions #####
1444:./Libraries/src/stm32f4xx_flash.c ****  ===============================================================================  
1445:./Libraries/src/stm32f4xx_flash.c **** @endverbatim
1446:./Libraries/src/stm32f4xx_flash.c ****   * @{
1447:./Libraries/src/stm32f4xx_flash.c ****   */
1448:./Libraries/src/stm32f4xx_flash.c **** 
1449:./Libraries/src/stm32f4xx_flash.c **** /**
1450:./Libraries/src/stm32f4xx_flash.c ****   * @brief  Enables or disables the specified FLASH interrupts.
1451:./Libraries/src/stm32f4xx_flash.c ****   * @param  FLASH_IT: specifies the FLASH interrupt sources to be enabled or disabled.
1452:./Libraries/src/stm32f4xx_flash.c ****   *          This parameter can be any combination of the following values:
1453:./Libraries/src/stm32f4xx_flash.c ****   *            @arg FLASH_IT_ERR: FLASH Error Interrupt
1454:./Libraries/src/stm32f4xx_flash.c ****   *            @arg FLASH_IT_EOP: FLASH end of operation Interrupt
1455:./Libraries/src/stm32f4xx_flash.c ****   * @retval None 
1456:./Libraries/src/stm32f4xx_flash.c ****   */
1457:./Libraries/src/stm32f4xx_flash.c **** void FLASH_ITConfig(uint32_t FLASH_IT, FunctionalState NewState)
1458:./Libraries/src/stm32f4xx_flash.c **** {
 718              		.loc 1 1458 1 is_stmt 1 view -0
 719              		.cfi_startproc
 720              		@ args = 0, pretend = 0, frame = 0
 721              		@ frame_needed = 0, uses_anonymous_args = 0
 722              		@ link register save eliminated.
1459:./Libraries/src/stm32f4xx_flash.c ****   /* Check the parameters */
1460:./Libraries/src/stm32f4xx_flash.c ****   assert_param(IS_FLASH_IT(FLASH_IT)); 
 723              		.loc 1 1460 3 view .LVU136
1461:./Libraries/src/stm32f4xx_flash.c ****   assert_param(IS_FUNCTIONAL_STATE(NewState));
 724              		.loc 1 1461 3 view .LVU137
1462:./Libraries/src/stm32f4xx_flash.c **** 
1463:./Libraries/src/stm32f4xx_flash.c ****   if(NewState != DISABLE)
 725              		.loc 1 1463 3 view .LVU138
 726              		.loc 1 1463 5 is_stmt 0 view .LVU139
 727 0000 21B1     		cbz	r1, .L73
1464:./Libraries/src/stm32f4xx_flash.c ****   {
1465:./Libraries/src/stm32f4xx_flash.c ****     /* Enable the interrupt sources */
1466:./Libraries/src/stm32f4xx_flash.c ****     FLASH->CR |= FLASH_IT;
 728              		.loc 1 1466 5 is_stmt 1 view .LVU140
 729              		.loc 1 1466 10 is_stmt 0 view .LVU141
 730 0002 054A     		ldr	r2, .L75
 731 0004 1369     		ldr	r3, [r2, #16]
 732              		.loc 1 1466 15 view .LVU142
 733 0006 0343     		orrs	r3, r3, r0
 734 0008 1361     		str	r3, [r2, #16]
 735 000a 7047     		bx	lr
 736              	.L73:
1467:./Libraries/src/stm32f4xx_flash.c ****   }
ARM GAS  /tmp/ccrBRGbZ.s 			page 39


1468:./Libraries/src/stm32f4xx_flash.c ****   else
1469:./Libraries/src/stm32f4xx_flash.c ****   {
1470:./Libraries/src/stm32f4xx_flash.c ****     /* Disable the interrupt sources */
1471:./Libraries/src/stm32f4xx_flash.c ****     FLASH->CR &= ~(uint32_t)FLASH_IT;
 737              		.loc 1 1471 5 is_stmt 1 view .LVU143
 738              		.loc 1 1471 10 is_stmt 0 view .LVU144
 739 000c 024A     		ldr	r2, .L75
 740 000e 1369     		ldr	r3, [r2, #16]
 741              		.loc 1 1471 15 view .LVU145
 742 0010 23EA0003 		bic	r3, r3, r0
 743 0014 1361     		str	r3, [r2, #16]
1472:./Libraries/src/stm32f4xx_flash.c ****   }
1473:./Libraries/src/stm32f4xx_flash.c **** }
 744              		.loc 1 1473 1 view .LVU146
 745 0016 7047     		bx	lr
 746              	.L76:
 747              		.align	2
 748              	.L75:
 749 0018 003C0240 		.word	1073888256
 750              		.cfi_endproc
 751              	.LFE158:
 753              		.section	.text.FLASH_GetFlagStatus,"ax",%progbits
 754              		.align	1
 755              		.global	FLASH_GetFlagStatus
 756              		.syntax unified
 757              		.thumb
 758              		.thumb_func
 760              	FLASH_GetFlagStatus:
 761              	.LVL13:
 762              	.LFB159:
1474:./Libraries/src/stm32f4xx_flash.c **** 
1475:./Libraries/src/stm32f4xx_flash.c **** /**
1476:./Libraries/src/stm32f4xx_flash.c ****   * @brief  Checks whether the specified FLASH flag is set or not.
1477:./Libraries/src/stm32f4xx_flash.c ****   * @param  FLASH_FLAG: specifies the FLASH flag to check.
1478:./Libraries/src/stm32f4xx_flash.c ****   *          This parameter can be one of the following values:
1479:./Libraries/src/stm32f4xx_flash.c ****   *            @arg FLASH_FLAG_EOP: FLASH End of Operation flag 
1480:./Libraries/src/stm32f4xx_flash.c ****   *            @arg FLASH_FLAG_OPERR: FLASH operation Error flag 
1481:./Libraries/src/stm32f4xx_flash.c ****   *            @arg FLASH_FLAG_WRPERR: FLASH Write protected error flag 
1482:./Libraries/src/stm32f4xx_flash.c ****   *            @arg FLASH_FLAG_PGAERR: FLASH Programming Alignment error flag
1483:./Libraries/src/stm32f4xx_flash.c ****   *            @arg FLASH_FLAG_PGPERR: FLASH Programming Parallelism error flag
1484:./Libraries/src/stm32f4xx_flash.c ****   *            @arg FLASH_FLAG_PGSERR: FLASH Programming Sequence error flag
1485:./Libraries/src/stm32f4xx_flash.c ****   *            @arg FLASH_FLAG_RDERR: FLASH (PCROP) Read Protection error flag (STM32F42xx/43xxx an
1486:./Libraries/src/stm32f4xx_flash.c ****   *            @arg FLASH_FLAG_BSY: FLASH Busy flag
1487:./Libraries/src/stm32f4xx_flash.c ****   * @retval The new state of FLASH_FLAG (SET or RESET).
1488:./Libraries/src/stm32f4xx_flash.c ****   */
1489:./Libraries/src/stm32f4xx_flash.c **** FlagStatus FLASH_GetFlagStatus(uint32_t FLASH_FLAG)
1490:./Libraries/src/stm32f4xx_flash.c **** {
 763              		.loc 1 1490 1 is_stmt 1 view -0
 764              		.cfi_startproc
 765              		@ args = 0, pretend = 0, frame = 0
 766              		@ frame_needed = 0, uses_anonymous_args = 0
 767              		@ link register save eliminated.
1491:./Libraries/src/stm32f4xx_flash.c ****   FlagStatus bitstatus = RESET;
 768              		.loc 1 1491 3 view .LVU148
1492:./Libraries/src/stm32f4xx_flash.c ****   /* Check the parameters */
1493:./Libraries/src/stm32f4xx_flash.c ****   assert_param(IS_FLASH_GET_FLAG(FLASH_FLAG));
 769              		.loc 1 1493 3 view .LVU149
ARM GAS  /tmp/ccrBRGbZ.s 			page 40


1494:./Libraries/src/stm32f4xx_flash.c **** 
1495:./Libraries/src/stm32f4xx_flash.c ****   if((FLASH->SR & FLASH_FLAG) != (uint32_t)RESET)
 770              		.loc 1 1495 3 view .LVU150
 771              		.loc 1 1495 12 is_stmt 0 view .LVU151
 772 0000 034B     		ldr	r3, .L80
 773 0002 DB68     		ldr	r3, [r3, #12]
 774              		.loc 1 1495 5 view .LVU152
 775 0004 0342     		tst	r3, r0
 776 0006 01D0     		beq	.L79
1496:./Libraries/src/stm32f4xx_flash.c ****   {
1497:./Libraries/src/stm32f4xx_flash.c ****     bitstatus = SET;
 777              		.loc 1 1497 15 view .LVU153
 778 0008 0120     		movs	r0, #1
 779              	.LVL14:
 780              		.loc 1 1497 15 view .LVU154
 781 000a 7047     		bx	lr
 782              	.LVL15:
 783              	.L79:
1498:./Libraries/src/stm32f4xx_flash.c ****   }
1499:./Libraries/src/stm32f4xx_flash.c ****   else
1500:./Libraries/src/stm32f4xx_flash.c ****   {
1501:./Libraries/src/stm32f4xx_flash.c ****     bitstatus = RESET;
 784              		.loc 1 1501 15 view .LVU155
 785 000c 0020     		movs	r0, #0
 786              	.LVL16:
1502:./Libraries/src/stm32f4xx_flash.c ****   }
1503:./Libraries/src/stm32f4xx_flash.c ****   /* Return the new state of FLASH_FLAG (SET or RESET) */
1504:./Libraries/src/stm32f4xx_flash.c ****   return bitstatus; 
 787              		.loc 1 1504 3 is_stmt 1 view .LVU156
1505:./Libraries/src/stm32f4xx_flash.c **** }
 788              		.loc 1 1505 1 is_stmt 0 view .LVU157
 789 000e 7047     		bx	lr
 790              	.L81:
 791              		.align	2
 792              	.L80:
 793 0010 003C0240 		.word	1073888256
 794              		.cfi_endproc
 795              	.LFE159:
 797              		.section	.text.FLASH_ClearFlag,"ax",%progbits
 798              		.align	1
 799              		.global	FLASH_ClearFlag
 800              		.syntax unified
 801              		.thumb
 802              		.thumb_func
 804              	FLASH_ClearFlag:
 805              	.LVL17:
 806              	.LFB160:
1506:./Libraries/src/stm32f4xx_flash.c **** 
1507:./Libraries/src/stm32f4xx_flash.c **** /**
1508:./Libraries/src/stm32f4xx_flash.c ****   * @brief  Clears the FLASH's pending flags.
1509:./Libraries/src/stm32f4xx_flash.c ****   * @param  FLASH_FLAG: specifies the FLASH flags to clear.
1510:./Libraries/src/stm32f4xx_flash.c ****   *          This parameter can be any combination of the following values:
1511:./Libraries/src/stm32f4xx_flash.c ****   *            @arg FLASH_FLAG_EOP: FLASH End of Operation flag 
1512:./Libraries/src/stm32f4xx_flash.c ****   *            @arg FLASH_FLAG_OPERR: FLASH operation Error flag 
1513:./Libraries/src/stm32f4xx_flash.c ****   *            @arg FLASH_FLAG_WRPERR: FLASH Write protected error flag 
1514:./Libraries/src/stm32f4xx_flash.c ****   *            @arg FLASH_FLAG_PGAERR: FLASH Programming Alignment error flag 
1515:./Libraries/src/stm32f4xx_flash.c ****   *            @arg FLASH_FLAG_PGPERR: FLASH Programming Parallelism error flag
ARM GAS  /tmp/ccrBRGbZ.s 			page 41


1516:./Libraries/src/stm32f4xx_flash.c ****   *            @arg FLASH_FLAG_PGSERR: FLASH Programming Sequence error flag
1517:./Libraries/src/stm32f4xx_flash.c ****   *            @arg FLASH_FLAG_RDERR: FLASH Read Protection error flag (STM32F42xx/43xxx and STM32F
1518:./Libraries/src/stm32f4xx_flash.c ****   * @retval None
1519:./Libraries/src/stm32f4xx_flash.c ****   */
1520:./Libraries/src/stm32f4xx_flash.c **** void FLASH_ClearFlag(uint32_t FLASH_FLAG)
1521:./Libraries/src/stm32f4xx_flash.c **** {
 807              		.loc 1 1521 1 is_stmt 1 view -0
 808              		.cfi_startproc
 809              		@ args = 0, pretend = 0, frame = 0
 810              		@ frame_needed = 0, uses_anonymous_args = 0
 811              		@ link register save eliminated.
1522:./Libraries/src/stm32f4xx_flash.c ****   /* Check the parameters */
1523:./Libraries/src/stm32f4xx_flash.c ****   assert_param(IS_FLASH_CLEAR_FLAG(FLASH_FLAG));
 812              		.loc 1 1523 3 view .LVU159
1524:./Libraries/src/stm32f4xx_flash.c ****   
1525:./Libraries/src/stm32f4xx_flash.c ****   /* Clear the flags */
1526:./Libraries/src/stm32f4xx_flash.c ****   FLASH->SR = FLASH_FLAG;
 813              		.loc 1 1526 3 view .LVU160
 814              		.loc 1 1526 13 is_stmt 0 view .LVU161
 815 0000 014B     		ldr	r3, .L83
 816 0002 D860     		str	r0, [r3, #12]
1527:./Libraries/src/stm32f4xx_flash.c **** }
 817              		.loc 1 1527 1 view .LVU162
 818 0004 7047     		bx	lr
 819              	.L84:
 820 0006 00BF     		.align	2
 821              	.L83:
 822 0008 003C0240 		.word	1073888256
 823              		.cfi_endproc
 824              	.LFE160:
 826              		.section	.text.FLASH_GetStatus,"ax",%progbits
 827              		.align	1
 828              		.global	FLASH_GetStatus
 829              		.syntax unified
 830              		.thumb
 831              		.thumb_func
 833              	FLASH_GetStatus:
 834              	.LFB161:
1528:./Libraries/src/stm32f4xx_flash.c **** 
1529:./Libraries/src/stm32f4xx_flash.c **** /**
1530:./Libraries/src/stm32f4xx_flash.c ****   * @brief  Returns the FLASH Status.
1531:./Libraries/src/stm32f4xx_flash.c ****   * @param  None
1532:./Libraries/src/stm32f4xx_flash.c ****   * @retval FLASH Status: The returned value can be: FLASH_BUSY, FLASH_ERROR_PROGRAM,
1533:./Libraries/src/stm32f4xx_flash.c ****   *                       FLASH_ERROR_WRP, FLASH_ERROR_RD, FLASH_ERROR_OPERATION or FLASH_COMPLETE.
1534:./Libraries/src/stm32f4xx_flash.c ****   */
1535:./Libraries/src/stm32f4xx_flash.c **** FLASH_Status FLASH_GetStatus(void)
1536:./Libraries/src/stm32f4xx_flash.c **** {
 835              		.loc 1 1536 1 is_stmt 1 view -0
 836              		.cfi_startproc
 837              		@ args = 0, pretend = 0, frame = 0
 838              		@ frame_needed = 0, uses_anonymous_args = 0
 839              		@ link register save eliminated.
1537:./Libraries/src/stm32f4xx_flash.c ****   FLASH_Status flashstatus = FLASH_COMPLETE;
 840              		.loc 1 1537 3 view .LVU164
 841              	.LVL18:
1538:./Libraries/src/stm32f4xx_flash.c ****   
1539:./Libraries/src/stm32f4xx_flash.c ****   if((FLASH->SR & FLASH_FLAG_BSY) == FLASH_FLAG_BSY) 
ARM GAS  /tmp/ccrBRGbZ.s 			page 42


 842              		.loc 1 1539 3 view .LVU165
 843              		.loc 1 1539 12 is_stmt 0 view .LVU166
 844 0000 124B     		ldr	r3, .L92
 845 0002 DB68     		ldr	r3, [r3, #12]
 846              		.loc 1 1539 5 view .LVU167
 847 0004 13F4803F 		tst	r3, #65536
 848 0008 15D1     		bne	.L87
1540:./Libraries/src/stm32f4xx_flash.c ****   {
1541:./Libraries/src/stm32f4xx_flash.c ****     flashstatus = FLASH_BUSY;
1542:./Libraries/src/stm32f4xx_flash.c ****   }
1543:./Libraries/src/stm32f4xx_flash.c ****   else 
1544:./Libraries/src/stm32f4xx_flash.c ****   {  
1545:./Libraries/src/stm32f4xx_flash.c ****     if((FLASH->SR & FLASH_FLAG_WRPERR) != (uint32_t)0x00)
 849              		.loc 1 1545 5 is_stmt 1 view .LVU168
 850              		.loc 1 1545 14 is_stmt 0 view .LVU169
 851 000a 104B     		ldr	r3, .L92
 852 000c DB68     		ldr	r3, [r3, #12]
 853              		.loc 1 1545 7 view .LVU170
 854 000e 13F0100F 		tst	r3, #16
 855 0012 12D1     		bne	.L88
1546:./Libraries/src/stm32f4xx_flash.c ****     { 
1547:./Libraries/src/stm32f4xx_flash.c ****       flashstatus = FLASH_ERROR_WRP;
1548:./Libraries/src/stm32f4xx_flash.c ****     }
1549:./Libraries/src/stm32f4xx_flash.c ****     else
1550:./Libraries/src/stm32f4xx_flash.c ****     {
1551:./Libraries/src/stm32f4xx_flash.c ****       if((FLASH->SR & FLASH_FLAG_RDERR) != (uint32_t)0x00)
 856              		.loc 1 1551 7 is_stmt 1 view .LVU171
 857              		.loc 1 1551 16 is_stmt 0 view .LVU172
 858 0014 0D4B     		ldr	r3, .L92
 859 0016 DB68     		ldr	r3, [r3, #12]
 860              		.loc 1 1551 9 view .LVU173
 861 0018 13F4807F 		tst	r3, #256
 862 001c 0FD1     		bne	.L89
1552:./Libraries/src/stm32f4xx_flash.c ****       { 
1553:./Libraries/src/stm32f4xx_flash.c ****         flashstatus = FLASH_ERROR_RD;
1554:./Libraries/src/stm32f4xx_flash.c ****       } 
1555:./Libraries/src/stm32f4xx_flash.c ****       else 
1556:./Libraries/src/stm32f4xx_flash.c ****       {
1557:./Libraries/src/stm32f4xx_flash.c ****         if((FLASH->SR & (uint32_t)0xE0) != (uint32_t)0x00)
 863              		.loc 1 1557 9 is_stmt 1 view .LVU174
 864              		.loc 1 1557 18 is_stmt 0 view .LVU175
 865 001e 0B4B     		ldr	r3, .L92
 866 0020 DB68     		ldr	r3, [r3, #12]
 867              		.loc 1 1557 11 view .LVU176
 868 0022 13F0E00F 		tst	r3, #224
 869 0026 0CD1     		bne	.L90
1558:./Libraries/src/stm32f4xx_flash.c ****         {
1559:./Libraries/src/stm32f4xx_flash.c ****           flashstatus = FLASH_ERROR_PROGRAM; 
1560:./Libraries/src/stm32f4xx_flash.c ****         }
1561:./Libraries/src/stm32f4xx_flash.c ****         else
1562:./Libraries/src/stm32f4xx_flash.c ****         {
1563:./Libraries/src/stm32f4xx_flash.c ****           if((FLASH->SR & FLASH_FLAG_OPERR) != (uint32_t)0x00)
 870              		.loc 1 1563 11 is_stmt 1 view .LVU177
 871              		.loc 1 1563 20 is_stmt 0 view .LVU178
 872 0028 084B     		ldr	r3, .L92
 873 002a DB68     		ldr	r3, [r3, #12]
 874              		.loc 1 1563 13 view .LVU179
ARM GAS  /tmp/ccrBRGbZ.s 			page 43


 875 002c 13F0020F 		tst	r3, #2
 876 0030 09D0     		beq	.L91
1564:./Libraries/src/stm32f4xx_flash.c ****           {
1565:./Libraries/src/stm32f4xx_flash.c ****             flashstatus = FLASH_ERROR_OPERATION;
 877              		.loc 1 1565 25 view .LVU180
 878 0032 0820     		movs	r0, #8
 879 0034 7047     		bx	lr
 880              	.L87:
1541:./Libraries/src/stm32f4xx_flash.c ****   }
 881              		.loc 1 1541 17 view .LVU181
 882 0036 0120     		movs	r0, #1
 883 0038 7047     		bx	lr
 884              	.L88:
1547:./Libraries/src/stm32f4xx_flash.c ****     }
 885              		.loc 1 1547 19 view .LVU182
 886 003a 0620     		movs	r0, #6
 887 003c 7047     		bx	lr
 888              	.L89:
1553:./Libraries/src/stm32f4xx_flash.c ****       } 
 889              		.loc 1 1553 21 view .LVU183
 890 003e 0220     		movs	r0, #2
 891 0040 7047     		bx	lr
 892              	.L90:
1559:./Libraries/src/stm32f4xx_flash.c ****         }
 893              		.loc 1 1559 23 view .LVU184
 894 0042 0720     		movs	r0, #7
 895 0044 7047     		bx	lr
 896              	.L91:
1566:./Libraries/src/stm32f4xx_flash.c ****           }
1567:./Libraries/src/stm32f4xx_flash.c ****           else
1568:./Libraries/src/stm32f4xx_flash.c ****           {
1569:./Libraries/src/stm32f4xx_flash.c ****             flashstatus = FLASH_COMPLETE;
 897              		.loc 1 1569 25 view .LVU185
 898 0046 0920     		movs	r0, #9
 899              	.LVL19:
1570:./Libraries/src/stm32f4xx_flash.c ****           }
1571:./Libraries/src/stm32f4xx_flash.c ****         }
1572:./Libraries/src/stm32f4xx_flash.c ****       }
1573:./Libraries/src/stm32f4xx_flash.c ****     }
1574:./Libraries/src/stm32f4xx_flash.c ****   }
1575:./Libraries/src/stm32f4xx_flash.c ****   /* Return the FLASH Status */
1576:./Libraries/src/stm32f4xx_flash.c ****   return flashstatus;
 900              		.loc 1 1576 3 is_stmt 1 view .LVU186
1577:./Libraries/src/stm32f4xx_flash.c **** }
 901              		.loc 1 1577 1 is_stmt 0 view .LVU187
 902 0048 7047     		bx	lr
 903              	.L93:
 904 004a 00BF     		.align	2
 905              	.L92:
 906 004c 003C0240 		.word	1073888256
 907              		.cfi_endproc
 908              	.LFE161:
 910              		.section	.text.FLASH_WaitForLastOperation,"ax",%progbits
 911              		.align	1
 912              		.global	FLASH_WaitForLastOperation
 913              		.syntax unified
 914              		.thumb
ARM GAS  /tmp/ccrBRGbZ.s 			page 44


 915              		.thumb_func
 917              	FLASH_WaitForLastOperation:
 918              	.LFB162:
1578:./Libraries/src/stm32f4xx_flash.c **** 
1579:./Libraries/src/stm32f4xx_flash.c **** /**
1580:./Libraries/src/stm32f4xx_flash.c ****   * @brief  Waits for a FLASH operation to complete.
1581:./Libraries/src/stm32f4xx_flash.c ****   * @param  None
1582:./Libraries/src/stm32f4xx_flash.c ****   * @retval FLASH Status: The returned value can be: FLASH_BUSY, FLASH_ERROR_PROGRAM,
1583:./Libraries/src/stm32f4xx_flash.c ****   *                       FLASH_ERROR_WRP, FLASH_ERROR_OPERATION or FLASH_COMPLETE.
1584:./Libraries/src/stm32f4xx_flash.c ****   */
1585:./Libraries/src/stm32f4xx_flash.c **** FLASH_Status FLASH_WaitForLastOperation(void)
1586:./Libraries/src/stm32f4xx_flash.c **** { 
 919              		.loc 1 1586 1 is_stmt 1 view -0
 920              		.cfi_startproc
 921              		@ args = 0, pretend = 0, frame = 8
 922              		@ frame_needed = 0, uses_anonymous_args = 0
 923 0000 00B5     		push	{lr}
 924              	.LCFI0:
 925              		.cfi_def_cfa_offset 4
 926              		.cfi_offset 14, -4
 927 0002 83B0     		sub	sp, sp, #12
 928              	.LCFI1:
 929              		.cfi_def_cfa_offset 16
1587:./Libraries/src/stm32f4xx_flash.c ****   __IO FLASH_Status status = FLASH_COMPLETE;
 930              		.loc 1 1587 3 view .LVU189
 931              		.loc 1 1587 21 is_stmt 0 view .LVU190
 932 0004 0923     		movs	r3, #9
 933 0006 8DF80730 		strb	r3, [sp, #7]
1588:./Libraries/src/stm32f4xx_flash.c ****    
1589:./Libraries/src/stm32f4xx_flash.c ****   /* Check for the FLASH Status */
1590:./Libraries/src/stm32f4xx_flash.c ****   status = FLASH_GetStatus();
 934              		.loc 1 1590 3 is_stmt 1 view .LVU191
 935              		.loc 1 1590 12 is_stmt 0 view .LVU192
 936 000a FFF7FEFF 		bl	FLASH_GetStatus
 937              	.LVL20:
 938              		.loc 1 1590 10 discriminator 1 view .LVU193
 939 000e 8DF80700 		strb	r0, [sp, #7]
1591:./Libraries/src/stm32f4xx_flash.c **** 
1592:./Libraries/src/stm32f4xx_flash.c ****   /* Wait for the FLASH operation to complete by polling on BUSY flag to be reset.
1593:./Libraries/src/stm32f4xx_flash.c ****      Even if the FLASH operation fails, the BUSY flag will be reset and an error
1594:./Libraries/src/stm32f4xx_flash.c ****      flag will be set */
1595:./Libraries/src/stm32f4xx_flash.c ****   while(status == FLASH_BUSY)
 940              		.loc 1 1595 3 is_stmt 1 view .LVU194
 941              		.loc 1 1595 8 is_stmt 0 view .LVU195
 942 0012 03E0     		b	.L95
 943              	.L96:
1596:./Libraries/src/stm32f4xx_flash.c ****   {
1597:./Libraries/src/stm32f4xx_flash.c ****     status = FLASH_GetStatus();
 944              		.loc 1 1597 5 is_stmt 1 view .LVU196
 945              		.loc 1 1597 14 is_stmt 0 view .LVU197
 946 0014 FFF7FEFF 		bl	FLASH_GetStatus
 947              	.LVL21:
 948              		.loc 1 1597 12 discriminator 1 view .LVU198
 949 0018 8DF80700 		strb	r0, [sp, #7]
 950              	.L95:
1595:./Libraries/src/stm32f4xx_flash.c ****   {
 951              		.loc 1 1595 16 is_stmt 1 view .LVU199
ARM GAS  /tmp/ccrBRGbZ.s 			page 45


 952 001c 9DF80730 		ldrb	r3, [sp, #7]	@ zero_extendqisi2
 953 0020 012B     		cmp	r3, #1
 954 0022 F7D0     		beq	.L96
1598:./Libraries/src/stm32f4xx_flash.c ****   }
1599:./Libraries/src/stm32f4xx_flash.c ****   /* Return the operation status */
1600:./Libraries/src/stm32f4xx_flash.c ****   return status;
 955              		.loc 1 1600 3 view .LVU200
 956              		.loc 1 1600 10 is_stmt 0 view .LVU201
 957 0024 9DF80700 		ldrb	r0, [sp, #7]	@ zero_extendqisi2
1601:./Libraries/src/stm32f4xx_flash.c **** }
 958              		.loc 1 1601 1 view .LVU202
 959 0028 03B0     		add	sp, sp, #12
 960              	.LCFI2:
 961              		.cfi_def_cfa_offset 4
 962              		@ sp needed
 963 002a 5DF804FB 		ldr	pc, [sp], #4
 964              		.cfi_endproc
 965              	.LFE162:
 967              		.section	.text.FLASH_EraseSector,"ax",%progbits
 968              		.align	1
 969              		.global	FLASH_EraseSector
 970              		.syntax unified
 971              		.thumb
 972              		.thumb_func
 974              	FLASH_EraseSector:
 975              	.LVL22:
 976              	.LFB131:
 476:./Libraries/src/stm32f4xx_flash.c ****   uint32_t tmp_psize = 0x0;
 977              		.loc 1 476 1 is_stmt 1 view -0
 978              		.cfi_startproc
 979              		@ args = 0, pretend = 0, frame = 0
 980              		@ frame_needed = 0, uses_anonymous_args = 0
 476:./Libraries/src/stm32f4xx_flash.c ****   uint32_t tmp_psize = 0x0;
 981              		.loc 1 476 1 is_stmt 0 view .LVU204
 982 0000 70B5     		push	{r4, r5, r6, lr}
 983              	.LCFI3:
 984              		.cfi_def_cfa_offset 16
 985              		.cfi_offset 4, -16
 986              		.cfi_offset 5, -12
 987              		.cfi_offset 6, -8
 988              		.cfi_offset 14, -4
 989 0002 0446     		mov	r4, r0
 477:./Libraries/src/stm32f4xx_flash.c ****   FLASH_Status status = FLASH_COMPLETE;
 990              		.loc 1 477 3 is_stmt 1 view .LVU205
 991              	.LVL23:
 478:./Libraries/src/stm32f4xx_flash.c **** 
 992              		.loc 1 478 3 view .LVU206
 481:./Libraries/src/stm32f4xx_flash.c ****   assert_param(IS_VOLTAGERANGE(VoltageRange));
 993              		.loc 1 481 3 view .LVU207
 482:./Libraries/src/stm32f4xx_flash.c ****   
 994              		.loc 1 482 3 view .LVU208
 484:./Libraries/src/stm32f4xx_flash.c ****   {
 995              		.loc 1 484 3 view .LVU209
 996 0004 0129     		cmp	r1, #1
 997 0006 04D0     		beq	.L101
 998 0008 0229     		cmp	r1, #2
 999 000a 05D0     		beq	.L102
ARM GAS  /tmp/ccrBRGbZ.s 			page 46


 1000 000c 59B9     		cbnz	r1, .L103
 476:./Libraries/src/stm32f4xx_flash.c ****   uint32_t tmp_psize = 0x0;
 1001              		.loc 1 476 1 is_stmt 0 view .LVU210
 1002 000e 0026     		movs	r6, #0
 1003 0010 04E0     		b	.L99
 1004              	.L101:
 1005 0012 4FF48076 		mov	r6, #256
 1006 0016 01E0     		b	.L99
 1007              	.L102:
 1008 0018 4FF40076 		mov	r6, #512
 1009              	.L99:
 1010              	.LVL24:
 501:./Libraries/src/stm32f4xx_flash.c ****   
 1011              		.loc 1 501 3 is_stmt 1 view .LVU211
 501:./Libraries/src/stm32f4xx_flash.c ****   
 1012              		.loc 1 501 12 is_stmt 0 view .LVU212
 1013 001c FFF7FEFF 		bl	FLASH_WaitForLastOperation
 1014              	.LVL25:
 503:./Libraries/src/stm32f4xx_flash.c ****   { 
 1015              		.loc 1 503 3 is_stmt 1 view .LVU213
 503:./Libraries/src/stm32f4xx_flash.c ****   { 
 1016              		.loc 1 503 5 is_stmt 0 view .LVU214
 1017 0020 0928     		cmp	r0, #9
 1018 0022 03D0     		beq	.L105
 1019              	.L100:
 520:./Libraries/src/stm32f4xx_flash.c **** }
 1020              		.loc 1 520 3 is_stmt 1 view .LVU215
 521:./Libraries/src/stm32f4xx_flash.c **** 
 1021              		.loc 1 521 1 is_stmt 0 view .LVU216
 1022 0024 70BD     		pop	{r4, r5, r6, pc}
 1023              	.LVL26:
 1024              	.L103:
 476:./Libraries/src/stm32f4xx_flash.c ****   uint32_t tmp_psize = 0x0;
 1025              		.loc 1 476 1 view .LVU217
 1026 0026 4FF44076 		mov	r6, #768
 1027 002a F7E7     		b	.L99
 1028              	.LVL27:
 1029              	.L105:
 506:./Libraries/src/stm32f4xx_flash.c ****     FLASH->CR |= tmp_psize;
 1030              		.loc 1 506 5 is_stmt 1 view .LVU218
 506:./Libraries/src/stm32f4xx_flash.c ****     FLASH->CR |= tmp_psize;
 1031              		.loc 1 506 10 is_stmt 0 view .LVU219
 1032 002c 0F4D     		ldr	r5, .L106
 1033 002e 2B69     		ldr	r3, [r5, #16]
 506:./Libraries/src/stm32f4xx_flash.c ****     FLASH->CR |= tmp_psize;
 1034              		.loc 1 506 15 view .LVU220
 1035 0030 23F44073 		bic	r3, r3, #768
 1036 0034 2B61     		str	r3, [r5, #16]
 507:./Libraries/src/stm32f4xx_flash.c ****     FLASH->CR &= SECTOR_MASK;
 1037              		.loc 1 507 5 is_stmt 1 view .LVU221
 507:./Libraries/src/stm32f4xx_flash.c ****     FLASH->CR &= SECTOR_MASK;
 1038              		.loc 1 507 10 is_stmt 0 view .LVU222
 1039 0036 2B69     		ldr	r3, [r5, #16]
 507:./Libraries/src/stm32f4xx_flash.c ****     FLASH->CR &= SECTOR_MASK;
 1040              		.loc 1 507 15 view .LVU223
 1041 0038 3343     		orrs	r3, r3, r6
 1042 003a 2B61     		str	r3, [r5, #16]
ARM GAS  /tmp/ccrBRGbZ.s 			page 47


 508:./Libraries/src/stm32f4xx_flash.c ****     FLASH->CR |= FLASH_CR_SER | FLASH_Sector;
 1043              		.loc 1 508 5 is_stmt 1 view .LVU224
 508:./Libraries/src/stm32f4xx_flash.c ****     FLASH->CR |= FLASH_CR_SER | FLASH_Sector;
 1044              		.loc 1 508 10 is_stmt 0 view .LVU225
 1045 003c 2B69     		ldr	r3, [r5, #16]
 508:./Libraries/src/stm32f4xx_flash.c ****     FLASH->CR |= FLASH_CR_SER | FLASH_Sector;
 1046              		.loc 1 508 15 view .LVU226
 1047 003e 23F0F803 		bic	r3, r3, #248
 1048 0042 2B61     		str	r3, [r5, #16]
 509:./Libraries/src/stm32f4xx_flash.c ****     FLASH->CR |= FLASH_CR_STRT;
 1049              		.loc 1 509 5 is_stmt 1 view .LVU227
 509:./Libraries/src/stm32f4xx_flash.c ****     FLASH->CR |= FLASH_CR_STRT;
 1050              		.loc 1 509 10 is_stmt 0 view .LVU228
 1051 0044 2B69     		ldr	r3, [r5, #16]
 509:./Libraries/src/stm32f4xx_flash.c ****     FLASH->CR |= FLASH_CR_STRT;
 1052              		.loc 1 509 15 view .LVU229
 1053 0046 2343     		orrs	r3, r3, r4
 1054 0048 43F00203 		orr	r3, r3, #2
 1055 004c 2B61     		str	r3, [r5, #16]
 510:./Libraries/src/stm32f4xx_flash.c ****     
 1056              		.loc 1 510 5 is_stmt 1 view .LVU230
 510:./Libraries/src/stm32f4xx_flash.c ****     
 1057              		.loc 1 510 10 is_stmt 0 view .LVU231
 1058 004e 2B69     		ldr	r3, [r5, #16]
 510:./Libraries/src/stm32f4xx_flash.c ****     
 1059              		.loc 1 510 15 view .LVU232
 1060 0050 43F48033 		orr	r3, r3, #65536
 1061 0054 2B61     		str	r3, [r5, #16]
 513:./Libraries/src/stm32f4xx_flash.c ****     
 1062              		.loc 1 513 5 is_stmt 1 view .LVU233
 513:./Libraries/src/stm32f4xx_flash.c ****     
 1063              		.loc 1 513 14 is_stmt 0 view .LVU234
 1064 0056 FFF7FEFF 		bl	FLASH_WaitForLastOperation
 1065              	.LVL28:
 516:./Libraries/src/stm32f4xx_flash.c ****     FLASH->CR &= SECTOR_MASK; 
 1066              		.loc 1 516 5 is_stmt 1 view .LVU235
 516:./Libraries/src/stm32f4xx_flash.c ****     FLASH->CR &= SECTOR_MASK; 
 1067              		.loc 1 516 10 is_stmt 0 view .LVU236
 1068 005a 2B69     		ldr	r3, [r5, #16]
 516:./Libraries/src/stm32f4xx_flash.c ****     FLASH->CR &= SECTOR_MASK; 
 1069              		.loc 1 516 15 view .LVU237
 1070 005c 23F00203 		bic	r3, r3, #2
 1071 0060 2B61     		str	r3, [r5, #16]
 517:./Libraries/src/stm32f4xx_flash.c ****   }
 1072              		.loc 1 517 5 is_stmt 1 view .LVU238
 517:./Libraries/src/stm32f4xx_flash.c ****   }
 1073              		.loc 1 517 10 is_stmt 0 view .LVU239
 1074 0062 2B69     		ldr	r3, [r5, #16]
 517:./Libraries/src/stm32f4xx_flash.c ****   }
 1075              		.loc 1 517 15 view .LVU240
 1076 0064 23F0F803 		bic	r3, r3, #248
 1077 0068 2B61     		str	r3, [r5, #16]
 1078 006a DBE7     		b	.L100
 1079              	.L107:
 1080              		.align	2
 1081              	.L106:
 1082 006c 003C0240 		.word	1073888256
ARM GAS  /tmp/ccrBRGbZ.s 			page 48


 1083              		.cfi_endproc
 1084              	.LFE131:
 1086              		.section	.text.FLASH_EraseAllSectors,"ax",%progbits
 1087              		.align	1
 1088              		.global	FLASH_EraseAllSectors
 1089              		.syntax unified
 1090              		.thumb
 1091              		.thumb_func
 1093              	FLASH_EraseAllSectors:
 1094              	.LVL29:
 1095              	.LFB132:
 544:./Libraries/src/stm32f4xx_flash.c ****   uint32_t tmp_psize = 0x0;
 1096              		.loc 1 544 1 is_stmt 1 view -0
 1097              		.cfi_startproc
 1098              		@ args = 0, pretend = 0, frame = 0
 1099              		@ frame_needed = 0, uses_anonymous_args = 0
 544:./Libraries/src/stm32f4xx_flash.c ****   uint32_t tmp_psize = 0x0;
 1100              		.loc 1 544 1 is_stmt 0 view .LVU242
 1101 0000 10B5     		push	{r4, lr}
 1102              	.LCFI4:
 1103              		.cfi_def_cfa_offset 8
 1104              		.cfi_offset 4, -8
 1105              		.cfi_offset 14, -4
 1106 0002 0446     		mov	r4, r0
 545:./Libraries/src/stm32f4xx_flash.c ****   FLASH_Status status = FLASH_COMPLETE;
 1107              		.loc 1 545 3 is_stmt 1 view .LVU243
 1108              	.LVL30:
 546:./Libraries/src/stm32f4xx_flash.c ****   
 1109              		.loc 1 546 3 view .LVU244
 549:./Libraries/src/stm32f4xx_flash.c ****   assert_param(IS_VOLTAGERANGE(VoltageRange));
 1110              		.loc 1 549 3 view .LVU245
 549:./Libraries/src/stm32f4xx_flash.c ****   assert_param(IS_VOLTAGERANGE(VoltageRange));
 1111              		.loc 1 549 12 is_stmt 0 view .LVU246
 1112 0004 FFF7FEFF 		bl	FLASH_WaitForLastOperation
 1113              	.LVL31:
 550:./Libraries/src/stm32f4xx_flash.c ****   
 1114              		.loc 1 550 3 is_stmt 1 view .LVU247
 552:./Libraries/src/stm32f4xx_flash.c ****   {
 1115              		.loc 1 552 3 view .LVU248
 1116 0008 012C     		cmp	r4, #1
 1117 000a 04D0     		beq	.L111
 1118 000c 022C     		cmp	r4, #2
 1119 000e 05D0     		beq	.L112
 1120 0010 4CB9     		cbnz	r4, .L113
 549:./Libraries/src/stm32f4xx_flash.c ****   assert_param(IS_VOLTAGERANGE(VoltageRange));
 1121              		.loc 1 549 12 is_stmt 0 view .LVU249
 1122 0012 0023     		movs	r3, #0
 1123 0014 04E0     		b	.L109
 1124              	.L111:
 1125 0016 4FF48073 		mov	r3, #256
 1126 001a 01E0     		b	.L109
 1127              	.L112:
 1128 001c 4FF40073 		mov	r3, #512
 1129              	.L109:
 1130              	.LVL32:
 568:./Libraries/src/stm32f4xx_flash.c ****   {
 1131              		.loc 1 568 3 is_stmt 1 view .LVU250
ARM GAS  /tmp/ccrBRGbZ.s 			page 49


 568:./Libraries/src/stm32f4xx_flash.c ****   {
 1132              		.loc 1 568 5 is_stmt 0 view .LVU251
 1133 0020 0928     		cmp	r0, #9
 1134 0022 03D0     		beq	.L115
 1135              	.LVL33:
 1136              	.L110:
 599:./Libraries/src/stm32f4xx_flash.c **** }
 1137              		.loc 1 599 3 is_stmt 1 view .LVU252
 600:./Libraries/src/stm32f4xx_flash.c **** 
 1138              		.loc 1 600 1 is_stmt 0 view .LVU253
 1139 0024 10BD     		pop	{r4, pc}
 1140              	.LVL34:
 1141              	.L113:
 549:./Libraries/src/stm32f4xx_flash.c ****   assert_param(IS_VOLTAGERANGE(VoltageRange));
 1142              		.loc 1 549 12 view .LVU254
 1143 0026 4FF44073 		mov	r3, #768
 1144 002a F9E7     		b	.L109
 1145              	.LVL35:
 1146              	.L115:
 585:./Libraries/src/stm32f4xx_flash.c ****     FLASH->CR |= tmp_psize;
 1147              		.loc 1 585 5 is_stmt 1 view .LVU255
 585:./Libraries/src/stm32f4xx_flash.c ****     FLASH->CR |= tmp_psize;
 1148              		.loc 1 585 10 is_stmt 0 view .LVU256
 1149 002c 0B4C     		ldr	r4, .L116
 1150 002e 2269     		ldr	r2, [r4, #16]
 585:./Libraries/src/stm32f4xx_flash.c ****     FLASH->CR |= tmp_psize;
 1151              		.loc 1 585 15 view .LVU257
 1152 0030 22F44072 		bic	r2, r2, #768
 1153 0034 2261     		str	r2, [r4, #16]
 586:./Libraries/src/stm32f4xx_flash.c ****     FLASH->CR |= FLASH_CR_MER;
 1154              		.loc 1 586 5 is_stmt 1 view .LVU258
 586:./Libraries/src/stm32f4xx_flash.c ****     FLASH->CR |= FLASH_CR_MER;
 1155              		.loc 1 586 10 is_stmt 0 view .LVU259
 1156 0036 2269     		ldr	r2, [r4, #16]
 586:./Libraries/src/stm32f4xx_flash.c ****     FLASH->CR |= FLASH_CR_MER;
 1157              		.loc 1 586 15 view .LVU260
 1158 0038 1343     		orrs	r3, r3, r2
 1159              	.LVL36:
 586:./Libraries/src/stm32f4xx_flash.c ****     FLASH->CR |= FLASH_CR_MER;
 1160              		.loc 1 586 15 view .LVU261
 1161 003a 2361     		str	r3, [r4, #16]
 587:./Libraries/src/stm32f4xx_flash.c ****     FLASH->CR |= FLASH_CR_STRT;
 1162              		.loc 1 587 5 is_stmt 1 view .LVU262
 587:./Libraries/src/stm32f4xx_flash.c ****     FLASH->CR |= FLASH_CR_STRT;
 1163              		.loc 1 587 10 is_stmt 0 view .LVU263
 1164 003c 2369     		ldr	r3, [r4, #16]
 587:./Libraries/src/stm32f4xx_flash.c ****     FLASH->CR |= FLASH_CR_STRT;
 1165              		.loc 1 587 15 view .LVU264
 1166 003e 43F00403 		orr	r3, r3, #4
 1167 0042 2361     		str	r3, [r4, #16]
 588:./Libraries/src/stm32f4xx_flash.c ****     
 1168              		.loc 1 588 5 is_stmt 1 view .LVU265
 588:./Libraries/src/stm32f4xx_flash.c ****     
 1169              		.loc 1 588 10 is_stmt 0 view .LVU266
 1170 0044 2369     		ldr	r3, [r4, #16]
 588:./Libraries/src/stm32f4xx_flash.c ****     
 1171              		.loc 1 588 15 view .LVU267
ARM GAS  /tmp/ccrBRGbZ.s 			page 50


 1172 0046 43F48033 		orr	r3, r3, #65536
 1173 004a 2361     		str	r3, [r4, #16]
 591:./Libraries/src/stm32f4xx_flash.c **** 
 1174              		.loc 1 591 5 is_stmt 1 view .LVU268
 591:./Libraries/src/stm32f4xx_flash.c **** 
 1175              		.loc 1 591 14 is_stmt 0 view .LVU269
 1176 004c FFF7FEFF 		bl	FLASH_WaitForLastOperation
 1177              	.LVL37:
 594:./Libraries/src/stm32f4xx_flash.c **** #endif /* STM32F40_41xxx || STM32F401xx || STM32F410xx || STM32F411xE || STM32F412xG || STM32F413_4
 1178              		.loc 1 594 5 is_stmt 1 view .LVU270
 594:./Libraries/src/stm32f4xx_flash.c **** #endif /* STM32F40_41xxx || STM32F401xx || STM32F410xx || STM32F411xE || STM32F412xG || STM32F413_4
 1179              		.loc 1 594 10 is_stmt 0 view .LVU271
 1180 0050 2369     		ldr	r3, [r4, #16]
 594:./Libraries/src/stm32f4xx_flash.c **** #endif /* STM32F40_41xxx || STM32F401xx || STM32F410xx || STM32F411xE || STM32F412xG || STM32F413_4
 1181              		.loc 1 594 15 view .LVU272
 1182 0052 23F00403 		bic	r3, r3, #4
 1183 0056 2361     		str	r3, [r4, #16]
 1184 0058 E4E7     		b	.L110
 1185              	.L117:
 1186 005a 00BF     		.align	2
 1187              	.L116:
 1188 005c 003C0240 		.word	1073888256
 1189              		.cfi_endproc
 1190              	.LFE132:
 1192              		.section	.text.FLASH_EraseAllBank1Sectors,"ax",%progbits
 1193              		.align	1
 1194              		.global	FLASH_EraseAllBank1Sectors
 1195              		.syntax unified
 1196              		.thumb
 1197              		.thumb_func
 1199              	FLASH_EraseAllBank1Sectors:
 1200              	.LVL38:
 1201              	.LFB133:
 625:./Libraries/src/stm32f4xx_flash.c ****   uint32_t tmp_psize = 0x0;
 1202              		.loc 1 625 1 is_stmt 1 view -0
 1203              		.cfi_startproc
 1204              		@ args = 0, pretend = 0, frame = 0
 1205              		@ frame_needed = 0, uses_anonymous_args = 0
 625:./Libraries/src/stm32f4xx_flash.c ****   uint32_t tmp_psize = 0x0;
 1206              		.loc 1 625 1 is_stmt 0 view .LVU274
 1207 0000 10B5     		push	{r4, lr}
 1208              	.LCFI5:
 1209              		.cfi_def_cfa_offset 8
 1210              		.cfi_offset 4, -8
 1211              		.cfi_offset 14, -4
 1212 0002 0446     		mov	r4, r0
 626:./Libraries/src/stm32f4xx_flash.c ****   FLASH_Status status = FLASH_COMPLETE;
 1213              		.loc 1 626 3 is_stmt 1 view .LVU275
 1214              	.LVL39:
 627:./Libraries/src/stm32f4xx_flash.c ****   
 1215              		.loc 1 627 3 view .LVU276
 630:./Libraries/src/stm32f4xx_flash.c ****   assert_param(IS_VOLTAGERANGE(VoltageRange));
 1216              		.loc 1 630 3 view .LVU277
 630:./Libraries/src/stm32f4xx_flash.c ****   assert_param(IS_VOLTAGERANGE(VoltageRange));
 1217              		.loc 1 630 12 is_stmt 0 view .LVU278
 1218 0004 FFF7FEFF 		bl	FLASH_WaitForLastOperation
 1219              	.LVL40:
ARM GAS  /tmp/ccrBRGbZ.s 			page 51


 631:./Libraries/src/stm32f4xx_flash.c ****   
 1220              		.loc 1 631 3 is_stmt 1 view .LVU279
 633:./Libraries/src/stm32f4xx_flash.c ****   {
 1221              		.loc 1 633 3 view .LVU280
 1222 0008 012C     		cmp	r4, #1
 1223 000a 04D0     		beq	.L121
 1224 000c 022C     		cmp	r4, #2
 1225 000e 05D0     		beq	.L122
 1226 0010 4CB9     		cbnz	r4, .L123
 630:./Libraries/src/stm32f4xx_flash.c ****   assert_param(IS_VOLTAGERANGE(VoltageRange));
 1227              		.loc 1 630 12 is_stmt 0 view .LVU281
 1228 0012 0023     		movs	r3, #0
 1229 0014 04E0     		b	.L119
 1230              	.L121:
 1231 0016 4FF48073 		mov	r3, #256
 1232 001a 01E0     		b	.L119
 1233              	.L122:
 1234 001c 4FF40073 		mov	r3, #512
 1235              	.L119:
 1236              	.LVL41:
 649:./Libraries/src/stm32f4xx_flash.c ****   {
 1237              		.loc 1 649 3 is_stmt 1 view .LVU282
 649:./Libraries/src/stm32f4xx_flash.c ****   {
 1238              		.loc 1 649 5 is_stmt 0 view .LVU283
 1239 0020 0928     		cmp	r0, #9
 1240 0022 03D0     		beq	.L125
 1241              	.LVL42:
 1242              	.L120:
 665:./Libraries/src/stm32f4xx_flash.c **** }
 1243              		.loc 1 665 3 is_stmt 1 view .LVU284
 666:./Libraries/src/stm32f4xx_flash.c **** 
 1244              		.loc 1 666 1 is_stmt 0 view .LVU285
 1245 0024 10BD     		pop	{r4, pc}
 1246              	.LVL43:
 1247              	.L123:
 630:./Libraries/src/stm32f4xx_flash.c ****   assert_param(IS_VOLTAGERANGE(VoltageRange));
 1248              		.loc 1 630 12 view .LVU286
 1249 0026 4FF44073 		mov	r3, #768
 1250 002a F9E7     		b	.L119
 1251              	.LVL44:
 1252              	.L125:
 652:./Libraries/src/stm32f4xx_flash.c ****      FLASH->CR |= tmp_psize;
 1253              		.loc 1 652 6 is_stmt 1 view .LVU287
 652:./Libraries/src/stm32f4xx_flash.c ****      FLASH->CR |= tmp_psize;
 1254              		.loc 1 652 11 is_stmt 0 view .LVU288
 1255 002c 0B4C     		ldr	r4, .L126
 1256 002e 2269     		ldr	r2, [r4, #16]
 652:./Libraries/src/stm32f4xx_flash.c ****      FLASH->CR |= tmp_psize;
 1257              		.loc 1 652 16 view .LVU289
 1258 0030 22F44072 		bic	r2, r2, #768
 1259 0034 2261     		str	r2, [r4, #16]
 653:./Libraries/src/stm32f4xx_flash.c ****      FLASH->CR |= FLASH_CR_MER1;
 1260              		.loc 1 653 6 is_stmt 1 view .LVU290
 653:./Libraries/src/stm32f4xx_flash.c ****      FLASH->CR |= FLASH_CR_MER1;
 1261              		.loc 1 653 11 is_stmt 0 view .LVU291
 1262 0036 2269     		ldr	r2, [r4, #16]
 653:./Libraries/src/stm32f4xx_flash.c ****      FLASH->CR |= FLASH_CR_MER1;
ARM GAS  /tmp/ccrBRGbZ.s 			page 52


 1263              		.loc 1 653 16 view .LVU292
 1264 0038 1343     		orrs	r3, r3, r2
 1265              	.LVL45:
 653:./Libraries/src/stm32f4xx_flash.c ****      FLASH->CR |= FLASH_CR_MER1;
 1266              		.loc 1 653 16 view .LVU293
 1267 003a 2361     		str	r3, [r4, #16]
 654:./Libraries/src/stm32f4xx_flash.c ****      FLASH->CR |= FLASH_CR_STRT;
 1268              		.loc 1 654 6 is_stmt 1 view .LVU294
 654:./Libraries/src/stm32f4xx_flash.c ****      FLASH->CR |= FLASH_CR_STRT;
 1269              		.loc 1 654 11 is_stmt 0 view .LVU295
 1270 003c 2369     		ldr	r3, [r4, #16]
 654:./Libraries/src/stm32f4xx_flash.c ****      FLASH->CR |= FLASH_CR_STRT;
 1271              		.loc 1 654 16 view .LVU296
 1272 003e 43F00403 		orr	r3, r3, #4
 1273 0042 2361     		str	r3, [r4, #16]
 655:./Libraries/src/stm32f4xx_flash.c ****     
 1274              		.loc 1 655 6 is_stmt 1 view .LVU297
 655:./Libraries/src/stm32f4xx_flash.c ****     
 1275              		.loc 1 655 11 is_stmt 0 view .LVU298
 1276 0044 2369     		ldr	r3, [r4, #16]
 655:./Libraries/src/stm32f4xx_flash.c ****     
 1277              		.loc 1 655 16 view .LVU299
 1278 0046 43F48033 		orr	r3, r3, #65536
 1279 004a 2361     		str	r3, [r4, #16]
 658:./Libraries/src/stm32f4xx_flash.c **** 
 1280              		.loc 1 658 5 is_stmt 1 view .LVU300
 658:./Libraries/src/stm32f4xx_flash.c **** 
 1281              		.loc 1 658 14 is_stmt 0 view .LVU301
 1282 004c FFF7FEFF 		bl	FLASH_WaitForLastOperation
 1283              	.LVL46:
 661:./Libraries/src/stm32f4xx_flash.c **** 
 1284              		.loc 1 661 5 is_stmt 1 view .LVU302
 661:./Libraries/src/stm32f4xx_flash.c **** 
 1285              		.loc 1 661 10 is_stmt 0 view .LVU303
 1286 0050 2369     		ldr	r3, [r4, #16]
 661:./Libraries/src/stm32f4xx_flash.c **** 
 1287              		.loc 1 661 15 view .LVU304
 1288 0052 23F00403 		bic	r3, r3, #4
 1289 0056 2361     		str	r3, [r4, #16]
 1290 0058 E4E7     		b	.L120
 1291              	.L127:
 1292 005a 00BF     		.align	2
 1293              	.L126:
 1294 005c 003C0240 		.word	1073888256
 1295              		.cfi_endproc
 1296              	.LFE133:
 1298              		.section	.text.FLASH_EraseAllBank2Sectors,"ax",%progbits
 1299              		.align	1
 1300              		.global	FLASH_EraseAllBank2Sectors
 1301              		.syntax unified
 1302              		.thumb
 1303              		.thumb_func
 1305              	FLASH_EraseAllBank2Sectors:
 1306              	.LVL47:
 1307              	.LFB134:
 692:./Libraries/src/stm32f4xx_flash.c ****   uint32_t tmp_psize = 0x0;
 1308              		.loc 1 692 1 is_stmt 1 view -0
ARM GAS  /tmp/ccrBRGbZ.s 			page 53


 1309              		.cfi_startproc
 1310              		@ args = 0, pretend = 0, frame = 0
 1311              		@ frame_needed = 0, uses_anonymous_args = 0
 692:./Libraries/src/stm32f4xx_flash.c ****   uint32_t tmp_psize = 0x0;
 1312              		.loc 1 692 1 is_stmt 0 view .LVU306
 1313 0000 10B5     		push	{r4, lr}
 1314              	.LCFI6:
 1315              		.cfi_def_cfa_offset 8
 1316              		.cfi_offset 4, -8
 1317              		.cfi_offset 14, -4
 1318 0002 0446     		mov	r4, r0
 693:./Libraries/src/stm32f4xx_flash.c ****   FLASH_Status status = FLASH_COMPLETE;
 1319              		.loc 1 693 3 is_stmt 1 view .LVU307
 1320              	.LVL48:
 694:./Libraries/src/stm32f4xx_flash.c ****   
 1321              		.loc 1 694 3 view .LVU308
 697:./Libraries/src/stm32f4xx_flash.c ****   assert_param(IS_VOLTAGERANGE(VoltageRange));
 1322              		.loc 1 697 3 view .LVU309
 697:./Libraries/src/stm32f4xx_flash.c ****   assert_param(IS_VOLTAGERANGE(VoltageRange));
 1323              		.loc 1 697 12 is_stmt 0 view .LVU310
 1324 0004 FFF7FEFF 		bl	FLASH_WaitForLastOperation
 1325              	.LVL49:
 698:./Libraries/src/stm32f4xx_flash.c ****   
 1326              		.loc 1 698 3 is_stmt 1 view .LVU311
 700:./Libraries/src/stm32f4xx_flash.c ****   {
 1327              		.loc 1 700 3 view .LVU312
 1328 0008 012C     		cmp	r4, #1
 1329 000a 04D0     		beq	.L131
 1330 000c 022C     		cmp	r4, #2
 1331 000e 05D0     		beq	.L132
 1332 0010 4CB9     		cbnz	r4, .L133
 697:./Libraries/src/stm32f4xx_flash.c ****   assert_param(IS_VOLTAGERANGE(VoltageRange));
 1333              		.loc 1 697 12 is_stmt 0 view .LVU313
 1334 0012 0023     		movs	r3, #0
 1335 0014 04E0     		b	.L129
 1336              	.L131:
 1337 0016 4FF48073 		mov	r3, #256
 1338 001a 01E0     		b	.L129
 1339              	.L132:
 1340 001c 4FF40073 		mov	r3, #512
 1341              	.L129:
 1342              	.LVL50:
 716:./Libraries/src/stm32f4xx_flash.c ****   {
 1343              		.loc 1 716 3 is_stmt 1 view .LVU314
 716:./Libraries/src/stm32f4xx_flash.c ****   {
 1344              		.loc 1 716 5 is_stmt 0 view .LVU315
 1345 0020 0928     		cmp	r0, #9
 1346 0022 03D0     		beq	.L135
 1347              	.LVL51:
 1348              	.L130:
 732:./Libraries/src/stm32f4xx_flash.c **** }
 1349              		.loc 1 732 3 is_stmt 1 view .LVU316
 733:./Libraries/src/stm32f4xx_flash.c **** 
 1350              		.loc 1 733 1 is_stmt 0 view .LVU317
 1351 0024 10BD     		pop	{r4, pc}
 1352              	.LVL52:
 1353              	.L133:
ARM GAS  /tmp/ccrBRGbZ.s 			page 54


 697:./Libraries/src/stm32f4xx_flash.c ****   assert_param(IS_VOLTAGERANGE(VoltageRange));
 1354              		.loc 1 697 12 view .LVU318
 1355 0026 4FF44073 		mov	r3, #768
 1356 002a F9E7     		b	.L129
 1357              	.LVL53:
 1358              	.L135:
 719:./Libraries/src/stm32f4xx_flash.c ****      FLASH->CR |= tmp_psize;
 1359              		.loc 1 719 6 is_stmt 1 view .LVU319
 719:./Libraries/src/stm32f4xx_flash.c ****      FLASH->CR |= tmp_psize;
 1360              		.loc 1 719 11 is_stmt 0 view .LVU320
 1361 002c 0B4C     		ldr	r4, .L136
 1362 002e 2269     		ldr	r2, [r4, #16]
 719:./Libraries/src/stm32f4xx_flash.c ****      FLASH->CR |= tmp_psize;
 1363              		.loc 1 719 16 view .LVU321
 1364 0030 22F44072 		bic	r2, r2, #768
 1365 0034 2261     		str	r2, [r4, #16]
 720:./Libraries/src/stm32f4xx_flash.c ****      FLASH->CR |= FLASH_CR_MER2;
 1366              		.loc 1 720 6 is_stmt 1 view .LVU322
 720:./Libraries/src/stm32f4xx_flash.c ****      FLASH->CR |= FLASH_CR_MER2;
 1367              		.loc 1 720 11 is_stmt 0 view .LVU323
 1368 0036 2269     		ldr	r2, [r4, #16]
 720:./Libraries/src/stm32f4xx_flash.c ****      FLASH->CR |= FLASH_CR_MER2;
 1369              		.loc 1 720 16 view .LVU324
 1370 0038 1343     		orrs	r3, r3, r2
 1371              	.LVL54:
 720:./Libraries/src/stm32f4xx_flash.c ****      FLASH->CR |= FLASH_CR_MER2;
 1372              		.loc 1 720 16 view .LVU325
 1373 003a 2361     		str	r3, [r4, #16]
 721:./Libraries/src/stm32f4xx_flash.c ****      FLASH->CR |= FLASH_CR_STRT;
 1374              		.loc 1 721 6 is_stmt 1 view .LVU326
 721:./Libraries/src/stm32f4xx_flash.c ****      FLASH->CR |= FLASH_CR_STRT;
 1375              		.loc 1 721 11 is_stmt 0 view .LVU327
 1376 003c 2369     		ldr	r3, [r4, #16]
 721:./Libraries/src/stm32f4xx_flash.c ****      FLASH->CR |= FLASH_CR_STRT;
 1377              		.loc 1 721 16 view .LVU328
 1378 003e 43F40043 		orr	r3, r3, #32768
 1379 0042 2361     		str	r3, [r4, #16]
 722:./Libraries/src/stm32f4xx_flash.c ****     
 1380              		.loc 1 722 6 is_stmt 1 view .LVU329
 722:./Libraries/src/stm32f4xx_flash.c ****     
 1381              		.loc 1 722 11 is_stmt 0 view .LVU330
 1382 0044 2369     		ldr	r3, [r4, #16]
 722:./Libraries/src/stm32f4xx_flash.c ****     
 1383              		.loc 1 722 16 view .LVU331
 1384 0046 43F48033 		orr	r3, r3, #65536
 1385 004a 2361     		str	r3, [r4, #16]
 725:./Libraries/src/stm32f4xx_flash.c **** 
 1386              		.loc 1 725 5 is_stmt 1 view .LVU332
 725:./Libraries/src/stm32f4xx_flash.c **** 
 1387              		.loc 1 725 14 is_stmt 0 view .LVU333
 1388 004c FFF7FEFF 		bl	FLASH_WaitForLastOperation
 1389              	.LVL55:
 728:./Libraries/src/stm32f4xx_flash.c **** 
 1390              		.loc 1 728 5 is_stmt 1 view .LVU334
 728:./Libraries/src/stm32f4xx_flash.c **** 
 1391              		.loc 1 728 10 is_stmt 0 view .LVU335
 1392 0050 2369     		ldr	r3, [r4, #16]
ARM GAS  /tmp/ccrBRGbZ.s 			page 55


 728:./Libraries/src/stm32f4xx_flash.c **** 
 1393              		.loc 1 728 15 view .LVU336
 1394 0052 23F40043 		bic	r3, r3, #32768
 1395 0056 2361     		str	r3, [r4, #16]
 1396 0058 E4E7     		b	.L130
 1397              	.L137:
 1398 005a 00BF     		.align	2
 1399              	.L136:
 1400 005c 003C0240 		.word	1073888256
 1401              		.cfi_endproc
 1402              	.LFE134:
 1404              		.section	.text.FLASH_ProgramDoubleWord,"ax",%progbits
 1405              		.align	1
 1406              		.global	FLASH_ProgramDoubleWord
 1407              		.syntax unified
 1408              		.thumb
 1409              		.thumb_func
 1411              	FLASH_ProgramDoubleWord:
 1412              	.LVL56:
 1413              	.LFB135:
 749:./Libraries/src/stm32f4xx_flash.c ****   FLASH_Status status = FLASH_COMPLETE;
 1414              		.loc 1 749 1 is_stmt 1 view -0
 1415              		.cfi_startproc
 1416              		@ args = 0, pretend = 0, frame = 0
 1417              		@ frame_needed = 0, uses_anonymous_args = 0
 749:./Libraries/src/stm32f4xx_flash.c ****   FLASH_Status status = FLASH_COMPLETE;
 1418              		.loc 1 749 1 is_stmt 0 view .LVU338
 1419 0000 F8B5     		push	{r3, r4, r5, r6, r7, lr}
 1420              	.LCFI7:
 1421              		.cfi_def_cfa_offset 24
 1422              		.cfi_offset 3, -24
 1423              		.cfi_offset 4, -20
 1424              		.cfi_offset 5, -16
 1425              		.cfi_offset 6, -12
 1426              		.cfi_offset 7, -8
 1427              		.cfi_offset 14, -4
 1428 0002 0646     		mov	r6, r0
 1429 0004 1446     		mov	r4, r2
 1430 0006 1D46     		mov	r5, r3
 750:./Libraries/src/stm32f4xx_flash.c **** 
 1431              		.loc 1 750 3 is_stmt 1 view .LVU339
 1432              	.LVL57:
 753:./Libraries/src/stm32f4xx_flash.c **** 
 1433              		.loc 1 753 3 view .LVU340
 756:./Libraries/src/stm32f4xx_flash.c ****   
 1434              		.loc 1 756 3 view .LVU341
 756:./Libraries/src/stm32f4xx_flash.c ****   
 1435              		.loc 1 756 12 is_stmt 0 view .LVU342
 1436 0008 FFF7FEFF 		bl	FLASH_WaitForLastOperation
 1437              	.LVL58:
 758:./Libraries/src/stm32f4xx_flash.c ****   {
 1438              		.loc 1 758 3 is_stmt 1 view .LVU343
 758:./Libraries/src/stm32f4xx_flash.c ****   {
 1439              		.loc 1 758 5 is_stmt 0 view .LVU344
 1440 000c 0928     		cmp	r0, #9
 1441 000e 00D0     		beq	.L141
 1442              	.L139:
ARM GAS  /tmp/ccrBRGbZ.s 			page 56


 774:./Libraries/src/stm32f4xx_flash.c **** }
 1443              		.loc 1 774 3 is_stmt 1 view .LVU345
 775:./Libraries/src/stm32f4xx_flash.c **** 
 1444              		.loc 1 775 1 is_stmt 0 view .LVU346
 1445 0010 F8BD     		pop	{r3, r4, r5, r6, r7, pc}
 1446              	.LVL59:
 1447              	.L141:
 761:./Libraries/src/stm32f4xx_flash.c ****     FLASH->CR |= FLASH_PSIZE_DOUBLE_WORD;
 1448              		.loc 1 761 5 is_stmt 1 view .LVU347
 761:./Libraries/src/stm32f4xx_flash.c ****     FLASH->CR |= FLASH_PSIZE_DOUBLE_WORD;
 1449              		.loc 1 761 10 is_stmt 0 view .LVU348
 1450 0012 0B4F     		ldr	r7, .L142
 1451 0014 3B69     		ldr	r3, [r7, #16]
 761:./Libraries/src/stm32f4xx_flash.c ****     FLASH->CR |= FLASH_PSIZE_DOUBLE_WORD;
 1452              		.loc 1 761 15 view .LVU349
 1453 0016 23F44073 		bic	r3, r3, #768
 1454 001a 3B61     		str	r3, [r7, #16]
 762:./Libraries/src/stm32f4xx_flash.c ****     FLASH->CR |= FLASH_CR_PG;
 1455              		.loc 1 762 5 is_stmt 1 view .LVU350
 762:./Libraries/src/stm32f4xx_flash.c ****     FLASH->CR |= FLASH_CR_PG;
 1456              		.loc 1 762 10 is_stmt 0 view .LVU351
 1457 001c 3B69     		ldr	r3, [r7, #16]
 762:./Libraries/src/stm32f4xx_flash.c ****     FLASH->CR |= FLASH_CR_PG;
 1458              		.loc 1 762 15 view .LVU352
 1459 001e 43F44073 		orr	r3, r3, #768
 1460 0022 3B61     		str	r3, [r7, #16]
 763:./Libraries/src/stm32f4xx_flash.c ****   
 1461              		.loc 1 763 5 is_stmt 1 view .LVU353
 763:./Libraries/src/stm32f4xx_flash.c ****   
 1462              		.loc 1 763 10 is_stmt 0 view .LVU354
 1463 0024 3B69     		ldr	r3, [r7, #16]
 763:./Libraries/src/stm32f4xx_flash.c ****   
 1464              		.loc 1 763 15 view .LVU355
 1465 0026 43F00103 		orr	r3, r3, #1
 1466 002a 3B61     		str	r3, [r7, #16]
 765:./Libraries/src/stm32f4xx_flash.c ****         
 1467              		.loc 1 765 5 is_stmt 1 view .LVU356
 765:./Libraries/src/stm32f4xx_flash.c ****         
 1468              		.loc 1 765 30 is_stmt 0 view .LVU357
 1469 002c C6E90045 		strd	r4, [r6]
 768:./Libraries/src/stm32f4xx_flash.c **** 
 1470              		.loc 1 768 5 is_stmt 1 view .LVU358
 768:./Libraries/src/stm32f4xx_flash.c **** 
 1471              		.loc 1 768 14 is_stmt 0 view .LVU359
 1472 0030 FFF7FEFF 		bl	FLASH_WaitForLastOperation
 1473              	.LVL60:
 771:./Libraries/src/stm32f4xx_flash.c ****   } 
 1474              		.loc 1 771 5 is_stmt 1 view .LVU360
 771:./Libraries/src/stm32f4xx_flash.c ****   } 
 1475              		.loc 1 771 10 is_stmt 0 view .LVU361
 1476 0034 3B69     		ldr	r3, [r7, #16]
 771:./Libraries/src/stm32f4xx_flash.c ****   } 
 1477              		.loc 1 771 15 view .LVU362
 1478 0036 23F00103 		bic	r3, r3, #1
 1479 003a 3B61     		str	r3, [r7, #16]
 1480 003c E8E7     		b	.L139
 1481              	.L143:
ARM GAS  /tmp/ccrBRGbZ.s 			page 57


 1482 003e 00BF     		.align	2
 1483              	.L142:
 1484 0040 003C0240 		.word	1073888256
 1485              		.cfi_endproc
 1486              	.LFE135:
 1488              		.section	.text.FLASH_ProgramWord,"ax",%progbits
 1489              		.align	1
 1490              		.global	FLASH_ProgramWord
 1491              		.syntax unified
 1492              		.thumb
 1493              		.thumb_func
 1495              	FLASH_ProgramWord:
 1496              	.LVL61:
 1497              	.LFB136:
 792:./Libraries/src/stm32f4xx_flash.c ****   FLASH_Status status = FLASH_COMPLETE;
 1498              		.loc 1 792 1 is_stmt 1 view -0
 1499              		.cfi_startproc
 1500              		@ args = 0, pretend = 0, frame = 0
 1501              		@ frame_needed = 0, uses_anonymous_args = 0
 792:./Libraries/src/stm32f4xx_flash.c ****   FLASH_Status status = FLASH_COMPLETE;
 1502              		.loc 1 792 1 is_stmt 0 view .LVU364
 1503 0000 70B5     		push	{r4, r5, r6, lr}
 1504              	.LCFI8:
 1505              		.cfi_def_cfa_offset 16
 1506              		.cfi_offset 4, -16
 1507              		.cfi_offset 5, -12
 1508              		.cfi_offset 6, -8
 1509              		.cfi_offset 14, -4
 1510 0002 0546     		mov	r5, r0
 1511 0004 0C46     		mov	r4, r1
 793:./Libraries/src/stm32f4xx_flash.c **** 
 1512              		.loc 1 793 3 is_stmt 1 view .LVU365
 1513              	.LVL62:
 796:./Libraries/src/stm32f4xx_flash.c **** 
 1514              		.loc 1 796 3 view .LVU366
 799:./Libraries/src/stm32f4xx_flash.c ****   
 1515              		.loc 1 799 3 view .LVU367
 799:./Libraries/src/stm32f4xx_flash.c ****   
 1516              		.loc 1 799 12 is_stmt 0 view .LVU368
 1517 0006 FFF7FEFF 		bl	FLASH_WaitForLastOperation
 1518              	.LVL63:
 801:./Libraries/src/stm32f4xx_flash.c ****   {
 1519              		.loc 1 801 3 is_stmt 1 view .LVU369
 801:./Libraries/src/stm32f4xx_flash.c ****   {
 1520              		.loc 1 801 5 is_stmt 0 view .LVU370
 1521 000a 0928     		cmp	r0, #9
 1522 000c 00D0     		beq	.L147
 1523              	.L145:
 817:./Libraries/src/stm32f4xx_flash.c **** }
 1524              		.loc 1 817 3 is_stmt 1 view .LVU371
 818:./Libraries/src/stm32f4xx_flash.c **** 
 1525              		.loc 1 818 1 is_stmt 0 view .LVU372
 1526 000e 70BD     		pop	{r4, r5, r6, pc}
 1527              	.LVL64:
 1528              	.L147:
 804:./Libraries/src/stm32f4xx_flash.c ****     FLASH->CR |= FLASH_PSIZE_WORD;
 1529              		.loc 1 804 5 is_stmt 1 view .LVU373
ARM GAS  /tmp/ccrBRGbZ.s 			page 58


 804:./Libraries/src/stm32f4xx_flash.c ****     FLASH->CR |= FLASH_PSIZE_WORD;
 1530              		.loc 1 804 10 is_stmt 0 view .LVU374
 1531 0010 0A4E     		ldr	r6, .L148
 1532 0012 3369     		ldr	r3, [r6, #16]
 804:./Libraries/src/stm32f4xx_flash.c ****     FLASH->CR |= FLASH_PSIZE_WORD;
 1533              		.loc 1 804 15 view .LVU375
 1534 0014 23F44073 		bic	r3, r3, #768
 1535 0018 3361     		str	r3, [r6, #16]
 805:./Libraries/src/stm32f4xx_flash.c ****     FLASH->CR |= FLASH_CR_PG;
 1536              		.loc 1 805 5 is_stmt 1 view .LVU376
 805:./Libraries/src/stm32f4xx_flash.c ****     FLASH->CR |= FLASH_CR_PG;
 1537              		.loc 1 805 10 is_stmt 0 view .LVU377
 1538 001a 3369     		ldr	r3, [r6, #16]
 805:./Libraries/src/stm32f4xx_flash.c ****     FLASH->CR |= FLASH_CR_PG;
 1539              		.loc 1 805 15 view .LVU378
 1540 001c 43F40073 		orr	r3, r3, #512
 1541 0020 3361     		str	r3, [r6, #16]
 806:./Libraries/src/stm32f4xx_flash.c ****   
 1542              		.loc 1 806 5 is_stmt 1 view .LVU379
 806:./Libraries/src/stm32f4xx_flash.c ****   
 1543              		.loc 1 806 10 is_stmt 0 view .LVU380
 1544 0022 3369     		ldr	r3, [r6, #16]
 806:./Libraries/src/stm32f4xx_flash.c ****   
 1545              		.loc 1 806 15 view .LVU381
 1546 0024 43F00103 		orr	r3, r3, #1
 1547 0028 3361     		str	r3, [r6, #16]
 808:./Libraries/src/stm32f4xx_flash.c ****         
 1548              		.loc 1 808 5 is_stmt 1 view .LVU382
 808:./Libraries/src/stm32f4xx_flash.c ****         
 1549              		.loc 1 808 30 is_stmt 0 view .LVU383
 1550 002a 2C60     		str	r4, [r5]
 811:./Libraries/src/stm32f4xx_flash.c **** 
 1551              		.loc 1 811 5 is_stmt 1 view .LVU384
 811:./Libraries/src/stm32f4xx_flash.c **** 
 1552              		.loc 1 811 14 is_stmt 0 view .LVU385
 1553 002c FFF7FEFF 		bl	FLASH_WaitForLastOperation
 1554              	.LVL65:
 814:./Libraries/src/stm32f4xx_flash.c ****   } 
 1555              		.loc 1 814 5 is_stmt 1 view .LVU386
 814:./Libraries/src/stm32f4xx_flash.c ****   } 
 1556              		.loc 1 814 10 is_stmt 0 view .LVU387
 1557 0030 3369     		ldr	r3, [r6, #16]
 814:./Libraries/src/stm32f4xx_flash.c ****   } 
 1558              		.loc 1 814 15 view .LVU388
 1559 0032 23F00103 		bic	r3, r3, #1
 1560 0036 3361     		str	r3, [r6, #16]
 1561 0038 E9E7     		b	.L145
 1562              	.L149:
 1563 003a 00BF     		.align	2
 1564              	.L148:
 1565 003c 003C0240 		.word	1073888256
 1566              		.cfi_endproc
 1567              	.LFE136:
 1569              		.section	.text.FLASH_ProgramHalfWord,"ax",%progbits
 1570              		.align	1
 1571              		.global	FLASH_ProgramHalfWord
 1572              		.syntax unified
ARM GAS  /tmp/ccrBRGbZ.s 			page 59


 1573              		.thumb
 1574              		.thumb_func
 1576              	FLASH_ProgramHalfWord:
 1577              	.LVL66:
 1578              	.LFB137:
 834:./Libraries/src/stm32f4xx_flash.c ****   FLASH_Status status = FLASH_COMPLETE;
 1579              		.loc 1 834 1 is_stmt 1 view -0
 1580              		.cfi_startproc
 1581              		@ args = 0, pretend = 0, frame = 0
 1582              		@ frame_needed = 0, uses_anonymous_args = 0
 834:./Libraries/src/stm32f4xx_flash.c ****   FLASH_Status status = FLASH_COMPLETE;
 1583              		.loc 1 834 1 is_stmt 0 view .LVU390
 1584 0000 70B5     		push	{r4, r5, r6, lr}
 1585              	.LCFI9:
 1586              		.cfi_def_cfa_offset 16
 1587              		.cfi_offset 4, -16
 1588              		.cfi_offset 5, -12
 1589              		.cfi_offset 6, -8
 1590              		.cfi_offset 14, -4
 1591 0002 0546     		mov	r5, r0
 1592 0004 0C46     		mov	r4, r1
 835:./Libraries/src/stm32f4xx_flash.c **** 
 1593              		.loc 1 835 3 is_stmt 1 view .LVU391
 1594              	.LVL67:
 838:./Libraries/src/stm32f4xx_flash.c **** 
 1595              		.loc 1 838 3 view .LVU392
 841:./Libraries/src/stm32f4xx_flash.c ****   
 1596              		.loc 1 841 3 view .LVU393
 841:./Libraries/src/stm32f4xx_flash.c ****   
 1597              		.loc 1 841 12 is_stmt 0 view .LVU394
 1598 0006 FFF7FEFF 		bl	FLASH_WaitForLastOperation
 1599              	.LVL68:
 843:./Libraries/src/stm32f4xx_flash.c ****   {
 1600              		.loc 1 843 3 is_stmt 1 view .LVU395
 843:./Libraries/src/stm32f4xx_flash.c ****   {
 1601              		.loc 1 843 5 is_stmt 0 view .LVU396
 1602 000a 0928     		cmp	r0, #9
 1603 000c 00D0     		beq	.L153
 1604              	.L151:
 859:./Libraries/src/stm32f4xx_flash.c **** }
 1605              		.loc 1 859 3 is_stmt 1 view .LVU397
 860:./Libraries/src/stm32f4xx_flash.c **** 
 1606              		.loc 1 860 1 is_stmt 0 view .LVU398
 1607 000e 70BD     		pop	{r4, r5, r6, pc}
 1608              	.LVL69:
 1609              	.L153:
 846:./Libraries/src/stm32f4xx_flash.c ****     FLASH->CR |= FLASH_PSIZE_HALF_WORD;
 1610              		.loc 1 846 5 is_stmt 1 view .LVU399
 846:./Libraries/src/stm32f4xx_flash.c ****     FLASH->CR |= FLASH_PSIZE_HALF_WORD;
 1611              		.loc 1 846 10 is_stmt 0 view .LVU400
 1612 0010 0A4E     		ldr	r6, .L154
 1613 0012 3369     		ldr	r3, [r6, #16]
 846:./Libraries/src/stm32f4xx_flash.c ****     FLASH->CR |= FLASH_PSIZE_HALF_WORD;
 1614              		.loc 1 846 15 view .LVU401
 1615 0014 23F44073 		bic	r3, r3, #768
 1616 0018 3361     		str	r3, [r6, #16]
 847:./Libraries/src/stm32f4xx_flash.c ****     FLASH->CR |= FLASH_CR_PG;
ARM GAS  /tmp/ccrBRGbZ.s 			page 60


 1617              		.loc 1 847 5 is_stmt 1 view .LVU402
 847:./Libraries/src/stm32f4xx_flash.c ****     FLASH->CR |= FLASH_CR_PG;
 1618              		.loc 1 847 10 is_stmt 0 view .LVU403
 1619 001a 3369     		ldr	r3, [r6, #16]
 847:./Libraries/src/stm32f4xx_flash.c ****     FLASH->CR |= FLASH_CR_PG;
 1620              		.loc 1 847 15 view .LVU404
 1621 001c 43F48073 		orr	r3, r3, #256
 1622 0020 3361     		str	r3, [r6, #16]
 848:./Libraries/src/stm32f4xx_flash.c ****   
 1623              		.loc 1 848 5 is_stmt 1 view .LVU405
 848:./Libraries/src/stm32f4xx_flash.c ****   
 1624              		.loc 1 848 10 is_stmt 0 view .LVU406
 1625 0022 3369     		ldr	r3, [r6, #16]
 848:./Libraries/src/stm32f4xx_flash.c ****   
 1626              		.loc 1 848 15 view .LVU407
 1627 0024 43F00103 		orr	r3, r3, #1
 1628 0028 3361     		str	r3, [r6, #16]
 850:./Libraries/src/stm32f4xx_flash.c ****         
 1629              		.loc 1 850 5 is_stmt 1 view .LVU408
 850:./Libraries/src/stm32f4xx_flash.c ****         
 1630              		.loc 1 850 30 is_stmt 0 view .LVU409
 1631 002a 2C80     		strh	r4, [r5]	@ movhi
 853:./Libraries/src/stm32f4xx_flash.c **** 
 1632              		.loc 1 853 5 is_stmt 1 view .LVU410
 853:./Libraries/src/stm32f4xx_flash.c **** 
 1633              		.loc 1 853 14 is_stmt 0 view .LVU411
 1634 002c FFF7FEFF 		bl	FLASH_WaitForLastOperation
 1635              	.LVL70:
 856:./Libraries/src/stm32f4xx_flash.c ****   } 
 1636              		.loc 1 856 5 is_stmt 1 view .LVU412
 856:./Libraries/src/stm32f4xx_flash.c ****   } 
 1637              		.loc 1 856 10 is_stmt 0 view .LVU413
 1638 0030 3369     		ldr	r3, [r6, #16]
 856:./Libraries/src/stm32f4xx_flash.c ****   } 
 1639              		.loc 1 856 15 view .LVU414
 1640 0032 23F00103 		bic	r3, r3, #1
 1641 0036 3361     		str	r3, [r6, #16]
 1642 0038 E9E7     		b	.L151
 1643              	.L155:
 1644 003a 00BF     		.align	2
 1645              	.L154:
 1646 003c 003C0240 		.word	1073888256
 1647              		.cfi_endproc
 1648              	.LFE137:
 1650              		.section	.text.FLASH_ProgramByte,"ax",%progbits
 1651              		.align	1
 1652              		.global	FLASH_ProgramByte
 1653              		.syntax unified
 1654              		.thumb
 1655              		.thumb_func
 1657              	FLASH_ProgramByte:
 1658              	.LVL71:
 1659              	.LFB138:
 876:./Libraries/src/stm32f4xx_flash.c ****   FLASH_Status status = FLASH_COMPLETE;
 1660              		.loc 1 876 1 is_stmt 1 view -0
 1661              		.cfi_startproc
 1662              		@ args = 0, pretend = 0, frame = 0
ARM GAS  /tmp/ccrBRGbZ.s 			page 61


 1663              		@ frame_needed = 0, uses_anonymous_args = 0
 876:./Libraries/src/stm32f4xx_flash.c ****   FLASH_Status status = FLASH_COMPLETE;
 1664              		.loc 1 876 1 is_stmt 0 view .LVU416
 1665 0000 70B5     		push	{r4, r5, r6, lr}
 1666              	.LCFI10:
 1667              		.cfi_def_cfa_offset 16
 1668              		.cfi_offset 4, -16
 1669              		.cfi_offset 5, -12
 1670              		.cfi_offset 6, -8
 1671              		.cfi_offset 14, -4
 1672 0002 0546     		mov	r5, r0
 1673 0004 0C46     		mov	r4, r1
 877:./Libraries/src/stm32f4xx_flash.c **** 
 1674              		.loc 1 877 3 is_stmt 1 view .LVU417
 1675              	.LVL72:
 880:./Libraries/src/stm32f4xx_flash.c **** 
 1676              		.loc 1 880 3 view .LVU418
 883:./Libraries/src/stm32f4xx_flash.c ****   
 1677              		.loc 1 883 3 view .LVU419
 883:./Libraries/src/stm32f4xx_flash.c ****   
 1678              		.loc 1 883 12 is_stmt 0 view .LVU420
 1679 0006 FFF7FEFF 		bl	FLASH_WaitForLastOperation
 1680              	.LVL73:
 885:./Libraries/src/stm32f4xx_flash.c ****   {
 1681              		.loc 1 885 3 is_stmt 1 view .LVU421
 885:./Libraries/src/stm32f4xx_flash.c ****   {
 1682              		.loc 1 885 5 is_stmt 0 view .LVU422
 1683 000a 0928     		cmp	r0, #9
 1684 000c 00D0     		beq	.L159
 1685              	.L157:
 902:./Libraries/src/stm32f4xx_flash.c **** }
 1686              		.loc 1 902 3 is_stmt 1 view .LVU423
 903:./Libraries/src/stm32f4xx_flash.c **** 
 1687              		.loc 1 903 1 is_stmt 0 view .LVU424
 1688 000e 70BD     		pop	{r4, r5, r6, pc}
 1689              	.LVL74:
 1690              	.L159:
 888:./Libraries/src/stm32f4xx_flash.c ****     FLASH->CR |= FLASH_PSIZE_BYTE;
 1691              		.loc 1 888 5 is_stmt 1 view .LVU425
 888:./Libraries/src/stm32f4xx_flash.c ****     FLASH->CR |= FLASH_PSIZE_BYTE;
 1692              		.loc 1 888 10 is_stmt 0 view .LVU426
 1693 0010 094E     		ldr	r6, .L160
 1694 0012 3369     		ldr	r3, [r6, #16]
 888:./Libraries/src/stm32f4xx_flash.c ****     FLASH->CR |= FLASH_PSIZE_BYTE;
 1695              		.loc 1 888 15 view .LVU427
 1696 0014 23F44073 		bic	r3, r3, #768
 1697 0018 3361     		str	r3, [r6, #16]
 889:./Libraries/src/stm32f4xx_flash.c ****     FLASH->CR |= FLASH_CR_PG;
 1698              		.loc 1 889 5 is_stmt 1 view .LVU428
 889:./Libraries/src/stm32f4xx_flash.c ****     FLASH->CR |= FLASH_CR_PG;
 1699              		.loc 1 889 10 is_stmt 0 view .LVU429
 1700 001a 3369     		ldr	r3, [r6, #16]
 889:./Libraries/src/stm32f4xx_flash.c ****     FLASH->CR |= FLASH_CR_PG;
 1701              		.loc 1 889 15 view .LVU430
 1702 001c 3361     		str	r3, [r6, #16]
 890:./Libraries/src/stm32f4xx_flash.c ****   
 1703              		.loc 1 890 5 is_stmt 1 view .LVU431
ARM GAS  /tmp/ccrBRGbZ.s 			page 62


 890:./Libraries/src/stm32f4xx_flash.c ****   
 1704              		.loc 1 890 10 is_stmt 0 view .LVU432
 1705 001e 3369     		ldr	r3, [r6, #16]
 890:./Libraries/src/stm32f4xx_flash.c ****   
 1706              		.loc 1 890 15 view .LVU433
 1707 0020 43F00103 		orr	r3, r3, #1
 1708 0024 3361     		str	r3, [r6, #16]
 892:./Libraries/src/stm32f4xx_flash.c ****         
 1709              		.loc 1 892 5 is_stmt 1 view .LVU434
 892:./Libraries/src/stm32f4xx_flash.c ****         
 1710              		.loc 1 892 29 is_stmt 0 view .LVU435
 1711 0026 2C70     		strb	r4, [r5]
 895:./Libraries/src/stm32f4xx_flash.c **** 
 1712              		.loc 1 895 5 is_stmt 1 view .LVU436
 895:./Libraries/src/stm32f4xx_flash.c **** 
 1713              		.loc 1 895 14 is_stmt 0 view .LVU437
 1714 0028 FFF7FEFF 		bl	FLASH_WaitForLastOperation
 1715              	.LVL75:
 898:./Libraries/src/stm32f4xx_flash.c ****   } 
 1716              		.loc 1 898 5 is_stmt 1 view .LVU438
 898:./Libraries/src/stm32f4xx_flash.c ****   } 
 1717              		.loc 1 898 10 is_stmt 0 view .LVU439
 1718 002c 3369     		ldr	r3, [r6, #16]
 898:./Libraries/src/stm32f4xx_flash.c ****   } 
 1719              		.loc 1 898 15 view .LVU440
 1720 002e 23F00103 		bic	r3, r3, #1
 1721 0032 3361     		str	r3, [r6, #16]
 1722 0034 EBE7     		b	.L157
 1723              	.L161:
 1724 0036 00BF     		.align	2
 1725              	.L160:
 1726 0038 003C0240 		.word	1073888256
 1727              		.cfi_endproc
 1728              	.LFE138:
 1730              		.section	.text.FLASH_OB_WRPConfig,"ax",%progbits
 1731              		.align	1
 1732              		.global	FLASH_OB_WRPConfig
 1733              		.syntax unified
 1734              		.thumb
 1735              		.thumb_func
 1737              	FLASH_OB_WRPConfig:
 1738              	.LVL76:
 1739              	.LFB141:
1013:./Libraries/src/stm32f4xx_flash.c ****   FLASH_Status status = FLASH_COMPLETE;
 1740              		.loc 1 1013 1 is_stmt 1 view -0
 1741              		.cfi_startproc
 1742              		@ args = 0, pretend = 0, frame = 0
 1743              		@ frame_needed = 0, uses_anonymous_args = 0
1013:./Libraries/src/stm32f4xx_flash.c ****   FLASH_Status status = FLASH_COMPLETE;
 1744              		.loc 1 1013 1 is_stmt 0 view .LVU442
 1745 0000 38B5     		push	{r3, r4, r5, lr}
 1746              	.LCFI11:
 1747              		.cfi_def_cfa_offset 16
 1748              		.cfi_offset 3, -16
 1749              		.cfi_offset 4, -12
 1750              		.cfi_offset 5, -8
 1751              		.cfi_offset 14, -4
ARM GAS  /tmp/ccrBRGbZ.s 			page 63


 1752 0002 0546     		mov	r5, r0
 1753 0004 0C46     		mov	r4, r1
1014:./Libraries/src/stm32f4xx_flash.c ****   
 1754              		.loc 1 1014 3 is_stmt 1 view .LVU443
 1755              	.LVL77:
1017:./Libraries/src/stm32f4xx_flash.c ****   assert_param(IS_FUNCTIONAL_STATE(NewState));
 1756              		.loc 1 1017 3 view .LVU444
1018:./Libraries/src/stm32f4xx_flash.c ****     
 1757              		.loc 1 1018 3 view .LVU445
1020:./Libraries/src/stm32f4xx_flash.c **** 
 1758              		.loc 1 1020 3 view .LVU446
1020:./Libraries/src/stm32f4xx_flash.c **** 
 1759              		.loc 1 1020 12 is_stmt 0 view .LVU447
 1760 0006 FFF7FEFF 		bl	FLASH_WaitForLastOperation
 1761              	.LVL78:
1022:./Libraries/src/stm32f4xx_flash.c ****   { 
 1762              		.loc 1 1022 3 is_stmt 1 view .LVU448
1022:./Libraries/src/stm32f4xx_flash.c ****   { 
 1763              		.loc 1 1022 5 is_stmt 0 view .LVU449
 1764 000a 0928     		cmp	r0, #9
 1765 000c 00D0     		beq	.L166
 1766              	.LVL79:
 1767              	.L162:
1033:./Libraries/src/stm32f4xx_flash.c **** 
 1768              		.loc 1 1033 1 view .LVU450
 1769 000e 38BD     		pop	{r3, r4, r5, pc}
 1770              	.LVL80:
 1771              	.L166:
1024:./Libraries/src/stm32f4xx_flash.c ****     {
 1772              		.loc 1 1024 5 is_stmt 1 view .LVU451
1024:./Libraries/src/stm32f4xx_flash.c ****     {
 1773              		.loc 1 1024 7 is_stmt 0 view .LVU452
 1774 0010 34B1     		cbz	r4, .L164
1026:./Libraries/src/stm32f4xx_flash.c ****     }
 1775              		.loc 1 1026 7 is_stmt 1 view .LVU453
 1776 0012 074A     		ldr	r2, .L167
 1777 0014 D38A     		ldrh	r3, [r2, #22]
 1778 0016 9BB2     		uxth	r3, r3
1026:./Libraries/src/stm32f4xx_flash.c ****     }
 1779              		.loc 1 1026 44 is_stmt 0 view .LVU454
 1780 0018 23EA0503 		bic	r3, r3, r5
 1781 001c D382     		strh	r3, [r2, #22]	@ movhi
 1782 001e F6E7     		b	.L162
 1783              	.L164:
1030:./Libraries/src/stm32f4xx_flash.c ****     }
 1784              		.loc 1 1030 7 is_stmt 1 view .LVU455
 1785 0020 034A     		ldr	r2, .L167
 1786 0022 D38A     		ldrh	r3, [r2, #22]
 1787 0024 9BB2     		uxth	r3, r3
1030:./Libraries/src/stm32f4xx_flash.c ****     }
 1788              		.loc 1 1030 47 is_stmt 0 view .LVU456
 1789 0026 A8B2     		uxth	r0, r5
 1790              	.LVL81:
1030:./Libraries/src/stm32f4xx_flash.c ****     }
 1791              		.loc 1 1030 44 view .LVU457
 1792 0028 0343     		orrs	r3, r3, r0
 1793 002a D382     		strh	r3, [r2, #22]	@ movhi
ARM GAS  /tmp/ccrBRGbZ.s 			page 64


1033:./Libraries/src/stm32f4xx_flash.c **** 
 1794              		.loc 1 1033 1 view .LVU458
 1795 002c EFE7     		b	.L162
 1796              	.L168:
 1797 002e 00BF     		.align	2
 1798              	.L167:
 1799 0030 003C0240 		.word	1073888256
 1800              		.cfi_endproc
 1801              	.LFE141:
 1803              		.section	.text.FLASH_OB_WRP1Config,"ax",%progbits
 1804              		.align	1
 1805              		.global	FLASH_OB_WRP1Config
 1806              		.syntax unified
 1807              		.thumb
 1808              		.thumb_func
 1810              	FLASH_OB_WRP1Config:
 1811              	.LVL82:
 1812              	.LFB142:
1055:./Libraries/src/stm32f4xx_flash.c ****   FLASH_Status status = FLASH_COMPLETE;
 1813              		.loc 1 1055 1 is_stmt 1 view -0
 1814              		.cfi_startproc
 1815              		@ args = 0, pretend = 0, frame = 0
 1816              		@ frame_needed = 0, uses_anonymous_args = 0
1055:./Libraries/src/stm32f4xx_flash.c ****   FLASH_Status status = FLASH_COMPLETE;
 1817              		.loc 1 1055 1 is_stmt 0 view .LVU460
 1818 0000 38B5     		push	{r3, r4, r5, lr}
 1819              	.LCFI12:
 1820              		.cfi_def_cfa_offset 16
 1821              		.cfi_offset 3, -16
 1822              		.cfi_offset 4, -12
 1823              		.cfi_offset 5, -8
 1824              		.cfi_offset 14, -4
 1825 0002 0546     		mov	r5, r0
 1826 0004 0C46     		mov	r4, r1
1056:./Libraries/src/stm32f4xx_flash.c ****   
 1827              		.loc 1 1056 3 is_stmt 1 view .LVU461
 1828              	.LVL83:
1059:./Libraries/src/stm32f4xx_flash.c ****   assert_param(IS_FUNCTIONAL_STATE(NewState));
 1829              		.loc 1 1059 3 view .LVU462
1060:./Libraries/src/stm32f4xx_flash.c ****     
 1830              		.loc 1 1060 3 view .LVU463
1062:./Libraries/src/stm32f4xx_flash.c **** 
 1831              		.loc 1 1062 3 view .LVU464
1062:./Libraries/src/stm32f4xx_flash.c **** 
 1832              		.loc 1 1062 12 is_stmt 0 view .LVU465
 1833 0006 FFF7FEFF 		bl	FLASH_WaitForLastOperation
 1834              	.LVL84:
1064:./Libraries/src/stm32f4xx_flash.c ****   { 
 1835              		.loc 1 1064 3 is_stmt 1 view .LVU466
1064:./Libraries/src/stm32f4xx_flash.c ****   { 
 1836              		.loc 1 1064 5 is_stmt 0 view .LVU467
 1837 000a 0928     		cmp	r0, #9
 1838 000c 00D0     		beq	.L173
 1839              	.LVL85:
 1840              	.L169:
1075:./Libraries/src/stm32f4xx_flash.c **** 
 1841              		.loc 1 1075 1 view .LVU468
ARM GAS  /tmp/ccrBRGbZ.s 			page 65


 1842 000e 38BD     		pop	{r3, r4, r5, pc}
 1843              	.LVL86:
 1844              	.L173:
1066:./Libraries/src/stm32f4xx_flash.c ****     {
 1845              		.loc 1 1066 5 is_stmt 1 view .LVU469
1066:./Libraries/src/stm32f4xx_flash.c ****     {
 1846              		.loc 1 1066 7 is_stmt 0 view .LVU470
 1847 0010 34B1     		cbz	r4, .L171
1068:./Libraries/src/stm32f4xx_flash.c ****     }
 1848              		.loc 1 1068 7 is_stmt 1 view .LVU471
 1849 0012 074A     		ldr	r2, .L174
 1850 0014 538B     		ldrh	r3, [r2, #26]
 1851 0016 9BB2     		uxth	r3, r3
1068:./Libraries/src/stm32f4xx_flash.c ****     }
 1852              		.loc 1 1068 45 is_stmt 0 view .LVU472
 1853 0018 23EA0503 		bic	r3, r3, r5
 1854 001c 5383     		strh	r3, [r2, #26]	@ movhi
 1855 001e F6E7     		b	.L169
 1856              	.L171:
1072:./Libraries/src/stm32f4xx_flash.c ****     }
 1857              		.loc 1 1072 7 is_stmt 1 view .LVU473
 1858 0020 034A     		ldr	r2, .L174
 1859 0022 538B     		ldrh	r3, [r2, #26]
 1860 0024 9BB2     		uxth	r3, r3
1072:./Libraries/src/stm32f4xx_flash.c ****     }
 1861              		.loc 1 1072 48 is_stmt 0 view .LVU474
 1862 0026 A8B2     		uxth	r0, r5
 1863              	.LVL87:
1072:./Libraries/src/stm32f4xx_flash.c ****     }
 1864              		.loc 1 1072 45 view .LVU475
 1865 0028 0343     		orrs	r3, r3, r0
 1866 002a 5383     		strh	r3, [r2, #26]	@ movhi
1075:./Libraries/src/stm32f4xx_flash.c **** 
 1867              		.loc 1 1075 1 view .LVU476
 1868 002c EFE7     		b	.L169
 1869              	.L175:
 1870 002e 00BF     		.align	2
 1871              	.L174:
 1872 0030 003C0240 		.word	1073888256
 1873              		.cfi_endproc
 1874              	.LFE142:
 1876              		.section	.text.FLASH_OB_PCROPConfig,"ax",%progbits
 1877              		.align	1
 1878              		.global	FLASH_OB_PCROPConfig
 1879              		.syntax unified
 1880              		.thumb
 1881              		.thumb_func
 1883              	FLASH_OB_PCROPConfig:
 1884              	.LVL88:
 1885              	.LFB144:
1136:./Libraries/src/stm32f4xx_flash.c ****   FLASH_Status status = FLASH_COMPLETE;
 1886              		.loc 1 1136 1 is_stmt 1 view -0
 1887              		.cfi_startproc
 1888              		@ args = 0, pretend = 0, frame = 0
 1889              		@ frame_needed = 0, uses_anonymous_args = 0
1136:./Libraries/src/stm32f4xx_flash.c ****   FLASH_Status status = FLASH_COMPLETE;
 1890              		.loc 1 1136 1 is_stmt 0 view .LVU478
ARM GAS  /tmp/ccrBRGbZ.s 			page 66


 1891 0000 38B5     		push	{r3, r4, r5, lr}
 1892              	.LCFI13:
 1893              		.cfi_def_cfa_offset 16
 1894              		.cfi_offset 3, -16
 1895              		.cfi_offset 4, -12
 1896              		.cfi_offset 5, -8
 1897              		.cfi_offset 14, -4
 1898 0002 0546     		mov	r5, r0
 1899 0004 0C46     		mov	r4, r1
1137:./Libraries/src/stm32f4xx_flash.c ****   
 1900              		.loc 1 1137 3 is_stmt 1 view .LVU479
 1901              	.LVL89:
1140:./Libraries/src/stm32f4xx_flash.c ****   assert_param(IS_FUNCTIONAL_STATE(NewState));
 1902              		.loc 1 1140 3 view .LVU480
1141:./Libraries/src/stm32f4xx_flash.c ****     
 1903              		.loc 1 1141 3 view .LVU481
1143:./Libraries/src/stm32f4xx_flash.c **** 
 1904              		.loc 1 1143 3 view .LVU482
1143:./Libraries/src/stm32f4xx_flash.c **** 
 1905              		.loc 1 1143 12 is_stmt 0 view .LVU483
 1906 0006 FFF7FEFF 		bl	FLASH_WaitForLastOperation
 1907              	.LVL90:
1145:./Libraries/src/stm32f4xx_flash.c ****   { 
 1908              		.loc 1 1145 3 is_stmt 1 view .LVU484
1145:./Libraries/src/stm32f4xx_flash.c ****   { 
 1909              		.loc 1 1145 5 is_stmt 0 view .LVU485
 1910 000a 0928     		cmp	r0, #9
 1911 000c 00D0     		beq	.L180
 1912              	.LVL91:
 1913              	.L176:
1156:./Libraries/src/stm32f4xx_flash.c **** 
 1914              		.loc 1 1156 1 view .LVU486
 1915 000e 38BD     		pop	{r3, r4, r5, pc}
 1916              	.LVL92:
 1917              	.L180:
1147:./Libraries/src/stm32f4xx_flash.c ****     {
 1918              		.loc 1 1147 5 is_stmt 1 view .LVU487
1147:./Libraries/src/stm32f4xx_flash.c ****     {
 1919              		.loc 1 1147 7 is_stmt 0 view .LVU488
 1920 0010 34B1     		cbz	r4, .L178
1149:./Libraries/src/stm32f4xx_flash.c ****     }
 1921              		.loc 1 1149 7 is_stmt 1 view .LVU489
 1922 0012 074A     		ldr	r2, .L181
 1923 0014 D38A     		ldrh	r3, [r2, #22]
 1924 0016 9BB2     		uxth	r3, r3
1149:./Libraries/src/stm32f4xx_flash.c ****     }
 1925              		.loc 1 1149 47 is_stmt 0 view .LVU490
 1926 0018 A8B2     		uxth	r0, r5
 1927              	.LVL93:
1149:./Libraries/src/stm32f4xx_flash.c ****     }
 1928              		.loc 1 1149 44 view .LVU491
 1929 001a 0343     		orrs	r3, r3, r0
 1930 001c D382     		strh	r3, [r2, #22]	@ movhi
 1931 001e F6E7     		b	.L176
 1932              	.LVL94:
 1933              	.L178:
1153:./Libraries/src/stm32f4xx_flash.c ****     }
ARM GAS  /tmp/ccrBRGbZ.s 			page 67


 1934              		.loc 1 1153 7 is_stmt 1 view .LVU492
 1935 0020 034A     		ldr	r2, .L181
 1936 0022 D38A     		ldrh	r3, [r2, #22]
 1937 0024 9BB2     		uxth	r3, r3
1153:./Libraries/src/stm32f4xx_flash.c ****     }
 1938              		.loc 1 1153 44 is_stmt 0 view .LVU493
 1939 0026 23EA0503 		bic	r3, r3, r5
 1940 002a D382     		strh	r3, [r2, #22]	@ movhi
1156:./Libraries/src/stm32f4xx_flash.c **** 
 1941              		.loc 1 1156 1 view .LVU494
 1942 002c EFE7     		b	.L176
 1943              	.L182:
 1944 002e 00BF     		.align	2
 1945              	.L181:
 1946 0030 003C0240 		.word	1073888256
 1947              		.cfi_endproc
 1948              	.LFE144:
 1950              		.section	.text.FLASH_OB_PCROP1Config,"ax",%progbits
 1951              		.align	1
 1952              		.global	FLASH_OB_PCROP1Config
 1953              		.syntax unified
 1954              		.thumb
 1955              		.thumb_func
 1957              	FLASH_OB_PCROP1Config:
 1958              	.LVL95:
 1959              	.LFB145:
1173:./Libraries/src/stm32f4xx_flash.c ****   FLASH_Status status = FLASH_COMPLETE;
 1960              		.loc 1 1173 1 is_stmt 1 view -0
 1961              		.cfi_startproc
 1962              		@ args = 0, pretend = 0, frame = 0
 1963              		@ frame_needed = 0, uses_anonymous_args = 0
1173:./Libraries/src/stm32f4xx_flash.c ****   FLASH_Status status = FLASH_COMPLETE;
 1964              		.loc 1 1173 1 is_stmt 0 view .LVU496
 1965 0000 38B5     		push	{r3, r4, r5, lr}
 1966              	.LCFI14:
 1967              		.cfi_def_cfa_offset 16
 1968              		.cfi_offset 3, -16
 1969              		.cfi_offset 4, -12
 1970              		.cfi_offset 5, -8
 1971              		.cfi_offset 14, -4
 1972 0002 0546     		mov	r5, r0
 1973 0004 0C46     		mov	r4, r1
1174:./Libraries/src/stm32f4xx_flash.c ****   
 1974              		.loc 1 1174 3 is_stmt 1 view .LVU497
 1975              	.LVL96:
1177:./Libraries/src/stm32f4xx_flash.c ****   assert_param(IS_FUNCTIONAL_STATE(NewState));
 1976              		.loc 1 1177 3 view .LVU498
1178:./Libraries/src/stm32f4xx_flash.c ****     
 1977              		.loc 1 1178 3 view .LVU499
1180:./Libraries/src/stm32f4xx_flash.c **** 
 1978              		.loc 1 1180 3 view .LVU500
1180:./Libraries/src/stm32f4xx_flash.c **** 
 1979              		.loc 1 1180 12 is_stmt 0 view .LVU501
 1980 0006 FFF7FEFF 		bl	FLASH_WaitForLastOperation
 1981              	.LVL97:
1182:./Libraries/src/stm32f4xx_flash.c ****   { 
 1982              		.loc 1 1182 3 is_stmt 1 view .LVU502
ARM GAS  /tmp/ccrBRGbZ.s 			page 68


1182:./Libraries/src/stm32f4xx_flash.c ****   { 
 1983              		.loc 1 1182 5 is_stmt 0 view .LVU503
 1984 000a 0928     		cmp	r0, #9
 1985 000c 00D0     		beq	.L187
 1986              	.LVL98:
 1987              	.L183:
1193:./Libraries/src/stm32f4xx_flash.c **** 
 1988              		.loc 1 1193 1 view .LVU504
 1989 000e 38BD     		pop	{r3, r4, r5, pc}
 1990              	.LVL99:
 1991              	.L187:
1184:./Libraries/src/stm32f4xx_flash.c ****     {
 1992              		.loc 1 1184 5 is_stmt 1 view .LVU505
1184:./Libraries/src/stm32f4xx_flash.c ****     {
 1993              		.loc 1 1184 7 is_stmt 0 view .LVU506
 1994 0010 34B1     		cbz	r4, .L185
1186:./Libraries/src/stm32f4xx_flash.c ****     }
 1995              		.loc 1 1186 7 is_stmt 1 view .LVU507
 1996 0012 074A     		ldr	r2, .L188
 1997 0014 538B     		ldrh	r3, [r2, #26]
 1998 0016 9BB2     		uxth	r3, r3
1186:./Libraries/src/stm32f4xx_flash.c ****     }
 1999              		.loc 1 1186 48 is_stmt 0 view .LVU508
 2000 0018 A8B2     		uxth	r0, r5
 2001              	.LVL100:
1186:./Libraries/src/stm32f4xx_flash.c ****     }
 2002              		.loc 1 1186 45 view .LVU509
 2003 001a 0343     		orrs	r3, r3, r0
 2004 001c 5383     		strh	r3, [r2, #26]	@ movhi
 2005 001e F6E7     		b	.L183
 2006              	.LVL101:
 2007              	.L185:
1190:./Libraries/src/stm32f4xx_flash.c ****     }
 2008              		.loc 1 1190 7 is_stmt 1 view .LVU510
 2009 0020 034A     		ldr	r2, .L188
 2010 0022 538B     		ldrh	r3, [r2, #26]
 2011 0024 9BB2     		uxth	r3, r3
1190:./Libraries/src/stm32f4xx_flash.c ****     }
 2012              		.loc 1 1190 45 is_stmt 0 view .LVU511
 2013 0026 23EA0503 		bic	r3, r3, r5
 2014 002a 5383     		strh	r3, [r2, #26]	@ movhi
1193:./Libraries/src/stm32f4xx_flash.c **** 
 2015              		.loc 1 1193 1 view .LVU512
 2016 002c EFE7     		b	.L183
 2017              	.L189:
 2018 002e 00BF     		.align	2
 2019              	.L188:
 2020 0030 003C0240 		.word	1073888256
 2021              		.cfi_endproc
 2022              	.LFE145:
 2024              		.section	.text.FLASH_OB_RDPConfig,"ax",%progbits
 2025              		.align	1
 2026              		.global	FLASH_OB_RDPConfig
 2027              		.syntax unified
 2028              		.thumb
 2029              		.thumb_func
 2031              	FLASH_OB_RDPConfig:
ARM GAS  /tmp/ccrBRGbZ.s 			page 69


 2032              	.LVL102:
 2033              	.LFB146:
1209:./Libraries/src/stm32f4xx_flash.c ****   FLASH_Status status = FLASH_COMPLETE;
 2034              		.loc 1 1209 1 is_stmt 1 view -0
 2035              		.cfi_startproc
 2036              		@ args = 0, pretend = 0, frame = 0
 2037              		@ frame_needed = 0, uses_anonymous_args = 0
1209:./Libraries/src/stm32f4xx_flash.c ****   FLASH_Status status = FLASH_COMPLETE;
 2038              		.loc 1 1209 1 is_stmt 0 view .LVU514
 2039 0000 10B5     		push	{r4, lr}
 2040              	.LCFI15:
 2041              		.cfi_def_cfa_offset 8
 2042              		.cfi_offset 4, -8
 2043              		.cfi_offset 14, -4
 2044 0002 0446     		mov	r4, r0
1210:./Libraries/src/stm32f4xx_flash.c **** 
 2045              		.loc 1 1210 3 is_stmt 1 view .LVU515
 2046              	.LVL103:
1213:./Libraries/src/stm32f4xx_flash.c **** 
 2047              		.loc 1 1213 3 view .LVU516
1215:./Libraries/src/stm32f4xx_flash.c **** 
 2048              		.loc 1 1215 3 view .LVU517
1215:./Libraries/src/stm32f4xx_flash.c **** 
 2049              		.loc 1 1215 12 is_stmt 0 view .LVU518
 2050 0004 FFF7FEFF 		bl	FLASH_WaitForLastOperation
 2051              	.LVL104:
1217:./Libraries/src/stm32f4xx_flash.c ****   {
 2052              		.loc 1 1217 3 is_stmt 1 view .LVU519
1217:./Libraries/src/stm32f4xx_flash.c ****   {
 2053              		.loc 1 1217 5 is_stmt 0 view .LVU520
 2054 0008 0928     		cmp	r0, #9
 2055 000a 00D0     		beq	.L193
 2056              	.L190:
1222:./Libraries/src/stm32f4xx_flash.c **** 
 2057              		.loc 1 1222 1 view .LVU521
 2058 000c 10BD     		pop	{r4, pc}
 2059              	.LVL105:
 2060              	.L193:
1219:./Libraries/src/stm32f4xx_flash.c **** 
 2061              		.loc 1 1219 5 is_stmt 1 view .LVU522
1219:./Libraries/src/stm32f4xx_flash.c **** 
 2062              		.loc 1 1219 41 is_stmt 0 view .LVU523
 2063 000e 014B     		ldr	r3, .L194
 2064 0010 5C75     		strb	r4, [r3, #21]
1222:./Libraries/src/stm32f4xx_flash.c **** 
 2065              		.loc 1 1222 1 view .LVU524
 2066 0012 FBE7     		b	.L190
 2067              	.L195:
 2068              		.align	2
 2069              	.L194:
 2070 0014 003C0240 		.word	1073888256
 2071              		.cfi_endproc
 2072              	.LFE146:
 2074              		.section	.text.FLASH_OB_UserConfig,"ax",%progbits
 2075              		.align	1
 2076              		.global	FLASH_OB_UserConfig
 2077              		.syntax unified
ARM GAS  /tmp/ccrBRGbZ.s 			page 70


 2078              		.thumb
 2079              		.thumb_func
 2081              	FLASH_OB_UserConfig:
 2082              	.LVL106:
 2083              	.LFB147:
1241:./Libraries/src/stm32f4xx_flash.c ****   uint8_t optiontmp = 0xFF;
 2084              		.loc 1 1241 1 is_stmt 1 view -0
 2085              		.cfi_startproc
 2086              		@ args = 0, pretend = 0, frame = 0
 2087              		@ frame_needed = 0, uses_anonymous_args = 0
1241:./Libraries/src/stm32f4xx_flash.c ****   uint8_t optiontmp = 0xFF;
 2088              		.loc 1 1241 1 is_stmt 0 view .LVU526
 2089 0000 F8B5     		push	{r3, r4, r5, r6, r7, lr}
 2090              	.LCFI16:
 2091              		.cfi_def_cfa_offset 24
 2092              		.cfi_offset 3, -24
 2093              		.cfi_offset 4, -20
 2094              		.cfi_offset 5, -16
 2095              		.cfi_offset 6, -12
 2096              		.cfi_offset 7, -8
 2097              		.cfi_offset 14, -4
 2098 0002 0446     		mov	r4, r0
 2099 0004 0E46     		mov	r6, r1
 2100 0006 1546     		mov	r5, r2
1242:./Libraries/src/stm32f4xx_flash.c ****   FLASH_Status status = FLASH_COMPLETE; 
 2101              		.loc 1 1242 3 is_stmt 1 view .LVU527
 2102              	.LVL107:
1243:./Libraries/src/stm32f4xx_flash.c **** 
 2103              		.loc 1 1243 3 view .LVU528
1246:./Libraries/src/stm32f4xx_flash.c ****   assert_param(IS_OB_STOP_SOURCE(OB_STOP));
 2104              		.loc 1 1246 3 view .LVU529
1247:./Libraries/src/stm32f4xx_flash.c ****   assert_param(IS_OB_STDBY_SOURCE(OB_STDBY));
 2105              		.loc 1 1247 3 view .LVU530
1248:./Libraries/src/stm32f4xx_flash.c **** 
 2106              		.loc 1 1248 3 view .LVU531
1251:./Libraries/src/stm32f4xx_flash.c ****   
 2107              		.loc 1 1251 3 view .LVU532
1251:./Libraries/src/stm32f4xx_flash.c ****   
 2108              		.loc 1 1251 12 is_stmt 0 view .LVU533
 2109 0008 FFF7FEFF 		bl	FLASH_WaitForLastOperation
 2110              	.LVL108:
1253:./Libraries/src/stm32f4xx_flash.c ****   { 
 2111              		.loc 1 1253 3 is_stmt 1 view .LVU534
1253:./Libraries/src/stm32f4xx_flash.c ****   { 
 2112              		.loc 1 1253 5 is_stmt 0 view .LVU535
 2113 000c 0928     		cmp	r0, #9
 2114 000e 00D0     		beq	.L199
 2115              	.LVL109:
 2116              	.L196:
1268:./Libraries/src/stm32f4xx_flash.c **** 
 2117              		.loc 1 1268 1 view .LVU536
 2118 0010 F8BD     		pop	{r3, r4, r5, r6, r7, pc}
 2119              	.LVL110:
 2120              	.L199:
1262:./Libraries/src/stm32f4xx_flash.c **** #endif /* STM32F40_41xxx || STM32F401xx || STM32F410xx || STM32F411xE || STM32F446xx */ 
 2121              		.loc 1 1262 5 is_stmt 1 view .LVU537
1262:./Libraries/src/stm32f4xx_flash.c **** #endif /* STM32F40_41xxx || STM32F401xx || STM32F410xx || STM32F411xE || STM32F446xx */ 
ARM GAS  /tmp/ccrBRGbZ.s 			page 71


 2122              		.loc 1 1262 67 is_stmt 0 view .LVU538
 2123 0012 064F     		ldr	r7, .L200
 2124 0014 3B7D     		ldrb	r3, [r7, #20]	@ zero_extendqisi2
1262:./Libraries/src/stm32f4xx_flash.c **** #endif /* STM32F40_41xxx || STM32F401xx || STM32F410xx || STM32F411xE || STM32F446xx */ 
 2125              		.loc 1 1262 15 view .LVU539
 2126 0016 03F00F03 		and	r3, r3, #15
 2127              	.LVL111:
1266:./Libraries/src/stm32f4xx_flash.c ****   }  
 2128              		.loc 1 1266 5 is_stmt 1 view .LVU540
1266:./Libraries/src/stm32f4xx_flash.c ****   }  
 2129              		.loc 1 1266 75 is_stmt 0 view .LVU541
 2130 001a 43EA0601 		orr	r1, r3, r6
1266:./Libraries/src/stm32f4xx_flash.c ****   }  
 2131              		.loc 1 1266 54 view .LVU542
 2132 001e 41EA0502 		orr	r2, r1, r5
1266:./Libraries/src/stm32f4xx_flash.c ****   }  
 2133              		.loc 1 1266 42 view .LVU543
 2134 0022 42EA0400 		orr	r0, r2, r4
 2135              	.LVL112:
1266:./Libraries/src/stm32f4xx_flash.c ****   }  
 2136              		.loc 1 1266 42 view .LVU544
 2137 0026 3875     		strb	r0, [r7, #20]
1268:./Libraries/src/stm32f4xx_flash.c **** 
 2138              		.loc 1 1268 1 view .LVU545
 2139 0028 F2E7     		b	.L196
 2140              	.L201:
 2141 002a 00BF     		.align	2
 2142              	.L200:
 2143 002c 003C0240 		.word	1073888256
 2144              		.cfi_endproc
 2145              	.LFE147:
 2147              		.section	.text.FLASH_OB_Launch,"ax",%progbits
 2148              		.align	1
 2149              		.global	FLASH_OB_Launch
 2150              		.syntax unified
 2151              		.thumb
 2152              		.thumb_func
 2154              	FLASH_OB_Launch:
 2155              	.LFB150:
1320:./Libraries/src/stm32f4xx_flash.c ****   FLASH_Status status = FLASH_COMPLETE;
 2156              		.loc 1 1320 1 is_stmt 1 view -0
 2157              		.cfi_startproc
 2158              		@ args = 0, pretend = 0, frame = 0
 2159              		@ frame_needed = 0, uses_anonymous_args = 0
 2160 0000 08B5     		push	{r3, lr}
 2161              	.LCFI17:
 2162              		.cfi_def_cfa_offset 8
 2163              		.cfi_offset 3, -8
 2164              		.cfi_offset 14, -4
1321:./Libraries/src/stm32f4xx_flash.c **** 
 2165              		.loc 1 1321 3 view .LVU547
 2166              	.LVL113:
1324:./Libraries/src/stm32f4xx_flash.c **** 
 2167              		.loc 1 1324 3 view .LVU548
 2168 0002 044A     		ldr	r2, .L204
 2169 0004 137D     		ldrb	r3, [r2, #20]	@ zero_extendqisi2
1324:./Libraries/src/stm32f4xx_flash.c **** 
ARM GAS  /tmp/ccrBRGbZ.s 			page 72


 2170              		.loc 1 1324 40 is_stmt 0 view .LVU549
 2171 0006 43F00203 		orr	r3, r3, #2
 2172 000a 1375     		strb	r3, [r2, #20]
1327:./Libraries/src/stm32f4xx_flash.c **** 
 2173              		.loc 1 1327 3 is_stmt 1 view .LVU550
1327:./Libraries/src/stm32f4xx_flash.c **** 
 2174              		.loc 1 1327 12 is_stmt 0 view .LVU551
 2175 000c FFF7FEFF 		bl	FLASH_WaitForLastOperation
 2176              	.LVL114:
1329:./Libraries/src/stm32f4xx_flash.c **** }
 2177              		.loc 1 1329 3 is_stmt 1 view .LVU552
1330:./Libraries/src/stm32f4xx_flash.c **** 
 2178              		.loc 1 1330 1 is_stmt 0 view .LVU553
 2179 0010 08BD     		pop	{r3, pc}
 2180              	.L205:
 2181 0012 00BF     		.align	2
 2182              	.L204:
 2183 0014 003C0240 		.word	1073888256
 2184              		.cfi_endproc
 2185              	.LFE150:
 2187              		.text
 2188              	.Letext0:
 2189              		.file 2 "/opt/gcc-arm-none-eabi/arm-none-eabi/include/machine/_default_types.h"
 2190              		.file 3 "/opt/gcc-arm-none-eabi/arm-none-eabi/include/sys/_stdint.h"
 2191              		.file 4 "./system/stm32f4xx.h"
 2192              		.file 5 "./Libraries/inc/stm32f4xx_flash.h"
ARM GAS  /tmp/ccrBRGbZ.s 			page 73


DEFINED SYMBOLS
                            *ABS*:00000000 stm32f4xx_flash.c
     /tmp/ccrBRGbZ.s:21     .text.FLASH_SetLatency:00000000 $t
     /tmp/ccrBRGbZ.s:27     .text.FLASH_SetLatency:00000000 FLASH_SetLatency
     /tmp/ccrBRGbZ.s:48     .text.FLASH_SetLatency:00000008 $d
     /tmp/ccrBRGbZ.s:53     .text.FLASH_PrefetchBufferCmd:00000000 $t
     /tmp/ccrBRGbZ.s:59     .text.FLASH_PrefetchBufferCmd:00000000 FLASH_PrefetchBufferCmd
     /tmp/ccrBRGbZ.s:92     .text.FLASH_PrefetchBufferCmd:0000001c $d
     /tmp/ccrBRGbZ.s:97     .text.FLASH_InstructionCacheCmd:00000000 $t
     /tmp/ccrBRGbZ.s:103    .text.FLASH_InstructionCacheCmd:00000000 FLASH_InstructionCacheCmd
     /tmp/ccrBRGbZ.s:136    .text.FLASH_InstructionCacheCmd:0000001c $d
     /tmp/ccrBRGbZ.s:141    .text.FLASH_DataCacheCmd:00000000 $t
     /tmp/ccrBRGbZ.s:147    .text.FLASH_DataCacheCmd:00000000 FLASH_DataCacheCmd
     /tmp/ccrBRGbZ.s:180    .text.FLASH_DataCacheCmd:0000001c $d
     /tmp/ccrBRGbZ.s:185    .text.FLASH_InstructionCacheReset:00000000 $t
     /tmp/ccrBRGbZ.s:191    .text.FLASH_InstructionCacheReset:00000000 FLASH_InstructionCacheReset
     /tmp/ccrBRGbZ.s:210    .text.FLASH_InstructionCacheReset:0000000c $d
     /tmp/ccrBRGbZ.s:215    .text.FLASH_DataCacheReset:00000000 $t
     /tmp/ccrBRGbZ.s:221    .text.FLASH_DataCacheReset:00000000 FLASH_DataCacheReset
     /tmp/ccrBRGbZ.s:240    .text.FLASH_DataCacheReset:0000000c $d
     /tmp/ccrBRGbZ.s:245    .text.FLASH_Unlock:00000000 $t
     /tmp/ccrBRGbZ.s:251    .text.FLASH_Unlock:00000000 FLASH_Unlock
     /tmp/ccrBRGbZ.s:283    .text.FLASH_Unlock:00000018 $d
     /tmp/ccrBRGbZ.s:289    .text.FLASH_Lock:00000000 $t
     /tmp/ccrBRGbZ.s:295    .text.FLASH_Lock:00000000 FLASH_Lock
     /tmp/ccrBRGbZ.s:314    .text.FLASH_Lock:0000000c $d
     /tmp/ccrBRGbZ.s:319    .text.FLASH_OB_Unlock:00000000 $t
     /tmp/ccrBRGbZ.s:325    .text.FLASH_OB_Unlock:00000000 FLASH_OB_Unlock
     /tmp/ccrBRGbZ.s:354    .text.FLASH_OB_Unlock:00000018 $d
     /tmp/ccrBRGbZ.s:360    .text.FLASH_OB_Lock:00000000 $t
     /tmp/ccrBRGbZ.s:366    .text.FLASH_OB_Lock:00000000 FLASH_OB_Lock
     /tmp/ccrBRGbZ.s:385    .text.FLASH_OB_Lock:0000000c $d
     /tmp/ccrBRGbZ.s:390    .text.FLASH_OB_PCROPSelectionConfig:00000000 $t
     /tmp/ccrBRGbZ.s:396    .text.FLASH_OB_PCROPSelectionConfig:00000000 FLASH_OB_PCROPSelectionConfig
     /tmp/ccrBRGbZ.s:424    .text.FLASH_OB_PCROPSelectionConfig:00000010 $d
     /tmp/ccrBRGbZ.s:429    .text.FLASH_OB_BootConfig:00000000 $t
     /tmp/ccrBRGbZ.s:435    .text.FLASH_OB_BootConfig:00000000 FLASH_OB_BootConfig
     /tmp/ccrBRGbZ.s:460    .text.FLASH_OB_BootConfig:00000014 $d
     /tmp/ccrBRGbZ.s:465    .text.FLASH_OB_BORConfig:00000000 $t
     /tmp/ccrBRGbZ.s:471    .text.FLASH_OB_BORConfig:00000000 FLASH_OB_BORConfig
     /tmp/ccrBRGbZ.s:496    .text.FLASH_OB_BORConfig:00000014 $d
     /tmp/ccrBRGbZ.s:501    .text.FLASH_OB_GetUser:00000000 $t
     /tmp/ccrBRGbZ.s:507    .text.FLASH_OB_GetUser:00000000 FLASH_OB_GetUser
     /tmp/ccrBRGbZ.s:524    .text.FLASH_OB_GetUser:0000000c $d
     /tmp/ccrBRGbZ.s:529    .text.FLASH_OB_GetWRP:00000000 $t
     /tmp/ccrBRGbZ.s:535    .text.FLASH_OB_GetWRP:00000000 FLASH_OB_GetWRP
     /tmp/ccrBRGbZ.s:552    .text.FLASH_OB_GetWRP:00000008 $d
     /tmp/ccrBRGbZ.s:557    .text.FLASH_OB_GetWRP1:00000000 $t
     /tmp/ccrBRGbZ.s:563    .text.FLASH_OB_GetWRP1:00000000 FLASH_OB_GetWRP1
     /tmp/ccrBRGbZ.s:580    .text.FLASH_OB_GetWRP1:00000008 $d
     /tmp/ccrBRGbZ.s:585    .text.FLASH_OB_GetPCROP:00000000 $t
     /tmp/ccrBRGbZ.s:591    .text.FLASH_OB_GetPCROP:00000000 FLASH_OB_GetPCROP
     /tmp/ccrBRGbZ.s:608    .text.FLASH_OB_GetPCROP:00000008 $d
     /tmp/ccrBRGbZ.s:613    .text.FLASH_OB_GetPCROP1:00000000 $t
     /tmp/ccrBRGbZ.s:619    .text.FLASH_OB_GetPCROP1:00000000 FLASH_OB_GetPCROP1
     /tmp/ccrBRGbZ.s:636    .text.FLASH_OB_GetPCROP1:00000008 $d
     /tmp/ccrBRGbZ.s:641    .text.FLASH_OB_GetRDP:00000000 $t
ARM GAS  /tmp/ccrBRGbZ.s 			page 74


     /tmp/ccrBRGbZ.s:647    .text.FLASH_OB_GetRDP:00000000 FLASH_OB_GetRDP
     /tmp/ccrBRGbZ.s:676    .text.FLASH_OB_GetRDP:00000010 $d
     /tmp/ccrBRGbZ.s:681    .text.FLASH_OB_GetBOR:00000000 $t
     /tmp/ccrBRGbZ.s:687    .text.FLASH_OB_GetBOR:00000000 FLASH_OB_GetBOR
     /tmp/ccrBRGbZ.s:704    .text.FLASH_OB_GetBOR:0000000c $d
     /tmp/ccrBRGbZ.s:709    .text.FLASH_ITConfig:00000000 $t
     /tmp/ccrBRGbZ.s:715    .text.FLASH_ITConfig:00000000 FLASH_ITConfig
     /tmp/ccrBRGbZ.s:749    .text.FLASH_ITConfig:00000018 $d
     /tmp/ccrBRGbZ.s:754    .text.FLASH_GetFlagStatus:00000000 $t
     /tmp/ccrBRGbZ.s:760    .text.FLASH_GetFlagStatus:00000000 FLASH_GetFlagStatus
     /tmp/ccrBRGbZ.s:793    .text.FLASH_GetFlagStatus:00000010 $d
     /tmp/ccrBRGbZ.s:798    .text.FLASH_ClearFlag:00000000 $t
     /tmp/ccrBRGbZ.s:804    .text.FLASH_ClearFlag:00000000 FLASH_ClearFlag
     /tmp/ccrBRGbZ.s:822    .text.FLASH_ClearFlag:00000008 $d
     /tmp/ccrBRGbZ.s:827    .text.FLASH_GetStatus:00000000 $t
     /tmp/ccrBRGbZ.s:833    .text.FLASH_GetStatus:00000000 FLASH_GetStatus
     /tmp/ccrBRGbZ.s:906    .text.FLASH_GetStatus:0000004c $d
     /tmp/ccrBRGbZ.s:911    .text.FLASH_WaitForLastOperation:00000000 $t
     /tmp/ccrBRGbZ.s:917    .text.FLASH_WaitForLastOperation:00000000 FLASH_WaitForLastOperation
     /tmp/ccrBRGbZ.s:968    .text.FLASH_EraseSector:00000000 $t
     /tmp/ccrBRGbZ.s:974    .text.FLASH_EraseSector:00000000 FLASH_EraseSector
     /tmp/ccrBRGbZ.s:1082   .text.FLASH_EraseSector:0000006c $d
     /tmp/ccrBRGbZ.s:1087   .text.FLASH_EraseAllSectors:00000000 $t
     /tmp/ccrBRGbZ.s:1093   .text.FLASH_EraseAllSectors:00000000 FLASH_EraseAllSectors
     /tmp/ccrBRGbZ.s:1188   .text.FLASH_EraseAllSectors:0000005c $d
     /tmp/ccrBRGbZ.s:1193   .text.FLASH_EraseAllBank1Sectors:00000000 $t
     /tmp/ccrBRGbZ.s:1199   .text.FLASH_EraseAllBank1Sectors:00000000 FLASH_EraseAllBank1Sectors
     /tmp/ccrBRGbZ.s:1294   .text.FLASH_EraseAllBank1Sectors:0000005c $d
     /tmp/ccrBRGbZ.s:1299   .text.FLASH_EraseAllBank2Sectors:00000000 $t
     /tmp/ccrBRGbZ.s:1305   .text.FLASH_EraseAllBank2Sectors:00000000 FLASH_EraseAllBank2Sectors
     /tmp/ccrBRGbZ.s:1400   .text.FLASH_EraseAllBank2Sectors:0000005c $d
     /tmp/ccrBRGbZ.s:1405   .text.FLASH_ProgramDoubleWord:00000000 $t
     /tmp/ccrBRGbZ.s:1411   .text.FLASH_ProgramDoubleWord:00000000 FLASH_ProgramDoubleWord
     /tmp/ccrBRGbZ.s:1484   .text.FLASH_ProgramDoubleWord:00000040 $d
     /tmp/ccrBRGbZ.s:1489   .text.FLASH_ProgramWord:00000000 $t
     /tmp/ccrBRGbZ.s:1495   .text.FLASH_ProgramWord:00000000 FLASH_ProgramWord
     /tmp/ccrBRGbZ.s:1565   .text.FLASH_ProgramWord:0000003c $d
     /tmp/ccrBRGbZ.s:1570   .text.FLASH_ProgramHalfWord:00000000 $t
     /tmp/ccrBRGbZ.s:1576   .text.FLASH_ProgramHalfWord:00000000 FLASH_ProgramHalfWord
     /tmp/ccrBRGbZ.s:1646   .text.FLASH_ProgramHalfWord:0000003c $d
     /tmp/ccrBRGbZ.s:1651   .text.FLASH_ProgramByte:00000000 $t
     /tmp/ccrBRGbZ.s:1657   .text.FLASH_ProgramByte:00000000 FLASH_ProgramByte
     /tmp/ccrBRGbZ.s:1726   .text.FLASH_ProgramByte:00000038 $d
     /tmp/ccrBRGbZ.s:1731   .text.FLASH_OB_WRPConfig:00000000 $t
     /tmp/ccrBRGbZ.s:1737   .text.FLASH_OB_WRPConfig:00000000 FLASH_OB_WRPConfig
     /tmp/ccrBRGbZ.s:1799   .text.FLASH_OB_WRPConfig:00000030 $d
     /tmp/ccrBRGbZ.s:1804   .text.FLASH_OB_WRP1Config:00000000 $t
     /tmp/ccrBRGbZ.s:1810   .text.FLASH_OB_WRP1Config:00000000 FLASH_OB_WRP1Config
     /tmp/ccrBRGbZ.s:1872   .text.FLASH_OB_WRP1Config:00000030 $d
     /tmp/ccrBRGbZ.s:1877   .text.FLASH_OB_PCROPConfig:00000000 $t
     /tmp/ccrBRGbZ.s:1883   .text.FLASH_OB_PCROPConfig:00000000 FLASH_OB_PCROPConfig
     /tmp/ccrBRGbZ.s:1946   .text.FLASH_OB_PCROPConfig:00000030 $d
     /tmp/ccrBRGbZ.s:1951   .text.FLASH_OB_PCROP1Config:00000000 $t
     /tmp/ccrBRGbZ.s:1957   .text.FLASH_OB_PCROP1Config:00000000 FLASH_OB_PCROP1Config
     /tmp/ccrBRGbZ.s:2020   .text.FLASH_OB_PCROP1Config:00000030 $d
     /tmp/ccrBRGbZ.s:2025   .text.FLASH_OB_RDPConfig:00000000 $t
     /tmp/ccrBRGbZ.s:2031   .text.FLASH_OB_RDPConfig:00000000 FLASH_OB_RDPConfig
ARM GAS  /tmp/ccrBRGbZ.s 			page 75


     /tmp/ccrBRGbZ.s:2070   .text.FLASH_OB_RDPConfig:00000014 $d
     /tmp/ccrBRGbZ.s:2075   .text.FLASH_OB_UserConfig:00000000 $t
     /tmp/ccrBRGbZ.s:2081   .text.FLASH_OB_UserConfig:00000000 FLASH_OB_UserConfig
     /tmp/ccrBRGbZ.s:2143   .text.FLASH_OB_UserConfig:0000002c $d
     /tmp/ccrBRGbZ.s:2148   .text.FLASH_OB_Launch:00000000 $t
     /tmp/ccrBRGbZ.s:2154   .text.FLASH_OB_Launch:00000000 FLASH_OB_Launch
     /tmp/ccrBRGbZ.s:2183   .text.FLASH_OB_Launch:00000014 $d

NO UNDEFINED SYMBOLS
