ARM GAS  /tmp/cc0EAqnP.s 			page 1


   1              		.cpu cortex-m4
   2              		.arch armv7e-m
   3              		.fpu fpv4-sp-d16
   4              		.eabi_attribute 27, 1
   5              		.eabi_attribute 28, 1
   6              		.eabi_attribute 20, 1
   7              		.eabi_attribute 21, 1
   8              		.eabi_attribute 23, 3
   9              		.eabi_attribute 24, 1
  10              		.eabi_attribute 25, 1
  11              		.eabi_attribute 26, 1
  12              		.eabi_attribute 30, 1
  13              		.eabi_attribute 34, 1
  14              		.eabi_attribute 18, 4
  15              		.file	"stm32f4xx_tim.c"
  16              		.text
  17              	.Ltext0:
  18              		.cfi_sections	.debug_frame
  19              		.file 1 "./Libraries/src/stm32f4xx_tim.c"
  20              		.section	.text.TI1_Config,"ax",%progbits
  21              		.align	1
  22              		.syntax unified
  23              		.thumb
  24              		.thumb_func
  26              	TI1_Config:
  27              	.LVL0:
  28              	.LFB211:
   1:./Libraries/src/stm32f4xx_tim.c **** /**
   2:./Libraries/src/stm32f4xx_tim.c ****   ******************************************************************************
   3:./Libraries/src/stm32f4xx_tim.c ****   * @file    stm32f4xx_tim.c
   4:./Libraries/src/stm32f4xx_tim.c ****   * @author  MCD Application Team
   5:./Libraries/src/stm32f4xx_tim.c ****   * @version V1.8.0
   6:./Libraries/src/stm32f4xx_tim.c ****   * @date    04-November-2016
   7:./Libraries/src/stm32f4xx_tim.c ****   * @brief   This file provides firmware functions to manage the following 
   8:./Libraries/src/stm32f4xx_tim.c ****   *          functionalities of the TIM peripheral:
   9:./Libraries/src/stm32f4xx_tim.c ****   *            + TimeBase management
  10:./Libraries/src/stm32f4xx_tim.c ****   *            + Output Compare management
  11:./Libraries/src/stm32f4xx_tim.c ****   *            + Input Capture management
  12:./Libraries/src/stm32f4xx_tim.c ****   *            + Advanced-control timers (TIM1 and TIM8) specific features  
  13:./Libraries/src/stm32f4xx_tim.c ****   *            + Interrupts, DMA and flags management
  14:./Libraries/src/stm32f4xx_tim.c ****   *            + Clocks management
  15:./Libraries/src/stm32f4xx_tim.c ****   *            + Synchronization management
  16:./Libraries/src/stm32f4xx_tim.c ****   *            + Specific interface management
  17:./Libraries/src/stm32f4xx_tim.c ****   *            + Specific remapping management      
  18:./Libraries/src/stm32f4xx_tim.c ****   *              
  19:./Libraries/src/stm32f4xx_tim.c ****   @verbatim   
  20:./Libraries/src/stm32f4xx_tim.c ****  ===============================================================================
  21:./Libraries/src/stm32f4xx_tim.c ****                    #####  How to use this driver #####
  22:./Libraries/src/stm32f4xx_tim.c ****  ===============================================================================
  23:./Libraries/src/stm32f4xx_tim.c ****     [..]
  24:./Libraries/src/stm32f4xx_tim.c ****     This driver provides functions to configure and program the TIM 
  25:./Libraries/src/stm32f4xx_tim.c ****     of all STM32F4xx devices.
  26:./Libraries/src/stm32f4xx_tim.c ****     These functions are split in 9 groups: 
  27:./Libraries/src/stm32f4xx_tim.c ****      
  28:./Libraries/src/stm32f4xx_tim.c ****       (#) TIM TimeBase management: this group includes all needed functions 
  29:./Libraries/src/stm32f4xx_tim.c ****           to configure the TM Timebase unit:
  30:./Libraries/src/stm32f4xx_tim.c ****         (++) Set/Get Prescaler
ARM GAS  /tmp/cc0EAqnP.s 			page 2


  31:./Libraries/src/stm32f4xx_tim.c ****         (++) Set/Get Autoreload  
  32:./Libraries/src/stm32f4xx_tim.c ****         (++) Counter modes configuration
  33:./Libraries/src/stm32f4xx_tim.c ****         (++) Set Clock division  
  34:./Libraries/src/stm32f4xx_tim.c ****         (++) Select the One Pulse mode
  35:./Libraries/src/stm32f4xx_tim.c ****         (++) Update Request Configuration
  36:./Libraries/src/stm32f4xx_tim.c ****         (++) Update Disable Configuration
  37:./Libraries/src/stm32f4xx_tim.c ****         (++) Auto-Preload Configuration 
  38:./Libraries/src/stm32f4xx_tim.c ****         (++) Enable/Disable the counter     
  39:./Libraries/src/stm32f4xx_tim.c ****                    
  40:./Libraries/src/stm32f4xx_tim.c ****       (#) TIM Output Compare management: this group includes all needed 
  41:./Libraries/src/stm32f4xx_tim.c ****           functions to configure the Capture/Compare unit used in Output 
  42:./Libraries/src/stm32f4xx_tim.c ****           compare mode: 
  43:./Libraries/src/stm32f4xx_tim.c ****         (++) Configure each channel, independently, in Output Compare mode
  44:./Libraries/src/stm32f4xx_tim.c ****         (++) Select the output compare modes
  45:./Libraries/src/stm32f4xx_tim.c ****         (++) Select the Polarities of each channel
  46:./Libraries/src/stm32f4xx_tim.c ****         (++) Set/Get the Capture/Compare register values
  47:./Libraries/src/stm32f4xx_tim.c ****         (++) Select the Output Compare Fast mode 
  48:./Libraries/src/stm32f4xx_tim.c ****         (++) Select the Output Compare Forced mode  
  49:./Libraries/src/stm32f4xx_tim.c ****         (++) Output Compare-Preload Configuration 
  50:./Libraries/src/stm32f4xx_tim.c ****         (++) Clear Output Compare Reference
  51:./Libraries/src/stm32f4xx_tim.c ****         (++) Select the OCREF Clear signal
  52:./Libraries/src/stm32f4xx_tim.c ****         (++) Enable/Disable the Capture/Compare Channels    
  53:./Libraries/src/stm32f4xx_tim.c ****                      
  54:./Libraries/src/stm32f4xx_tim.c ****       (#) TIM Input Capture management: this group includes all needed 
  55:./Libraries/src/stm32f4xx_tim.c ****           functions to configure the Capture/Compare unit used in 
  56:./Libraries/src/stm32f4xx_tim.c ****           Input Capture mode:
  57:./Libraries/src/stm32f4xx_tim.c ****         (++) Configure each channel in input capture mode
  58:./Libraries/src/stm32f4xx_tim.c ****         (++) Configure Channel1/2 in PWM Input mode
  59:./Libraries/src/stm32f4xx_tim.c ****         (++) Set the Input Capture Prescaler
  60:./Libraries/src/stm32f4xx_tim.c ****         (++) Get the Capture/Compare values      
  61:./Libraries/src/stm32f4xx_tim.c ****                      
  62:./Libraries/src/stm32f4xx_tim.c ****       (#) Advanced-control timers (TIM1 and TIM8) specific features
  63:./Libraries/src/stm32f4xx_tim.c ****         (++) Configures the Break input, dead time, Lock level, the OSSI,
  64:./Libraries/src/stm32f4xx_tim.c ****              the OSSR State and the AOE(automatic output enable)
  65:./Libraries/src/stm32f4xx_tim.c ****         (++) Enable/Disable the TIM peripheral Main Outputs
  66:./Libraries/src/stm32f4xx_tim.c ****         (++) Select the Commutation event
  67:./Libraries/src/stm32f4xx_tim.c ****         (++) Set/Reset the Capture Compare Preload Control bit
  68:./Libraries/src/stm32f4xx_tim.c ****                                 
  69:./Libraries/src/stm32f4xx_tim.c ****       (#) TIM interrupts, DMA and flags management
  70:./Libraries/src/stm32f4xx_tim.c ****         (++) Enable/Disable interrupt sources
  71:./Libraries/src/stm32f4xx_tim.c ****         (++) Get flags status
  72:./Libraries/src/stm32f4xx_tim.c ****         (++) Clear flags/ Pending bits
  73:./Libraries/src/stm32f4xx_tim.c ****         (++) Enable/Disable DMA requests 
  74:./Libraries/src/stm32f4xx_tim.c ****         (++) Configure DMA burst mode
  75:./Libraries/src/stm32f4xx_tim.c ****         (++) Select CaptureCompare DMA request  
  76:./Libraries/src/stm32f4xx_tim.c ****                 
  77:./Libraries/src/stm32f4xx_tim.c ****       (#) TIM clocks management: this group includes all needed functions 
  78:./Libraries/src/stm32f4xx_tim.c ****           to configure the clock controller unit:
  79:./Libraries/src/stm32f4xx_tim.c ****         (++) Select internal/External clock
  80:./Libraries/src/stm32f4xx_tim.c ****         (++) Select the external clock mode: ETR(Mode1/Mode2), TIx or ITRx
  81:./Libraries/src/stm32f4xx_tim.c ****            
  82:./Libraries/src/stm32f4xx_tim.c ****       (#) TIM synchronization management: this group includes all needed 
  83:./Libraries/src/stm32f4xx_tim.c ****           functions to configure the Synchronization unit:
  84:./Libraries/src/stm32f4xx_tim.c ****         (++) Select Input Trigger  
  85:./Libraries/src/stm32f4xx_tim.c ****         (++) Select Output Trigger  
  86:./Libraries/src/stm32f4xx_tim.c ****         (++) Select Master Slave Mode 
  87:./Libraries/src/stm32f4xx_tim.c ****         (++) ETR Configuration when used as external trigger   
ARM GAS  /tmp/cc0EAqnP.s 			page 3


  88:./Libraries/src/stm32f4xx_tim.c ****        
  89:./Libraries/src/stm32f4xx_tim.c ****       (#) TIM specific interface management, this group includes all 
  90:./Libraries/src/stm32f4xx_tim.c ****           needed functions to use the specific TIM interface:
  91:./Libraries/src/stm32f4xx_tim.c ****         (++) Encoder Interface Configuration
  92:./Libraries/src/stm32f4xx_tim.c ****         (++) Select Hall Sensor   
  93:./Libraries/src/stm32f4xx_tim.c ****            
  94:./Libraries/src/stm32f4xx_tim.c ****       (#) TIM specific remapping management includes the Remapping 
  95:./Libraries/src/stm32f4xx_tim.c ****           configuration of specific timers               
  96:./Libraries/src/stm32f4xx_tim.c ****      
  97:./Libraries/src/stm32f4xx_tim.c ****   @endverbatim    
  98:./Libraries/src/stm32f4xx_tim.c ****   ******************************************************************************
  99:./Libraries/src/stm32f4xx_tim.c ****   * @attention
 100:./Libraries/src/stm32f4xx_tim.c ****   *
 101:./Libraries/src/stm32f4xx_tim.c ****   * <h2><center>&copy; COPYRIGHT 2016 STMicroelectronics</center></h2>
 102:./Libraries/src/stm32f4xx_tim.c ****   *
 103:./Libraries/src/stm32f4xx_tim.c ****   * Licensed under MCD-ST Liberty SW License Agreement V2, (the "License");
 104:./Libraries/src/stm32f4xx_tim.c ****   * You may not use this file except in compliance with the License.
 105:./Libraries/src/stm32f4xx_tim.c ****   * You may obtain a copy of the License at:
 106:./Libraries/src/stm32f4xx_tim.c ****   *
 107:./Libraries/src/stm32f4xx_tim.c ****   *        http://www.st.com/software_license_agreement_liberty_v2
 108:./Libraries/src/stm32f4xx_tim.c ****   *
 109:./Libraries/src/stm32f4xx_tim.c ****   * Unless required by applicable law or agreed to in writing, software 
 110:./Libraries/src/stm32f4xx_tim.c ****   * distributed under the License is distributed on an "AS IS" BASIS, 
 111:./Libraries/src/stm32f4xx_tim.c ****   * WITHOUT WARRANTIES OR CONDITIONS OF ANY KIND, either express or implied.
 112:./Libraries/src/stm32f4xx_tim.c ****   * See the License for the specific language governing permissions and
 113:./Libraries/src/stm32f4xx_tim.c ****   * limitations under the License.
 114:./Libraries/src/stm32f4xx_tim.c ****   *
 115:./Libraries/src/stm32f4xx_tim.c ****   ******************************************************************************
 116:./Libraries/src/stm32f4xx_tim.c ****   */
 117:./Libraries/src/stm32f4xx_tim.c **** 
 118:./Libraries/src/stm32f4xx_tim.c **** /* Includes ------------------------------------------------------------------*/
 119:./Libraries/src/stm32f4xx_tim.c **** #include "stm32f4xx_tim.h"
 120:./Libraries/src/stm32f4xx_tim.c **** #include "stm32f4xx_rcc.h"
 121:./Libraries/src/stm32f4xx_tim.c **** 
 122:./Libraries/src/stm32f4xx_tim.c **** /** @addtogroup STM32F4xx_StdPeriph_Driver
 123:./Libraries/src/stm32f4xx_tim.c ****   * @{
 124:./Libraries/src/stm32f4xx_tim.c ****   */
 125:./Libraries/src/stm32f4xx_tim.c **** 
 126:./Libraries/src/stm32f4xx_tim.c **** /** @defgroup TIM 
 127:./Libraries/src/stm32f4xx_tim.c ****   * @brief TIM driver modules
 128:./Libraries/src/stm32f4xx_tim.c ****   * @{
 129:./Libraries/src/stm32f4xx_tim.c ****   */
 130:./Libraries/src/stm32f4xx_tim.c **** 
 131:./Libraries/src/stm32f4xx_tim.c **** /* Private typedef -----------------------------------------------------------*/
 132:./Libraries/src/stm32f4xx_tim.c **** /* Private define ------------------------------------------------------------*/
 133:./Libraries/src/stm32f4xx_tim.c **** 
 134:./Libraries/src/stm32f4xx_tim.c **** /* ---------------------- TIM registers bit mask ------------------------ */
 135:./Libraries/src/stm32f4xx_tim.c **** #define SMCR_ETR_MASK      ((uint16_t)0x00FF) 
 136:./Libraries/src/stm32f4xx_tim.c **** #define CCMR_OFFSET        ((uint16_t)0x0018)
 137:./Libraries/src/stm32f4xx_tim.c **** #define CCER_CCE_SET       ((uint16_t)0x0001)  
 138:./Libraries/src/stm32f4xx_tim.c **** #define	CCER_CCNE_SET      ((uint16_t)0x0004) 
 139:./Libraries/src/stm32f4xx_tim.c **** #define CCMR_OC13M_MASK    ((uint16_t)0xFF8F)
 140:./Libraries/src/stm32f4xx_tim.c **** #define CCMR_OC24M_MASK    ((uint16_t)0x8FFF) 
 141:./Libraries/src/stm32f4xx_tim.c **** 
 142:./Libraries/src/stm32f4xx_tim.c **** /* Private macro -------------------------------------------------------------*/
 143:./Libraries/src/stm32f4xx_tim.c **** /* Private variables ---------------------------------------------------------*/
 144:./Libraries/src/stm32f4xx_tim.c **** /* Private function prototypes -----------------------------------------------*/
ARM GAS  /tmp/cc0EAqnP.s 			page 4


 145:./Libraries/src/stm32f4xx_tim.c **** static void TI1_Config(TIM_TypeDef* TIMx, uint16_t TIM_ICPolarity, uint16_t TIM_ICSelection,
 146:./Libraries/src/stm32f4xx_tim.c ****                        uint16_t TIM_ICFilter);
 147:./Libraries/src/stm32f4xx_tim.c **** static void TI2_Config(TIM_TypeDef* TIMx, uint16_t TIM_ICPolarity, uint16_t TIM_ICSelection,
 148:./Libraries/src/stm32f4xx_tim.c ****                        uint16_t TIM_ICFilter);
 149:./Libraries/src/stm32f4xx_tim.c **** static void TI3_Config(TIM_TypeDef* TIMx, uint16_t TIM_ICPolarity, uint16_t TIM_ICSelection,
 150:./Libraries/src/stm32f4xx_tim.c ****                        uint16_t TIM_ICFilter);
 151:./Libraries/src/stm32f4xx_tim.c **** static void TI4_Config(TIM_TypeDef* TIMx, uint16_t TIM_ICPolarity, uint16_t TIM_ICSelection,
 152:./Libraries/src/stm32f4xx_tim.c ****                        uint16_t TIM_ICFilter);
 153:./Libraries/src/stm32f4xx_tim.c **** 
 154:./Libraries/src/stm32f4xx_tim.c **** /* Private functions ---------------------------------------------------------*/
 155:./Libraries/src/stm32f4xx_tim.c **** 
 156:./Libraries/src/stm32f4xx_tim.c **** /** @defgroup TIM_Private_Functions
 157:./Libraries/src/stm32f4xx_tim.c ****   * @{
 158:./Libraries/src/stm32f4xx_tim.c ****   */
 159:./Libraries/src/stm32f4xx_tim.c **** 
 160:./Libraries/src/stm32f4xx_tim.c **** /** @defgroup TIM_Group1 TimeBase management functions
 161:./Libraries/src/stm32f4xx_tim.c ****  *  @brief   TimeBase management functions 
 162:./Libraries/src/stm32f4xx_tim.c ****  *
 163:./Libraries/src/stm32f4xx_tim.c **** @verbatim   
 164:./Libraries/src/stm32f4xx_tim.c ****  ===============================================================================
 165:./Libraries/src/stm32f4xx_tim.c ****                      ##### TimeBase management functions #####
 166:./Libraries/src/stm32f4xx_tim.c ****  ===============================================================================  
 167:./Libraries/src/stm32f4xx_tim.c ****   
 168:./Libraries/src/stm32f4xx_tim.c ****      
 169:./Libraries/src/stm32f4xx_tim.c ****             ##### TIM Driver: how to use it in Timing(Time base) Mode #####
 170:./Libraries/src/stm32f4xx_tim.c ****  ===============================================================================
 171:./Libraries/src/stm32f4xx_tim.c ****     [..] 
 172:./Libraries/src/stm32f4xx_tim.c ****     To use the Timer in Timing(Time base) mode, the following steps are mandatory:
 173:./Libraries/src/stm32f4xx_tim.c ****        
 174:./Libraries/src/stm32f4xx_tim.c ****       (#) Enable TIM clock using RCC_APBxPeriphClockCmd(RCC_APBxPeriph_TIMx, ENABLE) function
 175:./Libraries/src/stm32f4xx_tim.c ****                     
 176:./Libraries/src/stm32f4xx_tim.c ****       (#) Fill the TIM_TimeBaseInitStruct with the desired parameters.
 177:./Libraries/src/stm32f4xx_tim.c ****        
 178:./Libraries/src/stm32f4xx_tim.c ****       (#) Call TIM_TimeBaseInit(TIMx, &TIM_TimeBaseInitStruct) to configure the Time Base unit
 179:./Libraries/src/stm32f4xx_tim.c ****           with the corresponding configuration
 180:./Libraries/src/stm32f4xx_tim.c ****           
 181:./Libraries/src/stm32f4xx_tim.c ****       (#) Enable the NVIC if you need to generate the update interrupt. 
 182:./Libraries/src/stm32f4xx_tim.c ****           
 183:./Libraries/src/stm32f4xx_tim.c ****       (#) Enable the corresponding interrupt using the function TIM_ITConfig(TIMx, TIM_IT_Update) 
 184:./Libraries/src/stm32f4xx_tim.c ****        
 185:./Libraries/src/stm32f4xx_tim.c ****       (#) Call the TIM_Cmd(ENABLE) function to enable the TIM counter.
 186:./Libraries/src/stm32f4xx_tim.c ****              
 187:./Libraries/src/stm32f4xx_tim.c ****        -@- All other functions can be used separately to modify, if needed,
 188:./Libraries/src/stm32f4xx_tim.c ****            a specific feature of the Timer. 
 189:./Libraries/src/stm32f4xx_tim.c **** 
 190:./Libraries/src/stm32f4xx_tim.c **** @endverbatim
 191:./Libraries/src/stm32f4xx_tim.c ****   * @{
 192:./Libraries/src/stm32f4xx_tim.c ****   */
 193:./Libraries/src/stm32f4xx_tim.c ****   
 194:./Libraries/src/stm32f4xx_tim.c **** /**
 195:./Libraries/src/stm32f4xx_tim.c ****   * @brief  Deinitializes the TIMx peripheral registers to their default reset values.
 196:./Libraries/src/stm32f4xx_tim.c ****   * @param  TIMx: where x can be 1 to 14 to select the TIM peripheral.
 197:./Libraries/src/stm32f4xx_tim.c ****   * @retval None
 198:./Libraries/src/stm32f4xx_tim.c **** 
 199:./Libraries/src/stm32f4xx_tim.c ****   */
 200:./Libraries/src/stm32f4xx_tim.c **** void TIM_DeInit(TIM_TypeDef* TIMx)
 201:./Libraries/src/stm32f4xx_tim.c **** {
ARM GAS  /tmp/cc0EAqnP.s 			page 5


 202:./Libraries/src/stm32f4xx_tim.c ****   /* Check the parameters */
 203:./Libraries/src/stm32f4xx_tim.c ****   assert_param(IS_TIM_ALL_PERIPH(TIMx)); 
 204:./Libraries/src/stm32f4xx_tim.c ****  
 205:./Libraries/src/stm32f4xx_tim.c ****   if (TIMx == TIM1)
 206:./Libraries/src/stm32f4xx_tim.c ****   {
 207:./Libraries/src/stm32f4xx_tim.c ****     RCC_APB2PeriphResetCmd(RCC_APB2Periph_TIM1, ENABLE);
 208:./Libraries/src/stm32f4xx_tim.c ****     RCC_APB2PeriphResetCmd(RCC_APB2Periph_TIM1, DISABLE);  
 209:./Libraries/src/stm32f4xx_tim.c ****   } 
 210:./Libraries/src/stm32f4xx_tim.c ****   else if (TIMx == TIM2) 
 211:./Libraries/src/stm32f4xx_tim.c ****   {     
 212:./Libraries/src/stm32f4xx_tim.c ****     RCC_APB1PeriphResetCmd(RCC_APB1Periph_TIM2, ENABLE);
 213:./Libraries/src/stm32f4xx_tim.c ****     RCC_APB1PeriphResetCmd(RCC_APB1Periph_TIM2, DISABLE);
 214:./Libraries/src/stm32f4xx_tim.c ****   }  
 215:./Libraries/src/stm32f4xx_tim.c ****   else if (TIMx == TIM3)
 216:./Libraries/src/stm32f4xx_tim.c ****   { 
 217:./Libraries/src/stm32f4xx_tim.c ****     RCC_APB1PeriphResetCmd(RCC_APB1Periph_TIM3, ENABLE);
 218:./Libraries/src/stm32f4xx_tim.c ****     RCC_APB1PeriphResetCmd(RCC_APB1Periph_TIM3, DISABLE);
 219:./Libraries/src/stm32f4xx_tim.c ****   }  
 220:./Libraries/src/stm32f4xx_tim.c ****   else if (TIMx == TIM4)
 221:./Libraries/src/stm32f4xx_tim.c ****   { 
 222:./Libraries/src/stm32f4xx_tim.c ****     RCC_APB1PeriphResetCmd(RCC_APB1Periph_TIM4, ENABLE);
 223:./Libraries/src/stm32f4xx_tim.c ****     RCC_APB1PeriphResetCmd(RCC_APB1Periph_TIM4, DISABLE);
 224:./Libraries/src/stm32f4xx_tim.c ****   }  
 225:./Libraries/src/stm32f4xx_tim.c ****   else if (TIMx == TIM5)
 226:./Libraries/src/stm32f4xx_tim.c ****   {      
 227:./Libraries/src/stm32f4xx_tim.c ****     RCC_APB1PeriphResetCmd(RCC_APB1Periph_TIM5, ENABLE);
 228:./Libraries/src/stm32f4xx_tim.c ****     RCC_APB1PeriphResetCmd(RCC_APB1Periph_TIM5, DISABLE);
 229:./Libraries/src/stm32f4xx_tim.c ****   }  
 230:./Libraries/src/stm32f4xx_tim.c ****   else if (TIMx == TIM6)  
 231:./Libraries/src/stm32f4xx_tim.c ****   {    
 232:./Libraries/src/stm32f4xx_tim.c ****     RCC_APB1PeriphResetCmd(RCC_APB1Periph_TIM6, ENABLE);
 233:./Libraries/src/stm32f4xx_tim.c ****     RCC_APB1PeriphResetCmd(RCC_APB1Periph_TIM6, DISABLE);
 234:./Libraries/src/stm32f4xx_tim.c ****   }  
 235:./Libraries/src/stm32f4xx_tim.c ****   else if (TIMx == TIM7)
 236:./Libraries/src/stm32f4xx_tim.c ****   {      
 237:./Libraries/src/stm32f4xx_tim.c ****     RCC_APB1PeriphResetCmd(RCC_APB1Periph_TIM7, ENABLE);
 238:./Libraries/src/stm32f4xx_tim.c ****     RCC_APB1PeriphResetCmd(RCC_APB1Periph_TIM7, DISABLE);
 239:./Libraries/src/stm32f4xx_tim.c ****   }  
 240:./Libraries/src/stm32f4xx_tim.c ****   else if (TIMx == TIM8)
 241:./Libraries/src/stm32f4xx_tim.c ****   {      
 242:./Libraries/src/stm32f4xx_tim.c ****     RCC_APB2PeriphResetCmd(RCC_APB2Periph_TIM8, ENABLE);
 243:./Libraries/src/stm32f4xx_tim.c ****     RCC_APB2PeriphResetCmd(RCC_APB2Periph_TIM8, DISABLE);  
 244:./Libraries/src/stm32f4xx_tim.c ****   }  
 245:./Libraries/src/stm32f4xx_tim.c ****   else if (TIMx == TIM9)
 246:./Libraries/src/stm32f4xx_tim.c ****   {      
 247:./Libraries/src/stm32f4xx_tim.c ****     RCC_APB2PeriphResetCmd(RCC_APB2Periph_TIM9, ENABLE);
 248:./Libraries/src/stm32f4xx_tim.c ****     RCC_APB2PeriphResetCmd(RCC_APB2Periph_TIM9, DISABLE);  
 249:./Libraries/src/stm32f4xx_tim.c ****    }  
 250:./Libraries/src/stm32f4xx_tim.c ****   else if (TIMx == TIM10)
 251:./Libraries/src/stm32f4xx_tim.c ****   {      
 252:./Libraries/src/stm32f4xx_tim.c ****     RCC_APB2PeriphResetCmd(RCC_APB2Periph_TIM10, ENABLE);
 253:./Libraries/src/stm32f4xx_tim.c ****     RCC_APB2PeriphResetCmd(RCC_APB2Periph_TIM10, DISABLE);  
 254:./Libraries/src/stm32f4xx_tim.c ****   }  
 255:./Libraries/src/stm32f4xx_tim.c ****   else if (TIMx == TIM11) 
 256:./Libraries/src/stm32f4xx_tim.c ****   {     
 257:./Libraries/src/stm32f4xx_tim.c ****     RCC_APB2PeriphResetCmd(RCC_APB2Periph_TIM11, ENABLE);
 258:./Libraries/src/stm32f4xx_tim.c ****     RCC_APB2PeriphResetCmd(RCC_APB2Periph_TIM11, DISABLE);  
ARM GAS  /tmp/cc0EAqnP.s 			page 6


 259:./Libraries/src/stm32f4xx_tim.c ****   }  
 260:./Libraries/src/stm32f4xx_tim.c ****   else if (TIMx == TIM12)
 261:./Libraries/src/stm32f4xx_tim.c ****   {      
 262:./Libraries/src/stm32f4xx_tim.c ****     RCC_APB1PeriphResetCmd(RCC_APB1Periph_TIM12, ENABLE);
 263:./Libraries/src/stm32f4xx_tim.c ****     RCC_APB1PeriphResetCmd(RCC_APB1Periph_TIM12, DISABLE);  
 264:./Libraries/src/stm32f4xx_tim.c ****   }  
 265:./Libraries/src/stm32f4xx_tim.c ****   else if (TIMx == TIM13) 
 266:./Libraries/src/stm32f4xx_tim.c ****   {       
 267:./Libraries/src/stm32f4xx_tim.c ****     RCC_APB1PeriphResetCmd(RCC_APB1Periph_TIM13, ENABLE);
 268:./Libraries/src/stm32f4xx_tim.c ****     RCC_APB1PeriphResetCmd(RCC_APB1Periph_TIM13, DISABLE);  
 269:./Libraries/src/stm32f4xx_tim.c ****   }  
 270:./Libraries/src/stm32f4xx_tim.c ****   else
 271:./Libraries/src/stm32f4xx_tim.c ****   { 
 272:./Libraries/src/stm32f4xx_tim.c ****     if (TIMx == TIM14) 
 273:./Libraries/src/stm32f4xx_tim.c ****     {     
 274:./Libraries/src/stm32f4xx_tim.c ****       RCC_APB1PeriphResetCmd(RCC_APB1Periph_TIM14, ENABLE);
 275:./Libraries/src/stm32f4xx_tim.c ****       RCC_APB1PeriphResetCmd(RCC_APB1Periph_TIM14, DISABLE); 
 276:./Libraries/src/stm32f4xx_tim.c ****     }   
 277:./Libraries/src/stm32f4xx_tim.c ****   }
 278:./Libraries/src/stm32f4xx_tim.c **** }
 279:./Libraries/src/stm32f4xx_tim.c **** 
 280:./Libraries/src/stm32f4xx_tim.c **** /**
 281:./Libraries/src/stm32f4xx_tim.c ****   * @brief  Initializes the TIMx Time Base Unit peripheral according to 
 282:./Libraries/src/stm32f4xx_tim.c ****   *         the specified parameters in the TIM_TimeBaseInitStruct.
 283:./Libraries/src/stm32f4xx_tim.c ****   * @param  TIMx: where x can be  1 to 14 to select the TIM peripheral.
 284:./Libraries/src/stm32f4xx_tim.c ****   * @param  TIM_TimeBaseInitStruct: pointer to a TIM_TimeBaseInitTypeDef structure
 285:./Libraries/src/stm32f4xx_tim.c ****   *         that contains the configuration information for the specified TIM peripheral.
 286:./Libraries/src/stm32f4xx_tim.c ****   * @retval None
 287:./Libraries/src/stm32f4xx_tim.c ****   */
 288:./Libraries/src/stm32f4xx_tim.c **** void TIM_TimeBaseInit(TIM_TypeDef* TIMx, TIM_TimeBaseInitTypeDef* TIM_TimeBaseInitStruct)
 289:./Libraries/src/stm32f4xx_tim.c **** {
 290:./Libraries/src/stm32f4xx_tim.c ****   uint16_t tmpcr1 = 0;
 291:./Libraries/src/stm32f4xx_tim.c **** 
 292:./Libraries/src/stm32f4xx_tim.c ****   /* Check the parameters */
 293:./Libraries/src/stm32f4xx_tim.c ****   assert_param(IS_TIM_ALL_PERIPH(TIMx)); 
 294:./Libraries/src/stm32f4xx_tim.c ****   assert_param(IS_TIM_COUNTER_MODE(TIM_TimeBaseInitStruct->TIM_CounterMode));
 295:./Libraries/src/stm32f4xx_tim.c ****   assert_param(IS_TIM_CKD_DIV(TIM_TimeBaseInitStruct->TIM_ClockDivision));
 296:./Libraries/src/stm32f4xx_tim.c **** 
 297:./Libraries/src/stm32f4xx_tim.c ****   tmpcr1 = TIMx->CR1;  
 298:./Libraries/src/stm32f4xx_tim.c **** 
 299:./Libraries/src/stm32f4xx_tim.c ****   if((TIMx == TIM1) || (TIMx == TIM8)||
 300:./Libraries/src/stm32f4xx_tim.c ****      (TIMx == TIM2) || (TIMx == TIM3)||
 301:./Libraries/src/stm32f4xx_tim.c ****      (TIMx == TIM4) || (TIMx == TIM5)) 
 302:./Libraries/src/stm32f4xx_tim.c ****   {
 303:./Libraries/src/stm32f4xx_tim.c ****     /* Select the Counter Mode */
 304:./Libraries/src/stm32f4xx_tim.c ****     tmpcr1 &= (uint16_t)(~(TIM_CR1_DIR | TIM_CR1_CMS));
 305:./Libraries/src/stm32f4xx_tim.c ****     tmpcr1 |= (uint32_t)TIM_TimeBaseInitStruct->TIM_CounterMode;
 306:./Libraries/src/stm32f4xx_tim.c ****   }
 307:./Libraries/src/stm32f4xx_tim.c ****  
 308:./Libraries/src/stm32f4xx_tim.c ****   if((TIMx != TIM6) && (TIMx != TIM7))
 309:./Libraries/src/stm32f4xx_tim.c ****   {
 310:./Libraries/src/stm32f4xx_tim.c ****     /* Set the clock division */
 311:./Libraries/src/stm32f4xx_tim.c ****     tmpcr1 &=  (uint16_t)(~TIM_CR1_CKD);
 312:./Libraries/src/stm32f4xx_tim.c ****     tmpcr1 |= (uint32_t)TIM_TimeBaseInitStruct->TIM_ClockDivision;
 313:./Libraries/src/stm32f4xx_tim.c ****   }
 314:./Libraries/src/stm32f4xx_tim.c **** 
 315:./Libraries/src/stm32f4xx_tim.c ****   TIMx->CR1 = tmpcr1;
ARM GAS  /tmp/cc0EAqnP.s 			page 7


 316:./Libraries/src/stm32f4xx_tim.c **** 
 317:./Libraries/src/stm32f4xx_tim.c ****   /* Set the Autoreload value */
 318:./Libraries/src/stm32f4xx_tim.c ****   TIMx->ARR = TIM_TimeBaseInitStruct->TIM_Period ;
 319:./Libraries/src/stm32f4xx_tim.c ****  
 320:./Libraries/src/stm32f4xx_tim.c ****   /* Set the Prescaler value */
 321:./Libraries/src/stm32f4xx_tim.c ****   TIMx->PSC = TIM_TimeBaseInitStruct->TIM_Prescaler;
 322:./Libraries/src/stm32f4xx_tim.c ****     
 323:./Libraries/src/stm32f4xx_tim.c ****   if ((TIMx == TIM1) || (TIMx == TIM8))  
 324:./Libraries/src/stm32f4xx_tim.c ****   {
 325:./Libraries/src/stm32f4xx_tim.c ****     /* Set the Repetition Counter value */
 326:./Libraries/src/stm32f4xx_tim.c ****     TIMx->RCR = TIM_TimeBaseInitStruct->TIM_RepetitionCounter;
 327:./Libraries/src/stm32f4xx_tim.c ****   }
 328:./Libraries/src/stm32f4xx_tim.c **** 
 329:./Libraries/src/stm32f4xx_tim.c ****   /* Generate an update event to reload the Prescaler 
 330:./Libraries/src/stm32f4xx_tim.c ****      and the repetition counter(only for TIM1 and TIM8) value immediately */
 331:./Libraries/src/stm32f4xx_tim.c ****   TIMx->EGR = TIM_PSCReloadMode_Immediate;          
 332:./Libraries/src/stm32f4xx_tim.c **** }
 333:./Libraries/src/stm32f4xx_tim.c **** 
 334:./Libraries/src/stm32f4xx_tim.c **** /**
 335:./Libraries/src/stm32f4xx_tim.c ****   * @brief  Fills each TIM_TimeBaseInitStruct member with its default value.
 336:./Libraries/src/stm32f4xx_tim.c ****   * @param  TIM_TimeBaseInitStruct : pointer to a TIM_TimeBaseInitTypeDef
 337:./Libraries/src/stm32f4xx_tim.c ****   *         structure which will be initialized.
 338:./Libraries/src/stm32f4xx_tim.c ****   * @retval None
 339:./Libraries/src/stm32f4xx_tim.c ****   */
 340:./Libraries/src/stm32f4xx_tim.c **** void TIM_TimeBaseStructInit(TIM_TimeBaseInitTypeDef* TIM_TimeBaseInitStruct)
 341:./Libraries/src/stm32f4xx_tim.c **** {
 342:./Libraries/src/stm32f4xx_tim.c ****   /* Set the default configuration */
 343:./Libraries/src/stm32f4xx_tim.c ****   TIM_TimeBaseInitStruct->TIM_Period = 0xFFFFFFFF;
 344:./Libraries/src/stm32f4xx_tim.c ****   TIM_TimeBaseInitStruct->TIM_Prescaler = 0x0000;
 345:./Libraries/src/stm32f4xx_tim.c ****   TIM_TimeBaseInitStruct->TIM_ClockDivision = TIM_CKD_DIV1;
 346:./Libraries/src/stm32f4xx_tim.c ****   TIM_TimeBaseInitStruct->TIM_CounterMode = TIM_CounterMode_Up;
 347:./Libraries/src/stm32f4xx_tim.c ****   TIM_TimeBaseInitStruct->TIM_RepetitionCounter = 0x0000;
 348:./Libraries/src/stm32f4xx_tim.c **** }
 349:./Libraries/src/stm32f4xx_tim.c **** 
 350:./Libraries/src/stm32f4xx_tim.c **** /**
 351:./Libraries/src/stm32f4xx_tim.c ****   * @brief  Configures the TIMx Prescaler.
 352:./Libraries/src/stm32f4xx_tim.c ****   * @param  TIMx: where x can be  1 to 14 to select the TIM peripheral.
 353:./Libraries/src/stm32f4xx_tim.c ****   * @param  Prescaler: specifies the Prescaler Register value
 354:./Libraries/src/stm32f4xx_tim.c ****   * @param  TIM_PSCReloadMode: specifies the TIM Prescaler Reload mode
 355:./Libraries/src/stm32f4xx_tim.c ****   *          This parameter can be one of the following values:
 356:./Libraries/src/stm32f4xx_tim.c ****   *            @arg TIM_PSCReloadMode_Update: The Prescaler is loaded at the update event.
 357:./Libraries/src/stm32f4xx_tim.c ****   *            @arg TIM_PSCReloadMode_Immediate: The Prescaler is loaded immediately.
 358:./Libraries/src/stm32f4xx_tim.c ****   * @retval None
 359:./Libraries/src/stm32f4xx_tim.c ****   */
 360:./Libraries/src/stm32f4xx_tim.c **** void TIM_PrescalerConfig(TIM_TypeDef* TIMx, uint16_t Prescaler, uint16_t TIM_PSCReloadMode)
 361:./Libraries/src/stm32f4xx_tim.c **** {
 362:./Libraries/src/stm32f4xx_tim.c ****   /* Check the parameters */
 363:./Libraries/src/stm32f4xx_tim.c ****   assert_param(IS_TIM_ALL_PERIPH(TIMx));
 364:./Libraries/src/stm32f4xx_tim.c ****   assert_param(IS_TIM_PRESCALER_RELOAD(TIM_PSCReloadMode));
 365:./Libraries/src/stm32f4xx_tim.c ****   /* Set the Prescaler value */
 366:./Libraries/src/stm32f4xx_tim.c ****   TIMx->PSC = Prescaler;
 367:./Libraries/src/stm32f4xx_tim.c ****   /* Set or reset the UG Bit */
 368:./Libraries/src/stm32f4xx_tim.c ****   TIMx->EGR = TIM_PSCReloadMode;
 369:./Libraries/src/stm32f4xx_tim.c **** }
 370:./Libraries/src/stm32f4xx_tim.c **** 
 371:./Libraries/src/stm32f4xx_tim.c **** /**
 372:./Libraries/src/stm32f4xx_tim.c ****   * @brief  Specifies the TIMx Counter Mode to be used.
ARM GAS  /tmp/cc0EAqnP.s 			page 8


 373:./Libraries/src/stm32f4xx_tim.c ****   * @param  TIMx: where x can be  1, 2, 3, 4, 5 or 8 to select the TIM peripheral.
 374:./Libraries/src/stm32f4xx_tim.c ****   * @param  TIM_CounterMode: specifies the Counter Mode to be used
 375:./Libraries/src/stm32f4xx_tim.c ****   *          This parameter can be one of the following values:
 376:./Libraries/src/stm32f4xx_tim.c ****   *            @arg TIM_CounterMode_Up: TIM Up Counting Mode
 377:./Libraries/src/stm32f4xx_tim.c ****   *            @arg TIM_CounterMode_Down: TIM Down Counting Mode
 378:./Libraries/src/stm32f4xx_tim.c ****   *            @arg TIM_CounterMode_CenterAligned1: TIM Center Aligned Mode1
 379:./Libraries/src/stm32f4xx_tim.c ****   *            @arg TIM_CounterMode_CenterAligned2: TIM Center Aligned Mode2
 380:./Libraries/src/stm32f4xx_tim.c ****   *            @arg TIM_CounterMode_CenterAligned3: TIM Center Aligned Mode3
 381:./Libraries/src/stm32f4xx_tim.c ****   * @retval None
 382:./Libraries/src/stm32f4xx_tim.c ****   */
 383:./Libraries/src/stm32f4xx_tim.c **** void TIM_CounterModeConfig(TIM_TypeDef* TIMx, uint16_t TIM_CounterMode)
 384:./Libraries/src/stm32f4xx_tim.c **** {
 385:./Libraries/src/stm32f4xx_tim.c ****   uint16_t tmpcr1 = 0;
 386:./Libraries/src/stm32f4xx_tim.c **** 
 387:./Libraries/src/stm32f4xx_tim.c ****   /* Check the parameters */
 388:./Libraries/src/stm32f4xx_tim.c ****   assert_param(IS_TIM_LIST3_PERIPH(TIMx));
 389:./Libraries/src/stm32f4xx_tim.c ****   assert_param(IS_TIM_COUNTER_MODE(TIM_CounterMode));
 390:./Libraries/src/stm32f4xx_tim.c **** 
 391:./Libraries/src/stm32f4xx_tim.c ****   tmpcr1 = TIMx->CR1;
 392:./Libraries/src/stm32f4xx_tim.c **** 
 393:./Libraries/src/stm32f4xx_tim.c ****   /* Reset the CMS and DIR Bits */
 394:./Libraries/src/stm32f4xx_tim.c ****   tmpcr1 &= (uint16_t)~(TIM_CR1_DIR | TIM_CR1_CMS);
 395:./Libraries/src/stm32f4xx_tim.c **** 
 396:./Libraries/src/stm32f4xx_tim.c ****   /* Set the Counter Mode */
 397:./Libraries/src/stm32f4xx_tim.c ****   tmpcr1 |= TIM_CounterMode;
 398:./Libraries/src/stm32f4xx_tim.c **** 
 399:./Libraries/src/stm32f4xx_tim.c ****   /* Write to TIMx CR1 register */
 400:./Libraries/src/stm32f4xx_tim.c ****   TIMx->CR1 = tmpcr1;
 401:./Libraries/src/stm32f4xx_tim.c **** }
 402:./Libraries/src/stm32f4xx_tim.c **** 
 403:./Libraries/src/stm32f4xx_tim.c **** /**
 404:./Libraries/src/stm32f4xx_tim.c ****   * @brief  Sets the TIMx Counter Register value
 405:./Libraries/src/stm32f4xx_tim.c ****   * @param  TIMx: where x can be 1 to 14 to select the TIM peripheral.
 406:./Libraries/src/stm32f4xx_tim.c ****   * @param  Counter: specifies the Counter register new value.
 407:./Libraries/src/stm32f4xx_tim.c ****   * @retval None
 408:./Libraries/src/stm32f4xx_tim.c ****   */
 409:./Libraries/src/stm32f4xx_tim.c **** void TIM_SetCounter(TIM_TypeDef* TIMx, uint32_t Counter)
 410:./Libraries/src/stm32f4xx_tim.c **** {
 411:./Libraries/src/stm32f4xx_tim.c ****   /* Check the parameters */
 412:./Libraries/src/stm32f4xx_tim.c ****    assert_param(IS_TIM_ALL_PERIPH(TIMx));
 413:./Libraries/src/stm32f4xx_tim.c **** 
 414:./Libraries/src/stm32f4xx_tim.c ****   /* Set the Counter Register value */
 415:./Libraries/src/stm32f4xx_tim.c ****   TIMx->CNT = Counter;
 416:./Libraries/src/stm32f4xx_tim.c **** }
 417:./Libraries/src/stm32f4xx_tim.c **** 
 418:./Libraries/src/stm32f4xx_tim.c **** /**
 419:./Libraries/src/stm32f4xx_tim.c ****   * @brief  Sets the TIMx Autoreload Register value
 420:./Libraries/src/stm32f4xx_tim.c ****   * @param  TIMx: where x can be 1 to 14 to select the TIM peripheral.
 421:./Libraries/src/stm32f4xx_tim.c ****   * @param  Autoreload: specifies the Autoreload register new value.
 422:./Libraries/src/stm32f4xx_tim.c ****   * @retval None
 423:./Libraries/src/stm32f4xx_tim.c ****   */
 424:./Libraries/src/stm32f4xx_tim.c **** void TIM_SetAutoreload(TIM_TypeDef* TIMx, uint32_t Autoreload)
 425:./Libraries/src/stm32f4xx_tim.c **** {
 426:./Libraries/src/stm32f4xx_tim.c ****   /* Check the parameters */
 427:./Libraries/src/stm32f4xx_tim.c ****   assert_param(IS_TIM_ALL_PERIPH(TIMx));
 428:./Libraries/src/stm32f4xx_tim.c ****   
 429:./Libraries/src/stm32f4xx_tim.c ****   /* Set the Autoreload Register value */
ARM GAS  /tmp/cc0EAqnP.s 			page 9


 430:./Libraries/src/stm32f4xx_tim.c ****   TIMx->ARR = Autoreload;
 431:./Libraries/src/stm32f4xx_tim.c **** }
 432:./Libraries/src/stm32f4xx_tim.c **** 
 433:./Libraries/src/stm32f4xx_tim.c **** /**
 434:./Libraries/src/stm32f4xx_tim.c ****   * @brief  Gets the TIMx Counter value.
 435:./Libraries/src/stm32f4xx_tim.c ****   * @param  TIMx: where x can be 1 to 14 to select the TIM peripheral.
 436:./Libraries/src/stm32f4xx_tim.c ****   * @retval Counter Register value
 437:./Libraries/src/stm32f4xx_tim.c ****   */
 438:./Libraries/src/stm32f4xx_tim.c **** uint32_t TIM_GetCounter(TIM_TypeDef* TIMx)
 439:./Libraries/src/stm32f4xx_tim.c **** {
 440:./Libraries/src/stm32f4xx_tim.c ****   /* Check the parameters */
 441:./Libraries/src/stm32f4xx_tim.c ****   assert_param(IS_TIM_ALL_PERIPH(TIMx));
 442:./Libraries/src/stm32f4xx_tim.c **** 
 443:./Libraries/src/stm32f4xx_tim.c ****   /* Get the Counter Register value */
 444:./Libraries/src/stm32f4xx_tim.c ****   return TIMx->CNT;
 445:./Libraries/src/stm32f4xx_tim.c **** }
 446:./Libraries/src/stm32f4xx_tim.c **** 
 447:./Libraries/src/stm32f4xx_tim.c **** /**
 448:./Libraries/src/stm32f4xx_tim.c ****   * @brief  Gets the TIMx Prescaler value.
 449:./Libraries/src/stm32f4xx_tim.c ****   * @param  TIMx: where x can be 1 to 14 to select the TIM peripheral.
 450:./Libraries/src/stm32f4xx_tim.c ****   * @retval Prescaler Register value.
 451:./Libraries/src/stm32f4xx_tim.c ****   */
 452:./Libraries/src/stm32f4xx_tim.c **** uint16_t TIM_GetPrescaler(TIM_TypeDef* TIMx)
 453:./Libraries/src/stm32f4xx_tim.c **** {
 454:./Libraries/src/stm32f4xx_tim.c ****   /* Check the parameters */
 455:./Libraries/src/stm32f4xx_tim.c ****   assert_param(IS_TIM_ALL_PERIPH(TIMx));
 456:./Libraries/src/stm32f4xx_tim.c **** 
 457:./Libraries/src/stm32f4xx_tim.c ****   /* Get the Prescaler Register value */
 458:./Libraries/src/stm32f4xx_tim.c ****   return TIMx->PSC;
 459:./Libraries/src/stm32f4xx_tim.c **** }
 460:./Libraries/src/stm32f4xx_tim.c **** 
 461:./Libraries/src/stm32f4xx_tim.c **** /**
 462:./Libraries/src/stm32f4xx_tim.c ****   * @brief  Enables or Disables the TIMx Update event.
 463:./Libraries/src/stm32f4xx_tim.c ****   * @param  TIMx: where x can be 1 to 14 to select the TIM peripheral.
 464:./Libraries/src/stm32f4xx_tim.c ****   * @param  NewState: new state of the TIMx UDIS bit
 465:./Libraries/src/stm32f4xx_tim.c ****   *          This parameter can be: ENABLE or DISABLE.
 466:./Libraries/src/stm32f4xx_tim.c ****   * @retval None
 467:./Libraries/src/stm32f4xx_tim.c ****   */
 468:./Libraries/src/stm32f4xx_tim.c **** void TIM_UpdateDisableConfig(TIM_TypeDef* TIMx, FunctionalState NewState)
 469:./Libraries/src/stm32f4xx_tim.c **** {
 470:./Libraries/src/stm32f4xx_tim.c ****   /* Check the parameters */
 471:./Libraries/src/stm32f4xx_tim.c ****   assert_param(IS_TIM_ALL_PERIPH(TIMx));
 472:./Libraries/src/stm32f4xx_tim.c ****   assert_param(IS_FUNCTIONAL_STATE(NewState));
 473:./Libraries/src/stm32f4xx_tim.c **** 
 474:./Libraries/src/stm32f4xx_tim.c ****   if (NewState != DISABLE)
 475:./Libraries/src/stm32f4xx_tim.c ****   {
 476:./Libraries/src/stm32f4xx_tim.c ****     /* Set the Update Disable Bit */
 477:./Libraries/src/stm32f4xx_tim.c ****     TIMx->CR1 |= TIM_CR1_UDIS;
 478:./Libraries/src/stm32f4xx_tim.c ****   }
 479:./Libraries/src/stm32f4xx_tim.c ****   else
 480:./Libraries/src/stm32f4xx_tim.c ****   {
 481:./Libraries/src/stm32f4xx_tim.c ****     /* Reset the Update Disable Bit */
 482:./Libraries/src/stm32f4xx_tim.c ****     TIMx->CR1 &= (uint16_t)~TIM_CR1_UDIS;
 483:./Libraries/src/stm32f4xx_tim.c ****   }
 484:./Libraries/src/stm32f4xx_tim.c **** }
 485:./Libraries/src/stm32f4xx_tim.c **** 
 486:./Libraries/src/stm32f4xx_tim.c **** /**
ARM GAS  /tmp/cc0EAqnP.s 			page 10


 487:./Libraries/src/stm32f4xx_tim.c ****   * @brief  Configures the TIMx Update Request Interrupt source.
 488:./Libraries/src/stm32f4xx_tim.c ****   * @param  TIMx: where x can be 1 to 14 to select the TIM peripheral.
 489:./Libraries/src/stm32f4xx_tim.c ****   * @param  TIM_UpdateSource: specifies the Update source.
 490:./Libraries/src/stm32f4xx_tim.c ****   *          This parameter can be one of the following values:
 491:./Libraries/src/stm32f4xx_tim.c ****   *            @arg TIM_UpdateSource_Global: Source of update is the counter
 492:./Libraries/src/stm32f4xx_tim.c ****   *                 overflow/underflow or the setting of UG bit, or an update
 493:./Libraries/src/stm32f4xx_tim.c ****   *                 generation through the slave mode controller.
 494:./Libraries/src/stm32f4xx_tim.c ****   *            @arg TIM_UpdateSource_Regular: Source of update is counter overflow/underflow.
 495:./Libraries/src/stm32f4xx_tim.c ****   * @retval None
 496:./Libraries/src/stm32f4xx_tim.c ****   */
 497:./Libraries/src/stm32f4xx_tim.c **** void TIM_UpdateRequestConfig(TIM_TypeDef* TIMx, uint16_t TIM_UpdateSource)
 498:./Libraries/src/stm32f4xx_tim.c **** {
 499:./Libraries/src/stm32f4xx_tim.c ****   /* Check the parameters */
 500:./Libraries/src/stm32f4xx_tim.c ****   assert_param(IS_TIM_ALL_PERIPH(TIMx));
 501:./Libraries/src/stm32f4xx_tim.c ****   assert_param(IS_TIM_UPDATE_SOURCE(TIM_UpdateSource));
 502:./Libraries/src/stm32f4xx_tim.c **** 
 503:./Libraries/src/stm32f4xx_tim.c ****   if (TIM_UpdateSource != TIM_UpdateSource_Global)
 504:./Libraries/src/stm32f4xx_tim.c ****   {
 505:./Libraries/src/stm32f4xx_tim.c ****     /* Set the URS Bit */
 506:./Libraries/src/stm32f4xx_tim.c ****     TIMx->CR1 |= TIM_CR1_URS;
 507:./Libraries/src/stm32f4xx_tim.c ****   }
 508:./Libraries/src/stm32f4xx_tim.c ****   else
 509:./Libraries/src/stm32f4xx_tim.c ****   {
 510:./Libraries/src/stm32f4xx_tim.c ****     /* Reset the URS Bit */
 511:./Libraries/src/stm32f4xx_tim.c ****     TIMx->CR1 &= (uint16_t)~TIM_CR1_URS;
 512:./Libraries/src/stm32f4xx_tim.c ****   }
 513:./Libraries/src/stm32f4xx_tim.c **** }
 514:./Libraries/src/stm32f4xx_tim.c **** 
 515:./Libraries/src/stm32f4xx_tim.c **** /**
 516:./Libraries/src/stm32f4xx_tim.c ****   * @brief  Enables or disables TIMx peripheral Preload register on ARR.
 517:./Libraries/src/stm32f4xx_tim.c ****   * @param  TIMx: where x can be 1 to 14 to select the TIM peripheral.
 518:./Libraries/src/stm32f4xx_tim.c ****   * @param  NewState: new state of the TIMx peripheral Preload register
 519:./Libraries/src/stm32f4xx_tim.c ****   *          This parameter can be: ENABLE or DISABLE.
 520:./Libraries/src/stm32f4xx_tim.c ****   * @retval None
 521:./Libraries/src/stm32f4xx_tim.c ****   */
 522:./Libraries/src/stm32f4xx_tim.c **** void TIM_ARRPreloadConfig(TIM_TypeDef* TIMx, FunctionalState NewState)
 523:./Libraries/src/stm32f4xx_tim.c **** {
 524:./Libraries/src/stm32f4xx_tim.c ****   /* Check the parameters */
 525:./Libraries/src/stm32f4xx_tim.c ****   assert_param(IS_TIM_ALL_PERIPH(TIMx));
 526:./Libraries/src/stm32f4xx_tim.c ****   assert_param(IS_FUNCTIONAL_STATE(NewState));
 527:./Libraries/src/stm32f4xx_tim.c **** 
 528:./Libraries/src/stm32f4xx_tim.c ****   if (NewState != DISABLE)
 529:./Libraries/src/stm32f4xx_tim.c ****   {
 530:./Libraries/src/stm32f4xx_tim.c ****     /* Set the ARR Preload Bit */
 531:./Libraries/src/stm32f4xx_tim.c ****     TIMx->CR1 |= TIM_CR1_ARPE;
 532:./Libraries/src/stm32f4xx_tim.c ****   }
 533:./Libraries/src/stm32f4xx_tim.c ****   else
 534:./Libraries/src/stm32f4xx_tim.c ****   {
 535:./Libraries/src/stm32f4xx_tim.c ****     /* Reset the ARR Preload Bit */
 536:./Libraries/src/stm32f4xx_tim.c ****     TIMx->CR1 &= (uint16_t)~TIM_CR1_ARPE;
 537:./Libraries/src/stm32f4xx_tim.c ****   }
 538:./Libraries/src/stm32f4xx_tim.c **** }
 539:./Libraries/src/stm32f4xx_tim.c **** 
 540:./Libraries/src/stm32f4xx_tim.c **** /**
 541:./Libraries/src/stm32f4xx_tim.c ****   * @brief  Selects the TIMx's One Pulse Mode.
 542:./Libraries/src/stm32f4xx_tim.c ****   * @param  TIMx: where x can be 1 to 14 to select the TIM peripheral.
 543:./Libraries/src/stm32f4xx_tim.c ****   * @param  TIM_OPMode: specifies the OPM Mode to be used.
ARM GAS  /tmp/cc0EAqnP.s 			page 11


 544:./Libraries/src/stm32f4xx_tim.c ****   *          This parameter can be one of the following values:
 545:./Libraries/src/stm32f4xx_tim.c ****   *            @arg TIM_OPMode_Single
 546:./Libraries/src/stm32f4xx_tim.c ****   *            @arg TIM_OPMode_Repetitive
 547:./Libraries/src/stm32f4xx_tim.c ****   * @retval None
 548:./Libraries/src/stm32f4xx_tim.c ****   */
 549:./Libraries/src/stm32f4xx_tim.c **** void TIM_SelectOnePulseMode(TIM_TypeDef* TIMx, uint16_t TIM_OPMode)
 550:./Libraries/src/stm32f4xx_tim.c **** {
 551:./Libraries/src/stm32f4xx_tim.c ****   /* Check the parameters */
 552:./Libraries/src/stm32f4xx_tim.c ****   assert_param(IS_TIM_ALL_PERIPH(TIMx));
 553:./Libraries/src/stm32f4xx_tim.c ****   assert_param(IS_TIM_OPM_MODE(TIM_OPMode));
 554:./Libraries/src/stm32f4xx_tim.c **** 
 555:./Libraries/src/stm32f4xx_tim.c ****   /* Reset the OPM Bit */
 556:./Libraries/src/stm32f4xx_tim.c ****   TIMx->CR1 &= (uint16_t)~TIM_CR1_OPM;
 557:./Libraries/src/stm32f4xx_tim.c **** 
 558:./Libraries/src/stm32f4xx_tim.c ****   /* Configure the OPM Mode */
 559:./Libraries/src/stm32f4xx_tim.c ****   TIMx->CR1 |= TIM_OPMode;
 560:./Libraries/src/stm32f4xx_tim.c **** }
 561:./Libraries/src/stm32f4xx_tim.c **** 
 562:./Libraries/src/stm32f4xx_tim.c **** /**
 563:./Libraries/src/stm32f4xx_tim.c ****   * @brief  Sets the TIMx Clock Division value.
 564:./Libraries/src/stm32f4xx_tim.c ****   * @param  TIMx: where x can be 1 to 14 except 6 and 7, to select the TIM peripheral.
 565:./Libraries/src/stm32f4xx_tim.c ****   * @param  TIM_CKD: specifies the clock division value.
 566:./Libraries/src/stm32f4xx_tim.c ****   *          This parameter can be one of the following value:
 567:./Libraries/src/stm32f4xx_tim.c ****   *            @arg TIM_CKD_DIV1: TDTS = Tck_tim
 568:./Libraries/src/stm32f4xx_tim.c ****   *            @arg TIM_CKD_DIV2: TDTS = 2*Tck_tim
 569:./Libraries/src/stm32f4xx_tim.c ****   *            @arg TIM_CKD_DIV4: TDTS = 4*Tck_tim
 570:./Libraries/src/stm32f4xx_tim.c ****   * @retval None
 571:./Libraries/src/stm32f4xx_tim.c ****   */
 572:./Libraries/src/stm32f4xx_tim.c **** void TIM_SetClockDivision(TIM_TypeDef* TIMx, uint16_t TIM_CKD)
 573:./Libraries/src/stm32f4xx_tim.c **** {
 574:./Libraries/src/stm32f4xx_tim.c ****   /* Check the parameters */
 575:./Libraries/src/stm32f4xx_tim.c ****   assert_param(IS_TIM_LIST1_PERIPH(TIMx));
 576:./Libraries/src/stm32f4xx_tim.c ****   assert_param(IS_TIM_CKD_DIV(TIM_CKD));
 577:./Libraries/src/stm32f4xx_tim.c **** 
 578:./Libraries/src/stm32f4xx_tim.c ****   /* Reset the CKD Bits */
 579:./Libraries/src/stm32f4xx_tim.c ****   TIMx->CR1 &= (uint16_t)(~TIM_CR1_CKD);
 580:./Libraries/src/stm32f4xx_tim.c **** 
 581:./Libraries/src/stm32f4xx_tim.c ****   /* Set the CKD value */
 582:./Libraries/src/stm32f4xx_tim.c ****   TIMx->CR1 |= TIM_CKD;
 583:./Libraries/src/stm32f4xx_tim.c **** }
 584:./Libraries/src/stm32f4xx_tim.c **** 
 585:./Libraries/src/stm32f4xx_tim.c **** /**
 586:./Libraries/src/stm32f4xx_tim.c ****   * @brief  Enables or disables the specified TIM peripheral.
 587:./Libraries/src/stm32f4xx_tim.c ****   * @param  TIMx: where x can be 1 to 14 to select the TIMx peripheral.
 588:./Libraries/src/stm32f4xx_tim.c ****   * @param  NewState: new state of the TIMx peripheral.
 589:./Libraries/src/stm32f4xx_tim.c ****   *          This parameter can be: ENABLE or DISABLE.
 590:./Libraries/src/stm32f4xx_tim.c ****   * @retval None
 591:./Libraries/src/stm32f4xx_tim.c ****   */
 592:./Libraries/src/stm32f4xx_tim.c **** void TIM_Cmd(TIM_TypeDef* TIMx, FunctionalState NewState)
 593:./Libraries/src/stm32f4xx_tim.c **** {
 594:./Libraries/src/stm32f4xx_tim.c ****   /* Check the parameters */
 595:./Libraries/src/stm32f4xx_tim.c ****   assert_param(IS_TIM_ALL_PERIPH(TIMx)); 
 596:./Libraries/src/stm32f4xx_tim.c ****   assert_param(IS_FUNCTIONAL_STATE(NewState));
 597:./Libraries/src/stm32f4xx_tim.c ****   
 598:./Libraries/src/stm32f4xx_tim.c ****   if (NewState != DISABLE)
 599:./Libraries/src/stm32f4xx_tim.c ****   {
 600:./Libraries/src/stm32f4xx_tim.c ****     /* Enable the TIM Counter */
ARM GAS  /tmp/cc0EAqnP.s 			page 12


 601:./Libraries/src/stm32f4xx_tim.c ****     TIMx->CR1 |= TIM_CR1_CEN;
 602:./Libraries/src/stm32f4xx_tim.c ****   }
 603:./Libraries/src/stm32f4xx_tim.c ****   else
 604:./Libraries/src/stm32f4xx_tim.c ****   {
 605:./Libraries/src/stm32f4xx_tim.c ****     /* Disable the TIM Counter */
 606:./Libraries/src/stm32f4xx_tim.c ****     TIMx->CR1 &= (uint16_t)~TIM_CR1_CEN;
 607:./Libraries/src/stm32f4xx_tim.c ****   }
 608:./Libraries/src/stm32f4xx_tim.c **** }
 609:./Libraries/src/stm32f4xx_tim.c **** /**
 610:./Libraries/src/stm32f4xx_tim.c ****   * @}
 611:./Libraries/src/stm32f4xx_tim.c ****   */
 612:./Libraries/src/stm32f4xx_tim.c **** 
 613:./Libraries/src/stm32f4xx_tim.c **** /** @defgroup TIM_Group2 Output Compare management functions
 614:./Libraries/src/stm32f4xx_tim.c ****  *  @brief    Output Compare management functions 
 615:./Libraries/src/stm32f4xx_tim.c ****  *
 616:./Libraries/src/stm32f4xx_tim.c **** @verbatim   
 617:./Libraries/src/stm32f4xx_tim.c ****  ===============================================================================
 618:./Libraries/src/stm32f4xx_tim.c ****               ##### Output Compare management functions #####
 619:./Libraries/src/stm32f4xx_tim.c ****  ===============================================================================  
 620:./Libraries/src/stm32f4xx_tim.c ****    
 621:./Libraries/src/stm32f4xx_tim.c ****       
 622:./Libraries/src/stm32f4xx_tim.c ****         ##### TIM Driver: how to use it in Output Compare Mode #####
 623:./Libraries/src/stm32f4xx_tim.c ****  ===============================================================================
 624:./Libraries/src/stm32f4xx_tim.c ****     [..] 
 625:./Libraries/src/stm32f4xx_tim.c ****     To use the Timer in Output Compare mode, the following steps are mandatory:
 626:./Libraries/src/stm32f4xx_tim.c ****        
 627:./Libraries/src/stm32f4xx_tim.c ****       (#) Enable TIM clock using RCC_APBxPeriphClockCmd(RCC_APBxPeriph_TIMx, ENABLE) 
 628:./Libraries/src/stm32f4xx_tim.c ****           function
 629:./Libraries/src/stm32f4xx_tim.c ****        
 630:./Libraries/src/stm32f4xx_tim.c ****       (#) Configure the TIM pins by configuring the corresponding GPIO pins
 631:./Libraries/src/stm32f4xx_tim.c ****        
 632:./Libraries/src/stm32f4xx_tim.c ****       (#) Configure the Time base unit as described in the first part of this driver, 
 633:./Libraries/src/stm32f4xx_tim.c ****         (++) if needed, else the Timer will run with the default configuration:
 634:./Libraries/src/stm32f4xx_tim.c ****             Autoreload value = 0xFFFF
 635:./Libraries/src/stm32f4xx_tim.c ****         (++) Prescaler value = 0x0000
 636:./Libraries/src/stm32f4xx_tim.c ****         (++) Counter mode = Up counting
 637:./Libraries/src/stm32f4xx_tim.c ****         (++) Clock Division = TIM_CKD_DIV1
 638:./Libraries/src/stm32f4xx_tim.c ****           
 639:./Libraries/src/stm32f4xx_tim.c ****       (#) Fill the TIM_OCInitStruct with the desired parameters including:
 640:./Libraries/src/stm32f4xx_tim.c ****         (++) The TIM Output Compare mode: TIM_OCMode
 641:./Libraries/src/stm32f4xx_tim.c ****         (++) TIM Output State: TIM_OutputState
 642:./Libraries/src/stm32f4xx_tim.c ****         (++) TIM Pulse value: TIM_Pulse
 643:./Libraries/src/stm32f4xx_tim.c ****         (++) TIM Output Compare Polarity : TIM_OCPolarity
 644:./Libraries/src/stm32f4xx_tim.c ****        
 645:./Libraries/src/stm32f4xx_tim.c ****       (#) Call TIM_OCxInit(TIMx, &TIM_OCInitStruct) to configure the desired 
 646:./Libraries/src/stm32f4xx_tim.c ****           channel with the corresponding configuration
 647:./Libraries/src/stm32f4xx_tim.c ****        
 648:./Libraries/src/stm32f4xx_tim.c ****       (#) Call the TIM_Cmd(ENABLE) function to enable the TIM counter.
 649:./Libraries/src/stm32f4xx_tim.c ****        
 650:./Libraries/src/stm32f4xx_tim.c ****       -@- All other functions can be used separately to modify, if needed,
 651:./Libraries/src/stm32f4xx_tim.c ****           a specific feature of the Timer. 
 652:./Libraries/src/stm32f4xx_tim.c ****           
 653:./Libraries/src/stm32f4xx_tim.c ****       -@- In case of PWM mode, this function is mandatory:
 654:./Libraries/src/stm32f4xx_tim.c ****           TIM_OCxPreloadConfig(TIMx, TIM_OCPreload_ENABLE); 
 655:./Libraries/src/stm32f4xx_tim.c ****               
 656:./Libraries/src/stm32f4xx_tim.c ****       -@- If the corresponding interrupt or DMA request are needed, the user should:
 657:./Libraries/src/stm32f4xx_tim.c ****         (+@) Enable the NVIC (or the DMA) to use the TIM interrupts (or DMA requests). 
ARM GAS  /tmp/cc0EAqnP.s 			page 13


 658:./Libraries/src/stm32f4xx_tim.c ****         (+@) Enable the corresponding interrupt (or DMA request) using the function 
 659:./Libraries/src/stm32f4xx_tim.c ****              TIM_ITConfig(TIMx, TIM_IT_CCx) (or TIM_DMA_Cmd(TIMx, TIM_DMA_CCx))   
 660:./Libraries/src/stm32f4xx_tim.c **** 
 661:./Libraries/src/stm32f4xx_tim.c **** @endverbatim
 662:./Libraries/src/stm32f4xx_tim.c ****   * @{
 663:./Libraries/src/stm32f4xx_tim.c ****   */
 664:./Libraries/src/stm32f4xx_tim.c **** 
 665:./Libraries/src/stm32f4xx_tim.c **** /**
 666:./Libraries/src/stm32f4xx_tim.c ****   * @brief  Initializes the TIMx Channel1 according to the specified parameters in
 667:./Libraries/src/stm32f4xx_tim.c ****   *         the TIM_OCInitStruct.
 668:./Libraries/src/stm32f4xx_tim.c ****   * @param  TIMx: where x can be 1 to 14 except 6 and 7, to select the TIM peripheral.
 669:./Libraries/src/stm32f4xx_tim.c ****   * @param  TIM_OCInitStruct: pointer to a TIM_OCInitTypeDef structure that contains
 670:./Libraries/src/stm32f4xx_tim.c ****   *         the configuration information for the specified TIM peripheral.
 671:./Libraries/src/stm32f4xx_tim.c ****   * @retval None
 672:./Libraries/src/stm32f4xx_tim.c ****   */
 673:./Libraries/src/stm32f4xx_tim.c **** void TIM_OC1Init(TIM_TypeDef* TIMx, TIM_OCInitTypeDef* TIM_OCInitStruct)
 674:./Libraries/src/stm32f4xx_tim.c **** {
 675:./Libraries/src/stm32f4xx_tim.c ****   uint16_t tmpccmrx = 0, tmpccer = 0, tmpcr2 = 0;
 676:./Libraries/src/stm32f4xx_tim.c ****    
 677:./Libraries/src/stm32f4xx_tim.c ****   /* Check the parameters */
 678:./Libraries/src/stm32f4xx_tim.c ****   assert_param(IS_TIM_LIST1_PERIPH(TIMx)); 
 679:./Libraries/src/stm32f4xx_tim.c ****   assert_param(IS_TIM_OC_MODE(TIM_OCInitStruct->TIM_OCMode));
 680:./Libraries/src/stm32f4xx_tim.c ****   assert_param(IS_TIM_OUTPUT_STATE(TIM_OCInitStruct->TIM_OutputState));
 681:./Libraries/src/stm32f4xx_tim.c ****   assert_param(IS_TIM_OC_POLARITY(TIM_OCInitStruct->TIM_OCPolarity));   
 682:./Libraries/src/stm32f4xx_tim.c **** 
 683:./Libraries/src/stm32f4xx_tim.c ****   /* Disable the Channel 1: Reset the CC1E Bit */
 684:./Libraries/src/stm32f4xx_tim.c ****   TIMx->CCER &= (uint16_t)~TIM_CCER_CC1E;
 685:./Libraries/src/stm32f4xx_tim.c ****   
 686:./Libraries/src/stm32f4xx_tim.c ****   /* Get the TIMx CCER register value */
 687:./Libraries/src/stm32f4xx_tim.c ****   tmpccer = TIMx->CCER;
 688:./Libraries/src/stm32f4xx_tim.c ****   /* Get the TIMx CR2 register value */
 689:./Libraries/src/stm32f4xx_tim.c ****   tmpcr2 =  TIMx->CR2;
 690:./Libraries/src/stm32f4xx_tim.c ****   
 691:./Libraries/src/stm32f4xx_tim.c ****   /* Get the TIMx CCMR1 register value */
 692:./Libraries/src/stm32f4xx_tim.c ****   tmpccmrx = TIMx->CCMR1;
 693:./Libraries/src/stm32f4xx_tim.c ****     
 694:./Libraries/src/stm32f4xx_tim.c ****   /* Reset the Output Compare Mode Bits */
 695:./Libraries/src/stm32f4xx_tim.c ****   tmpccmrx &= (uint16_t)~TIM_CCMR1_OC1M;
 696:./Libraries/src/stm32f4xx_tim.c ****   tmpccmrx &= (uint16_t)~TIM_CCMR1_CC1S;
 697:./Libraries/src/stm32f4xx_tim.c ****   /* Select the Output Compare Mode */
 698:./Libraries/src/stm32f4xx_tim.c ****   tmpccmrx |= TIM_OCInitStruct->TIM_OCMode;
 699:./Libraries/src/stm32f4xx_tim.c ****   
 700:./Libraries/src/stm32f4xx_tim.c ****   /* Reset the Output Polarity level */
 701:./Libraries/src/stm32f4xx_tim.c ****   tmpccer &= (uint16_t)~TIM_CCER_CC1P;
 702:./Libraries/src/stm32f4xx_tim.c ****   /* Set the Output Compare Polarity */
 703:./Libraries/src/stm32f4xx_tim.c ****   tmpccer |= TIM_OCInitStruct->TIM_OCPolarity;
 704:./Libraries/src/stm32f4xx_tim.c ****   
 705:./Libraries/src/stm32f4xx_tim.c ****   /* Set the Output State */
 706:./Libraries/src/stm32f4xx_tim.c ****   tmpccer |= TIM_OCInitStruct->TIM_OutputState;
 707:./Libraries/src/stm32f4xx_tim.c ****     
 708:./Libraries/src/stm32f4xx_tim.c ****   if((TIMx == TIM1) || (TIMx == TIM8))
 709:./Libraries/src/stm32f4xx_tim.c ****   {
 710:./Libraries/src/stm32f4xx_tim.c ****     assert_param(IS_TIM_OUTPUTN_STATE(TIM_OCInitStruct->TIM_OutputNState));
 711:./Libraries/src/stm32f4xx_tim.c ****     assert_param(IS_TIM_OCN_POLARITY(TIM_OCInitStruct->TIM_OCNPolarity));
 712:./Libraries/src/stm32f4xx_tim.c ****     assert_param(IS_TIM_OCNIDLE_STATE(TIM_OCInitStruct->TIM_OCNIdleState));
 713:./Libraries/src/stm32f4xx_tim.c ****     assert_param(IS_TIM_OCIDLE_STATE(TIM_OCInitStruct->TIM_OCIdleState));
 714:./Libraries/src/stm32f4xx_tim.c ****     
ARM GAS  /tmp/cc0EAqnP.s 			page 14


 715:./Libraries/src/stm32f4xx_tim.c ****     /* Reset the Output N Polarity level */
 716:./Libraries/src/stm32f4xx_tim.c ****     tmpccer &= (uint16_t)~TIM_CCER_CC1NP;
 717:./Libraries/src/stm32f4xx_tim.c ****     /* Set the Output N Polarity */
 718:./Libraries/src/stm32f4xx_tim.c ****     tmpccer |= TIM_OCInitStruct->TIM_OCNPolarity;
 719:./Libraries/src/stm32f4xx_tim.c ****     /* Reset the Output N State */
 720:./Libraries/src/stm32f4xx_tim.c ****     tmpccer &= (uint16_t)~TIM_CCER_CC1NE;
 721:./Libraries/src/stm32f4xx_tim.c ****     
 722:./Libraries/src/stm32f4xx_tim.c ****     /* Set the Output N State */
 723:./Libraries/src/stm32f4xx_tim.c ****     tmpccer |= TIM_OCInitStruct->TIM_OutputNState;
 724:./Libraries/src/stm32f4xx_tim.c ****     /* Reset the Output Compare and Output Compare N IDLE State */
 725:./Libraries/src/stm32f4xx_tim.c ****     tmpcr2 &= (uint16_t)~TIM_CR2_OIS1;
 726:./Libraries/src/stm32f4xx_tim.c ****     tmpcr2 &= (uint16_t)~TIM_CR2_OIS1N;
 727:./Libraries/src/stm32f4xx_tim.c ****     /* Set the Output Idle state */
 728:./Libraries/src/stm32f4xx_tim.c ****     tmpcr2 |= TIM_OCInitStruct->TIM_OCIdleState;
 729:./Libraries/src/stm32f4xx_tim.c ****     /* Set the Output N Idle state */
 730:./Libraries/src/stm32f4xx_tim.c ****     tmpcr2 |= TIM_OCInitStruct->TIM_OCNIdleState;
 731:./Libraries/src/stm32f4xx_tim.c ****   }
 732:./Libraries/src/stm32f4xx_tim.c ****   /* Write to TIMx CR2 */
 733:./Libraries/src/stm32f4xx_tim.c ****   TIMx->CR2 = tmpcr2;
 734:./Libraries/src/stm32f4xx_tim.c ****   
 735:./Libraries/src/stm32f4xx_tim.c ****   /* Write to TIMx CCMR1 */
 736:./Libraries/src/stm32f4xx_tim.c ****   TIMx->CCMR1 = tmpccmrx;
 737:./Libraries/src/stm32f4xx_tim.c ****   
 738:./Libraries/src/stm32f4xx_tim.c ****   /* Set the Capture Compare Register value */
 739:./Libraries/src/stm32f4xx_tim.c ****   TIMx->CCR1 = TIM_OCInitStruct->TIM_Pulse;
 740:./Libraries/src/stm32f4xx_tim.c ****   
 741:./Libraries/src/stm32f4xx_tim.c ****   /* Write to TIMx CCER */
 742:./Libraries/src/stm32f4xx_tim.c ****   TIMx->CCER = tmpccer;
 743:./Libraries/src/stm32f4xx_tim.c **** }
 744:./Libraries/src/stm32f4xx_tim.c **** 
 745:./Libraries/src/stm32f4xx_tim.c **** /**
 746:./Libraries/src/stm32f4xx_tim.c ****   * @brief  Initializes the TIMx Channel2 according to the specified parameters 
 747:./Libraries/src/stm32f4xx_tim.c ****   *         in the TIM_OCInitStruct.
 748:./Libraries/src/stm32f4xx_tim.c ****   * @param  TIMx: where x can be 1, 2, 3, 4, 5, 8, 9 or 12 to select the TIM 
 749:./Libraries/src/stm32f4xx_tim.c ****   *         peripheral.
 750:./Libraries/src/stm32f4xx_tim.c ****   * @param  TIM_OCInitStruct: pointer to a TIM_OCInitTypeDef structure that contains
 751:./Libraries/src/stm32f4xx_tim.c ****   *         the configuration information for the specified TIM peripheral.
 752:./Libraries/src/stm32f4xx_tim.c ****   * @retval None
 753:./Libraries/src/stm32f4xx_tim.c ****   */
 754:./Libraries/src/stm32f4xx_tim.c **** void TIM_OC2Init(TIM_TypeDef* TIMx, TIM_OCInitTypeDef* TIM_OCInitStruct)
 755:./Libraries/src/stm32f4xx_tim.c **** {
 756:./Libraries/src/stm32f4xx_tim.c ****   uint16_t tmpccmrx = 0, tmpccer = 0, tmpcr2 = 0;
 757:./Libraries/src/stm32f4xx_tim.c ****    
 758:./Libraries/src/stm32f4xx_tim.c ****   /* Check the parameters */
 759:./Libraries/src/stm32f4xx_tim.c ****   assert_param(IS_TIM_LIST2_PERIPH(TIMx)); 
 760:./Libraries/src/stm32f4xx_tim.c ****   assert_param(IS_TIM_OC_MODE(TIM_OCInitStruct->TIM_OCMode));
 761:./Libraries/src/stm32f4xx_tim.c ****   assert_param(IS_TIM_OUTPUT_STATE(TIM_OCInitStruct->TIM_OutputState));
 762:./Libraries/src/stm32f4xx_tim.c ****   assert_param(IS_TIM_OC_POLARITY(TIM_OCInitStruct->TIM_OCPolarity));   
 763:./Libraries/src/stm32f4xx_tim.c **** 
 764:./Libraries/src/stm32f4xx_tim.c ****   /* Disable the Channel 2: Reset the CC2E Bit */
 765:./Libraries/src/stm32f4xx_tim.c ****   TIMx->CCER &= (uint16_t)~TIM_CCER_CC2E;
 766:./Libraries/src/stm32f4xx_tim.c ****   
 767:./Libraries/src/stm32f4xx_tim.c ****   /* Get the TIMx CCER register value */  
 768:./Libraries/src/stm32f4xx_tim.c ****   tmpccer = TIMx->CCER;
 769:./Libraries/src/stm32f4xx_tim.c ****   /* Get the TIMx CR2 register value */
 770:./Libraries/src/stm32f4xx_tim.c ****   tmpcr2 =  TIMx->CR2;
 771:./Libraries/src/stm32f4xx_tim.c ****   
ARM GAS  /tmp/cc0EAqnP.s 			page 15


 772:./Libraries/src/stm32f4xx_tim.c ****   /* Get the TIMx CCMR1 register value */
 773:./Libraries/src/stm32f4xx_tim.c ****   tmpccmrx = TIMx->CCMR1;
 774:./Libraries/src/stm32f4xx_tim.c ****     
 775:./Libraries/src/stm32f4xx_tim.c ****   /* Reset the Output Compare mode and Capture/Compare selection Bits */
 776:./Libraries/src/stm32f4xx_tim.c ****   tmpccmrx &= (uint16_t)~TIM_CCMR1_OC2M;
 777:./Libraries/src/stm32f4xx_tim.c ****   tmpccmrx &= (uint16_t)~TIM_CCMR1_CC2S;
 778:./Libraries/src/stm32f4xx_tim.c ****   
 779:./Libraries/src/stm32f4xx_tim.c ****   /* Select the Output Compare Mode */
 780:./Libraries/src/stm32f4xx_tim.c ****   tmpccmrx |= (uint16_t)(TIM_OCInitStruct->TIM_OCMode << 8);
 781:./Libraries/src/stm32f4xx_tim.c ****   
 782:./Libraries/src/stm32f4xx_tim.c ****   /* Reset the Output Polarity level */
 783:./Libraries/src/stm32f4xx_tim.c ****   tmpccer &= (uint16_t)~TIM_CCER_CC2P;
 784:./Libraries/src/stm32f4xx_tim.c ****   /* Set the Output Compare Polarity */
 785:./Libraries/src/stm32f4xx_tim.c ****   tmpccer |= (uint16_t)(TIM_OCInitStruct->TIM_OCPolarity << 4);
 786:./Libraries/src/stm32f4xx_tim.c ****   
 787:./Libraries/src/stm32f4xx_tim.c ****   /* Set the Output State */
 788:./Libraries/src/stm32f4xx_tim.c ****   tmpccer |= (uint16_t)(TIM_OCInitStruct->TIM_OutputState << 4);
 789:./Libraries/src/stm32f4xx_tim.c ****     
 790:./Libraries/src/stm32f4xx_tim.c ****   if((TIMx == TIM1) || (TIMx == TIM8))
 791:./Libraries/src/stm32f4xx_tim.c ****   {
 792:./Libraries/src/stm32f4xx_tim.c ****     assert_param(IS_TIM_OUTPUTN_STATE(TIM_OCInitStruct->TIM_OutputNState));
 793:./Libraries/src/stm32f4xx_tim.c ****     assert_param(IS_TIM_OCN_POLARITY(TIM_OCInitStruct->TIM_OCNPolarity));
 794:./Libraries/src/stm32f4xx_tim.c ****     assert_param(IS_TIM_OCNIDLE_STATE(TIM_OCInitStruct->TIM_OCNIdleState));
 795:./Libraries/src/stm32f4xx_tim.c ****     assert_param(IS_TIM_OCIDLE_STATE(TIM_OCInitStruct->TIM_OCIdleState));
 796:./Libraries/src/stm32f4xx_tim.c ****     
 797:./Libraries/src/stm32f4xx_tim.c ****     /* Reset the Output N Polarity level */
 798:./Libraries/src/stm32f4xx_tim.c ****     tmpccer &= (uint16_t)~TIM_CCER_CC2NP;
 799:./Libraries/src/stm32f4xx_tim.c ****     /* Set the Output N Polarity */
 800:./Libraries/src/stm32f4xx_tim.c ****     tmpccer |= (uint16_t)(TIM_OCInitStruct->TIM_OCNPolarity << 4);
 801:./Libraries/src/stm32f4xx_tim.c ****     /* Reset the Output N State */
 802:./Libraries/src/stm32f4xx_tim.c ****     tmpccer &= (uint16_t)~TIM_CCER_CC2NE;
 803:./Libraries/src/stm32f4xx_tim.c ****     
 804:./Libraries/src/stm32f4xx_tim.c ****     /* Set the Output N State */
 805:./Libraries/src/stm32f4xx_tim.c ****     tmpccer |= (uint16_t)(TIM_OCInitStruct->TIM_OutputNState << 4);
 806:./Libraries/src/stm32f4xx_tim.c ****     /* Reset the Output Compare and Output Compare N IDLE State */
 807:./Libraries/src/stm32f4xx_tim.c ****     tmpcr2 &= (uint16_t)~TIM_CR2_OIS2;
 808:./Libraries/src/stm32f4xx_tim.c ****     tmpcr2 &= (uint16_t)~TIM_CR2_OIS2N;
 809:./Libraries/src/stm32f4xx_tim.c ****     /* Set the Output Idle state */
 810:./Libraries/src/stm32f4xx_tim.c ****     tmpcr2 |= (uint16_t)(TIM_OCInitStruct->TIM_OCIdleState << 2);
 811:./Libraries/src/stm32f4xx_tim.c ****     /* Set the Output N Idle state */
 812:./Libraries/src/stm32f4xx_tim.c ****     tmpcr2 |= (uint16_t)(TIM_OCInitStruct->TIM_OCNIdleState << 2);
 813:./Libraries/src/stm32f4xx_tim.c ****   }
 814:./Libraries/src/stm32f4xx_tim.c ****   /* Write to TIMx CR2 */
 815:./Libraries/src/stm32f4xx_tim.c ****   TIMx->CR2 = tmpcr2;
 816:./Libraries/src/stm32f4xx_tim.c ****   
 817:./Libraries/src/stm32f4xx_tim.c ****   /* Write to TIMx CCMR1 */
 818:./Libraries/src/stm32f4xx_tim.c ****   TIMx->CCMR1 = tmpccmrx;
 819:./Libraries/src/stm32f4xx_tim.c ****   
 820:./Libraries/src/stm32f4xx_tim.c ****   /* Set the Capture Compare Register value */
 821:./Libraries/src/stm32f4xx_tim.c ****   TIMx->CCR2 = TIM_OCInitStruct->TIM_Pulse;
 822:./Libraries/src/stm32f4xx_tim.c ****   
 823:./Libraries/src/stm32f4xx_tim.c ****   /* Write to TIMx CCER */
 824:./Libraries/src/stm32f4xx_tim.c ****   TIMx->CCER = tmpccer;
 825:./Libraries/src/stm32f4xx_tim.c **** }
 826:./Libraries/src/stm32f4xx_tim.c **** 
 827:./Libraries/src/stm32f4xx_tim.c **** /**
 828:./Libraries/src/stm32f4xx_tim.c ****   * @brief  Initializes the TIMx Channel3 according to the specified parameters
ARM GAS  /tmp/cc0EAqnP.s 			page 16


 829:./Libraries/src/stm32f4xx_tim.c ****   *         in the TIM_OCInitStruct.
 830:./Libraries/src/stm32f4xx_tim.c ****   * @param  TIMx: where x can be 1, 2, 3, 4, 5 or 8 to select the TIM peripheral.
 831:./Libraries/src/stm32f4xx_tim.c ****   * @param  TIM_OCInitStruct: pointer to a TIM_OCInitTypeDef structure that contains
 832:./Libraries/src/stm32f4xx_tim.c ****   *         the configuration information for the specified TIM peripheral.
 833:./Libraries/src/stm32f4xx_tim.c ****   * @retval None
 834:./Libraries/src/stm32f4xx_tim.c ****   */
 835:./Libraries/src/stm32f4xx_tim.c **** void TIM_OC3Init(TIM_TypeDef* TIMx, TIM_OCInitTypeDef* TIM_OCInitStruct)
 836:./Libraries/src/stm32f4xx_tim.c **** {
 837:./Libraries/src/stm32f4xx_tim.c ****   uint16_t tmpccmrx = 0, tmpccer = 0, tmpcr2 = 0;
 838:./Libraries/src/stm32f4xx_tim.c ****    
 839:./Libraries/src/stm32f4xx_tim.c ****   /* Check the parameters */
 840:./Libraries/src/stm32f4xx_tim.c ****   assert_param(IS_TIM_LIST3_PERIPH(TIMx)); 
 841:./Libraries/src/stm32f4xx_tim.c ****   assert_param(IS_TIM_OC_MODE(TIM_OCInitStruct->TIM_OCMode));
 842:./Libraries/src/stm32f4xx_tim.c ****   assert_param(IS_TIM_OUTPUT_STATE(TIM_OCInitStruct->TIM_OutputState));
 843:./Libraries/src/stm32f4xx_tim.c ****   assert_param(IS_TIM_OC_POLARITY(TIM_OCInitStruct->TIM_OCPolarity));   
 844:./Libraries/src/stm32f4xx_tim.c **** 
 845:./Libraries/src/stm32f4xx_tim.c ****   /* Disable the Channel 3: Reset the CC2E Bit */
 846:./Libraries/src/stm32f4xx_tim.c ****   TIMx->CCER &= (uint16_t)~TIM_CCER_CC3E;
 847:./Libraries/src/stm32f4xx_tim.c ****   
 848:./Libraries/src/stm32f4xx_tim.c ****   /* Get the TIMx CCER register value */
 849:./Libraries/src/stm32f4xx_tim.c ****   tmpccer = TIMx->CCER;
 850:./Libraries/src/stm32f4xx_tim.c ****   /* Get the TIMx CR2 register value */
 851:./Libraries/src/stm32f4xx_tim.c ****   tmpcr2 =  TIMx->CR2;
 852:./Libraries/src/stm32f4xx_tim.c ****   
 853:./Libraries/src/stm32f4xx_tim.c ****   /* Get the TIMx CCMR2 register value */
 854:./Libraries/src/stm32f4xx_tim.c ****   tmpccmrx = TIMx->CCMR2;
 855:./Libraries/src/stm32f4xx_tim.c ****     
 856:./Libraries/src/stm32f4xx_tim.c ****   /* Reset the Output Compare mode and Capture/Compare selection Bits */
 857:./Libraries/src/stm32f4xx_tim.c ****   tmpccmrx &= (uint16_t)~TIM_CCMR2_OC3M;
 858:./Libraries/src/stm32f4xx_tim.c ****   tmpccmrx &= (uint16_t)~TIM_CCMR2_CC3S;  
 859:./Libraries/src/stm32f4xx_tim.c ****   /* Select the Output Compare Mode */
 860:./Libraries/src/stm32f4xx_tim.c ****   tmpccmrx |= TIM_OCInitStruct->TIM_OCMode;
 861:./Libraries/src/stm32f4xx_tim.c ****   
 862:./Libraries/src/stm32f4xx_tim.c ****   /* Reset the Output Polarity level */
 863:./Libraries/src/stm32f4xx_tim.c ****   tmpccer &= (uint16_t)~TIM_CCER_CC3P;
 864:./Libraries/src/stm32f4xx_tim.c ****   /* Set the Output Compare Polarity */
 865:./Libraries/src/stm32f4xx_tim.c ****   tmpccer |= (uint16_t)(TIM_OCInitStruct->TIM_OCPolarity << 8);
 866:./Libraries/src/stm32f4xx_tim.c ****   
 867:./Libraries/src/stm32f4xx_tim.c ****   /* Set the Output State */
 868:./Libraries/src/stm32f4xx_tim.c ****   tmpccer |= (uint16_t)(TIM_OCInitStruct->TIM_OutputState << 8);
 869:./Libraries/src/stm32f4xx_tim.c ****     
 870:./Libraries/src/stm32f4xx_tim.c ****   if((TIMx == TIM1) || (TIMx == TIM8))
 871:./Libraries/src/stm32f4xx_tim.c ****   {
 872:./Libraries/src/stm32f4xx_tim.c ****     assert_param(IS_TIM_OUTPUTN_STATE(TIM_OCInitStruct->TIM_OutputNState));
 873:./Libraries/src/stm32f4xx_tim.c ****     assert_param(IS_TIM_OCN_POLARITY(TIM_OCInitStruct->TIM_OCNPolarity));
 874:./Libraries/src/stm32f4xx_tim.c ****     assert_param(IS_TIM_OCNIDLE_STATE(TIM_OCInitStruct->TIM_OCNIdleState));
 875:./Libraries/src/stm32f4xx_tim.c ****     assert_param(IS_TIM_OCIDLE_STATE(TIM_OCInitStruct->TIM_OCIdleState));
 876:./Libraries/src/stm32f4xx_tim.c ****     
 877:./Libraries/src/stm32f4xx_tim.c ****     /* Reset the Output N Polarity level */
 878:./Libraries/src/stm32f4xx_tim.c ****     tmpccer &= (uint16_t)~TIM_CCER_CC3NP;
 879:./Libraries/src/stm32f4xx_tim.c ****     /* Set the Output N Polarity */
 880:./Libraries/src/stm32f4xx_tim.c ****     tmpccer |= (uint16_t)(TIM_OCInitStruct->TIM_OCNPolarity << 8);
 881:./Libraries/src/stm32f4xx_tim.c ****     /* Reset the Output N State */
 882:./Libraries/src/stm32f4xx_tim.c ****     tmpccer &= (uint16_t)~TIM_CCER_CC3NE;
 883:./Libraries/src/stm32f4xx_tim.c ****     
 884:./Libraries/src/stm32f4xx_tim.c ****     /* Set the Output N State */
 885:./Libraries/src/stm32f4xx_tim.c ****     tmpccer |= (uint16_t)(TIM_OCInitStruct->TIM_OutputNState << 8);
ARM GAS  /tmp/cc0EAqnP.s 			page 17


 886:./Libraries/src/stm32f4xx_tim.c ****     /* Reset the Output Compare and Output Compare N IDLE State */
 887:./Libraries/src/stm32f4xx_tim.c ****     tmpcr2 &= (uint16_t)~TIM_CR2_OIS3;
 888:./Libraries/src/stm32f4xx_tim.c ****     tmpcr2 &= (uint16_t)~TIM_CR2_OIS3N;
 889:./Libraries/src/stm32f4xx_tim.c ****     /* Set the Output Idle state */
 890:./Libraries/src/stm32f4xx_tim.c ****     tmpcr2 |= (uint16_t)(TIM_OCInitStruct->TIM_OCIdleState << 4);
 891:./Libraries/src/stm32f4xx_tim.c ****     /* Set the Output N Idle state */
 892:./Libraries/src/stm32f4xx_tim.c ****     tmpcr2 |= (uint16_t)(TIM_OCInitStruct->TIM_OCNIdleState << 4);
 893:./Libraries/src/stm32f4xx_tim.c ****   }
 894:./Libraries/src/stm32f4xx_tim.c ****   /* Write to TIMx CR2 */
 895:./Libraries/src/stm32f4xx_tim.c ****   TIMx->CR2 = tmpcr2;
 896:./Libraries/src/stm32f4xx_tim.c ****   
 897:./Libraries/src/stm32f4xx_tim.c ****   /* Write to TIMx CCMR2 */
 898:./Libraries/src/stm32f4xx_tim.c ****   TIMx->CCMR2 = tmpccmrx;
 899:./Libraries/src/stm32f4xx_tim.c ****   
 900:./Libraries/src/stm32f4xx_tim.c ****   /* Set the Capture Compare Register value */
 901:./Libraries/src/stm32f4xx_tim.c ****   TIMx->CCR3 = TIM_OCInitStruct->TIM_Pulse;
 902:./Libraries/src/stm32f4xx_tim.c ****   
 903:./Libraries/src/stm32f4xx_tim.c ****   /* Write to TIMx CCER */
 904:./Libraries/src/stm32f4xx_tim.c ****   TIMx->CCER = tmpccer;
 905:./Libraries/src/stm32f4xx_tim.c **** }
 906:./Libraries/src/stm32f4xx_tim.c **** 
 907:./Libraries/src/stm32f4xx_tim.c **** /**
 908:./Libraries/src/stm32f4xx_tim.c ****   * @brief  Initializes the TIMx Channel4 according to the specified parameters
 909:./Libraries/src/stm32f4xx_tim.c ****   *         in the TIM_OCInitStruct.
 910:./Libraries/src/stm32f4xx_tim.c ****   * @param  TIMx: where x can be 1, 2, 3, 4, 5 or 8 to select the TIM peripheral.
 911:./Libraries/src/stm32f4xx_tim.c ****   * @param  TIM_OCInitStruct: pointer to a TIM_OCInitTypeDef structure that contains
 912:./Libraries/src/stm32f4xx_tim.c ****   *         the configuration information for the specified TIM peripheral.
 913:./Libraries/src/stm32f4xx_tim.c ****   * @retval None
 914:./Libraries/src/stm32f4xx_tim.c ****   */
 915:./Libraries/src/stm32f4xx_tim.c **** void TIM_OC4Init(TIM_TypeDef* TIMx, TIM_OCInitTypeDef* TIM_OCInitStruct)
 916:./Libraries/src/stm32f4xx_tim.c **** {
 917:./Libraries/src/stm32f4xx_tim.c ****   uint16_t tmpccmrx = 0, tmpccer = 0, tmpcr2 = 0;
 918:./Libraries/src/stm32f4xx_tim.c ****    
 919:./Libraries/src/stm32f4xx_tim.c ****   /* Check the parameters */
 920:./Libraries/src/stm32f4xx_tim.c ****   assert_param(IS_TIM_LIST3_PERIPH(TIMx)); 
 921:./Libraries/src/stm32f4xx_tim.c ****   assert_param(IS_TIM_OC_MODE(TIM_OCInitStruct->TIM_OCMode));
 922:./Libraries/src/stm32f4xx_tim.c ****   assert_param(IS_TIM_OUTPUT_STATE(TIM_OCInitStruct->TIM_OutputState));
 923:./Libraries/src/stm32f4xx_tim.c ****   assert_param(IS_TIM_OC_POLARITY(TIM_OCInitStruct->TIM_OCPolarity));   
 924:./Libraries/src/stm32f4xx_tim.c **** 
 925:./Libraries/src/stm32f4xx_tim.c ****   /* Disable the Channel 4: Reset the CC4E Bit */
 926:./Libraries/src/stm32f4xx_tim.c ****   TIMx->CCER &= (uint16_t)~TIM_CCER_CC4E;
 927:./Libraries/src/stm32f4xx_tim.c ****   
 928:./Libraries/src/stm32f4xx_tim.c ****   /* Get the TIMx CCER register value */
 929:./Libraries/src/stm32f4xx_tim.c ****   tmpccer = TIMx->CCER;
 930:./Libraries/src/stm32f4xx_tim.c ****   /* Get the TIMx CR2 register value */
 931:./Libraries/src/stm32f4xx_tim.c ****   tmpcr2 =  TIMx->CR2;
 932:./Libraries/src/stm32f4xx_tim.c ****   
 933:./Libraries/src/stm32f4xx_tim.c ****   /* Get the TIMx CCMR2 register value */
 934:./Libraries/src/stm32f4xx_tim.c ****   tmpccmrx = TIMx->CCMR2;
 935:./Libraries/src/stm32f4xx_tim.c ****     
 936:./Libraries/src/stm32f4xx_tim.c ****   /* Reset the Output Compare mode and Capture/Compare selection Bits */
 937:./Libraries/src/stm32f4xx_tim.c ****   tmpccmrx &= (uint16_t)~TIM_CCMR2_OC4M;
 938:./Libraries/src/stm32f4xx_tim.c ****   tmpccmrx &= (uint16_t)~TIM_CCMR2_CC4S;
 939:./Libraries/src/stm32f4xx_tim.c ****   
 940:./Libraries/src/stm32f4xx_tim.c ****   /* Select the Output Compare Mode */
 941:./Libraries/src/stm32f4xx_tim.c ****   tmpccmrx |= (uint16_t)(TIM_OCInitStruct->TIM_OCMode << 8);
 942:./Libraries/src/stm32f4xx_tim.c ****   
ARM GAS  /tmp/cc0EAqnP.s 			page 18


 943:./Libraries/src/stm32f4xx_tim.c ****   /* Reset the Output Polarity level */
 944:./Libraries/src/stm32f4xx_tim.c ****   tmpccer &= (uint16_t)~TIM_CCER_CC4P;
 945:./Libraries/src/stm32f4xx_tim.c ****   /* Set the Output Compare Polarity */
 946:./Libraries/src/stm32f4xx_tim.c ****   tmpccer |= (uint16_t)(TIM_OCInitStruct->TIM_OCPolarity << 12);
 947:./Libraries/src/stm32f4xx_tim.c ****   
 948:./Libraries/src/stm32f4xx_tim.c ****   /* Set the Output State */
 949:./Libraries/src/stm32f4xx_tim.c ****   tmpccer |= (uint16_t)(TIM_OCInitStruct->TIM_OutputState << 12);
 950:./Libraries/src/stm32f4xx_tim.c ****   
 951:./Libraries/src/stm32f4xx_tim.c ****   if((TIMx == TIM1) || (TIMx == TIM8))
 952:./Libraries/src/stm32f4xx_tim.c ****   {
 953:./Libraries/src/stm32f4xx_tim.c ****     assert_param(IS_TIM_OCIDLE_STATE(TIM_OCInitStruct->TIM_OCIdleState));
 954:./Libraries/src/stm32f4xx_tim.c ****     /* Reset the Output Compare IDLE State */
 955:./Libraries/src/stm32f4xx_tim.c ****     tmpcr2 &=(uint16_t) ~TIM_CR2_OIS4;
 956:./Libraries/src/stm32f4xx_tim.c ****     /* Set the Output Idle state */
 957:./Libraries/src/stm32f4xx_tim.c ****     tmpcr2 |= (uint16_t)(TIM_OCInitStruct->TIM_OCIdleState << 6);
 958:./Libraries/src/stm32f4xx_tim.c ****   }
 959:./Libraries/src/stm32f4xx_tim.c ****   /* Write to TIMx CR2 */
 960:./Libraries/src/stm32f4xx_tim.c ****   TIMx->CR2 = tmpcr2;
 961:./Libraries/src/stm32f4xx_tim.c ****   
 962:./Libraries/src/stm32f4xx_tim.c ****   /* Write to TIMx CCMR2 */  
 963:./Libraries/src/stm32f4xx_tim.c ****   TIMx->CCMR2 = tmpccmrx;
 964:./Libraries/src/stm32f4xx_tim.c ****     
 965:./Libraries/src/stm32f4xx_tim.c ****   /* Set the Capture Compare Register value */
 966:./Libraries/src/stm32f4xx_tim.c ****   TIMx->CCR4 = TIM_OCInitStruct->TIM_Pulse;
 967:./Libraries/src/stm32f4xx_tim.c ****   
 968:./Libraries/src/stm32f4xx_tim.c ****   /* Write to TIMx CCER */
 969:./Libraries/src/stm32f4xx_tim.c ****   TIMx->CCER = tmpccer;
 970:./Libraries/src/stm32f4xx_tim.c **** }
 971:./Libraries/src/stm32f4xx_tim.c **** 
 972:./Libraries/src/stm32f4xx_tim.c **** /**
 973:./Libraries/src/stm32f4xx_tim.c ****   * @brief  Fills each TIM_OCInitStruct member with its default value.
 974:./Libraries/src/stm32f4xx_tim.c ****   * @param  TIM_OCInitStruct: pointer to a TIM_OCInitTypeDef structure which will
 975:./Libraries/src/stm32f4xx_tim.c ****   *         be initialized.
 976:./Libraries/src/stm32f4xx_tim.c ****   * @retval None
 977:./Libraries/src/stm32f4xx_tim.c ****   */
 978:./Libraries/src/stm32f4xx_tim.c **** void TIM_OCStructInit(TIM_OCInitTypeDef* TIM_OCInitStruct)
 979:./Libraries/src/stm32f4xx_tim.c **** {
 980:./Libraries/src/stm32f4xx_tim.c ****   /* Set the default configuration */
 981:./Libraries/src/stm32f4xx_tim.c ****   TIM_OCInitStruct->TIM_OCMode = TIM_OCMode_Timing;
 982:./Libraries/src/stm32f4xx_tim.c ****   TIM_OCInitStruct->TIM_OutputState = TIM_OutputState_Disable;
 983:./Libraries/src/stm32f4xx_tim.c ****   TIM_OCInitStruct->TIM_OutputNState = TIM_OutputNState_Disable;
 984:./Libraries/src/stm32f4xx_tim.c ****   TIM_OCInitStruct->TIM_Pulse = 0x00000000;
 985:./Libraries/src/stm32f4xx_tim.c ****   TIM_OCInitStruct->TIM_OCPolarity = TIM_OCPolarity_High;
 986:./Libraries/src/stm32f4xx_tim.c ****   TIM_OCInitStruct->TIM_OCNPolarity = TIM_OCPolarity_High;
 987:./Libraries/src/stm32f4xx_tim.c ****   TIM_OCInitStruct->TIM_OCIdleState = TIM_OCIdleState_Reset;
 988:./Libraries/src/stm32f4xx_tim.c ****   TIM_OCInitStruct->TIM_OCNIdleState = TIM_OCNIdleState_Reset;
 989:./Libraries/src/stm32f4xx_tim.c **** }
 990:./Libraries/src/stm32f4xx_tim.c **** 
 991:./Libraries/src/stm32f4xx_tim.c **** /**
 992:./Libraries/src/stm32f4xx_tim.c ****   * @brief  Selects the TIM Output Compare Mode.
 993:./Libraries/src/stm32f4xx_tim.c ****   * @note   This function disables the selected channel before changing the Output
 994:./Libraries/src/stm32f4xx_tim.c ****   *         Compare Mode. If needed, user has to enable this channel using
 995:./Libraries/src/stm32f4xx_tim.c ****   *         TIM_CCxCmd() and TIM_CCxNCmd() functions.
 996:./Libraries/src/stm32f4xx_tim.c ****   * @param  TIMx: where x can be 1 to 14 except 6 and 7, to select the TIM peripheral.
 997:./Libraries/src/stm32f4xx_tim.c ****   * @param  TIM_Channel: specifies the TIM Channel
 998:./Libraries/src/stm32f4xx_tim.c ****   *          This parameter can be one of the following values:
 999:./Libraries/src/stm32f4xx_tim.c ****   *            @arg TIM_Channel_1: TIM Channel 1
ARM GAS  /tmp/cc0EAqnP.s 			page 19


1000:./Libraries/src/stm32f4xx_tim.c ****   *            @arg TIM_Channel_2: TIM Channel 2
1001:./Libraries/src/stm32f4xx_tim.c ****   *            @arg TIM_Channel_3: TIM Channel 3
1002:./Libraries/src/stm32f4xx_tim.c ****   *            @arg TIM_Channel_4: TIM Channel 4
1003:./Libraries/src/stm32f4xx_tim.c ****   * @param  TIM_OCMode: specifies the TIM Output Compare Mode.
1004:./Libraries/src/stm32f4xx_tim.c ****   *           This parameter can be one of the following values:
1005:./Libraries/src/stm32f4xx_tim.c ****   *            @arg TIM_OCMode_Timing
1006:./Libraries/src/stm32f4xx_tim.c ****   *            @arg TIM_OCMode_Active
1007:./Libraries/src/stm32f4xx_tim.c ****   *            @arg TIM_OCMode_Toggle
1008:./Libraries/src/stm32f4xx_tim.c ****   *            @arg TIM_OCMode_PWM1
1009:./Libraries/src/stm32f4xx_tim.c ****   *            @arg TIM_OCMode_PWM2
1010:./Libraries/src/stm32f4xx_tim.c ****   *            @arg TIM_ForcedAction_Active
1011:./Libraries/src/stm32f4xx_tim.c ****   *            @arg TIM_ForcedAction_InActive
1012:./Libraries/src/stm32f4xx_tim.c ****   * @retval None
1013:./Libraries/src/stm32f4xx_tim.c ****   */
1014:./Libraries/src/stm32f4xx_tim.c **** void TIM_SelectOCxM(TIM_TypeDef* TIMx, uint16_t TIM_Channel, uint16_t TIM_OCMode)
1015:./Libraries/src/stm32f4xx_tim.c **** {
1016:./Libraries/src/stm32f4xx_tim.c ****   uint32_t tmp = 0;
1017:./Libraries/src/stm32f4xx_tim.c ****   uint16_t tmp1 = 0;
1018:./Libraries/src/stm32f4xx_tim.c **** 
1019:./Libraries/src/stm32f4xx_tim.c ****   /* Check the parameters */
1020:./Libraries/src/stm32f4xx_tim.c ****   assert_param(IS_TIM_LIST1_PERIPH(TIMx));
1021:./Libraries/src/stm32f4xx_tim.c ****   assert_param(IS_TIM_CHANNEL(TIM_Channel));
1022:./Libraries/src/stm32f4xx_tim.c ****   assert_param(IS_TIM_OCM(TIM_OCMode));
1023:./Libraries/src/stm32f4xx_tim.c **** 
1024:./Libraries/src/stm32f4xx_tim.c ****   tmp = (uint32_t) TIMx;
1025:./Libraries/src/stm32f4xx_tim.c ****   tmp += CCMR_OFFSET;
1026:./Libraries/src/stm32f4xx_tim.c **** 
1027:./Libraries/src/stm32f4xx_tim.c ****   tmp1 = CCER_CCE_SET << (uint16_t)TIM_Channel;
1028:./Libraries/src/stm32f4xx_tim.c **** 
1029:./Libraries/src/stm32f4xx_tim.c ****   /* Disable the Channel: Reset the CCxE Bit */
1030:./Libraries/src/stm32f4xx_tim.c ****   TIMx->CCER &= (uint16_t) ~tmp1;
1031:./Libraries/src/stm32f4xx_tim.c **** 
1032:./Libraries/src/stm32f4xx_tim.c ****   if((TIM_Channel == TIM_Channel_1) ||(TIM_Channel == TIM_Channel_3))
1033:./Libraries/src/stm32f4xx_tim.c ****   {
1034:./Libraries/src/stm32f4xx_tim.c ****     tmp += (TIM_Channel>>1);
1035:./Libraries/src/stm32f4xx_tim.c **** 
1036:./Libraries/src/stm32f4xx_tim.c ****     /* Reset the OCxM bits in the CCMRx register */
1037:./Libraries/src/stm32f4xx_tim.c ****     *(__IO uint32_t *) tmp &= CCMR_OC13M_MASK;
1038:./Libraries/src/stm32f4xx_tim.c ****    
1039:./Libraries/src/stm32f4xx_tim.c ****     /* Configure the OCxM bits in the CCMRx register */
1040:./Libraries/src/stm32f4xx_tim.c ****     *(__IO uint32_t *) tmp |= TIM_OCMode;
1041:./Libraries/src/stm32f4xx_tim.c ****   }
1042:./Libraries/src/stm32f4xx_tim.c ****   else
1043:./Libraries/src/stm32f4xx_tim.c ****   {
1044:./Libraries/src/stm32f4xx_tim.c ****     tmp += (uint16_t)(TIM_Channel - (uint16_t)4)>> (uint16_t)1;
1045:./Libraries/src/stm32f4xx_tim.c **** 
1046:./Libraries/src/stm32f4xx_tim.c ****     /* Reset the OCxM bits in the CCMRx register */
1047:./Libraries/src/stm32f4xx_tim.c ****     *(__IO uint32_t *) tmp &= CCMR_OC24M_MASK;
1048:./Libraries/src/stm32f4xx_tim.c ****     
1049:./Libraries/src/stm32f4xx_tim.c ****     /* Configure the OCxM bits in the CCMRx register */
1050:./Libraries/src/stm32f4xx_tim.c ****     *(__IO uint32_t *) tmp |= (uint16_t)(TIM_OCMode << 8);
1051:./Libraries/src/stm32f4xx_tim.c ****   }
1052:./Libraries/src/stm32f4xx_tim.c **** }
1053:./Libraries/src/stm32f4xx_tim.c **** 
1054:./Libraries/src/stm32f4xx_tim.c **** /**
1055:./Libraries/src/stm32f4xx_tim.c ****   * @brief  Sets the TIMx Capture Compare1 Register value
1056:./Libraries/src/stm32f4xx_tim.c ****   * @param  TIMx: where x can be 1 to 14 except 6 and 7, to select the TIM peripheral.
ARM GAS  /tmp/cc0EAqnP.s 			page 20


1057:./Libraries/src/stm32f4xx_tim.c ****   * @param  Compare1: specifies the Capture Compare1 register new value.
1058:./Libraries/src/stm32f4xx_tim.c ****   * @retval None
1059:./Libraries/src/stm32f4xx_tim.c ****   */
1060:./Libraries/src/stm32f4xx_tim.c **** void TIM_SetCompare1(TIM_TypeDef* TIMx, uint32_t Compare1)
1061:./Libraries/src/stm32f4xx_tim.c **** {
1062:./Libraries/src/stm32f4xx_tim.c ****   /* Check the parameters */
1063:./Libraries/src/stm32f4xx_tim.c ****   assert_param(IS_TIM_LIST1_PERIPH(TIMx));
1064:./Libraries/src/stm32f4xx_tim.c **** 
1065:./Libraries/src/stm32f4xx_tim.c ****   /* Set the Capture Compare1 Register value */
1066:./Libraries/src/stm32f4xx_tim.c ****   TIMx->CCR1 = Compare1;
1067:./Libraries/src/stm32f4xx_tim.c **** }
1068:./Libraries/src/stm32f4xx_tim.c **** 
1069:./Libraries/src/stm32f4xx_tim.c **** /**
1070:./Libraries/src/stm32f4xx_tim.c ****   * @brief  Sets the TIMx Capture Compare2 Register value
1071:./Libraries/src/stm32f4xx_tim.c ****   * @param  TIMx: where x can be 1, 2, 3, 4, 5, 8, 9 or 12 to select the TIM 
1072:./Libraries/src/stm32f4xx_tim.c ****   *         peripheral.
1073:./Libraries/src/stm32f4xx_tim.c ****   * @param  Compare2: specifies the Capture Compare2 register new value.
1074:./Libraries/src/stm32f4xx_tim.c ****   * @retval None
1075:./Libraries/src/stm32f4xx_tim.c ****   */
1076:./Libraries/src/stm32f4xx_tim.c **** void TIM_SetCompare2(TIM_TypeDef* TIMx, uint32_t Compare2)
1077:./Libraries/src/stm32f4xx_tim.c **** {
1078:./Libraries/src/stm32f4xx_tim.c ****   /* Check the parameters */
1079:./Libraries/src/stm32f4xx_tim.c ****   assert_param(IS_TIM_LIST2_PERIPH(TIMx));
1080:./Libraries/src/stm32f4xx_tim.c **** 
1081:./Libraries/src/stm32f4xx_tim.c ****   /* Set the Capture Compare2 Register value */
1082:./Libraries/src/stm32f4xx_tim.c ****   TIMx->CCR2 = Compare2;
1083:./Libraries/src/stm32f4xx_tim.c **** }
1084:./Libraries/src/stm32f4xx_tim.c **** 
1085:./Libraries/src/stm32f4xx_tim.c **** /**
1086:./Libraries/src/stm32f4xx_tim.c ****   * @brief  Sets the TIMx Capture Compare3 Register value
1087:./Libraries/src/stm32f4xx_tim.c ****   * @param  TIMx: where x can be 1, 2, 3, 4, 5 or 8 to select the TIM peripheral.
1088:./Libraries/src/stm32f4xx_tim.c ****   * @param  Compare3: specifies the Capture Compare3 register new value.
1089:./Libraries/src/stm32f4xx_tim.c ****   * @retval None
1090:./Libraries/src/stm32f4xx_tim.c ****   */
1091:./Libraries/src/stm32f4xx_tim.c **** void TIM_SetCompare3(TIM_TypeDef* TIMx, uint32_t Compare3)
1092:./Libraries/src/stm32f4xx_tim.c **** {
1093:./Libraries/src/stm32f4xx_tim.c ****   /* Check the parameters */
1094:./Libraries/src/stm32f4xx_tim.c ****   assert_param(IS_TIM_LIST3_PERIPH(TIMx));
1095:./Libraries/src/stm32f4xx_tim.c **** 
1096:./Libraries/src/stm32f4xx_tim.c ****   /* Set the Capture Compare3 Register value */
1097:./Libraries/src/stm32f4xx_tim.c ****   TIMx->CCR3 = Compare3;
1098:./Libraries/src/stm32f4xx_tim.c **** }
1099:./Libraries/src/stm32f4xx_tim.c **** 
1100:./Libraries/src/stm32f4xx_tim.c **** /**
1101:./Libraries/src/stm32f4xx_tim.c ****   * @brief  Sets the TIMx Capture Compare4 Register value
1102:./Libraries/src/stm32f4xx_tim.c ****   * @param  TIMx: where x can be 1, 2, 3, 4, 5 or 8 to select the TIM peripheral.
1103:./Libraries/src/stm32f4xx_tim.c ****   * @param  Compare4: specifies the Capture Compare4 register new value.
1104:./Libraries/src/stm32f4xx_tim.c ****   * @retval None
1105:./Libraries/src/stm32f4xx_tim.c ****   */
1106:./Libraries/src/stm32f4xx_tim.c **** void TIM_SetCompare4(TIM_TypeDef* TIMx, uint32_t Compare4)
1107:./Libraries/src/stm32f4xx_tim.c **** {
1108:./Libraries/src/stm32f4xx_tim.c ****   /* Check the parameters */
1109:./Libraries/src/stm32f4xx_tim.c ****   assert_param(IS_TIM_LIST3_PERIPH(TIMx));
1110:./Libraries/src/stm32f4xx_tim.c **** 
1111:./Libraries/src/stm32f4xx_tim.c ****   /* Set the Capture Compare4 Register value */
1112:./Libraries/src/stm32f4xx_tim.c ****   TIMx->CCR4 = Compare4;
1113:./Libraries/src/stm32f4xx_tim.c **** }
ARM GAS  /tmp/cc0EAqnP.s 			page 21


1114:./Libraries/src/stm32f4xx_tim.c **** 
1115:./Libraries/src/stm32f4xx_tim.c **** /**
1116:./Libraries/src/stm32f4xx_tim.c ****   * @brief  Forces the TIMx output 1 waveform to active or inactive level.
1117:./Libraries/src/stm32f4xx_tim.c ****   * @param  TIMx: where x can be 1 to 14 except 6 and 7, to select the TIM peripheral.
1118:./Libraries/src/stm32f4xx_tim.c ****   * @param  TIM_ForcedAction: specifies the forced Action to be set to the output waveform.
1119:./Libraries/src/stm32f4xx_tim.c ****   *          This parameter can be one of the following values:
1120:./Libraries/src/stm32f4xx_tim.c ****   *            @arg TIM_ForcedAction_Active: Force active level on OC1REF
1121:./Libraries/src/stm32f4xx_tim.c ****   *            @arg TIM_ForcedAction_InActive: Force inactive level on OC1REF.
1122:./Libraries/src/stm32f4xx_tim.c ****   * @retval None
1123:./Libraries/src/stm32f4xx_tim.c ****   */
1124:./Libraries/src/stm32f4xx_tim.c **** void TIM_ForcedOC1Config(TIM_TypeDef* TIMx, uint16_t TIM_ForcedAction)
1125:./Libraries/src/stm32f4xx_tim.c **** {
1126:./Libraries/src/stm32f4xx_tim.c ****   uint16_t tmpccmr1 = 0;
1127:./Libraries/src/stm32f4xx_tim.c **** 
1128:./Libraries/src/stm32f4xx_tim.c ****   /* Check the parameters */
1129:./Libraries/src/stm32f4xx_tim.c ****   assert_param(IS_TIM_LIST1_PERIPH(TIMx));
1130:./Libraries/src/stm32f4xx_tim.c ****   assert_param(IS_TIM_FORCED_ACTION(TIM_ForcedAction));
1131:./Libraries/src/stm32f4xx_tim.c ****   tmpccmr1 = TIMx->CCMR1;
1132:./Libraries/src/stm32f4xx_tim.c **** 
1133:./Libraries/src/stm32f4xx_tim.c ****   /* Reset the OC1M Bits */
1134:./Libraries/src/stm32f4xx_tim.c ****   tmpccmr1 &= (uint16_t)~TIM_CCMR1_OC1M;
1135:./Libraries/src/stm32f4xx_tim.c **** 
1136:./Libraries/src/stm32f4xx_tim.c ****   /* Configure The Forced output Mode */
1137:./Libraries/src/stm32f4xx_tim.c ****   tmpccmr1 |= TIM_ForcedAction;
1138:./Libraries/src/stm32f4xx_tim.c **** 
1139:./Libraries/src/stm32f4xx_tim.c ****   /* Write to TIMx CCMR1 register */
1140:./Libraries/src/stm32f4xx_tim.c ****   TIMx->CCMR1 = tmpccmr1;
1141:./Libraries/src/stm32f4xx_tim.c **** }
1142:./Libraries/src/stm32f4xx_tim.c **** 
1143:./Libraries/src/stm32f4xx_tim.c **** /**
1144:./Libraries/src/stm32f4xx_tim.c ****   * @brief  Forces the TIMx output 2 waveform to active or inactive level.
1145:./Libraries/src/stm32f4xx_tim.c ****   * @param  TIMx: where x can be  1, 2, 3, 4, 5, 8, 9 or 12 to select the TIM 
1146:./Libraries/src/stm32f4xx_tim.c ****   *         peripheral.
1147:./Libraries/src/stm32f4xx_tim.c ****   * @param  TIM_ForcedAction: specifies the forced Action to be set to the output waveform.
1148:./Libraries/src/stm32f4xx_tim.c ****   *          This parameter can be one of the following values:
1149:./Libraries/src/stm32f4xx_tim.c ****   *            @arg TIM_ForcedAction_Active: Force active level on OC2REF
1150:./Libraries/src/stm32f4xx_tim.c ****   *            @arg TIM_ForcedAction_InActive: Force inactive level on OC2REF.
1151:./Libraries/src/stm32f4xx_tim.c ****   * @retval None
1152:./Libraries/src/stm32f4xx_tim.c ****   */
1153:./Libraries/src/stm32f4xx_tim.c **** void TIM_ForcedOC2Config(TIM_TypeDef* TIMx, uint16_t TIM_ForcedAction)
1154:./Libraries/src/stm32f4xx_tim.c **** {
1155:./Libraries/src/stm32f4xx_tim.c ****   uint16_t tmpccmr1 = 0;
1156:./Libraries/src/stm32f4xx_tim.c **** 
1157:./Libraries/src/stm32f4xx_tim.c ****   /* Check the parameters */
1158:./Libraries/src/stm32f4xx_tim.c ****   assert_param(IS_TIM_LIST2_PERIPH(TIMx));
1159:./Libraries/src/stm32f4xx_tim.c ****   assert_param(IS_TIM_FORCED_ACTION(TIM_ForcedAction));
1160:./Libraries/src/stm32f4xx_tim.c ****   tmpccmr1 = TIMx->CCMR1;
1161:./Libraries/src/stm32f4xx_tim.c **** 
1162:./Libraries/src/stm32f4xx_tim.c ****   /* Reset the OC2M Bits */
1163:./Libraries/src/stm32f4xx_tim.c ****   tmpccmr1 &= (uint16_t)~TIM_CCMR1_OC2M;
1164:./Libraries/src/stm32f4xx_tim.c **** 
1165:./Libraries/src/stm32f4xx_tim.c ****   /* Configure The Forced output Mode */
1166:./Libraries/src/stm32f4xx_tim.c ****   tmpccmr1 |= (uint16_t)(TIM_ForcedAction << 8);
1167:./Libraries/src/stm32f4xx_tim.c **** 
1168:./Libraries/src/stm32f4xx_tim.c ****   /* Write to TIMx CCMR1 register */
1169:./Libraries/src/stm32f4xx_tim.c ****   TIMx->CCMR1 = tmpccmr1;
1170:./Libraries/src/stm32f4xx_tim.c **** }
ARM GAS  /tmp/cc0EAqnP.s 			page 22


1171:./Libraries/src/stm32f4xx_tim.c **** 
1172:./Libraries/src/stm32f4xx_tim.c **** /**
1173:./Libraries/src/stm32f4xx_tim.c ****   * @brief  Forces the TIMx output 3 waveform to active or inactive level.
1174:./Libraries/src/stm32f4xx_tim.c ****   * @param  TIMx: where x can be  1, 2, 3, 4, 5 or 8 to select the TIM peripheral.
1175:./Libraries/src/stm32f4xx_tim.c ****   * @param  TIM_ForcedAction: specifies the forced Action to be set to the output waveform.
1176:./Libraries/src/stm32f4xx_tim.c ****   *          This parameter can be one of the following values:
1177:./Libraries/src/stm32f4xx_tim.c ****   *            @arg TIM_ForcedAction_Active: Force active level on OC3REF
1178:./Libraries/src/stm32f4xx_tim.c ****   *            @arg TIM_ForcedAction_InActive: Force inactive level on OC3REF.
1179:./Libraries/src/stm32f4xx_tim.c ****   * @retval None
1180:./Libraries/src/stm32f4xx_tim.c ****   */
1181:./Libraries/src/stm32f4xx_tim.c **** void TIM_ForcedOC3Config(TIM_TypeDef* TIMx, uint16_t TIM_ForcedAction)
1182:./Libraries/src/stm32f4xx_tim.c **** {
1183:./Libraries/src/stm32f4xx_tim.c ****   uint16_t tmpccmr2 = 0;
1184:./Libraries/src/stm32f4xx_tim.c **** 
1185:./Libraries/src/stm32f4xx_tim.c ****   /* Check the parameters */
1186:./Libraries/src/stm32f4xx_tim.c ****   assert_param(IS_TIM_LIST3_PERIPH(TIMx));
1187:./Libraries/src/stm32f4xx_tim.c ****   assert_param(IS_TIM_FORCED_ACTION(TIM_ForcedAction));
1188:./Libraries/src/stm32f4xx_tim.c **** 
1189:./Libraries/src/stm32f4xx_tim.c ****   tmpccmr2 = TIMx->CCMR2;
1190:./Libraries/src/stm32f4xx_tim.c **** 
1191:./Libraries/src/stm32f4xx_tim.c ****   /* Reset the OC1M Bits */
1192:./Libraries/src/stm32f4xx_tim.c ****   tmpccmr2 &= (uint16_t)~TIM_CCMR2_OC3M;
1193:./Libraries/src/stm32f4xx_tim.c **** 
1194:./Libraries/src/stm32f4xx_tim.c ****   /* Configure The Forced output Mode */
1195:./Libraries/src/stm32f4xx_tim.c ****   tmpccmr2 |= TIM_ForcedAction;
1196:./Libraries/src/stm32f4xx_tim.c **** 
1197:./Libraries/src/stm32f4xx_tim.c ****   /* Write to TIMx CCMR2 register */
1198:./Libraries/src/stm32f4xx_tim.c ****   TIMx->CCMR2 = tmpccmr2;
1199:./Libraries/src/stm32f4xx_tim.c **** }
1200:./Libraries/src/stm32f4xx_tim.c **** 
1201:./Libraries/src/stm32f4xx_tim.c **** /**
1202:./Libraries/src/stm32f4xx_tim.c ****   * @brief  Forces the TIMx output 4 waveform to active or inactive level.
1203:./Libraries/src/stm32f4xx_tim.c ****   * @param  TIMx: where x can be  1, 2, 3, 4, 5 or 8 to select the TIM peripheral.
1204:./Libraries/src/stm32f4xx_tim.c ****   * @param  TIM_ForcedAction: specifies the forced Action to be set to the output waveform.
1205:./Libraries/src/stm32f4xx_tim.c ****   *          This parameter can be one of the following values:
1206:./Libraries/src/stm32f4xx_tim.c ****   *            @arg TIM_ForcedAction_Active: Force active level on OC4REF
1207:./Libraries/src/stm32f4xx_tim.c ****   *            @arg TIM_ForcedAction_InActive: Force inactive level on OC4REF.
1208:./Libraries/src/stm32f4xx_tim.c ****   * @retval None
1209:./Libraries/src/stm32f4xx_tim.c ****   */
1210:./Libraries/src/stm32f4xx_tim.c **** void TIM_ForcedOC4Config(TIM_TypeDef* TIMx, uint16_t TIM_ForcedAction)
1211:./Libraries/src/stm32f4xx_tim.c **** {
1212:./Libraries/src/stm32f4xx_tim.c ****   uint16_t tmpccmr2 = 0;
1213:./Libraries/src/stm32f4xx_tim.c **** 
1214:./Libraries/src/stm32f4xx_tim.c ****   /* Check the parameters */
1215:./Libraries/src/stm32f4xx_tim.c ****   assert_param(IS_TIM_LIST3_PERIPH(TIMx));
1216:./Libraries/src/stm32f4xx_tim.c ****   assert_param(IS_TIM_FORCED_ACTION(TIM_ForcedAction));
1217:./Libraries/src/stm32f4xx_tim.c ****   tmpccmr2 = TIMx->CCMR2;
1218:./Libraries/src/stm32f4xx_tim.c **** 
1219:./Libraries/src/stm32f4xx_tim.c ****   /* Reset the OC2M Bits */
1220:./Libraries/src/stm32f4xx_tim.c ****   tmpccmr2 &= (uint16_t)~TIM_CCMR2_OC4M;
1221:./Libraries/src/stm32f4xx_tim.c **** 
1222:./Libraries/src/stm32f4xx_tim.c ****   /* Configure The Forced output Mode */
1223:./Libraries/src/stm32f4xx_tim.c ****   tmpccmr2 |= (uint16_t)(TIM_ForcedAction << 8);
1224:./Libraries/src/stm32f4xx_tim.c **** 
1225:./Libraries/src/stm32f4xx_tim.c ****   /* Write to TIMx CCMR2 register */
1226:./Libraries/src/stm32f4xx_tim.c ****   TIMx->CCMR2 = tmpccmr2;
1227:./Libraries/src/stm32f4xx_tim.c **** }
ARM GAS  /tmp/cc0EAqnP.s 			page 23


1228:./Libraries/src/stm32f4xx_tim.c **** 
1229:./Libraries/src/stm32f4xx_tim.c **** /**
1230:./Libraries/src/stm32f4xx_tim.c ****   * @brief  Enables or disables the TIMx peripheral Preload register on CCR1.
1231:./Libraries/src/stm32f4xx_tim.c ****   * @param  TIMx: where x can be 1 to 14 except 6 and 7, to select the TIM peripheral.
1232:./Libraries/src/stm32f4xx_tim.c ****   * @param  TIM_OCPreload: new state of the TIMx peripheral Preload register
1233:./Libraries/src/stm32f4xx_tim.c ****   *          This parameter can be one of the following values:
1234:./Libraries/src/stm32f4xx_tim.c ****   *            @arg TIM_OCPreload_Enable
1235:./Libraries/src/stm32f4xx_tim.c ****   *            @arg TIM_OCPreload_Disable
1236:./Libraries/src/stm32f4xx_tim.c ****   * @retval None
1237:./Libraries/src/stm32f4xx_tim.c ****   */
1238:./Libraries/src/stm32f4xx_tim.c **** void TIM_OC1PreloadConfig(TIM_TypeDef* TIMx, uint16_t TIM_OCPreload)
1239:./Libraries/src/stm32f4xx_tim.c **** {
1240:./Libraries/src/stm32f4xx_tim.c ****   uint16_t tmpccmr1 = 0;
1241:./Libraries/src/stm32f4xx_tim.c **** 
1242:./Libraries/src/stm32f4xx_tim.c ****   /* Check the parameters */
1243:./Libraries/src/stm32f4xx_tim.c ****   assert_param(IS_TIM_LIST1_PERIPH(TIMx));
1244:./Libraries/src/stm32f4xx_tim.c ****   assert_param(IS_TIM_OCPRELOAD_STATE(TIM_OCPreload));
1245:./Libraries/src/stm32f4xx_tim.c **** 
1246:./Libraries/src/stm32f4xx_tim.c ****   tmpccmr1 = TIMx->CCMR1;
1247:./Libraries/src/stm32f4xx_tim.c **** 
1248:./Libraries/src/stm32f4xx_tim.c ****   /* Reset the OC1PE Bit */
1249:./Libraries/src/stm32f4xx_tim.c ****   tmpccmr1 &= (uint16_t)(~TIM_CCMR1_OC1PE);
1250:./Libraries/src/stm32f4xx_tim.c **** 
1251:./Libraries/src/stm32f4xx_tim.c ****   /* Enable or Disable the Output Compare Preload feature */
1252:./Libraries/src/stm32f4xx_tim.c ****   tmpccmr1 |= TIM_OCPreload;
1253:./Libraries/src/stm32f4xx_tim.c **** 
1254:./Libraries/src/stm32f4xx_tim.c ****   /* Write to TIMx CCMR1 register */
1255:./Libraries/src/stm32f4xx_tim.c ****   TIMx->CCMR1 = tmpccmr1;
1256:./Libraries/src/stm32f4xx_tim.c **** }
1257:./Libraries/src/stm32f4xx_tim.c **** 
1258:./Libraries/src/stm32f4xx_tim.c **** /**
1259:./Libraries/src/stm32f4xx_tim.c ****   * @brief  Enables or disables the TIMx peripheral Preload register on CCR2.
1260:./Libraries/src/stm32f4xx_tim.c ****   * @param  TIMx: where x can be  1, 2, 3, 4, 5, 8, 9 or 12 to select the TIM 
1261:./Libraries/src/stm32f4xx_tim.c ****   *         peripheral.
1262:./Libraries/src/stm32f4xx_tim.c ****   * @param  TIM_OCPreload: new state of the TIMx peripheral Preload register
1263:./Libraries/src/stm32f4xx_tim.c ****   *          This parameter can be one of the following values:
1264:./Libraries/src/stm32f4xx_tim.c ****   *            @arg TIM_OCPreload_Enable
1265:./Libraries/src/stm32f4xx_tim.c ****   *            @arg TIM_OCPreload_Disable
1266:./Libraries/src/stm32f4xx_tim.c ****   * @retval None
1267:./Libraries/src/stm32f4xx_tim.c ****   */
1268:./Libraries/src/stm32f4xx_tim.c **** void TIM_OC2PreloadConfig(TIM_TypeDef* TIMx, uint16_t TIM_OCPreload)
1269:./Libraries/src/stm32f4xx_tim.c **** {
1270:./Libraries/src/stm32f4xx_tim.c ****   uint16_t tmpccmr1 = 0;
1271:./Libraries/src/stm32f4xx_tim.c **** 
1272:./Libraries/src/stm32f4xx_tim.c ****   /* Check the parameters */
1273:./Libraries/src/stm32f4xx_tim.c ****   assert_param(IS_TIM_LIST2_PERIPH(TIMx));
1274:./Libraries/src/stm32f4xx_tim.c ****   assert_param(IS_TIM_OCPRELOAD_STATE(TIM_OCPreload));
1275:./Libraries/src/stm32f4xx_tim.c **** 
1276:./Libraries/src/stm32f4xx_tim.c ****   tmpccmr1 = TIMx->CCMR1;
1277:./Libraries/src/stm32f4xx_tim.c **** 
1278:./Libraries/src/stm32f4xx_tim.c ****   /* Reset the OC2PE Bit */
1279:./Libraries/src/stm32f4xx_tim.c ****   tmpccmr1 &= (uint16_t)(~TIM_CCMR1_OC2PE);
1280:./Libraries/src/stm32f4xx_tim.c **** 
1281:./Libraries/src/stm32f4xx_tim.c ****   /* Enable or Disable the Output Compare Preload feature */
1282:./Libraries/src/stm32f4xx_tim.c ****   tmpccmr1 |= (uint16_t)(TIM_OCPreload << 8);
1283:./Libraries/src/stm32f4xx_tim.c **** 
1284:./Libraries/src/stm32f4xx_tim.c ****   /* Write to TIMx CCMR1 register */
ARM GAS  /tmp/cc0EAqnP.s 			page 24


1285:./Libraries/src/stm32f4xx_tim.c ****   TIMx->CCMR1 = tmpccmr1;
1286:./Libraries/src/stm32f4xx_tim.c **** }
1287:./Libraries/src/stm32f4xx_tim.c **** 
1288:./Libraries/src/stm32f4xx_tim.c **** /**
1289:./Libraries/src/stm32f4xx_tim.c ****   * @brief  Enables or disables the TIMx peripheral Preload register on CCR3.
1290:./Libraries/src/stm32f4xx_tim.c ****   * @param  TIMx: where x can be  1, 2, 3, 4, 5 or 8 to select the TIM peripheral.
1291:./Libraries/src/stm32f4xx_tim.c ****   * @param  TIM_OCPreload: new state of the TIMx peripheral Preload register
1292:./Libraries/src/stm32f4xx_tim.c ****   *          This parameter can be one of the following values:
1293:./Libraries/src/stm32f4xx_tim.c ****   *            @arg TIM_OCPreload_Enable
1294:./Libraries/src/stm32f4xx_tim.c ****   *            @arg TIM_OCPreload_Disable
1295:./Libraries/src/stm32f4xx_tim.c ****   * @retval None
1296:./Libraries/src/stm32f4xx_tim.c ****   */
1297:./Libraries/src/stm32f4xx_tim.c **** void TIM_OC3PreloadConfig(TIM_TypeDef* TIMx, uint16_t TIM_OCPreload)
1298:./Libraries/src/stm32f4xx_tim.c **** {
1299:./Libraries/src/stm32f4xx_tim.c ****   uint16_t tmpccmr2 = 0;
1300:./Libraries/src/stm32f4xx_tim.c **** 
1301:./Libraries/src/stm32f4xx_tim.c ****   /* Check the parameters */
1302:./Libraries/src/stm32f4xx_tim.c ****   assert_param(IS_TIM_LIST3_PERIPH(TIMx));
1303:./Libraries/src/stm32f4xx_tim.c ****   assert_param(IS_TIM_OCPRELOAD_STATE(TIM_OCPreload));
1304:./Libraries/src/stm32f4xx_tim.c **** 
1305:./Libraries/src/stm32f4xx_tim.c ****   tmpccmr2 = TIMx->CCMR2;
1306:./Libraries/src/stm32f4xx_tim.c **** 
1307:./Libraries/src/stm32f4xx_tim.c ****   /* Reset the OC3PE Bit */
1308:./Libraries/src/stm32f4xx_tim.c ****   tmpccmr2 &= (uint16_t)(~TIM_CCMR2_OC3PE);
1309:./Libraries/src/stm32f4xx_tim.c **** 
1310:./Libraries/src/stm32f4xx_tim.c ****   /* Enable or Disable the Output Compare Preload feature */
1311:./Libraries/src/stm32f4xx_tim.c ****   tmpccmr2 |= TIM_OCPreload;
1312:./Libraries/src/stm32f4xx_tim.c **** 
1313:./Libraries/src/stm32f4xx_tim.c ****   /* Write to TIMx CCMR2 register */
1314:./Libraries/src/stm32f4xx_tim.c ****   TIMx->CCMR2 = tmpccmr2;
1315:./Libraries/src/stm32f4xx_tim.c **** }
1316:./Libraries/src/stm32f4xx_tim.c **** 
1317:./Libraries/src/stm32f4xx_tim.c **** /**
1318:./Libraries/src/stm32f4xx_tim.c ****   * @brief  Enables or disables the TIMx peripheral Preload register on CCR4.
1319:./Libraries/src/stm32f4xx_tim.c ****   * @param  TIMx: where x can be  1, 2, 3, 4, 5 or 8 to select the TIM peripheral.
1320:./Libraries/src/stm32f4xx_tim.c ****   * @param  TIM_OCPreload: new state of the TIMx peripheral Preload register
1321:./Libraries/src/stm32f4xx_tim.c ****   *          This parameter can be one of the following values:
1322:./Libraries/src/stm32f4xx_tim.c ****   *            @arg TIM_OCPreload_Enable
1323:./Libraries/src/stm32f4xx_tim.c ****   *            @arg TIM_OCPreload_Disable
1324:./Libraries/src/stm32f4xx_tim.c ****   * @retval None
1325:./Libraries/src/stm32f4xx_tim.c ****   */
1326:./Libraries/src/stm32f4xx_tim.c **** void TIM_OC4PreloadConfig(TIM_TypeDef* TIMx, uint16_t TIM_OCPreload)
1327:./Libraries/src/stm32f4xx_tim.c **** {
1328:./Libraries/src/stm32f4xx_tim.c ****   uint16_t tmpccmr2 = 0;
1329:./Libraries/src/stm32f4xx_tim.c **** 
1330:./Libraries/src/stm32f4xx_tim.c ****   /* Check the parameters */
1331:./Libraries/src/stm32f4xx_tim.c ****   assert_param(IS_TIM_LIST3_PERIPH(TIMx));
1332:./Libraries/src/stm32f4xx_tim.c ****   assert_param(IS_TIM_OCPRELOAD_STATE(TIM_OCPreload));
1333:./Libraries/src/stm32f4xx_tim.c **** 
1334:./Libraries/src/stm32f4xx_tim.c ****   tmpccmr2 = TIMx->CCMR2;
1335:./Libraries/src/stm32f4xx_tim.c **** 
1336:./Libraries/src/stm32f4xx_tim.c ****   /* Reset the OC4PE Bit */
1337:./Libraries/src/stm32f4xx_tim.c ****   tmpccmr2 &= (uint16_t)(~TIM_CCMR2_OC4PE);
1338:./Libraries/src/stm32f4xx_tim.c **** 
1339:./Libraries/src/stm32f4xx_tim.c ****   /* Enable or Disable the Output Compare Preload feature */
1340:./Libraries/src/stm32f4xx_tim.c ****   tmpccmr2 |= (uint16_t)(TIM_OCPreload << 8);
1341:./Libraries/src/stm32f4xx_tim.c **** 
ARM GAS  /tmp/cc0EAqnP.s 			page 25


1342:./Libraries/src/stm32f4xx_tim.c ****   /* Write to TIMx CCMR2 register */
1343:./Libraries/src/stm32f4xx_tim.c ****   TIMx->CCMR2 = tmpccmr2;
1344:./Libraries/src/stm32f4xx_tim.c **** }
1345:./Libraries/src/stm32f4xx_tim.c **** 
1346:./Libraries/src/stm32f4xx_tim.c **** /**
1347:./Libraries/src/stm32f4xx_tim.c ****   * @brief  Configures the TIMx Output Compare 1 Fast feature.
1348:./Libraries/src/stm32f4xx_tim.c ****   * @param  TIMx: where x can be 1 to 14 except 6 and 7, to select the TIM peripheral.
1349:./Libraries/src/stm32f4xx_tim.c ****   * @param  TIM_OCFast: new state of the Output Compare Fast Enable Bit.
1350:./Libraries/src/stm32f4xx_tim.c ****   *          This parameter can be one of the following values:
1351:./Libraries/src/stm32f4xx_tim.c ****   *            @arg TIM_OCFast_Enable: TIM output compare fast enable
1352:./Libraries/src/stm32f4xx_tim.c ****   *            @arg TIM_OCFast_Disable: TIM output compare fast disable
1353:./Libraries/src/stm32f4xx_tim.c ****   * @retval None
1354:./Libraries/src/stm32f4xx_tim.c ****   */
1355:./Libraries/src/stm32f4xx_tim.c **** void TIM_OC1FastConfig(TIM_TypeDef* TIMx, uint16_t TIM_OCFast)
1356:./Libraries/src/stm32f4xx_tim.c **** {
1357:./Libraries/src/stm32f4xx_tim.c ****   uint16_t tmpccmr1 = 0;
1358:./Libraries/src/stm32f4xx_tim.c **** 
1359:./Libraries/src/stm32f4xx_tim.c ****   /* Check the parameters */
1360:./Libraries/src/stm32f4xx_tim.c ****   assert_param(IS_TIM_LIST1_PERIPH(TIMx));
1361:./Libraries/src/stm32f4xx_tim.c ****   assert_param(IS_TIM_OCFAST_STATE(TIM_OCFast));
1362:./Libraries/src/stm32f4xx_tim.c **** 
1363:./Libraries/src/stm32f4xx_tim.c ****   /* Get the TIMx CCMR1 register value */
1364:./Libraries/src/stm32f4xx_tim.c ****   tmpccmr1 = TIMx->CCMR1;
1365:./Libraries/src/stm32f4xx_tim.c **** 
1366:./Libraries/src/stm32f4xx_tim.c ****   /* Reset the OC1FE Bit */
1367:./Libraries/src/stm32f4xx_tim.c ****   tmpccmr1 &= (uint16_t)~TIM_CCMR1_OC1FE;
1368:./Libraries/src/stm32f4xx_tim.c **** 
1369:./Libraries/src/stm32f4xx_tim.c ****   /* Enable or Disable the Output Compare Fast Bit */
1370:./Libraries/src/stm32f4xx_tim.c ****   tmpccmr1 |= TIM_OCFast;
1371:./Libraries/src/stm32f4xx_tim.c **** 
1372:./Libraries/src/stm32f4xx_tim.c ****   /* Write to TIMx CCMR1 */
1373:./Libraries/src/stm32f4xx_tim.c ****   TIMx->CCMR1 = tmpccmr1;
1374:./Libraries/src/stm32f4xx_tim.c **** }
1375:./Libraries/src/stm32f4xx_tim.c **** 
1376:./Libraries/src/stm32f4xx_tim.c **** /**
1377:./Libraries/src/stm32f4xx_tim.c ****   * @brief  Configures the TIMx Output Compare 2 Fast feature.
1378:./Libraries/src/stm32f4xx_tim.c ****   * @param  TIMx: where x can be  1, 2, 3, 4, 5, 8, 9 or 12 to select the TIM 
1379:./Libraries/src/stm32f4xx_tim.c ****   *         peripheral.
1380:./Libraries/src/stm32f4xx_tim.c ****   * @param  TIM_OCFast: new state of the Output Compare Fast Enable Bit.
1381:./Libraries/src/stm32f4xx_tim.c ****   *          This parameter can be one of the following values:
1382:./Libraries/src/stm32f4xx_tim.c ****   *            @arg TIM_OCFast_Enable: TIM output compare fast enable
1383:./Libraries/src/stm32f4xx_tim.c ****   *            @arg TIM_OCFast_Disable: TIM output compare fast disable
1384:./Libraries/src/stm32f4xx_tim.c ****   * @retval None
1385:./Libraries/src/stm32f4xx_tim.c ****   */
1386:./Libraries/src/stm32f4xx_tim.c **** void TIM_OC2FastConfig(TIM_TypeDef* TIMx, uint16_t TIM_OCFast)
1387:./Libraries/src/stm32f4xx_tim.c **** {
1388:./Libraries/src/stm32f4xx_tim.c ****   uint16_t tmpccmr1 = 0;
1389:./Libraries/src/stm32f4xx_tim.c **** 
1390:./Libraries/src/stm32f4xx_tim.c ****   /* Check the parameters */
1391:./Libraries/src/stm32f4xx_tim.c ****   assert_param(IS_TIM_LIST2_PERIPH(TIMx));
1392:./Libraries/src/stm32f4xx_tim.c ****   assert_param(IS_TIM_OCFAST_STATE(TIM_OCFast));
1393:./Libraries/src/stm32f4xx_tim.c **** 
1394:./Libraries/src/stm32f4xx_tim.c ****   /* Get the TIMx CCMR1 register value */
1395:./Libraries/src/stm32f4xx_tim.c ****   tmpccmr1 = TIMx->CCMR1;
1396:./Libraries/src/stm32f4xx_tim.c **** 
1397:./Libraries/src/stm32f4xx_tim.c ****   /* Reset the OC2FE Bit */
1398:./Libraries/src/stm32f4xx_tim.c ****   tmpccmr1 &= (uint16_t)(~TIM_CCMR1_OC2FE);
ARM GAS  /tmp/cc0EAqnP.s 			page 26


1399:./Libraries/src/stm32f4xx_tim.c **** 
1400:./Libraries/src/stm32f4xx_tim.c ****   /* Enable or Disable the Output Compare Fast Bit */
1401:./Libraries/src/stm32f4xx_tim.c ****   tmpccmr1 |= (uint16_t)(TIM_OCFast << 8);
1402:./Libraries/src/stm32f4xx_tim.c **** 
1403:./Libraries/src/stm32f4xx_tim.c ****   /* Write to TIMx CCMR1 */
1404:./Libraries/src/stm32f4xx_tim.c ****   TIMx->CCMR1 = tmpccmr1;
1405:./Libraries/src/stm32f4xx_tim.c **** }
1406:./Libraries/src/stm32f4xx_tim.c **** 
1407:./Libraries/src/stm32f4xx_tim.c **** /**
1408:./Libraries/src/stm32f4xx_tim.c ****   * @brief  Configures the TIMx Output Compare 3 Fast feature.
1409:./Libraries/src/stm32f4xx_tim.c ****   * @param  TIMx: where x can be  1, 2, 3, 4, 5 or 8 to select the TIM peripheral.
1410:./Libraries/src/stm32f4xx_tim.c ****   * @param  TIM_OCFast: new state of the Output Compare Fast Enable Bit.
1411:./Libraries/src/stm32f4xx_tim.c ****   *          This parameter can be one of the following values:
1412:./Libraries/src/stm32f4xx_tim.c ****   *            @arg TIM_OCFast_Enable: TIM output compare fast enable
1413:./Libraries/src/stm32f4xx_tim.c ****   *            @arg TIM_OCFast_Disable: TIM output compare fast disable
1414:./Libraries/src/stm32f4xx_tim.c ****   * @retval None
1415:./Libraries/src/stm32f4xx_tim.c ****   */
1416:./Libraries/src/stm32f4xx_tim.c **** void TIM_OC3FastConfig(TIM_TypeDef* TIMx, uint16_t TIM_OCFast)
1417:./Libraries/src/stm32f4xx_tim.c **** {
1418:./Libraries/src/stm32f4xx_tim.c ****   uint16_t tmpccmr2 = 0;
1419:./Libraries/src/stm32f4xx_tim.c ****   
1420:./Libraries/src/stm32f4xx_tim.c ****   /* Check the parameters */
1421:./Libraries/src/stm32f4xx_tim.c ****   assert_param(IS_TIM_LIST3_PERIPH(TIMx));
1422:./Libraries/src/stm32f4xx_tim.c ****   assert_param(IS_TIM_OCFAST_STATE(TIM_OCFast));
1423:./Libraries/src/stm32f4xx_tim.c **** 
1424:./Libraries/src/stm32f4xx_tim.c ****   /* Get the TIMx CCMR2 register value */
1425:./Libraries/src/stm32f4xx_tim.c ****   tmpccmr2 = TIMx->CCMR2;
1426:./Libraries/src/stm32f4xx_tim.c **** 
1427:./Libraries/src/stm32f4xx_tim.c ****   /* Reset the OC3FE Bit */
1428:./Libraries/src/stm32f4xx_tim.c ****   tmpccmr2 &= (uint16_t)~TIM_CCMR2_OC3FE;
1429:./Libraries/src/stm32f4xx_tim.c **** 
1430:./Libraries/src/stm32f4xx_tim.c ****   /* Enable or Disable the Output Compare Fast Bit */
1431:./Libraries/src/stm32f4xx_tim.c ****   tmpccmr2 |= TIM_OCFast;
1432:./Libraries/src/stm32f4xx_tim.c **** 
1433:./Libraries/src/stm32f4xx_tim.c ****   /* Write to TIMx CCMR2 */
1434:./Libraries/src/stm32f4xx_tim.c ****   TIMx->CCMR2 = tmpccmr2;
1435:./Libraries/src/stm32f4xx_tim.c **** }
1436:./Libraries/src/stm32f4xx_tim.c **** 
1437:./Libraries/src/stm32f4xx_tim.c **** /**
1438:./Libraries/src/stm32f4xx_tim.c ****   * @brief  Configures the TIMx Output Compare 4 Fast feature.
1439:./Libraries/src/stm32f4xx_tim.c ****   * @param  TIMx: where x can be  1, 2, 3, 4, 5 or 8 to select the TIM peripheral.
1440:./Libraries/src/stm32f4xx_tim.c ****   * @param  TIM_OCFast: new state of the Output Compare Fast Enable Bit.
1441:./Libraries/src/stm32f4xx_tim.c ****   *          This parameter can be one of the following values:
1442:./Libraries/src/stm32f4xx_tim.c ****   *            @arg TIM_OCFast_Enable: TIM output compare fast enable
1443:./Libraries/src/stm32f4xx_tim.c ****   *            @arg TIM_OCFast_Disable: TIM output compare fast disable
1444:./Libraries/src/stm32f4xx_tim.c ****   * @retval None
1445:./Libraries/src/stm32f4xx_tim.c ****   */
1446:./Libraries/src/stm32f4xx_tim.c **** void TIM_OC4FastConfig(TIM_TypeDef* TIMx, uint16_t TIM_OCFast)
1447:./Libraries/src/stm32f4xx_tim.c **** {
1448:./Libraries/src/stm32f4xx_tim.c ****   uint16_t tmpccmr2 = 0;
1449:./Libraries/src/stm32f4xx_tim.c **** 
1450:./Libraries/src/stm32f4xx_tim.c ****   /* Check the parameters */
1451:./Libraries/src/stm32f4xx_tim.c ****   assert_param(IS_TIM_LIST3_PERIPH(TIMx));
1452:./Libraries/src/stm32f4xx_tim.c ****   assert_param(IS_TIM_OCFAST_STATE(TIM_OCFast));
1453:./Libraries/src/stm32f4xx_tim.c **** 
1454:./Libraries/src/stm32f4xx_tim.c ****   /* Get the TIMx CCMR2 register value */
1455:./Libraries/src/stm32f4xx_tim.c ****   tmpccmr2 = TIMx->CCMR2;
ARM GAS  /tmp/cc0EAqnP.s 			page 27


1456:./Libraries/src/stm32f4xx_tim.c **** 
1457:./Libraries/src/stm32f4xx_tim.c ****   /* Reset the OC4FE Bit */
1458:./Libraries/src/stm32f4xx_tim.c ****   tmpccmr2 &= (uint16_t)(~TIM_CCMR2_OC4FE);
1459:./Libraries/src/stm32f4xx_tim.c **** 
1460:./Libraries/src/stm32f4xx_tim.c ****   /* Enable or Disable the Output Compare Fast Bit */
1461:./Libraries/src/stm32f4xx_tim.c ****   tmpccmr2 |= (uint16_t)(TIM_OCFast << 8);
1462:./Libraries/src/stm32f4xx_tim.c **** 
1463:./Libraries/src/stm32f4xx_tim.c ****   /* Write to TIMx CCMR2 */
1464:./Libraries/src/stm32f4xx_tim.c ****   TIMx->CCMR2 = tmpccmr2;
1465:./Libraries/src/stm32f4xx_tim.c **** }
1466:./Libraries/src/stm32f4xx_tim.c **** 
1467:./Libraries/src/stm32f4xx_tim.c **** /**
1468:./Libraries/src/stm32f4xx_tim.c ****   * @brief  Clears or safeguards the OCREF1 signal on an external event
1469:./Libraries/src/stm32f4xx_tim.c ****   * @param  TIMx: where x can be 1 to 14 except 6 and 7, to select the TIM peripheral.
1470:./Libraries/src/stm32f4xx_tim.c ****   * @param  TIM_OCClear: new state of the Output Compare Clear Enable Bit.
1471:./Libraries/src/stm32f4xx_tim.c ****   *          This parameter can be one of the following values:
1472:./Libraries/src/stm32f4xx_tim.c ****   *            @arg TIM_OCClear_Enable: TIM Output clear enable
1473:./Libraries/src/stm32f4xx_tim.c ****   *            @arg TIM_OCClear_Disable: TIM Output clear disable
1474:./Libraries/src/stm32f4xx_tim.c ****   * @retval None
1475:./Libraries/src/stm32f4xx_tim.c ****   */
1476:./Libraries/src/stm32f4xx_tim.c **** void TIM_ClearOC1Ref(TIM_TypeDef* TIMx, uint16_t TIM_OCClear)
1477:./Libraries/src/stm32f4xx_tim.c **** {
1478:./Libraries/src/stm32f4xx_tim.c ****   uint16_t tmpccmr1 = 0;
1479:./Libraries/src/stm32f4xx_tim.c **** 
1480:./Libraries/src/stm32f4xx_tim.c ****   /* Check the parameters */
1481:./Libraries/src/stm32f4xx_tim.c ****   assert_param(IS_TIM_LIST1_PERIPH(TIMx));
1482:./Libraries/src/stm32f4xx_tim.c ****   assert_param(IS_TIM_OCCLEAR_STATE(TIM_OCClear));
1483:./Libraries/src/stm32f4xx_tim.c **** 
1484:./Libraries/src/stm32f4xx_tim.c ****   tmpccmr1 = TIMx->CCMR1;
1485:./Libraries/src/stm32f4xx_tim.c **** 
1486:./Libraries/src/stm32f4xx_tim.c ****   /* Reset the OC1CE Bit */
1487:./Libraries/src/stm32f4xx_tim.c ****   tmpccmr1 &= (uint16_t)~TIM_CCMR1_OC1CE;
1488:./Libraries/src/stm32f4xx_tim.c **** 
1489:./Libraries/src/stm32f4xx_tim.c ****   /* Enable or Disable the Output Compare Clear Bit */
1490:./Libraries/src/stm32f4xx_tim.c ****   tmpccmr1 |= TIM_OCClear;
1491:./Libraries/src/stm32f4xx_tim.c **** 
1492:./Libraries/src/stm32f4xx_tim.c ****   /* Write to TIMx CCMR1 register */
1493:./Libraries/src/stm32f4xx_tim.c ****   TIMx->CCMR1 = tmpccmr1;
1494:./Libraries/src/stm32f4xx_tim.c **** }
1495:./Libraries/src/stm32f4xx_tim.c **** 
1496:./Libraries/src/stm32f4xx_tim.c **** /**
1497:./Libraries/src/stm32f4xx_tim.c ****   * @brief  Clears or safeguards the OCREF2 signal on an external event
1498:./Libraries/src/stm32f4xx_tim.c ****   * @param  TIMx: where x can be  1, 2, 3, 4, 5, 8, 9 or 12 to select the TIM 
1499:./Libraries/src/stm32f4xx_tim.c ****   *         peripheral.
1500:./Libraries/src/stm32f4xx_tim.c ****   * @param  TIM_OCClear: new state of the Output Compare Clear Enable Bit.
1501:./Libraries/src/stm32f4xx_tim.c ****   *          This parameter can be one of the following values:
1502:./Libraries/src/stm32f4xx_tim.c ****   *            @arg TIM_OCClear_Enable: TIM Output clear enable
1503:./Libraries/src/stm32f4xx_tim.c ****   *            @arg TIM_OCClear_Disable: TIM Output clear disable
1504:./Libraries/src/stm32f4xx_tim.c ****   * @retval None
1505:./Libraries/src/stm32f4xx_tim.c ****   */
1506:./Libraries/src/stm32f4xx_tim.c **** void TIM_ClearOC2Ref(TIM_TypeDef* TIMx, uint16_t TIM_OCClear)
1507:./Libraries/src/stm32f4xx_tim.c **** {
1508:./Libraries/src/stm32f4xx_tim.c ****   uint16_t tmpccmr1 = 0;
1509:./Libraries/src/stm32f4xx_tim.c **** 
1510:./Libraries/src/stm32f4xx_tim.c ****   /* Check the parameters */
1511:./Libraries/src/stm32f4xx_tim.c ****   assert_param(IS_TIM_LIST2_PERIPH(TIMx));
1512:./Libraries/src/stm32f4xx_tim.c ****   assert_param(IS_TIM_OCCLEAR_STATE(TIM_OCClear));
ARM GAS  /tmp/cc0EAqnP.s 			page 28


1513:./Libraries/src/stm32f4xx_tim.c **** 
1514:./Libraries/src/stm32f4xx_tim.c ****   tmpccmr1 = TIMx->CCMR1;
1515:./Libraries/src/stm32f4xx_tim.c **** 
1516:./Libraries/src/stm32f4xx_tim.c ****   /* Reset the OC2CE Bit */
1517:./Libraries/src/stm32f4xx_tim.c ****   tmpccmr1 &= (uint16_t)~TIM_CCMR1_OC2CE;
1518:./Libraries/src/stm32f4xx_tim.c **** 
1519:./Libraries/src/stm32f4xx_tim.c ****   /* Enable or Disable the Output Compare Clear Bit */
1520:./Libraries/src/stm32f4xx_tim.c ****   tmpccmr1 |= (uint16_t)(TIM_OCClear << 8);
1521:./Libraries/src/stm32f4xx_tim.c **** 
1522:./Libraries/src/stm32f4xx_tim.c ****   /* Write to TIMx CCMR1 register */
1523:./Libraries/src/stm32f4xx_tim.c ****   TIMx->CCMR1 = tmpccmr1;
1524:./Libraries/src/stm32f4xx_tim.c **** }
1525:./Libraries/src/stm32f4xx_tim.c **** 
1526:./Libraries/src/stm32f4xx_tim.c **** /**
1527:./Libraries/src/stm32f4xx_tim.c ****   * @brief  Clears or safeguards the OCREF3 signal on an external event
1528:./Libraries/src/stm32f4xx_tim.c ****   * @param  TIMx: where x can be  1, 2, 3, 4, 5 or 8 to select the TIM peripheral.
1529:./Libraries/src/stm32f4xx_tim.c ****   * @param  TIM_OCClear: new state of the Output Compare Clear Enable Bit.
1530:./Libraries/src/stm32f4xx_tim.c ****   *          This parameter can be one of the following values:
1531:./Libraries/src/stm32f4xx_tim.c ****   *            @arg TIM_OCClear_Enable: TIM Output clear enable
1532:./Libraries/src/stm32f4xx_tim.c ****   *            @arg TIM_OCClear_Disable: TIM Output clear disable
1533:./Libraries/src/stm32f4xx_tim.c ****   * @retval None
1534:./Libraries/src/stm32f4xx_tim.c ****   */
1535:./Libraries/src/stm32f4xx_tim.c **** void TIM_ClearOC3Ref(TIM_TypeDef* TIMx, uint16_t TIM_OCClear)
1536:./Libraries/src/stm32f4xx_tim.c **** {
1537:./Libraries/src/stm32f4xx_tim.c ****   uint16_t tmpccmr2 = 0;
1538:./Libraries/src/stm32f4xx_tim.c **** 
1539:./Libraries/src/stm32f4xx_tim.c ****   /* Check the parameters */
1540:./Libraries/src/stm32f4xx_tim.c ****   assert_param(IS_TIM_LIST3_PERIPH(TIMx));
1541:./Libraries/src/stm32f4xx_tim.c ****   assert_param(IS_TIM_OCCLEAR_STATE(TIM_OCClear));
1542:./Libraries/src/stm32f4xx_tim.c **** 
1543:./Libraries/src/stm32f4xx_tim.c ****   tmpccmr2 = TIMx->CCMR2;
1544:./Libraries/src/stm32f4xx_tim.c **** 
1545:./Libraries/src/stm32f4xx_tim.c ****   /* Reset the OC3CE Bit */
1546:./Libraries/src/stm32f4xx_tim.c ****   tmpccmr2 &= (uint16_t)~TIM_CCMR2_OC3CE;
1547:./Libraries/src/stm32f4xx_tim.c **** 
1548:./Libraries/src/stm32f4xx_tim.c ****   /* Enable or Disable the Output Compare Clear Bit */
1549:./Libraries/src/stm32f4xx_tim.c ****   tmpccmr2 |= TIM_OCClear;
1550:./Libraries/src/stm32f4xx_tim.c **** 
1551:./Libraries/src/stm32f4xx_tim.c ****   /* Write to TIMx CCMR2 register */
1552:./Libraries/src/stm32f4xx_tim.c ****   TIMx->CCMR2 = tmpccmr2;
1553:./Libraries/src/stm32f4xx_tim.c **** }
1554:./Libraries/src/stm32f4xx_tim.c **** 
1555:./Libraries/src/stm32f4xx_tim.c **** /**
1556:./Libraries/src/stm32f4xx_tim.c ****   * @brief  Clears or safeguards the OCREF4 signal on an external event
1557:./Libraries/src/stm32f4xx_tim.c ****   * @param  TIMx: where x can be  1, 2, 3, 4, 5 or 8 to select the TIM peripheral.
1558:./Libraries/src/stm32f4xx_tim.c ****   * @param  TIM_OCClear: new state of the Output Compare Clear Enable Bit.
1559:./Libraries/src/stm32f4xx_tim.c ****   *          This parameter can be one of the following values:
1560:./Libraries/src/stm32f4xx_tim.c ****   *            @arg TIM_OCClear_Enable: TIM Output clear enable
1561:./Libraries/src/stm32f4xx_tim.c ****   *            @arg TIM_OCClear_Disable: TIM Output clear disable
1562:./Libraries/src/stm32f4xx_tim.c ****   * @retval None
1563:./Libraries/src/stm32f4xx_tim.c ****   */
1564:./Libraries/src/stm32f4xx_tim.c **** void TIM_ClearOC4Ref(TIM_TypeDef* TIMx, uint16_t TIM_OCClear)
1565:./Libraries/src/stm32f4xx_tim.c **** {
1566:./Libraries/src/stm32f4xx_tim.c ****   uint16_t tmpccmr2 = 0;
1567:./Libraries/src/stm32f4xx_tim.c **** 
1568:./Libraries/src/stm32f4xx_tim.c ****   /* Check the parameters */
1569:./Libraries/src/stm32f4xx_tim.c ****   assert_param(IS_TIM_LIST3_PERIPH(TIMx));
ARM GAS  /tmp/cc0EAqnP.s 			page 29


1570:./Libraries/src/stm32f4xx_tim.c ****   assert_param(IS_TIM_OCCLEAR_STATE(TIM_OCClear));
1571:./Libraries/src/stm32f4xx_tim.c **** 
1572:./Libraries/src/stm32f4xx_tim.c ****   tmpccmr2 = TIMx->CCMR2;
1573:./Libraries/src/stm32f4xx_tim.c **** 
1574:./Libraries/src/stm32f4xx_tim.c ****   /* Reset the OC4CE Bit */
1575:./Libraries/src/stm32f4xx_tim.c ****   tmpccmr2 &= (uint16_t)~TIM_CCMR2_OC4CE;
1576:./Libraries/src/stm32f4xx_tim.c **** 
1577:./Libraries/src/stm32f4xx_tim.c ****   /* Enable or Disable the Output Compare Clear Bit */
1578:./Libraries/src/stm32f4xx_tim.c ****   tmpccmr2 |= (uint16_t)(TIM_OCClear << 8);
1579:./Libraries/src/stm32f4xx_tim.c **** 
1580:./Libraries/src/stm32f4xx_tim.c ****   /* Write to TIMx CCMR2 register */
1581:./Libraries/src/stm32f4xx_tim.c ****   TIMx->CCMR2 = tmpccmr2;
1582:./Libraries/src/stm32f4xx_tim.c **** }
1583:./Libraries/src/stm32f4xx_tim.c **** 
1584:./Libraries/src/stm32f4xx_tim.c **** /**
1585:./Libraries/src/stm32f4xx_tim.c ****   * @brief  Configures the TIMx channel 1 polarity.
1586:./Libraries/src/stm32f4xx_tim.c ****   * @param  TIMx: where x can be 1 to 14 except 6 and 7, to select the TIM peripheral.
1587:./Libraries/src/stm32f4xx_tim.c ****   * @param  TIM_OCPolarity: specifies the OC1 Polarity
1588:./Libraries/src/stm32f4xx_tim.c ****   *          This parameter can be one of the following values:
1589:./Libraries/src/stm32f4xx_tim.c ****   *            @arg TIM_OCPolarity_High: Output Compare active high
1590:./Libraries/src/stm32f4xx_tim.c ****   *            @arg TIM_OCPolarity_Low: Output Compare active low
1591:./Libraries/src/stm32f4xx_tim.c ****   * @retval None
1592:./Libraries/src/stm32f4xx_tim.c ****   */
1593:./Libraries/src/stm32f4xx_tim.c **** void TIM_OC1PolarityConfig(TIM_TypeDef* TIMx, uint16_t TIM_OCPolarity)
1594:./Libraries/src/stm32f4xx_tim.c **** {
1595:./Libraries/src/stm32f4xx_tim.c ****   uint16_t tmpccer = 0;
1596:./Libraries/src/stm32f4xx_tim.c **** 
1597:./Libraries/src/stm32f4xx_tim.c ****   /* Check the parameters */
1598:./Libraries/src/stm32f4xx_tim.c ****   assert_param(IS_TIM_LIST1_PERIPH(TIMx));
1599:./Libraries/src/stm32f4xx_tim.c ****   assert_param(IS_TIM_OC_POLARITY(TIM_OCPolarity));
1600:./Libraries/src/stm32f4xx_tim.c **** 
1601:./Libraries/src/stm32f4xx_tim.c ****   tmpccer = TIMx->CCER;
1602:./Libraries/src/stm32f4xx_tim.c **** 
1603:./Libraries/src/stm32f4xx_tim.c ****   /* Set or Reset the CC1P Bit */
1604:./Libraries/src/stm32f4xx_tim.c ****   tmpccer &= (uint16_t)(~TIM_CCER_CC1P);
1605:./Libraries/src/stm32f4xx_tim.c ****   tmpccer |= TIM_OCPolarity;
1606:./Libraries/src/stm32f4xx_tim.c **** 
1607:./Libraries/src/stm32f4xx_tim.c ****   /* Write to TIMx CCER register */
1608:./Libraries/src/stm32f4xx_tim.c ****   TIMx->CCER = tmpccer;
1609:./Libraries/src/stm32f4xx_tim.c **** }
1610:./Libraries/src/stm32f4xx_tim.c **** 
1611:./Libraries/src/stm32f4xx_tim.c **** /**
1612:./Libraries/src/stm32f4xx_tim.c ****   * @brief  Configures the TIMx Channel 1N polarity.
1613:./Libraries/src/stm32f4xx_tim.c ****   * @param  TIMx: where x can be 1 or 8 to select the TIM peripheral.
1614:./Libraries/src/stm32f4xx_tim.c ****   * @param  TIM_OCNPolarity: specifies the OC1N Polarity
1615:./Libraries/src/stm32f4xx_tim.c ****   *          This parameter can be one of the following values:
1616:./Libraries/src/stm32f4xx_tim.c ****   *            @arg TIM_OCNPolarity_High: Output Compare active high
1617:./Libraries/src/stm32f4xx_tim.c ****   *            @arg TIM_OCNPolarity_Low: Output Compare active low
1618:./Libraries/src/stm32f4xx_tim.c ****   * @retval None
1619:./Libraries/src/stm32f4xx_tim.c ****   */
1620:./Libraries/src/stm32f4xx_tim.c **** void TIM_OC1NPolarityConfig(TIM_TypeDef* TIMx, uint16_t TIM_OCNPolarity)
1621:./Libraries/src/stm32f4xx_tim.c **** {
1622:./Libraries/src/stm32f4xx_tim.c ****   uint16_t tmpccer = 0;
1623:./Libraries/src/stm32f4xx_tim.c ****   /* Check the parameters */
1624:./Libraries/src/stm32f4xx_tim.c ****   assert_param(IS_TIM_LIST4_PERIPH(TIMx));
1625:./Libraries/src/stm32f4xx_tim.c ****   assert_param(IS_TIM_OCN_POLARITY(TIM_OCNPolarity));
1626:./Libraries/src/stm32f4xx_tim.c ****    
ARM GAS  /tmp/cc0EAqnP.s 			page 30


1627:./Libraries/src/stm32f4xx_tim.c ****   tmpccer = TIMx->CCER;
1628:./Libraries/src/stm32f4xx_tim.c **** 
1629:./Libraries/src/stm32f4xx_tim.c ****   /* Set or Reset the CC1NP Bit */
1630:./Libraries/src/stm32f4xx_tim.c ****   tmpccer &= (uint16_t)~TIM_CCER_CC1NP;
1631:./Libraries/src/stm32f4xx_tim.c ****   tmpccer |= TIM_OCNPolarity;
1632:./Libraries/src/stm32f4xx_tim.c **** 
1633:./Libraries/src/stm32f4xx_tim.c ****   /* Write to TIMx CCER register */
1634:./Libraries/src/stm32f4xx_tim.c ****   TIMx->CCER = tmpccer;
1635:./Libraries/src/stm32f4xx_tim.c **** }
1636:./Libraries/src/stm32f4xx_tim.c **** 
1637:./Libraries/src/stm32f4xx_tim.c **** /**
1638:./Libraries/src/stm32f4xx_tim.c ****   * @brief  Configures the TIMx channel 2 polarity.
1639:./Libraries/src/stm32f4xx_tim.c ****   * @param  TIMx: where x can be 1, 2, 3, 4, 5, 8, 9 or 12 to select the TIM 
1640:./Libraries/src/stm32f4xx_tim.c ****   *         peripheral.
1641:./Libraries/src/stm32f4xx_tim.c ****   * @param  TIM_OCPolarity: specifies the OC2 Polarity
1642:./Libraries/src/stm32f4xx_tim.c ****   *          This parameter can be one of the following values:
1643:./Libraries/src/stm32f4xx_tim.c ****   *            @arg TIM_OCPolarity_High: Output Compare active high
1644:./Libraries/src/stm32f4xx_tim.c ****   *            @arg TIM_OCPolarity_Low: Output Compare active low
1645:./Libraries/src/stm32f4xx_tim.c ****   * @retval None
1646:./Libraries/src/stm32f4xx_tim.c ****   */
1647:./Libraries/src/stm32f4xx_tim.c **** void TIM_OC2PolarityConfig(TIM_TypeDef* TIMx, uint16_t TIM_OCPolarity)
1648:./Libraries/src/stm32f4xx_tim.c **** {
1649:./Libraries/src/stm32f4xx_tim.c ****   uint16_t tmpccer = 0;
1650:./Libraries/src/stm32f4xx_tim.c **** 
1651:./Libraries/src/stm32f4xx_tim.c ****   /* Check the parameters */
1652:./Libraries/src/stm32f4xx_tim.c ****   assert_param(IS_TIM_LIST2_PERIPH(TIMx));
1653:./Libraries/src/stm32f4xx_tim.c ****   assert_param(IS_TIM_OC_POLARITY(TIM_OCPolarity));
1654:./Libraries/src/stm32f4xx_tim.c **** 
1655:./Libraries/src/stm32f4xx_tim.c ****   tmpccer = TIMx->CCER;
1656:./Libraries/src/stm32f4xx_tim.c **** 
1657:./Libraries/src/stm32f4xx_tim.c ****   /* Set or Reset the CC2P Bit */
1658:./Libraries/src/stm32f4xx_tim.c ****   tmpccer &= (uint16_t)(~TIM_CCER_CC2P);
1659:./Libraries/src/stm32f4xx_tim.c ****   tmpccer |= (uint16_t)(TIM_OCPolarity << 4);
1660:./Libraries/src/stm32f4xx_tim.c **** 
1661:./Libraries/src/stm32f4xx_tim.c ****   /* Write to TIMx CCER register */
1662:./Libraries/src/stm32f4xx_tim.c ****   TIMx->CCER = tmpccer;
1663:./Libraries/src/stm32f4xx_tim.c **** }
1664:./Libraries/src/stm32f4xx_tim.c **** 
1665:./Libraries/src/stm32f4xx_tim.c **** /**
1666:./Libraries/src/stm32f4xx_tim.c ****   * @brief  Configures the TIMx Channel 2N polarity.
1667:./Libraries/src/stm32f4xx_tim.c ****   * @param  TIMx: where x can be 1 or 8 to select the TIM peripheral.
1668:./Libraries/src/stm32f4xx_tim.c ****   * @param  TIM_OCNPolarity: specifies the OC2N Polarity
1669:./Libraries/src/stm32f4xx_tim.c ****   *          This parameter can be one of the following values:
1670:./Libraries/src/stm32f4xx_tim.c ****   *            @arg TIM_OCNPolarity_High: Output Compare active high
1671:./Libraries/src/stm32f4xx_tim.c ****   *            @arg TIM_OCNPolarity_Low: Output Compare active low
1672:./Libraries/src/stm32f4xx_tim.c ****   * @retval None
1673:./Libraries/src/stm32f4xx_tim.c ****   */
1674:./Libraries/src/stm32f4xx_tim.c **** void TIM_OC2NPolarityConfig(TIM_TypeDef* TIMx, uint16_t TIM_OCNPolarity)
1675:./Libraries/src/stm32f4xx_tim.c **** {
1676:./Libraries/src/stm32f4xx_tim.c ****   uint16_t tmpccer = 0;
1677:./Libraries/src/stm32f4xx_tim.c **** 
1678:./Libraries/src/stm32f4xx_tim.c ****   /* Check the parameters */
1679:./Libraries/src/stm32f4xx_tim.c ****   assert_param(IS_TIM_LIST4_PERIPH(TIMx));
1680:./Libraries/src/stm32f4xx_tim.c ****   assert_param(IS_TIM_OCN_POLARITY(TIM_OCNPolarity));
1681:./Libraries/src/stm32f4xx_tim.c ****   
1682:./Libraries/src/stm32f4xx_tim.c ****   tmpccer = TIMx->CCER;
1683:./Libraries/src/stm32f4xx_tim.c **** 
ARM GAS  /tmp/cc0EAqnP.s 			page 31


1684:./Libraries/src/stm32f4xx_tim.c ****   /* Set or Reset the CC2NP Bit */
1685:./Libraries/src/stm32f4xx_tim.c ****   tmpccer &= (uint16_t)~TIM_CCER_CC2NP;
1686:./Libraries/src/stm32f4xx_tim.c ****   tmpccer |= (uint16_t)(TIM_OCNPolarity << 4);
1687:./Libraries/src/stm32f4xx_tim.c **** 
1688:./Libraries/src/stm32f4xx_tim.c ****   /* Write to TIMx CCER register */
1689:./Libraries/src/stm32f4xx_tim.c ****   TIMx->CCER = tmpccer;
1690:./Libraries/src/stm32f4xx_tim.c **** }
1691:./Libraries/src/stm32f4xx_tim.c **** 
1692:./Libraries/src/stm32f4xx_tim.c **** /**
1693:./Libraries/src/stm32f4xx_tim.c ****   * @brief  Configures the TIMx channel 3 polarity.
1694:./Libraries/src/stm32f4xx_tim.c ****   * @param  TIMx: where x can be 1, 2, 3, 4, 5 or 8 to select the TIM peripheral.
1695:./Libraries/src/stm32f4xx_tim.c ****   * @param  TIM_OCPolarity: specifies the OC3 Polarity
1696:./Libraries/src/stm32f4xx_tim.c ****   *          This parameter can be one of the following values:
1697:./Libraries/src/stm32f4xx_tim.c ****   *            @arg TIM_OCPolarity_High: Output Compare active high
1698:./Libraries/src/stm32f4xx_tim.c ****   *            @arg TIM_OCPolarity_Low: Output Compare active low
1699:./Libraries/src/stm32f4xx_tim.c ****   * @retval None
1700:./Libraries/src/stm32f4xx_tim.c ****   */
1701:./Libraries/src/stm32f4xx_tim.c **** void TIM_OC3PolarityConfig(TIM_TypeDef* TIMx, uint16_t TIM_OCPolarity)
1702:./Libraries/src/stm32f4xx_tim.c **** {
1703:./Libraries/src/stm32f4xx_tim.c ****   uint16_t tmpccer = 0;
1704:./Libraries/src/stm32f4xx_tim.c **** 
1705:./Libraries/src/stm32f4xx_tim.c ****   /* Check the parameters */
1706:./Libraries/src/stm32f4xx_tim.c ****   assert_param(IS_TIM_LIST3_PERIPH(TIMx));
1707:./Libraries/src/stm32f4xx_tim.c ****   assert_param(IS_TIM_OC_POLARITY(TIM_OCPolarity));
1708:./Libraries/src/stm32f4xx_tim.c **** 
1709:./Libraries/src/stm32f4xx_tim.c ****   tmpccer = TIMx->CCER;
1710:./Libraries/src/stm32f4xx_tim.c **** 
1711:./Libraries/src/stm32f4xx_tim.c ****   /* Set or Reset the CC3P Bit */
1712:./Libraries/src/stm32f4xx_tim.c ****   tmpccer &= (uint16_t)~TIM_CCER_CC3P;
1713:./Libraries/src/stm32f4xx_tim.c ****   tmpccer |= (uint16_t)(TIM_OCPolarity << 8);
1714:./Libraries/src/stm32f4xx_tim.c **** 
1715:./Libraries/src/stm32f4xx_tim.c ****   /* Write to TIMx CCER register */
1716:./Libraries/src/stm32f4xx_tim.c ****   TIMx->CCER = tmpccer;
1717:./Libraries/src/stm32f4xx_tim.c **** }
1718:./Libraries/src/stm32f4xx_tim.c **** 
1719:./Libraries/src/stm32f4xx_tim.c **** /**
1720:./Libraries/src/stm32f4xx_tim.c ****   * @brief  Configures the TIMx Channel 3N polarity.
1721:./Libraries/src/stm32f4xx_tim.c ****   * @param  TIMx: where x can be 1 or 8 to select the TIM peripheral.
1722:./Libraries/src/stm32f4xx_tim.c ****   * @param  TIM_OCNPolarity: specifies the OC3N Polarity
1723:./Libraries/src/stm32f4xx_tim.c ****   *          This parameter can be one of the following values:
1724:./Libraries/src/stm32f4xx_tim.c ****   *            @arg TIM_OCNPolarity_High: Output Compare active high
1725:./Libraries/src/stm32f4xx_tim.c ****   *            @arg TIM_OCNPolarity_Low: Output Compare active low
1726:./Libraries/src/stm32f4xx_tim.c ****   * @retval None
1727:./Libraries/src/stm32f4xx_tim.c ****   */
1728:./Libraries/src/stm32f4xx_tim.c **** void TIM_OC3NPolarityConfig(TIM_TypeDef* TIMx, uint16_t TIM_OCNPolarity)
1729:./Libraries/src/stm32f4xx_tim.c **** {
1730:./Libraries/src/stm32f4xx_tim.c ****   uint16_t tmpccer = 0;
1731:./Libraries/src/stm32f4xx_tim.c ****  
1732:./Libraries/src/stm32f4xx_tim.c ****   /* Check the parameters */
1733:./Libraries/src/stm32f4xx_tim.c ****   assert_param(IS_TIM_LIST4_PERIPH(TIMx));
1734:./Libraries/src/stm32f4xx_tim.c ****   assert_param(IS_TIM_OCN_POLARITY(TIM_OCNPolarity));
1735:./Libraries/src/stm32f4xx_tim.c ****     
1736:./Libraries/src/stm32f4xx_tim.c ****   tmpccer = TIMx->CCER;
1737:./Libraries/src/stm32f4xx_tim.c **** 
1738:./Libraries/src/stm32f4xx_tim.c ****   /* Set or Reset the CC3NP Bit */
1739:./Libraries/src/stm32f4xx_tim.c ****   tmpccer &= (uint16_t)~TIM_CCER_CC3NP;
1740:./Libraries/src/stm32f4xx_tim.c ****   tmpccer |= (uint16_t)(TIM_OCNPolarity << 8);
ARM GAS  /tmp/cc0EAqnP.s 			page 32


1741:./Libraries/src/stm32f4xx_tim.c **** 
1742:./Libraries/src/stm32f4xx_tim.c ****   /* Write to TIMx CCER register */
1743:./Libraries/src/stm32f4xx_tim.c ****   TIMx->CCER = tmpccer;
1744:./Libraries/src/stm32f4xx_tim.c **** }
1745:./Libraries/src/stm32f4xx_tim.c **** 
1746:./Libraries/src/stm32f4xx_tim.c **** /**
1747:./Libraries/src/stm32f4xx_tim.c ****   * @brief  Configures the TIMx channel 4 polarity.
1748:./Libraries/src/stm32f4xx_tim.c ****   * @param  TIMx: where x can be 1, 2, 3, 4, 5 or 8 to select the TIM peripheral.
1749:./Libraries/src/stm32f4xx_tim.c ****   * @param  TIM_OCPolarity: specifies the OC4 Polarity
1750:./Libraries/src/stm32f4xx_tim.c ****   *          This parameter can be one of the following values:
1751:./Libraries/src/stm32f4xx_tim.c ****   *            @arg TIM_OCPolarity_High: Output Compare active high
1752:./Libraries/src/stm32f4xx_tim.c ****   *            @arg TIM_OCPolarity_Low: Output Compare active low
1753:./Libraries/src/stm32f4xx_tim.c ****   * @retval None
1754:./Libraries/src/stm32f4xx_tim.c ****   */
1755:./Libraries/src/stm32f4xx_tim.c **** void TIM_OC4PolarityConfig(TIM_TypeDef* TIMx, uint16_t TIM_OCPolarity)
1756:./Libraries/src/stm32f4xx_tim.c **** {
1757:./Libraries/src/stm32f4xx_tim.c ****   uint16_t tmpccer = 0;
1758:./Libraries/src/stm32f4xx_tim.c **** 
1759:./Libraries/src/stm32f4xx_tim.c ****   /* Check the parameters */
1760:./Libraries/src/stm32f4xx_tim.c ****   assert_param(IS_TIM_LIST3_PERIPH(TIMx));
1761:./Libraries/src/stm32f4xx_tim.c ****   assert_param(IS_TIM_OC_POLARITY(TIM_OCPolarity));
1762:./Libraries/src/stm32f4xx_tim.c **** 
1763:./Libraries/src/stm32f4xx_tim.c ****   tmpccer = TIMx->CCER;
1764:./Libraries/src/stm32f4xx_tim.c **** 
1765:./Libraries/src/stm32f4xx_tim.c ****   /* Set or Reset the CC4P Bit */
1766:./Libraries/src/stm32f4xx_tim.c ****   tmpccer &= (uint16_t)~TIM_CCER_CC4P;
1767:./Libraries/src/stm32f4xx_tim.c ****   tmpccer |= (uint16_t)(TIM_OCPolarity << 12);
1768:./Libraries/src/stm32f4xx_tim.c **** 
1769:./Libraries/src/stm32f4xx_tim.c ****   /* Write to TIMx CCER register */
1770:./Libraries/src/stm32f4xx_tim.c ****   TIMx->CCER = tmpccer;
1771:./Libraries/src/stm32f4xx_tim.c **** }
1772:./Libraries/src/stm32f4xx_tim.c **** 
1773:./Libraries/src/stm32f4xx_tim.c **** /**
1774:./Libraries/src/stm32f4xx_tim.c ****   * @brief  Enables or disables the TIM Capture Compare Channel x.
1775:./Libraries/src/stm32f4xx_tim.c ****   * @param  TIMx: where x can be 1 to 14 except 6 and 7, to select the TIM peripheral.
1776:./Libraries/src/stm32f4xx_tim.c ****   * @param  TIM_Channel: specifies the TIM Channel
1777:./Libraries/src/stm32f4xx_tim.c ****   *          This parameter can be one of the following values:
1778:./Libraries/src/stm32f4xx_tim.c ****   *            @arg TIM_Channel_1: TIM Channel 1
1779:./Libraries/src/stm32f4xx_tim.c ****   *            @arg TIM_Channel_2: TIM Channel 2
1780:./Libraries/src/stm32f4xx_tim.c ****   *            @arg TIM_Channel_3: TIM Channel 3
1781:./Libraries/src/stm32f4xx_tim.c ****   *            @arg TIM_Channel_4: TIM Channel 4
1782:./Libraries/src/stm32f4xx_tim.c ****   * @param  TIM_CCx: specifies the TIM Channel CCxE bit new state.
1783:./Libraries/src/stm32f4xx_tim.c ****   *          This parameter can be: TIM_CCx_Enable or TIM_CCx_Disable. 
1784:./Libraries/src/stm32f4xx_tim.c ****   * @retval None
1785:./Libraries/src/stm32f4xx_tim.c ****   */
1786:./Libraries/src/stm32f4xx_tim.c **** void TIM_CCxCmd(TIM_TypeDef* TIMx, uint16_t TIM_Channel, uint16_t TIM_CCx)
1787:./Libraries/src/stm32f4xx_tim.c **** {
1788:./Libraries/src/stm32f4xx_tim.c ****   uint16_t tmp = 0;
1789:./Libraries/src/stm32f4xx_tim.c **** 
1790:./Libraries/src/stm32f4xx_tim.c ****   /* Check the parameters */
1791:./Libraries/src/stm32f4xx_tim.c ****   assert_param(IS_TIM_LIST1_PERIPH(TIMx)); 
1792:./Libraries/src/stm32f4xx_tim.c ****   assert_param(IS_TIM_CHANNEL(TIM_Channel));
1793:./Libraries/src/stm32f4xx_tim.c ****   assert_param(IS_TIM_CCX(TIM_CCx));
1794:./Libraries/src/stm32f4xx_tim.c **** 
1795:./Libraries/src/stm32f4xx_tim.c ****   tmp = CCER_CCE_SET << TIM_Channel;
1796:./Libraries/src/stm32f4xx_tim.c **** 
1797:./Libraries/src/stm32f4xx_tim.c ****   /* Reset the CCxE Bit */
ARM GAS  /tmp/cc0EAqnP.s 			page 33


1798:./Libraries/src/stm32f4xx_tim.c ****   TIMx->CCER &= (uint16_t)~ tmp;
1799:./Libraries/src/stm32f4xx_tim.c **** 
1800:./Libraries/src/stm32f4xx_tim.c ****   /* Set or reset the CCxE Bit */ 
1801:./Libraries/src/stm32f4xx_tim.c ****   TIMx->CCER |=  (uint16_t)(TIM_CCx << TIM_Channel);
1802:./Libraries/src/stm32f4xx_tim.c **** }
1803:./Libraries/src/stm32f4xx_tim.c **** 
1804:./Libraries/src/stm32f4xx_tim.c **** /**
1805:./Libraries/src/stm32f4xx_tim.c ****   * @brief  Enables or disables the TIM Capture Compare Channel xN.
1806:./Libraries/src/stm32f4xx_tim.c ****   * @param  TIMx: where x can be 1 or 8 to select the TIM peripheral.
1807:./Libraries/src/stm32f4xx_tim.c ****   * @param  TIM_Channel: specifies the TIM Channel
1808:./Libraries/src/stm32f4xx_tim.c ****   *          This parameter can be one of the following values:
1809:./Libraries/src/stm32f4xx_tim.c ****   *            @arg TIM_Channel_1: TIM Channel 1
1810:./Libraries/src/stm32f4xx_tim.c ****   *            @arg TIM_Channel_2: TIM Channel 2
1811:./Libraries/src/stm32f4xx_tim.c ****   *            @arg TIM_Channel_3: TIM Channel 3
1812:./Libraries/src/stm32f4xx_tim.c ****   * @param  TIM_CCxN: specifies the TIM Channel CCxNE bit new state.
1813:./Libraries/src/stm32f4xx_tim.c ****   *          This parameter can be: TIM_CCxN_Enable or TIM_CCxN_Disable. 
1814:./Libraries/src/stm32f4xx_tim.c ****   * @retval None
1815:./Libraries/src/stm32f4xx_tim.c ****   */
1816:./Libraries/src/stm32f4xx_tim.c **** void TIM_CCxNCmd(TIM_TypeDef* TIMx, uint16_t TIM_Channel, uint16_t TIM_CCxN)
1817:./Libraries/src/stm32f4xx_tim.c **** {
1818:./Libraries/src/stm32f4xx_tim.c ****   uint16_t tmp = 0;
1819:./Libraries/src/stm32f4xx_tim.c **** 
1820:./Libraries/src/stm32f4xx_tim.c ****   /* Check the parameters */
1821:./Libraries/src/stm32f4xx_tim.c ****   assert_param(IS_TIM_LIST4_PERIPH(TIMx));
1822:./Libraries/src/stm32f4xx_tim.c ****   assert_param(IS_TIM_COMPLEMENTARY_CHANNEL(TIM_Channel));
1823:./Libraries/src/stm32f4xx_tim.c ****   assert_param(IS_TIM_CCXN(TIM_CCxN));
1824:./Libraries/src/stm32f4xx_tim.c **** 
1825:./Libraries/src/stm32f4xx_tim.c ****   tmp = CCER_CCNE_SET << TIM_Channel;
1826:./Libraries/src/stm32f4xx_tim.c **** 
1827:./Libraries/src/stm32f4xx_tim.c ****   /* Reset the CCxNE Bit */
1828:./Libraries/src/stm32f4xx_tim.c ****   TIMx->CCER &= (uint16_t) ~tmp;
1829:./Libraries/src/stm32f4xx_tim.c **** 
1830:./Libraries/src/stm32f4xx_tim.c ****   /* Set or reset the CCxNE Bit */ 
1831:./Libraries/src/stm32f4xx_tim.c ****   TIMx->CCER |=  (uint16_t)(TIM_CCxN << TIM_Channel);
1832:./Libraries/src/stm32f4xx_tim.c **** }
1833:./Libraries/src/stm32f4xx_tim.c **** /**
1834:./Libraries/src/stm32f4xx_tim.c ****   * @}
1835:./Libraries/src/stm32f4xx_tim.c ****   */
1836:./Libraries/src/stm32f4xx_tim.c **** 
1837:./Libraries/src/stm32f4xx_tim.c **** /** @defgroup TIM_Group3 Input Capture management functions
1838:./Libraries/src/stm32f4xx_tim.c ****  *  @brief    Input Capture management functions 
1839:./Libraries/src/stm32f4xx_tim.c ****  *
1840:./Libraries/src/stm32f4xx_tim.c **** @verbatim   
1841:./Libraries/src/stm32f4xx_tim.c ****  ===============================================================================
1842:./Libraries/src/stm32f4xx_tim.c ****                   ##### Input Capture management functions #####
1843:./Libraries/src/stm32f4xx_tim.c ****  ===============================================================================  
1844:./Libraries/src/stm32f4xx_tim.c ****          
1845:./Libraries/src/stm32f4xx_tim.c ****             ##### TIM Driver: how to use it in Input Capture Mode #####
1846:./Libraries/src/stm32f4xx_tim.c ****  ===============================================================================
1847:./Libraries/src/stm32f4xx_tim.c ****     [..]    
1848:./Libraries/src/stm32f4xx_tim.c ****     To use the Timer in Input Capture mode, the following steps are mandatory:
1849:./Libraries/src/stm32f4xx_tim.c ****        
1850:./Libraries/src/stm32f4xx_tim.c ****       (#) Enable TIM clock using RCC_APBxPeriphClockCmd(RCC_APBxPeriph_TIMx, ENABLE) 
1851:./Libraries/src/stm32f4xx_tim.c ****           function
1852:./Libraries/src/stm32f4xx_tim.c ****        
1853:./Libraries/src/stm32f4xx_tim.c ****       (#) Configure the TIM pins by configuring the corresponding GPIO pins
1854:./Libraries/src/stm32f4xx_tim.c ****        
ARM GAS  /tmp/cc0EAqnP.s 			page 34


1855:./Libraries/src/stm32f4xx_tim.c ****       (#) Configure the Time base unit as described in the first part of this driver,
1856:./Libraries/src/stm32f4xx_tim.c ****           if needed, else the Timer will run with the default configuration:
1857:./Libraries/src/stm32f4xx_tim.c ****         (++) Autoreload value = 0xFFFF
1858:./Libraries/src/stm32f4xx_tim.c ****         (++) Prescaler value = 0x0000
1859:./Libraries/src/stm32f4xx_tim.c ****         (++) Counter mode = Up counting
1860:./Libraries/src/stm32f4xx_tim.c ****         (++) Clock Division = TIM_CKD_DIV1
1861:./Libraries/src/stm32f4xx_tim.c ****           
1862:./Libraries/src/stm32f4xx_tim.c ****       (#) Fill the TIM_ICInitStruct with the desired parameters including:
1863:./Libraries/src/stm32f4xx_tim.c ****         (++) TIM Channel: TIM_Channel
1864:./Libraries/src/stm32f4xx_tim.c ****         (++) TIM Input Capture polarity: TIM_ICPolarity
1865:./Libraries/src/stm32f4xx_tim.c ****         (++) TIM Input Capture selection: TIM_ICSelection
1866:./Libraries/src/stm32f4xx_tim.c ****         (++) TIM Input Capture Prescaler: TIM_ICPrescaler
1867:./Libraries/src/stm32f4xx_tim.c ****         (++) TIM Input Capture filter value: TIM_ICFilter
1868:./Libraries/src/stm32f4xx_tim.c ****        
1869:./Libraries/src/stm32f4xx_tim.c ****       (#) Call TIM_ICInit(TIMx, &TIM_ICInitStruct) to configure the desired channel 
1870:./Libraries/src/stm32f4xx_tim.c ****           with the corresponding configuration and to measure only frequency 
1871:./Libraries/src/stm32f4xx_tim.c ****           or duty cycle of the input signal, or, Call TIM_PWMIConfig(TIMx, &TIM_ICInitStruct) 
1872:./Libraries/src/stm32f4xx_tim.c ****           to configure the desired channels with the corresponding configuration 
1873:./Libraries/src/stm32f4xx_tim.c ****           and to measure the frequency and the duty cycle of the input signal
1874:./Libraries/src/stm32f4xx_tim.c ****           
1875:./Libraries/src/stm32f4xx_tim.c ****       (#) Enable the NVIC or the DMA to read the measured frequency. 
1876:./Libraries/src/stm32f4xx_tim.c ****           
1877:./Libraries/src/stm32f4xx_tim.c ****       (#) Enable the corresponding interrupt (or DMA request) to read the Captured 
1878:./Libraries/src/stm32f4xx_tim.c ****           value, using the function TIM_ITConfig(TIMx, TIM_IT_CCx) 
1879:./Libraries/src/stm32f4xx_tim.c ****           (or TIM_DMA_Cmd(TIMx, TIM_DMA_CCx)) 
1880:./Libraries/src/stm32f4xx_tim.c ****        
1881:./Libraries/src/stm32f4xx_tim.c ****       (#) Call the TIM_Cmd(ENABLE) function to enable the TIM counter.
1882:./Libraries/src/stm32f4xx_tim.c ****        
1883:./Libraries/src/stm32f4xx_tim.c ****       (#) Use TIM_GetCapturex(TIMx); to read the captured value.
1884:./Libraries/src/stm32f4xx_tim.c ****        
1885:./Libraries/src/stm32f4xx_tim.c ****       -@- All other functions can be used separately to modify, if needed,
1886:./Libraries/src/stm32f4xx_tim.c ****           a specific feature of the Timer. 
1887:./Libraries/src/stm32f4xx_tim.c **** 
1888:./Libraries/src/stm32f4xx_tim.c **** @endverbatim
1889:./Libraries/src/stm32f4xx_tim.c ****   * @{
1890:./Libraries/src/stm32f4xx_tim.c ****   */
1891:./Libraries/src/stm32f4xx_tim.c **** 
1892:./Libraries/src/stm32f4xx_tim.c **** /**
1893:./Libraries/src/stm32f4xx_tim.c ****   * @brief  Initializes the TIM peripheral according to the specified parameters
1894:./Libraries/src/stm32f4xx_tim.c ****   *         in the TIM_ICInitStruct.
1895:./Libraries/src/stm32f4xx_tim.c ****   * @param  TIMx: where x can be 1 to 14 except 6 and 7, to select the TIM peripheral.
1896:./Libraries/src/stm32f4xx_tim.c ****   * @param  TIM_ICInitStruct: pointer to a TIM_ICInitTypeDef structure that contains
1897:./Libraries/src/stm32f4xx_tim.c ****   *         the configuration information for the specified TIM peripheral.
1898:./Libraries/src/stm32f4xx_tim.c ****   * @retval None
1899:./Libraries/src/stm32f4xx_tim.c ****   */
1900:./Libraries/src/stm32f4xx_tim.c **** void TIM_ICInit(TIM_TypeDef* TIMx, TIM_ICInitTypeDef* TIM_ICInitStruct)
1901:./Libraries/src/stm32f4xx_tim.c **** {
1902:./Libraries/src/stm32f4xx_tim.c ****   /* Check the parameters */
1903:./Libraries/src/stm32f4xx_tim.c ****   assert_param(IS_TIM_LIST1_PERIPH(TIMx));
1904:./Libraries/src/stm32f4xx_tim.c ****   assert_param(IS_TIM_IC_POLARITY(TIM_ICInitStruct->TIM_ICPolarity));
1905:./Libraries/src/stm32f4xx_tim.c ****   assert_param(IS_TIM_IC_SELECTION(TIM_ICInitStruct->TIM_ICSelection));
1906:./Libraries/src/stm32f4xx_tim.c ****   assert_param(IS_TIM_IC_PRESCALER(TIM_ICInitStruct->TIM_ICPrescaler));
1907:./Libraries/src/stm32f4xx_tim.c ****   assert_param(IS_TIM_IC_FILTER(TIM_ICInitStruct->TIM_ICFilter));
1908:./Libraries/src/stm32f4xx_tim.c ****   
1909:./Libraries/src/stm32f4xx_tim.c ****   if (TIM_ICInitStruct->TIM_Channel == TIM_Channel_1)
1910:./Libraries/src/stm32f4xx_tim.c ****   {
1911:./Libraries/src/stm32f4xx_tim.c ****     /* TI1 Configuration */
ARM GAS  /tmp/cc0EAqnP.s 			page 35


1912:./Libraries/src/stm32f4xx_tim.c ****     TI1_Config(TIMx, TIM_ICInitStruct->TIM_ICPolarity,
1913:./Libraries/src/stm32f4xx_tim.c ****                TIM_ICInitStruct->TIM_ICSelection,
1914:./Libraries/src/stm32f4xx_tim.c ****                TIM_ICInitStruct->TIM_ICFilter);
1915:./Libraries/src/stm32f4xx_tim.c ****     /* Set the Input Capture Prescaler value */
1916:./Libraries/src/stm32f4xx_tim.c ****     TIM_SetIC1Prescaler(TIMx, TIM_ICInitStruct->TIM_ICPrescaler);
1917:./Libraries/src/stm32f4xx_tim.c ****   }
1918:./Libraries/src/stm32f4xx_tim.c ****   else if (TIM_ICInitStruct->TIM_Channel == TIM_Channel_2)
1919:./Libraries/src/stm32f4xx_tim.c ****   {
1920:./Libraries/src/stm32f4xx_tim.c ****     /* TI2 Configuration */
1921:./Libraries/src/stm32f4xx_tim.c ****     assert_param(IS_TIM_LIST2_PERIPH(TIMx));
1922:./Libraries/src/stm32f4xx_tim.c ****     TI2_Config(TIMx, TIM_ICInitStruct->TIM_ICPolarity,
1923:./Libraries/src/stm32f4xx_tim.c ****                TIM_ICInitStruct->TIM_ICSelection,
1924:./Libraries/src/stm32f4xx_tim.c ****                TIM_ICInitStruct->TIM_ICFilter);
1925:./Libraries/src/stm32f4xx_tim.c ****     /* Set the Input Capture Prescaler value */
1926:./Libraries/src/stm32f4xx_tim.c ****     TIM_SetIC2Prescaler(TIMx, TIM_ICInitStruct->TIM_ICPrescaler);
1927:./Libraries/src/stm32f4xx_tim.c ****   }
1928:./Libraries/src/stm32f4xx_tim.c ****   else if (TIM_ICInitStruct->TIM_Channel == TIM_Channel_3)
1929:./Libraries/src/stm32f4xx_tim.c ****   {
1930:./Libraries/src/stm32f4xx_tim.c ****     /* TI3 Configuration */
1931:./Libraries/src/stm32f4xx_tim.c ****     assert_param(IS_TIM_LIST3_PERIPH(TIMx));
1932:./Libraries/src/stm32f4xx_tim.c ****     TI3_Config(TIMx,  TIM_ICInitStruct->TIM_ICPolarity,
1933:./Libraries/src/stm32f4xx_tim.c ****                TIM_ICInitStruct->TIM_ICSelection,
1934:./Libraries/src/stm32f4xx_tim.c ****                TIM_ICInitStruct->TIM_ICFilter);
1935:./Libraries/src/stm32f4xx_tim.c ****     /* Set the Input Capture Prescaler value */
1936:./Libraries/src/stm32f4xx_tim.c ****     TIM_SetIC3Prescaler(TIMx, TIM_ICInitStruct->TIM_ICPrescaler);
1937:./Libraries/src/stm32f4xx_tim.c ****   }
1938:./Libraries/src/stm32f4xx_tim.c ****   else
1939:./Libraries/src/stm32f4xx_tim.c ****   {
1940:./Libraries/src/stm32f4xx_tim.c ****     /* TI4 Configuration */
1941:./Libraries/src/stm32f4xx_tim.c ****     assert_param(IS_TIM_LIST3_PERIPH(TIMx));
1942:./Libraries/src/stm32f4xx_tim.c ****     TI4_Config(TIMx, TIM_ICInitStruct->TIM_ICPolarity,
1943:./Libraries/src/stm32f4xx_tim.c ****                TIM_ICInitStruct->TIM_ICSelection,
1944:./Libraries/src/stm32f4xx_tim.c ****                TIM_ICInitStruct->TIM_ICFilter);
1945:./Libraries/src/stm32f4xx_tim.c ****     /* Set the Input Capture Prescaler value */
1946:./Libraries/src/stm32f4xx_tim.c ****     TIM_SetIC4Prescaler(TIMx, TIM_ICInitStruct->TIM_ICPrescaler);
1947:./Libraries/src/stm32f4xx_tim.c ****   }
1948:./Libraries/src/stm32f4xx_tim.c **** }
1949:./Libraries/src/stm32f4xx_tim.c **** 
1950:./Libraries/src/stm32f4xx_tim.c **** /**
1951:./Libraries/src/stm32f4xx_tim.c ****   * @brief  Fills each TIM_ICInitStruct member with its default value.
1952:./Libraries/src/stm32f4xx_tim.c ****   * @param  TIM_ICInitStruct: pointer to a TIM_ICInitTypeDef structure which will
1953:./Libraries/src/stm32f4xx_tim.c ****   *         be initialized.
1954:./Libraries/src/stm32f4xx_tim.c ****   * @retval None
1955:./Libraries/src/stm32f4xx_tim.c ****   */
1956:./Libraries/src/stm32f4xx_tim.c **** void TIM_ICStructInit(TIM_ICInitTypeDef* TIM_ICInitStruct)
1957:./Libraries/src/stm32f4xx_tim.c **** {
1958:./Libraries/src/stm32f4xx_tim.c ****   /* Set the default configuration */
1959:./Libraries/src/stm32f4xx_tim.c ****   TIM_ICInitStruct->TIM_Channel = TIM_Channel_1;
1960:./Libraries/src/stm32f4xx_tim.c ****   TIM_ICInitStruct->TIM_ICPolarity = TIM_ICPolarity_Rising;
1961:./Libraries/src/stm32f4xx_tim.c ****   TIM_ICInitStruct->TIM_ICSelection = TIM_ICSelection_DirectTI;
1962:./Libraries/src/stm32f4xx_tim.c ****   TIM_ICInitStruct->TIM_ICPrescaler = TIM_ICPSC_DIV1;
1963:./Libraries/src/stm32f4xx_tim.c ****   TIM_ICInitStruct->TIM_ICFilter = 0x00;
1964:./Libraries/src/stm32f4xx_tim.c **** }
1965:./Libraries/src/stm32f4xx_tim.c **** 
1966:./Libraries/src/stm32f4xx_tim.c **** /**
1967:./Libraries/src/stm32f4xx_tim.c ****   * @brief  Configures the TIM peripheral according to the specified parameters
1968:./Libraries/src/stm32f4xx_tim.c ****   *         in the TIM_ICInitStruct to measure an external PWM signal.
ARM GAS  /tmp/cc0EAqnP.s 			page 36


1969:./Libraries/src/stm32f4xx_tim.c ****   * @param  TIMx: where x can be  1, 2, 3, 4, 5,8, 9 or 12 to select the TIM 
1970:./Libraries/src/stm32f4xx_tim.c ****   *         peripheral.
1971:./Libraries/src/stm32f4xx_tim.c ****   * @param  TIM_ICInitStruct: pointer to a TIM_ICInitTypeDef structure that contains
1972:./Libraries/src/stm32f4xx_tim.c ****   *         the configuration information for the specified TIM peripheral.
1973:./Libraries/src/stm32f4xx_tim.c ****   * @retval None
1974:./Libraries/src/stm32f4xx_tim.c ****   */
1975:./Libraries/src/stm32f4xx_tim.c **** void TIM_PWMIConfig(TIM_TypeDef* TIMx, TIM_ICInitTypeDef* TIM_ICInitStruct)
1976:./Libraries/src/stm32f4xx_tim.c **** {
1977:./Libraries/src/stm32f4xx_tim.c ****   uint16_t icoppositepolarity = TIM_ICPolarity_Rising;
1978:./Libraries/src/stm32f4xx_tim.c ****   uint16_t icoppositeselection = TIM_ICSelection_DirectTI;
1979:./Libraries/src/stm32f4xx_tim.c **** 
1980:./Libraries/src/stm32f4xx_tim.c ****   /* Check the parameters */
1981:./Libraries/src/stm32f4xx_tim.c ****   assert_param(IS_TIM_LIST2_PERIPH(TIMx));
1982:./Libraries/src/stm32f4xx_tim.c **** 
1983:./Libraries/src/stm32f4xx_tim.c ****   /* Select the Opposite Input Polarity */
1984:./Libraries/src/stm32f4xx_tim.c ****   if (TIM_ICInitStruct->TIM_ICPolarity == TIM_ICPolarity_Rising)
1985:./Libraries/src/stm32f4xx_tim.c ****   {
1986:./Libraries/src/stm32f4xx_tim.c ****     icoppositepolarity = TIM_ICPolarity_Falling;
1987:./Libraries/src/stm32f4xx_tim.c ****   }
1988:./Libraries/src/stm32f4xx_tim.c ****   else
1989:./Libraries/src/stm32f4xx_tim.c ****   {
1990:./Libraries/src/stm32f4xx_tim.c ****     icoppositepolarity = TIM_ICPolarity_Rising;
1991:./Libraries/src/stm32f4xx_tim.c ****   }
1992:./Libraries/src/stm32f4xx_tim.c ****   /* Select the Opposite Input */
1993:./Libraries/src/stm32f4xx_tim.c ****   if (TIM_ICInitStruct->TIM_ICSelection == TIM_ICSelection_DirectTI)
1994:./Libraries/src/stm32f4xx_tim.c ****   {
1995:./Libraries/src/stm32f4xx_tim.c ****     icoppositeselection = TIM_ICSelection_IndirectTI;
1996:./Libraries/src/stm32f4xx_tim.c ****   }
1997:./Libraries/src/stm32f4xx_tim.c ****   else
1998:./Libraries/src/stm32f4xx_tim.c ****   {
1999:./Libraries/src/stm32f4xx_tim.c ****     icoppositeselection = TIM_ICSelection_DirectTI;
2000:./Libraries/src/stm32f4xx_tim.c ****   }
2001:./Libraries/src/stm32f4xx_tim.c ****   if (TIM_ICInitStruct->TIM_Channel == TIM_Channel_1)
2002:./Libraries/src/stm32f4xx_tim.c ****   {
2003:./Libraries/src/stm32f4xx_tim.c ****     /* TI1 Configuration */
2004:./Libraries/src/stm32f4xx_tim.c ****     TI1_Config(TIMx, TIM_ICInitStruct->TIM_ICPolarity, TIM_ICInitStruct->TIM_ICSelection,
2005:./Libraries/src/stm32f4xx_tim.c ****                TIM_ICInitStruct->TIM_ICFilter);
2006:./Libraries/src/stm32f4xx_tim.c ****     /* Set the Input Capture Prescaler value */
2007:./Libraries/src/stm32f4xx_tim.c ****     TIM_SetIC1Prescaler(TIMx, TIM_ICInitStruct->TIM_ICPrescaler);
2008:./Libraries/src/stm32f4xx_tim.c ****     /* TI2 Configuration */
2009:./Libraries/src/stm32f4xx_tim.c ****     TI2_Config(TIMx, icoppositepolarity, icoppositeselection, TIM_ICInitStruct->TIM_ICFilter);
2010:./Libraries/src/stm32f4xx_tim.c ****     /* Set the Input Capture Prescaler value */
2011:./Libraries/src/stm32f4xx_tim.c ****     TIM_SetIC2Prescaler(TIMx, TIM_ICInitStruct->TIM_ICPrescaler);
2012:./Libraries/src/stm32f4xx_tim.c ****   }
2013:./Libraries/src/stm32f4xx_tim.c ****   else
2014:./Libraries/src/stm32f4xx_tim.c ****   { 
2015:./Libraries/src/stm32f4xx_tim.c ****     /* TI2 Configuration */
2016:./Libraries/src/stm32f4xx_tim.c ****     TI2_Config(TIMx, TIM_ICInitStruct->TIM_ICPolarity, TIM_ICInitStruct->TIM_ICSelection,
2017:./Libraries/src/stm32f4xx_tim.c ****                TIM_ICInitStruct->TIM_ICFilter);
2018:./Libraries/src/stm32f4xx_tim.c ****     /* Set the Input Capture Prescaler value */
2019:./Libraries/src/stm32f4xx_tim.c ****     TIM_SetIC2Prescaler(TIMx, TIM_ICInitStruct->TIM_ICPrescaler);
2020:./Libraries/src/stm32f4xx_tim.c ****     /* TI1 Configuration */
2021:./Libraries/src/stm32f4xx_tim.c ****     TI1_Config(TIMx, icoppositepolarity, icoppositeselection, TIM_ICInitStruct->TIM_ICFilter);
2022:./Libraries/src/stm32f4xx_tim.c ****     /* Set the Input Capture Prescaler value */
2023:./Libraries/src/stm32f4xx_tim.c ****     TIM_SetIC1Prescaler(TIMx, TIM_ICInitStruct->TIM_ICPrescaler);
2024:./Libraries/src/stm32f4xx_tim.c ****   }
2025:./Libraries/src/stm32f4xx_tim.c **** }
ARM GAS  /tmp/cc0EAqnP.s 			page 37


2026:./Libraries/src/stm32f4xx_tim.c **** 
2027:./Libraries/src/stm32f4xx_tim.c **** /**
2028:./Libraries/src/stm32f4xx_tim.c ****   * @brief  Gets the TIMx Input Capture 1 value.
2029:./Libraries/src/stm32f4xx_tim.c ****   * @param  TIMx: where x can be 1 to 14 except 6 and 7, to select the TIM peripheral.
2030:./Libraries/src/stm32f4xx_tim.c ****   * @retval Capture Compare 1 Register value.
2031:./Libraries/src/stm32f4xx_tim.c ****   */
2032:./Libraries/src/stm32f4xx_tim.c **** uint32_t TIM_GetCapture1(TIM_TypeDef* TIMx)
2033:./Libraries/src/stm32f4xx_tim.c **** {
2034:./Libraries/src/stm32f4xx_tim.c ****   /* Check the parameters */
2035:./Libraries/src/stm32f4xx_tim.c ****   assert_param(IS_TIM_LIST1_PERIPH(TIMx));
2036:./Libraries/src/stm32f4xx_tim.c **** 
2037:./Libraries/src/stm32f4xx_tim.c ****   /* Get the Capture 1 Register value */
2038:./Libraries/src/stm32f4xx_tim.c ****   return TIMx->CCR1;
2039:./Libraries/src/stm32f4xx_tim.c **** }
2040:./Libraries/src/stm32f4xx_tim.c **** 
2041:./Libraries/src/stm32f4xx_tim.c **** /**
2042:./Libraries/src/stm32f4xx_tim.c ****   * @brief  Gets the TIMx Input Capture 2 value.
2043:./Libraries/src/stm32f4xx_tim.c ****   * @param  TIMx: where x can be 1, 2, 3, 4, 5, 8, 9 or 12 to select the TIM 
2044:./Libraries/src/stm32f4xx_tim.c ****   *         peripheral.
2045:./Libraries/src/stm32f4xx_tim.c ****   * @retval Capture Compare 2 Register value.
2046:./Libraries/src/stm32f4xx_tim.c ****   */
2047:./Libraries/src/stm32f4xx_tim.c **** uint32_t TIM_GetCapture2(TIM_TypeDef* TIMx)
2048:./Libraries/src/stm32f4xx_tim.c **** {
2049:./Libraries/src/stm32f4xx_tim.c ****   /* Check the parameters */
2050:./Libraries/src/stm32f4xx_tim.c ****   assert_param(IS_TIM_LIST2_PERIPH(TIMx));
2051:./Libraries/src/stm32f4xx_tim.c **** 
2052:./Libraries/src/stm32f4xx_tim.c ****   /* Get the Capture 2 Register value */
2053:./Libraries/src/stm32f4xx_tim.c ****   return TIMx->CCR2;
2054:./Libraries/src/stm32f4xx_tim.c **** }
2055:./Libraries/src/stm32f4xx_tim.c **** 
2056:./Libraries/src/stm32f4xx_tim.c **** /**
2057:./Libraries/src/stm32f4xx_tim.c ****   * @brief  Gets the TIMx Input Capture 3 value.
2058:./Libraries/src/stm32f4xx_tim.c ****   * @param  TIMx: where x can be 1, 2, 3, 4, 5 or 8 to select the TIM peripheral.
2059:./Libraries/src/stm32f4xx_tim.c ****   * @retval Capture Compare 3 Register value.
2060:./Libraries/src/stm32f4xx_tim.c ****   */
2061:./Libraries/src/stm32f4xx_tim.c **** uint32_t TIM_GetCapture3(TIM_TypeDef* TIMx)
2062:./Libraries/src/stm32f4xx_tim.c **** {
2063:./Libraries/src/stm32f4xx_tim.c ****   /* Check the parameters */
2064:./Libraries/src/stm32f4xx_tim.c ****   assert_param(IS_TIM_LIST3_PERIPH(TIMx)); 
2065:./Libraries/src/stm32f4xx_tim.c **** 
2066:./Libraries/src/stm32f4xx_tim.c ****   /* Get the Capture 3 Register value */
2067:./Libraries/src/stm32f4xx_tim.c ****   return TIMx->CCR3;
2068:./Libraries/src/stm32f4xx_tim.c **** }
2069:./Libraries/src/stm32f4xx_tim.c **** 
2070:./Libraries/src/stm32f4xx_tim.c **** /**
2071:./Libraries/src/stm32f4xx_tim.c ****   * @brief  Gets the TIMx Input Capture 4 value.
2072:./Libraries/src/stm32f4xx_tim.c ****   * @param  TIMx: where x can be 1, 2, 3, 4, 5 or 8 to select the TIM peripheral.
2073:./Libraries/src/stm32f4xx_tim.c ****   * @retval Capture Compare 4 Register value.
2074:./Libraries/src/stm32f4xx_tim.c ****   */
2075:./Libraries/src/stm32f4xx_tim.c **** uint32_t TIM_GetCapture4(TIM_TypeDef* TIMx)
2076:./Libraries/src/stm32f4xx_tim.c **** {
2077:./Libraries/src/stm32f4xx_tim.c ****   /* Check the parameters */
2078:./Libraries/src/stm32f4xx_tim.c ****   assert_param(IS_TIM_LIST3_PERIPH(TIMx));
2079:./Libraries/src/stm32f4xx_tim.c **** 
2080:./Libraries/src/stm32f4xx_tim.c ****   /* Get the Capture 4 Register value */
2081:./Libraries/src/stm32f4xx_tim.c ****   return TIMx->CCR4;
2082:./Libraries/src/stm32f4xx_tim.c **** }
ARM GAS  /tmp/cc0EAqnP.s 			page 38


2083:./Libraries/src/stm32f4xx_tim.c **** 
2084:./Libraries/src/stm32f4xx_tim.c **** /**
2085:./Libraries/src/stm32f4xx_tim.c ****   * @brief  Sets the TIMx Input Capture 1 prescaler.
2086:./Libraries/src/stm32f4xx_tim.c ****   * @param  TIMx: where x can be 1 to 14 except 6 and 7, to select the TIM peripheral.
2087:./Libraries/src/stm32f4xx_tim.c ****   * @param  TIM_ICPSC: specifies the Input Capture1 prescaler new value.
2088:./Libraries/src/stm32f4xx_tim.c ****   *          This parameter can be one of the following values:
2089:./Libraries/src/stm32f4xx_tim.c ****   *            @arg TIM_ICPSC_DIV1: no prescaler
2090:./Libraries/src/stm32f4xx_tim.c ****   *            @arg TIM_ICPSC_DIV2: capture is done once every 2 events
2091:./Libraries/src/stm32f4xx_tim.c ****   *            @arg TIM_ICPSC_DIV4: capture is done once every 4 events
2092:./Libraries/src/stm32f4xx_tim.c ****   *            @arg TIM_ICPSC_DIV8: capture is done once every 8 events
2093:./Libraries/src/stm32f4xx_tim.c ****   * @retval None
2094:./Libraries/src/stm32f4xx_tim.c ****   */
2095:./Libraries/src/stm32f4xx_tim.c **** void TIM_SetIC1Prescaler(TIM_TypeDef* TIMx, uint16_t TIM_ICPSC)
2096:./Libraries/src/stm32f4xx_tim.c **** {
2097:./Libraries/src/stm32f4xx_tim.c ****   /* Check the parameters */
2098:./Libraries/src/stm32f4xx_tim.c ****   assert_param(IS_TIM_LIST1_PERIPH(TIMx));
2099:./Libraries/src/stm32f4xx_tim.c ****   assert_param(IS_TIM_IC_PRESCALER(TIM_ICPSC));
2100:./Libraries/src/stm32f4xx_tim.c **** 
2101:./Libraries/src/stm32f4xx_tim.c ****   /* Reset the IC1PSC Bits */
2102:./Libraries/src/stm32f4xx_tim.c ****   TIMx->CCMR1 &= (uint16_t)~TIM_CCMR1_IC1PSC;
2103:./Libraries/src/stm32f4xx_tim.c **** 
2104:./Libraries/src/stm32f4xx_tim.c ****   /* Set the IC1PSC value */
2105:./Libraries/src/stm32f4xx_tim.c ****   TIMx->CCMR1 |= TIM_ICPSC;
2106:./Libraries/src/stm32f4xx_tim.c **** }
2107:./Libraries/src/stm32f4xx_tim.c **** 
2108:./Libraries/src/stm32f4xx_tim.c **** /**
2109:./Libraries/src/stm32f4xx_tim.c ****   * @brief  Sets the TIMx Input Capture 2 prescaler.
2110:./Libraries/src/stm32f4xx_tim.c ****   * @param  TIMx: where x can be 1, 2, 3, 4, 5, 8, 9 or 12 to select the TIM 
2111:./Libraries/src/stm32f4xx_tim.c ****   *         peripheral.
2112:./Libraries/src/stm32f4xx_tim.c ****   * @param  TIM_ICPSC: specifies the Input Capture2 prescaler new value.
2113:./Libraries/src/stm32f4xx_tim.c ****   *          This parameter can be one of the following values:
2114:./Libraries/src/stm32f4xx_tim.c ****   *            @arg TIM_ICPSC_DIV1: no prescaler
2115:./Libraries/src/stm32f4xx_tim.c ****   *            @arg TIM_ICPSC_DIV2: capture is done once every 2 events
2116:./Libraries/src/stm32f4xx_tim.c ****   *            @arg TIM_ICPSC_DIV4: capture is done once every 4 events
2117:./Libraries/src/stm32f4xx_tim.c ****   *            @arg TIM_ICPSC_DIV8: capture is done once every 8 events
2118:./Libraries/src/stm32f4xx_tim.c ****   * @retval None
2119:./Libraries/src/stm32f4xx_tim.c ****   */
2120:./Libraries/src/stm32f4xx_tim.c **** void TIM_SetIC2Prescaler(TIM_TypeDef* TIMx, uint16_t TIM_ICPSC)
2121:./Libraries/src/stm32f4xx_tim.c **** {
2122:./Libraries/src/stm32f4xx_tim.c ****   /* Check the parameters */
2123:./Libraries/src/stm32f4xx_tim.c ****   assert_param(IS_TIM_LIST2_PERIPH(TIMx));
2124:./Libraries/src/stm32f4xx_tim.c ****   assert_param(IS_TIM_IC_PRESCALER(TIM_ICPSC));
2125:./Libraries/src/stm32f4xx_tim.c **** 
2126:./Libraries/src/stm32f4xx_tim.c ****   /* Reset the IC2PSC Bits */
2127:./Libraries/src/stm32f4xx_tim.c ****   TIMx->CCMR1 &= (uint16_t)~TIM_CCMR1_IC2PSC;
2128:./Libraries/src/stm32f4xx_tim.c **** 
2129:./Libraries/src/stm32f4xx_tim.c ****   /* Set the IC2PSC value */
2130:./Libraries/src/stm32f4xx_tim.c ****   TIMx->CCMR1 |= (uint16_t)(TIM_ICPSC << 8);
2131:./Libraries/src/stm32f4xx_tim.c **** }
2132:./Libraries/src/stm32f4xx_tim.c **** 
2133:./Libraries/src/stm32f4xx_tim.c **** /**
2134:./Libraries/src/stm32f4xx_tim.c ****   * @brief  Sets the TIMx Input Capture 3 prescaler.
2135:./Libraries/src/stm32f4xx_tim.c ****   * @param  TIMx: where x can be 1, 2, 3, 4, 5 or 8 to select the TIM peripheral.
2136:./Libraries/src/stm32f4xx_tim.c ****   * @param  TIM_ICPSC: specifies the Input Capture3 prescaler new value.
2137:./Libraries/src/stm32f4xx_tim.c ****   *          This parameter can be one of the following values:
2138:./Libraries/src/stm32f4xx_tim.c ****   *            @arg TIM_ICPSC_DIV1: no prescaler
2139:./Libraries/src/stm32f4xx_tim.c ****   *            @arg TIM_ICPSC_DIV2: capture is done once every 2 events
ARM GAS  /tmp/cc0EAqnP.s 			page 39


2140:./Libraries/src/stm32f4xx_tim.c ****   *            @arg TIM_ICPSC_DIV4: capture is done once every 4 events
2141:./Libraries/src/stm32f4xx_tim.c ****   *            @arg TIM_ICPSC_DIV8: capture is done once every 8 events
2142:./Libraries/src/stm32f4xx_tim.c ****   * @retval None
2143:./Libraries/src/stm32f4xx_tim.c ****   */
2144:./Libraries/src/stm32f4xx_tim.c **** void TIM_SetIC3Prescaler(TIM_TypeDef* TIMx, uint16_t TIM_ICPSC)
2145:./Libraries/src/stm32f4xx_tim.c **** {
2146:./Libraries/src/stm32f4xx_tim.c ****   /* Check the parameters */
2147:./Libraries/src/stm32f4xx_tim.c ****   assert_param(IS_TIM_LIST3_PERIPH(TIMx));
2148:./Libraries/src/stm32f4xx_tim.c ****   assert_param(IS_TIM_IC_PRESCALER(TIM_ICPSC));
2149:./Libraries/src/stm32f4xx_tim.c **** 
2150:./Libraries/src/stm32f4xx_tim.c ****   /* Reset the IC3PSC Bits */
2151:./Libraries/src/stm32f4xx_tim.c ****   TIMx->CCMR2 &= (uint16_t)~TIM_CCMR2_IC3PSC;
2152:./Libraries/src/stm32f4xx_tim.c **** 
2153:./Libraries/src/stm32f4xx_tim.c ****   /* Set the IC3PSC value */
2154:./Libraries/src/stm32f4xx_tim.c ****   TIMx->CCMR2 |= TIM_ICPSC;
2155:./Libraries/src/stm32f4xx_tim.c **** }
2156:./Libraries/src/stm32f4xx_tim.c **** 
2157:./Libraries/src/stm32f4xx_tim.c **** /**
2158:./Libraries/src/stm32f4xx_tim.c ****   * @brief  Sets the TIMx Input Capture 4 prescaler.
2159:./Libraries/src/stm32f4xx_tim.c ****   * @param  TIMx: where x can be 1, 2, 3, 4, 5 or 8 to select the TIM peripheral.
2160:./Libraries/src/stm32f4xx_tim.c ****   * @param  TIM_ICPSC: specifies the Input Capture4 prescaler new value.
2161:./Libraries/src/stm32f4xx_tim.c ****   *          This parameter can be one of the following values:
2162:./Libraries/src/stm32f4xx_tim.c ****   *            @arg TIM_ICPSC_DIV1: no prescaler
2163:./Libraries/src/stm32f4xx_tim.c ****   *            @arg TIM_ICPSC_DIV2: capture is done once every 2 events
2164:./Libraries/src/stm32f4xx_tim.c ****   *            @arg TIM_ICPSC_DIV4: capture is done once every 4 events
2165:./Libraries/src/stm32f4xx_tim.c ****   *            @arg TIM_ICPSC_DIV8: capture is done once every 8 events
2166:./Libraries/src/stm32f4xx_tim.c ****   * @retval None
2167:./Libraries/src/stm32f4xx_tim.c ****   */
2168:./Libraries/src/stm32f4xx_tim.c **** void TIM_SetIC4Prescaler(TIM_TypeDef* TIMx, uint16_t TIM_ICPSC)
2169:./Libraries/src/stm32f4xx_tim.c **** {  
2170:./Libraries/src/stm32f4xx_tim.c ****   /* Check the parameters */
2171:./Libraries/src/stm32f4xx_tim.c ****   assert_param(IS_TIM_LIST3_PERIPH(TIMx));
2172:./Libraries/src/stm32f4xx_tim.c ****   assert_param(IS_TIM_IC_PRESCALER(TIM_ICPSC));
2173:./Libraries/src/stm32f4xx_tim.c **** 
2174:./Libraries/src/stm32f4xx_tim.c ****   /* Reset the IC4PSC Bits */
2175:./Libraries/src/stm32f4xx_tim.c ****   TIMx->CCMR2 &= (uint16_t)~TIM_CCMR2_IC4PSC;
2176:./Libraries/src/stm32f4xx_tim.c **** 
2177:./Libraries/src/stm32f4xx_tim.c ****   /* Set the IC4PSC value */
2178:./Libraries/src/stm32f4xx_tim.c ****   TIMx->CCMR2 |= (uint16_t)(TIM_ICPSC << 8);
2179:./Libraries/src/stm32f4xx_tim.c **** }
2180:./Libraries/src/stm32f4xx_tim.c **** /**
2181:./Libraries/src/stm32f4xx_tim.c ****   * @}
2182:./Libraries/src/stm32f4xx_tim.c ****   */
2183:./Libraries/src/stm32f4xx_tim.c **** 
2184:./Libraries/src/stm32f4xx_tim.c **** /** @defgroup TIM_Group4 Advanced-control timers (TIM1 and TIM8) specific features
2185:./Libraries/src/stm32f4xx_tim.c ****  *  @brief   Advanced-control timers (TIM1 and TIM8) specific features
2186:./Libraries/src/stm32f4xx_tim.c ****  *
2187:./Libraries/src/stm32f4xx_tim.c **** @verbatim   
2188:./Libraries/src/stm32f4xx_tim.c ****  ===============================================================================
2189:./Libraries/src/stm32f4xx_tim.c ****       ##### Advanced-control timers (TIM1 and TIM8) specific features #####
2190:./Libraries/src/stm32f4xx_tim.c ****  ===============================================================================  
2191:./Libraries/src/stm32f4xx_tim.c ****         
2192:./Libraries/src/stm32f4xx_tim.c ****              ##### TIM Driver: how to use the Break feature #####
2193:./Libraries/src/stm32f4xx_tim.c ****  ===============================================================================
2194:./Libraries/src/stm32f4xx_tim.c ****     [..] 
2195:./Libraries/src/stm32f4xx_tim.c ****     After configuring the Timer channel(s) in the appropriate Output Compare mode: 
2196:./Libraries/src/stm32f4xx_tim.c ****                          
ARM GAS  /tmp/cc0EAqnP.s 			page 40


2197:./Libraries/src/stm32f4xx_tim.c ****       (#) Fill the TIM_BDTRInitStruct with the desired parameters for the Timer
2198:./Libraries/src/stm32f4xx_tim.c ****           Break Polarity, dead time, Lock level, the OSSI/OSSR State and the 
2199:./Libraries/src/stm32f4xx_tim.c ****           AOE(automatic output enable).
2200:./Libraries/src/stm32f4xx_tim.c ****                
2201:./Libraries/src/stm32f4xx_tim.c ****       (#) Call TIM_BDTRConfig(TIMx, &TIM_BDTRInitStruct) to configure the Timer
2202:./Libraries/src/stm32f4xx_tim.c ****           
2203:./Libraries/src/stm32f4xx_tim.c ****       (#) Enable the Main Output using TIM_CtrlPWMOutputs(TIM1, ENABLE) 
2204:./Libraries/src/stm32f4xx_tim.c ****           
2205:./Libraries/src/stm32f4xx_tim.c ****       (#) Once the break even occurs, the Timer's output signals are put in reset
2206:./Libraries/src/stm32f4xx_tim.c ****           state or in a known state (according to the configuration made in
2207:./Libraries/src/stm32f4xx_tim.c ****           TIM_BDTRConfig() function).
2208:./Libraries/src/stm32f4xx_tim.c **** 
2209:./Libraries/src/stm32f4xx_tim.c **** @endverbatim
2210:./Libraries/src/stm32f4xx_tim.c ****   * @{
2211:./Libraries/src/stm32f4xx_tim.c ****   */
2212:./Libraries/src/stm32f4xx_tim.c **** 
2213:./Libraries/src/stm32f4xx_tim.c **** /**
2214:./Libraries/src/stm32f4xx_tim.c ****   * @brief  Configures the Break feature, dead time, Lock level, OSSI/OSSR State
2215:./Libraries/src/stm32f4xx_tim.c ****   *         and the AOE(automatic output enable).
2216:./Libraries/src/stm32f4xx_tim.c ****   * @param  TIMx: where x can be  1 or 8 to select the TIM 
2217:./Libraries/src/stm32f4xx_tim.c ****   * @param  TIM_BDTRInitStruct: pointer to a TIM_BDTRInitTypeDef structure that
2218:./Libraries/src/stm32f4xx_tim.c ****   *         contains the BDTR Register configuration  information for the TIM peripheral.
2219:./Libraries/src/stm32f4xx_tim.c ****   * @retval None
2220:./Libraries/src/stm32f4xx_tim.c ****   */
2221:./Libraries/src/stm32f4xx_tim.c **** void TIM_BDTRConfig(TIM_TypeDef* TIMx, TIM_BDTRInitTypeDef *TIM_BDTRInitStruct)
2222:./Libraries/src/stm32f4xx_tim.c **** {
2223:./Libraries/src/stm32f4xx_tim.c ****   /* Check the parameters */
2224:./Libraries/src/stm32f4xx_tim.c ****   assert_param(IS_TIM_LIST4_PERIPH(TIMx));
2225:./Libraries/src/stm32f4xx_tim.c ****   assert_param(IS_TIM_OSSR_STATE(TIM_BDTRInitStruct->TIM_OSSRState));
2226:./Libraries/src/stm32f4xx_tim.c ****   assert_param(IS_TIM_OSSI_STATE(TIM_BDTRInitStruct->TIM_OSSIState));
2227:./Libraries/src/stm32f4xx_tim.c ****   assert_param(IS_TIM_LOCK_LEVEL(TIM_BDTRInitStruct->TIM_LOCKLevel));
2228:./Libraries/src/stm32f4xx_tim.c ****   assert_param(IS_TIM_BREAK_STATE(TIM_BDTRInitStruct->TIM_Break));
2229:./Libraries/src/stm32f4xx_tim.c ****   assert_param(IS_TIM_BREAK_POLARITY(TIM_BDTRInitStruct->TIM_BreakPolarity));
2230:./Libraries/src/stm32f4xx_tim.c ****   assert_param(IS_TIM_AUTOMATIC_OUTPUT_STATE(TIM_BDTRInitStruct->TIM_AutomaticOutput));
2231:./Libraries/src/stm32f4xx_tim.c **** 
2232:./Libraries/src/stm32f4xx_tim.c ****   /* Set the Lock level, the Break enable Bit and the Polarity, the OSSR State,
2233:./Libraries/src/stm32f4xx_tim.c ****      the OSSI State, the dead time value and the Automatic Output Enable Bit */
2234:./Libraries/src/stm32f4xx_tim.c ****   TIMx->BDTR = (uint32_t)TIM_BDTRInitStruct->TIM_OSSRState | TIM_BDTRInitStruct->TIM_OSSIState |
2235:./Libraries/src/stm32f4xx_tim.c ****              TIM_BDTRInitStruct->TIM_LOCKLevel | TIM_BDTRInitStruct->TIM_DeadTime |
2236:./Libraries/src/stm32f4xx_tim.c ****              TIM_BDTRInitStruct->TIM_Break | TIM_BDTRInitStruct->TIM_BreakPolarity |
2237:./Libraries/src/stm32f4xx_tim.c ****              TIM_BDTRInitStruct->TIM_AutomaticOutput;
2238:./Libraries/src/stm32f4xx_tim.c **** }
2239:./Libraries/src/stm32f4xx_tim.c **** 
2240:./Libraries/src/stm32f4xx_tim.c **** /**
2241:./Libraries/src/stm32f4xx_tim.c ****   * @brief  Fills each TIM_BDTRInitStruct member with its default value.
2242:./Libraries/src/stm32f4xx_tim.c ****   * @param  TIM_BDTRInitStruct: pointer to a TIM_BDTRInitTypeDef structure which
2243:./Libraries/src/stm32f4xx_tim.c ****   *         will be initialized.
2244:./Libraries/src/stm32f4xx_tim.c ****   * @retval None
2245:./Libraries/src/stm32f4xx_tim.c ****   */
2246:./Libraries/src/stm32f4xx_tim.c **** void TIM_BDTRStructInit(TIM_BDTRInitTypeDef* TIM_BDTRInitStruct)
2247:./Libraries/src/stm32f4xx_tim.c **** {
2248:./Libraries/src/stm32f4xx_tim.c ****   /* Set the default configuration */
2249:./Libraries/src/stm32f4xx_tim.c ****   TIM_BDTRInitStruct->TIM_OSSRState = TIM_OSSRState_Disable;
2250:./Libraries/src/stm32f4xx_tim.c ****   TIM_BDTRInitStruct->TIM_OSSIState = TIM_OSSIState_Disable;
2251:./Libraries/src/stm32f4xx_tim.c ****   TIM_BDTRInitStruct->TIM_LOCKLevel = TIM_LOCKLevel_OFF;
2252:./Libraries/src/stm32f4xx_tim.c ****   TIM_BDTRInitStruct->TIM_DeadTime = 0x00;
2253:./Libraries/src/stm32f4xx_tim.c ****   TIM_BDTRInitStruct->TIM_Break = TIM_Break_Disable;
ARM GAS  /tmp/cc0EAqnP.s 			page 41


2254:./Libraries/src/stm32f4xx_tim.c ****   TIM_BDTRInitStruct->TIM_BreakPolarity = TIM_BreakPolarity_Low;
2255:./Libraries/src/stm32f4xx_tim.c ****   TIM_BDTRInitStruct->TIM_AutomaticOutput = TIM_AutomaticOutput_Disable;
2256:./Libraries/src/stm32f4xx_tim.c **** }
2257:./Libraries/src/stm32f4xx_tim.c **** 
2258:./Libraries/src/stm32f4xx_tim.c **** /**
2259:./Libraries/src/stm32f4xx_tim.c ****   * @brief  Enables or disables the TIM peripheral Main Outputs.
2260:./Libraries/src/stm32f4xx_tim.c ****   * @param  TIMx: where x can be 1 or 8 to select the TIMx peripheral.
2261:./Libraries/src/stm32f4xx_tim.c ****   * @param  NewState: new state of the TIM peripheral Main Outputs.
2262:./Libraries/src/stm32f4xx_tim.c ****   *          This parameter can be: ENABLE or DISABLE.
2263:./Libraries/src/stm32f4xx_tim.c ****   * @retval None
2264:./Libraries/src/stm32f4xx_tim.c ****   */
2265:./Libraries/src/stm32f4xx_tim.c **** void TIM_CtrlPWMOutputs(TIM_TypeDef* TIMx, FunctionalState NewState)
2266:./Libraries/src/stm32f4xx_tim.c **** {
2267:./Libraries/src/stm32f4xx_tim.c ****   /* Check the parameters */
2268:./Libraries/src/stm32f4xx_tim.c ****   assert_param(IS_TIM_LIST4_PERIPH(TIMx));
2269:./Libraries/src/stm32f4xx_tim.c ****   assert_param(IS_FUNCTIONAL_STATE(NewState));
2270:./Libraries/src/stm32f4xx_tim.c **** 
2271:./Libraries/src/stm32f4xx_tim.c ****   if (NewState != DISABLE)
2272:./Libraries/src/stm32f4xx_tim.c ****   {
2273:./Libraries/src/stm32f4xx_tim.c ****     /* Enable the TIM Main Output */
2274:./Libraries/src/stm32f4xx_tim.c ****     TIMx->BDTR |= TIM_BDTR_MOE;
2275:./Libraries/src/stm32f4xx_tim.c ****   }
2276:./Libraries/src/stm32f4xx_tim.c ****   else
2277:./Libraries/src/stm32f4xx_tim.c ****   {
2278:./Libraries/src/stm32f4xx_tim.c ****     /* Disable the TIM Main Output */
2279:./Libraries/src/stm32f4xx_tim.c ****     TIMx->BDTR &= (uint16_t)~TIM_BDTR_MOE;
2280:./Libraries/src/stm32f4xx_tim.c ****   }  
2281:./Libraries/src/stm32f4xx_tim.c **** }
2282:./Libraries/src/stm32f4xx_tim.c **** 
2283:./Libraries/src/stm32f4xx_tim.c **** /**
2284:./Libraries/src/stm32f4xx_tim.c ****   * @brief  Selects the TIM peripheral Commutation event.
2285:./Libraries/src/stm32f4xx_tim.c ****   * @param  TIMx: where x can be  1 or 8 to select the TIMx peripheral
2286:./Libraries/src/stm32f4xx_tim.c ****   * @param  NewState: new state of the Commutation event.
2287:./Libraries/src/stm32f4xx_tim.c ****   *          This parameter can be: ENABLE or DISABLE.
2288:./Libraries/src/stm32f4xx_tim.c ****   * @retval None
2289:./Libraries/src/stm32f4xx_tim.c ****   */
2290:./Libraries/src/stm32f4xx_tim.c **** void TIM_SelectCOM(TIM_TypeDef* TIMx, FunctionalState NewState)
2291:./Libraries/src/stm32f4xx_tim.c **** {
2292:./Libraries/src/stm32f4xx_tim.c ****   /* Check the parameters */
2293:./Libraries/src/stm32f4xx_tim.c ****   assert_param(IS_TIM_LIST4_PERIPH(TIMx));
2294:./Libraries/src/stm32f4xx_tim.c ****   assert_param(IS_FUNCTIONAL_STATE(NewState));
2295:./Libraries/src/stm32f4xx_tim.c **** 
2296:./Libraries/src/stm32f4xx_tim.c ****   if (NewState != DISABLE)
2297:./Libraries/src/stm32f4xx_tim.c ****   {
2298:./Libraries/src/stm32f4xx_tim.c ****     /* Set the COM Bit */
2299:./Libraries/src/stm32f4xx_tim.c ****     TIMx->CR2 |= TIM_CR2_CCUS;
2300:./Libraries/src/stm32f4xx_tim.c ****   }
2301:./Libraries/src/stm32f4xx_tim.c ****   else
2302:./Libraries/src/stm32f4xx_tim.c ****   {
2303:./Libraries/src/stm32f4xx_tim.c ****     /* Reset the COM Bit */
2304:./Libraries/src/stm32f4xx_tim.c ****     TIMx->CR2 &= (uint16_t)~TIM_CR2_CCUS;
2305:./Libraries/src/stm32f4xx_tim.c ****   }
2306:./Libraries/src/stm32f4xx_tim.c **** }
2307:./Libraries/src/stm32f4xx_tim.c **** 
2308:./Libraries/src/stm32f4xx_tim.c **** /**
2309:./Libraries/src/stm32f4xx_tim.c ****   * @brief  Sets or Resets the TIM peripheral Capture Compare Preload Control bit.
2310:./Libraries/src/stm32f4xx_tim.c ****   * @param  TIMx: where x can be  1 or 8 to select the TIMx peripheral
ARM GAS  /tmp/cc0EAqnP.s 			page 42


2311:./Libraries/src/stm32f4xx_tim.c ****   * @param  NewState: new state of the Capture Compare Preload Control bit
2312:./Libraries/src/stm32f4xx_tim.c ****   *          This parameter can be: ENABLE or DISABLE.
2313:./Libraries/src/stm32f4xx_tim.c ****   * @retval None
2314:./Libraries/src/stm32f4xx_tim.c ****   */
2315:./Libraries/src/stm32f4xx_tim.c **** void TIM_CCPreloadControl(TIM_TypeDef* TIMx, FunctionalState NewState)
2316:./Libraries/src/stm32f4xx_tim.c **** { 
2317:./Libraries/src/stm32f4xx_tim.c ****   /* Check the parameters */
2318:./Libraries/src/stm32f4xx_tim.c ****   assert_param(IS_TIM_LIST4_PERIPH(TIMx));
2319:./Libraries/src/stm32f4xx_tim.c ****   assert_param(IS_FUNCTIONAL_STATE(NewState));
2320:./Libraries/src/stm32f4xx_tim.c ****   if (NewState != DISABLE)
2321:./Libraries/src/stm32f4xx_tim.c ****   {
2322:./Libraries/src/stm32f4xx_tim.c ****     /* Set the CCPC Bit */
2323:./Libraries/src/stm32f4xx_tim.c ****     TIMx->CR2 |= TIM_CR2_CCPC;
2324:./Libraries/src/stm32f4xx_tim.c ****   }
2325:./Libraries/src/stm32f4xx_tim.c ****   else
2326:./Libraries/src/stm32f4xx_tim.c ****   {
2327:./Libraries/src/stm32f4xx_tim.c ****     /* Reset the CCPC Bit */
2328:./Libraries/src/stm32f4xx_tim.c ****     TIMx->CR2 &= (uint16_t)~TIM_CR2_CCPC;
2329:./Libraries/src/stm32f4xx_tim.c ****   }
2330:./Libraries/src/stm32f4xx_tim.c **** }
2331:./Libraries/src/stm32f4xx_tim.c **** /**
2332:./Libraries/src/stm32f4xx_tim.c ****   * @}
2333:./Libraries/src/stm32f4xx_tim.c ****   */
2334:./Libraries/src/stm32f4xx_tim.c **** 
2335:./Libraries/src/stm32f4xx_tim.c **** /** @defgroup TIM_Group5 Interrupts DMA and flags management functions
2336:./Libraries/src/stm32f4xx_tim.c ****  *  @brief    Interrupts, DMA and flags management functions 
2337:./Libraries/src/stm32f4xx_tim.c ****  *
2338:./Libraries/src/stm32f4xx_tim.c **** @verbatim   
2339:./Libraries/src/stm32f4xx_tim.c ****  ===============================================================================
2340:./Libraries/src/stm32f4xx_tim.c ****           ##### Interrupts, DMA and flags management functions #####
2341:./Libraries/src/stm32f4xx_tim.c ****  ===============================================================================  
2342:./Libraries/src/stm32f4xx_tim.c **** 
2343:./Libraries/src/stm32f4xx_tim.c **** @endverbatim
2344:./Libraries/src/stm32f4xx_tim.c ****   * @{
2345:./Libraries/src/stm32f4xx_tim.c ****   */
2346:./Libraries/src/stm32f4xx_tim.c **** 
2347:./Libraries/src/stm32f4xx_tim.c **** /**
2348:./Libraries/src/stm32f4xx_tim.c ****   * @brief  Enables or disables the specified TIM interrupts.
2349:./Libraries/src/stm32f4xx_tim.c ****   * @param  TIMx: where x can be 1 to 14 to select the TIMx peripheral.
2350:./Libraries/src/stm32f4xx_tim.c ****   * @param  TIM_IT: specifies the TIM interrupts sources to be enabled or disabled.
2351:./Libraries/src/stm32f4xx_tim.c ****   *          This parameter can be any combination of the following values:
2352:./Libraries/src/stm32f4xx_tim.c ****   *            @arg TIM_IT_Update: TIM update Interrupt source
2353:./Libraries/src/stm32f4xx_tim.c ****   *            @arg TIM_IT_CC1: TIM Capture Compare 1 Interrupt source
2354:./Libraries/src/stm32f4xx_tim.c ****   *            @arg TIM_IT_CC2: TIM Capture Compare 2 Interrupt source
2355:./Libraries/src/stm32f4xx_tim.c ****   *            @arg TIM_IT_CC3: TIM Capture Compare 3 Interrupt source
2356:./Libraries/src/stm32f4xx_tim.c ****   *            @arg TIM_IT_CC4: TIM Capture Compare 4 Interrupt source
2357:./Libraries/src/stm32f4xx_tim.c ****   *            @arg TIM_IT_COM: TIM Commutation Interrupt source
2358:./Libraries/src/stm32f4xx_tim.c ****   *            @arg TIM_IT_Trigger: TIM Trigger Interrupt source
2359:./Libraries/src/stm32f4xx_tim.c ****   *            @arg TIM_IT_Break: TIM Break Interrupt source
2360:./Libraries/src/stm32f4xx_tim.c ****   *  
2361:./Libraries/src/stm32f4xx_tim.c ****   * @note   For TIM6 and TIM7 only the parameter TIM_IT_Update can be used
2362:./Libraries/src/stm32f4xx_tim.c ****   * @note   For TIM9 and TIM12 only one of the following parameters can be used: TIM_IT_Update,
2363:./Libraries/src/stm32f4xx_tim.c ****   *          TIM_IT_CC1, TIM_IT_CC2 or TIM_IT_Trigger. 
2364:./Libraries/src/stm32f4xx_tim.c ****   * @note   For TIM10, TIM11, TIM13 and TIM14 only one of the following parameters can
2365:./Libraries/src/stm32f4xx_tim.c ****   *          be used: TIM_IT_Update or TIM_IT_CC1   
2366:./Libraries/src/stm32f4xx_tim.c ****   * @note   TIM_IT_COM and TIM_IT_Break can be used only with TIM1 and TIM8 
2367:./Libraries/src/stm32f4xx_tim.c ****   *        
ARM GAS  /tmp/cc0EAqnP.s 			page 43


2368:./Libraries/src/stm32f4xx_tim.c ****   * @param  NewState: new state of the TIM interrupts.
2369:./Libraries/src/stm32f4xx_tim.c ****   *          This parameter can be: ENABLE or DISABLE.
2370:./Libraries/src/stm32f4xx_tim.c ****   * @retval None
2371:./Libraries/src/stm32f4xx_tim.c ****   */
2372:./Libraries/src/stm32f4xx_tim.c **** void TIM_ITConfig(TIM_TypeDef* TIMx, uint16_t TIM_IT, FunctionalState NewState)
2373:./Libraries/src/stm32f4xx_tim.c **** {  
2374:./Libraries/src/stm32f4xx_tim.c ****   /* Check the parameters */
2375:./Libraries/src/stm32f4xx_tim.c ****   assert_param(IS_TIM_ALL_PERIPH(TIMx));
2376:./Libraries/src/stm32f4xx_tim.c ****   assert_param(IS_TIM_IT(TIM_IT));
2377:./Libraries/src/stm32f4xx_tim.c ****   assert_param(IS_FUNCTIONAL_STATE(NewState));
2378:./Libraries/src/stm32f4xx_tim.c ****   
2379:./Libraries/src/stm32f4xx_tim.c ****   if (NewState != DISABLE)
2380:./Libraries/src/stm32f4xx_tim.c ****   {
2381:./Libraries/src/stm32f4xx_tim.c ****     /* Enable the Interrupt sources */
2382:./Libraries/src/stm32f4xx_tim.c ****     TIMx->DIER |= TIM_IT;
2383:./Libraries/src/stm32f4xx_tim.c ****   }
2384:./Libraries/src/stm32f4xx_tim.c ****   else
2385:./Libraries/src/stm32f4xx_tim.c ****   {
2386:./Libraries/src/stm32f4xx_tim.c ****     /* Disable the Interrupt sources */
2387:./Libraries/src/stm32f4xx_tim.c ****     TIMx->DIER &= (uint16_t)~TIM_IT;
2388:./Libraries/src/stm32f4xx_tim.c ****   }
2389:./Libraries/src/stm32f4xx_tim.c **** }
2390:./Libraries/src/stm32f4xx_tim.c **** 
2391:./Libraries/src/stm32f4xx_tim.c **** /**
2392:./Libraries/src/stm32f4xx_tim.c ****   * @brief  Configures the TIMx event to be generate by software.
2393:./Libraries/src/stm32f4xx_tim.c ****   * @param  TIMx: where x can be 1 to 14 to select the TIM peripheral.
2394:./Libraries/src/stm32f4xx_tim.c ****   * @param  TIM_EventSource: specifies the event source.
2395:./Libraries/src/stm32f4xx_tim.c ****   *          This parameter can be one or more of the following values:	   
2396:./Libraries/src/stm32f4xx_tim.c ****   *            @arg TIM_EventSource_Update: Timer update Event source
2397:./Libraries/src/stm32f4xx_tim.c ****   *            @arg TIM_EventSource_CC1: Timer Capture Compare 1 Event source
2398:./Libraries/src/stm32f4xx_tim.c ****   *            @arg TIM_EventSource_CC2: Timer Capture Compare 2 Event source
2399:./Libraries/src/stm32f4xx_tim.c ****   *            @arg TIM_EventSource_CC3: Timer Capture Compare 3 Event source
2400:./Libraries/src/stm32f4xx_tim.c ****   *            @arg TIM_EventSource_CC4: Timer Capture Compare 4 Event source
2401:./Libraries/src/stm32f4xx_tim.c ****   *            @arg TIM_EventSource_COM: Timer COM event source  
2402:./Libraries/src/stm32f4xx_tim.c ****   *            @arg TIM_EventSource_Trigger: Timer Trigger Event source
2403:./Libraries/src/stm32f4xx_tim.c ****   *            @arg TIM_EventSource_Break: Timer Break event source
2404:./Libraries/src/stm32f4xx_tim.c ****   * 
2405:./Libraries/src/stm32f4xx_tim.c ****   * @note   TIM6 and TIM7 can only generate an update event. 
2406:./Libraries/src/stm32f4xx_tim.c ****   * @note   TIM_EventSource_COM and TIM_EventSource_Break are used only with TIM1 and TIM8.
2407:./Libraries/src/stm32f4xx_tim.c ****   *        
2408:./Libraries/src/stm32f4xx_tim.c ****   * @retval None
2409:./Libraries/src/stm32f4xx_tim.c ****   */
2410:./Libraries/src/stm32f4xx_tim.c **** void TIM_GenerateEvent(TIM_TypeDef* TIMx, uint16_t TIM_EventSource)
2411:./Libraries/src/stm32f4xx_tim.c **** { 
2412:./Libraries/src/stm32f4xx_tim.c ****   /* Check the parameters */
2413:./Libraries/src/stm32f4xx_tim.c ****   assert_param(IS_TIM_ALL_PERIPH(TIMx));
2414:./Libraries/src/stm32f4xx_tim.c ****   assert_param(IS_TIM_EVENT_SOURCE(TIM_EventSource));
2415:./Libraries/src/stm32f4xx_tim.c ****  
2416:./Libraries/src/stm32f4xx_tim.c ****   /* Set the event sources */
2417:./Libraries/src/stm32f4xx_tim.c ****   TIMx->EGR = TIM_EventSource;
2418:./Libraries/src/stm32f4xx_tim.c **** }
2419:./Libraries/src/stm32f4xx_tim.c **** 
2420:./Libraries/src/stm32f4xx_tim.c **** /**
2421:./Libraries/src/stm32f4xx_tim.c ****   * @brief  Checks whether the specified TIM flag is set or not.
2422:./Libraries/src/stm32f4xx_tim.c ****   * @param  TIMx: where x can be 1 to 14 to select the TIM peripheral.
2423:./Libraries/src/stm32f4xx_tim.c ****   * @param  TIM_FLAG: specifies the flag to check.
2424:./Libraries/src/stm32f4xx_tim.c ****   *          This parameter can be one of the following values:
ARM GAS  /tmp/cc0EAqnP.s 			page 44


2425:./Libraries/src/stm32f4xx_tim.c ****   *            @arg TIM_FLAG_Update: TIM update Flag
2426:./Libraries/src/stm32f4xx_tim.c ****   *            @arg TIM_FLAG_CC1: TIM Capture Compare 1 Flag
2427:./Libraries/src/stm32f4xx_tim.c ****   *            @arg TIM_FLAG_CC2: TIM Capture Compare 2 Flag
2428:./Libraries/src/stm32f4xx_tim.c ****   *            @arg TIM_FLAG_CC3: TIM Capture Compare 3 Flag
2429:./Libraries/src/stm32f4xx_tim.c ****   *            @arg TIM_FLAG_CC4: TIM Capture Compare 4 Flag
2430:./Libraries/src/stm32f4xx_tim.c ****   *            @arg TIM_FLAG_COM: TIM Commutation Flag
2431:./Libraries/src/stm32f4xx_tim.c ****   *            @arg TIM_FLAG_Trigger: TIM Trigger Flag
2432:./Libraries/src/stm32f4xx_tim.c ****   *            @arg TIM_FLAG_Break: TIM Break Flag
2433:./Libraries/src/stm32f4xx_tim.c ****   *            @arg TIM_FLAG_CC1OF: TIM Capture Compare 1 over capture Flag
2434:./Libraries/src/stm32f4xx_tim.c ****   *            @arg TIM_FLAG_CC2OF: TIM Capture Compare 2 over capture Flag
2435:./Libraries/src/stm32f4xx_tim.c ****   *            @arg TIM_FLAG_CC3OF: TIM Capture Compare 3 over capture Flag
2436:./Libraries/src/stm32f4xx_tim.c ****   *            @arg TIM_FLAG_CC4OF: TIM Capture Compare 4 over capture Flag
2437:./Libraries/src/stm32f4xx_tim.c ****   *
2438:./Libraries/src/stm32f4xx_tim.c ****   * @note   TIM6 and TIM7 can have only one update flag. 
2439:./Libraries/src/stm32f4xx_tim.c ****   * @note   TIM_FLAG_COM and TIM_FLAG_Break are used only with TIM1 and TIM8.    
2440:./Libraries/src/stm32f4xx_tim.c ****   *
2441:./Libraries/src/stm32f4xx_tim.c ****   * @retval The new state of TIM_FLAG (SET or RESET).
2442:./Libraries/src/stm32f4xx_tim.c ****   */
2443:./Libraries/src/stm32f4xx_tim.c **** FlagStatus TIM_GetFlagStatus(TIM_TypeDef* TIMx, uint16_t TIM_FLAG)
2444:./Libraries/src/stm32f4xx_tim.c **** { 
2445:./Libraries/src/stm32f4xx_tim.c ****   ITStatus bitstatus = RESET;  
2446:./Libraries/src/stm32f4xx_tim.c ****   /* Check the parameters */
2447:./Libraries/src/stm32f4xx_tim.c ****   assert_param(IS_TIM_ALL_PERIPH(TIMx));
2448:./Libraries/src/stm32f4xx_tim.c ****   assert_param(IS_TIM_GET_FLAG(TIM_FLAG));
2449:./Libraries/src/stm32f4xx_tim.c **** 
2450:./Libraries/src/stm32f4xx_tim.c ****   
2451:./Libraries/src/stm32f4xx_tim.c ****   if ((TIMx->SR & TIM_FLAG) != (uint16_t)RESET)
2452:./Libraries/src/stm32f4xx_tim.c ****   {
2453:./Libraries/src/stm32f4xx_tim.c ****     bitstatus = SET;
2454:./Libraries/src/stm32f4xx_tim.c ****   }
2455:./Libraries/src/stm32f4xx_tim.c ****   else
2456:./Libraries/src/stm32f4xx_tim.c ****   {
2457:./Libraries/src/stm32f4xx_tim.c ****     bitstatus = RESET;
2458:./Libraries/src/stm32f4xx_tim.c ****   }
2459:./Libraries/src/stm32f4xx_tim.c ****   return bitstatus;
2460:./Libraries/src/stm32f4xx_tim.c **** }
2461:./Libraries/src/stm32f4xx_tim.c **** 
2462:./Libraries/src/stm32f4xx_tim.c **** /**
2463:./Libraries/src/stm32f4xx_tim.c ****   * @brief  Clears the TIMx's pending flags.
2464:./Libraries/src/stm32f4xx_tim.c ****   * @param  TIMx: where x can be 1 to 14 to select the TIM peripheral.
2465:./Libraries/src/stm32f4xx_tim.c ****   * @param  TIM_FLAG: specifies the flag bit to clear.
2466:./Libraries/src/stm32f4xx_tim.c ****   *          This parameter can be any combination of the following values:
2467:./Libraries/src/stm32f4xx_tim.c ****   *            @arg TIM_FLAG_Update: TIM update Flag
2468:./Libraries/src/stm32f4xx_tim.c ****   *            @arg TIM_FLAG_CC1: TIM Capture Compare 1 Flag
2469:./Libraries/src/stm32f4xx_tim.c ****   *            @arg TIM_FLAG_CC2: TIM Capture Compare 2 Flag
2470:./Libraries/src/stm32f4xx_tim.c ****   *            @arg TIM_FLAG_CC3: TIM Capture Compare 3 Flag
2471:./Libraries/src/stm32f4xx_tim.c ****   *            @arg TIM_FLAG_CC4: TIM Capture Compare 4 Flag
2472:./Libraries/src/stm32f4xx_tim.c ****   *            @arg TIM_FLAG_COM: TIM Commutation Flag
2473:./Libraries/src/stm32f4xx_tim.c ****   *            @arg TIM_FLAG_Trigger: TIM Trigger Flag
2474:./Libraries/src/stm32f4xx_tim.c ****   *            @arg TIM_FLAG_Break: TIM Break Flag
2475:./Libraries/src/stm32f4xx_tim.c ****   *            @arg TIM_FLAG_CC1OF: TIM Capture Compare 1 over capture Flag
2476:./Libraries/src/stm32f4xx_tim.c ****   *            @arg TIM_FLAG_CC2OF: TIM Capture Compare 2 over capture Flag
2477:./Libraries/src/stm32f4xx_tim.c ****   *            @arg TIM_FLAG_CC3OF: TIM Capture Compare 3 over capture Flag
2478:./Libraries/src/stm32f4xx_tim.c ****   *            @arg TIM_FLAG_CC4OF: TIM Capture Compare 4 over capture Flag
2479:./Libraries/src/stm32f4xx_tim.c ****   *
2480:./Libraries/src/stm32f4xx_tim.c ****   * @note   TIM6 and TIM7 can have only one update flag. 
2481:./Libraries/src/stm32f4xx_tim.c ****   * @note   TIM_FLAG_COM and TIM_FLAG_Break are used only with TIM1 and TIM8.
ARM GAS  /tmp/cc0EAqnP.s 			page 45


2482:./Libraries/src/stm32f4xx_tim.c ****   *    
2483:./Libraries/src/stm32f4xx_tim.c ****   * @retval None
2484:./Libraries/src/stm32f4xx_tim.c ****   */
2485:./Libraries/src/stm32f4xx_tim.c **** void TIM_ClearFlag(TIM_TypeDef* TIMx, uint16_t TIM_FLAG)
2486:./Libraries/src/stm32f4xx_tim.c **** {  
2487:./Libraries/src/stm32f4xx_tim.c ****   /* Check the parameters */
2488:./Libraries/src/stm32f4xx_tim.c ****   assert_param(IS_TIM_ALL_PERIPH(TIMx));
2489:./Libraries/src/stm32f4xx_tim.c ****    
2490:./Libraries/src/stm32f4xx_tim.c ****   /* Clear the flags */
2491:./Libraries/src/stm32f4xx_tim.c ****   TIMx->SR = (uint16_t)~TIM_FLAG;
2492:./Libraries/src/stm32f4xx_tim.c **** }
2493:./Libraries/src/stm32f4xx_tim.c **** 
2494:./Libraries/src/stm32f4xx_tim.c **** /**
2495:./Libraries/src/stm32f4xx_tim.c ****   * @brief  Checks whether the TIM interrupt has occurred or not.
2496:./Libraries/src/stm32f4xx_tim.c ****   * @param  TIMx: where x can be 1 to 14 to select the TIM peripheral.
2497:./Libraries/src/stm32f4xx_tim.c ****   * @param  TIM_IT: specifies the TIM interrupt source to check.
2498:./Libraries/src/stm32f4xx_tim.c ****   *          This parameter can be one of the following values:
2499:./Libraries/src/stm32f4xx_tim.c ****   *            @arg TIM_IT_Update: TIM update Interrupt source
2500:./Libraries/src/stm32f4xx_tim.c ****   *            @arg TIM_IT_CC1: TIM Capture Compare 1 Interrupt source
2501:./Libraries/src/stm32f4xx_tim.c ****   *            @arg TIM_IT_CC2: TIM Capture Compare 2 Interrupt source
2502:./Libraries/src/stm32f4xx_tim.c ****   *            @arg TIM_IT_CC3: TIM Capture Compare 3 Interrupt source
2503:./Libraries/src/stm32f4xx_tim.c ****   *            @arg TIM_IT_CC4: TIM Capture Compare 4 Interrupt source
2504:./Libraries/src/stm32f4xx_tim.c ****   *            @arg TIM_IT_COM: TIM Commutation Interrupt source
2505:./Libraries/src/stm32f4xx_tim.c ****   *            @arg TIM_IT_Trigger: TIM Trigger Interrupt source
2506:./Libraries/src/stm32f4xx_tim.c ****   *            @arg TIM_IT_Break: TIM Break Interrupt source
2507:./Libraries/src/stm32f4xx_tim.c ****   *
2508:./Libraries/src/stm32f4xx_tim.c ****   * @note   TIM6 and TIM7 can generate only an update interrupt.
2509:./Libraries/src/stm32f4xx_tim.c ****   * @note   TIM_IT_COM and TIM_IT_Break are used only with TIM1 and TIM8.
2510:./Libraries/src/stm32f4xx_tim.c ****   *     
2511:./Libraries/src/stm32f4xx_tim.c ****   * @retval The new state of the TIM_IT(SET or RESET).
2512:./Libraries/src/stm32f4xx_tim.c ****   */
2513:./Libraries/src/stm32f4xx_tim.c **** ITStatus TIM_GetITStatus(TIM_TypeDef* TIMx, uint16_t TIM_IT)
2514:./Libraries/src/stm32f4xx_tim.c **** {
2515:./Libraries/src/stm32f4xx_tim.c ****   ITStatus bitstatus = RESET;  
2516:./Libraries/src/stm32f4xx_tim.c ****   uint16_t itstatus = 0x0, itenable = 0x0;
2517:./Libraries/src/stm32f4xx_tim.c ****   /* Check the parameters */
2518:./Libraries/src/stm32f4xx_tim.c ****   assert_param(IS_TIM_ALL_PERIPH(TIMx));
2519:./Libraries/src/stm32f4xx_tim.c ****   assert_param(IS_TIM_GET_IT(TIM_IT));
2520:./Libraries/src/stm32f4xx_tim.c ****    
2521:./Libraries/src/stm32f4xx_tim.c ****   itstatus = TIMx->SR & TIM_IT;
2522:./Libraries/src/stm32f4xx_tim.c ****   
2523:./Libraries/src/stm32f4xx_tim.c ****   itenable = TIMx->DIER & TIM_IT;
2524:./Libraries/src/stm32f4xx_tim.c ****   if ((itstatus != (uint16_t)RESET) && (itenable != (uint16_t)RESET))
2525:./Libraries/src/stm32f4xx_tim.c ****   {
2526:./Libraries/src/stm32f4xx_tim.c ****     bitstatus = SET;
2527:./Libraries/src/stm32f4xx_tim.c ****   }
2528:./Libraries/src/stm32f4xx_tim.c ****   else
2529:./Libraries/src/stm32f4xx_tim.c ****   {
2530:./Libraries/src/stm32f4xx_tim.c ****     bitstatus = RESET;
2531:./Libraries/src/stm32f4xx_tim.c ****   }
2532:./Libraries/src/stm32f4xx_tim.c ****   return bitstatus;
2533:./Libraries/src/stm32f4xx_tim.c **** }
2534:./Libraries/src/stm32f4xx_tim.c **** 
2535:./Libraries/src/stm32f4xx_tim.c **** /**
2536:./Libraries/src/stm32f4xx_tim.c ****   * @brief  Clears the TIMx's interrupt pending bits.
2537:./Libraries/src/stm32f4xx_tim.c ****   * @param  TIMx: where x can be 1 to 14 to select the TIM peripheral.
2538:./Libraries/src/stm32f4xx_tim.c ****   * @param  TIM_IT: specifies the pending bit to clear.
ARM GAS  /tmp/cc0EAqnP.s 			page 46


2539:./Libraries/src/stm32f4xx_tim.c ****   *          This parameter can be any combination of the following values:
2540:./Libraries/src/stm32f4xx_tim.c ****   *            @arg TIM_IT_Update: TIM1 update Interrupt source
2541:./Libraries/src/stm32f4xx_tim.c ****   *            @arg TIM_IT_CC1: TIM Capture Compare 1 Interrupt source
2542:./Libraries/src/stm32f4xx_tim.c ****   *            @arg TIM_IT_CC2: TIM Capture Compare 2 Interrupt source
2543:./Libraries/src/stm32f4xx_tim.c ****   *            @arg TIM_IT_CC3: TIM Capture Compare 3 Interrupt source
2544:./Libraries/src/stm32f4xx_tim.c ****   *            @arg TIM_IT_CC4: TIM Capture Compare 4 Interrupt source
2545:./Libraries/src/stm32f4xx_tim.c ****   *            @arg TIM_IT_COM: TIM Commutation Interrupt source
2546:./Libraries/src/stm32f4xx_tim.c ****   *            @arg TIM_IT_Trigger: TIM Trigger Interrupt source
2547:./Libraries/src/stm32f4xx_tim.c ****   *            @arg TIM_IT_Break: TIM Break Interrupt source
2548:./Libraries/src/stm32f4xx_tim.c ****   *
2549:./Libraries/src/stm32f4xx_tim.c ****   * @note   TIM6 and TIM7 can generate only an update interrupt.
2550:./Libraries/src/stm32f4xx_tim.c ****   * @note   TIM_IT_COM and TIM_IT_Break are used only with TIM1 and TIM8.
2551:./Libraries/src/stm32f4xx_tim.c ****   *      
2552:./Libraries/src/stm32f4xx_tim.c ****   * @retval None
2553:./Libraries/src/stm32f4xx_tim.c ****   */
2554:./Libraries/src/stm32f4xx_tim.c **** void TIM_ClearITPendingBit(TIM_TypeDef* TIMx, uint16_t TIM_IT)
2555:./Libraries/src/stm32f4xx_tim.c **** {
2556:./Libraries/src/stm32f4xx_tim.c ****   /* Check the parameters */
2557:./Libraries/src/stm32f4xx_tim.c ****   assert_param(IS_TIM_ALL_PERIPH(TIMx));
2558:./Libraries/src/stm32f4xx_tim.c **** 
2559:./Libraries/src/stm32f4xx_tim.c ****   /* Clear the IT pending Bit */
2560:./Libraries/src/stm32f4xx_tim.c ****   TIMx->SR = (uint16_t)~TIM_IT;
2561:./Libraries/src/stm32f4xx_tim.c **** }
2562:./Libraries/src/stm32f4xx_tim.c **** 
2563:./Libraries/src/stm32f4xx_tim.c **** /**
2564:./Libraries/src/stm32f4xx_tim.c ****   * @brief  Configures the TIMx's DMA interface.
2565:./Libraries/src/stm32f4xx_tim.c ****   * @param  TIMx: where x can be 1, 2, 3, 4, 5 or 8 to select the TIM peripheral.
2566:./Libraries/src/stm32f4xx_tim.c ****   * @param  TIM_DMABase: DMA Base address.
2567:./Libraries/src/stm32f4xx_tim.c ****   *          This parameter can be one of the following values:
2568:./Libraries/src/stm32f4xx_tim.c ****   *            @arg TIM_DMABase_CR1  
2569:./Libraries/src/stm32f4xx_tim.c ****   *            @arg TIM_DMABase_CR2
2570:./Libraries/src/stm32f4xx_tim.c ****   *            @arg TIM_DMABase_SMCR
2571:./Libraries/src/stm32f4xx_tim.c ****   *            @arg TIM_DMABase_DIER
2572:./Libraries/src/stm32f4xx_tim.c ****   *            @arg TIM1_DMABase_SR
2573:./Libraries/src/stm32f4xx_tim.c ****   *            @arg TIM_DMABase_EGR
2574:./Libraries/src/stm32f4xx_tim.c ****   *            @arg TIM_DMABase_CCMR1
2575:./Libraries/src/stm32f4xx_tim.c ****   *            @arg TIM_DMABase_CCMR2
2576:./Libraries/src/stm32f4xx_tim.c ****   *            @arg TIM_DMABase_CCER
2577:./Libraries/src/stm32f4xx_tim.c ****   *            @arg TIM_DMABase_CNT   
2578:./Libraries/src/stm32f4xx_tim.c ****   *            @arg TIM_DMABase_PSC   
2579:./Libraries/src/stm32f4xx_tim.c ****   *            @arg TIM_DMABase_ARR
2580:./Libraries/src/stm32f4xx_tim.c ****   *            @arg TIM_DMABase_RCR
2581:./Libraries/src/stm32f4xx_tim.c ****   *            @arg TIM_DMABase_CCR1
2582:./Libraries/src/stm32f4xx_tim.c ****   *            @arg TIM_DMABase_CCR2
2583:./Libraries/src/stm32f4xx_tim.c ****   *            @arg TIM_DMABase_CCR3  
2584:./Libraries/src/stm32f4xx_tim.c ****   *            @arg TIM_DMABase_CCR4
2585:./Libraries/src/stm32f4xx_tim.c ****   *            @arg TIM_DMABase_BDTR
2586:./Libraries/src/stm32f4xx_tim.c ****   *            @arg TIM_DMABase_DCR
2587:./Libraries/src/stm32f4xx_tim.c ****   * @param  TIM_DMABurstLength: DMA Burst length. This parameter can be one value
2588:./Libraries/src/stm32f4xx_tim.c ****   *         between: TIM_DMABurstLength_1Transfer and TIM_DMABurstLength_18Transfers.
2589:./Libraries/src/stm32f4xx_tim.c ****   * @retval None
2590:./Libraries/src/stm32f4xx_tim.c ****   */
2591:./Libraries/src/stm32f4xx_tim.c **** void TIM_DMAConfig(TIM_TypeDef* TIMx, uint16_t TIM_DMABase, uint16_t TIM_DMABurstLength)
2592:./Libraries/src/stm32f4xx_tim.c **** {
2593:./Libraries/src/stm32f4xx_tim.c ****   /* Check the parameters */
2594:./Libraries/src/stm32f4xx_tim.c ****   assert_param(IS_TIM_LIST3_PERIPH(TIMx));
2595:./Libraries/src/stm32f4xx_tim.c ****   assert_param(IS_TIM_DMA_BASE(TIM_DMABase)); 
ARM GAS  /tmp/cc0EAqnP.s 			page 47


2596:./Libraries/src/stm32f4xx_tim.c ****   assert_param(IS_TIM_DMA_LENGTH(TIM_DMABurstLength));
2597:./Libraries/src/stm32f4xx_tim.c **** 
2598:./Libraries/src/stm32f4xx_tim.c ****   /* Set the DMA Base and the DMA Burst Length */
2599:./Libraries/src/stm32f4xx_tim.c ****   TIMx->DCR = TIM_DMABase | TIM_DMABurstLength;
2600:./Libraries/src/stm32f4xx_tim.c **** }
2601:./Libraries/src/stm32f4xx_tim.c **** 
2602:./Libraries/src/stm32f4xx_tim.c **** /**
2603:./Libraries/src/stm32f4xx_tim.c ****   * @brief  Enables or disables the TIMx's DMA Requests.
2604:./Libraries/src/stm32f4xx_tim.c ****   * @param  TIMx: where x can be 1, 2, 3, 4, 5, 6, 7 or 8 to select the TIM peripheral.
2605:./Libraries/src/stm32f4xx_tim.c ****   * @param  TIM_DMASource: specifies the DMA Request sources.
2606:./Libraries/src/stm32f4xx_tim.c ****   *          This parameter can be any combination of the following values:
2607:./Libraries/src/stm32f4xx_tim.c ****   *            @arg TIM_DMA_Update: TIM update Interrupt source
2608:./Libraries/src/stm32f4xx_tim.c ****   *            @arg TIM_DMA_CC1: TIM Capture Compare 1 DMA source
2609:./Libraries/src/stm32f4xx_tim.c ****   *            @arg TIM_DMA_CC2: TIM Capture Compare 2 DMA source
2610:./Libraries/src/stm32f4xx_tim.c ****   *            @arg TIM_DMA_CC3: TIM Capture Compare 3 DMA source
2611:./Libraries/src/stm32f4xx_tim.c ****   *            @arg TIM_DMA_CC4: TIM Capture Compare 4 DMA source
2612:./Libraries/src/stm32f4xx_tim.c ****   *            @arg TIM_DMA_COM: TIM Commutation DMA source
2613:./Libraries/src/stm32f4xx_tim.c ****   *            @arg TIM_DMA_Trigger: TIM Trigger DMA source
2614:./Libraries/src/stm32f4xx_tim.c ****   * @param  NewState: new state of the DMA Request sources.
2615:./Libraries/src/stm32f4xx_tim.c ****   *          This parameter can be: ENABLE or DISABLE.
2616:./Libraries/src/stm32f4xx_tim.c ****   * @retval None
2617:./Libraries/src/stm32f4xx_tim.c ****   */
2618:./Libraries/src/stm32f4xx_tim.c **** void TIM_DMACmd(TIM_TypeDef* TIMx, uint16_t TIM_DMASource, FunctionalState NewState)
2619:./Libraries/src/stm32f4xx_tim.c **** { 
2620:./Libraries/src/stm32f4xx_tim.c ****   /* Check the parameters */
2621:./Libraries/src/stm32f4xx_tim.c ****   assert_param(IS_TIM_LIST5_PERIPH(TIMx)); 
2622:./Libraries/src/stm32f4xx_tim.c ****   assert_param(IS_TIM_DMA_SOURCE(TIM_DMASource));
2623:./Libraries/src/stm32f4xx_tim.c ****   assert_param(IS_FUNCTIONAL_STATE(NewState));
2624:./Libraries/src/stm32f4xx_tim.c ****   
2625:./Libraries/src/stm32f4xx_tim.c ****   if (NewState != DISABLE)
2626:./Libraries/src/stm32f4xx_tim.c ****   {
2627:./Libraries/src/stm32f4xx_tim.c ****     /* Enable the DMA sources */
2628:./Libraries/src/stm32f4xx_tim.c ****     TIMx->DIER |= TIM_DMASource; 
2629:./Libraries/src/stm32f4xx_tim.c ****   }
2630:./Libraries/src/stm32f4xx_tim.c ****   else
2631:./Libraries/src/stm32f4xx_tim.c ****   {
2632:./Libraries/src/stm32f4xx_tim.c ****     /* Disable the DMA sources */
2633:./Libraries/src/stm32f4xx_tim.c ****     TIMx->DIER &= (uint16_t)~TIM_DMASource;
2634:./Libraries/src/stm32f4xx_tim.c ****   }
2635:./Libraries/src/stm32f4xx_tim.c **** }
2636:./Libraries/src/stm32f4xx_tim.c **** 
2637:./Libraries/src/stm32f4xx_tim.c **** /**
2638:./Libraries/src/stm32f4xx_tim.c ****   * @brief  Selects the TIMx peripheral Capture Compare DMA source.
2639:./Libraries/src/stm32f4xx_tim.c ****   * @param  TIMx: where x can be  1, 2, 3, 4, 5 or 8 to select the TIM peripheral.
2640:./Libraries/src/stm32f4xx_tim.c ****   * @param  NewState: new state of the Capture Compare DMA source
2641:./Libraries/src/stm32f4xx_tim.c ****   *          This parameter can be: ENABLE or DISABLE.
2642:./Libraries/src/stm32f4xx_tim.c ****   * @retval None
2643:./Libraries/src/stm32f4xx_tim.c ****   */
2644:./Libraries/src/stm32f4xx_tim.c **** void TIM_SelectCCDMA(TIM_TypeDef* TIMx, FunctionalState NewState)
2645:./Libraries/src/stm32f4xx_tim.c **** {
2646:./Libraries/src/stm32f4xx_tim.c ****   /* Check the parameters */
2647:./Libraries/src/stm32f4xx_tim.c ****   assert_param(IS_TIM_LIST3_PERIPH(TIMx));
2648:./Libraries/src/stm32f4xx_tim.c ****   assert_param(IS_FUNCTIONAL_STATE(NewState));
2649:./Libraries/src/stm32f4xx_tim.c **** 
2650:./Libraries/src/stm32f4xx_tim.c ****   if (NewState != DISABLE)
2651:./Libraries/src/stm32f4xx_tim.c ****   {
2652:./Libraries/src/stm32f4xx_tim.c ****     /* Set the CCDS Bit */
ARM GAS  /tmp/cc0EAqnP.s 			page 48


2653:./Libraries/src/stm32f4xx_tim.c ****     TIMx->CR2 |= TIM_CR2_CCDS;
2654:./Libraries/src/stm32f4xx_tim.c ****   }
2655:./Libraries/src/stm32f4xx_tim.c ****   else
2656:./Libraries/src/stm32f4xx_tim.c ****   {
2657:./Libraries/src/stm32f4xx_tim.c ****     /* Reset the CCDS Bit */
2658:./Libraries/src/stm32f4xx_tim.c ****     TIMx->CR2 &= (uint16_t)~TIM_CR2_CCDS;
2659:./Libraries/src/stm32f4xx_tim.c ****   }
2660:./Libraries/src/stm32f4xx_tim.c **** }
2661:./Libraries/src/stm32f4xx_tim.c **** /**
2662:./Libraries/src/stm32f4xx_tim.c ****   * @}
2663:./Libraries/src/stm32f4xx_tim.c ****   */
2664:./Libraries/src/stm32f4xx_tim.c **** 
2665:./Libraries/src/stm32f4xx_tim.c **** /** @defgroup TIM_Group6 Clocks management functions
2666:./Libraries/src/stm32f4xx_tim.c ****  *  @brief    Clocks management functions
2667:./Libraries/src/stm32f4xx_tim.c ****  *
2668:./Libraries/src/stm32f4xx_tim.c **** @verbatim   
2669:./Libraries/src/stm32f4xx_tim.c ****  ===============================================================================
2670:./Libraries/src/stm32f4xx_tim.c ****                   ##### Clocks management functions #####
2671:./Libraries/src/stm32f4xx_tim.c ****  ===============================================================================  
2672:./Libraries/src/stm32f4xx_tim.c **** 
2673:./Libraries/src/stm32f4xx_tim.c **** @endverbatim
2674:./Libraries/src/stm32f4xx_tim.c ****   * @{
2675:./Libraries/src/stm32f4xx_tim.c ****   */
2676:./Libraries/src/stm32f4xx_tim.c **** 
2677:./Libraries/src/stm32f4xx_tim.c **** /**
2678:./Libraries/src/stm32f4xx_tim.c ****   * @brief  Configures the TIMx internal Clock
2679:./Libraries/src/stm32f4xx_tim.c ****   * @param  TIMx: where x can be 1, 2, 3, 4, 5, 8, 9 or 12 to select the TIM 
2680:./Libraries/src/stm32f4xx_tim.c ****   *         peripheral.
2681:./Libraries/src/stm32f4xx_tim.c ****   * @retval None
2682:./Libraries/src/stm32f4xx_tim.c ****   */
2683:./Libraries/src/stm32f4xx_tim.c **** void TIM_InternalClockConfig(TIM_TypeDef* TIMx)
2684:./Libraries/src/stm32f4xx_tim.c **** {
2685:./Libraries/src/stm32f4xx_tim.c ****   /* Check the parameters */
2686:./Libraries/src/stm32f4xx_tim.c ****   assert_param(IS_TIM_LIST2_PERIPH(TIMx));
2687:./Libraries/src/stm32f4xx_tim.c **** 
2688:./Libraries/src/stm32f4xx_tim.c ****   /* Disable slave mode to clock the prescaler directly with the internal clock */
2689:./Libraries/src/stm32f4xx_tim.c ****   TIMx->SMCR &=  (uint16_t)~TIM_SMCR_SMS;
2690:./Libraries/src/stm32f4xx_tim.c **** }
2691:./Libraries/src/stm32f4xx_tim.c **** 
2692:./Libraries/src/stm32f4xx_tim.c **** /**
2693:./Libraries/src/stm32f4xx_tim.c ****   * @brief  Configures the TIMx Internal Trigger as External Clock
2694:./Libraries/src/stm32f4xx_tim.c ****   * @param  TIMx: where x can be 1, 2, 3, 4, 5, 8, 9 or 12 to select the TIM 
2695:./Libraries/src/stm32f4xx_tim.c ****   *         peripheral.
2696:./Libraries/src/stm32f4xx_tim.c ****   * @param  TIM_InputTriggerSource: Trigger source.
2697:./Libraries/src/stm32f4xx_tim.c ****   *          This parameter can be one of the following values:
2698:./Libraries/src/stm32f4xx_tim.c ****   *            @arg TIM_TS_ITR0: Internal Trigger 0
2699:./Libraries/src/stm32f4xx_tim.c ****   *            @arg TIM_TS_ITR1: Internal Trigger 1
2700:./Libraries/src/stm32f4xx_tim.c ****   *            @arg TIM_TS_ITR2: Internal Trigger 2
2701:./Libraries/src/stm32f4xx_tim.c ****   *            @arg TIM_TS_ITR3: Internal Trigger 3
2702:./Libraries/src/stm32f4xx_tim.c ****   * @retval None
2703:./Libraries/src/stm32f4xx_tim.c ****   */
2704:./Libraries/src/stm32f4xx_tim.c **** void TIM_ITRxExternalClockConfig(TIM_TypeDef* TIMx, uint16_t TIM_InputTriggerSource)
2705:./Libraries/src/stm32f4xx_tim.c **** {
2706:./Libraries/src/stm32f4xx_tim.c ****   /* Check the parameters */
2707:./Libraries/src/stm32f4xx_tim.c ****   assert_param(IS_TIM_LIST2_PERIPH(TIMx));
2708:./Libraries/src/stm32f4xx_tim.c ****   assert_param(IS_TIM_INTERNAL_TRIGGER_SELECTION(TIM_InputTriggerSource));
2709:./Libraries/src/stm32f4xx_tim.c **** 
ARM GAS  /tmp/cc0EAqnP.s 			page 49


2710:./Libraries/src/stm32f4xx_tim.c ****   /* Select the Internal Trigger */
2711:./Libraries/src/stm32f4xx_tim.c ****   TIM_SelectInputTrigger(TIMx, TIM_InputTriggerSource);
2712:./Libraries/src/stm32f4xx_tim.c **** 
2713:./Libraries/src/stm32f4xx_tim.c ****   /* Select the External clock mode1 */
2714:./Libraries/src/stm32f4xx_tim.c ****   TIMx->SMCR |= TIM_SlaveMode_External1;
2715:./Libraries/src/stm32f4xx_tim.c **** }
2716:./Libraries/src/stm32f4xx_tim.c **** 
2717:./Libraries/src/stm32f4xx_tim.c **** /**
2718:./Libraries/src/stm32f4xx_tim.c ****   * @brief  Configures the TIMx Trigger as External Clock
2719:./Libraries/src/stm32f4xx_tim.c ****   * @param  TIMx: where x can be 1, 2, 3, 4, 5, 8, 9, 10, 11, 12, 13 or 14  
2720:./Libraries/src/stm32f4xx_tim.c ****   *         to select the TIM peripheral.
2721:./Libraries/src/stm32f4xx_tim.c ****   * @param  TIM_TIxExternalCLKSource: Trigger source.
2722:./Libraries/src/stm32f4xx_tim.c ****   *          This parameter can be one of the following values:
2723:./Libraries/src/stm32f4xx_tim.c ****   *            @arg TIM_TIxExternalCLK1Source_TI1ED: TI1 Edge Detector
2724:./Libraries/src/stm32f4xx_tim.c ****   *            @arg TIM_TIxExternalCLK1Source_TI1: Filtered Timer Input 1
2725:./Libraries/src/stm32f4xx_tim.c ****   *            @arg TIM_TIxExternalCLK1Source_TI2: Filtered Timer Input 2
2726:./Libraries/src/stm32f4xx_tim.c ****   * @param  TIM_ICPolarity: specifies the TIx Polarity.
2727:./Libraries/src/stm32f4xx_tim.c ****   *          This parameter can be one of the following values:
2728:./Libraries/src/stm32f4xx_tim.c ****   *            @arg TIM_ICPolarity_Rising
2729:./Libraries/src/stm32f4xx_tim.c ****   *            @arg TIM_ICPolarity_Falling
2730:./Libraries/src/stm32f4xx_tim.c ****   * @param  ICFilter: specifies the filter value.
2731:./Libraries/src/stm32f4xx_tim.c ****   *          This parameter must be a value between 0x0 and 0xF.
2732:./Libraries/src/stm32f4xx_tim.c ****   * @retval None
2733:./Libraries/src/stm32f4xx_tim.c ****   */
2734:./Libraries/src/stm32f4xx_tim.c **** void TIM_TIxExternalClockConfig(TIM_TypeDef* TIMx, uint16_t TIM_TIxExternalCLKSource,
2735:./Libraries/src/stm32f4xx_tim.c ****                                 uint16_t TIM_ICPolarity, uint16_t ICFilter)
2736:./Libraries/src/stm32f4xx_tim.c **** {
2737:./Libraries/src/stm32f4xx_tim.c ****   /* Check the parameters */
2738:./Libraries/src/stm32f4xx_tim.c ****   assert_param(IS_TIM_LIST1_PERIPH(TIMx));
2739:./Libraries/src/stm32f4xx_tim.c ****   assert_param(IS_TIM_IC_POLARITY(TIM_ICPolarity));
2740:./Libraries/src/stm32f4xx_tim.c ****   assert_param(IS_TIM_IC_FILTER(ICFilter));
2741:./Libraries/src/stm32f4xx_tim.c **** 
2742:./Libraries/src/stm32f4xx_tim.c ****   /* Configure the Timer Input Clock Source */
2743:./Libraries/src/stm32f4xx_tim.c ****   if (TIM_TIxExternalCLKSource == TIM_TIxExternalCLK1Source_TI2)
2744:./Libraries/src/stm32f4xx_tim.c ****   {
2745:./Libraries/src/stm32f4xx_tim.c ****     TI2_Config(TIMx, TIM_ICPolarity, TIM_ICSelection_DirectTI, ICFilter);
2746:./Libraries/src/stm32f4xx_tim.c ****   }
2747:./Libraries/src/stm32f4xx_tim.c ****   else
2748:./Libraries/src/stm32f4xx_tim.c ****   {
2749:./Libraries/src/stm32f4xx_tim.c ****     TI1_Config(TIMx, TIM_ICPolarity, TIM_ICSelection_DirectTI, ICFilter);
2750:./Libraries/src/stm32f4xx_tim.c ****   }
2751:./Libraries/src/stm32f4xx_tim.c ****   /* Select the Trigger source */
2752:./Libraries/src/stm32f4xx_tim.c ****   TIM_SelectInputTrigger(TIMx, TIM_TIxExternalCLKSource);
2753:./Libraries/src/stm32f4xx_tim.c ****   /* Select the External clock mode1 */
2754:./Libraries/src/stm32f4xx_tim.c ****   TIMx->SMCR |= TIM_SlaveMode_External1;
2755:./Libraries/src/stm32f4xx_tim.c **** }
2756:./Libraries/src/stm32f4xx_tim.c **** 
2757:./Libraries/src/stm32f4xx_tim.c **** /**
2758:./Libraries/src/stm32f4xx_tim.c ****   * @brief  Configures the External clock Mode1
2759:./Libraries/src/stm32f4xx_tim.c ****   * @param  TIMx: where x can be  1, 2, 3, 4, 5 or 8 to select the TIM peripheral.
2760:./Libraries/src/stm32f4xx_tim.c ****   * @param  TIM_ExtTRGPrescaler: The external Trigger Prescaler.
2761:./Libraries/src/stm32f4xx_tim.c ****   *          This parameter can be one of the following values:
2762:./Libraries/src/stm32f4xx_tim.c ****   *            @arg TIM_ExtTRGPSC_OFF: ETRP Prescaler OFF.
2763:./Libraries/src/stm32f4xx_tim.c ****   *            @arg TIM_ExtTRGPSC_DIV2: ETRP frequency divided by 2.
2764:./Libraries/src/stm32f4xx_tim.c ****   *            @arg TIM_ExtTRGPSC_DIV4: ETRP frequency divided by 4.
2765:./Libraries/src/stm32f4xx_tim.c ****   *            @arg TIM_ExtTRGPSC_DIV8: ETRP frequency divided by 8.
2766:./Libraries/src/stm32f4xx_tim.c ****   * @param  TIM_ExtTRGPolarity: The external Trigger Polarity.
ARM GAS  /tmp/cc0EAqnP.s 			page 50


2767:./Libraries/src/stm32f4xx_tim.c ****   *          This parameter can be one of the following values:
2768:./Libraries/src/stm32f4xx_tim.c ****   *            @arg TIM_ExtTRGPolarity_Inverted: active low or falling edge active.
2769:./Libraries/src/stm32f4xx_tim.c ****   *            @arg TIM_ExtTRGPolarity_NonInverted: active high or rising edge active.
2770:./Libraries/src/stm32f4xx_tim.c ****   * @param  ExtTRGFilter: External Trigger Filter.
2771:./Libraries/src/stm32f4xx_tim.c ****   *          This parameter must be a value between 0x00 and 0x0F
2772:./Libraries/src/stm32f4xx_tim.c ****   * @retval None
2773:./Libraries/src/stm32f4xx_tim.c ****   */
2774:./Libraries/src/stm32f4xx_tim.c **** void TIM_ETRClockMode1Config(TIM_TypeDef* TIMx, uint16_t TIM_ExtTRGPrescaler,
2775:./Libraries/src/stm32f4xx_tim.c ****                             uint16_t TIM_ExtTRGPolarity, uint16_t ExtTRGFilter)
2776:./Libraries/src/stm32f4xx_tim.c **** {
2777:./Libraries/src/stm32f4xx_tim.c ****   uint16_t tmpsmcr = 0;
2778:./Libraries/src/stm32f4xx_tim.c **** 
2779:./Libraries/src/stm32f4xx_tim.c ****   /* Check the parameters */
2780:./Libraries/src/stm32f4xx_tim.c ****   assert_param(IS_TIM_LIST3_PERIPH(TIMx));
2781:./Libraries/src/stm32f4xx_tim.c ****   assert_param(IS_TIM_EXT_PRESCALER(TIM_ExtTRGPrescaler));
2782:./Libraries/src/stm32f4xx_tim.c ****   assert_param(IS_TIM_EXT_POLARITY(TIM_ExtTRGPolarity));
2783:./Libraries/src/stm32f4xx_tim.c ****   assert_param(IS_TIM_EXT_FILTER(ExtTRGFilter));
2784:./Libraries/src/stm32f4xx_tim.c ****   /* Configure the ETR Clock source */
2785:./Libraries/src/stm32f4xx_tim.c ****   TIM_ETRConfig(TIMx, TIM_ExtTRGPrescaler, TIM_ExtTRGPolarity, ExtTRGFilter);
2786:./Libraries/src/stm32f4xx_tim.c ****   
2787:./Libraries/src/stm32f4xx_tim.c ****   /* Get the TIMx SMCR register value */
2788:./Libraries/src/stm32f4xx_tim.c ****   tmpsmcr = TIMx->SMCR;
2789:./Libraries/src/stm32f4xx_tim.c **** 
2790:./Libraries/src/stm32f4xx_tim.c ****   /* Reset the SMS Bits */
2791:./Libraries/src/stm32f4xx_tim.c ****   tmpsmcr &= (uint16_t)~TIM_SMCR_SMS;
2792:./Libraries/src/stm32f4xx_tim.c **** 
2793:./Libraries/src/stm32f4xx_tim.c ****   /* Select the External clock mode1 */
2794:./Libraries/src/stm32f4xx_tim.c ****   tmpsmcr |= TIM_SlaveMode_External1;
2795:./Libraries/src/stm32f4xx_tim.c **** 
2796:./Libraries/src/stm32f4xx_tim.c ****   /* Select the Trigger selection : ETRF */
2797:./Libraries/src/stm32f4xx_tim.c ****   tmpsmcr &= (uint16_t)~TIM_SMCR_TS;
2798:./Libraries/src/stm32f4xx_tim.c ****   tmpsmcr |= TIM_TS_ETRF;
2799:./Libraries/src/stm32f4xx_tim.c **** 
2800:./Libraries/src/stm32f4xx_tim.c ****   /* Write to TIMx SMCR */
2801:./Libraries/src/stm32f4xx_tim.c ****   TIMx->SMCR = tmpsmcr;
2802:./Libraries/src/stm32f4xx_tim.c **** }
2803:./Libraries/src/stm32f4xx_tim.c **** 
2804:./Libraries/src/stm32f4xx_tim.c **** /**
2805:./Libraries/src/stm32f4xx_tim.c ****   * @brief  Configures the External clock Mode2
2806:./Libraries/src/stm32f4xx_tim.c ****   * @param  TIMx: where x can be  1, 2, 3, 4, 5 or 8 to select the TIM peripheral.
2807:./Libraries/src/stm32f4xx_tim.c ****   * @param  TIM_ExtTRGPrescaler: The external Trigger Prescaler.
2808:./Libraries/src/stm32f4xx_tim.c ****   *          This parameter can be one of the following values:
2809:./Libraries/src/stm32f4xx_tim.c ****   *            @arg TIM_ExtTRGPSC_OFF: ETRP Prescaler OFF.
2810:./Libraries/src/stm32f4xx_tim.c ****   *            @arg TIM_ExtTRGPSC_DIV2: ETRP frequency divided by 2.
2811:./Libraries/src/stm32f4xx_tim.c ****   *            @arg TIM_ExtTRGPSC_DIV4: ETRP frequency divided by 4.
2812:./Libraries/src/stm32f4xx_tim.c ****   *            @arg TIM_ExtTRGPSC_DIV8: ETRP frequency divided by 8.
2813:./Libraries/src/stm32f4xx_tim.c ****   * @param  TIM_ExtTRGPolarity: The external Trigger Polarity.
2814:./Libraries/src/stm32f4xx_tim.c ****   *          This parameter can be one of the following values:
2815:./Libraries/src/stm32f4xx_tim.c ****   *            @arg TIM_ExtTRGPolarity_Inverted: active low or falling edge active.
2816:./Libraries/src/stm32f4xx_tim.c ****   *            @arg TIM_ExtTRGPolarity_NonInverted: active high or rising edge active.
2817:./Libraries/src/stm32f4xx_tim.c ****   * @param  ExtTRGFilter: External Trigger Filter.
2818:./Libraries/src/stm32f4xx_tim.c ****   *          This parameter must be a value between 0x00 and 0x0F
2819:./Libraries/src/stm32f4xx_tim.c ****   * @retval None
2820:./Libraries/src/stm32f4xx_tim.c ****   */
2821:./Libraries/src/stm32f4xx_tim.c **** void TIM_ETRClockMode2Config(TIM_TypeDef* TIMx, uint16_t TIM_ExtTRGPrescaler, 
2822:./Libraries/src/stm32f4xx_tim.c ****                              uint16_t TIM_ExtTRGPolarity, uint16_t ExtTRGFilter)
2823:./Libraries/src/stm32f4xx_tim.c **** {
ARM GAS  /tmp/cc0EAqnP.s 			page 51


2824:./Libraries/src/stm32f4xx_tim.c ****   /* Check the parameters */
2825:./Libraries/src/stm32f4xx_tim.c ****   assert_param(IS_TIM_LIST3_PERIPH(TIMx));
2826:./Libraries/src/stm32f4xx_tim.c ****   assert_param(IS_TIM_EXT_PRESCALER(TIM_ExtTRGPrescaler));
2827:./Libraries/src/stm32f4xx_tim.c ****   assert_param(IS_TIM_EXT_POLARITY(TIM_ExtTRGPolarity));
2828:./Libraries/src/stm32f4xx_tim.c ****   assert_param(IS_TIM_EXT_FILTER(ExtTRGFilter));
2829:./Libraries/src/stm32f4xx_tim.c **** 
2830:./Libraries/src/stm32f4xx_tim.c ****   /* Configure the ETR Clock source */
2831:./Libraries/src/stm32f4xx_tim.c ****   TIM_ETRConfig(TIMx, TIM_ExtTRGPrescaler, TIM_ExtTRGPolarity, ExtTRGFilter);
2832:./Libraries/src/stm32f4xx_tim.c **** 
2833:./Libraries/src/stm32f4xx_tim.c ****   /* Enable the External clock mode2 */
2834:./Libraries/src/stm32f4xx_tim.c ****   TIMx->SMCR |= TIM_SMCR_ECE;
2835:./Libraries/src/stm32f4xx_tim.c **** }
2836:./Libraries/src/stm32f4xx_tim.c **** /**
2837:./Libraries/src/stm32f4xx_tim.c ****   * @}
2838:./Libraries/src/stm32f4xx_tim.c ****   */
2839:./Libraries/src/stm32f4xx_tim.c **** 
2840:./Libraries/src/stm32f4xx_tim.c **** /** @defgroup TIM_Group7 Synchronization management functions
2841:./Libraries/src/stm32f4xx_tim.c ****  *  @brief    Synchronization management functions 
2842:./Libraries/src/stm32f4xx_tim.c ****  *
2843:./Libraries/src/stm32f4xx_tim.c **** @verbatim   
2844:./Libraries/src/stm32f4xx_tim.c ****  ===============================================================================
2845:./Libraries/src/stm32f4xx_tim.c ****                 ##### Synchronization management functions #####
2846:./Libraries/src/stm32f4xx_tim.c ****  ===============================================================================  
2847:./Libraries/src/stm32f4xx_tim.c ****                          
2848:./Libraries/src/stm32f4xx_tim.c ****           ##### TIM Driver: how to use it in synchronization Mode #####
2849:./Libraries/src/stm32f4xx_tim.c ****  ===============================================================================
2850:./Libraries/src/stm32f4xx_tim.c ****     [..] 
2851:./Libraries/src/stm32f4xx_tim.c ****     
2852:./Libraries/src/stm32f4xx_tim.c ****     *** Case of two/several Timers ***
2853:./Libraries/src/stm32f4xx_tim.c ****     ==================================
2854:./Libraries/src/stm32f4xx_tim.c ****     [..]
2855:./Libraries/src/stm32f4xx_tim.c ****       (#) Configure the Master Timers using the following functions:
2856:./Libraries/src/stm32f4xx_tim.c ****         (++) void TIM_SelectOutputTrigger(TIM_TypeDef* TIMx, uint16_t TIM_TRGOSource); 
2857:./Libraries/src/stm32f4xx_tim.c ****         (++) void TIM_SelectMasterSlaveMode(TIM_TypeDef* TIMx, uint16_t TIM_MasterSlaveMode);  
2858:./Libraries/src/stm32f4xx_tim.c ****       (#) Configure the Slave Timers using the following functions: 
2859:./Libraries/src/stm32f4xx_tim.c ****         (++) void TIM_SelectInputTrigger(TIM_TypeDef* TIMx, uint16_t TIM_InputTriggerSource);  
2860:./Libraries/src/stm32f4xx_tim.c ****         (++) void TIM_SelectSlaveMode(TIM_TypeDef* TIMx, uint16_t TIM_SlaveMode); 
2861:./Libraries/src/stm32f4xx_tim.c ****           
2862:./Libraries/src/stm32f4xx_tim.c ****     *** Case of Timers and external trigger(ETR pin) ***
2863:./Libraries/src/stm32f4xx_tim.c ****     ====================================================
2864:./Libraries/src/stm32f4xx_tim.c ****     [..]           
2865:./Libraries/src/stm32f4xx_tim.c ****       (#) Configure the External trigger using this function:
2866:./Libraries/src/stm32f4xx_tim.c ****         (++) void TIM_ETRConfig(TIM_TypeDef* TIMx, uint16_t TIM_ExtTRGPrescaler, uint16_t TIM_ExtTR
2867:./Libraries/src/stm32f4xx_tim.c ****                                uint16_t ExtTRGFilter);
2868:./Libraries/src/stm32f4xx_tim.c ****       (#) Configure the Slave Timers using the following functions: 
2869:./Libraries/src/stm32f4xx_tim.c ****         (++) void TIM_SelectInputTrigger(TIM_TypeDef* TIMx, uint16_t TIM_InputTriggerSource);  
2870:./Libraries/src/stm32f4xx_tim.c ****         (++) void TIM_SelectSlaveMode(TIM_TypeDef* TIMx, uint16_t TIM_SlaveMode); 
2871:./Libraries/src/stm32f4xx_tim.c **** 
2872:./Libraries/src/stm32f4xx_tim.c **** @endverbatim
2873:./Libraries/src/stm32f4xx_tim.c ****   * @{
2874:./Libraries/src/stm32f4xx_tim.c ****   */
2875:./Libraries/src/stm32f4xx_tim.c **** 
2876:./Libraries/src/stm32f4xx_tim.c **** /**
2877:./Libraries/src/stm32f4xx_tim.c ****   * @brief  Selects the Input Trigger source
2878:./Libraries/src/stm32f4xx_tim.c ****   * @param  TIMx: where x can be  1, 2, 3, 4, 5, 8, 9, 10, 11, 12, 13 or 14  
2879:./Libraries/src/stm32f4xx_tim.c ****   *         to select the TIM peripheral.
2880:./Libraries/src/stm32f4xx_tim.c ****   * @param  TIM_InputTriggerSource: The Input Trigger source.
ARM GAS  /tmp/cc0EAqnP.s 			page 52


2881:./Libraries/src/stm32f4xx_tim.c ****   *          This parameter can be one of the following values:
2882:./Libraries/src/stm32f4xx_tim.c ****   *            @arg TIM_TS_ITR0: Internal Trigger 0
2883:./Libraries/src/stm32f4xx_tim.c ****   *            @arg TIM_TS_ITR1: Internal Trigger 1
2884:./Libraries/src/stm32f4xx_tim.c ****   *            @arg TIM_TS_ITR2: Internal Trigger 2
2885:./Libraries/src/stm32f4xx_tim.c ****   *            @arg TIM_TS_ITR3: Internal Trigger 3
2886:./Libraries/src/stm32f4xx_tim.c ****   *            @arg TIM_TS_TI1F_ED: TI1 Edge Detector
2887:./Libraries/src/stm32f4xx_tim.c ****   *            @arg TIM_TS_TI1FP1: Filtered Timer Input 1
2888:./Libraries/src/stm32f4xx_tim.c ****   *            @arg TIM_TS_TI2FP2: Filtered Timer Input 2
2889:./Libraries/src/stm32f4xx_tim.c ****   *            @arg TIM_TS_ETRF: External Trigger input
2890:./Libraries/src/stm32f4xx_tim.c ****   * @retval None
2891:./Libraries/src/stm32f4xx_tim.c ****   */
2892:./Libraries/src/stm32f4xx_tim.c **** void TIM_SelectInputTrigger(TIM_TypeDef* TIMx, uint16_t TIM_InputTriggerSource)
2893:./Libraries/src/stm32f4xx_tim.c **** {
2894:./Libraries/src/stm32f4xx_tim.c ****   uint16_t tmpsmcr = 0;
2895:./Libraries/src/stm32f4xx_tim.c **** 
2896:./Libraries/src/stm32f4xx_tim.c ****   /* Check the parameters */
2897:./Libraries/src/stm32f4xx_tim.c ****   assert_param(IS_TIM_LIST1_PERIPH(TIMx)); 
2898:./Libraries/src/stm32f4xx_tim.c ****   assert_param(IS_TIM_TRIGGER_SELECTION(TIM_InputTriggerSource));
2899:./Libraries/src/stm32f4xx_tim.c **** 
2900:./Libraries/src/stm32f4xx_tim.c ****   /* Get the TIMx SMCR register value */
2901:./Libraries/src/stm32f4xx_tim.c ****   tmpsmcr = TIMx->SMCR;
2902:./Libraries/src/stm32f4xx_tim.c **** 
2903:./Libraries/src/stm32f4xx_tim.c ****   /* Reset the TS Bits */
2904:./Libraries/src/stm32f4xx_tim.c ****   tmpsmcr &= (uint16_t)~TIM_SMCR_TS;
2905:./Libraries/src/stm32f4xx_tim.c **** 
2906:./Libraries/src/stm32f4xx_tim.c ****   /* Set the Input Trigger source */
2907:./Libraries/src/stm32f4xx_tim.c ****   tmpsmcr |= TIM_InputTriggerSource;
2908:./Libraries/src/stm32f4xx_tim.c **** 
2909:./Libraries/src/stm32f4xx_tim.c ****   /* Write to TIMx SMCR */
2910:./Libraries/src/stm32f4xx_tim.c ****   TIMx->SMCR = tmpsmcr;
2911:./Libraries/src/stm32f4xx_tim.c **** }
2912:./Libraries/src/stm32f4xx_tim.c **** 
2913:./Libraries/src/stm32f4xx_tim.c **** /**
2914:./Libraries/src/stm32f4xx_tim.c ****   * @brief  Selects the TIMx Trigger Output Mode.
2915:./Libraries/src/stm32f4xx_tim.c ****   * @param  TIMx: where x can be 1, 2, 3, 4, 5, 6, 7 or 8 to select the TIM peripheral.
2916:./Libraries/src/stm32f4xx_tim.c ****   *     
2917:./Libraries/src/stm32f4xx_tim.c ****   * @param  TIM_TRGOSource: specifies the Trigger Output source.
2918:./Libraries/src/stm32f4xx_tim.c ****   *   This parameter can be one of the following values:
2919:./Libraries/src/stm32f4xx_tim.c ****   *
2920:./Libraries/src/stm32f4xx_tim.c ****   *  - For all TIMx
2921:./Libraries/src/stm32f4xx_tim.c ****   *            @arg TIM_TRGOSource_Reset:  The UG bit in the TIM_EGR register is used as the trigge
2922:./Libraries/src/stm32f4xx_tim.c ****   *            @arg TIM_TRGOSource_Enable: The Counter Enable CEN is used as the trigger output(TRG
2923:./Libraries/src/stm32f4xx_tim.c ****   *            @arg TIM_TRGOSource_Update: The update event is selected as the trigger output(TRGO)
2924:./Libraries/src/stm32f4xx_tim.c ****   *
2925:./Libraries/src/stm32f4xx_tim.c ****   *  - For all TIMx except TIM6 and TIM7
2926:./Libraries/src/stm32f4xx_tim.c ****   *            @arg TIM_TRGOSource_OC1: The trigger output sends a positive pulse when the CC1IF fl
2927:./Libraries/src/stm32f4xx_tim.c ****   *                                     is to be set, as soon as a capture or compare match occurs(
2928:./Libraries/src/stm32f4xx_tim.c ****   *            @arg TIM_TRGOSource_OC1Ref: OC1REF signal is used as the trigger output(TRGO)
2929:./Libraries/src/stm32f4xx_tim.c ****   *            @arg TIM_TRGOSource_OC2Ref: OC2REF signal is used as the trigger output(TRGO)
2930:./Libraries/src/stm32f4xx_tim.c ****   *            @arg TIM_TRGOSource_OC3Ref: OC3REF signal is used as the trigger output(TRGO)
2931:./Libraries/src/stm32f4xx_tim.c ****   *            @arg TIM_TRGOSource_OC4Ref: OC4REF signal is used as the trigger output(TRGO)
2932:./Libraries/src/stm32f4xx_tim.c ****   *
2933:./Libraries/src/stm32f4xx_tim.c ****   * @retval None
2934:./Libraries/src/stm32f4xx_tim.c ****   */
2935:./Libraries/src/stm32f4xx_tim.c **** void TIM_SelectOutputTrigger(TIM_TypeDef* TIMx, uint16_t TIM_TRGOSource)
2936:./Libraries/src/stm32f4xx_tim.c **** {
2937:./Libraries/src/stm32f4xx_tim.c ****   /* Check the parameters */
ARM GAS  /tmp/cc0EAqnP.s 			page 53


2938:./Libraries/src/stm32f4xx_tim.c ****   assert_param(IS_TIM_LIST5_PERIPH(TIMx));
2939:./Libraries/src/stm32f4xx_tim.c ****   assert_param(IS_TIM_TRGO_SOURCE(TIM_TRGOSource));
2940:./Libraries/src/stm32f4xx_tim.c **** 
2941:./Libraries/src/stm32f4xx_tim.c ****   /* Reset the MMS Bits */
2942:./Libraries/src/stm32f4xx_tim.c ****   TIMx->CR2 &= (uint16_t)~TIM_CR2_MMS;
2943:./Libraries/src/stm32f4xx_tim.c ****   /* Select the TRGO source */
2944:./Libraries/src/stm32f4xx_tim.c ****   TIMx->CR2 |=  TIM_TRGOSource;
2945:./Libraries/src/stm32f4xx_tim.c **** }
2946:./Libraries/src/stm32f4xx_tim.c **** 
2947:./Libraries/src/stm32f4xx_tim.c **** /**
2948:./Libraries/src/stm32f4xx_tim.c ****   * @brief  Selects the TIMx Slave Mode.
2949:./Libraries/src/stm32f4xx_tim.c ****   * @param  TIMx: where x can be 1, 2, 3, 4, 5, 8, 9 or 12 to select the TIM peripheral.
2950:./Libraries/src/stm32f4xx_tim.c ****   * @param  TIM_SlaveMode: specifies the Timer Slave Mode.
2951:./Libraries/src/stm32f4xx_tim.c ****   *          This parameter can be one of the following values:
2952:./Libraries/src/stm32f4xx_tim.c ****   *            @arg TIM_SlaveMode_Reset: Rising edge of the selected trigger signal(TRGI) reinitial
2953:./Libraries/src/stm32f4xx_tim.c ****   *                                      the counter and triggers an update of the registers
2954:./Libraries/src/stm32f4xx_tim.c ****   *            @arg TIM_SlaveMode_Gated:     The counter clock is enabled when the trigger signal (
2955:./Libraries/src/stm32f4xx_tim.c ****   *            @arg TIM_SlaveMode_Trigger:   The counter starts at a rising edge of the trigger TRG
2956:./Libraries/src/stm32f4xx_tim.c ****   *            @arg TIM_SlaveMode_External1: Rising edges of the selected trigger (TRGI) clock the 
2957:./Libraries/src/stm32f4xx_tim.c ****   * @retval None
2958:./Libraries/src/stm32f4xx_tim.c ****   */
2959:./Libraries/src/stm32f4xx_tim.c **** void TIM_SelectSlaveMode(TIM_TypeDef* TIMx, uint16_t TIM_SlaveMode)
2960:./Libraries/src/stm32f4xx_tim.c **** {
2961:./Libraries/src/stm32f4xx_tim.c ****   /* Check the parameters */
2962:./Libraries/src/stm32f4xx_tim.c ****   assert_param(IS_TIM_LIST2_PERIPH(TIMx));
2963:./Libraries/src/stm32f4xx_tim.c ****   assert_param(IS_TIM_SLAVE_MODE(TIM_SlaveMode));
2964:./Libraries/src/stm32f4xx_tim.c **** 
2965:./Libraries/src/stm32f4xx_tim.c ****   /* Reset the SMS Bits */
2966:./Libraries/src/stm32f4xx_tim.c ****   TIMx->SMCR &= (uint16_t)~TIM_SMCR_SMS;
2967:./Libraries/src/stm32f4xx_tim.c **** 
2968:./Libraries/src/stm32f4xx_tim.c ****   /* Select the Slave Mode */
2969:./Libraries/src/stm32f4xx_tim.c ****   TIMx->SMCR |= TIM_SlaveMode;
2970:./Libraries/src/stm32f4xx_tim.c **** }
2971:./Libraries/src/stm32f4xx_tim.c **** 
2972:./Libraries/src/stm32f4xx_tim.c **** /**
2973:./Libraries/src/stm32f4xx_tim.c ****   * @brief  Sets or Resets the TIMx Master/Slave Mode.
2974:./Libraries/src/stm32f4xx_tim.c ****   * @param  TIMx: where x can be 1, 2, 3, 4, 5, 8, 9 or 12 to select the TIM peripheral.
2975:./Libraries/src/stm32f4xx_tim.c ****   * @param  TIM_MasterSlaveMode: specifies the Timer Master Slave Mode.
2976:./Libraries/src/stm32f4xx_tim.c ****   *          This parameter can be one of the following values:
2977:./Libraries/src/stm32f4xx_tim.c ****   *            @arg TIM_MasterSlaveMode_Enable: synchronization between the current timer
2978:./Libraries/src/stm32f4xx_tim.c ****   *                                             and its slaves (through TRGO)
2979:./Libraries/src/stm32f4xx_tim.c ****   *            @arg TIM_MasterSlaveMode_Disable: No action
2980:./Libraries/src/stm32f4xx_tim.c ****   * @retval None
2981:./Libraries/src/stm32f4xx_tim.c ****   */
2982:./Libraries/src/stm32f4xx_tim.c **** void TIM_SelectMasterSlaveMode(TIM_TypeDef* TIMx, uint16_t TIM_MasterSlaveMode)
2983:./Libraries/src/stm32f4xx_tim.c **** {
2984:./Libraries/src/stm32f4xx_tim.c ****   /* Check the parameters */
2985:./Libraries/src/stm32f4xx_tim.c ****   assert_param(IS_TIM_LIST2_PERIPH(TIMx));
2986:./Libraries/src/stm32f4xx_tim.c ****   assert_param(IS_TIM_MSM_STATE(TIM_MasterSlaveMode));
2987:./Libraries/src/stm32f4xx_tim.c **** 
2988:./Libraries/src/stm32f4xx_tim.c ****   /* Reset the MSM Bit */
2989:./Libraries/src/stm32f4xx_tim.c ****   TIMx->SMCR &= (uint16_t)~TIM_SMCR_MSM;
2990:./Libraries/src/stm32f4xx_tim.c ****   
2991:./Libraries/src/stm32f4xx_tim.c ****   /* Set or Reset the MSM Bit */
2992:./Libraries/src/stm32f4xx_tim.c ****   TIMx->SMCR |= TIM_MasterSlaveMode;
2993:./Libraries/src/stm32f4xx_tim.c **** }
2994:./Libraries/src/stm32f4xx_tim.c **** 
ARM GAS  /tmp/cc0EAqnP.s 			page 54


2995:./Libraries/src/stm32f4xx_tim.c **** /**
2996:./Libraries/src/stm32f4xx_tim.c ****   * @brief  Configures the TIMx External Trigger (ETR).
2997:./Libraries/src/stm32f4xx_tim.c ****   * @param  TIMx: where x can be  1, 2, 3, 4, 5 or 8 to select the TIM peripheral.
2998:./Libraries/src/stm32f4xx_tim.c ****   * @param  TIM_ExtTRGPrescaler: The external Trigger Prescaler.
2999:./Libraries/src/stm32f4xx_tim.c ****   *          This parameter can be one of the following values:
3000:./Libraries/src/stm32f4xx_tim.c ****   *            @arg TIM_ExtTRGPSC_OFF: ETRP Prescaler OFF.
3001:./Libraries/src/stm32f4xx_tim.c ****   *            @arg TIM_ExtTRGPSC_DIV2: ETRP frequency divided by 2.
3002:./Libraries/src/stm32f4xx_tim.c ****   *            @arg TIM_ExtTRGPSC_DIV4: ETRP frequency divided by 4.
3003:./Libraries/src/stm32f4xx_tim.c ****   *            @arg TIM_ExtTRGPSC_DIV8: ETRP frequency divided by 8.
3004:./Libraries/src/stm32f4xx_tim.c ****   * @param  TIM_ExtTRGPolarity: The external Trigger Polarity.
3005:./Libraries/src/stm32f4xx_tim.c ****   *          This parameter can be one of the following values:
3006:./Libraries/src/stm32f4xx_tim.c ****   *            @arg TIM_ExtTRGPolarity_Inverted: active low or falling edge active.
3007:./Libraries/src/stm32f4xx_tim.c ****   *            @arg TIM_ExtTRGPolarity_NonInverted: active high or rising edge active.
3008:./Libraries/src/stm32f4xx_tim.c ****   * @param  ExtTRGFilter: External Trigger Filter.
3009:./Libraries/src/stm32f4xx_tim.c ****   *          This parameter must be a value between 0x00 and 0x0F
3010:./Libraries/src/stm32f4xx_tim.c ****   * @retval None
3011:./Libraries/src/stm32f4xx_tim.c ****   */
3012:./Libraries/src/stm32f4xx_tim.c **** void TIM_ETRConfig(TIM_TypeDef* TIMx, uint16_t TIM_ExtTRGPrescaler,
3013:./Libraries/src/stm32f4xx_tim.c ****                    uint16_t TIM_ExtTRGPolarity, uint16_t ExtTRGFilter)
3014:./Libraries/src/stm32f4xx_tim.c **** {
3015:./Libraries/src/stm32f4xx_tim.c ****   uint16_t tmpsmcr = 0;
3016:./Libraries/src/stm32f4xx_tim.c **** 
3017:./Libraries/src/stm32f4xx_tim.c ****   /* Check the parameters */
3018:./Libraries/src/stm32f4xx_tim.c ****   assert_param(IS_TIM_LIST3_PERIPH(TIMx));
3019:./Libraries/src/stm32f4xx_tim.c ****   assert_param(IS_TIM_EXT_PRESCALER(TIM_ExtTRGPrescaler));
3020:./Libraries/src/stm32f4xx_tim.c ****   assert_param(IS_TIM_EXT_POLARITY(TIM_ExtTRGPolarity));
3021:./Libraries/src/stm32f4xx_tim.c ****   assert_param(IS_TIM_EXT_FILTER(ExtTRGFilter));
3022:./Libraries/src/stm32f4xx_tim.c **** 
3023:./Libraries/src/stm32f4xx_tim.c ****   tmpsmcr = TIMx->SMCR;
3024:./Libraries/src/stm32f4xx_tim.c **** 
3025:./Libraries/src/stm32f4xx_tim.c ****   /* Reset the ETR Bits */
3026:./Libraries/src/stm32f4xx_tim.c ****   tmpsmcr &= SMCR_ETR_MASK;
3027:./Libraries/src/stm32f4xx_tim.c **** 
3028:./Libraries/src/stm32f4xx_tim.c ****   /* Set the Prescaler, the Filter value and the Polarity */
3029:./Libraries/src/stm32f4xx_tim.c ****   tmpsmcr |= (uint16_t)(TIM_ExtTRGPrescaler | (uint16_t)(TIM_ExtTRGPolarity | (uint16_t)(ExtTRGFilt
3030:./Libraries/src/stm32f4xx_tim.c **** 
3031:./Libraries/src/stm32f4xx_tim.c ****   /* Write to TIMx SMCR */
3032:./Libraries/src/stm32f4xx_tim.c ****   TIMx->SMCR = tmpsmcr;
3033:./Libraries/src/stm32f4xx_tim.c **** }
3034:./Libraries/src/stm32f4xx_tim.c **** /**
3035:./Libraries/src/stm32f4xx_tim.c ****   * @}
3036:./Libraries/src/stm32f4xx_tim.c ****   */
3037:./Libraries/src/stm32f4xx_tim.c **** 
3038:./Libraries/src/stm32f4xx_tim.c **** /** @defgroup TIM_Group8 Specific interface management functions
3039:./Libraries/src/stm32f4xx_tim.c ****  *  @brief    Specific interface management functions 
3040:./Libraries/src/stm32f4xx_tim.c ****  *
3041:./Libraries/src/stm32f4xx_tim.c **** @verbatim   
3042:./Libraries/src/stm32f4xx_tim.c ****  ===============================================================================
3043:./Libraries/src/stm32f4xx_tim.c ****             ##### Specific interface management functions #####
3044:./Libraries/src/stm32f4xx_tim.c ****  ===============================================================================  
3045:./Libraries/src/stm32f4xx_tim.c **** 
3046:./Libraries/src/stm32f4xx_tim.c **** @endverbatim
3047:./Libraries/src/stm32f4xx_tim.c ****   * @{
3048:./Libraries/src/stm32f4xx_tim.c ****   */
3049:./Libraries/src/stm32f4xx_tim.c **** 
3050:./Libraries/src/stm32f4xx_tim.c **** /**
3051:./Libraries/src/stm32f4xx_tim.c ****   * @brief  Configures the TIMx Encoder Interface.
ARM GAS  /tmp/cc0EAqnP.s 			page 55


3052:./Libraries/src/stm32f4xx_tim.c ****   * @param  TIMx: where x can be 1, 2, 3, 4, 5, 8, 9 or 12 to select the TIM 
3053:./Libraries/src/stm32f4xx_tim.c ****   *         peripheral.
3054:./Libraries/src/stm32f4xx_tim.c ****   * @param  TIM_EncoderMode: specifies the TIMx Encoder Mode.
3055:./Libraries/src/stm32f4xx_tim.c ****   *          This parameter can be one of the following values:
3056:./Libraries/src/stm32f4xx_tim.c ****   *            @arg TIM_EncoderMode_TI1: Counter counts on TI1FP1 edge depending on TI2FP2 level.
3057:./Libraries/src/stm32f4xx_tim.c ****   *            @arg TIM_EncoderMode_TI2: Counter counts on TI2FP2 edge depending on TI1FP1 level.
3058:./Libraries/src/stm32f4xx_tim.c ****   *            @arg TIM_EncoderMode_TI12: Counter counts on both TI1FP1 and TI2FP2 edges depending
3059:./Libraries/src/stm32f4xx_tim.c ****   *                                       on the level of the other input.
3060:./Libraries/src/stm32f4xx_tim.c ****   * @param  TIM_IC1Polarity: specifies the IC1 Polarity
3061:./Libraries/src/stm32f4xx_tim.c ****   *          This parameter can be one of the following values:
3062:./Libraries/src/stm32f4xx_tim.c ****   *            @arg TIM_ICPolarity_Falling: IC Falling edge.
3063:./Libraries/src/stm32f4xx_tim.c ****   *            @arg TIM_ICPolarity_Rising: IC Rising edge.
3064:./Libraries/src/stm32f4xx_tim.c ****   * @param  TIM_IC2Polarity: specifies the IC2 Polarity
3065:./Libraries/src/stm32f4xx_tim.c ****   *          This parameter can be one of the following values:
3066:./Libraries/src/stm32f4xx_tim.c ****   *            @arg TIM_ICPolarity_Falling: IC Falling edge.
3067:./Libraries/src/stm32f4xx_tim.c ****   *            @arg TIM_ICPolarity_Rising: IC Rising edge.
3068:./Libraries/src/stm32f4xx_tim.c ****   * @retval None
3069:./Libraries/src/stm32f4xx_tim.c ****   */
3070:./Libraries/src/stm32f4xx_tim.c **** void TIM_EncoderInterfaceConfig(TIM_TypeDef* TIMx, uint16_t TIM_EncoderMode,
3071:./Libraries/src/stm32f4xx_tim.c ****                                 uint16_t TIM_IC1Polarity, uint16_t TIM_IC2Polarity)
3072:./Libraries/src/stm32f4xx_tim.c **** {
3073:./Libraries/src/stm32f4xx_tim.c ****   uint16_t tmpsmcr = 0;
3074:./Libraries/src/stm32f4xx_tim.c ****   uint16_t tmpccmr1 = 0;
3075:./Libraries/src/stm32f4xx_tim.c ****   uint16_t tmpccer = 0;
3076:./Libraries/src/stm32f4xx_tim.c ****     
3077:./Libraries/src/stm32f4xx_tim.c ****   /* Check the parameters */
3078:./Libraries/src/stm32f4xx_tim.c ****   assert_param(IS_TIM_LIST2_PERIPH(TIMx));
3079:./Libraries/src/stm32f4xx_tim.c ****   assert_param(IS_TIM_ENCODER_MODE(TIM_EncoderMode));
3080:./Libraries/src/stm32f4xx_tim.c ****   assert_param(IS_TIM_IC_POLARITY(TIM_IC1Polarity));
3081:./Libraries/src/stm32f4xx_tim.c ****   assert_param(IS_TIM_IC_POLARITY(TIM_IC2Polarity));
3082:./Libraries/src/stm32f4xx_tim.c **** 
3083:./Libraries/src/stm32f4xx_tim.c ****   /* Get the TIMx SMCR register value */
3084:./Libraries/src/stm32f4xx_tim.c ****   tmpsmcr = TIMx->SMCR;
3085:./Libraries/src/stm32f4xx_tim.c **** 
3086:./Libraries/src/stm32f4xx_tim.c ****   /* Get the TIMx CCMR1 register value */
3087:./Libraries/src/stm32f4xx_tim.c ****   tmpccmr1 = TIMx->CCMR1;
3088:./Libraries/src/stm32f4xx_tim.c **** 
3089:./Libraries/src/stm32f4xx_tim.c ****   /* Get the TIMx CCER register value */
3090:./Libraries/src/stm32f4xx_tim.c ****   tmpccer = TIMx->CCER;
3091:./Libraries/src/stm32f4xx_tim.c **** 
3092:./Libraries/src/stm32f4xx_tim.c ****   /* Set the encoder Mode */
3093:./Libraries/src/stm32f4xx_tim.c ****   tmpsmcr &= (uint16_t)~TIM_SMCR_SMS;
3094:./Libraries/src/stm32f4xx_tim.c ****   tmpsmcr |= TIM_EncoderMode;
3095:./Libraries/src/stm32f4xx_tim.c **** 
3096:./Libraries/src/stm32f4xx_tim.c ****   /* Select the Capture Compare 1 and the Capture Compare 2 as input */
3097:./Libraries/src/stm32f4xx_tim.c ****   tmpccmr1 &= ((uint16_t)~TIM_CCMR1_CC1S) & ((uint16_t)~TIM_CCMR1_CC2S);
3098:./Libraries/src/stm32f4xx_tim.c ****   tmpccmr1 |= TIM_CCMR1_CC1S_0 | TIM_CCMR1_CC2S_0;
3099:./Libraries/src/stm32f4xx_tim.c **** 
3100:./Libraries/src/stm32f4xx_tim.c ****   /* Set the TI1 and the TI2 Polarities */
3101:./Libraries/src/stm32f4xx_tim.c ****   tmpccer &= ((uint16_t)~TIM_CCER_CC1P) & ((uint16_t)~TIM_CCER_CC2P);
3102:./Libraries/src/stm32f4xx_tim.c ****   tmpccer |= (uint16_t)(TIM_IC1Polarity | (uint16_t)(TIM_IC2Polarity << (uint16_t)4));
3103:./Libraries/src/stm32f4xx_tim.c **** 
3104:./Libraries/src/stm32f4xx_tim.c ****   /* Write to TIMx SMCR */
3105:./Libraries/src/stm32f4xx_tim.c ****   TIMx->SMCR = tmpsmcr;
3106:./Libraries/src/stm32f4xx_tim.c **** 
3107:./Libraries/src/stm32f4xx_tim.c ****   /* Write to TIMx CCMR1 */
3108:./Libraries/src/stm32f4xx_tim.c ****   TIMx->CCMR1 = tmpccmr1;
ARM GAS  /tmp/cc0EAqnP.s 			page 56


3109:./Libraries/src/stm32f4xx_tim.c **** 
3110:./Libraries/src/stm32f4xx_tim.c ****   /* Write to TIMx CCER */
3111:./Libraries/src/stm32f4xx_tim.c ****   TIMx->CCER = tmpccer;
3112:./Libraries/src/stm32f4xx_tim.c **** }
3113:./Libraries/src/stm32f4xx_tim.c **** 
3114:./Libraries/src/stm32f4xx_tim.c **** /**
3115:./Libraries/src/stm32f4xx_tim.c ****   * @brief  Enables or disables the TIMx's Hall sensor interface.
3116:./Libraries/src/stm32f4xx_tim.c ****   * @param  TIMx: where x can be 1, 2, 3, 4, 5, 8, 9 or 12 to select the TIM 
3117:./Libraries/src/stm32f4xx_tim.c ****   *         peripheral.
3118:./Libraries/src/stm32f4xx_tim.c ****   * @param  NewState: new state of the TIMx Hall sensor interface.
3119:./Libraries/src/stm32f4xx_tim.c ****   *          This parameter can be: ENABLE or DISABLE.
3120:./Libraries/src/stm32f4xx_tim.c ****   * @retval None
3121:./Libraries/src/stm32f4xx_tim.c ****   */
3122:./Libraries/src/stm32f4xx_tim.c **** void TIM_SelectHallSensor(TIM_TypeDef* TIMx, FunctionalState NewState)
3123:./Libraries/src/stm32f4xx_tim.c **** {
3124:./Libraries/src/stm32f4xx_tim.c ****   /* Check the parameters */
3125:./Libraries/src/stm32f4xx_tim.c ****   assert_param(IS_TIM_LIST2_PERIPH(TIMx));
3126:./Libraries/src/stm32f4xx_tim.c ****   assert_param(IS_FUNCTIONAL_STATE(NewState));
3127:./Libraries/src/stm32f4xx_tim.c **** 
3128:./Libraries/src/stm32f4xx_tim.c ****   if (NewState != DISABLE)
3129:./Libraries/src/stm32f4xx_tim.c ****   {
3130:./Libraries/src/stm32f4xx_tim.c ****     /* Set the TI1S Bit */
3131:./Libraries/src/stm32f4xx_tim.c ****     TIMx->CR2 |= TIM_CR2_TI1S;
3132:./Libraries/src/stm32f4xx_tim.c ****   }
3133:./Libraries/src/stm32f4xx_tim.c ****   else
3134:./Libraries/src/stm32f4xx_tim.c ****   {
3135:./Libraries/src/stm32f4xx_tim.c ****     /* Reset the TI1S Bit */
3136:./Libraries/src/stm32f4xx_tim.c ****     TIMx->CR2 &= (uint16_t)~TIM_CR2_TI1S;
3137:./Libraries/src/stm32f4xx_tim.c ****   }
3138:./Libraries/src/stm32f4xx_tim.c **** }
3139:./Libraries/src/stm32f4xx_tim.c **** /**
3140:./Libraries/src/stm32f4xx_tim.c ****   * @}
3141:./Libraries/src/stm32f4xx_tim.c ****   */
3142:./Libraries/src/stm32f4xx_tim.c **** 
3143:./Libraries/src/stm32f4xx_tim.c **** /** @defgroup TIM_Group9 Specific remapping management function
3144:./Libraries/src/stm32f4xx_tim.c ****  *  @brief   Specific remapping management function
3145:./Libraries/src/stm32f4xx_tim.c ****  *
3146:./Libraries/src/stm32f4xx_tim.c **** @verbatim   
3147:./Libraries/src/stm32f4xx_tim.c ****  ===============================================================================
3148:./Libraries/src/stm32f4xx_tim.c ****               ##### Specific remapping management function #####
3149:./Libraries/src/stm32f4xx_tim.c ****  ===============================================================================  
3150:./Libraries/src/stm32f4xx_tim.c **** 
3151:./Libraries/src/stm32f4xx_tim.c **** @endverbatim
3152:./Libraries/src/stm32f4xx_tim.c ****   * @{
3153:./Libraries/src/stm32f4xx_tim.c ****   */
3154:./Libraries/src/stm32f4xx_tim.c **** 
3155:./Libraries/src/stm32f4xx_tim.c **** /**
3156:./Libraries/src/stm32f4xx_tim.c ****   * @brief  Configures the TIM2, TIM5 and TIM11 Remapping input capabilities.
3157:./Libraries/src/stm32f4xx_tim.c ****   * @param  TIMx: where x can be 2, 5 or 11 to select the TIM peripheral.
3158:./Libraries/src/stm32f4xx_tim.c ****   * @param  TIM_Remap: specifies the TIM input remapping source.
3159:./Libraries/src/stm32f4xx_tim.c ****   *          This parameter can be one of the following values:
3160:./Libraries/src/stm32f4xx_tim.c ****   *            @arg TIM2_TIM8_TRGO: TIM2 ITR1 input is connected to TIM8 Trigger output(default)
3161:./Libraries/src/stm32f4xx_tim.c ****   *            @arg TIM2_ETH_PTP:   TIM2 ITR1 input is connected to ETH PTP trigger output.
3162:./Libraries/src/stm32f4xx_tim.c ****   *            @arg TIM2_USBFS_SOF: TIM2 ITR1 input is connected to USB FS SOF. 
3163:./Libraries/src/stm32f4xx_tim.c ****   *            @arg TIM2_USBHS_SOF: TIM2 ITR1 input is connected to USB HS SOF. 
3164:./Libraries/src/stm32f4xx_tim.c ****   *            @arg TIM5_GPIO:      TIM5 CH4 input is connected to dedicated Timer pin(default)
3165:./Libraries/src/stm32f4xx_tim.c ****   *            @arg TIM5_LSI:       TIM5 CH4 input is connected to LSI clock.
ARM GAS  /tmp/cc0EAqnP.s 			page 57


3166:./Libraries/src/stm32f4xx_tim.c ****   *            @arg TIM5_LSE:       TIM5 CH4 input is connected to LSE clock.
3167:./Libraries/src/stm32f4xx_tim.c ****   *            @arg TIM5_RTC:       TIM5 CH4 input is connected to RTC Output event.
3168:./Libraries/src/stm32f4xx_tim.c ****   *            @arg TIM11_GPIO:     TIM11 CH4 input is connected to dedicated Timer pin(default) 
3169:./Libraries/src/stm32f4xx_tim.c ****   *            @arg TIM11_HSE:      TIM11 CH4 input is connected to HSE_RTC clock
3170:./Libraries/src/stm32f4xx_tim.c ****   *                                 (HSE divided by a programmable prescaler)  
3171:./Libraries/src/stm32f4xx_tim.c ****   * @retval None
3172:./Libraries/src/stm32f4xx_tim.c ****   */
3173:./Libraries/src/stm32f4xx_tim.c **** void TIM_RemapConfig(TIM_TypeDef* TIMx, uint16_t TIM_Remap)
3174:./Libraries/src/stm32f4xx_tim.c **** {
3175:./Libraries/src/stm32f4xx_tim.c ****  /* Check the parameters */
3176:./Libraries/src/stm32f4xx_tim.c ****   assert_param(IS_TIM_LIST6_PERIPH(TIMx));
3177:./Libraries/src/stm32f4xx_tim.c ****   assert_param(IS_TIM_REMAP(TIM_Remap));
3178:./Libraries/src/stm32f4xx_tim.c **** 
3179:./Libraries/src/stm32f4xx_tim.c ****   /* Set the Timer remapping configuration */
3180:./Libraries/src/stm32f4xx_tim.c ****   TIMx->OR =  TIM_Remap;
3181:./Libraries/src/stm32f4xx_tim.c **** }
3182:./Libraries/src/stm32f4xx_tim.c **** /**
3183:./Libraries/src/stm32f4xx_tim.c ****   * @}
3184:./Libraries/src/stm32f4xx_tim.c ****   */
3185:./Libraries/src/stm32f4xx_tim.c **** 
3186:./Libraries/src/stm32f4xx_tim.c **** /**
3187:./Libraries/src/stm32f4xx_tim.c ****   * @brief  Configure the TI1 as Input.
3188:./Libraries/src/stm32f4xx_tim.c ****   * @param  TIMx: where x can be 1, 2, 3, 4, 5, 8, 9, 10, 11, 12, 13 or 14 
3189:./Libraries/src/stm32f4xx_tim.c ****   *         to select the TIM peripheral.
3190:./Libraries/src/stm32f4xx_tim.c ****   * @param  TIM_ICPolarity : The Input Polarity.
3191:./Libraries/src/stm32f4xx_tim.c ****   *          This parameter can be one of the following values:
3192:./Libraries/src/stm32f4xx_tim.c ****   *            @arg TIM_ICPolarity_Rising
3193:./Libraries/src/stm32f4xx_tim.c ****   *            @arg TIM_ICPolarity_Falling
3194:./Libraries/src/stm32f4xx_tim.c ****   *            @arg TIM_ICPolarity_BothEdge  
3195:./Libraries/src/stm32f4xx_tim.c ****   * @param  TIM_ICSelection: specifies the input to be used.
3196:./Libraries/src/stm32f4xx_tim.c ****   *          This parameter can be one of the following values:
3197:./Libraries/src/stm32f4xx_tim.c ****   *            @arg TIM_ICSelection_DirectTI: TIM Input 1 is selected to be connected to IC1.
3198:./Libraries/src/stm32f4xx_tim.c ****   *            @arg TIM_ICSelection_IndirectTI: TIM Input 1 is selected to be connected to IC2.
3199:./Libraries/src/stm32f4xx_tim.c ****   *            @arg TIM_ICSelection_TRC: TIM Input 1 is selected to be connected to TRC.
3200:./Libraries/src/stm32f4xx_tim.c ****   * @param  TIM_ICFilter: Specifies the Input Capture Filter.
3201:./Libraries/src/stm32f4xx_tim.c ****   *          This parameter must be a value between 0x00 and 0x0F.
3202:./Libraries/src/stm32f4xx_tim.c ****   * @retval None
3203:./Libraries/src/stm32f4xx_tim.c ****   */
3204:./Libraries/src/stm32f4xx_tim.c **** static void TI1_Config(TIM_TypeDef* TIMx, uint16_t TIM_ICPolarity, uint16_t TIM_ICSelection,
3205:./Libraries/src/stm32f4xx_tim.c ****                        uint16_t TIM_ICFilter)
3206:./Libraries/src/stm32f4xx_tim.c **** {
  29              		.loc 1 3206 1 view -0
  30              		.cfi_startproc
  31              		@ args = 0, pretend = 0, frame = 0
  32              		@ frame_needed = 0, uses_anonymous_args = 0
  33              		.loc 1 3206 1 is_stmt 0 view .LVU1
  34 0000 00B5     		push	{lr}
  35              	.LCFI0:
  36              		.cfi_def_cfa_offset 4
  37              		.cfi_offset 14, -4
3207:./Libraries/src/stm32f4xx_tim.c ****   uint16_t tmpccmr1 = 0, tmpccer = 0;
  38              		.loc 1 3207 3 is_stmt 1 view .LVU2
  39              	.LVL1:
3208:./Libraries/src/stm32f4xx_tim.c **** 
3209:./Libraries/src/stm32f4xx_tim.c ****   /* Disable the Channel 1: Reset the CC1E Bit */
3210:./Libraries/src/stm32f4xx_tim.c ****   TIMx->CCER &= (uint16_t)~TIM_CCER_CC1E;
  40              		.loc 1 3210 3 view .LVU3
ARM GAS  /tmp/cc0EAqnP.s 			page 58


  41              		.loc 1 3210 7 is_stmt 0 view .LVU4
  42 0002 B0F820C0 		ldrh	ip, [r0, #32]
  43 0006 1FFA8CFC 		uxth	ip, ip
  44              		.loc 1 3210 14 view .LVU5
  45 000a 2CF0010C 		bic	ip, ip, #1
  46 000e 1FFA8CFC 		uxth	ip, ip
  47 0012 A0F820C0 		strh	ip, [r0, #32]	@ movhi
3211:./Libraries/src/stm32f4xx_tim.c ****   tmpccmr1 = TIMx->CCMR1;
  48              		.loc 1 3211 3 is_stmt 1 view .LVU6
  49              		.loc 1 3211 12 is_stmt 0 view .LVU7
  50 0016 B0F818E0 		ldrh	lr, [r0, #24]
  51 001a 1FFA8EFE 		uxth	lr, lr
  52              	.LVL2:
3212:./Libraries/src/stm32f4xx_tim.c ****   tmpccer = TIMx->CCER;
  53              		.loc 1 3212 3 is_stmt 1 view .LVU8
  54              		.loc 1 3212 11 is_stmt 0 view .LVU9
  55 001e B0F820C0 		ldrh	ip, [r0, #32]
  56 0022 1FFA8CFC 		uxth	ip, ip
  57              	.LVL3:
3213:./Libraries/src/stm32f4xx_tim.c **** 
3214:./Libraries/src/stm32f4xx_tim.c ****   /* Select the Input and set the filter */
3215:./Libraries/src/stm32f4xx_tim.c ****   tmpccmr1 &= ((uint16_t)~TIM_CCMR1_CC1S) & ((uint16_t)~TIM_CCMR1_IC1F);
  58              		.loc 1 3215 3 is_stmt 1 view .LVU10
  59              		.loc 1 3215 12 is_stmt 0 view .LVU11
  60 0026 2EF0F30E 		bic	lr, lr, #243
  61              	.LVL4:
3216:./Libraries/src/stm32f4xx_tim.c ****   tmpccmr1 |= (uint16_t)(TIM_ICSelection | (uint16_t)(TIM_ICFilter << (uint16_t)4));
  62              		.loc 1 3216 3 is_stmt 1 view .LVU12
  63              		.loc 1 3216 44 is_stmt 0 view .LVU13
  64 002a 1B01     		lsls	r3, r3, #4
  65              	.LVL5:
  66              		.loc 1 3216 44 view .LVU14
  67 002c 9BB2     		uxth	r3, r3
  68              		.loc 1 3216 15 view .LVU15
  69 002e 1343     		orrs	r3, r3, r2
  70              		.loc 1 3216 12 view .LVU16
  71 0030 4EEA030E 		orr	lr, lr, r3
  72              	.LVL6:
3217:./Libraries/src/stm32f4xx_tim.c **** 
3218:./Libraries/src/stm32f4xx_tim.c ****   /* Select the Polarity and set the CC1E Bit */
3219:./Libraries/src/stm32f4xx_tim.c ****   tmpccer &= (uint16_t)~(TIM_CCER_CC1P | TIM_CCER_CC1NP);
  73              		.loc 1 3219 3 is_stmt 1 view .LVU17
  74              		.loc 1 3219 11 is_stmt 0 view .LVU18
  75 0034 2CF00A0C 		bic	ip, ip, #10
  76              	.LVL7:
3220:./Libraries/src/stm32f4xx_tim.c ****   tmpccer |= (uint16_t)(TIM_ICPolarity | (uint16_t)TIM_CCER_CC1E);
  77              		.loc 1 3220 3 is_stmt 1 view .LVU19
  78              		.loc 1 3220 11 is_stmt 0 view .LVU20
  79 0038 4CEA010C 		orr	ip, ip, r1
  80              	.LVL8:
  81              		.loc 1 3220 11 view .LVU21
  82 003c 4CF0010C 		orr	ip, ip, #1
  83              	.LVL9:
3221:./Libraries/src/stm32f4xx_tim.c **** 
3222:./Libraries/src/stm32f4xx_tim.c ****   /* Write to TIMx CCMR1 and CCER registers */
3223:./Libraries/src/stm32f4xx_tim.c ****   TIMx->CCMR1 = tmpccmr1;
  84              		.loc 1 3223 3 is_stmt 1 view .LVU22
ARM GAS  /tmp/cc0EAqnP.s 			page 59


  85              		.loc 1 3223 15 is_stmt 0 view .LVU23
  86 0040 A0F818E0 		strh	lr, [r0, #24]	@ movhi
3224:./Libraries/src/stm32f4xx_tim.c ****   TIMx->CCER = tmpccer;
  87              		.loc 1 3224 3 is_stmt 1 view .LVU24
  88              		.loc 1 3224 14 is_stmt 0 view .LVU25
  89 0044 A0F820C0 		strh	ip, [r0, #32]	@ movhi
3225:./Libraries/src/stm32f4xx_tim.c **** }
  90              		.loc 1 3225 1 view .LVU26
  91 0048 5DF804FB 		ldr	pc, [sp], #4
  92              		.cfi_endproc
  93              	.LFE211:
  95              		.section	.text.TI2_Config,"ax",%progbits
  96              		.align	1
  97              		.syntax unified
  98              		.thumb
  99              		.thumb_func
 101              	TI2_Config:
 102              	.LVL10:
 103              	.LFB212:
3226:./Libraries/src/stm32f4xx_tim.c **** 
3227:./Libraries/src/stm32f4xx_tim.c **** /**
3228:./Libraries/src/stm32f4xx_tim.c ****   * @brief  Configure the TI2 as Input.
3229:./Libraries/src/stm32f4xx_tim.c ****   * @param  TIMx: where x can be 1, 2, 3, 4, 5, 8, 9 or 12 to select the TIM 
3230:./Libraries/src/stm32f4xx_tim.c ****   *         peripheral.
3231:./Libraries/src/stm32f4xx_tim.c ****   * @param  TIM_ICPolarity : The Input Polarity.
3232:./Libraries/src/stm32f4xx_tim.c ****   *          This parameter can be one of the following values:
3233:./Libraries/src/stm32f4xx_tim.c ****   *            @arg TIM_ICPolarity_Rising
3234:./Libraries/src/stm32f4xx_tim.c ****   *            @arg TIM_ICPolarity_Falling
3235:./Libraries/src/stm32f4xx_tim.c ****   *            @arg TIM_ICPolarity_BothEdge   
3236:./Libraries/src/stm32f4xx_tim.c ****   * @param  TIM_ICSelection: specifies the input to be used.
3237:./Libraries/src/stm32f4xx_tim.c ****   *          This parameter can be one of the following values:
3238:./Libraries/src/stm32f4xx_tim.c ****   *            @arg TIM_ICSelection_DirectTI: TIM Input 2 is selected to be connected to IC2.
3239:./Libraries/src/stm32f4xx_tim.c ****   *            @arg TIM_ICSelection_IndirectTI: TIM Input 2 is selected to be connected to IC1.
3240:./Libraries/src/stm32f4xx_tim.c ****   *            @arg TIM_ICSelection_TRC: TIM Input 2 is selected to be connected to TRC.
3241:./Libraries/src/stm32f4xx_tim.c ****   * @param  TIM_ICFilter: Specifies the Input Capture Filter.
3242:./Libraries/src/stm32f4xx_tim.c ****   *          This parameter must be a value between 0x00 and 0x0F.
3243:./Libraries/src/stm32f4xx_tim.c ****   * @retval None
3244:./Libraries/src/stm32f4xx_tim.c ****   */
3245:./Libraries/src/stm32f4xx_tim.c **** static void TI2_Config(TIM_TypeDef* TIMx, uint16_t TIM_ICPolarity, uint16_t TIM_ICSelection,
3246:./Libraries/src/stm32f4xx_tim.c ****                        uint16_t TIM_ICFilter)
3247:./Libraries/src/stm32f4xx_tim.c **** {
 104              		.loc 1 3247 1 is_stmt 1 view -0
 105              		.cfi_startproc
 106              		@ args = 0, pretend = 0, frame = 0
 107              		@ frame_needed = 0, uses_anonymous_args = 0
 108              		.loc 1 3247 1 is_stmt 0 view .LVU28
 109 0000 00B5     		push	{lr}
 110              	.LCFI1:
 111              		.cfi_def_cfa_offset 4
 112              		.cfi_offset 14, -4
3248:./Libraries/src/stm32f4xx_tim.c ****   uint16_t tmpccmr1 = 0, tmpccer = 0, tmp = 0;
 113              		.loc 1 3248 3 is_stmt 1 view .LVU29
 114              	.LVL11:
3249:./Libraries/src/stm32f4xx_tim.c **** 
3250:./Libraries/src/stm32f4xx_tim.c ****   /* Disable the Channel 2: Reset the CC2E Bit */
3251:./Libraries/src/stm32f4xx_tim.c ****   TIMx->CCER &= (uint16_t)~TIM_CCER_CC2E;
 115              		.loc 1 3251 3 view .LVU30
ARM GAS  /tmp/cc0EAqnP.s 			page 60


 116              		.loc 1 3251 7 is_stmt 0 view .LVU31
 117 0002 B0F820C0 		ldrh	ip, [r0, #32]
 118 0006 1FFA8CFC 		uxth	ip, ip
 119              		.loc 1 3251 14 view .LVU32
 120 000a 2CF0100C 		bic	ip, ip, #16
 121 000e 1FFA8CFC 		uxth	ip, ip
 122 0012 A0F820C0 		strh	ip, [r0, #32]	@ movhi
3252:./Libraries/src/stm32f4xx_tim.c ****   tmpccmr1 = TIMx->CCMR1;
 123              		.loc 1 3252 3 is_stmt 1 view .LVU33
 124              		.loc 1 3252 12 is_stmt 0 view .LVU34
 125 0016 B0F818E0 		ldrh	lr, [r0, #24]
 126              	.LVL12:
3253:./Libraries/src/stm32f4xx_tim.c ****   tmpccer = TIMx->CCER;
 127              		.loc 1 3253 3 is_stmt 1 view .LVU35
 128              		.loc 1 3253 11 is_stmt 0 view .LVU36
 129 001a B0F820C0 		ldrh	ip, [r0, #32]
 130 001e 1FFA8CFC 		uxth	ip, ip
 131              	.LVL13:
3254:./Libraries/src/stm32f4xx_tim.c ****   tmp = (uint16_t)(TIM_ICPolarity << 4);
 132              		.loc 1 3254 3 is_stmt 1 view .LVU37
 133              		.loc 1 3254 7 is_stmt 0 view .LVU38
 134 0022 0901     		lsls	r1, r1, #4
 135              	.LVL14:
 136              		.loc 1 3254 7 view .LVU39
 137 0024 89B2     		uxth	r1, r1
 138              	.LVL15:
3255:./Libraries/src/stm32f4xx_tim.c **** 
3256:./Libraries/src/stm32f4xx_tim.c ****   /* Select the Input and set the filter */
3257:./Libraries/src/stm32f4xx_tim.c ****   tmpccmr1 &= ((uint16_t)~TIM_CCMR1_CC2S) & ((uint16_t)~TIM_CCMR1_IC2F);
 139              		.loc 1 3257 3 is_stmt 1 view .LVU40
 140              		.loc 1 3257 12 is_stmt 0 view .LVU41
 141 0026 2EF4407E 		bic	lr, lr, #768
 142              	.LVL16:
 143              		.loc 1 3257 12 view .LVU42
 144 002a 4FEA0E5E 		lsl	lr, lr, #20
 145 002e 4FEA1E5E 		lsr	lr, lr, #20
 146              	.LVL17:
3258:./Libraries/src/stm32f4xx_tim.c ****   tmpccmr1 |= (uint16_t)(TIM_ICFilter << 12);
 147              		.loc 1 3258 3 is_stmt 1 view .LVU43
 148              		.loc 1 3258 15 is_stmt 0 view .LVU44
 149 0032 1B03     		lsls	r3, r3, #12
 150              	.LVL18:
 151              		.loc 1 3258 15 view .LVU45
 152 0034 9BB2     		uxth	r3, r3
 153              		.loc 1 3258 12 view .LVU46
 154 0036 43EA0E03 		orr	r3, r3, lr
 155              	.LVL19:
3259:./Libraries/src/stm32f4xx_tim.c ****   tmpccmr1 |= (uint16_t)(TIM_ICSelection << 8);
 156              		.loc 1 3259 3 is_stmt 1 view .LVU47
 157              		.loc 1 3259 15 is_stmt 0 view .LVU48
 158 003a 1202     		lsls	r2, r2, #8
 159              	.LVL20:
 160              		.loc 1 3259 15 view .LVU49
 161 003c 92B2     		uxth	r2, r2
 162              		.loc 1 3259 12 view .LVU50
 163 003e 1A43     		orrs	r2, r2, r3
 164              	.LVL21:
ARM GAS  /tmp/cc0EAqnP.s 			page 61


3260:./Libraries/src/stm32f4xx_tim.c **** 
3261:./Libraries/src/stm32f4xx_tim.c ****   /* Select the Polarity and set the CC2E Bit */
3262:./Libraries/src/stm32f4xx_tim.c ****   tmpccer &= (uint16_t)~(TIM_CCER_CC2P | TIM_CCER_CC2NP);
 165              		.loc 1 3262 3 is_stmt 1 view .LVU51
 166              		.loc 1 3262 11 is_stmt 0 view .LVU52
 167 0040 2CF0A00C 		bic	ip, ip, #160
 168              	.LVL22:
3263:./Libraries/src/stm32f4xx_tim.c ****   tmpccer |=  (uint16_t)(tmp | (uint16_t)TIM_CCER_CC2E);
 169              		.loc 1 3263 3 is_stmt 1 view .LVU53
 170              		.loc 1 3263 11 is_stmt 0 view .LVU54
 171 0044 4CEA010C 		orr	ip, ip, r1
 172              	.LVL23:
 173              		.loc 1 3263 11 view .LVU55
 174 0048 4CF0100C 		orr	ip, ip, #16
 175              	.LVL24:
3264:./Libraries/src/stm32f4xx_tim.c **** 
3265:./Libraries/src/stm32f4xx_tim.c ****   /* Write to TIMx CCMR1 and CCER registers */
3266:./Libraries/src/stm32f4xx_tim.c ****   TIMx->CCMR1 = tmpccmr1 ;
 176              		.loc 1 3266 3 is_stmt 1 view .LVU56
 177              		.loc 1 3266 15 is_stmt 0 view .LVU57
 178 004c 0283     		strh	r2, [r0, #24]	@ movhi
3267:./Libraries/src/stm32f4xx_tim.c ****   TIMx->CCER = tmpccer;
 179              		.loc 1 3267 3 is_stmt 1 view .LVU58
 180              		.loc 1 3267 14 is_stmt 0 view .LVU59
 181 004e A0F820C0 		strh	ip, [r0, #32]	@ movhi
3268:./Libraries/src/stm32f4xx_tim.c **** }
 182              		.loc 1 3268 1 view .LVU60
 183 0052 5DF804FB 		ldr	pc, [sp], #4
 184              		.cfi_endproc
 185              	.LFE212:
 187              		.section	.text.TI3_Config,"ax",%progbits
 188              		.align	1
 189              		.syntax unified
 190              		.thumb
 191              		.thumb_func
 193              	TI3_Config:
 194              	.LVL25:
 195              	.LFB213:
3269:./Libraries/src/stm32f4xx_tim.c **** 
3270:./Libraries/src/stm32f4xx_tim.c **** /**
3271:./Libraries/src/stm32f4xx_tim.c ****   * @brief  Configure the TI3 as Input.
3272:./Libraries/src/stm32f4xx_tim.c ****   * @param  TIMx: where x can be 1, 2, 3, 4, 5 or 8 to select the TIM peripheral.
3273:./Libraries/src/stm32f4xx_tim.c ****   * @param  TIM_ICPolarity : The Input Polarity.
3274:./Libraries/src/stm32f4xx_tim.c ****   *          This parameter can be one of the following values:
3275:./Libraries/src/stm32f4xx_tim.c ****   *            @arg TIM_ICPolarity_Rising
3276:./Libraries/src/stm32f4xx_tim.c ****   *            @arg TIM_ICPolarity_Falling
3277:./Libraries/src/stm32f4xx_tim.c ****   *            @arg TIM_ICPolarity_BothEdge         
3278:./Libraries/src/stm32f4xx_tim.c ****   * @param  TIM_ICSelection: specifies the input to be used.
3279:./Libraries/src/stm32f4xx_tim.c ****   *          This parameter can be one of the following values:
3280:./Libraries/src/stm32f4xx_tim.c ****   *            @arg TIM_ICSelection_DirectTI: TIM Input 3 is selected to be connected to IC3.
3281:./Libraries/src/stm32f4xx_tim.c ****   *            @arg TIM_ICSelection_IndirectTI: TIM Input 3 is selected to be connected to IC4.
3282:./Libraries/src/stm32f4xx_tim.c ****   *            @arg TIM_ICSelection_TRC: TIM Input 3 is selected to be connected to TRC.
3283:./Libraries/src/stm32f4xx_tim.c ****   * @param  TIM_ICFilter: Specifies the Input Capture Filter.
3284:./Libraries/src/stm32f4xx_tim.c ****   *          This parameter must be a value between 0x00 and 0x0F.
3285:./Libraries/src/stm32f4xx_tim.c ****   * @retval None
3286:./Libraries/src/stm32f4xx_tim.c ****   */
3287:./Libraries/src/stm32f4xx_tim.c **** static void TI3_Config(TIM_TypeDef* TIMx, uint16_t TIM_ICPolarity, uint16_t TIM_ICSelection,
ARM GAS  /tmp/cc0EAqnP.s 			page 62


3288:./Libraries/src/stm32f4xx_tim.c ****                        uint16_t TIM_ICFilter)
3289:./Libraries/src/stm32f4xx_tim.c **** {
 196              		.loc 1 3289 1 is_stmt 1 view -0
 197              		.cfi_startproc
 198              		@ args = 0, pretend = 0, frame = 0
 199              		@ frame_needed = 0, uses_anonymous_args = 0
 200              		.loc 1 3289 1 is_stmt 0 view .LVU62
 201 0000 00B5     		push	{lr}
 202              	.LCFI2:
 203              		.cfi_def_cfa_offset 4
 204              		.cfi_offset 14, -4
3290:./Libraries/src/stm32f4xx_tim.c ****   uint16_t tmpccmr2 = 0, tmpccer = 0, tmp = 0;
 205              		.loc 1 3290 3 is_stmt 1 view .LVU63
 206              	.LVL26:
3291:./Libraries/src/stm32f4xx_tim.c **** 
3292:./Libraries/src/stm32f4xx_tim.c ****   /* Disable the Channel 3: Reset the CC3E Bit */
3293:./Libraries/src/stm32f4xx_tim.c ****   TIMx->CCER &= (uint16_t)~TIM_CCER_CC3E;
 207              		.loc 1 3293 3 view .LVU64
 208              		.loc 1 3293 7 is_stmt 0 view .LVU65
 209 0002 B0F820C0 		ldrh	ip, [r0, #32]
 210 0006 1FFA8CFC 		uxth	ip, ip
 211              		.loc 1 3293 14 view .LVU66
 212 000a 2CF4807C 		bic	ip, ip, #256
 213 000e 1FFA8CFC 		uxth	ip, ip
 214 0012 A0F820C0 		strh	ip, [r0, #32]	@ movhi
3294:./Libraries/src/stm32f4xx_tim.c ****   tmpccmr2 = TIMx->CCMR2;
 215              		.loc 1 3294 3 is_stmt 1 view .LVU67
 216              		.loc 1 3294 12 is_stmt 0 view .LVU68
 217 0016 B0F81CE0 		ldrh	lr, [r0, #28]
 218 001a 1FFA8EFE 		uxth	lr, lr
 219              	.LVL27:
3295:./Libraries/src/stm32f4xx_tim.c ****   tmpccer = TIMx->CCER;
 220              		.loc 1 3295 3 is_stmt 1 view .LVU69
 221              		.loc 1 3295 11 is_stmt 0 view .LVU70
 222 001e B0F820C0 		ldrh	ip, [r0, #32]
 223 0022 1FFA8CFC 		uxth	ip, ip
 224              	.LVL28:
3296:./Libraries/src/stm32f4xx_tim.c ****   tmp = (uint16_t)(TIM_ICPolarity << 8);
 225              		.loc 1 3296 3 is_stmt 1 view .LVU71
 226              		.loc 1 3296 7 is_stmt 0 view .LVU72
 227 0026 0902     		lsls	r1, r1, #8
 228              	.LVL29:
 229              		.loc 1 3296 7 view .LVU73
 230 0028 89B2     		uxth	r1, r1
 231              	.LVL30:
3297:./Libraries/src/stm32f4xx_tim.c **** 
3298:./Libraries/src/stm32f4xx_tim.c ****   /* Select the Input and set the filter */
3299:./Libraries/src/stm32f4xx_tim.c ****   tmpccmr2 &= ((uint16_t)~TIM_CCMR1_CC1S) & ((uint16_t)~TIM_CCMR2_IC3F);
 232              		.loc 1 3299 3 is_stmt 1 view .LVU74
 233              		.loc 1 3299 12 is_stmt 0 view .LVU75
 234 002a 2EF0F30E 		bic	lr, lr, #243
 235              	.LVL31:
3300:./Libraries/src/stm32f4xx_tim.c ****   tmpccmr2 |= (uint16_t)(TIM_ICSelection | (uint16_t)(TIM_ICFilter << (uint16_t)4));
 236              		.loc 1 3300 3 is_stmt 1 view .LVU76
 237              		.loc 1 3300 44 is_stmt 0 view .LVU77
 238 002e 1B01     		lsls	r3, r3, #4
 239              	.LVL32:
ARM GAS  /tmp/cc0EAqnP.s 			page 63


 240              		.loc 1 3300 44 view .LVU78
 241 0030 9BB2     		uxth	r3, r3
 242              		.loc 1 3300 15 view .LVU79
 243 0032 1343     		orrs	r3, r3, r2
 244              		.loc 1 3300 12 view .LVU80
 245 0034 4EEA030E 		orr	lr, lr, r3
 246              	.LVL33:
3301:./Libraries/src/stm32f4xx_tim.c **** 
3302:./Libraries/src/stm32f4xx_tim.c ****   /* Select the Polarity and set the CC3E Bit */
3303:./Libraries/src/stm32f4xx_tim.c ****   tmpccer &= (uint16_t)~(TIM_CCER_CC3P | TIM_CCER_CC3NP);
 247              		.loc 1 3303 3 is_stmt 1 view .LVU81
 248              		.loc 1 3303 11 is_stmt 0 view .LVU82
 249 0038 2CF4206C 		bic	ip, ip, #2560
 250              	.LVL34:
3304:./Libraries/src/stm32f4xx_tim.c ****   tmpccer |= (uint16_t)(tmp | (uint16_t)TIM_CCER_CC3E);
 251              		.loc 1 3304 3 is_stmt 1 view .LVU83
 252              		.loc 1 3304 11 is_stmt 0 view .LVU84
 253 003c 4CEA010C 		orr	ip, ip, r1
 254              	.LVL35:
 255              		.loc 1 3304 11 view .LVU85
 256 0040 4CF4807C 		orr	ip, ip, #256
 257              	.LVL36:
3305:./Libraries/src/stm32f4xx_tim.c **** 
3306:./Libraries/src/stm32f4xx_tim.c ****   /* Write to TIMx CCMR2 and CCER registers */
3307:./Libraries/src/stm32f4xx_tim.c ****   TIMx->CCMR2 = tmpccmr2;
 258              		.loc 1 3307 3 is_stmt 1 view .LVU86
 259              		.loc 1 3307 15 is_stmt 0 view .LVU87
 260 0044 A0F81CE0 		strh	lr, [r0, #28]	@ movhi
3308:./Libraries/src/stm32f4xx_tim.c ****   TIMx->CCER = tmpccer;
 261              		.loc 1 3308 3 is_stmt 1 view .LVU88
 262              		.loc 1 3308 14 is_stmt 0 view .LVU89
 263 0048 A0F820C0 		strh	ip, [r0, #32]	@ movhi
3309:./Libraries/src/stm32f4xx_tim.c **** }
 264              		.loc 1 3309 1 view .LVU90
 265 004c 5DF804FB 		ldr	pc, [sp], #4
 266              		.cfi_endproc
 267              	.LFE213:
 269              		.section	.text.TI4_Config,"ax",%progbits
 270              		.align	1
 271              		.syntax unified
 272              		.thumb
 273              		.thumb_func
 275              	TI4_Config:
 276              	.LVL37:
 277              	.LFB214:
3310:./Libraries/src/stm32f4xx_tim.c **** 
3311:./Libraries/src/stm32f4xx_tim.c **** /**
3312:./Libraries/src/stm32f4xx_tim.c ****   * @brief  Configure the TI4 as Input.
3313:./Libraries/src/stm32f4xx_tim.c ****   * @param  TIMx: where x can be 1, 2, 3, 4, 5 or 8 to select the TIM peripheral.
3314:./Libraries/src/stm32f4xx_tim.c ****   * @param  TIM_ICPolarity : The Input Polarity.
3315:./Libraries/src/stm32f4xx_tim.c ****   *          This parameter can be one of the following values:
3316:./Libraries/src/stm32f4xx_tim.c ****   *            @arg TIM_ICPolarity_Rising
3317:./Libraries/src/stm32f4xx_tim.c ****   *            @arg TIM_ICPolarity_Falling
3318:./Libraries/src/stm32f4xx_tim.c ****   *            @arg TIM_ICPolarity_BothEdge     
3319:./Libraries/src/stm32f4xx_tim.c ****   * @param  TIM_ICSelection: specifies the input to be used.
3320:./Libraries/src/stm32f4xx_tim.c ****   *          This parameter can be one of the following values:
3321:./Libraries/src/stm32f4xx_tim.c ****   *            @arg TIM_ICSelection_DirectTI: TIM Input 4 is selected to be connected to IC4.
ARM GAS  /tmp/cc0EAqnP.s 			page 64


3322:./Libraries/src/stm32f4xx_tim.c ****   *            @arg TIM_ICSelection_IndirectTI: TIM Input 4 is selected to be connected to IC3.
3323:./Libraries/src/stm32f4xx_tim.c ****   *            @arg TIM_ICSelection_TRC: TIM Input 4 is selected to be connected to TRC.
3324:./Libraries/src/stm32f4xx_tim.c ****   * @param  TIM_ICFilter: Specifies the Input Capture Filter.
3325:./Libraries/src/stm32f4xx_tim.c ****   *          This parameter must be a value between 0x00 and 0x0F.
3326:./Libraries/src/stm32f4xx_tim.c ****   * @retval None
3327:./Libraries/src/stm32f4xx_tim.c ****   */
3328:./Libraries/src/stm32f4xx_tim.c **** static void TI4_Config(TIM_TypeDef* TIMx, uint16_t TIM_ICPolarity, uint16_t TIM_ICSelection,
3329:./Libraries/src/stm32f4xx_tim.c ****                        uint16_t TIM_ICFilter)
3330:./Libraries/src/stm32f4xx_tim.c **** {
 278              		.loc 1 3330 1 is_stmt 1 view -0
 279              		.cfi_startproc
 280              		@ args = 0, pretend = 0, frame = 0
 281              		@ frame_needed = 0, uses_anonymous_args = 0
 282              		.loc 1 3330 1 is_stmt 0 view .LVU92
 283 0000 00B5     		push	{lr}
 284              	.LCFI3:
 285              		.cfi_def_cfa_offset 4
 286              		.cfi_offset 14, -4
3331:./Libraries/src/stm32f4xx_tim.c ****   uint16_t tmpccmr2 = 0, tmpccer = 0, tmp = 0;
 287              		.loc 1 3331 3 is_stmt 1 view .LVU93
 288              	.LVL38:
3332:./Libraries/src/stm32f4xx_tim.c **** 
3333:./Libraries/src/stm32f4xx_tim.c ****   /* Disable the Channel 4: Reset the CC4E Bit */
3334:./Libraries/src/stm32f4xx_tim.c ****   TIMx->CCER &= (uint16_t)~TIM_CCER_CC4E;
 289              		.loc 1 3334 3 view .LVU94
 290              		.loc 1 3334 7 is_stmt 0 view .LVU95
 291 0002 B0F820C0 		ldrh	ip, [r0, #32]
 292 0006 1FFA8CFC 		uxth	ip, ip
 293              		.loc 1 3334 14 view .LVU96
 294 000a 2CF4805C 		bic	ip, ip, #4096
 295 000e 1FFA8CFC 		uxth	ip, ip
 296 0012 A0F820C0 		strh	ip, [r0, #32]	@ movhi
3335:./Libraries/src/stm32f4xx_tim.c ****   tmpccmr2 = TIMx->CCMR2;
 297              		.loc 1 3335 3 is_stmt 1 view .LVU97
 298              		.loc 1 3335 12 is_stmt 0 view .LVU98
 299 0016 B0F81CE0 		ldrh	lr, [r0, #28]
 300              	.LVL39:
3336:./Libraries/src/stm32f4xx_tim.c ****   tmpccer = TIMx->CCER;
 301              		.loc 1 3336 3 is_stmt 1 view .LVU99
 302              		.loc 1 3336 11 is_stmt 0 view .LVU100
 303 001a B0F820C0 		ldrh	ip, [r0, #32]
 304              	.LVL40:
3337:./Libraries/src/stm32f4xx_tim.c ****   tmp = (uint16_t)(TIM_ICPolarity << 12);
 305              		.loc 1 3337 3 is_stmt 1 view .LVU101
 306              		.loc 1 3337 7 is_stmt 0 view .LVU102
 307 001e 0903     		lsls	r1, r1, #12
 308              	.LVL41:
 309              		.loc 1 3337 7 view .LVU103
 310 0020 89B2     		uxth	r1, r1
 311              	.LVL42:
3338:./Libraries/src/stm32f4xx_tim.c **** 
3339:./Libraries/src/stm32f4xx_tim.c ****   /* Select the Input and set the filter */
3340:./Libraries/src/stm32f4xx_tim.c ****   tmpccmr2 &= ((uint16_t)~TIM_CCMR1_CC2S) & ((uint16_t)~TIM_CCMR1_IC2F);
 312              		.loc 1 3340 3 is_stmt 1 view .LVU104
 313              		.loc 1 3340 12 is_stmt 0 view .LVU105
 314 0022 2EF4407E 		bic	lr, lr, #768
 315              	.LVL43:
ARM GAS  /tmp/cc0EAqnP.s 			page 65


 316              		.loc 1 3340 12 view .LVU106
 317 0026 4FEA0E5E 		lsl	lr, lr, #20
 318 002a 4FEA1E5E 		lsr	lr, lr, #20
 319              	.LVL44:
3341:./Libraries/src/stm32f4xx_tim.c ****   tmpccmr2 |= (uint16_t)(TIM_ICSelection << 8);
 320              		.loc 1 3341 3 is_stmt 1 view .LVU107
 321              		.loc 1 3341 15 is_stmt 0 view .LVU108
 322 002e 1202     		lsls	r2, r2, #8
 323              	.LVL45:
 324              		.loc 1 3341 15 view .LVU109
 325 0030 92B2     		uxth	r2, r2
 326              		.loc 1 3341 12 view .LVU110
 327 0032 42EA0E02 		orr	r2, r2, lr
 328              	.LVL46:
3342:./Libraries/src/stm32f4xx_tim.c ****   tmpccmr2 |= (uint16_t)(TIM_ICFilter << 12);
 329              		.loc 1 3342 3 is_stmt 1 view .LVU111
 330              		.loc 1 3342 15 is_stmt 0 view .LVU112
 331 0036 1B03     		lsls	r3, r3, #12
 332              	.LVL47:
 333              		.loc 1 3342 15 view .LVU113
 334 0038 9BB2     		uxth	r3, r3
 335              		.loc 1 3342 12 view .LVU114
 336 003a 1343     		orrs	r3, r3, r2
 337              	.LVL48:
3343:./Libraries/src/stm32f4xx_tim.c **** 
3344:./Libraries/src/stm32f4xx_tim.c ****   /* Select the Polarity and set the CC4E Bit */
3345:./Libraries/src/stm32f4xx_tim.c ****   tmpccer &= (uint16_t)~(TIM_CCER_CC4P | TIM_CCER_CC4NP);
 338              		.loc 1 3345 3 is_stmt 1 view .LVU115
 339              		.loc 1 3345 11 is_stmt 0 view .LVU116
 340 003c 2CF4005C 		bic	ip, ip, #8192
 341              	.LVL49:
 342              		.loc 1 3345 11 view .LVU117
 343 0040 4FEA4C4C 		lsl	ip, ip, #17
 344 0044 4FEA5C4C 		lsr	ip, ip, #17
 345              	.LVL50:
3346:./Libraries/src/stm32f4xx_tim.c ****   tmpccer |= (uint16_t)(tmp | (uint16_t)TIM_CCER_CC4E);
 346              		.loc 1 3346 3 is_stmt 1 view .LVU118
 347              		.loc 1 3346 11 is_stmt 0 view .LVU119
 348 0048 41EA0C01 		orr	r1, r1, ip
 349              	.LVL51:
 350              		.loc 1 3346 11 view .LVU120
 351 004c 41F48051 		orr	r1, r1, #4096
 352              	.LVL52:
3347:./Libraries/src/stm32f4xx_tim.c **** 
3348:./Libraries/src/stm32f4xx_tim.c ****   /* Write to TIMx CCMR2 and CCER registers */
3349:./Libraries/src/stm32f4xx_tim.c ****   TIMx->CCMR2 = tmpccmr2;
 353              		.loc 1 3349 3 is_stmt 1 view .LVU121
 354              		.loc 1 3349 15 is_stmt 0 view .LVU122
 355 0050 8383     		strh	r3, [r0, #28]	@ movhi
3350:./Libraries/src/stm32f4xx_tim.c ****   TIMx->CCER = tmpccer ;
 356              		.loc 1 3350 3 is_stmt 1 view .LVU123
 357              		.loc 1 3350 14 is_stmt 0 view .LVU124
 358 0052 0184     		strh	r1, [r0, #32]	@ movhi
3351:./Libraries/src/stm32f4xx_tim.c **** }
 359              		.loc 1 3351 1 view .LVU125
 360 0054 5DF804FB 		ldr	pc, [sp], #4
 361              		.cfi_endproc
ARM GAS  /tmp/cc0EAqnP.s 			page 66


 362              	.LFE214:
 364              		.section	.text.TIM_DeInit,"ax",%progbits
 365              		.align	1
 366              		.global	TIM_DeInit
 367              		.syntax unified
 368              		.thumb
 369              		.thumb_func
 371              	TIM_DeInit:
 372              	.LVL53:
 373              	.LFB123:
 201:./Libraries/src/stm32f4xx_tim.c ****   /* Check the parameters */
 374              		.loc 1 201 1 is_stmt 1 view -0
 375              		.cfi_startproc
 376              		@ args = 0, pretend = 0, frame = 0
 377              		@ frame_needed = 0, uses_anonymous_args = 0
 201:./Libraries/src/stm32f4xx_tim.c ****   /* Check the parameters */
 378              		.loc 1 201 1 is_stmt 0 view .LVU127
 379 0000 08B5     		push	{r3, lr}
 380              	.LCFI4:
 381              		.cfi_def_cfa_offset 8
 382              		.cfi_offset 3, -8
 383              		.cfi_offset 14, -4
 203:./Libraries/src/stm32f4xx_tim.c ****  
 384              		.loc 1 203 3 is_stmt 1 view .LVU128
 205:./Libraries/src/stm32f4xx_tim.c ****   {
 385              		.loc 1 205 3 view .LVU129
 205:./Libraries/src/stm32f4xx_tim.c ****   {
 386              		.loc 1 205 6 is_stmt 0 view .LVU130
 387 0002 584B     		ldr	r3, .L38
 388 0004 9842     		cmp	r0, r3
 389 0006 31D0     		beq	.L25
 210:./Libraries/src/stm32f4xx_tim.c ****   {     
 390              		.loc 1 210 8 is_stmt 1 view .LVU131
 210:./Libraries/src/stm32f4xx_tim.c ****   {     
 391              		.loc 1 210 11 is_stmt 0 view .LVU132
 392 0008 B0F1804F 		cmp	r0, #1073741824
 393 000c 37D0     		beq	.L26
 215:./Libraries/src/stm32f4xx_tim.c ****   { 
 394              		.loc 1 215 8 is_stmt 1 view .LVU133
 215:./Libraries/src/stm32f4xx_tim.c ****   { 
 395              		.loc 1 215 11 is_stmt 0 view .LVU134
 396 000e 564B     		ldr	r3, .L38+4
 397 0010 9842     		cmp	r0, r3
 398 0012 3DD0     		beq	.L27
 220:./Libraries/src/stm32f4xx_tim.c ****   { 
 399              		.loc 1 220 8 is_stmt 1 view .LVU135
 220:./Libraries/src/stm32f4xx_tim.c ****   { 
 400              		.loc 1 220 11 is_stmt 0 view .LVU136
 401 0014 554B     		ldr	r3, .L38+8
 402 0016 9842     		cmp	r0, r3
 403 0018 43D0     		beq	.L28
 225:./Libraries/src/stm32f4xx_tim.c ****   {      
 404              		.loc 1 225 8 is_stmt 1 view .LVU137
 225:./Libraries/src/stm32f4xx_tim.c ****   {      
 405              		.loc 1 225 11 is_stmt 0 view .LVU138
 406 001a 554B     		ldr	r3, .L38+12
 407 001c 9842     		cmp	r0, r3
ARM GAS  /tmp/cc0EAqnP.s 			page 67


 408 001e 49D0     		beq	.L29
 230:./Libraries/src/stm32f4xx_tim.c ****   {    
 409              		.loc 1 230 8 is_stmt 1 view .LVU139
 230:./Libraries/src/stm32f4xx_tim.c ****   {    
 410              		.loc 1 230 11 is_stmt 0 view .LVU140
 411 0020 544B     		ldr	r3, .L38+16
 412 0022 9842     		cmp	r0, r3
 413 0024 4FD0     		beq	.L30
 235:./Libraries/src/stm32f4xx_tim.c ****   {      
 414              		.loc 1 235 8 is_stmt 1 view .LVU141
 235:./Libraries/src/stm32f4xx_tim.c ****   {      
 415              		.loc 1 235 11 is_stmt 0 view .LVU142
 416 0026 544B     		ldr	r3, .L38+20
 417 0028 9842     		cmp	r0, r3
 418 002a 55D0     		beq	.L31
 240:./Libraries/src/stm32f4xx_tim.c ****   {      
 419              		.loc 1 240 8 is_stmt 1 view .LVU143
 240:./Libraries/src/stm32f4xx_tim.c ****   {      
 420              		.loc 1 240 11 is_stmt 0 view .LVU144
 421 002c 534B     		ldr	r3, .L38+24
 422 002e 9842     		cmp	r0, r3
 423 0030 5BD0     		beq	.L32
 245:./Libraries/src/stm32f4xx_tim.c ****   {      
 424              		.loc 1 245 8 is_stmt 1 view .LVU145
 245:./Libraries/src/stm32f4xx_tim.c ****   {      
 425              		.loc 1 245 11 is_stmt 0 view .LVU146
 426 0032 534B     		ldr	r3, .L38+28
 427 0034 9842     		cmp	r0, r3
 428 0036 61D0     		beq	.L33
 250:./Libraries/src/stm32f4xx_tim.c ****   {      
 429              		.loc 1 250 8 is_stmt 1 view .LVU147
 250:./Libraries/src/stm32f4xx_tim.c ****   {      
 430              		.loc 1 250 11 is_stmt 0 view .LVU148
 431 0038 524B     		ldr	r3, .L38+32
 432 003a 9842     		cmp	r0, r3
 433 003c 69D0     		beq	.L34
 255:./Libraries/src/stm32f4xx_tim.c ****   {     
 434              		.loc 1 255 8 is_stmt 1 view .LVU149
 255:./Libraries/src/stm32f4xx_tim.c ****   {     
 435              		.loc 1 255 11 is_stmt 0 view .LVU150
 436 003e 524B     		ldr	r3, .L38+36
 437 0040 9842     		cmp	r0, r3
 438 0042 71D0     		beq	.L35
 260:./Libraries/src/stm32f4xx_tim.c ****   {      
 439              		.loc 1 260 8 is_stmt 1 view .LVU151
 260:./Libraries/src/stm32f4xx_tim.c ****   {      
 440              		.loc 1 260 11 is_stmt 0 view .LVU152
 441 0044 514B     		ldr	r3, .L38+40
 442 0046 9842     		cmp	r0, r3
 443 0048 79D0     		beq	.L36
 265:./Libraries/src/stm32f4xx_tim.c ****   {       
 444              		.loc 1 265 8 is_stmt 1 view .LVU153
 265:./Libraries/src/stm32f4xx_tim.c ****   {       
 445              		.loc 1 265 11 is_stmt 0 view .LVU154
 446 004a 514B     		ldr	r3, .L38+44
 447 004c 9842     		cmp	r0, r3
 448 004e 7FD0     		beq	.L37
ARM GAS  /tmp/cc0EAqnP.s 			page 68


 272:./Libraries/src/stm32f4xx_tim.c ****     {     
 449              		.loc 1 272 5 is_stmt 1 view .LVU155
 272:./Libraries/src/stm32f4xx_tim.c ****     {     
 450              		.loc 1 272 8 is_stmt 0 view .LVU156
 451 0050 504B     		ldr	r3, .L38+48
 452 0052 9842     		cmp	r0, r3
 453 0054 12D1     		bne	.L9
 274:./Libraries/src/stm32f4xx_tim.c ****       RCC_APB1PeriphResetCmd(RCC_APB1Periph_TIM14, DISABLE); 
 454              		.loc 1 274 7 is_stmt 1 view .LVU157
 455 0056 0121     		movs	r1, #1
 456 0058 4FF48070 		mov	r0, #256
 457              	.LVL54:
 274:./Libraries/src/stm32f4xx_tim.c ****       RCC_APB1PeriphResetCmd(RCC_APB1Periph_TIM14, DISABLE); 
 458              		.loc 1 274 7 is_stmt 0 view .LVU158
 459 005c FFF7FEFF 		bl	RCC_APB1PeriphResetCmd
 460              	.LVL55:
 275:./Libraries/src/stm32f4xx_tim.c ****     }   
 461              		.loc 1 275 7 is_stmt 1 view .LVU159
 462 0060 0021     		movs	r1, #0
 463 0062 4FF48070 		mov	r0, #256
 464 0066 FFF7FEFF 		bl	RCC_APB1PeriphResetCmd
 465              	.LVL56:
 278:./Libraries/src/stm32f4xx_tim.c **** 
 466              		.loc 1 278 1 is_stmt 0 view .LVU160
 467 006a 07E0     		b	.L9
 468              	.LVL57:
 469              	.L25:
 207:./Libraries/src/stm32f4xx_tim.c ****     RCC_APB2PeriphResetCmd(RCC_APB2Periph_TIM1, DISABLE);  
 470              		.loc 1 207 5 is_stmt 1 view .LVU161
 471 006c 0121     		movs	r1, #1
 472 006e 0846     		mov	r0, r1
 473              	.LVL58:
 207:./Libraries/src/stm32f4xx_tim.c ****     RCC_APB2PeriphResetCmd(RCC_APB2Periph_TIM1, DISABLE);  
 474              		.loc 1 207 5 is_stmt 0 view .LVU162
 475 0070 FFF7FEFF 		bl	RCC_APB2PeriphResetCmd
 476              	.LVL59:
 208:./Libraries/src/stm32f4xx_tim.c ****   } 
 477              		.loc 1 208 5 is_stmt 1 view .LVU163
 478 0074 0021     		movs	r1, #0
 479 0076 0120     		movs	r0, #1
 480 0078 FFF7FEFF 		bl	RCC_APB2PeriphResetCmd
 481              	.LVL60:
 482              	.L9:
 278:./Libraries/src/stm32f4xx_tim.c **** 
 483              		.loc 1 278 1 is_stmt 0 view .LVU164
 484 007c 08BD     		pop	{r3, pc}
 485              	.LVL61:
 486              	.L26:
 212:./Libraries/src/stm32f4xx_tim.c ****     RCC_APB1PeriphResetCmd(RCC_APB1Periph_TIM2, DISABLE);
 487              		.loc 1 212 5 is_stmt 1 view .LVU165
 488 007e 0121     		movs	r1, #1
 489 0080 0846     		mov	r0, r1
 490              	.LVL62:
 212:./Libraries/src/stm32f4xx_tim.c ****     RCC_APB1PeriphResetCmd(RCC_APB1Periph_TIM2, DISABLE);
 491              		.loc 1 212 5 is_stmt 0 view .LVU166
 492 0082 FFF7FEFF 		bl	RCC_APB1PeriphResetCmd
 493              	.LVL63:
ARM GAS  /tmp/cc0EAqnP.s 			page 69


 213:./Libraries/src/stm32f4xx_tim.c ****   }  
 494              		.loc 1 213 5 is_stmt 1 view .LVU167
 495 0086 0021     		movs	r1, #0
 496 0088 0120     		movs	r0, #1
 497 008a FFF7FEFF 		bl	RCC_APB1PeriphResetCmd
 498              	.LVL64:
 499 008e F5E7     		b	.L9
 500              	.LVL65:
 501              	.L27:
 217:./Libraries/src/stm32f4xx_tim.c ****     RCC_APB1PeriphResetCmd(RCC_APB1Periph_TIM3, DISABLE);
 502              		.loc 1 217 5 view .LVU168
 503 0090 0121     		movs	r1, #1
 504 0092 0220     		movs	r0, #2
 505              	.LVL66:
 217:./Libraries/src/stm32f4xx_tim.c ****     RCC_APB1PeriphResetCmd(RCC_APB1Periph_TIM3, DISABLE);
 506              		.loc 1 217 5 is_stmt 0 view .LVU169
 507 0094 FFF7FEFF 		bl	RCC_APB1PeriphResetCmd
 508              	.LVL67:
 218:./Libraries/src/stm32f4xx_tim.c ****   }  
 509              		.loc 1 218 5 is_stmt 1 view .LVU170
 510 0098 0021     		movs	r1, #0
 511 009a 0220     		movs	r0, #2
 512 009c FFF7FEFF 		bl	RCC_APB1PeriphResetCmd
 513              	.LVL68:
 514 00a0 ECE7     		b	.L9
 515              	.LVL69:
 516              	.L28:
 222:./Libraries/src/stm32f4xx_tim.c ****     RCC_APB1PeriphResetCmd(RCC_APB1Periph_TIM4, DISABLE);
 517              		.loc 1 222 5 view .LVU171
 518 00a2 0121     		movs	r1, #1
 519 00a4 0420     		movs	r0, #4
 520              	.LVL70:
 222:./Libraries/src/stm32f4xx_tim.c ****     RCC_APB1PeriphResetCmd(RCC_APB1Periph_TIM4, DISABLE);
 521              		.loc 1 222 5 is_stmt 0 view .LVU172
 522 00a6 FFF7FEFF 		bl	RCC_APB1PeriphResetCmd
 523              	.LVL71:
 223:./Libraries/src/stm32f4xx_tim.c ****   }  
 524              		.loc 1 223 5 is_stmt 1 view .LVU173
 525 00aa 0021     		movs	r1, #0
 526 00ac 0420     		movs	r0, #4
 527 00ae FFF7FEFF 		bl	RCC_APB1PeriphResetCmd
 528              	.LVL72:
 529 00b2 E3E7     		b	.L9
 530              	.LVL73:
 531              	.L29:
 227:./Libraries/src/stm32f4xx_tim.c ****     RCC_APB1PeriphResetCmd(RCC_APB1Periph_TIM5, DISABLE);
 532              		.loc 1 227 5 view .LVU174
 533 00b4 0121     		movs	r1, #1
 534 00b6 0820     		movs	r0, #8
 535              	.LVL74:
 227:./Libraries/src/stm32f4xx_tim.c ****     RCC_APB1PeriphResetCmd(RCC_APB1Periph_TIM5, DISABLE);
 536              		.loc 1 227 5 is_stmt 0 view .LVU175
 537 00b8 FFF7FEFF 		bl	RCC_APB1PeriphResetCmd
 538              	.LVL75:
 228:./Libraries/src/stm32f4xx_tim.c ****   }  
 539              		.loc 1 228 5 is_stmt 1 view .LVU176
 540 00bc 0021     		movs	r1, #0
ARM GAS  /tmp/cc0EAqnP.s 			page 70


 541 00be 0820     		movs	r0, #8
 542 00c0 FFF7FEFF 		bl	RCC_APB1PeriphResetCmd
 543              	.LVL76:
 544 00c4 DAE7     		b	.L9
 545              	.LVL77:
 546              	.L30:
 232:./Libraries/src/stm32f4xx_tim.c ****     RCC_APB1PeriphResetCmd(RCC_APB1Periph_TIM6, DISABLE);
 547              		.loc 1 232 5 view .LVU177
 548 00c6 0121     		movs	r1, #1
 549 00c8 1020     		movs	r0, #16
 550              	.LVL78:
 232:./Libraries/src/stm32f4xx_tim.c ****     RCC_APB1PeriphResetCmd(RCC_APB1Periph_TIM6, DISABLE);
 551              		.loc 1 232 5 is_stmt 0 view .LVU178
 552 00ca FFF7FEFF 		bl	RCC_APB1PeriphResetCmd
 553              	.LVL79:
 233:./Libraries/src/stm32f4xx_tim.c ****   }  
 554              		.loc 1 233 5 is_stmt 1 view .LVU179
 555 00ce 0021     		movs	r1, #0
 556 00d0 1020     		movs	r0, #16
 557 00d2 FFF7FEFF 		bl	RCC_APB1PeriphResetCmd
 558              	.LVL80:
 559 00d6 D1E7     		b	.L9
 560              	.LVL81:
 561              	.L31:
 237:./Libraries/src/stm32f4xx_tim.c ****     RCC_APB1PeriphResetCmd(RCC_APB1Periph_TIM7, DISABLE);
 562              		.loc 1 237 5 view .LVU180
 563 00d8 0121     		movs	r1, #1
 564 00da 2020     		movs	r0, #32
 565              	.LVL82:
 237:./Libraries/src/stm32f4xx_tim.c ****     RCC_APB1PeriphResetCmd(RCC_APB1Periph_TIM7, DISABLE);
 566              		.loc 1 237 5 is_stmt 0 view .LVU181
 567 00dc FFF7FEFF 		bl	RCC_APB1PeriphResetCmd
 568              	.LVL83:
 238:./Libraries/src/stm32f4xx_tim.c ****   }  
 569              		.loc 1 238 5 is_stmt 1 view .LVU182
 570 00e0 0021     		movs	r1, #0
 571 00e2 2020     		movs	r0, #32
 572 00e4 FFF7FEFF 		bl	RCC_APB1PeriphResetCmd
 573              	.LVL84:
 574 00e8 C8E7     		b	.L9
 575              	.LVL85:
 576              	.L32:
 242:./Libraries/src/stm32f4xx_tim.c ****     RCC_APB2PeriphResetCmd(RCC_APB2Periph_TIM8, DISABLE);  
 577              		.loc 1 242 5 view .LVU183
 578 00ea 0121     		movs	r1, #1
 579 00ec 0220     		movs	r0, #2
 580              	.LVL86:
 242:./Libraries/src/stm32f4xx_tim.c ****     RCC_APB2PeriphResetCmd(RCC_APB2Periph_TIM8, DISABLE);  
 581              		.loc 1 242 5 is_stmt 0 view .LVU184
 582 00ee FFF7FEFF 		bl	RCC_APB2PeriphResetCmd
 583              	.LVL87:
 243:./Libraries/src/stm32f4xx_tim.c ****   }  
 584              		.loc 1 243 5 is_stmt 1 view .LVU185
 585 00f2 0021     		movs	r1, #0
 586 00f4 0220     		movs	r0, #2
 587 00f6 FFF7FEFF 		bl	RCC_APB2PeriphResetCmd
 588              	.LVL88:
ARM GAS  /tmp/cc0EAqnP.s 			page 71


 589 00fa BFE7     		b	.L9
 590              	.LVL89:
 591              	.L33:
 247:./Libraries/src/stm32f4xx_tim.c ****     RCC_APB2PeriphResetCmd(RCC_APB2Periph_TIM9, DISABLE);  
 592              		.loc 1 247 5 view .LVU186
 593 00fc 0121     		movs	r1, #1
 594 00fe 4FF48030 		mov	r0, #65536
 595              	.LVL90:
 247:./Libraries/src/stm32f4xx_tim.c ****     RCC_APB2PeriphResetCmd(RCC_APB2Periph_TIM9, DISABLE);  
 596              		.loc 1 247 5 is_stmt 0 view .LVU187
 597 0102 FFF7FEFF 		bl	RCC_APB2PeriphResetCmd
 598              	.LVL91:
 248:./Libraries/src/stm32f4xx_tim.c ****    }  
 599              		.loc 1 248 5 is_stmt 1 view .LVU188
 600 0106 0021     		movs	r1, #0
 601 0108 4FF48030 		mov	r0, #65536
 602 010c FFF7FEFF 		bl	RCC_APB2PeriphResetCmd
 603              	.LVL92:
 604 0110 B4E7     		b	.L9
 605              	.LVL93:
 606              	.L34:
 252:./Libraries/src/stm32f4xx_tim.c ****     RCC_APB2PeriphResetCmd(RCC_APB2Periph_TIM10, DISABLE);  
 607              		.loc 1 252 5 view .LVU189
 608 0112 0121     		movs	r1, #1
 609 0114 4FF40030 		mov	r0, #131072
 610              	.LVL94:
 252:./Libraries/src/stm32f4xx_tim.c ****     RCC_APB2PeriphResetCmd(RCC_APB2Periph_TIM10, DISABLE);  
 611              		.loc 1 252 5 is_stmt 0 view .LVU190
 612 0118 FFF7FEFF 		bl	RCC_APB2PeriphResetCmd
 613              	.LVL95:
 253:./Libraries/src/stm32f4xx_tim.c ****   }  
 614              		.loc 1 253 5 is_stmt 1 view .LVU191
 615 011c 0021     		movs	r1, #0
 616 011e 4FF40030 		mov	r0, #131072
 617 0122 FFF7FEFF 		bl	RCC_APB2PeriphResetCmd
 618              	.LVL96:
 619 0126 A9E7     		b	.L9
 620              	.LVL97:
 621              	.L35:
 257:./Libraries/src/stm32f4xx_tim.c ****     RCC_APB2PeriphResetCmd(RCC_APB2Periph_TIM11, DISABLE);  
 622              		.loc 1 257 5 view .LVU192
 623 0128 0121     		movs	r1, #1
 624 012a 4FF48020 		mov	r0, #262144
 625              	.LVL98:
 257:./Libraries/src/stm32f4xx_tim.c ****     RCC_APB2PeriphResetCmd(RCC_APB2Periph_TIM11, DISABLE);  
 626              		.loc 1 257 5 is_stmt 0 view .LVU193
 627 012e FFF7FEFF 		bl	RCC_APB2PeriphResetCmd
 628              	.LVL99:
 258:./Libraries/src/stm32f4xx_tim.c ****   }  
 629              		.loc 1 258 5 is_stmt 1 view .LVU194
 630 0132 0021     		movs	r1, #0
 631 0134 4FF48020 		mov	r0, #262144
 632 0138 FFF7FEFF 		bl	RCC_APB2PeriphResetCmd
 633              	.LVL100:
 634 013c 9EE7     		b	.L9
 635              	.LVL101:
 636              	.L36:
ARM GAS  /tmp/cc0EAqnP.s 			page 72


 262:./Libraries/src/stm32f4xx_tim.c ****     RCC_APB1PeriphResetCmd(RCC_APB1Periph_TIM12, DISABLE);  
 637              		.loc 1 262 5 view .LVU195
 638 013e 0121     		movs	r1, #1
 639 0140 4020     		movs	r0, #64
 640              	.LVL102:
 262:./Libraries/src/stm32f4xx_tim.c ****     RCC_APB1PeriphResetCmd(RCC_APB1Periph_TIM12, DISABLE);  
 641              		.loc 1 262 5 is_stmt 0 view .LVU196
 642 0142 FFF7FEFF 		bl	RCC_APB1PeriphResetCmd
 643              	.LVL103:
 263:./Libraries/src/stm32f4xx_tim.c ****   }  
 644              		.loc 1 263 5 is_stmt 1 view .LVU197
 645 0146 0021     		movs	r1, #0
 646 0148 4020     		movs	r0, #64
 647 014a FFF7FEFF 		bl	RCC_APB1PeriphResetCmd
 648              	.LVL104:
 649 014e 95E7     		b	.L9
 650              	.LVL105:
 651              	.L37:
 267:./Libraries/src/stm32f4xx_tim.c ****     RCC_APB1PeriphResetCmd(RCC_APB1Periph_TIM13, DISABLE);  
 652              		.loc 1 267 5 view .LVU198
 653 0150 0121     		movs	r1, #1
 654 0152 8020     		movs	r0, #128
 655              	.LVL106:
 267:./Libraries/src/stm32f4xx_tim.c ****     RCC_APB1PeriphResetCmd(RCC_APB1Periph_TIM13, DISABLE);  
 656              		.loc 1 267 5 is_stmt 0 view .LVU199
 657 0154 FFF7FEFF 		bl	RCC_APB1PeriphResetCmd
 658              	.LVL107:
 268:./Libraries/src/stm32f4xx_tim.c ****   }  
 659              		.loc 1 268 5 is_stmt 1 view .LVU200
 660 0158 0021     		movs	r1, #0
 661 015a 8020     		movs	r0, #128
 662 015c FFF7FEFF 		bl	RCC_APB1PeriphResetCmd
 663              	.LVL108:
 664 0160 8CE7     		b	.L9
 665              	.L39:
 666 0162 00BF     		.align	2
 667              	.L38:
 668 0164 00000140 		.word	1073807360
 669 0168 00040040 		.word	1073742848
 670 016c 00080040 		.word	1073743872
 671 0170 000C0040 		.word	1073744896
 672 0174 00100040 		.word	1073745920
 673 0178 00140040 		.word	1073746944
 674 017c 00040140 		.word	1073808384
 675 0180 00400140 		.word	1073823744
 676 0184 00440140 		.word	1073824768
 677 0188 00480140 		.word	1073825792
 678 018c 00180040 		.word	1073747968
 679 0190 001C0040 		.word	1073748992
 680 0194 00200040 		.word	1073750016
 681              		.cfi_endproc
 682              	.LFE123:
 684              		.section	.text.TIM_TimeBaseInit,"ax",%progbits
 685              		.align	1
 686              		.global	TIM_TimeBaseInit
 687              		.syntax unified
 688              		.thumb
ARM GAS  /tmp/cc0EAqnP.s 			page 73


 689              		.thumb_func
 691              	TIM_TimeBaseInit:
 692              	.LVL109:
 693              	.LFB124:
 289:./Libraries/src/stm32f4xx_tim.c ****   uint16_t tmpcr1 = 0;
 694              		.loc 1 289 1 view -0
 695              		.cfi_startproc
 696              		@ args = 0, pretend = 0, frame = 0
 697              		@ frame_needed = 0, uses_anonymous_args = 0
 698              		@ link register save eliminated.
 290:./Libraries/src/stm32f4xx_tim.c **** 
 699              		.loc 1 290 3 view .LVU202
 293:./Libraries/src/stm32f4xx_tim.c ****   assert_param(IS_TIM_COUNTER_MODE(TIM_TimeBaseInitStruct->TIM_CounterMode));
 700              		.loc 1 293 3 view .LVU203
 294:./Libraries/src/stm32f4xx_tim.c ****   assert_param(IS_TIM_CKD_DIV(TIM_TimeBaseInitStruct->TIM_ClockDivision));
 701              		.loc 1 294 3 view .LVU204
 295:./Libraries/src/stm32f4xx_tim.c **** 
 702              		.loc 1 295 3 view .LVU205
 297:./Libraries/src/stm32f4xx_tim.c **** 
 703              		.loc 1 297 3 view .LVU206
 297:./Libraries/src/stm32f4xx_tim.c **** 
 704              		.loc 1 297 10 is_stmt 0 view .LVU207
 705 0000 0388     		ldrh	r3, [r0]
 706 0002 9BB2     		uxth	r3, r3
 707              	.LVL110:
 299:./Libraries/src/stm32f4xx_tim.c ****      (TIMx == TIM2) || (TIMx == TIM3)||
 708              		.loc 1 299 3 is_stmt 1 view .LVU208
 299:./Libraries/src/stm32f4xx_tim.c ****      (TIMx == TIM2) || (TIMx == TIM3)||
 709              		.loc 1 299 5 is_stmt 0 view .LVU209
 710 0004 1B4A     		ldr	r2, .L46
 711 0006 9042     		cmp	r0, r2
 712 0008 12D0     		beq	.L41
 299:./Libraries/src/stm32f4xx_tim.c ****      (TIMx == TIM2) || (TIMx == TIM3)||
 713              		.loc 1 299 21 discriminator 1 view .LVU210
 714 000a 02F58062 		add	r2, r2, #1024
 715 000e 9042     		cmp	r0, r2
 716 0010 0ED0     		beq	.L41
 299:./Libraries/src/stm32f4xx_tim.c ****      (TIMx == TIM2) || (TIMx == TIM3)||
 717              		.loc 1 299 38 discriminator 2 view .LVU211
 718 0012 B0F1804F 		cmp	r0, #1073741824
 719 0016 0BD0     		beq	.L41
 300:./Libraries/src/stm32f4xx_tim.c ****      (TIMx == TIM4) || (TIMx == TIM5)) 
 720              		.loc 1 300 21 view .LVU212
 721 0018 A2F58032 		sub	r2, r2, #65536
 722 001c 9042     		cmp	r0, r2
 723 001e 07D0     		beq	.L41
 300:./Libraries/src/stm32f4xx_tim.c ****      (TIMx == TIM4) || (TIMx == TIM5)) 
 724              		.loc 1 300 38 discriminator 1 view .LVU213
 725 0020 02F58062 		add	r2, r2, #1024
 726 0024 9042     		cmp	r0, r2
 727 0026 03D0     		beq	.L41
 301:./Libraries/src/stm32f4xx_tim.c ****   {
 728              		.loc 1 301 21 view .LVU214
 729 0028 02F58062 		add	r2, r2, #1024
 730 002c 9042     		cmp	r0, r2
 731 002e 03D1     		bne	.L42
 732              	.L41:
ARM GAS  /tmp/cc0EAqnP.s 			page 74


 304:./Libraries/src/stm32f4xx_tim.c ****     tmpcr1 |= (uint32_t)TIM_TimeBaseInitStruct->TIM_CounterMode;
 733              		.loc 1 304 5 is_stmt 1 view .LVU215
 304:./Libraries/src/stm32f4xx_tim.c ****     tmpcr1 |= (uint32_t)TIM_TimeBaseInitStruct->TIM_CounterMode;
 734              		.loc 1 304 12 is_stmt 0 view .LVU216
 735 0030 23F07003 		bic	r3, r3, #112
 736              	.LVL111:
 305:./Libraries/src/stm32f4xx_tim.c ****   }
 737              		.loc 1 305 5 is_stmt 1 view .LVU217
 305:./Libraries/src/stm32f4xx_tim.c ****   }
 738              		.loc 1 305 47 is_stmt 0 view .LVU218
 739 0034 4A88     		ldrh	r2, [r1, #2]
 305:./Libraries/src/stm32f4xx_tim.c ****   }
 740              		.loc 1 305 12 view .LVU219
 741 0036 1343     		orrs	r3, r3, r2
 742              	.LVL112:
 743              	.L42:
 308:./Libraries/src/stm32f4xx_tim.c ****   {
 744              		.loc 1 308 3 is_stmt 1 view .LVU220
 308:./Libraries/src/stm32f4xx_tim.c ****   {
 745              		.loc 1 308 5 is_stmt 0 view .LVU221
 746 0038 0F4A     		ldr	r2, .L46+4
 747 003a 9042     		cmp	r0, r2
 748 003c 08D0     		beq	.L43
 308:./Libraries/src/stm32f4xx_tim.c ****   {
 749              		.loc 1 308 21 discriminator 1 view .LVU222
 750 003e 02F58062 		add	r2, r2, #1024
 751 0042 9042     		cmp	r0, r2
 752 0044 04D0     		beq	.L43
 311:./Libraries/src/stm32f4xx_tim.c ****     tmpcr1 |= (uint32_t)TIM_TimeBaseInitStruct->TIM_ClockDivision;
 753              		.loc 1 311 5 is_stmt 1 view .LVU223
 311:./Libraries/src/stm32f4xx_tim.c ****     tmpcr1 |= (uint32_t)TIM_TimeBaseInitStruct->TIM_ClockDivision;
 754              		.loc 1 311 12 is_stmt 0 view .LVU224
 755 0046 23F44073 		bic	r3, r3, #768
 756              	.LVL113:
 311:./Libraries/src/stm32f4xx_tim.c ****     tmpcr1 |= (uint32_t)TIM_TimeBaseInitStruct->TIM_ClockDivision;
 757              		.loc 1 311 12 view .LVU225
 758 004a 9BB2     		uxth	r3, r3
 759              	.LVL114:
 312:./Libraries/src/stm32f4xx_tim.c ****   }
 760              		.loc 1 312 5 is_stmt 1 view .LVU226
 312:./Libraries/src/stm32f4xx_tim.c ****   }
 761              		.loc 1 312 47 is_stmt 0 view .LVU227
 762 004c 0A89     		ldrh	r2, [r1, #8]
 312:./Libraries/src/stm32f4xx_tim.c ****   }
 763              		.loc 1 312 12 view .LVU228
 764 004e 1343     		orrs	r3, r3, r2
 765              	.LVL115:
 766              	.L43:
 315:./Libraries/src/stm32f4xx_tim.c **** 
 767              		.loc 1 315 3 is_stmt 1 view .LVU229
 315:./Libraries/src/stm32f4xx_tim.c **** 
 768              		.loc 1 315 13 is_stmt 0 view .LVU230
 769 0050 0380     		strh	r3, [r0]	@ movhi
 318:./Libraries/src/stm32f4xx_tim.c ****  
 770              		.loc 1 318 3 is_stmt 1 view .LVU231
 318:./Libraries/src/stm32f4xx_tim.c ****  
 771              		.loc 1 318 37 is_stmt 0 view .LVU232
ARM GAS  /tmp/cc0EAqnP.s 			page 75


 772 0052 4B68     		ldr	r3, [r1, #4]
 773              	.LVL116:
 318:./Libraries/src/stm32f4xx_tim.c ****  
 774              		.loc 1 318 13 view .LVU233
 775 0054 C362     		str	r3, [r0, #44]
 776              	.LVL117:
 321:./Libraries/src/stm32f4xx_tim.c ****     
 777              		.loc 1 321 3 is_stmt 1 view .LVU234
 321:./Libraries/src/stm32f4xx_tim.c ****     
 778              		.loc 1 321 37 is_stmt 0 view .LVU235
 779 0056 0B88     		ldrh	r3, [r1]
 321:./Libraries/src/stm32f4xx_tim.c ****     
 780              		.loc 1 321 13 view .LVU236
 781 0058 0385     		strh	r3, [r0, #40]	@ movhi
 323:./Libraries/src/stm32f4xx_tim.c ****   {
 782              		.loc 1 323 3 is_stmt 1 view .LVU237
 323:./Libraries/src/stm32f4xx_tim.c ****   {
 783              		.loc 1 323 6 is_stmt 0 view .LVU238
 784 005a 064B     		ldr	r3, .L46
 785 005c 9842     		cmp	r0, r3
 786 005e 03D0     		beq	.L44
 323:./Libraries/src/stm32f4xx_tim.c ****   {
 787              		.loc 1 323 22 discriminator 1 view .LVU239
 788 0060 03F58063 		add	r3, r3, #1024
 789 0064 9842     		cmp	r0, r3
 790 0066 01D1     		bne	.L45
 791              	.L44:
 326:./Libraries/src/stm32f4xx_tim.c ****   }
 792              		.loc 1 326 5 is_stmt 1 view .LVU240
 326:./Libraries/src/stm32f4xx_tim.c ****   }
 793              		.loc 1 326 39 is_stmt 0 view .LVU241
 794 0068 8B7A     		ldrb	r3, [r1, #10]	@ zero_extendqisi2
 326:./Libraries/src/stm32f4xx_tim.c ****   }
 795              		.loc 1 326 15 view .LVU242
 796 006a 0386     		strh	r3, [r0, #48]	@ movhi
 797              	.L45:
 331:./Libraries/src/stm32f4xx_tim.c **** }
 798              		.loc 1 331 3 is_stmt 1 view .LVU243
 331:./Libraries/src/stm32f4xx_tim.c **** }
 799              		.loc 1 331 13 is_stmt 0 view .LVU244
 800 006c 0123     		movs	r3, #1
 801 006e 8382     		strh	r3, [r0, #20]	@ movhi
 332:./Libraries/src/stm32f4xx_tim.c **** 
 802              		.loc 1 332 1 view .LVU245
 803 0070 7047     		bx	lr
 804              	.L47:
 805 0072 00BF     		.align	2
 806              	.L46:
 807 0074 00000140 		.word	1073807360
 808 0078 00100040 		.word	1073745920
 809              		.cfi_endproc
 810              	.LFE124:
 812              		.section	.text.TIM_TimeBaseStructInit,"ax",%progbits
 813              		.align	1
 814              		.global	TIM_TimeBaseStructInit
 815              		.syntax unified
 816              		.thumb
ARM GAS  /tmp/cc0EAqnP.s 			page 76


 817              		.thumb_func
 819              	TIM_TimeBaseStructInit:
 820              	.LVL118:
 821              	.LFB125:
 341:./Libraries/src/stm32f4xx_tim.c ****   /* Set the default configuration */
 822              		.loc 1 341 1 is_stmt 1 view -0
 823              		.cfi_startproc
 824              		@ args = 0, pretend = 0, frame = 0
 825              		@ frame_needed = 0, uses_anonymous_args = 0
 826              		@ link register save eliminated.
 343:./Libraries/src/stm32f4xx_tim.c ****   TIM_TimeBaseInitStruct->TIM_Prescaler = 0x0000;
 827              		.loc 1 343 3 view .LVU247
 343:./Libraries/src/stm32f4xx_tim.c ****   TIM_TimeBaseInitStruct->TIM_Prescaler = 0x0000;
 828              		.loc 1 343 38 is_stmt 0 view .LVU248
 829 0000 4FF0FF33 		mov	r3, #-1
 830 0004 4360     		str	r3, [r0, #4]
 344:./Libraries/src/stm32f4xx_tim.c ****   TIM_TimeBaseInitStruct->TIM_ClockDivision = TIM_CKD_DIV1;
 831              		.loc 1 344 3 is_stmt 1 view .LVU249
 344:./Libraries/src/stm32f4xx_tim.c ****   TIM_TimeBaseInitStruct->TIM_ClockDivision = TIM_CKD_DIV1;
 832              		.loc 1 344 41 is_stmt 0 view .LVU250
 833 0006 0023     		movs	r3, #0
 834 0008 0380     		strh	r3, [r0]	@ movhi
 345:./Libraries/src/stm32f4xx_tim.c ****   TIM_TimeBaseInitStruct->TIM_CounterMode = TIM_CounterMode_Up;
 835              		.loc 1 345 3 is_stmt 1 view .LVU251
 345:./Libraries/src/stm32f4xx_tim.c ****   TIM_TimeBaseInitStruct->TIM_CounterMode = TIM_CounterMode_Up;
 836              		.loc 1 345 45 is_stmt 0 view .LVU252
 837 000a 0381     		strh	r3, [r0, #8]	@ movhi
 346:./Libraries/src/stm32f4xx_tim.c ****   TIM_TimeBaseInitStruct->TIM_RepetitionCounter = 0x0000;
 838              		.loc 1 346 3 is_stmt 1 view .LVU253
 346:./Libraries/src/stm32f4xx_tim.c ****   TIM_TimeBaseInitStruct->TIM_RepetitionCounter = 0x0000;
 839              		.loc 1 346 43 is_stmt 0 view .LVU254
 840 000c 4380     		strh	r3, [r0, #2]	@ movhi
 347:./Libraries/src/stm32f4xx_tim.c **** }
 841              		.loc 1 347 3 is_stmt 1 view .LVU255
 347:./Libraries/src/stm32f4xx_tim.c **** }
 842              		.loc 1 347 49 is_stmt 0 view .LVU256
 843 000e 8372     		strb	r3, [r0, #10]
 348:./Libraries/src/stm32f4xx_tim.c **** 
 844              		.loc 1 348 1 view .LVU257
 845 0010 7047     		bx	lr
 846              		.cfi_endproc
 847              	.LFE125:
 849              		.section	.text.TIM_PrescalerConfig,"ax",%progbits
 850              		.align	1
 851              		.global	TIM_PrescalerConfig
 852              		.syntax unified
 853              		.thumb
 854              		.thumb_func
 856              	TIM_PrescalerConfig:
 857              	.LVL119:
 858              	.LFB126:
 361:./Libraries/src/stm32f4xx_tim.c ****   /* Check the parameters */
 859              		.loc 1 361 1 is_stmt 1 view -0
 860              		.cfi_startproc
 861              		@ args = 0, pretend = 0, frame = 0
 862              		@ frame_needed = 0, uses_anonymous_args = 0
 863              		@ link register save eliminated.
ARM GAS  /tmp/cc0EAqnP.s 			page 77


 363:./Libraries/src/stm32f4xx_tim.c ****   assert_param(IS_TIM_PRESCALER_RELOAD(TIM_PSCReloadMode));
 864              		.loc 1 363 3 view .LVU259
 364:./Libraries/src/stm32f4xx_tim.c ****   /* Set the Prescaler value */
 865              		.loc 1 364 3 view .LVU260
 366:./Libraries/src/stm32f4xx_tim.c ****   /* Set or reset the UG Bit */
 866              		.loc 1 366 3 view .LVU261
 366:./Libraries/src/stm32f4xx_tim.c ****   /* Set or reset the UG Bit */
 867              		.loc 1 366 13 is_stmt 0 view .LVU262
 868 0000 0185     		strh	r1, [r0, #40]	@ movhi
 368:./Libraries/src/stm32f4xx_tim.c **** }
 869              		.loc 1 368 3 is_stmt 1 view .LVU263
 368:./Libraries/src/stm32f4xx_tim.c **** }
 870              		.loc 1 368 13 is_stmt 0 view .LVU264
 871 0002 8282     		strh	r2, [r0, #20]	@ movhi
 369:./Libraries/src/stm32f4xx_tim.c **** 
 872              		.loc 1 369 1 view .LVU265
 873 0004 7047     		bx	lr
 874              		.cfi_endproc
 875              	.LFE126:
 877              		.section	.text.TIM_CounterModeConfig,"ax",%progbits
 878              		.align	1
 879              		.global	TIM_CounterModeConfig
 880              		.syntax unified
 881              		.thumb
 882              		.thumb_func
 884              	TIM_CounterModeConfig:
 885              	.LVL120:
 886              	.LFB127:
 384:./Libraries/src/stm32f4xx_tim.c ****   uint16_t tmpcr1 = 0;
 887              		.loc 1 384 1 is_stmt 1 view -0
 888              		.cfi_startproc
 889              		@ args = 0, pretend = 0, frame = 0
 890              		@ frame_needed = 0, uses_anonymous_args = 0
 891              		@ link register save eliminated.
 385:./Libraries/src/stm32f4xx_tim.c **** 
 892              		.loc 1 385 3 view .LVU267
 388:./Libraries/src/stm32f4xx_tim.c ****   assert_param(IS_TIM_COUNTER_MODE(TIM_CounterMode));
 893              		.loc 1 388 3 view .LVU268
 389:./Libraries/src/stm32f4xx_tim.c **** 
 894              		.loc 1 389 3 view .LVU269
 391:./Libraries/src/stm32f4xx_tim.c **** 
 895              		.loc 1 391 3 view .LVU270
 391:./Libraries/src/stm32f4xx_tim.c **** 
 896              		.loc 1 391 10 is_stmt 0 view .LVU271
 897 0000 0388     		ldrh	r3, [r0]
 898 0002 9BB2     		uxth	r3, r3
 899              	.LVL121:
 394:./Libraries/src/stm32f4xx_tim.c **** 
 900              		.loc 1 394 3 is_stmt 1 view .LVU272
 394:./Libraries/src/stm32f4xx_tim.c **** 
 901              		.loc 1 394 10 is_stmt 0 view .LVU273
 902 0004 23F07003 		bic	r3, r3, #112
 903              	.LVL122:
 397:./Libraries/src/stm32f4xx_tim.c **** 
 904              		.loc 1 397 3 is_stmt 1 view .LVU274
 397:./Libraries/src/stm32f4xx_tim.c **** 
 905              		.loc 1 397 10 is_stmt 0 view .LVU275
ARM GAS  /tmp/cc0EAqnP.s 			page 78


 906 0008 0B43     		orrs	r3, r3, r1
 907              	.LVL123:
 400:./Libraries/src/stm32f4xx_tim.c **** }
 908              		.loc 1 400 3 is_stmt 1 view .LVU276
 400:./Libraries/src/stm32f4xx_tim.c **** }
 909              		.loc 1 400 13 is_stmt 0 view .LVU277
 910 000a 0380     		strh	r3, [r0]	@ movhi
 401:./Libraries/src/stm32f4xx_tim.c **** 
 911              		.loc 1 401 1 view .LVU278
 912 000c 7047     		bx	lr
 913              		.cfi_endproc
 914              	.LFE127:
 916              		.section	.text.TIM_SetCounter,"ax",%progbits
 917              		.align	1
 918              		.global	TIM_SetCounter
 919              		.syntax unified
 920              		.thumb
 921              		.thumb_func
 923              	TIM_SetCounter:
 924              	.LVL124:
 925              	.LFB128:
 410:./Libraries/src/stm32f4xx_tim.c ****   /* Check the parameters */
 926              		.loc 1 410 1 is_stmt 1 view -0
 927              		.cfi_startproc
 928              		@ args = 0, pretend = 0, frame = 0
 929              		@ frame_needed = 0, uses_anonymous_args = 0
 930              		@ link register save eliminated.
 412:./Libraries/src/stm32f4xx_tim.c **** 
 931              		.loc 1 412 4 view .LVU280
 415:./Libraries/src/stm32f4xx_tim.c **** }
 932              		.loc 1 415 3 view .LVU281
 415:./Libraries/src/stm32f4xx_tim.c **** }
 933              		.loc 1 415 13 is_stmt 0 view .LVU282
 934 0000 4162     		str	r1, [r0, #36]
 416:./Libraries/src/stm32f4xx_tim.c **** 
 935              		.loc 1 416 1 view .LVU283
 936 0002 7047     		bx	lr
 937              		.cfi_endproc
 938              	.LFE128:
 940              		.section	.text.TIM_SetAutoreload,"ax",%progbits
 941              		.align	1
 942              		.global	TIM_SetAutoreload
 943              		.syntax unified
 944              		.thumb
 945              		.thumb_func
 947              	TIM_SetAutoreload:
 948              	.LVL125:
 949              	.LFB129:
 425:./Libraries/src/stm32f4xx_tim.c ****   /* Check the parameters */
 950              		.loc 1 425 1 is_stmt 1 view -0
 951              		.cfi_startproc
 952              		@ args = 0, pretend = 0, frame = 0
 953              		@ frame_needed = 0, uses_anonymous_args = 0
 954              		@ link register save eliminated.
 427:./Libraries/src/stm32f4xx_tim.c ****   
 955              		.loc 1 427 3 view .LVU285
 430:./Libraries/src/stm32f4xx_tim.c **** }
ARM GAS  /tmp/cc0EAqnP.s 			page 79


 956              		.loc 1 430 3 view .LVU286
 430:./Libraries/src/stm32f4xx_tim.c **** }
 957              		.loc 1 430 13 is_stmt 0 view .LVU287
 958 0000 C162     		str	r1, [r0, #44]
 431:./Libraries/src/stm32f4xx_tim.c **** 
 959              		.loc 1 431 1 view .LVU288
 960 0002 7047     		bx	lr
 961              		.cfi_endproc
 962              	.LFE129:
 964              		.section	.text.TIM_GetCounter,"ax",%progbits
 965              		.align	1
 966              		.global	TIM_GetCounter
 967              		.syntax unified
 968              		.thumb
 969              		.thumb_func
 971              	TIM_GetCounter:
 972              	.LVL126:
 973              	.LFB130:
 439:./Libraries/src/stm32f4xx_tim.c ****   /* Check the parameters */
 974              		.loc 1 439 1 is_stmt 1 view -0
 975              		.cfi_startproc
 976              		@ args = 0, pretend = 0, frame = 0
 977              		@ frame_needed = 0, uses_anonymous_args = 0
 978              		@ link register save eliminated.
 441:./Libraries/src/stm32f4xx_tim.c **** 
 979              		.loc 1 441 3 view .LVU290
 444:./Libraries/src/stm32f4xx_tim.c **** }
 980              		.loc 1 444 3 view .LVU291
 444:./Libraries/src/stm32f4xx_tim.c **** }
 981              		.loc 1 444 14 is_stmt 0 view .LVU292
 982 0000 406A     		ldr	r0, [r0, #36]
 983              	.LVL127:
 445:./Libraries/src/stm32f4xx_tim.c **** 
 984              		.loc 1 445 1 view .LVU293
 985 0002 7047     		bx	lr
 986              		.cfi_endproc
 987              	.LFE130:
 989              		.section	.text.TIM_GetPrescaler,"ax",%progbits
 990              		.align	1
 991              		.global	TIM_GetPrescaler
 992              		.syntax unified
 993              		.thumb
 994              		.thumb_func
 996              	TIM_GetPrescaler:
 997              	.LVL128:
 998              	.LFB131:
 453:./Libraries/src/stm32f4xx_tim.c ****   /* Check the parameters */
 999              		.loc 1 453 1 is_stmt 1 view -0
 1000              		.cfi_startproc
 1001              		@ args = 0, pretend = 0, frame = 0
 1002              		@ frame_needed = 0, uses_anonymous_args = 0
 1003              		@ link register save eliminated.
 455:./Libraries/src/stm32f4xx_tim.c **** 
 1004              		.loc 1 455 3 view .LVU295
 458:./Libraries/src/stm32f4xx_tim.c **** }
 1005              		.loc 1 458 3 view .LVU296
 458:./Libraries/src/stm32f4xx_tim.c **** }
ARM GAS  /tmp/cc0EAqnP.s 			page 80


 1006              		.loc 1 458 14 is_stmt 0 view .LVU297
 1007 0000 008D     		ldrh	r0, [r0, #40]
 1008              	.LVL129:
 459:./Libraries/src/stm32f4xx_tim.c **** 
 1009              		.loc 1 459 1 view .LVU298
 1010 0002 80B2     		uxth	r0, r0
 1011 0004 7047     		bx	lr
 1012              		.cfi_endproc
 1013              	.LFE131:
 1015              		.section	.text.TIM_UpdateDisableConfig,"ax",%progbits
 1016              		.align	1
 1017              		.global	TIM_UpdateDisableConfig
 1018              		.syntax unified
 1019              		.thumb
 1020              		.thumb_func
 1022              	TIM_UpdateDisableConfig:
 1023              	.LVL130:
 1024              	.LFB132:
 469:./Libraries/src/stm32f4xx_tim.c ****   /* Check the parameters */
 1025              		.loc 1 469 1 is_stmt 1 view -0
 1026              		.cfi_startproc
 1027              		@ args = 0, pretend = 0, frame = 0
 1028              		@ frame_needed = 0, uses_anonymous_args = 0
 1029              		@ link register save eliminated.
 471:./Libraries/src/stm32f4xx_tim.c ****   assert_param(IS_FUNCTIONAL_STATE(NewState));
 1030              		.loc 1 471 3 view .LVU300
 472:./Libraries/src/stm32f4xx_tim.c **** 
 1031              		.loc 1 472 3 view .LVU301
 474:./Libraries/src/stm32f4xx_tim.c ****   {
 1032              		.loc 1 474 3 view .LVU302
 474:./Libraries/src/stm32f4xx_tim.c ****   {
 1033              		.loc 1 474 6 is_stmt 0 view .LVU303
 1034 0000 29B1     		cbz	r1, .L56
 477:./Libraries/src/stm32f4xx_tim.c ****   }
 1035              		.loc 1 477 5 is_stmt 1 view .LVU304
 477:./Libraries/src/stm32f4xx_tim.c ****   }
 1036              		.loc 1 477 9 is_stmt 0 view .LVU305
 1037 0002 0388     		ldrh	r3, [r0]
 1038 0004 9BB2     		uxth	r3, r3
 477:./Libraries/src/stm32f4xx_tim.c ****   }
 1039              		.loc 1 477 15 view .LVU306
 1040 0006 43F00203 		orr	r3, r3, #2
 1041 000a 0380     		strh	r3, [r0]	@ movhi
 1042 000c 7047     		bx	lr
 1043              	.L56:
 482:./Libraries/src/stm32f4xx_tim.c ****   }
 1044              		.loc 1 482 5 is_stmt 1 view .LVU307
 482:./Libraries/src/stm32f4xx_tim.c ****   }
 1045              		.loc 1 482 9 is_stmt 0 view .LVU308
 1046 000e 0388     		ldrh	r3, [r0]
 1047 0010 9BB2     		uxth	r3, r3
 482:./Libraries/src/stm32f4xx_tim.c ****   }
 1048              		.loc 1 482 15 view .LVU309
 1049 0012 23F00203 		bic	r3, r3, #2
 1050 0016 9BB2     		uxth	r3, r3
 1051 0018 0380     		strh	r3, [r0]	@ movhi
 484:./Libraries/src/stm32f4xx_tim.c **** 
ARM GAS  /tmp/cc0EAqnP.s 			page 81


 1052              		.loc 1 484 1 view .LVU310
 1053 001a 7047     		bx	lr
 1054              		.cfi_endproc
 1055              	.LFE132:
 1057              		.section	.text.TIM_UpdateRequestConfig,"ax",%progbits
 1058              		.align	1
 1059              		.global	TIM_UpdateRequestConfig
 1060              		.syntax unified
 1061              		.thumb
 1062              		.thumb_func
 1064              	TIM_UpdateRequestConfig:
 1065              	.LVL131:
 1066              	.LFB133:
 498:./Libraries/src/stm32f4xx_tim.c ****   /* Check the parameters */
 1067              		.loc 1 498 1 is_stmt 1 view -0
 1068              		.cfi_startproc
 1069              		@ args = 0, pretend = 0, frame = 0
 1070              		@ frame_needed = 0, uses_anonymous_args = 0
 1071              		@ link register save eliminated.
 500:./Libraries/src/stm32f4xx_tim.c ****   assert_param(IS_TIM_UPDATE_SOURCE(TIM_UpdateSource));
 1072              		.loc 1 500 3 view .LVU312
 501:./Libraries/src/stm32f4xx_tim.c **** 
 1073              		.loc 1 501 3 view .LVU313
 503:./Libraries/src/stm32f4xx_tim.c ****   {
 1074              		.loc 1 503 3 view .LVU314
 503:./Libraries/src/stm32f4xx_tim.c ****   {
 1075              		.loc 1 503 6 is_stmt 0 view .LVU315
 1076 0000 29B1     		cbz	r1, .L59
 506:./Libraries/src/stm32f4xx_tim.c ****   }
 1077              		.loc 1 506 5 is_stmt 1 view .LVU316
 506:./Libraries/src/stm32f4xx_tim.c ****   }
 1078              		.loc 1 506 9 is_stmt 0 view .LVU317
 1079 0002 0388     		ldrh	r3, [r0]
 1080 0004 9BB2     		uxth	r3, r3
 506:./Libraries/src/stm32f4xx_tim.c ****   }
 1081              		.loc 1 506 15 view .LVU318
 1082 0006 43F00403 		orr	r3, r3, #4
 1083 000a 0380     		strh	r3, [r0]	@ movhi
 1084 000c 7047     		bx	lr
 1085              	.L59:
 511:./Libraries/src/stm32f4xx_tim.c ****   }
 1086              		.loc 1 511 5 is_stmt 1 view .LVU319
 511:./Libraries/src/stm32f4xx_tim.c ****   }
 1087              		.loc 1 511 9 is_stmt 0 view .LVU320
 1088 000e 0388     		ldrh	r3, [r0]
 1089 0010 9BB2     		uxth	r3, r3
 511:./Libraries/src/stm32f4xx_tim.c ****   }
 1090              		.loc 1 511 15 view .LVU321
 1091 0012 23F00403 		bic	r3, r3, #4
 1092 0016 9BB2     		uxth	r3, r3
 1093 0018 0380     		strh	r3, [r0]	@ movhi
 513:./Libraries/src/stm32f4xx_tim.c **** 
 1094              		.loc 1 513 1 view .LVU322
 1095 001a 7047     		bx	lr
 1096              		.cfi_endproc
 1097              	.LFE133:
 1099              		.section	.text.TIM_ARRPreloadConfig,"ax",%progbits
ARM GAS  /tmp/cc0EAqnP.s 			page 82


 1100              		.align	1
 1101              		.global	TIM_ARRPreloadConfig
 1102              		.syntax unified
 1103              		.thumb
 1104              		.thumb_func
 1106              	TIM_ARRPreloadConfig:
 1107              	.LVL132:
 1108              	.LFB134:
 523:./Libraries/src/stm32f4xx_tim.c ****   /* Check the parameters */
 1109              		.loc 1 523 1 is_stmt 1 view -0
 1110              		.cfi_startproc
 1111              		@ args = 0, pretend = 0, frame = 0
 1112              		@ frame_needed = 0, uses_anonymous_args = 0
 1113              		@ link register save eliminated.
 525:./Libraries/src/stm32f4xx_tim.c ****   assert_param(IS_FUNCTIONAL_STATE(NewState));
 1114              		.loc 1 525 3 view .LVU324
 526:./Libraries/src/stm32f4xx_tim.c **** 
 1115              		.loc 1 526 3 view .LVU325
 528:./Libraries/src/stm32f4xx_tim.c ****   {
 1116              		.loc 1 528 3 view .LVU326
 528:./Libraries/src/stm32f4xx_tim.c ****   {
 1117              		.loc 1 528 6 is_stmt 0 view .LVU327
 1118 0000 29B1     		cbz	r1, .L62
 531:./Libraries/src/stm32f4xx_tim.c ****   }
 1119              		.loc 1 531 5 is_stmt 1 view .LVU328
 531:./Libraries/src/stm32f4xx_tim.c ****   }
 1120              		.loc 1 531 9 is_stmt 0 view .LVU329
 1121 0002 0388     		ldrh	r3, [r0]
 1122 0004 9BB2     		uxth	r3, r3
 531:./Libraries/src/stm32f4xx_tim.c ****   }
 1123              		.loc 1 531 15 view .LVU330
 1124 0006 43F08003 		orr	r3, r3, #128
 1125 000a 0380     		strh	r3, [r0]	@ movhi
 1126 000c 7047     		bx	lr
 1127              	.L62:
 536:./Libraries/src/stm32f4xx_tim.c ****   }
 1128              		.loc 1 536 5 is_stmt 1 view .LVU331
 536:./Libraries/src/stm32f4xx_tim.c ****   }
 1129              		.loc 1 536 9 is_stmt 0 view .LVU332
 1130 000e 0388     		ldrh	r3, [r0]
 1131 0010 9BB2     		uxth	r3, r3
 536:./Libraries/src/stm32f4xx_tim.c ****   }
 1132              		.loc 1 536 15 view .LVU333
 1133 0012 23F08003 		bic	r3, r3, #128
 1134 0016 9BB2     		uxth	r3, r3
 1135 0018 0380     		strh	r3, [r0]	@ movhi
 538:./Libraries/src/stm32f4xx_tim.c **** 
 1136              		.loc 1 538 1 view .LVU334
 1137 001a 7047     		bx	lr
 1138              		.cfi_endproc
 1139              	.LFE134:
 1141              		.section	.text.TIM_SelectOnePulseMode,"ax",%progbits
 1142              		.align	1
 1143              		.global	TIM_SelectOnePulseMode
 1144              		.syntax unified
 1145              		.thumb
 1146              		.thumb_func
ARM GAS  /tmp/cc0EAqnP.s 			page 83


 1148              	TIM_SelectOnePulseMode:
 1149              	.LVL133:
 1150              	.LFB135:
 550:./Libraries/src/stm32f4xx_tim.c ****   /* Check the parameters */
 1151              		.loc 1 550 1 is_stmt 1 view -0
 1152              		.cfi_startproc
 1153              		@ args = 0, pretend = 0, frame = 0
 1154              		@ frame_needed = 0, uses_anonymous_args = 0
 1155              		@ link register save eliminated.
 552:./Libraries/src/stm32f4xx_tim.c ****   assert_param(IS_TIM_OPM_MODE(TIM_OPMode));
 1156              		.loc 1 552 3 view .LVU336
 553:./Libraries/src/stm32f4xx_tim.c **** 
 1157              		.loc 1 553 3 view .LVU337
 556:./Libraries/src/stm32f4xx_tim.c **** 
 1158              		.loc 1 556 3 view .LVU338
 556:./Libraries/src/stm32f4xx_tim.c **** 
 1159              		.loc 1 556 7 is_stmt 0 view .LVU339
 1160 0000 0388     		ldrh	r3, [r0]
 1161 0002 9BB2     		uxth	r3, r3
 556:./Libraries/src/stm32f4xx_tim.c **** 
 1162              		.loc 1 556 13 view .LVU340
 1163 0004 23F00803 		bic	r3, r3, #8
 1164 0008 9BB2     		uxth	r3, r3
 1165 000a 0380     		strh	r3, [r0]	@ movhi
 559:./Libraries/src/stm32f4xx_tim.c **** }
 1166              		.loc 1 559 3 is_stmt 1 view .LVU341
 559:./Libraries/src/stm32f4xx_tim.c **** }
 1167              		.loc 1 559 7 is_stmt 0 view .LVU342
 1168 000c 0388     		ldrh	r3, [r0]
 1169 000e 9BB2     		uxth	r3, r3
 559:./Libraries/src/stm32f4xx_tim.c **** }
 1170              		.loc 1 559 13 view .LVU343
 1171 0010 0B43     		orrs	r3, r3, r1
 1172 0012 0380     		strh	r3, [r0]	@ movhi
 560:./Libraries/src/stm32f4xx_tim.c **** 
 1173              		.loc 1 560 1 view .LVU344
 1174 0014 7047     		bx	lr
 1175              		.cfi_endproc
 1176              	.LFE135:
 1178              		.section	.text.TIM_SetClockDivision,"ax",%progbits
 1179              		.align	1
 1180              		.global	TIM_SetClockDivision
 1181              		.syntax unified
 1182              		.thumb
 1183              		.thumb_func
 1185              	TIM_SetClockDivision:
 1186              	.LVL134:
 1187              	.LFB136:
 573:./Libraries/src/stm32f4xx_tim.c ****   /* Check the parameters */
 1188              		.loc 1 573 1 is_stmt 1 view -0
 1189              		.cfi_startproc
 1190              		@ args = 0, pretend = 0, frame = 0
 1191              		@ frame_needed = 0, uses_anonymous_args = 0
 1192              		@ link register save eliminated.
 575:./Libraries/src/stm32f4xx_tim.c ****   assert_param(IS_TIM_CKD_DIV(TIM_CKD));
 1193              		.loc 1 575 3 view .LVU346
 576:./Libraries/src/stm32f4xx_tim.c **** 
ARM GAS  /tmp/cc0EAqnP.s 			page 84


 1194              		.loc 1 576 3 view .LVU347
 579:./Libraries/src/stm32f4xx_tim.c **** 
 1195              		.loc 1 579 3 view .LVU348
 579:./Libraries/src/stm32f4xx_tim.c **** 
 1196              		.loc 1 579 7 is_stmt 0 view .LVU349
 1197 0000 0388     		ldrh	r3, [r0]
 1198 0002 9BB2     		uxth	r3, r3
 579:./Libraries/src/stm32f4xx_tim.c **** 
 1199              		.loc 1 579 13 view .LVU350
 1200 0004 23F44073 		bic	r3, r3, #768
 1201 0008 9BB2     		uxth	r3, r3
 1202 000a 0380     		strh	r3, [r0]	@ movhi
 582:./Libraries/src/stm32f4xx_tim.c **** }
 1203              		.loc 1 582 3 is_stmt 1 view .LVU351
 582:./Libraries/src/stm32f4xx_tim.c **** }
 1204              		.loc 1 582 7 is_stmt 0 view .LVU352
 1205 000c 0388     		ldrh	r3, [r0]
 1206 000e 9BB2     		uxth	r3, r3
 582:./Libraries/src/stm32f4xx_tim.c **** }
 1207              		.loc 1 582 13 view .LVU353
 1208 0010 0B43     		orrs	r3, r3, r1
 1209 0012 0380     		strh	r3, [r0]	@ movhi
 583:./Libraries/src/stm32f4xx_tim.c **** 
 1210              		.loc 1 583 1 view .LVU354
 1211 0014 7047     		bx	lr
 1212              		.cfi_endproc
 1213              	.LFE136:
 1215              		.section	.text.TIM_Cmd,"ax",%progbits
 1216              		.align	1
 1217              		.global	TIM_Cmd
 1218              		.syntax unified
 1219              		.thumb
 1220              		.thumb_func
 1222              	TIM_Cmd:
 1223              	.LVL135:
 1224              	.LFB137:
 593:./Libraries/src/stm32f4xx_tim.c ****   /* Check the parameters */
 1225              		.loc 1 593 1 is_stmt 1 view -0
 1226              		.cfi_startproc
 1227              		@ args = 0, pretend = 0, frame = 0
 1228              		@ frame_needed = 0, uses_anonymous_args = 0
 1229              		@ link register save eliminated.
 595:./Libraries/src/stm32f4xx_tim.c ****   assert_param(IS_FUNCTIONAL_STATE(NewState));
 1230              		.loc 1 595 3 view .LVU356
 596:./Libraries/src/stm32f4xx_tim.c ****   
 1231              		.loc 1 596 3 view .LVU357
 598:./Libraries/src/stm32f4xx_tim.c ****   {
 1232              		.loc 1 598 3 view .LVU358
 598:./Libraries/src/stm32f4xx_tim.c ****   {
 1233              		.loc 1 598 6 is_stmt 0 view .LVU359
 1234 0000 29B1     		cbz	r1, .L67
 601:./Libraries/src/stm32f4xx_tim.c ****   }
 1235              		.loc 1 601 5 is_stmt 1 view .LVU360
 601:./Libraries/src/stm32f4xx_tim.c ****   }
 1236              		.loc 1 601 9 is_stmt 0 view .LVU361
 1237 0002 0388     		ldrh	r3, [r0]
 1238 0004 9BB2     		uxth	r3, r3
ARM GAS  /tmp/cc0EAqnP.s 			page 85


 601:./Libraries/src/stm32f4xx_tim.c ****   }
 1239              		.loc 1 601 15 view .LVU362
 1240 0006 43F00103 		orr	r3, r3, #1
 1241 000a 0380     		strh	r3, [r0]	@ movhi
 1242 000c 7047     		bx	lr
 1243              	.L67:
 606:./Libraries/src/stm32f4xx_tim.c ****   }
 1244              		.loc 1 606 5 is_stmt 1 view .LVU363
 606:./Libraries/src/stm32f4xx_tim.c ****   }
 1245              		.loc 1 606 9 is_stmt 0 view .LVU364
 1246 000e 0388     		ldrh	r3, [r0]
 1247 0010 9BB2     		uxth	r3, r3
 606:./Libraries/src/stm32f4xx_tim.c ****   }
 1248              		.loc 1 606 15 view .LVU365
 1249 0012 23F00103 		bic	r3, r3, #1
 1250 0016 9BB2     		uxth	r3, r3
 1251 0018 0380     		strh	r3, [r0]	@ movhi
 608:./Libraries/src/stm32f4xx_tim.c **** /**
 1252              		.loc 1 608 1 view .LVU366
 1253 001a 7047     		bx	lr
 1254              		.cfi_endproc
 1255              	.LFE137:
 1257              		.section	.text.TIM_OC1Init,"ax",%progbits
 1258              		.align	1
 1259              		.global	TIM_OC1Init
 1260              		.syntax unified
 1261              		.thumb
 1262              		.thumb_func
 1264              	TIM_OC1Init:
 1265              	.LVL136:
 1266              	.LFB138:
 674:./Libraries/src/stm32f4xx_tim.c ****   uint16_t tmpccmrx = 0, tmpccer = 0, tmpcr2 = 0;
 1267              		.loc 1 674 1 is_stmt 1 view -0
 1268              		.cfi_startproc
 1269              		@ args = 0, pretend = 0, frame = 0
 1270              		@ frame_needed = 0, uses_anonymous_args = 0
 674:./Libraries/src/stm32f4xx_tim.c ****   uint16_t tmpccmrx = 0, tmpccer = 0, tmpcr2 = 0;
 1271              		.loc 1 674 1 is_stmt 0 view .LVU368
 1272 0000 10B5     		push	{r4, lr}
 1273              	.LCFI5:
 1274              		.cfi_def_cfa_offset 8
 1275              		.cfi_offset 4, -8
 1276              		.cfi_offset 14, -4
 675:./Libraries/src/stm32f4xx_tim.c ****    
 1277              		.loc 1 675 3 is_stmt 1 view .LVU369
 1278              	.LVL137:
 678:./Libraries/src/stm32f4xx_tim.c ****   assert_param(IS_TIM_OC_MODE(TIM_OCInitStruct->TIM_OCMode));
 1279              		.loc 1 678 3 view .LVU370
 679:./Libraries/src/stm32f4xx_tim.c ****   assert_param(IS_TIM_OUTPUT_STATE(TIM_OCInitStruct->TIM_OutputState));
 1280              		.loc 1 679 3 view .LVU371
 680:./Libraries/src/stm32f4xx_tim.c ****   assert_param(IS_TIM_OC_POLARITY(TIM_OCInitStruct->TIM_OCPolarity));   
 1281              		.loc 1 680 3 view .LVU372
 681:./Libraries/src/stm32f4xx_tim.c **** 
 1282              		.loc 1 681 3 view .LVU373
 684:./Libraries/src/stm32f4xx_tim.c ****   
 1283              		.loc 1 684 3 view .LVU374
 684:./Libraries/src/stm32f4xx_tim.c ****   
ARM GAS  /tmp/cc0EAqnP.s 			page 86


 1284              		.loc 1 684 7 is_stmt 0 view .LVU375
 1285 0002 038C     		ldrh	r3, [r0, #32]
 1286 0004 9BB2     		uxth	r3, r3
 684:./Libraries/src/stm32f4xx_tim.c ****   
 1287              		.loc 1 684 14 view .LVU376
 1288 0006 23F00103 		bic	r3, r3, #1
 1289 000a 9BB2     		uxth	r3, r3
 1290 000c 0384     		strh	r3, [r0, #32]	@ movhi
 687:./Libraries/src/stm32f4xx_tim.c ****   /* Get the TIMx CR2 register value */
 1291              		.loc 1 687 3 is_stmt 1 view .LVU377
 687:./Libraries/src/stm32f4xx_tim.c ****   /* Get the TIMx CR2 register value */
 1292              		.loc 1 687 11 is_stmt 0 view .LVU378
 1293 000e B0F820C0 		ldrh	ip, [r0, #32]
 1294 0012 1FFA8CFC 		uxth	ip, ip
 1295              	.LVL138:
 689:./Libraries/src/stm32f4xx_tim.c ****   
 1296              		.loc 1 689 3 is_stmt 1 view .LVU379
 689:./Libraries/src/stm32f4xx_tim.c ****   
 1297              		.loc 1 689 10 is_stmt 0 view .LVU380
 1298 0016 B0F804E0 		ldrh	lr, [r0, #4]
 1299 001a 1FFA8EFE 		uxth	lr, lr
 1300              	.LVL139:
 692:./Libraries/src/stm32f4xx_tim.c ****     
 1301              		.loc 1 692 3 is_stmt 1 view .LVU381
 692:./Libraries/src/stm32f4xx_tim.c ****     
 1302              		.loc 1 692 12 is_stmt 0 view .LVU382
 1303 001e 028B     		ldrh	r2, [r0, #24]
 1304 0020 92B2     		uxth	r2, r2
 1305              	.LVL140:
 695:./Libraries/src/stm32f4xx_tim.c ****   tmpccmrx &= (uint16_t)~TIM_CCMR1_CC1S;
 1306              		.loc 1 695 3 is_stmt 1 view .LVU383
 696:./Libraries/src/stm32f4xx_tim.c ****   /* Select the Output Compare Mode */
 1307              		.loc 1 696 3 view .LVU384
 696:./Libraries/src/stm32f4xx_tim.c ****   /* Select the Output Compare Mode */
 1308              		.loc 1 696 12 is_stmt 0 view .LVU385
 1309 0022 22F07302 		bic	r2, r2, #115
 1310              	.LVL141:
 698:./Libraries/src/stm32f4xx_tim.c ****   
 1311              		.loc 1 698 3 is_stmt 1 view .LVU386
 698:./Libraries/src/stm32f4xx_tim.c ****   
 1312              		.loc 1 698 31 is_stmt 0 view .LVU387
 1313 0026 0B88     		ldrh	r3, [r1]
 698:./Libraries/src/stm32f4xx_tim.c ****   
 1314              		.loc 1 698 12 view .LVU388
 1315 0028 1A43     		orrs	r2, r2, r3
 1316              	.LVL142:
 701:./Libraries/src/stm32f4xx_tim.c ****   /* Set the Output Compare Polarity */
 1317              		.loc 1 701 3 is_stmt 1 view .LVU389
 701:./Libraries/src/stm32f4xx_tim.c ****   /* Set the Output Compare Polarity */
 1318              		.loc 1 701 11 is_stmt 0 view .LVU390
 1319 002a 2CF0020C 		bic	ip, ip, #2
 1320              	.LVL143:
 703:./Libraries/src/stm32f4xx_tim.c ****   
 1321              		.loc 1 703 3 is_stmt 1 view .LVU391
 703:./Libraries/src/stm32f4xx_tim.c ****   
 1322              		.loc 1 703 30 is_stmt 0 view .LVU392
 1323 002e 8B89     		ldrh	r3, [r1, #12]
ARM GAS  /tmp/cc0EAqnP.s 			page 87


 703:./Libraries/src/stm32f4xx_tim.c ****   
 1324              		.loc 1 703 11 view .LVU393
 1325 0030 4CEA030C 		orr	ip, ip, r3
 1326              	.LVL144:
 706:./Libraries/src/stm32f4xx_tim.c ****     
 1327              		.loc 1 706 3 is_stmt 1 view .LVU394
 706:./Libraries/src/stm32f4xx_tim.c ****     
 1328              		.loc 1 706 30 is_stmt 0 view .LVU395
 1329 0034 4B88     		ldrh	r3, [r1, #2]
 706:./Libraries/src/stm32f4xx_tim.c ****     
 1330              		.loc 1 706 11 view .LVU396
 1331 0036 43EA0C03 		orr	r3, r3, ip
 1332              	.LVL145:
 708:./Libraries/src/stm32f4xx_tim.c ****   {
 1333              		.loc 1 708 3 is_stmt 1 view .LVU397
 708:./Libraries/src/stm32f4xx_tim.c ****   {
 1334              		.loc 1 708 5 is_stmt 0 view .LVU398
 1335 003a 0F4C     		ldr	r4, .L73
 1336 003c A042     		cmp	r0, r4
 1337 003e 03D0     		beq	.L70
 708:./Libraries/src/stm32f4xx_tim.c ****   {
 1338              		.loc 1 708 21 discriminator 1 view .LVU399
 1339 0040 04F58064 		add	r4, r4, #1024
 1340 0044 A042     		cmp	r0, r4
 1341 0046 0FD1     		bne	.L71
 1342              	.L70:
 710:./Libraries/src/stm32f4xx_tim.c ****     assert_param(IS_TIM_OCN_POLARITY(TIM_OCInitStruct->TIM_OCNPolarity));
 1343              		.loc 1 710 5 is_stmt 1 view .LVU400
 711:./Libraries/src/stm32f4xx_tim.c ****     assert_param(IS_TIM_OCNIDLE_STATE(TIM_OCInitStruct->TIM_OCNIdleState));
 1344              		.loc 1 711 5 view .LVU401
 712:./Libraries/src/stm32f4xx_tim.c ****     assert_param(IS_TIM_OCIDLE_STATE(TIM_OCInitStruct->TIM_OCIdleState));
 1345              		.loc 1 712 5 view .LVU402
 713:./Libraries/src/stm32f4xx_tim.c ****     
 1346              		.loc 1 713 5 view .LVU403
 716:./Libraries/src/stm32f4xx_tim.c ****     /* Set the Output N Polarity */
 1347              		.loc 1 716 5 view .LVU404
 716:./Libraries/src/stm32f4xx_tim.c ****     /* Set the Output N Polarity */
 1348              		.loc 1 716 13 is_stmt 0 view .LVU405
 1349 0048 23F00803 		bic	r3, r3, #8
 1350              	.LVL146:
 718:./Libraries/src/stm32f4xx_tim.c ****     /* Reset the Output N State */
 1351              		.loc 1 718 5 is_stmt 1 view .LVU406
 718:./Libraries/src/stm32f4xx_tim.c ****     /* Reset the Output N State */
 1352              		.loc 1 718 32 is_stmt 0 view .LVU407
 1353 004c CC89     		ldrh	r4, [r1, #14]
 718:./Libraries/src/stm32f4xx_tim.c ****     /* Reset the Output N State */
 1354              		.loc 1 718 13 view .LVU408
 1355 004e 2343     		orrs	r3, r3, r4
 1356              	.LVL147:
 720:./Libraries/src/stm32f4xx_tim.c ****     
 1357              		.loc 1 720 5 is_stmt 1 view .LVU409
 720:./Libraries/src/stm32f4xx_tim.c ****     
 1358              		.loc 1 720 13 is_stmt 0 view .LVU410
 1359 0050 23F00403 		bic	r3, r3, #4
 1360              	.LVL148:
 723:./Libraries/src/stm32f4xx_tim.c ****     /* Reset the Output Compare and Output Compare N IDLE State */
 1361              		.loc 1 723 5 is_stmt 1 view .LVU411
ARM GAS  /tmp/cc0EAqnP.s 			page 88


 723:./Libraries/src/stm32f4xx_tim.c ****     /* Reset the Output Compare and Output Compare N IDLE State */
 1362              		.loc 1 723 32 is_stmt 0 view .LVU412
 1363 0054 8C88     		ldrh	r4, [r1, #4]
 723:./Libraries/src/stm32f4xx_tim.c ****     /* Reset the Output Compare and Output Compare N IDLE State */
 1364              		.loc 1 723 13 view .LVU413
 1365 0056 2343     		orrs	r3, r3, r4
 1366              	.LVL149:
 725:./Libraries/src/stm32f4xx_tim.c ****     tmpcr2 &= (uint16_t)~TIM_CR2_OIS1N;
 1367              		.loc 1 725 5 is_stmt 1 view .LVU414
 726:./Libraries/src/stm32f4xx_tim.c ****     /* Set the Output Idle state */
 1368              		.loc 1 726 5 view .LVU415
 726:./Libraries/src/stm32f4xx_tim.c ****     /* Set the Output Idle state */
 1369              		.loc 1 726 12 is_stmt 0 view .LVU416
 1370 0058 2EF4407E 		bic	lr, lr, #768
 1371              	.LVL150:
 728:./Libraries/src/stm32f4xx_tim.c ****     /* Set the Output N Idle state */
 1372              		.loc 1 728 5 is_stmt 1 view .LVU417
 728:./Libraries/src/stm32f4xx_tim.c ****     /* Set the Output N Idle state */
 1373              		.loc 1 728 31 is_stmt 0 view .LVU418
 1374 005c 0C8A     		ldrh	r4, [r1, #16]
 728:./Libraries/src/stm32f4xx_tim.c ****     /* Set the Output N Idle state */
 1375              		.loc 1 728 12 view .LVU419
 1376 005e 4EEA040E 		orr	lr, lr, r4
 1377              	.LVL151:
 730:./Libraries/src/stm32f4xx_tim.c ****   }
 1378              		.loc 1 730 5 is_stmt 1 view .LVU420
 730:./Libraries/src/stm32f4xx_tim.c ****   }
 1379              		.loc 1 730 31 is_stmt 0 view .LVU421
 1380 0062 4C8A     		ldrh	r4, [r1, #18]
 730:./Libraries/src/stm32f4xx_tim.c ****   }
 1381              		.loc 1 730 12 view .LVU422
 1382 0064 44EA0E0E 		orr	lr, r4, lr
 1383              	.LVL152:
 1384              	.L71:
 733:./Libraries/src/stm32f4xx_tim.c ****   
 1385              		.loc 1 733 3 is_stmt 1 view .LVU423
 733:./Libraries/src/stm32f4xx_tim.c ****   
 1386              		.loc 1 733 13 is_stmt 0 view .LVU424
 1387 0068 A0F804E0 		strh	lr, [r0, #4]	@ movhi
 736:./Libraries/src/stm32f4xx_tim.c ****   
 1388              		.loc 1 736 3 is_stmt 1 view .LVU425
 736:./Libraries/src/stm32f4xx_tim.c ****   
 1389              		.loc 1 736 15 is_stmt 0 view .LVU426
 1390 006c 0283     		strh	r2, [r0, #24]	@ movhi
 739:./Libraries/src/stm32f4xx_tim.c ****   
 1391              		.loc 1 739 3 is_stmt 1 view .LVU427
 739:./Libraries/src/stm32f4xx_tim.c ****   
 1392              		.loc 1 739 32 is_stmt 0 view .LVU428
 1393 006e 8A68     		ldr	r2, [r1, #8]
 1394              	.LVL153:
 739:./Libraries/src/stm32f4xx_tim.c ****   
 1395              		.loc 1 739 14 view .LVU429
 1396 0070 4263     		str	r2, [r0, #52]
 1397              	.LVL154:
 742:./Libraries/src/stm32f4xx_tim.c **** }
 1398              		.loc 1 742 3 is_stmt 1 view .LVU430
 742:./Libraries/src/stm32f4xx_tim.c **** }
ARM GAS  /tmp/cc0EAqnP.s 			page 89


 1399              		.loc 1 742 14 is_stmt 0 view .LVU431
 1400 0072 0384     		strh	r3, [r0, #32]	@ movhi
 743:./Libraries/src/stm32f4xx_tim.c **** 
 1401              		.loc 1 743 1 view .LVU432
 1402 0074 10BD     		pop	{r4, pc}
 1403              	.L74:
 1404 0076 00BF     		.align	2
 1405              	.L73:
 1406 0078 00000140 		.word	1073807360
 1407              		.cfi_endproc
 1408              	.LFE138:
 1410              		.section	.text.TIM_OC2Init,"ax",%progbits
 1411              		.align	1
 1412              		.global	TIM_OC2Init
 1413              		.syntax unified
 1414              		.thumb
 1415              		.thumb_func
 1417              	TIM_OC2Init:
 1418              	.LVL155:
 1419              	.LFB139:
 755:./Libraries/src/stm32f4xx_tim.c ****   uint16_t tmpccmrx = 0, tmpccer = 0, tmpcr2 = 0;
 1420              		.loc 1 755 1 is_stmt 1 view -0
 1421              		.cfi_startproc
 1422              		@ args = 0, pretend = 0, frame = 0
 1423              		@ frame_needed = 0, uses_anonymous_args = 0
 755:./Libraries/src/stm32f4xx_tim.c ****   uint16_t tmpccmrx = 0, tmpccer = 0, tmpcr2 = 0;
 1424              		.loc 1 755 1 is_stmt 0 view .LVU434
 1425 0000 00B5     		push	{lr}
 1426              	.LCFI6:
 1427              		.cfi_def_cfa_offset 4
 1428              		.cfi_offset 14, -4
 756:./Libraries/src/stm32f4xx_tim.c ****    
 1429              		.loc 1 756 3 is_stmt 1 view .LVU435
 1430              	.LVL156:
 759:./Libraries/src/stm32f4xx_tim.c ****   assert_param(IS_TIM_OC_MODE(TIM_OCInitStruct->TIM_OCMode));
 1431              		.loc 1 759 3 view .LVU436
 760:./Libraries/src/stm32f4xx_tim.c ****   assert_param(IS_TIM_OUTPUT_STATE(TIM_OCInitStruct->TIM_OutputState));
 1432              		.loc 1 760 3 view .LVU437
 761:./Libraries/src/stm32f4xx_tim.c ****   assert_param(IS_TIM_OC_POLARITY(TIM_OCInitStruct->TIM_OCPolarity));   
 1433              		.loc 1 761 3 view .LVU438
 762:./Libraries/src/stm32f4xx_tim.c **** 
 1434              		.loc 1 762 3 view .LVU439
 765:./Libraries/src/stm32f4xx_tim.c ****   
 1435              		.loc 1 765 3 view .LVU440
 765:./Libraries/src/stm32f4xx_tim.c ****   
 1436              		.loc 1 765 7 is_stmt 0 view .LVU441
 1437 0002 038C     		ldrh	r3, [r0, #32]
 1438 0004 9BB2     		uxth	r3, r3
 765:./Libraries/src/stm32f4xx_tim.c ****   
 1439              		.loc 1 765 14 view .LVU442
 1440 0006 23F01003 		bic	r3, r3, #16
 1441 000a 9BB2     		uxth	r3, r3
 1442 000c 0384     		strh	r3, [r0, #32]	@ movhi
 768:./Libraries/src/stm32f4xx_tim.c ****   /* Get the TIMx CR2 register value */
 1443              		.loc 1 768 3 is_stmt 1 view .LVU443
 768:./Libraries/src/stm32f4xx_tim.c ****   /* Get the TIMx CR2 register value */
 1444              		.loc 1 768 11 is_stmt 0 view .LVU444
ARM GAS  /tmp/cc0EAqnP.s 			page 90


 1445 000e 028C     		ldrh	r2, [r0, #32]
 1446 0010 92B2     		uxth	r2, r2
 1447              	.LVL157:
 770:./Libraries/src/stm32f4xx_tim.c ****   
 1448              		.loc 1 770 3 is_stmt 1 view .LVU445
 770:./Libraries/src/stm32f4xx_tim.c ****   
 1449              		.loc 1 770 10 is_stmt 0 view .LVU446
 1450 0012 B0F804E0 		ldrh	lr, [r0, #4]
 1451 0016 1FFA8EFE 		uxth	lr, lr
 1452              	.LVL158:
 773:./Libraries/src/stm32f4xx_tim.c ****     
 1453              		.loc 1 773 3 is_stmt 1 view .LVU447
 773:./Libraries/src/stm32f4xx_tim.c ****     
 1454              		.loc 1 773 12 is_stmt 0 view .LVU448
 1455 001a B0F818C0 		ldrh	ip, [r0, #24]
 1456 001e 1FFA8CFC 		uxth	ip, ip
 1457              	.LVL159:
 776:./Libraries/src/stm32f4xx_tim.c ****   tmpccmrx &= (uint16_t)~TIM_CCMR1_CC2S;
 1458              		.loc 1 776 3 is_stmt 1 view .LVU449
 777:./Libraries/src/stm32f4xx_tim.c ****   
 1459              		.loc 1 777 3 view .LVU450
 777:./Libraries/src/stm32f4xx_tim.c ****   
 1460              		.loc 1 777 12 is_stmt 0 view .LVU451
 1461 0022 2CF4E64C 		bic	ip, ip, #29440
 1462              	.LVL160:
 780:./Libraries/src/stm32f4xx_tim.c ****   
 1463              		.loc 1 780 3 is_stmt 1 view .LVU452
 780:./Libraries/src/stm32f4xx_tim.c ****   
 1464              		.loc 1 780 42 is_stmt 0 view .LVU453
 1465 0026 0B88     		ldrh	r3, [r1]
 780:./Libraries/src/stm32f4xx_tim.c ****   
 1466              		.loc 1 780 15 view .LVU454
 1467 0028 1B02     		lsls	r3, r3, #8
 1468 002a 9BB2     		uxth	r3, r3
 780:./Libraries/src/stm32f4xx_tim.c ****   
 1469              		.loc 1 780 12 view .LVU455
 1470 002c 4CEA030C 		orr	ip, ip, r3
 1471              	.LVL161:
 783:./Libraries/src/stm32f4xx_tim.c ****   /* Set the Output Compare Polarity */
 1472              		.loc 1 783 3 is_stmt 1 view .LVU456
 783:./Libraries/src/stm32f4xx_tim.c ****   /* Set the Output Compare Polarity */
 1473              		.loc 1 783 11 is_stmt 0 view .LVU457
 1474 0030 22F02002 		bic	r2, r2, #32
 1475              	.LVL162:
 785:./Libraries/src/stm32f4xx_tim.c ****   
 1476              		.loc 1 785 3 is_stmt 1 view .LVU458
 785:./Libraries/src/stm32f4xx_tim.c ****   
 1477              		.loc 1 785 41 is_stmt 0 view .LVU459
 1478 0034 8B89     		ldrh	r3, [r1, #12]
 785:./Libraries/src/stm32f4xx_tim.c ****   
 1479              		.loc 1 785 14 view .LVU460
 1480 0036 1B01     		lsls	r3, r3, #4
 1481 0038 9BB2     		uxth	r3, r3
 785:./Libraries/src/stm32f4xx_tim.c ****   
 1482              		.loc 1 785 11 view .LVU461
 1483 003a 1A43     		orrs	r2, r2, r3
 1484              	.LVL163:
ARM GAS  /tmp/cc0EAqnP.s 			page 91


 788:./Libraries/src/stm32f4xx_tim.c ****     
 1485              		.loc 1 788 3 is_stmt 1 view .LVU462
 788:./Libraries/src/stm32f4xx_tim.c ****     
 1486              		.loc 1 788 41 is_stmt 0 view .LVU463
 1487 003c 4B88     		ldrh	r3, [r1, #2]
 788:./Libraries/src/stm32f4xx_tim.c ****     
 1488              		.loc 1 788 14 view .LVU464
 1489 003e 1B01     		lsls	r3, r3, #4
 1490 0040 9BB2     		uxth	r3, r3
 788:./Libraries/src/stm32f4xx_tim.c ****     
 1491              		.loc 1 788 11 view .LVU465
 1492 0042 1343     		orrs	r3, r3, r2
 1493              	.LVL164:
 790:./Libraries/src/stm32f4xx_tim.c ****   {
 1494              		.loc 1 790 3 is_stmt 1 view .LVU466
 790:./Libraries/src/stm32f4xx_tim.c ****   {
 1495              		.loc 1 790 5 is_stmt 0 view .LVU467
 1496 0044 134A     		ldr	r2, .L79
 1497 0046 9042     		cmp	r0, r2
 1498 0048 03D0     		beq	.L76
 790:./Libraries/src/stm32f4xx_tim.c ****   {
 1499              		.loc 1 790 21 discriminator 1 view .LVU468
 1500 004a 02F58062 		add	r2, r2, #1024
 1501 004e 9042     		cmp	r0, r2
 1502 0050 17D1     		bne	.L77
 1503              	.L76:
 792:./Libraries/src/stm32f4xx_tim.c ****     assert_param(IS_TIM_OCN_POLARITY(TIM_OCInitStruct->TIM_OCNPolarity));
 1504              		.loc 1 792 5 is_stmt 1 view .LVU469
 793:./Libraries/src/stm32f4xx_tim.c ****     assert_param(IS_TIM_OCNIDLE_STATE(TIM_OCInitStruct->TIM_OCNIdleState));
 1505              		.loc 1 793 5 view .LVU470
 794:./Libraries/src/stm32f4xx_tim.c ****     assert_param(IS_TIM_OCIDLE_STATE(TIM_OCInitStruct->TIM_OCIdleState));
 1506              		.loc 1 794 5 view .LVU471
 795:./Libraries/src/stm32f4xx_tim.c ****     
 1507              		.loc 1 795 5 view .LVU472
 798:./Libraries/src/stm32f4xx_tim.c ****     /* Set the Output N Polarity */
 1508              		.loc 1 798 5 view .LVU473
 798:./Libraries/src/stm32f4xx_tim.c ****     /* Set the Output N Polarity */
 1509              		.loc 1 798 13 is_stmt 0 view .LVU474
 1510 0052 23F08003 		bic	r3, r3, #128
 1511              	.LVL165:
 800:./Libraries/src/stm32f4xx_tim.c ****     /* Reset the Output N State */
 1512              		.loc 1 800 5 is_stmt 1 view .LVU475
 800:./Libraries/src/stm32f4xx_tim.c ****     /* Reset the Output N State */
 1513              		.loc 1 800 43 is_stmt 0 view .LVU476
 1514 0056 CA89     		ldrh	r2, [r1, #14]
 800:./Libraries/src/stm32f4xx_tim.c ****     /* Reset the Output N State */
 1515              		.loc 1 800 16 view .LVU477
 1516 0058 1201     		lsls	r2, r2, #4
 1517 005a 92B2     		uxth	r2, r2
 800:./Libraries/src/stm32f4xx_tim.c ****     /* Reset the Output N State */
 1518              		.loc 1 800 13 view .LVU478
 1519 005c 1343     		orrs	r3, r3, r2
 1520              	.LVL166:
 802:./Libraries/src/stm32f4xx_tim.c ****     
 1521              		.loc 1 802 5 is_stmt 1 view .LVU479
 802:./Libraries/src/stm32f4xx_tim.c ****     
 1522              		.loc 1 802 13 is_stmt 0 view .LVU480
ARM GAS  /tmp/cc0EAqnP.s 			page 92


 1523 005e 23F04003 		bic	r3, r3, #64
 1524              	.LVL167:
 805:./Libraries/src/stm32f4xx_tim.c ****     /* Reset the Output Compare and Output Compare N IDLE State */
 1525              		.loc 1 805 5 is_stmt 1 view .LVU481
 805:./Libraries/src/stm32f4xx_tim.c ****     /* Reset the Output Compare and Output Compare N IDLE State */
 1526              		.loc 1 805 43 is_stmt 0 view .LVU482
 1527 0062 8A88     		ldrh	r2, [r1, #4]
 805:./Libraries/src/stm32f4xx_tim.c ****     /* Reset the Output Compare and Output Compare N IDLE State */
 1528              		.loc 1 805 16 view .LVU483
 1529 0064 1201     		lsls	r2, r2, #4
 1530 0066 92B2     		uxth	r2, r2
 805:./Libraries/src/stm32f4xx_tim.c ****     /* Reset the Output Compare and Output Compare N IDLE State */
 1531              		.loc 1 805 13 view .LVU484
 1532 0068 1343     		orrs	r3, r3, r2
 1533              	.LVL168:
 807:./Libraries/src/stm32f4xx_tim.c ****     tmpcr2 &= (uint16_t)~TIM_CR2_OIS2N;
 1534              		.loc 1 807 5 is_stmt 1 view .LVU485
 808:./Libraries/src/stm32f4xx_tim.c ****     /* Set the Output Idle state */
 1535              		.loc 1 808 5 view .LVU486
 808:./Libraries/src/stm32f4xx_tim.c ****     /* Set the Output Idle state */
 1536              		.loc 1 808 12 is_stmt 0 view .LVU487
 1537 006a 2EF4406E 		bic	lr, lr, #3072
 1538              	.LVL169:
 810:./Libraries/src/stm32f4xx_tim.c ****     /* Set the Output N Idle state */
 1539              		.loc 1 810 5 is_stmt 1 view .LVU488
 810:./Libraries/src/stm32f4xx_tim.c ****     /* Set the Output N Idle state */
 1540              		.loc 1 810 42 is_stmt 0 view .LVU489
 1541 006e 0A8A     		ldrh	r2, [r1, #16]
 810:./Libraries/src/stm32f4xx_tim.c ****     /* Set the Output N Idle state */
 1542              		.loc 1 810 15 view .LVU490
 1543 0070 9200     		lsls	r2, r2, #2
 1544 0072 92B2     		uxth	r2, r2
 810:./Libraries/src/stm32f4xx_tim.c ****     /* Set the Output N Idle state */
 1545              		.loc 1 810 12 view .LVU491
 1546 0074 4EEA020E 		orr	lr, lr, r2
 1547              	.LVL170:
 812:./Libraries/src/stm32f4xx_tim.c ****   }
 1548              		.loc 1 812 5 is_stmt 1 view .LVU492
 812:./Libraries/src/stm32f4xx_tim.c ****   }
 1549              		.loc 1 812 42 is_stmt 0 view .LVU493
 1550 0078 4A8A     		ldrh	r2, [r1, #18]
 812:./Libraries/src/stm32f4xx_tim.c ****   }
 1551              		.loc 1 812 15 view .LVU494
 1552 007a 9200     		lsls	r2, r2, #2
 1553 007c 92B2     		uxth	r2, r2
 812:./Libraries/src/stm32f4xx_tim.c ****   }
 1554              		.loc 1 812 12 view .LVU495
 1555 007e 42EA0E0E 		orr	lr, r2, lr
 1556              	.LVL171:
 1557              	.L77:
 815:./Libraries/src/stm32f4xx_tim.c ****   
 1558              		.loc 1 815 3 is_stmt 1 view .LVU496
 815:./Libraries/src/stm32f4xx_tim.c ****   
 1559              		.loc 1 815 13 is_stmt 0 view .LVU497
 1560 0082 A0F804E0 		strh	lr, [r0, #4]	@ movhi
 818:./Libraries/src/stm32f4xx_tim.c ****   
 1561              		.loc 1 818 3 is_stmt 1 view .LVU498
ARM GAS  /tmp/cc0EAqnP.s 			page 93


 818:./Libraries/src/stm32f4xx_tim.c ****   
 1562              		.loc 1 818 15 is_stmt 0 view .LVU499
 1563 0086 A0F818C0 		strh	ip, [r0, #24]	@ movhi
 821:./Libraries/src/stm32f4xx_tim.c ****   
 1564              		.loc 1 821 3 is_stmt 1 view .LVU500
 821:./Libraries/src/stm32f4xx_tim.c ****   
 1565              		.loc 1 821 32 is_stmt 0 view .LVU501
 1566 008a 8A68     		ldr	r2, [r1, #8]
 821:./Libraries/src/stm32f4xx_tim.c ****   
 1567              		.loc 1 821 14 view .LVU502
 1568 008c 8263     		str	r2, [r0, #56]
 824:./Libraries/src/stm32f4xx_tim.c **** }
 1569              		.loc 1 824 3 is_stmt 1 view .LVU503
 824:./Libraries/src/stm32f4xx_tim.c **** }
 1570              		.loc 1 824 14 is_stmt 0 view .LVU504
 1571 008e 0384     		strh	r3, [r0, #32]	@ movhi
 825:./Libraries/src/stm32f4xx_tim.c **** 
 1572              		.loc 1 825 1 view .LVU505
 1573 0090 5DF804FB 		ldr	pc, [sp], #4
 1574              	.L80:
 1575              		.align	2
 1576              	.L79:
 1577 0094 00000140 		.word	1073807360
 1578              		.cfi_endproc
 1579              	.LFE139:
 1581              		.section	.text.TIM_OC3Init,"ax",%progbits
 1582              		.align	1
 1583              		.global	TIM_OC3Init
 1584              		.syntax unified
 1585              		.thumb
 1586              		.thumb_func
 1588              	TIM_OC3Init:
 1589              	.LVL172:
 1590              	.LFB140:
 836:./Libraries/src/stm32f4xx_tim.c ****   uint16_t tmpccmrx = 0, tmpccer = 0, tmpcr2 = 0;
 1591              		.loc 1 836 1 is_stmt 1 view -0
 1592              		.cfi_startproc
 1593              		@ args = 0, pretend = 0, frame = 0
 1594              		@ frame_needed = 0, uses_anonymous_args = 0
 836:./Libraries/src/stm32f4xx_tim.c ****   uint16_t tmpccmrx = 0, tmpccer = 0, tmpcr2 = 0;
 1595              		.loc 1 836 1 is_stmt 0 view .LVU507
 1596 0000 00B5     		push	{lr}
 1597              	.LCFI7:
 1598              		.cfi_def_cfa_offset 4
 1599              		.cfi_offset 14, -4
 837:./Libraries/src/stm32f4xx_tim.c ****    
 1600              		.loc 1 837 3 is_stmt 1 view .LVU508
 1601              	.LVL173:
 840:./Libraries/src/stm32f4xx_tim.c ****   assert_param(IS_TIM_OC_MODE(TIM_OCInitStruct->TIM_OCMode));
 1602              		.loc 1 840 3 view .LVU509
 841:./Libraries/src/stm32f4xx_tim.c ****   assert_param(IS_TIM_OUTPUT_STATE(TIM_OCInitStruct->TIM_OutputState));
 1603              		.loc 1 841 3 view .LVU510
 842:./Libraries/src/stm32f4xx_tim.c ****   assert_param(IS_TIM_OC_POLARITY(TIM_OCInitStruct->TIM_OCPolarity));   
 1604              		.loc 1 842 3 view .LVU511
 843:./Libraries/src/stm32f4xx_tim.c **** 
 1605              		.loc 1 843 3 view .LVU512
 846:./Libraries/src/stm32f4xx_tim.c ****   
ARM GAS  /tmp/cc0EAqnP.s 			page 94


 1606              		.loc 1 846 3 view .LVU513
 846:./Libraries/src/stm32f4xx_tim.c ****   
 1607              		.loc 1 846 7 is_stmt 0 view .LVU514
 1608 0002 038C     		ldrh	r3, [r0, #32]
 1609 0004 9BB2     		uxth	r3, r3
 846:./Libraries/src/stm32f4xx_tim.c ****   
 1610              		.loc 1 846 14 view .LVU515
 1611 0006 23F48073 		bic	r3, r3, #256
 1612 000a 9BB2     		uxth	r3, r3
 1613 000c 0384     		strh	r3, [r0, #32]	@ movhi
 849:./Libraries/src/stm32f4xx_tim.c ****   /* Get the TIMx CR2 register value */
 1614              		.loc 1 849 3 is_stmt 1 view .LVU516
 849:./Libraries/src/stm32f4xx_tim.c ****   /* Get the TIMx CR2 register value */
 1615              		.loc 1 849 11 is_stmt 0 view .LVU517
 1616 000e 028C     		ldrh	r2, [r0, #32]
 1617 0010 92B2     		uxth	r2, r2
 1618              	.LVL174:
 851:./Libraries/src/stm32f4xx_tim.c ****   
 1619              		.loc 1 851 3 is_stmt 1 view .LVU518
 851:./Libraries/src/stm32f4xx_tim.c ****   
 1620              		.loc 1 851 10 is_stmt 0 view .LVU519
 1621 0012 B0F804E0 		ldrh	lr, [r0, #4]
 1622 0016 1FFA8EFE 		uxth	lr, lr
 1623              	.LVL175:
 854:./Libraries/src/stm32f4xx_tim.c ****     
 1624              		.loc 1 854 3 is_stmt 1 view .LVU520
 854:./Libraries/src/stm32f4xx_tim.c ****     
 1625              		.loc 1 854 12 is_stmt 0 view .LVU521
 1626 001a B0F81CC0 		ldrh	ip, [r0, #28]
 1627 001e 1FFA8CFC 		uxth	ip, ip
 1628              	.LVL176:
 857:./Libraries/src/stm32f4xx_tim.c ****   tmpccmrx &= (uint16_t)~TIM_CCMR2_CC3S;  
 1629              		.loc 1 857 3 is_stmt 1 view .LVU522
 858:./Libraries/src/stm32f4xx_tim.c ****   /* Select the Output Compare Mode */
 1630              		.loc 1 858 3 view .LVU523
 858:./Libraries/src/stm32f4xx_tim.c ****   /* Select the Output Compare Mode */
 1631              		.loc 1 858 12 is_stmt 0 view .LVU524
 1632 0022 2CF0730C 		bic	ip, ip, #115
 1633              	.LVL177:
 860:./Libraries/src/stm32f4xx_tim.c ****   
 1634              		.loc 1 860 3 is_stmt 1 view .LVU525
 860:./Libraries/src/stm32f4xx_tim.c ****   
 1635              		.loc 1 860 31 is_stmt 0 view .LVU526
 1636 0026 0B88     		ldrh	r3, [r1]
 860:./Libraries/src/stm32f4xx_tim.c ****   
 1637              		.loc 1 860 12 view .LVU527
 1638 0028 4CEA030C 		orr	ip, ip, r3
 1639              	.LVL178:
 863:./Libraries/src/stm32f4xx_tim.c ****   /* Set the Output Compare Polarity */
 1640              		.loc 1 863 3 is_stmt 1 view .LVU528
 863:./Libraries/src/stm32f4xx_tim.c ****   /* Set the Output Compare Polarity */
 1641              		.loc 1 863 11 is_stmt 0 view .LVU529
 1642 002c 22F40072 		bic	r2, r2, #512
 1643              	.LVL179:
 865:./Libraries/src/stm32f4xx_tim.c ****   
 1644              		.loc 1 865 3 is_stmt 1 view .LVU530
 865:./Libraries/src/stm32f4xx_tim.c ****   
ARM GAS  /tmp/cc0EAqnP.s 			page 95


 1645              		.loc 1 865 41 is_stmt 0 view .LVU531
 1646 0030 8B89     		ldrh	r3, [r1, #12]
 865:./Libraries/src/stm32f4xx_tim.c ****   
 1647              		.loc 1 865 14 view .LVU532
 1648 0032 1B02     		lsls	r3, r3, #8
 1649 0034 9BB2     		uxth	r3, r3
 865:./Libraries/src/stm32f4xx_tim.c ****   
 1650              		.loc 1 865 11 view .LVU533
 1651 0036 1A43     		orrs	r2, r2, r3
 1652              	.LVL180:
 868:./Libraries/src/stm32f4xx_tim.c ****     
 1653              		.loc 1 868 3 is_stmt 1 view .LVU534
 868:./Libraries/src/stm32f4xx_tim.c ****     
 1654              		.loc 1 868 41 is_stmt 0 view .LVU535
 1655 0038 4B88     		ldrh	r3, [r1, #2]
 868:./Libraries/src/stm32f4xx_tim.c ****     
 1656              		.loc 1 868 14 view .LVU536
 1657 003a 1B02     		lsls	r3, r3, #8
 1658 003c 9BB2     		uxth	r3, r3
 868:./Libraries/src/stm32f4xx_tim.c ****     
 1659              		.loc 1 868 11 view .LVU537
 1660 003e 1343     		orrs	r3, r3, r2
 1661              	.LVL181:
 870:./Libraries/src/stm32f4xx_tim.c ****   {
 1662              		.loc 1 870 3 is_stmt 1 view .LVU538
 870:./Libraries/src/stm32f4xx_tim.c ****   {
 1663              		.loc 1 870 5 is_stmt 0 view .LVU539
 1664 0040 134A     		ldr	r2, .L85
 1665 0042 9042     		cmp	r0, r2
 1666 0044 03D0     		beq	.L82
 870:./Libraries/src/stm32f4xx_tim.c ****   {
 1667              		.loc 1 870 21 discriminator 1 view .LVU540
 1668 0046 02F58062 		add	r2, r2, #1024
 1669 004a 9042     		cmp	r0, r2
 1670 004c 17D1     		bne	.L83
 1671              	.L82:
 872:./Libraries/src/stm32f4xx_tim.c ****     assert_param(IS_TIM_OCN_POLARITY(TIM_OCInitStruct->TIM_OCNPolarity));
 1672              		.loc 1 872 5 is_stmt 1 view .LVU541
 873:./Libraries/src/stm32f4xx_tim.c ****     assert_param(IS_TIM_OCNIDLE_STATE(TIM_OCInitStruct->TIM_OCNIdleState));
 1673              		.loc 1 873 5 view .LVU542
 874:./Libraries/src/stm32f4xx_tim.c ****     assert_param(IS_TIM_OCIDLE_STATE(TIM_OCInitStruct->TIM_OCIdleState));
 1674              		.loc 1 874 5 view .LVU543
 875:./Libraries/src/stm32f4xx_tim.c ****     
 1675              		.loc 1 875 5 view .LVU544
 878:./Libraries/src/stm32f4xx_tim.c ****     /* Set the Output N Polarity */
 1676              		.loc 1 878 5 view .LVU545
 878:./Libraries/src/stm32f4xx_tim.c ****     /* Set the Output N Polarity */
 1677              		.loc 1 878 13 is_stmt 0 view .LVU546
 1678 004e 23F40063 		bic	r3, r3, #2048
 1679              	.LVL182:
 880:./Libraries/src/stm32f4xx_tim.c ****     /* Reset the Output N State */
 1680              		.loc 1 880 5 is_stmt 1 view .LVU547
 880:./Libraries/src/stm32f4xx_tim.c ****     /* Reset the Output N State */
 1681              		.loc 1 880 43 is_stmt 0 view .LVU548
 1682 0052 CA89     		ldrh	r2, [r1, #14]
 880:./Libraries/src/stm32f4xx_tim.c ****     /* Reset the Output N State */
 1683              		.loc 1 880 16 view .LVU549
ARM GAS  /tmp/cc0EAqnP.s 			page 96


 1684 0054 1202     		lsls	r2, r2, #8
 1685 0056 92B2     		uxth	r2, r2
 880:./Libraries/src/stm32f4xx_tim.c ****     /* Reset the Output N State */
 1686              		.loc 1 880 13 view .LVU550
 1687 0058 1343     		orrs	r3, r3, r2
 1688              	.LVL183:
 882:./Libraries/src/stm32f4xx_tim.c ****     
 1689              		.loc 1 882 5 is_stmt 1 view .LVU551
 882:./Libraries/src/stm32f4xx_tim.c ****     
 1690              		.loc 1 882 13 is_stmt 0 view .LVU552
 1691 005a 23F48063 		bic	r3, r3, #1024
 1692              	.LVL184:
 885:./Libraries/src/stm32f4xx_tim.c ****     /* Reset the Output Compare and Output Compare N IDLE State */
 1693              		.loc 1 885 5 is_stmt 1 view .LVU553
 885:./Libraries/src/stm32f4xx_tim.c ****     /* Reset the Output Compare and Output Compare N IDLE State */
 1694              		.loc 1 885 43 is_stmt 0 view .LVU554
 1695 005e 8A88     		ldrh	r2, [r1, #4]
 885:./Libraries/src/stm32f4xx_tim.c ****     /* Reset the Output Compare and Output Compare N IDLE State */
 1696              		.loc 1 885 16 view .LVU555
 1697 0060 1202     		lsls	r2, r2, #8
 1698 0062 92B2     		uxth	r2, r2
 885:./Libraries/src/stm32f4xx_tim.c ****     /* Reset the Output Compare and Output Compare N IDLE State */
 1699              		.loc 1 885 13 view .LVU556
 1700 0064 1343     		orrs	r3, r3, r2
 1701              	.LVL185:
 887:./Libraries/src/stm32f4xx_tim.c ****     tmpcr2 &= (uint16_t)~TIM_CR2_OIS3N;
 1702              		.loc 1 887 5 is_stmt 1 view .LVU557
 888:./Libraries/src/stm32f4xx_tim.c ****     /* Set the Output Idle state */
 1703              		.loc 1 888 5 view .LVU558
 888:./Libraries/src/stm32f4xx_tim.c ****     /* Set the Output Idle state */
 1704              		.loc 1 888 12 is_stmt 0 view .LVU559
 1705 0066 2EF4405E 		bic	lr, lr, #12288
 1706              	.LVL186:
 890:./Libraries/src/stm32f4xx_tim.c ****     /* Set the Output N Idle state */
 1707              		.loc 1 890 5 is_stmt 1 view .LVU560
 890:./Libraries/src/stm32f4xx_tim.c ****     /* Set the Output N Idle state */
 1708              		.loc 1 890 42 is_stmt 0 view .LVU561
 1709 006a 0A8A     		ldrh	r2, [r1, #16]
 890:./Libraries/src/stm32f4xx_tim.c ****     /* Set the Output N Idle state */
 1710              		.loc 1 890 15 view .LVU562
 1711 006c 1201     		lsls	r2, r2, #4
 1712 006e 92B2     		uxth	r2, r2
 890:./Libraries/src/stm32f4xx_tim.c ****     /* Set the Output N Idle state */
 1713              		.loc 1 890 12 view .LVU563
 1714 0070 4EEA020E 		orr	lr, lr, r2
 1715              	.LVL187:
 892:./Libraries/src/stm32f4xx_tim.c ****   }
 1716              		.loc 1 892 5 is_stmt 1 view .LVU564
 892:./Libraries/src/stm32f4xx_tim.c ****   }
 1717              		.loc 1 892 42 is_stmt 0 view .LVU565
 1718 0074 4A8A     		ldrh	r2, [r1, #18]
 892:./Libraries/src/stm32f4xx_tim.c ****   }
 1719              		.loc 1 892 15 view .LVU566
 1720 0076 1201     		lsls	r2, r2, #4
 1721 0078 92B2     		uxth	r2, r2
 892:./Libraries/src/stm32f4xx_tim.c ****   }
 1722              		.loc 1 892 12 view .LVU567
ARM GAS  /tmp/cc0EAqnP.s 			page 97


 1723 007a 42EA0E0E 		orr	lr, r2, lr
 1724              	.LVL188:
 1725              	.L83:
 895:./Libraries/src/stm32f4xx_tim.c ****   
 1726              		.loc 1 895 3 is_stmt 1 view .LVU568
 895:./Libraries/src/stm32f4xx_tim.c ****   
 1727              		.loc 1 895 13 is_stmt 0 view .LVU569
 1728 007e A0F804E0 		strh	lr, [r0, #4]	@ movhi
 898:./Libraries/src/stm32f4xx_tim.c ****   
 1729              		.loc 1 898 3 is_stmt 1 view .LVU570
 898:./Libraries/src/stm32f4xx_tim.c ****   
 1730              		.loc 1 898 15 is_stmt 0 view .LVU571
 1731 0082 A0F81CC0 		strh	ip, [r0, #28]	@ movhi
 901:./Libraries/src/stm32f4xx_tim.c ****   
 1732              		.loc 1 901 3 is_stmt 1 view .LVU572
 901:./Libraries/src/stm32f4xx_tim.c ****   
 1733              		.loc 1 901 32 is_stmt 0 view .LVU573
 1734 0086 8A68     		ldr	r2, [r1, #8]
 901:./Libraries/src/stm32f4xx_tim.c ****   
 1735              		.loc 1 901 14 view .LVU574
 1736 0088 C263     		str	r2, [r0, #60]
 904:./Libraries/src/stm32f4xx_tim.c **** }
 1737              		.loc 1 904 3 is_stmt 1 view .LVU575
 904:./Libraries/src/stm32f4xx_tim.c **** }
 1738              		.loc 1 904 14 is_stmt 0 view .LVU576
 1739 008a 0384     		strh	r3, [r0, #32]	@ movhi
 905:./Libraries/src/stm32f4xx_tim.c **** 
 1740              		.loc 1 905 1 view .LVU577
 1741 008c 5DF804FB 		ldr	pc, [sp], #4
 1742              	.L86:
 1743              		.align	2
 1744              	.L85:
 1745 0090 00000140 		.word	1073807360
 1746              		.cfi_endproc
 1747              	.LFE140:
 1749              		.section	.text.TIM_OC4Init,"ax",%progbits
 1750              		.align	1
 1751              		.global	TIM_OC4Init
 1752              		.syntax unified
 1753              		.thumb
 1754              		.thumb_func
 1756              	TIM_OC4Init:
 1757              	.LVL189:
 1758              	.LFB141:
 916:./Libraries/src/stm32f4xx_tim.c ****   uint16_t tmpccmrx = 0, tmpccer = 0, tmpcr2 = 0;
 1759              		.loc 1 916 1 is_stmt 1 view -0
 1760              		.cfi_startproc
 1761              		@ args = 0, pretend = 0, frame = 0
 1762              		@ frame_needed = 0, uses_anonymous_args = 0
 916:./Libraries/src/stm32f4xx_tim.c ****   uint16_t tmpccmrx = 0, tmpccer = 0, tmpcr2 = 0;
 1763              		.loc 1 916 1 is_stmt 0 view .LVU579
 1764 0000 10B5     		push	{r4, lr}
 1765              	.LCFI8:
 1766              		.cfi_def_cfa_offset 8
 1767              		.cfi_offset 4, -8
 1768              		.cfi_offset 14, -4
 917:./Libraries/src/stm32f4xx_tim.c ****    
ARM GAS  /tmp/cc0EAqnP.s 			page 98


 1769              		.loc 1 917 3 is_stmt 1 view .LVU580
 1770              	.LVL190:
 920:./Libraries/src/stm32f4xx_tim.c ****   assert_param(IS_TIM_OC_MODE(TIM_OCInitStruct->TIM_OCMode));
 1771              		.loc 1 920 3 view .LVU581
 921:./Libraries/src/stm32f4xx_tim.c ****   assert_param(IS_TIM_OUTPUT_STATE(TIM_OCInitStruct->TIM_OutputState));
 1772              		.loc 1 921 3 view .LVU582
 922:./Libraries/src/stm32f4xx_tim.c ****   assert_param(IS_TIM_OC_POLARITY(TIM_OCInitStruct->TIM_OCPolarity));   
 1773              		.loc 1 922 3 view .LVU583
 923:./Libraries/src/stm32f4xx_tim.c **** 
 1774              		.loc 1 923 3 view .LVU584
 926:./Libraries/src/stm32f4xx_tim.c ****   
 1775              		.loc 1 926 3 view .LVU585
 926:./Libraries/src/stm32f4xx_tim.c ****   
 1776              		.loc 1 926 7 is_stmt 0 view .LVU586
 1777 0002 038C     		ldrh	r3, [r0, #32]
 1778 0004 9BB2     		uxth	r3, r3
 926:./Libraries/src/stm32f4xx_tim.c ****   
 1779              		.loc 1 926 14 view .LVU587
 1780 0006 23F48053 		bic	r3, r3, #4096
 1781 000a 9BB2     		uxth	r3, r3
 1782 000c 0384     		strh	r3, [r0, #32]	@ movhi
 929:./Libraries/src/stm32f4xx_tim.c ****   /* Get the TIMx CR2 register value */
 1783              		.loc 1 929 3 is_stmt 1 view .LVU588
 929:./Libraries/src/stm32f4xx_tim.c ****   /* Get the TIMx CR2 register value */
 1784              		.loc 1 929 11 is_stmt 0 view .LVU589
 1785 000e B0F820C0 		ldrh	ip, [r0, #32]
 1786 0012 1FFA8CFC 		uxth	ip, ip
 1787              	.LVL191:
 931:./Libraries/src/stm32f4xx_tim.c ****   
 1788              		.loc 1 931 3 is_stmt 1 view .LVU590
 931:./Libraries/src/stm32f4xx_tim.c ****   
 1789              		.loc 1 931 10 is_stmt 0 view .LVU591
 1790 0016 B0F804E0 		ldrh	lr, [r0, #4]
 1791 001a 1FFA8EFE 		uxth	lr, lr
 1792              	.LVL192:
 934:./Libraries/src/stm32f4xx_tim.c ****     
 1793              		.loc 1 934 3 is_stmt 1 view .LVU592
 934:./Libraries/src/stm32f4xx_tim.c ****     
 1794              		.loc 1 934 12 is_stmt 0 view .LVU593
 1795 001e 828B     		ldrh	r2, [r0, #28]
 1796 0020 92B2     		uxth	r2, r2
 1797              	.LVL193:
 937:./Libraries/src/stm32f4xx_tim.c ****   tmpccmrx &= (uint16_t)~TIM_CCMR2_CC4S;
 1798              		.loc 1 937 3 is_stmt 1 view .LVU594
 938:./Libraries/src/stm32f4xx_tim.c ****   
 1799              		.loc 1 938 3 view .LVU595
 938:./Libraries/src/stm32f4xx_tim.c ****   
 1800              		.loc 1 938 12 is_stmt 0 view .LVU596
 1801 0022 22F4E642 		bic	r2, r2, #29440
 1802              	.LVL194:
 941:./Libraries/src/stm32f4xx_tim.c ****   
 1803              		.loc 1 941 3 is_stmt 1 view .LVU597
 941:./Libraries/src/stm32f4xx_tim.c ****   
 1804              		.loc 1 941 42 is_stmt 0 view .LVU598
 1805 0026 0B88     		ldrh	r3, [r1]
 941:./Libraries/src/stm32f4xx_tim.c ****   
 1806              		.loc 1 941 15 view .LVU599
ARM GAS  /tmp/cc0EAqnP.s 			page 99


 1807 0028 1B02     		lsls	r3, r3, #8
 1808 002a 9BB2     		uxth	r3, r3
 941:./Libraries/src/stm32f4xx_tim.c ****   
 1809              		.loc 1 941 12 view .LVU600
 1810 002c 1A43     		orrs	r2, r2, r3
 1811              	.LVL195:
 944:./Libraries/src/stm32f4xx_tim.c ****   /* Set the Output Compare Polarity */
 1812              		.loc 1 944 3 is_stmt 1 view .LVU601
 944:./Libraries/src/stm32f4xx_tim.c ****   /* Set the Output Compare Polarity */
 1813              		.loc 1 944 11 is_stmt 0 view .LVU602
 1814 002e 2CF4005C 		bic	ip, ip, #8192
 1815              	.LVL196:
 946:./Libraries/src/stm32f4xx_tim.c ****   
 1816              		.loc 1 946 3 is_stmt 1 view .LVU603
 946:./Libraries/src/stm32f4xx_tim.c ****   
 1817              		.loc 1 946 41 is_stmt 0 view .LVU604
 1818 0032 8B89     		ldrh	r3, [r1, #12]
 946:./Libraries/src/stm32f4xx_tim.c ****   
 1819              		.loc 1 946 14 view .LVU605
 1820 0034 1B03     		lsls	r3, r3, #12
 1821 0036 9BB2     		uxth	r3, r3
 946:./Libraries/src/stm32f4xx_tim.c ****   
 1822              		.loc 1 946 11 view .LVU606
 1823 0038 4CEA030C 		orr	ip, ip, r3
 1824              	.LVL197:
 949:./Libraries/src/stm32f4xx_tim.c ****   
 1825              		.loc 1 949 3 is_stmt 1 view .LVU607
 949:./Libraries/src/stm32f4xx_tim.c ****   
 1826              		.loc 1 949 41 is_stmt 0 view .LVU608
 1827 003c 4B88     		ldrh	r3, [r1, #2]
 949:./Libraries/src/stm32f4xx_tim.c ****   
 1828              		.loc 1 949 14 view .LVU609
 1829 003e 1B03     		lsls	r3, r3, #12
 1830 0040 9BB2     		uxth	r3, r3
 949:./Libraries/src/stm32f4xx_tim.c ****   
 1831              		.loc 1 949 11 view .LVU610
 1832 0042 43EA0C03 		orr	r3, r3, ip
 1833              	.LVL198:
 951:./Libraries/src/stm32f4xx_tim.c ****   {
 1834              		.loc 1 951 3 is_stmt 1 view .LVU611
 951:./Libraries/src/stm32f4xx_tim.c ****   {
 1835              		.loc 1 951 5 is_stmt 0 view .LVU612
 1836 0046 0C4C     		ldr	r4, .L91
 1837 0048 A042     		cmp	r0, r4
 1838 004a 03D0     		beq	.L88
 951:./Libraries/src/stm32f4xx_tim.c ****   {
 1839              		.loc 1 951 21 discriminator 1 view .LVU613
 1840 004c 04F58064 		add	r4, r4, #1024
 1841 0050 A042     		cmp	r0, r4
 1842 0052 09D1     		bne	.L89
 1843              	.L88:
 953:./Libraries/src/stm32f4xx_tim.c ****     /* Reset the Output Compare IDLE State */
 1844              		.loc 1 953 5 is_stmt 1 view .LVU614
 955:./Libraries/src/stm32f4xx_tim.c ****     /* Set the Output Idle state */
 1845              		.loc 1 955 5 view .LVU615
 955:./Libraries/src/stm32f4xx_tim.c ****     /* Set the Output Idle state */
 1846              		.loc 1 955 12 is_stmt 0 view .LVU616
ARM GAS  /tmp/cc0EAqnP.s 			page 100


 1847 0054 2EF4804E 		bic	lr, lr, #16384
 1848              	.LVL199:
 957:./Libraries/src/stm32f4xx_tim.c ****   }
 1849              		.loc 1 957 5 is_stmt 1 view .LVU617
 957:./Libraries/src/stm32f4xx_tim.c ****   }
 1850              		.loc 1 957 42 is_stmt 0 view .LVU618
 1851 0058 B1F810C0 		ldrh	ip, [r1, #16]
 957:./Libraries/src/stm32f4xx_tim.c ****   }
 1852              		.loc 1 957 15 view .LVU619
 1853 005c 4FEA8C1C 		lsl	ip, ip, #6
 1854 0060 1FFA8CFC 		uxth	ip, ip
 957:./Libraries/src/stm32f4xx_tim.c ****   }
 1855              		.loc 1 957 12 view .LVU620
 1856 0064 4EEA0C0E 		orr	lr, lr, ip
 1857              	.LVL200:
 1858              	.L89:
 960:./Libraries/src/stm32f4xx_tim.c ****   
 1859              		.loc 1 960 3 is_stmt 1 view .LVU621
 960:./Libraries/src/stm32f4xx_tim.c ****   
 1860              		.loc 1 960 13 is_stmt 0 view .LVU622
 1861 0068 A0F804E0 		strh	lr, [r0, #4]	@ movhi
 963:./Libraries/src/stm32f4xx_tim.c ****     
 1862              		.loc 1 963 3 is_stmt 1 view .LVU623
 963:./Libraries/src/stm32f4xx_tim.c ****     
 1863              		.loc 1 963 15 is_stmt 0 view .LVU624
 1864 006c 8283     		strh	r2, [r0, #28]	@ movhi
 966:./Libraries/src/stm32f4xx_tim.c ****   
 1865              		.loc 1 966 3 is_stmt 1 view .LVU625
 966:./Libraries/src/stm32f4xx_tim.c ****   
 1866              		.loc 1 966 32 is_stmt 0 view .LVU626
 1867 006e 8A68     		ldr	r2, [r1, #8]
 1868              	.LVL201:
 966:./Libraries/src/stm32f4xx_tim.c ****   
 1869              		.loc 1 966 14 view .LVU627
 1870 0070 0264     		str	r2, [r0, #64]
 1871              	.LVL202:
 969:./Libraries/src/stm32f4xx_tim.c **** }
 1872              		.loc 1 969 3 is_stmt 1 view .LVU628
 969:./Libraries/src/stm32f4xx_tim.c **** }
 1873              		.loc 1 969 14 is_stmt 0 view .LVU629
 1874 0072 0384     		strh	r3, [r0, #32]	@ movhi
 970:./Libraries/src/stm32f4xx_tim.c **** 
 1875              		.loc 1 970 1 view .LVU630
 1876 0074 10BD     		pop	{r4, pc}
 1877              	.L92:
 1878 0076 00BF     		.align	2
 1879              	.L91:
 1880 0078 00000140 		.word	1073807360
 1881              		.cfi_endproc
 1882              	.LFE141:
 1884              		.section	.text.TIM_OCStructInit,"ax",%progbits
 1885              		.align	1
 1886              		.global	TIM_OCStructInit
 1887              		.syntax unified
 1888              		.thumb
 1889              		.thumb_func
 1891              	TIM_OCStructInit:
ARM GAS  /tmp/cc0EAqnP.s 			page 101


 1892              	.LVL203:
 1893              	.LFB142:
 979:./Libraries/src/stm32f4xx_tim.c ****   /* Set the default configuration */
 1894              		.loc 1 979 1 is_stmt 1 view -0
 1895              		.cfi_startproc
 1896              		@ args = 0, pretend = 0, frame = 0
 1897              		@ frame_needed = 0, uses_anonymous_args = 0
 1898              		@ link register save eliminated.
 981:./Libraries/src/stm32f4xx_tim.c ****   TIM_OCInitStruct->TIM_OutputState = TIM_OutputState_Disable;
 1899              		.loc 1 981 3 view .LVU632
 981:./Libraries/src/stm32f4xx_tim.c ****   TIM_OCInitStruct->TIM_OutputState = TIM_OutputState_Disable;
 1900              		.loc 1 981 32 is_stmt 0 view .LVU633
 1901 0000 0023     		movs	r3, #0
 1902 0002 0380     		strh	r3, [r0]	@ movhi
 982:./Libraries/src/stm32f4xx_tim.c ****   TIM_OCInitStruct->TIM_OutputNState = TIM_OutputNState_Disable;
 1903              		.loc 1 982 3 is_stmt 1 view .LVU634
 982:./Libraries/src/stm32f4xx_tim.c ****   TIM_OCInitStruct->TIM_OutputNState = TIM_OutputNState_Disable;
 1904              		.loc 1 982 37 is_stmt 0 view .LVU635
 1905 0004 4380     		strh	r3, [r0, #2]	@ movhi
 983:./Libraries/src/stm32f4xx_tim.c ****   TIM_OCInitStruct->TIM_Pulse = 0x00000000;
 1906              		.loc 1 983 3 is_stmt 1 view .LVU636
 983:./Libraries/src/stm32f4xx_tim.c ****   TIM_OCInitStruct->TIM_Pulse = 0x00000000;
 1907              		.loc 1 983 38 is_stmt 0 view .LVU637
 1908 0006 8380     		strh	r3, [r0, #4]	@ movhi
 984:./Libraries/src/stm32f4xx_tim.c ****   TIM_OCInitStruct->TIM_OCPolarity = TIM_OCPolarity_High;
 1909              		.loc 1 984 3 is_stmt 1 view .LVU638
 984:./Libraries/src/stm32f4xx_tim.c ****   TIM_OCInitStruct->TIM_OCPolarity = TIM_OCPolarity_High;
 1910              		.loc 1 984 31 is_stmt 0 view .LVU639
 1911 0008 8360     		str	r3, [r0, #8]
 985:./Libraries/src/stm32f4xx_tim.c ****   TIM_OCInitStruct->TIM_OCNPolarity = TIM_OCPolarity_High;
 1912              		.loc 1 985 3 is_stmt 1 view .LVU640
 985:./Libraries/src/stm32f4xx_tim.c ****   TIM_OCInitStruct->TIM_OCNPolarity = TIM_OCPolarity_High;
 1913              		.loc 1 985 36 is_stmt 0 view .LVU641
 1914 000a 8381     		strh	r3, [r0, #12]	@ movhi
 986:./Libraries/src/stm32f4xx_tim.c ****   TIM_OCInitStruct->TIM_OCIdleState = TIM_OCIdleState_Reset;
 1915              		.loc 1 986 3 is_stmt 1 view .LVU642
 986:./Libraries/src/stm32f4xx_tim.c ****   TIM_OCInitStruct->TIM_OCIdleState = TIM_OCIdleState_Reset;
 1916              		.loc 1 986 37 is_stmt 0 view .LVU643
 1917 000c C381     		strh	r3, [r0, #14]	@ movhi
 987:./Libraries/src/stm32f4xx_tim.c ****   TIM_OCInitStruct->TIM_OCNIdleState = TIM_OCNIdleState_Reset;
 1918              		.loc 1 987 3 is_stmt 1 view .LVU644
 987:./Libraries/src/stm32f4xx_tim.c ****   TIM_OCInitStruct->TIM_OCNIdleState = TIM_OCNIdleState_Reset;
 1919              		.loc 1 987 37 is_stmt 0 view .LVU645
 1920 000e 0382     		strh	r3, [r0, #16]	@ movhi
 988:./Libraries/src/stm32f4xx_tim.c **** }
 1921              		.loc 1 988 3 is_stmt 1 view .LVU646
 988:./Libraries/src/stm32f4xx_tim.c **** }
 1922              		.loc 1 988 38 is_stmt 0 view .LVU647
 1923 0010 4382     		strh	r3, [r0, #18]	@ movhi
 989:./Libraries/src/stm32f4xx_tim.c **** 
 1924              		.loc 1 989 1 view .LVU648
 1925 0012 7047     		bx	lr
 1926              		.cfi_endproc
 1927              	.LFE142:
 1929              		.section	.text.TIM_SelectOCxM,"ax",%progbits
 1930              		.align	1
 1931              		.global	TIM_SelectOCxM
ARM GAS  /tmp/cc0EAqnP.s 			page 102


 1932              		.syntax unified
 1933              		.thumb
 1934              		.thumb_func
 1936              	TIM_SelectOCxM:
 1937              	.LVL204:
 1938              	.LFB143:
1015:./Libraries/src/stm32f4xx_tim.c ****   uint32_t tmp = 0;
 1939              		.loc 1 1015 1 is_stmt 1 view -0
 1940              		.cfi_startproc
 1941              		@ args = 0, pretend = 0, frame = 0
 1942              		@ frame_needed = 0, uses_anonymous_args = 0
1015:./Libraries/src/stm32f4xx_tim.c ****   uint32_t tmp = 0;
 1943              		.loc 1 1015 1 is_stmt 0 view .LVU650
 1944 0000 00B5     		push	{lr}
 1945              	.LCFI9:
 1946              		.cfi_def_cfa_offset 4
 1947              		.cfi_offset 14, -4
1016:./Libraries/src/stm32f4xx_tim.c ****   uint16_t tmp1 = 0;
 1948              		.loc 1 1016 3 is_stmt 1 view .LVU651
 1949              	.LVL205:
1017:./Libraries/src/stm32f4xx_tim.c **** 
 1950              		.loc 1 1017 3 view .LVU652
1020:./Libraries/src/stm32f4xx_tim.c ****   assert_param(IS_TIM_CHANNEL(TIM_Channel));
 1951              		.loc 1 1020 3 view .LVU653
1021:./Libraries/src/stm32f4xx_tim.c ****   assert_param(IS_TIM_OCM(TIM_OCMode));
 1952              		.loc 1 1021 3 view .LVU654
1022:./Libraries/src/stm32f4xx_tim.c **** 
 1953              		.loc 1 1022 3 view .LVU655
1024:./Libraries/src/stm32f4xx_tim.c ****   tmp += CCMR_OFFSET;
 1954              		.loc 1 1024 3 view .LVU656
1025:./Libraries/src/stm32f4xx_tim.c **** 
 1955              		.loc 1 1025 3 view .LVU657
1025:./Libraries/src/stm32f4xx_tim.c **** 
 1956              		.loc 1 1025 7 is_stmt 0 view .LVU658
 1957 0002 00F1180C 		add	ip, r0, #24
 1958              	.LVL206:
1027:./Libraries/src/stm32f4xx_tim.c **** 
 1959              		.loc 1 1027 3 is_stmt 1 view .LVU659
1027:./Libraries/src/stm32f4xx_tim.c **** 
 1960              		.loc 1 1027 23 is_stmt 0 view .LVU660
 1961 0006 0123     		movs	r3, #1
 1962 0008 8B40     		lsls	r3, r3, r1
1027:./Libraries/src/stm32f4xx_tim.c **** 
 1963              		.loc 1 1027 8 view .LVU661
 1964 000a 9BB2     		uxth	r3, r3
 1965              	.LVL207:
1030:./Libraries/src/stm32f4xx_tim.c **** 
 1966              		.loc 1 1030 3 is_stmt 1 view .LVU662
1030:./Libraries/src/stm32f4xx_tim.c **** 
 1967              		.loc 1 1030 7 is_stmt 0 view .LVU663
 1968 000c B0F820E0 		ldrh	lr, [r0, #32]
1030:./Libraries/src/stm32f4xx_tim.c **** 
 1969              		.loc 1 1030 17 view .LVU664
 1970 0010 DB43     		mvns	r3, r3
 1971              	.LVL208:
1030:./Libraries/src/stm32f4xx_tim.c **** 
 1972              		.loc 1 1030 17 view .LVU665
ARM GAS  /tmp/cc0EAqnP.s 			page 103


 1973 0012 9BB2     		uxth	r3, r3
 1974              	.LVL209:
1030:./Libraries/src/stm32f4xx_tim.c **** 
 1975              		.loc 1 1030 14 view .LVU666
 1976 0014 03EA0E03 		and	r3, r3, lr
 1977 0018 0384     		strh	r3, [r0, #32]	@ movhi
1032:./Libraries/src/stm32f4xx_tim.c ****   {
 1978              		.loc 1 1032 3 is_stmt 1 view .LVU667
1032:./Libraries/src/stm32f4xx_tim.c ****   {
 1979              		.loc 1 1032 5 is_stmt 0 view .LVU668
 1980 001a A1B1     		cbz	r1, .L95
1032:./Libraries/src/stm32f4xx_tim.c ****   {
 1981              		.loc 1 1032 37 discriminator 1 view .LVU669
 1982 001c 0829     		cmp	r1, #8
 1983 001e 12D0     		beq	.L95
1044:./Libraries/src/stm32f4xx_tim.c **** 
 1984              		.loc 1 1044 5 is_stmt 1 view .LVU670
1044:./Libraries/src/stm32f4xx_tim.c **** 
 1985              		.loc 1 1044 12 is_stmt 0 view .LVU671
 1986 0020 0439     		subs	r1, r1, #4
 1987              	.LVL210:
1044:./Libraries/src/stm32f4xx_tim.c **** 
 1988              		.loc 1 1044 49 view .LVU672
 1989 0022 C1F34E01 		ubfx	r1, r1, #1, #15
 1990              	.LVL211:
1047:./Libraries/src/stm32f4xx_tim.c ****     
 1991              		.loc 1 1047 5 is_stmt 1 view .LVU673
 1992 0026 51F80C30 		ldr	r3, [r1, ip]
1047:./Libraries/src/stm32f4xx_tim.c ****     
 1993              		.loc 1 1047 28 is_stmt 0 view .LVU674
 1994 002a 23F4E043 		bic	r3, r3, #28672
 1995 002e 1B04     		lsls	r3, r3, #16
 1996 0030 1B0C     		lsrs	r3, r3, #16
 1997 0032 41F80C30 		str	r3, [r1, ip]
1050:./Libraries/src/stm32f4xx_tim.c ****   }
 1998              		.loc 1 1050 5 is_stmt 1 view .LVU675
 1999 0036 51F80C30 		ldr	r3, [r1, ip]
1050:./Libraries/src/stm32f4xx_tim.c ****   }
 2000              		.loc 1 1050 31 is_stmt 0 view .LVU676
 2001 003a 1202     		lsls	r2, r2, #8
 2002              	.LVL212:
1050:./Libraries/src/stm32f4xx_tim.c ****   }
 2003              		.loc 1 1050 31 view .LVU677
 2004 003c 92B2     		uxth	r2, r2
1050:./Libraries/src/stm32f4xx_tim.c ****   }
 2005              		.loc 1 1050 28 view .LVU678
 2006 003e 1343     		orrs	r3, r3, r2
 2007 0040 41F80C30 		str	r3, [r1, ip]
1052:./Libraries/src/stm32f4xx_tim.c **** 
 2008              		.loc 1 1052 1 view .LVU679
 2009 0044 0DE0     		b	.L94
 2010              	.LVL213:
 2011              	.L95:
1034:./Libraries/src/stm32f4xx_tim.c **** 
 2012              		.loc 1 1034 5 is_stmt 1 view .LVU680
1034:./Libraries/src/stm32f4xx_tim.c **** 
 2013              		.loc 1 1034 24 is_stmt 0 view .LVU681
ARM GAS  /tmp/cc0EAqnP.s 			page 104


 2014 0046 4908     		lsrs	r1, r1, #1
 2015              	.LVL214:
1037:./Libraries/src/stm32f4xx_tim.c ****    
 2016              		.loc 1 1037 5 is_stmt 1 view .LVU682
 2017 0048 51F80C30 		ldr	r3, [r1, ip]
1037:./Libraries/src/stm32f4xx_tim.c ****    
 2018              		.loc 1 1037 28 is_stmt 0 view .LVU683
 2019 004c 23F07003 		bic	r3, r3, #112
 2020 0050 1B04     		lsls	r3, r3, #16
 2021 0052 1B0C     		lsrs	r3, r3, #16
 2022 0054 41F80C30 		str	r3, [r1, ip]
1040:./Libraries/src/stm32f4xx_tim.c ****   }
 2023              		.loc 1 1040 5 is_stmt 1 view .LVU684
 2024 0058 51F80C30 		ldr	r3, [r1, ip]
1040:./Libraries/src/stm32f4xx_tim.c ****   }
 2025              		.loc 1 1040 28 is_stmt 0 view .LVU685
 2026 005c 1343     		orrs	r3, r3, r2
 2027 005e 41F80C30 		str	r3, [r1, ip]
 2028              	.LVL215:
 2029              	.L94:
1052:./Libraries/src/stm32f4xx_tim.c **** 
 2030              		.loc 1 1052 1 view .LVU686
 2031 0062 5DF804FB 		ldr	pc, [sp], #4
 2032              		.cfi_endproc
 2033              	.LFE143:
 2035              		.section	.text.TIM_SetCompare1,"ax",%progbits
 2036              		.align	1
 2037              		.global	TIM_SetCompare1
 2038              		.syntax unified
 2039              		.thumb
 2040              		.thumb_func
 2042              	TIM_SetCompare1:
 2043              	.LVL216:
 2044              	.LFB144:
1061:./Libraries/src/stm32f4xx_tim.c ****   /* Check the parameters */
 2045              		.loc 1 1061 1 is_stmt 1 view -0
 2046              		.cfi_startproc
 2047              		@ args = 0, pretend = 0, frame = 0
 2048              		@ frame_needed = 0, uses_anonymous_args = 0
 2049              		@ link register save eliminated.
1063:./Libraries/src/stm32f4xx_tim.c **** 
 2050              		.loc 1 1063 3 view .LVU688
1066:./Libraries/src/stm32f4xx_tim.c **** }
 2051              		.loc 1 1066 3 view .LVU689
1066:./Libraries/src/stm32f4xx_tim.c **** }
 2052              		.loc 1 1066 14 is_stmt 0 view .LVU690
 2053 0000 4163     		str	r1, [r0, #52]
1067:./Libraries/src/stm32f4xx_tim.c **** 
 2054              		.loc 1 1067 1 view .LVU691
 2055 0002 7047     		bx	lr
 2056              		.cfi_endproc
 2057              	.LFE144:
 2059              		.section	.text.TIM_SetCompare2,"ax",%progbits
 2060              		.align	1
 2061              		.global	TIM_SetCompare2
 2062              		.syntax unified
 2063              		.thumb
ARM GAS  /tmp/cc0EAqnP.s 			page 105


 2064              		.thumb_func
 2066              	TIM_SetCompare2:
 2067              	.LVL217:
 2068              	.LFB145:
1077:./Libraries/src/stm32f4xx_tim.c ****   /* Check the parameters */
 2069              		.loc 1 1077 1 is_stmt 1 view -0
 2070              		.cfi_startproc
 2071              		@ args = 0, pretend = 0, frame = 0
 2072              		@ frame_needed = 0, uses_anonymous_args = 0
 2073              		@ link register save eliminated.
1079:./Libraries/src/stm32f4xx_tim.c **** 
 2074              		.loc 1 1079 3 view .LVU693
1082:./Libraries/src/stm32f4xx_tim.c **** }
 2075              		.loc 1 1082 3 view .LVU694
1082:./Libraries/src/stm32f4xx_tim.c **** }
 2076              		.loc 1 1082 14 is_stmt 0 view .LVU695
 2077 0000 8163     		str	r1, [r0, #56]
1083:./Libraries/src/stm32f4xx_tim.c **** 
 2078              		.loc 1 1083 1 view .LVU696
 2079 0002 7047     		bx	lr
 2080              		.cfi_endproc
 2081              	.LFE145:
 2083              		.section	.text.TIM_SetCompare3,"ax",%progbits
 2084              		.align	1
 2085              		.global	TIM_SetCompare3
 2086              		.syntax unified
 2087              		.thumb
 2088              		.thumb_func
 2090              	TIM_SetCompare3:
 2091              	.LVL218:
 2092              	.LFB146:
1092:./Libraries/src/stm32f4xx_tim.c ****   /* Check the parameters */
 2093              		.loc 1 1092 1 is_stmt 1 view -0
 2094              		.cfi_startproc
 2095              		@ args = 0, pretend = 0, frame = 0
 2096              		@ frame_needed = 0, uses_anonymous_args = 0
 2097              		@ link register save eliminated.
1094:./Libraries/src/stm32f4xx_tim.c **** 
 2098              		.loc 1 1094 3 view .LVU698
1097:./Libraries/src/stm32f4xx_tim.c **** }
 2099              		.loc 1 1097 3 view .LVU699
1097:./Libraries/src/stm32f4xx_tim.c **** }
 2100              		.loc 1 1097 14 is_stmt 0 view .LVU700
 2101 0000 C163     		str	r1, [r0, #60]
1098:./Libraries/src/stm32f4xx_tim.c **** 
 2102              		.loc 1 1098 1 view .LVU701
 2103 0002 7047     		bx	lr
 2104              		.cfi_endproc
 2105              	.LFE146:
 2107              		.section	.text.TIM_SetCompare4,"ax",%progbits
 2108              		.align	1
 2109              		.global	TIM_SetCompare4
 2110              		.syntax unified
 2111              		.thumb
 2112              		.thumb_func
 2114              	TIM_SetCompare4:
 2115              	.LVL219:
ARM GAS  /tmp/cc0EAqnP.s 			page 106


 2116              	.LFB147:
1107:./Libraries/src/stm32f4xx_tim.c ****   /* Check the parameters */
 2117              		.loc 1 1107 1 is_stmt 1 view -0
 2118              		.cfi_startproc
 2119              		@ args = 0, pretend = 0, frame = 0
 2120              		@ frame_needed = 0, uses_anonymous_args = 0
 2121              		@ link register save eliminated.
1109:./Libraries/src/stm32f4xx_tim.c **** 
 2122              		.loc 1 1109 3 view .LVU703
1112:./Libraries/src/stm32f4xx_tim.c **** }
 2123              		.loc 1 1112 3 view .LVU704
1112:./Libraries/src/stm32f4xx_tim.c **** }
 2124              		.loc 1 1112 14 is_stmt 0 view .LVU705
 2125 0000 0164     		str	r1, [r0, #64]
1113:./Libraries/src/stm32f4xx_tim.c **** 
 2126              		.loc 1 1113 1 view .LVU706
 2127 0002 7047     		bx	lr
 2128              		.cfi_endproc
 2129              	.LFE147:
 2131              		.section	.text.TIM_ForcedOC1Config,"ax",%progbits
 2132              		.align	1
 2133              		.global	TIM_ForcedOC1Config
 2134              		.syntax unified
 2135              		.thumb
 2136              		.thumb_func
 2138              	TIM_ForcedOC1Config:
 2139              	.LVL220:
 2140              	.LFB148:
1125:./Libraries/src/stm32f4xx_tim.c ****   uint16_t tmpccmr1 = 0;
 2141              		.loc 1 1125 1 is_stmt 1 view -0
 2142              		.cfi_startproc
 2143              		@ args = 0, pretend = 0, frame = 0
 2144              		@ frame_needed = 0, uses_anonymous_args = 0
 2145              		@ link register save eliminated.
1126:./Libraries/src/stm32f4xx_tim.c **** 
 2146              		.loc 1 1126 3 view .LVU708
1129:./Libraries/src/stm32f4xx_tim.c ****   assert_param(IS_TIM_FORCED_ACTION(TIM_ForcedAction));
 2147              		.loc 1 1129 3 view .LVU709
1130:./Libraries/src/stm32f4xx_tim.c ****   tmpccmr1 = TIMx->CCMR1;
 2148              		.loc 1 1130 3 view .LVU710
1131:./Libraries/src/stm32f4xx_tim.c **** 
 2149              		.loc 1 1131 3 view .LVU711
1131:./Libraries/src/stm32f4xx_tim.c **** 
 2150              		.loc 1 1131 12 is_stmt 0 view .LVU712
 2151 0000 038B     		ldrh	r3, [r0, #24]
 2152 0002 9BB2     		uxth	r3, r3
 2153              	.LVL221:
1134:./Libraries/src/stm32f4xx_tim.c **** 
 2154              		.loc 1 1134 3 is_stmt 1 view .LVU713
1134:./Libraries/src/stm32f4xx_tim.c **** 
 2155              		.loc 1 1134 12 is_stmt 0 view .LVU714
 2156 0004 23F07003 		bic	r3, r3, #112
 2157              	.LVL222:
1137:./Libraries/src/stm32f4xx_tim.c **** 
 2158              		.loc 1 1137 3 is_stmt 1 view .LVU715
1137:./Libraries/src/stm32f4xx_tim.c **** 
 2159              		.loc 1 1137 12 is_stmt 0 view .LVU716
ARM GAS  /tmp/cc0EAqnP.s 			page 107


 2160 0008 0B43     		orrs	r3, r3, r1
 2161              	.LVL223:
1140:./Libraries/src/stm32f4xx_tim.c **** }
 2162              		.loc 1 1140 3 is_stmt 1 view .LVU717
1140:./Libraries/src/stm32f4xx_tim.c **** }
 2163              		.loc 1 1140 15 is_stmt 0 view .LVU718
 2164 000a 0383     		strh	r3, [r0, #24]	@ movhi
1141:./Libraries/src/stm32f4xx_tim.c **** 
 2165              		.loc 1 1141 1 view .LVU719
 2166 000c 7047     		bx	lr
 2167              		.cfi_endproc
 2168              	.LFE148:
 2170              		.section	.text.TIM_ForcedOC2Config,"ax",%progbits
 2171              		.align	1
 2172              		.global	TIM_ForcedOC2Config
 2173              		.syntax unified
 2174              		.thumb
 2175              		.thumb_func
 2177              	TIM_ForcedOC2Config:
 2178              	.LVL224:
 2179              	.LFB149:
1154:./Libraries/src/stm32f4xx_tim.c ****   uint16_t tmpccmr1 = 0;
 2180              		.loc 1 1154 1 is_stmt 1 view -0
 2181              		.cfi_startproc
 2182              		@ args = 0, pretend = 0, frame = 0
 2183              		@ frame_needed = 0, uses_anonymous_args = 0
 2184              		@ link register save eliminated.
1155:./Libraries/src/stm32f4xx_tim.c **** 
 2185              		.loc 1 1155 3 view .LVU721
1158:./Libraries/src/stm32f4xx_tim.c ****   assert_param(IS_TIM_FORCED_ACTION(TIM_ForcedAction));
 2186              		.loc 1 1158 3 view .LVU722
1159:./Libraries/src/stm32f4xx_tim.c ****   tmpccmr1 = TIMx->CCMR1;
 2187              		.loc 1 1159 3 view .LVU723
1160:./Libraries/src/stm32f4xx_tim.c **** 
 2188              		.loc 1 1160 3 view .LVU724
1160:./Libraries/src/stm32f4xx_tim.c **** 
 2189              		.loc 1 1160 12 is_stmt 0 view .LVU725
 2190 0000 038B     		ldrh	r3, [r0, #24]
 2191 0002 9BB2     		uxth	r3, r3
 2192              	.LVL225:
1163:./Libraries/src/stm32f4xx_tim.c **** 
 2193              		.loc 1 1163 3 is_stmt 1 view .LVU726
1163:./Libraries/src/stm32f4xx_tim.c **** 
 2194              		.loc 1 1163 12 is_stmt 0 view .LVU727
 2195 0004 23F4E043 		bic	r3, r3, #28672
 2196              	.LVL226:
1166:./Libraries/src/stm32f4xx_tim.c **** 
 2197              		.loc 1 1166 3 is_stmt 1 view .LVU728
1166:./Libraries/src/stm32f4xx_tim.c **** 
 2198              		.loc 1 1166 15 is_stmt 0 view .LVU729
 2199 0008 0902     		lsls	r1, r1, #8
 2200              	.LVL227:
1166:./Libraries/src/stm32f4xx_tim.c **** 
 2201              		.loc 1 1166 15 view .LVU730
 2202 000a 89B2     		uxth	r1, r1
1166:./Libraries/src/stm32f4xx_tim.c **** 
 2203              		.loc 1 1166 12 view .LVU731
ARM GAS  /tmp/cc0EAqnP.s 			page 108


 2204 000c 0B43     		orrs	r3, r3, r1
 2205              	.LVL228:
1169:./Libraries/src/stm32f4xx_tim.c **** }
 2206              		.loc 1 1169 3 is_stmt 1 view .LVU732
1169:./Libraries/src/stm32f4xx_tim.c **** }
 2207              		.loc 1 1169 15 is_stmt 0 view .LVU733
 2208 000e 0383     		strh	r3, [r0, #24]	@ movhi
1170:./Libraries/src/stm32f4xx_tim.c **** 
 2209              		.loc 1 1170 1 view .LVU734
 2210 0010 7047     		bx	lr
 2211              		.cfi_endproc
 2212              	.LFE149:
 2214              		.section	.text.TIM_ForcedOC3Config,"ax",%progbits
 2215              		.align	1
 2216              		.global	TIM_ForcedOC3Config
 2217              		.syntax unified
 2218              		.thumb
 2219              		.thumb_func
 2221              	TIM_ForcedOC3Config:
 2222              	.LVL229:
 2223              	.LFB150:
1182:./Libraries/src/stm32f4xx_tim.c ****   uint16_t tmpccmr2 = 0;
 2224              		.loc 1 1182 1 is_stmt 1 view -0
 2225              		.cfi_startproc
 2226              		@ args = 0, pretend = 0, frame = 0
 2227              		@ frame_needed = 0, uses_anonymous_args = 0
 2228              		@ link register save eliminated.
1183:./Libraries/src/stm32f4xx_tim.c **** 
 2229              		.loc 1 1183 3 view .LVU736
1186:./Libraries/src/stm32f4xx_tim.c ****   assert_param(IS_TIM_FORCED_ACTION(TIM_ForcedAction));
 2230              		.loc 1 1186 3 view .LVU737
1187:./Libraries/src/stm32f4xx_tim.c **** 
 2231              		.loc 1 1187 3 view .LVU738
1189:./Libraries/src/stm32f4xx_tim.c **** 
 2232              		.loc 1 1189 3 view .LVU739
1189:./Libraries/src/stm32f4xx_tim.c **** 
 2233              		.loc 1 1189 12 is_stmt 0 view .LVU740
 2234 0000 838B     		ldrh	r3, [r0, #28]
 2235 0002 9BB2     		uxth	r3, r3
 2236              	.LVL230:
1192:./Libraries/src/stm32f4xx_tim.c **** 
 2237              		.loc 1 1192 3 is_stmt 1 view .LVU741
1192:./Libraries/src/stm32f4xx_tim.c **** 
 2238              		.loc 1 1192 12 is_stmt 0 view .LVU742
 2239 0004 23F07003 		bic	r3, r3, #112
 2240              	.LVL231:
1195:./Libraries/src/stm32f4xx_tim.c **** 
 2241              		.loc 1 1195 3 is_stmt 1 view .LVU743
1195:./Libraries/src/stm32f4xx_tim.c **** 
 2242              		.loc 1 1195 12 is_stmt 0 view .LVU744
 2243 0008 0B43     		orrs	r3, r3, r1
 2244              	.LVL232:
1198:./Libraries/src/stm32f4xx_tim.c **** }
 2245              		.loc 1 1198 3 is_stmt 1 view .LVU745
1198:./Libraries/src/stm32f4xx_tim.c **** }
 2246              		.loc 1 1198 15 is_stmt 0 view .LVU746
 2247 000a 8383     		strh	r3, [r0, #28]	@ movhi
ARM GAS  /tmp/cc0EAqnP.s 			page 109


1199:./Libraries/src/stm32f4xx_tim.c **** 
 2248              		.loc 1 1199 1 view .LVU747
 2249 000c 7047     		bx	lr
 2250              		.cfi_endproc
 2251              	.LFE150:
 2253              		.section	.text.TIM_ForcedOC4Config,"ax",%progbits
 2254              		.align	1
 2255              		.global	TIM_ForcedOC4Config
 2256              		.syntax unified
 2257              		.thumb
 2258              		.thumb_func
 2260              	TIM_ForcedOC4Config:
 2261              	.LVL233:
 2262              	.LFB151:
1211:./Libraries/src/stm32f4xx_tim.c ****   uint16_t tmpccmr2 = 0;
 2263              		.loc 1 1211 1 is_stmt 1 view -0
 2264              		.cfi_startproc
 2265              		@ args = 0, pretend = 0, frame = 0
 2266              		@ frame_needed = 0, uses_anonymous_args = 0
 2267              		@ link register save eliminated.
1212:./Libraries/src/stm32f4xx_tim.c **** 
 2268              		.loc 1 1212 3 view .LVU749
1215:./Libraries/src/stm32f4xx_tim.c ****   assert_param(IS_TIM_FORCED_ACTION(TIM_ForcedAction));
 2269              		.loc 1 1215 3 view .LVU750
1216:./Libraries/src/stm32f4xx_tim.c ****   tmpccmr2 = TIMx->CCMR2;
 2270              		.loc 1 1216 3 view .LVU751
1217:./Libraries/src/stm32f4xx_tim.c **** 
 2271              		.loc 1 1217 3 view .LVU752
1217:./Libraries/src/stm32f4xx_tim.c **** 
 2272              		.loc 1 1217 12 is_stmt 0 view .LVU753
 2273 0000 838B     		ldrh	r3, [r0, #28]
 2274 0002 9BB2     		uxth	r3, r3
 2275              	.LVL234:
1220:./Libraries/src/stm32f4xx_tim.c **** 
 2276              		.loc 1 1220 3 is_stmt 1 view .LVU754
1220:./Libraries/src/stm32f4xx_tim.c **** 
 2277              		.loc 1 1220 12 is_stmt 0 view .LVU755
 2278 0004 23F4E043 		bic	r3, r3, #28672
 2279              	.LVL235:
1223:./Libraries/src/stm32f4xx_tim.c **** 
 2280              		.loc 1 1223 3 is_stmt 1 view .LVU756
1223:./Libraries/src/stm32f4xx_tim.c **** 
 2281              		.loc 1 1223 15 is_stmt 0 view .LVU757
 2282 0008 0902     		lsls	r1, r1, #8
 2283              	.LVL236:
1223:./Libraries/src/stm32f4xx_tim.c **** 
 2284              		.loc 1 1223 15 view .LVU758
 2285 000a 89B2     		uxth	r1, r1
1223:./Libraries/src/stm32f4xx_tim.c **** 
 2286              		.loc 1 1223 12 view .LVU759
 2287 000c 0B43     		orrs	r3, r3, r1
 2288              	.LVL237:
1226:./Libraries/src/stm32f4xx_tim.c **** }
 2289              		.loc 1 1226 3 is_stmt 1 view .LVU760
1226:./Libraries/src/stm32f4xx_tim.c **** }
 2290              		.loc 1 1226 15 is_stmt 0 view .LVU761
 2291 000e 8383     		strh	r3, [r0, #28]	@ movhi
ARM GAS  /tmp/cc0EAqnP.s 			page 110


1227:./Libraries/src/stm32f4xx_tim.c **** 
 2292              		.loc 1 1227 1 view .LVU762
 2293 0010 7047     		bx	lr
 2294              		.cfi_endproc
 2295              	.LFE151:
 2297              		.section	.text.TIM_OC1PreloadConfig,"ax",%progbits
 2298              		.align	1
 2299              		.global	TIM_OC1PreloadConfig
 2300              		.syntax unified
 2301              		.thumb
 2302              		.thumb_func
 2304              	TIM_OC1PreloadConfig:
 2305              	.LVL238:
 2306              	.LFB152:
1239:./Libraries/src/stm32f4xx_tim.c ****   uint16_t tmpccmr1 = 0;
 2307              		.loc 1 1239 1 is_stmt 1 view -0
 2308              		.cfi_startproc
 2309              		@ args = 0, pretend = 0, frame = 0
 2310              		@ frame_needed = 0, uses_anonymous_args = 0
 2311              		@ link register save eliminated.
1240:./Libraries/src/stm32f4xx_tim.c **** 
 2312              		.loc 1 1240 3 view .LVU764
1243:./Libraries/src/stm32f4xx_tim.c ****   assert_param(IS_TIM_OCPRELOAD_STATE(TIM_OCPreload));
 2313              		.loc 1 1243 3 view .LVU765
1244:./Libraries/src/stm32f4xx_tim.c **** 
 2314              		.loc 1 1244 3 view .LVU766
1246:./Libraries/src/stm32f4xx_tim.c **** 
 2315              		.loc 1 1246 3 view .LVU767
1246:./Libraries/src/stm32f4xx_tim.c **** 
 2316              		.loc 1 1246 12 is_stmt 0 view .LVU768
 2317 0000 038B     		ldrh	r3, [r0, #24]
 2318 0002 9BB2     		uxth	r3, r3
 2319              	.LVL239:
1249:./Libraries/src/stm32f4xx_tim.c **** 
 2320              		.loc 1 1249 3 is_stmt 1 view .LVU769
1249:./Libraries/src/stm32f4xx_tim.c **** 
 2321              		.loc 1 1249 12 is_stmt 0 view .LVU770
 2322 0004 23F00803 		bic	r3, r3, #8
 2323              	.LVL240:
1252:./Libraries/src/stm32f4xx_tim.c **** 
 2324              		.loc 1 1252 3 is_stmt 1 view .LVU771
1252:./Libraries/src/stm32f4xx_tim.c **** 
 2325              		.loc 1 1252 12 is_stmt 0 view .LVU772
 2326 0008 0B43     		orrs	r3, r3, r1
 2327              	.LVL241:
1255:./Libraries/src/stm32f4xx_tim.c **** }
 2328              		.loc 1 1255 3 is_stmt 1 view .LVU773
1255:./Libraries/src/stm32f4xx_tim.c **** }
 2329              		.loc 1 1255 15 is_stmt 0 view .LVU774
 2330 000a 0383     		strh	r3, [r0, #24]	@ movhi
1256:./Libraries/src/stm32f4xx_tim.c **** 
 2331              		.loc 1 1256 1 view .LVU775
 2332 000c 7047     		bx	lr
 2333              		.cfi_endproc
 2334              	.LFE152:
 2336              		.section	.text.TIM_OC2PreloadConfig,"ax",%progbits
 2337              		.align	1
ARM GAS  /tmp/cc0EAqnP.s 			page 111


 2338              		.global	TIM_OC2PreloadConfig
 2339              		.syntax unified
 2340              		.thumb
 2341              		.thumb_func
 2343              	TIM_OC2PreloadConfig:
 2344              	.LVL242:
 2345              	.LFB153:
1269:./Libraries/src/stm32f4xx_tim.c ****   uint16_t tmpccmr1 = 0;
 2346              		.loc 1 1269 1 is_stmt 1 view -0
 2347              		.cfi_startproc
 2348              		@ args = 0, pretend = 0, frame = 0
 2349              		@ frame_needed = 0, uses_anonymous_args = 0
 2350              		@ link register save eliminated.
1270:./Libraries/src/stm32f4xx_tim.c **** 
 2351              		.loc 1 1270 3 view .LVU777
1273:./Libraries/src/stm32f4xx_tim.c ****   assert_param(IS_TIM_OCPRELOAD_STATE(TIM_OCPreload));
 2352              		.loc 1 1273 3 view .LVU778
1274:./Libraries/src/stm32f4xx_tim.c **** 
 2353              		.loc 1 1274 3 view .LVU779
1276:./Libraries/src/stm32f4xx_tim.c **** 
 2354              		.loc 1 1276 3 view .LVU780
1276:./Libraries/src/stm32f4xx_tim.c **** 
 2355              		.loc 1 1276 12 is_stmt 0 view .LVU781
 2356 0000 038B     		ldrh	r3, [r0, #24]
 2357 0002 9BB2     		uxth	r3, r3
 2358              	.LVL243:
1279:./Libraries/src/stm32f4xx_tim.c **** 
 2359              		.loc 1 1279 3 is_stmt 1 view .LVU782
1279:./Libraries/src/stm32f4xx_tim.c **** 
 2360              		.loc 1 1279 12 is_stmt 0 view .LVU783
 2361 0004 23F40063 		bic	r3, r3, #2048
 2362              	.LVL244:
1282:./Libraries/src/stm32f4xx_tim.c **** 
 2363              		.loc 1 1282 3 is_stmt 1 view .LVU784
1282:./Libraries/src/stm32f4xx_tim.c **** 
 2364              		.loc 1 1282 15 is_stmt 0 view .LVU785
 2365 0008 0902     		lsls	r1, r1, #8
 2366              	.LVL245:
1282:./Libraries/src/stm32f4xx_tim.c **** 
 2367              		.loc 1 1282 15 view .LVU786
 2368 000a 89B2     		uxth	r1, r1
1282:./Libraries/src/stm32f4xx_tim.c **** 
 2369              		.loc 1 1282 12 view .LVU787
 2370 000c 0B43     		orrs	r3, r3, r1
 2371              	.LVL246:
1285:./Libraries/src/stm32f4xx_tim.c **** }
 2372              		.loc 1 1285 3 is_stmt 1 view .LVU788
1285:./Libraries/src/stm32f4xx_tim.c **** }
 2373              		.loc 1 1285 15 is_stmt 0 view .LVU789
 2374 000e 0383     		strh	r3, [r0, #24]	@ movhi
1286:./Libraries/src/stm32f4xx_tim.c **** 
 2375              		.loc 1 1286 1 view .LVU790
 2376 0010 7047     		bx	lr
 2377              		.cfi_endproc
 2378              	.LFE153:
 2380              		.section	.text.TIM_OC3PreloadConfig,"ax",%progbits
 2381              		.align	1
ARM GAS  /tmp/cc0EAqnP.s 			page 112


 2382              		.global	TIM_OC3PreloadConfig
 2383              		.syntax unified
 2384              		.thumb
 2385              		.thumb_func
 2387              	TIM_OC3PreloadConfig:
 2388              	.LVL247:
 2389              	.LFB154:
1298:./Libraries/src/stm32f4xx_tim.c ****   uint16_t tmpccmr2 = 0;
 2390              		.loc 1 1298 1 is_stmt 1 view -0
 2391              		.cfi_startproc
 2392              		@ args = 0, pretend = 0, frame = 0
 2393              		@ frame_needed = 0, uses_anonymous_args = 0
 2394              		@ link register save eliminated.
1299:./Libraries/src/stm32f4xx_tim.c **** 
 2395              		.loc 1 1299 3 view .LVU792
1302:./Libraries/src/stm32f4xx_tim.c ****   assert_param(IS_TIM_OCPRELOAD_STATE(TIM_OCPreload));
 2396              		.loc 1 1302 3 view .LVU793
1303:./Libraries/src/stm32f4xx_tim.c **** 
 2397              		.loc 1 1303 3 view .LVU794
1305:./Libraries/src/stm32f4xx_tim.c **** 
 2398              		.loc 1 1305 3 view .LVU795
1305:./Libraries/src/stm32f4xx_tim.c **** 
 2399              		.loc 1 1305 12 is_stmt 0 view .LVU796
 2400 0000 838B     		ldrh	r3, [r0, #28]
 2401 0002 9BB2     		uxth	r3, r3
 2402              	.LVL248:
1308:./Libraries/src/stm32f4xx_tim.c **** 
 2403              		.loc 1 1308 3 is_stmt 1 view .LVU797
1308:./Libraries/src/stm32f4xx_tim.c **** 
 2404              		.loc 1 1308 12 is_stmt 0 view .LVU798
 2405 0004 23F00803 		bic	r3, r3, #8
 2406              	.LVL249:
1311:./Libraries/src/stm32f4xx_tim.c **** 
 2407              		.loc 1 1311 3 is_stmt 1 view .LVU799
1311:./Libraries/src/stm32f4xx_tim.c **** 
 2408              		.loc 1 1311 12 is_stmt 0 view .LVU800
 2409 0008 0B43     		orrs	r3, r3, r1
 2410              	.LVL250:
1314:./Libraries/src/stm32f4xx_tim.c **** }
 2411              		.loc 1 1314 3 is_stmt 1 view .LVU801
1314:./Libraries/src/stm32f4xx_tim.c **** }
 2412              		.loc 1 1314 15 is_stmt 0 view .LVU802
 2413 000a 8383     		strh	r3, [r0, #28]	@ movhi
1315:./Libraries/src/stm32f4xx_tim.c **** 
 2414              		.loc 1 1315 1 view .LVU803
 2415 000c 7047     		bx	lr
 2416              		.cfi_endproc
 2417              	.LFE154:
 2419              		.section	.text.TIM_OC4PreloadConfig,"ax",%progbits
 2420              		.align	1
 2421              		.global	TIM_OC4PreloadConfig
 2422              		.syntax unified
 2423              		.thumb
 2424              		.thumb_func
 2426              	TIM_OC4PreloadConfig:
 2427              	.LVL251:
 2428              	.LFB155:
ARM GAS  /tmp/cc0EAqnP.s 			page 113


1327:./Libraries/src/stm32f4xx_tim.c ****   uint16_t tmpccmr2 = 0;
 2429              		.loc 1 1327 1 is_stmt 1 view -0
 2430              		.cfi_startproc
 2431              		@ args = 0, pretend = 0, frame = 0
 2432              		@ frame_needed = 0, uses_anonymous_args = 0
 2433              		@ link register save eliminated.
1328:./Libraries/src/stm32f4xx_tim.c **** 
 2434              		.loc 1 1328 3 view .LVU805
1331:./Libraries/src/stm32f4xx_tim.c ****   assert_param(IS_TIM_OCPRELOAD_STATE(TIM_OCPreload));
 2435              		.loc 1 1331 3 view .LVU806
1332:./Libraries/src/stm32f4xx_tim.c **** 
 2436              		.loc 1 1332 3 view .LVU807
1334:./Libraries/src/stm32f4xx_tim.c **** 
 2437              		.loc 1 1334 3 view .LVU808
1334:./Libraries/src/stm32f4xx_tim.c **** 
 2438              		.loc 1 1334 12 is_stmt 0 view .LVU809
 2439 0000 838B     		ldrh	r3, [r0, #28]
 2440 0002 9BB2     		uxth	r3, r3
 2441              	.LVL252:
1337:./Libraries/src/stm32f4xx_tim.c **** 
 2442              		.loc 1 1337 3 is_stmt 1 view .LVU810
1337:./Libraries/src/stm32f4xx_tim.c **** 
 2443              		.loc 1 1337 12 is_stmt 0 view .LVU811
 2444 0004 23F40063 		bic	r3, r3, #2048
 2445              	.LVL253:
1340:./Libraries/src/stm32f4xx_tim.c **** 
 2446              		.loc 1 1340 3 is_stmt 1 view .LVU812
1340:./Libraries/src/stm32f4xx_tim.c **** 
 2447              		.loc 1 1340 15 is_stmt 0 view .LVU813
 2448 0008 0902     		lsls	r1, r1, #8
 2449              	.LVL254:
1340:./Libraries/src/stm32f4xx_tim.c **** 
 2450              		.loc 1 1340 15 view .LVU814
 2451 000a 89B2     		uxth	r1, r1
1340:./Libraries/src/stm32f4xx_tim.c **** 
 2452              		.loc 1 1340 12 view .LVU815
 2453 000c 0B43     		orrs	r3, r3, r1
 2454              	.LVL255:
1343:./Libraries/src/stm32f4xx_tim.c **** }
 2455              		.loc 1 1343 3 is_stmt 1 view .LVU816
1343:./Libraries/src/stm32f4xx_tim.c **** }
 2456              		.loc 1 1343 15 is_stmt 0 view .LVU817
 2457 000e 8383     		strh	r3, [r0, #28]	@ movhi
1344:./Libraries/src/stm32f4xx_tim.c **** 
 2458              		.loc 1 1344 1 view .LVU818
 2459 0010 7047     		bx	lr
 2460              		.cfi_endproc
 2461              	.LFE155:
 2463              		.section	.text.TIM_OC1FastConfig,"ax",%progbits
 2464              		.align	1
 2465              		.global	TIM_OC1FastConfig
 2466              		.syntax unified
 2467              		.thumb
 2468              		.thumb_func
 2470              	TIM_OC1FastConfig:
 2471              	.LVL256:
 2472              	.LFB156:
ARM GAS  /tmp/cc0EAqnP.s 			page 114


1356:./Libraries/src/stm32f4xx_tim.c ****   uint16_t tmpccmr1 = 0;
 2473              		.loc 1 1356 1 is_stmt 1 view -0
 2474              		.cfi_startproc
 2475              		@ args = 0, pretend = 0, frame = 0
 2476              		@ frame_needed = 0, uses_anonymous_args = 0
 2477              		@ link register save eliminated.
1357:./Libraries/src/stm32f4xx_tim.c **** 
 2478              		.loc 1 1357 3 view .LVU820
1360:./Libraries/src/stm32f4xx_tim.c ****   assert_param(IS_TIM_OCFAST_STATE(TIM_OCFast));
 2479              		.loc 1 1360 3 view .LVU821
1361:./Libraries/src/stm32f4xx_tim.c **** 
 2480              		.loc 1 1361 3 view .LVU822
1364:./Libraries/src/stm32f4xx_tim.c **** 
 2481              		.loc 1 1364 3 view .LVU823
1364:./Libraries/src/stm32f4xx_tim.c **** 
 2482              		.loc 1 1364 12 is_stmt 0 view .LVU824
 2483 0000 038B     		ldrh	r3, [r0, #24]
 2484 0002 9BB2     		uxth	r3, r3
 2485              	.LVL257:
1367:./Libraries/src/stm32f4xx_tim.c **** 
 2486              		.loc 1 1367 3 is_stmt 1 view .LVU825
1367:./Libraries/src/stm32f4xx_tim.c **** 
 2487              		.loc 1 1367 12 is_stmt 0 view .LVU826
 2488 0004 23F00403 		bic	r3, r3, #4
 2489              	.LVL258:
1370:./Libraries/src/stm32f4xx_tim.c **** 
 2490              		.loc 1 1370 3 is_stmt 1 view .LVU827
1370:./Libraries/src/stm32f4xx_tim.c **** 
 2491              		.loc 1 1370 12 is_stmt 0 view .LVU828
 2492 0008 0B43     		orrs	r3, r3, r1
 2493              	.LVL259:
1373:./Libraries/src/stm32f4xx_tim.c **** }
 2494              		.loc 1 1373 3 is_stmt 1 view .LVU829
1373:./Libraries/src/stm32f4xx_tim.c **** }
 2495              		.loc 1 1373 15 is_stmt 0 view .LVU830
 2496 000a 0383     		strh	r3, [r0, #24]	@ movhi
1374:./Libraries/src/stm32f4xx_tim.c **** 
 2497              		.loc 1 1374 1 view .LVU831
 2498 000c 7047     		bx	lr
 2499              		.cfi_endproc
 2500              	.LFE156:
 2502              		.section	.text.TIM_OC2FastConfig,"ax",%progbits
 2503              		.align	1
 2504              		.global	TIM_OC2FastConfig
 2505              		.syntax unified
 2506              		.thumb
 2507              		.thumb_func
 2509              	TIM_OC2FastConfig:
 2510              	.LVL260:
 2511              	.LFB157:
1387:./Libraries/src/stm32f4xx_tim.c ****   uint16_t tmpccmr1 = 0;
 2512              		.loc 1 1387 1 is_stmt 1 view -0
 2513              		.cfi_startproc
 2514              		@ args = 0, pretend = 0, frame = 0
 2515              		@ frame_needed = 0, uses_anonymous_args = 0
 2516              		@ link register save eliminated.
1388:./Libraries/src/stm32f4xx_tim.c **** 
ARM GAS  /tmp/cc0EAqnP.s 			page 115


 2517              		.loc 1 1388 3 view .LVU833
1391:./Libraries/src/stm32f4xx_tim.c ****   assert_param(IS_TIM_OCFAST_STATE(TIM_OCFast));
 2518              		.loc 1 1391 3 view .LVU834
1392:./Libraries/src/stm32f4xx_tim.c **** 
 2519              		.loc 1 1392 3 view .LVU835
1395:./Libraries/src/stm32f4xx_tim.c **** 
 2520              		.loc 1 1395 3 view .LVU836
1395:./Libraries/src/stm32f4xx_tim.c **** 
 2521              		.loc 1 1395 12 is_stmt 0 view .LVU837
 2522 0000 038B     		ldrh	r3, [r0, #24]
 2523 0002 9BB2     		uxth	r3, r3
 2524              	.LVL261:
1398:./Libraries/src/stm32f4xx_tim.c **** 
 2525              		.loc 1 1398 3 is_stmt 1 view .LVU838
1398:./Libraries/src/stm32f4xx_tim.c **** 
 2526              		.loc 1 1398 12 is_stmt 0 view .LVU839
 2527 0004 23F48063 		bic	r3, r3, #1024
 2528              	.LVL262:
1401:./Libraries/src/stm32f4xx_tim.c **** 
 2529              		.loc 1 1401 3 is_stmt 1 view .LVU840
1401:./Libraries/src/stm32f4xx_tim.c **** 
 2530              		.loc 1 1401 15 is_stmt 0 view .LVU841
 2531 0008 0902     		lsls	r1, r1, #8
 2532              	.LVL263:
1401:./Libraries/src/stm32f4xx_tim.c **** 
 2533              		.loc 1 1401 15 view .LVU842
 2534 000a 89B2     		uxth	r1, r1
1401:./Libraries/src/stm32f4xx_tim.c **** 
 2535              		.loc 1 1401 12 view .LVU843
 2536 000c 0B43     		orrs	r3, r3, r1
 2537              	.LVL264:
1404:./Libraries/src/stm32f4xx_tim.c **** }
 2538              		.loc 1 1404 3 is_stmt 1 view .LVU844
1404:./Libraries/src/stm32f4xx_tim.c **** }
 2539              		.loc 1 1404 15 is_stmt 0 view .LVU845
 2540 000e 0383     		strh	r3, [r0, #24]	@ movhi
1405:./Libraries/src/stm32f4xx_tim.c **** 
 2541              		.loc 1 1405 1 view .LVU846
 2542 0010 7047     		bx	lr
 2543              		.cfi_endproc
 2544              	.LFE157:
 2546              		.section	.text.TIM_OC3FastConfig,"ax",%progbits
 2547              		.align	1
 2548              		.global	TIM_OC3FastConfig
 2549              		.syntax unified
 2550              		.thumb
 2551              		.thumb_func
 2553              	TIM_OC3FastConfig:
 2554              	.LVL265:
 2555              	.LFB158:
1417:./Libraries/src/stm32f4xx_tim.c ****   uint16_t tmpccmr2 = 0;
 2556              		.loc 1 1417 1 is_stmt 1 view -0
 2557              		.cfi_startproc
 2558              		@ args = 0, pretend = 0, frame = 0
 2559              		@ frame_needed = 0, uses_anonymous_args = 0
 2560              		@ link register save eliminated.
1418:./Libraries/src/stm32f4xx_tim.c ****   
ARM GAS  /tmp/cc0EAqnP.s 			page 116


 2561              		.loc 1 1418 3 view .LVU848
1421:./Libraries/src/stm32f4xx_tim.c ****   assert_param(IS_TIM_OCFAST_STATE(TIM_OCFast));
 2562              		.loc 1 1421 3 view .LVU849
1422:./Libraries/src/stm32f4xx_tim.c **** 
 2563              		.loc 1 1422 3 view .LVU850
1425:./Libraries/src/stm32f4xx_tim.c **** 
 2564              		.loc 1 1425 3 view .LVU851
1425:./Libraries/src/stm32f4xx_tim.c **** 
 2565              		.loc 1 1425 12 is_stmt 0 view .LVU852
 2566 0000 838B     		ldrh	r3, [r0, #28]
 2567 0002 9BB2     		uxth	r3, r3
 2568              	.LVL266:
1428:./Libraries/src/stm32f4xx_tim.c **** 
 2569              		.loc 1 1428 3 is_stmt 1 view .LVU853
1428:./Libraries/src/stm32f4xx_tim.c **** 
 2570              		.loc 1 1428 12 is_stmt 0 view .LVU854
 2571 0004 23F00403 		bic	r3, r3, #4
 2572              	.LVL267:
1431:./Libraries/src/stm32f4xx_tim.c **** 
 2573              		.loc 1 1431 3 is_stmt 1 view .LVU855
1431:./Libraries/src/stm32f4xx_tim.c **** 
 2574              		.loc 1 1431 12 is_stmt 0 view .LVU856
 2575 0008 0B43     		orrs	r3, r3, r1
 2576              	.LVL268:
1434:./Libraries/src/stm32f4xx_tim.c **** }
 2577              		.loc 1 1434 3 is_stmt 1 view .LVU857
1434:./Libraries/src/stm32f4xx_tim.c **** }
 2578              		.loc 1 1434 15 is_stmt 0 view .LVU858
 2579 000a 8383     		strh	r3, [r0, #28]	@ movhi
1435:./Libraries/src/stm32f4xx_tim.c **** 
 2580              		.loc 1 1435 1 view .LVU859
 2581 000c 7047     		bx	lr
 2582              		.cfi_endproc
 2583              	.LFE158:
 2585              		.section	.text.TIM_OC4FastConfig,"ax",%progbits
 2586              		.align	1
 2587              		.global	TIM_OC4FastConfig
 2588              		.syntax unified
 2589              		.thumb
 2590              		.thumb_func
 2592              	TIM_OC4FastConfig:
 2593              	.LVL269:
 2594              	.LFB159:
1447:./Libraries/src/stm32f4xx_tim.c ****   uint16_t tmpccmr2 = 0;
 2595              		.loc 1 1447 1 is_stmt 1 view -0
 2596              		.cfi_startproc
 2597              		@ args = 0, pretend = 0, frame = 0
 2598              		@ frame_needed = 0, uses_anonymous_args = 0
 2599              		@ link register save eliminated.
1448:./Libraries/src/stm32f4xx_tim.c **** 
 2600              		.loc 1 1448 3 view .LVU861
1451:./Libraries/src/stm32f4xx_tim.c ****   assert_param(IS_TIM_OCFAST_STATE(TIM_OCFast));
 2601              		.loc 1 1451 3 view .LVU862
1452:./Libraries/src/stm32f4xx_tim.c **** 
 2602              		.loc 1 1452 3 view .LVU863
1455:./Libraries/src/stm32f4xx_tim.c **** 
 2603              		.loc 1 1455 3 view .LVU864
ARM GAS  /tmp/cc0EAqnP.s 			page 117


1455:./Libraries/src/stm32f4xx_tim.c **** 
 2604              		.loc 1 1455 12 is_stmt 0 view .LVU865
 2605 0000 838B     		ldrh	r3, [r0, #28]
 2606 0002 9BB2     		uxth	r3, r3
 2607              	.LVL270:
1458:./Libraries/src/stm32f4xx_tim.c **** 
 2608              		.loc 1 1458 3 is_stmt 1 view .LVU866
1458:./Libraries/src/stm32f4xx_tim.c **** 
 2609              		.loc 1 1458 12 is_stmt 0 view .LVU867
 2610 0004 23F48063 		bic	r3, r3, #1024
 2611              	.LVL271:
1461:./Libraries/src/stm32f4xx_tim.c **** 
 2612              		.loc 1 1461 3 is_stmt 1 view .LVU868
1461:./Libraries/src/stm32f4xx_tim.c **** 
 2613              		.loc 1 1461 15 is_stmt 0 view .LVU869
 2614 0008 0902     		lsls	r1, r1, #8
 2615              	.LVL272:
1461:./Libraries/src/stm32f4xx_tim.c **** 
 2616              		.loc 1 1461 15 view .LVU870
 2617 000a 89B2     		uxth	r1, r1
1461:./Libraries/src/stm32f4xx_tim.c **** 
 2618              		.loc 1 1461 12 view .LVU871
 2619 000c 0B43     		orrs	r3, r3, r1
 2620              	.LVL273:
1464:./Libraries/src/stm32f4xx_tim.c **** }
 2621              		.loc 1 1464 3 is_stmt 1 view .LVU872
1464:./Libraries/src/stm32f4xx_tim.c **** }
 2622              		.loc 1 1464 15 is_stmt 0 view .LVU873
 2623 000e 8383     		strh	r3, [r0, #28]	@ movhi
1465:./Libraries/src/stm32f4xx_tim.c **** 
 2624              		.loc 1 1465 1 view .LVU874
 2625 0010 7047     		bx	lr
 2626              		.cfi_endproc
 2627              	.LFE159:
 2629              		.section	.text.TIM_ClearOC1Ref,"ax",%progbits
 2630              		.align	1
 2631              		.global	TIM_ClearOC1Ref
 2632              		.syntax unified
 2633              		.thumb
 2634              		.thumb_func
 2636              	TIM_ClearOC1Ref:
 2637              	.LVL274:
 2638              	.LFB160:
1477:./Libraries/src/stm32f4xx_tim.c ****   uint16_t tmpccmr1 = 0;
 2639              		.loc 1 1477 1 is_stmt 1 view -0
 2640              		.cfi_startproc
 2641              		@ args = 0, pretend = 0, frame = 0
 2642              		@ frame_needed = 0, uses_anonymous_args = 0
 2643              		@ link register save eliminated.
1478:./Libraries/src/stm32f4xx_tim.c **** 
 2644              		.loc 1 1478 3 view .LVU876
1481:./Libraries/src/stm32f4xx_tim.c ****   assert_param(IS_TIM_OCCLEAR_STATE(TIM_OCClear));
 2645              		.loc 1 1481 3 view .LVU877
1482:./Libraries/src/stm32f4xx_tim.c **** 
 2646              		.loc 1 1482 3 view .LVU878
1484:./Libraries/src/stm32f4xx_tim.c **** 
 2647              		.loc 1 1484 3 view .LVU879
ARM GAS  /tmp/cc0EAqnP.s 			page 118


1484:./Libraries/src/stm32f4xx_tim.c **** 
 2648              		.loc 1 1484 12 is_stmt 0 view .LVU880
 2649 0000 038B     		ldrh	r3, [r0, #24]
 2650 0002 9BB2     		uxth	r3, r3
 2651              	.LVL275:
1487:./Libraries/src/stm32f4xx_tim.c **** 
 2652              		.loc 1 1487 3 is_stmt 1 view .LVU881
1487:./Libraries/src/stm32f4xx_tim.c **** 
 2653              		.loc 1 1487 12 is_stmt 0 view .LVU882
 2654 0004 23F08003 		bic	r3, r3, #128
 2655              	.LVL276:
1490:./Libraries/src/stm32f4xx_tim.c **** 
 2656              		.loc 1 1490 3 is_stmt 1 view .LVU883
1490:./Libraries/src/stm32f4xx_tim.c **** 
 2657              		.loc 1 1490 12 is_stmt 0 view .LVU884
 2658 0008 0B43     		orrs	r3, r3, r1
 2659              	.LVL277:
1493:./Libraries/src/stm32f4xx_tim.c **** }
 2660              		.loc 1 1493 3 is_stmt 1 view .LVU885
1493:./Libraries/src/stm32f4xx_tim.c **** }
 2661              		.loc 1 1493 15 is_stmt 0 view .LVU886
 2662 000a 0383     		strh	r3, [r0, #24]	@ movhi
1494:./Libraries/src/stm32f4xx_tim.c **** 
 2663              		.loc 1 1494 1 view .LVU887
 2664 000c 7047     		bx	lr
 2665              		.cfi_endproc
 2666              	.LFE160:
 2668              		.section	.text.TIM_ClearOC2Ref,"ax",%progbits
 2669              		.align	1
 2670              		.global	TIM_ClearOC2Ref
 2671              		.syntax unified
 2672              		.thumb
 2673              		.thumb_func
 2675              	TIM_ClearOC2Ref:
 2676              	.LVL278:
 2677              	.LFB161:
1507:./Libraries/src/stm32f4xx_tim.c ****   uint16_t tmpccmr1 = 0;
 2678              		.loc 1 1507 1 is_stmt 1 view -0
 2679              		.cfi_startproc
 2680              		@ args = 0, pretend = 0, frame = 0
 2681              		@ frame_needed = 0, uses_anonymous_args = 0
 2682              		@ link register save eliminated.
1508:./Libraries/src/stm32f4xx_tim.c **** 
 2683              		.loc 1 1508 3 view .LVU889
1511:./Libraries/src/stm32f4xx_tim.c ****   assert_param(IS_TIM_OCCLEAR_STATE(TIM_OCClear));
 2684              		.loc 1 1511 3 view .LVU890
1512:./Libraries/src/stm32f4xx_tim.c **** 
 2685              		.loc 1 1512 3 view .LVU891
1514:./Libraries/src/stm32f4xx_tim.c **** 
 2686              		.loc 1 1514 3 view .LVU892
1514:./Libraries/src/stm32f4xx_tim.c **** 
 2687              		.loc 1 1514 12 is_stmt 0 view .LVU893
 2688 0000 038B     		ldrh	r3, [r0, #24]
 2689              	.LVL279:
1517:./Libraries/src/stm32f4xx_tim.c **** 
 2690              		.loc 1 1517 3 is_stmt 1 view .LVU894
1517:./Libraries/src/stm32f4xx_tim.c **** 
ARM GAS  /tmp/cc0EAqnP.s 			page 119


 2691              		.loc 1 1517 12 is_stmt 0 view .LVU895
 2692 0002 C3F30E03 		ubfx	r3, r3, #0, #15
 2693              	.LVL280:
1520:./Libraries/src/stm32f4xx_tim.c **** 
 2694              		.loc 1 1520 3 is_stmt 1 view .LVU896
1520:./Libraries/src/stm32f4xx_tim.c **** 
 2695              		.loc 1 1520 15 is_stmt 0 view .LVU897
 2696 0006 0902     		lsls	r1, r1, #8
 2697              	.LVL281:
1520:./Libraries/src/stm32f4xx_tim.c **** 
 2698              		.loc 1 1520 15 view .LVU898
 2699 0008 89B2     		uxth	r1, r1
1520:./Libraries/src/stm32f4xx_tim.c **** 
 2700              		.loc 1 1520 12 view .LVU899
 2701 000a 1943     		orrs	r1, r1, r3
 2702              	.LVL282:
1523:./Libraries/src/stm32f4xx_tim.c **** }
 2703              		.loc 1 1523 3 is_stmt 1 view .LVU900
1523:./Libraries/src/stm32f4xx_tim.c **** }
 2704              		.loc 1 1523 15 is_stmt 0 view .LVU901
 2705 000c 0183     		strh	r1, [r0, #24]	@ movhi
1524:./Libraries/src/stm32f4xx_tim.c **** 
 2706              		.loc 1 1524 1 view .LVU902
 2707 000e 7047     		bx	lr
 2708              		.cfi_endproc
 2709              	.LFE161:
 2711              		.section	.text.TIM_ClearOC3Ref,"ax",%progbits
 2712              		.align	1
 2713              		.global	TIM_ClearOC3Ref
 2714              		.syntax unified
 2715              		.thumb
 2716              		.thumb_func
 2718              	TIM_ClearOC3Ref:
 2719              	.LVL283:
 2720              	.LFB162:
1536:./Libraries/src/stm32f4xx_tim.c ****   uint16_t tmpccmr2 = 0;
 2721              		.loc 1 1536 1 is_stmt 1 view -0
 2722              		.cfi_startproc
 2723              		@ args = 0, pretend = 0, frame = 0
 2724              		@ frame_needed = 0, uses_anonymous_args = 0
 2725              		@ link register save eliminated.
1537:./Libraries/src/stm32f4xx_tim.c **** 
 2726              		.loc 1 1537 3 view .LVU904
1540:./Libraries/src/stm32f4xx_tim.c ****   assert_param(IS_TIM_OCCLEAR_STATE(TIM_OCClear));
 2727              		.loc 1 1540 3 view .LVU905
1541:./Libraries/src/stm32f4xx_tim.c **** 
 2728              		.loc 1 1541 3 view .LVU906
1543:./Libraries/src/stm32f4xx_tim.c **** 
 2729              		.loc 1 1543 3 view .LVU907
1543:./Libraries/src/stm32f4xx_tim.c **** 
 2730              		.loc 1 1543 12 is_stmt 0 view .LVU908
 2731 0000 838B     		ldrh	r3, [r0, #28]
 2732 0002 9BB2     		uxth	r3, r3
 2733              	.LVL284:
1546:./Libraries/src/stm32f4xx_tim.c **** 
 2734              		.loc 1 1546 3 is_stmt 1 view .LVU909
1546:./Libraries/src/stm32f4xx_tim.c **** 
ARM GAS  /tmp/cc0EAqnP.s 			page 120


 2735              		.loc 1 1546 12 is_stmt 0 view .LVU910
 2736 0004 23F08003 		bic	r3, r3, #128
 2737              	.LVL285:
1549:./Libraries/src/stm32f4xx_tim.c **** 
 2738              		.loc 1 1549 3 is_stmt 1 view .LVU911
1549:./Libraries/src/stm32f4xx_tim.c **** 
 2739              		.loc 1 1549 12 is_stmt 0 view .LVU912
 2740 0008 0B43     		orrs	r3, r3, r1
 2741              	.LVL286:
1552:./Libraries/src/stm32f4xx_tim.c **** }
 2742              		.loc 1 1552 3 is_stmt 1 view .LVU913
1552:./Libraries/src/stm32f4xx_tim.c **** }
 2743              		.loc 1 1552 15 is_stmt 0 view .LVU914
 2744 000a 8383     		strh	r3, [r0, #28]	@ movhi
1553:./Libraries/src/stm32f4xx_tim.c **** 
 2745              		.loc 1 1553 1 view .LVU915
 2746 000c 7047     		bx	lr
 2747              		.cfi_endproc
 2748              	.LFE162:
 2750              		.section	.text.TIM_ClearOC4Ref,"ax",%progbits
 2751              		.align	1
 2752              		.global	TIM_ClearOC4Ref
 2753              		.syntax unified
 2754              		.thumb
 2755              		.thumb_func
 2757              	TIM_ClearOC4Ref:
 2758              	.LVL287:
 2759              	.LFB163:
1565:./Libraries/src/stm32f4xx_tim.c ****   uint16_t tmpccmr2 = 0;
 2760              		.loc 1 1565 1 is_stmt 1 view -0
 2761              		.cfi_startproc
 2762              		@ args = 0, pretend = 0, frame = 0
 2763              		@ frame_needed = 0, uses_anonymous_args = 0
 2764              		@ link register save eliminated.
1566:./Libraries/src/stm32f4xx_tim.c **** 
 2765              		.loc 1 1566 3 view .LVU917
1569:./Libraries/src/stm32f4xx_tim.c ****   assert_param(IS_TIM_OCCLEAR_STATE(TIM_OCClear));
 2766              		.loc 1 1569 3 view .LVU918
1570:./Libraries/src/stm32f4xx_tim.c **** 
 2767              		.loc 1 1570 3 view .LVU919
1572:./Libraries/src/stm32f4xx_tim.c **** 
 2768              		.loc 1 1572 3 view .LVU920
1572:./Libraries/src/stm32f4xx_tim.c **** 
 2769              		.loc 1 1572 12 is_stmt 0 view .LVU921
 2770 0000 838B     		ldrh	r3, [r0, #28]
 2771              	.LVL288:
1575:./Libraries/src/stm32f4xx_tim.c **** 
 2772              		.loc 1 1575 3 is_stmt 1 view .LVU922
1575:./Libraries/src/stm32f4xx_tim.c **** 
 2773              		.loc 1 1575 12 is_stmt 0 view .LVU923
 2774 0002 C3F30E03 		ubfx	r3, r3, #0, #15
 2775              	.LVL289:
1578:./Libraries/src/stm32f4xx_tim.c **** 
 2776              		.loc 1 1578 3 is_stmt 1 view .LVU924
1578:./Libraries/src/stm32f4xx_tim.c **** 
 2777              		.loc 1 1578 15 is_stmt 0 view .LVU925
 2778 0006 0902     		lsls	r1, r1, #8
ARM GAS  /tmp/cc0EAqnP.s 			page 121


 2779              	.LVL290:
1578:./Libraries/src/stm32f4xx_tim.c **** 
 2780              		.loc 1 1578 15 view .LVU926
 2781 0008 89B2     		uxth	r1, r1
1578:./Libraries/src/stm32f4xx_tim.c **** 
 2782              		.loc 1 1578 12 view .LVU927
 2783 000a 1943     		orrs	r1, r1, r3
 2784              	.LVL291:
1581:./Libraries/src/stm32f4xx_tim.c **** }
 2785              		.loc 1 1581 3 is_stmt 1 view .LVU928
1581:./Libraries/src/stm32f4xx_tim.c **** }
 2786              		.loc 1 1581 15 is_stmt 0 view .LVU929
 2787 000c 8183     		strh	r1, [r0, #28]	@ movhi
1582:./Libraries/src/stm32f4xx_tim.c **** 
 2788              		.loc 1 1582 1 view .LVU930
 2789 000e 7047     		bx	lr
 2790              		.cfi_endproc
 2791              	.LFE163:
 2793              		.section	.text.TIM_OC1PolarityConfig,"ax",%progbits
 2794              		.align	1
 2795              		.global	TIM_OC1PolarityConfig
 2796              		.syntax unified
 2797              		.thumb
 2798              		.thumb_func
 2800              	TIM_OC1PolarityConfig:
 2801              	.LVL292:
 2802              	.LFB164:
1594:./Libraries/src/stm32f4xx_tim.c ****   uint16_t tmpccer = 0;
 2803              		.loc 1 1594 1 is_stmt 1 view -0
 2804              		.cfi_startproc
 2805              		@ args = 0, pretend = 0, frame = 0
 2806              		@ frame_needed = 0, uses_anonymous_args = 0
 2807              		@ link register save eliminated.
1595:./Libraries/src/stm32f4xx_tim.c **** 
 2808              		.loc 1 1595 3 view .LVU932
1598:./Libraries/src/stm32f4xx_tim.c ****   assert_param(IS_TIM_OC_POLARITY(TIM_OCPolarity));
 2809              		.loc 1 1598 3 view .LVU933
1599:./Libraries/src/stm32f4xx_tim.c **** 
 2810              		.loc 1 1599 3 view .LVU934
1601:./Libraries/src/stm32f4xx_tim.c **** 
 2811              		.loc 1 1601 3 view .LVU935
1601:./Libraries/src/stm32f4xx_tim.c **** 
 2812              		.loc 1 1601 11 is_stmt 0 view .LVU936
 2813 0000 038C     		ldrh	r3, [r0, #32]
 2814 0002 9BB2     		uxth	r3, r3
 2815              	.LVL293:
1604:./Libraries/src/stm32f4xx_tim.c ****   tmpccer |= TIM_OCPolarity;
 2816              		.loc 1 1604 3 is_stmt 1 view .LVU937
1604:./Libraries/src/stm32f4xx_tim.c ****   tmpccer |= TIM_OCPolarity;
 2817              		.loc 1 1604 11 is_stmt 0 view .LVU938
 2818 0004 23F00203 		bic	r3, r3, #2
 2819              	.LVL294:
1605:./Libraries/src/stm32f4xx_tim.c **** 
 2820              		.loc 1 1605 3 is_stmt 1 view .LVU939
1605:./Libraries/src/stm32f4xx_tim.c **** 
 2821              		.loc 1 1605 11 is_stmt 0 view .LVU940
 2822 0008 0B43     		orrs	r3, r3, r1
ARM GAS  /tmp/cc0EAqnP.s 			page 122


 2823              	.LVL295:
1608:./Libraries/src/stm32f4xx_tim.c **** }
 2824              		.loc 1 1608 3 is_stmt 1 view .LVU941
1608:./Libraries/src/stm32f4xx_tim.c **** }
 2825              		.loc 1 1608 14 is_stmt 0 view .LVU942
 2826 000a 0384     		strh	r3, [r0, #32]	@ movhi
1609:./Libraries/src/stm32f4xx_tim.c **** 
 2827              		.loc 1 1609 1 view .LVU943
 2828 000c 7047     		bx	lr
 2829              		.cfi_endproc
 2830              	.LFE164:
 2832              		.section	.text.TIM_OC1NPolarityConfig,"ax",%progbits
 2833              		.align	1
 2834              		.global	TIM_OC1NPolarityConfig
 2835              		.syntax unified
 2836              		.thumb
 2837              		.thumb_func
 2839              	TIM_OC1NPolarityConfig:
 2840              	.LVL296:
 2841              	.LFB165:
1621:./Libraries/src/stm32f4xx_tim.c ****   uint16_t tmpccer = 0;
 2842              		.loc 1 1621 1 is_stmt 1 view -0
 2843              		.cfi_startproc
 2844              		@ args = 0, pretend = 0, frame = 0
 2845              		@ frame_needed = 0, uses_anonymous_args = 0
 2846              		@ link register save eliminated.
1622:./Libraries/src/stm32f4xx_tim.c ****   /* Check the parameters */
 2847              		.loc 1 1622 3 view .LVU945
1624:./Libraries/src/stm32f4xx_tim.c ****   assert_param(IS_TIM_OCN_POLARITY(TIM_OCNPolarity));
 2848              		.loc 1 1624 3 view .LVU946
1625:./Libraries/src/stm32f4xx_tim.c ****    
 2849              		.loc 1 1625 3 view .LVU947
1627:./Libraries/src/stm32f4xx_tim.c **** 
 2850              		.loc 1 1627 3 view .LVU948
1627:./Libraries/src/stm32f4xx_tim.c **** 
 2851              		.loc 1 1627 11 is_stmt 0 view .LVU949
 2852 0000 038C     		ldrh	r3, [r0, #32]
 2853 0002 9BB2     		uxth	r3, r3
 2854              	.LVL297:
1630:./Libraries/src/stm32f4xx_tim.c ****   tmpccer |= TIM_OCNPolarity;
 2855              		.loc 1 1630 3 is_stmt 1 view .LVU950
1630:./Libraries/src/stm32f4xx_tim.c ****   tmpccer |= TIM_OCNPolarity;
 2856              		.loc 1 1630 11 is_stmt 0 view .LVU951
 2857 0004 23F00803 		bic	r3, r3, #8
 2858              	.LVL298:
1631:./Libraries/src/stm32f4xx_tim.c **** 
 2859              		.loc 1 1631 3 is_stmt 1 view .LVU952
1631:./Libraries/src/stm32f4xx_tim.c **** 
 2860              		.loc 1 1631 11 is_stmt 0 view .LVU953
 2861 0008 0B43     		orrs	r3, r3, r1
 2862              	.LVL299:
1634:./Libraries/src/stm32f4xx_tim.c **** }
 2863              		.loc 1 1634 3 is_stmt 1 view .LVU954
1634:./Libraries/src/stm32f4xx_tim.c **** }
 2864              		.loc 1 1634 14 is_stmt 0 view .LVU955
 2865 000a 0384     		strh	r3, [r0, #32]	@ movhi
1635:./Libraries/src/stm32f4xx_tim.c **** 
ARM GAS  /tmp/cc0EAqnP.s 			page 123


 2866              		.loc 1 1635 1 view .LVU956
 2867 000c 7047     		bx	lr
 2868              		.cfi_endproc
 2869              	.LFE165:
 2871              		.section	.text.TIM_OC2PolarityConfig,"ax",%progbits
 2872              		.align	1
 2873              		.global	TIM_OC2PolarityConfig
 2874              		.syntax unified
 2875              		.thumb
 2876              		.thumb_func
 2878              	TIM_OC2PolarityConfig:
 2879              	.LVL300:
 2880              	.LFB166:
1648:./Libraries/src/stm32f4xx_tim.c ****   uint16_t tmpccer = 0;
 2881              		.loc 1 1648 1 is_stmt 1 view -0
 2882              		.cfi_startproc
 2883              		@ args = 0, pretend = 0, frame = 0
 2884              		@ frame_needed = 0, uses_anonymous_args = 0
 2885              		@ link register save eliminated.
1649:./Libraries/src/stm32f4xx_tim.c **** 
 2886              		.loc 1 1649 3 view .LVU958
1652:./Libraries/src/stm32f4xx_tim.c ****   assert_param(IS_TIM_OC_POLARITY(TIM_OCPolarity));
 2887              		.loc 1 1652 3 view .LVU959
1653:./Libraries/src/stm32f4xx_tim.c **** 
 2888              		.loc 1 1653 3 view .LVU960
1655:./Libraries/src/stm32f4xx_tim.c **** 
 2889              		.loc 1 1655 3 view .LVU961
1655:./Libraries/src/stm32f4xx_tim.c **** 
 2890              		.loc 1 1655 11 is_stmt 0 view .LVU962
 2891 0000 038C     		ldrh	r3, [r0, #32]
 2892 0002 9BB2     		uxth	r3, r3
 2893              	.LVL301:
1658:./Libraries/src/stm32f4xx_tim.c ****   tmpccer |= (uint16_t)(TIM_OCPolarity << 4);
 2894              		.loc 1 1658 3 is_stmt 1 view .LVU963
1658:./Libraries/src/stm32f4xx_tim.c ****   tmpccer |= (uint16_t)(TIM_OCPolarity << 4);
 2895              		.loc 1 1658 11 is_stmt 0 view .LVU964
 2896 0004 23F02003 		bic	r3, r3, #32
 2897              	.LVL302:
1659:./Libraries/src/stm32f4xx_tim.c **** 
 2898              		.loc 1 1659 3 is_stmt 1 view .LVU965
1659:./Libraries/src/stm32f4xx_tim.c **** 
 2899              		.loc 1 1659 14 is_stmt 0 view .LVU966
 2900 0008 0901     		lsls	r1, r1, #4
 2901              	.LVL303:
1659:./Libraries/src/stm32f4xx_tim.c **** 
 2902              		.loc 1 1659 14 view .LVU967
 2903 000a 89B2     		uxth	r1, r1
1659:./Libraries/src/stm32f4xx_tim.c **** 
 2904              		.loc 1 1659 11 view .LVU968
 2905 000c 0B43     		orrs	r3, r3, r1
 2906              	.LVL304:
1662:./Libraries/src/stm32f4xx_tim.c **** }
 2907              		.loc 1 1662 3 is_stmt 1 view .LVU969
1662:./Libraries/src/stm32f4xx_tim.c **** }
 2908              		.loc 1 1662 14 is_stmt 0 view .LVU970
 2909 000e 0384     		strh	r3, [r0, #32]	@ movhi
1663:./Libraries/src/stm32f4xx_tim.c **** 
ARM GAS  /tmp/cc0EAqnP.s 			page 124


 2910              		.loc 1 1663 1 view .LVU971
 2911 0010 7047     		bx	lr
 2912              		.cfi_endproc
 2913              	.LFE166:
 2915              		.section	.text.TIM_OC2NPolarityConfig,"ax",%progbits
 2916              		.align	1
 2917              		.global	TIM_OC2NPolarityConfig
 2918              		.syntax unified
 2919              		.thumb
 2920              		.thumb_func
 2922              	TIM_OC2NPolarityConfig:
 2923              	.LVL305:
 2924              	.LFB167:
1675:./Libraries/src/stm32f4xx_tim.c ****   uint16_t tmpccer = 0;
 2925              		.loc 1 1675 1 is_stmt 1 view -0
 2926              		.cfi_startproc
 2927              		@ args = 0, pretend = 0, frame = 0
 2928              		@ frame_needed = 0, uses_anonymous_args = 0
 2929              		@ link register save eliminated.
1676:./Libraries/src/stm32f4xx_tim.c **** 
 2930              		.loc 1 1676 3 view .LVU973
1679:./Libraries/src/stm32f4xx_tim.c ****   assert_param(IS_TIM_OCN_POLARITY(TIM_OCNPolarity));
 2931              		.loc 1 1679 3 view .LVU974
1680:./Libraries/src/stm32f4xx_tim.c ****   
 2932              		.loc 1 1680 3 view .LVU975
1682:./Libraries/src/stm32f4xx_tim.c **** 
 2933              		.loc 1 1682 3 view .LVU976
1682:./Libraries/src/stm32f4xx_tim.c **** 
 2934              		.loc 1 1682 11 is_stmt 0 view .LVU977
 2935 0000 038C     		ldrh	r3, [r0, #32]
 2936 0002 9BB2     		uxth	r3, r3
 2937              	.LVL306:
1685:./Libraries/src/stm32f4xx_tim.c ****   tmpccer |= (uint16_t)(TIM_OCNPolarity << 4);
 2938              		.loc 1 1685 3 is_stmt 1 view .LVU978
1685:./Libraries/src/stm32f4xx_tim.c ****   tmpccer |= (uint16_t)(TIM_OCNPolarity << 4);
 2939              		.loc 1 1685 11 is_stmt 0 view .LVU979
 2940 0004 23F08003 		bic	r3, r3, #128
 2941              	.LVL307:
1686:./Libraries/src/stm32f4xx_tim.c **** 
 2942              		.loc 1 1686 3 is_stmt 1 view .LVU980
1686:./Libraries/src/stm32f4xx_tim.c **** 
 2943              		.loc 1 1686 14 is_stmt 0 view .LVU981
 2944 0008 0901     		lsls	r1, r1, #4
 2945              	.LVL308:
1686:./Libraries/src/stm32f4xx_tim.c **** 
 2946              		.loc 1 1686 14 view .LVU982
 2947 000a 89B2     		uxth	r1, r1
1686:./Libraries/src/stm32f4xx_tim.c **** 
 2948              		.loc 1 1686 11 view .LVU983
 2949 000c 0B43     		orrs	r3, r3, r1
 2950              	.LVL309:
1689:./Libraries/src/stm32f4xx_tim.c **** }
 2951              		.loc 1 1689 3 is_stmt 1 view .LVU984
1689:./Libraries/src/stm32f4xx_tim.c **** }
 2952              		.loc 1 1689 14 is_stmt 0 view .LVU985
 2953 000e 0384     		strh	r3, [r0, #32]	@ movhi
1690:./Libraries/src/stm32f4xx_tim.c **** 
ARM GAS  /tmp/cc0EAqnP.s 			page 125


 2954              		.loc 1 1690 1 view .LVU986
 2955 0010 7047     		bx	lr
 2956              		.cfi_endproc
 2957              	.LFE167:
 2959              		.section	.text.TIM_OC3PolarityConfig,"ax",%progbits
 2960              		.align	1
 2961              		.global	TIM_OC3PolarityConfig
 2962              		.syntax unified
 2963              		.thumb
 2964              		.thumb_func
 2966              	TIM_OC3PolarityConfig:
 2967              	.LVL310:
 2968              	.LFB168:
1702:./Libraries/src/stm32f4xx_tim.c ****   uint16_t tmpccer = 0;
 2969              		.loc 1 1702 1 is_stmt 1 view -0
 2970              		.cfi_startproc
 2971              		@ args = 0, pretend = 0, frame = 0
 2972              		@ frame_needed = 0, uses_anonymous_args = 0
 2973              		@ link register save eliminated.
1703:./Libraries/src/stm32f4xx_tim.c **** 
 2974              		.loc 1 1703 3 view .LVU988
1706:./Libraries/src/stm32f4xx_tim.c ****   assert_param(IS_TIM_OC_POLARITY(TIM_OCPolarity));
 2975              		.loc 1 1706 3 view .LVU989
1707:./Libraries/src/stm32f4xx_tim.c **** 
 2976              		.loc 1 1707 3 view .LVU990
1709:./Libraries/src/stm32f4xx_tim.c **** 
 2977              		.loc 1 1709 3 view .LVU991
1709:./Libraries/src/stm32f4xx_tim.c **** 
 2978              		.loc 1 1709 11 is_stmt 0 view .LVU992
 2979 0000 038C     		ldrh	r3, [r0, #32]
 2980 0002 9BB2     		uxth	r3, r3
 2981              	.LVL311:
1712:./Libraries/src/stm32f4xx_tim.c ****   tmpccer |= (uint16_t)(TIM_OCPolarity << 8);
 2982              		.loc 1 1712 3 is_stmt 1 view .LVU993
1712:./Libraries/src/stm32f4xx_tim.c ****   tmpccer |= (uint16_t)(TIM_OCPolarity << 8);
 2983              		.loc 1 1712 11 is_stmt 0 view .LVU994
 2984 0004 23F40073 		bic	r3, r3, #512
 2985              	.LVL312:
1713:./Libraries/src/stm32f4xx_tim.c **** 
 2986              		.loc 1 1713 3 is_stmt 1 view .LVU995
1713:./Libraries/src/stm32f4xx_tim.c **** 
 2987              		.loc 1 1713 14 is_stmt 0 view .LVU996
 2988 0008 0902     		lsls	r1, r1, #8
 2989              	.LVL313:
1713:./Libraries/src/stm32f4xx_tim.c **** 
 2990              		.loc 1 1713 14 view .LVU997
 2991 000a 89B2     		uxth	r1, r1
1713:./Libraries/src/stm32f4xx_tim.c **** 
 2992              		.loc 1 1713 11 view .LVU998
 2993 000c 0B43     		orrs	r3, r3, r1
 2994              	.LVL314:
1716:./Libraries/src/stm32f4xx_tim.c **** }
 2995              		.loc 1 1716 3 is_stmt 1 view .LVU999
1716:./Libraries/src/stm32f4xx_tim.c **** }
 2996              		.loc 1 1716 14 is_stmt 0 view .LVU1000
 2997 000e 0384     		strh	r3, [r0, #32]	@ movhi
1717:./Libraries/src/stm32f4xx_tim.c **** 
ARM GAS  /tmp/cc0EAqnP.s 			page 126


 2998              		.loc 1 1717 1 view .LVU1001
 2999 0010 7047     		bx	lr
 3000              		.cfi_endproc
 3001              	.LFE168:
 3003              		.section	.text.TIM_OC3NPolarityConfig,"ax",%progbits
 3004              		.align	1
 3005              		.global	TIM_OC3NPolarityConfig
 3006              		.syntax unified
 3007              		.thumb
 3008              		.thumb_func
 3010              	TIM_OC3NPolarityConfig:
 3011              	.LVL315:
 3012              	.LFB169:
1729:./Libraries/src/stm32f4xx_tim.c ****   uint16_t tmpccer = 0;
 3013              		.loc 1 1729 1 is_stmt 1 view -0
 3014              		.cfi_startproc
 3015              		@ args = 0, pretend = 0, frame = 0
 3016              		@ frame_needed = 0, uses_anonymous_args = 0
 3017              		@ link register save eliminated.
1730:./Libraries/src/stm32f4xx_tim.c ****  
 3018              		.loc 1 1730 3 view .LVU1003
1733:./Libraries/src/stm32f4xx_tim.c ****   assert_param(IS_TIM_OCN_POLARITY(TIM_OCNPolarity));
 3019              		.loc 1 1733 3 view .LVU1004
1734:./Libraries/src/stm32f4xx_tim.c ****     
 3020              		.loc 1 1734 3 view .LVU1005
1736:./Libraries/src/stm32f4xx_tim.c **** 
 3021              		.loc 1 1736 3 view .LVU1006
1736:./Libraries/src/stm32f4xx_tim.c **** 
 3022              		.loc 1 1736 11 is_stmt 0 view .LVU1007
 3023 0000 038C     		ldrh	r3, [r0, #32]
 3024 0002 9BB2     		uxth	r3, r3
 3025              	.LVL316:
1739:./Libraries/src/stm32f4xx_tim.c ****   tmpccer |= (uint16_t)(TIM_OCNPolarity << 8);
 3026              		.loc 1 1739 3 is_stmt 1 view .LVU1008
1739:./Libraries/src/stm32f4xx_tim.c ****   tmpccer |= (uint16_t)(TIM_OCNPolarity << 8);
 3027              		.loc 1 1739 11 is_stmt 0 view .LVU1009
 3028 0004 23F40063 		bic	r3, r3, #2048
 3029              	.LVL317:
1740:./Libraries/src/stm32f4xx_tim.c **** 
 3030              		.loc 1 1740 3 is_stmt 1 view .LVU1010
1740:./Libraries/src/stm32f4xx_tim.c **** 
 3031              		.loc 1 1740 14 is_stmt 0 view .LVU1011
 3032 0008 0902     		lsls	r1, r1, #8
 3033              	.LVL318:
1740:./Libraries/src/stm32f4xx_tim.c **** 
 3034              		.loc 1 1740 14 view .LVU1012
 3035 000a 89B2     		uxth	r1, r1
1740:./Libraries/src/stm32f4xx_tim.c **** 
 3036              		.loc 1 1740 11 view .LVU1013
 3037 000c 0B43     		orrs	r3, r3, r1
 3038              	.LVL319:
1743:./Libraries/src/stm32f4xx_tim.c **** }
 3039              		.loc 1 1743 3 is_stmt 1 view .LVU1014
1743:./Libraries/src/stm32f4xx_tim.c **** }
 3040              		.loc 1 1743 14 is_stmt 0 view .LVU1015
 3041 000e 0384     		strh	r3, [r0, #32]	@ movhi
1744:./Libraries/src/stm32f4xx_tim.c **** 
ARM GAS  /tmp/cc0EAqnP.s 			page 127


 3042              		.loc 1 1744 1 view .LVU1016
 3043 0010 7047     		bx	lr
 3044              		.cfi_endproc
 3045              	.LFE169:
 3047              		.section	.text.TIM_OC4PolarityConfig,"ax",%progbits
 3048              		.align	1
 3049              		.global	TIM_OC4PolarityConfig
 3050              		.syntax unified
 3051              		.thumb
 3052              		.thumb_func
 3054              	TIM_OC4PolarityConfig:
 3055              	.LVL320:
 3056              	.LFB170:
1756:./Libraries/src/stm32f4xx_tim.c ****   uint16_t tmpccer = 0;
 3057              		.loc 1 1756 1 is_stmt 1 view -0
 3058              		.cfi_startproc
 3059              		@ args = 0, pretend = 0, frame = 0
 3060              		@ frame_needed = 0, uses_anonymous_args = 0
 3061              		@ link register save eliminated.
1757:./Libraries/src/stm32f4xx_tim.c **** 
 3062              		.loc 1 1757 3 view .LVU1018
1760:./Libraries/src/stm32f4xx_tim.c ****   assert_param(IS_TIM_OC_POLARITY(TIM_OCPolarity));
 3063              		.loc 1 1760 3 view .LVU1019
1761:./Libraries/src/stm32f4xx_tim.c **** 
 3064              		.loc 1 1761 3 view .LVU1020
1763:./Libraries/src/stm32f4xx_tim.c **** 
 3065              		.loc 1 1763 3 view .LVU1021
1763:./Libraries/src/stm32f4xx_tim.c **** 
 3066              		.loc 1 1763 11 is_stmt 0 view .LVU1022
 3067 0000 038C     		ldrh	r3, [r0, #32]
 3068 0002 9BB2     		uxth	r3, r3
 3069              	.LVL321:
1766:./Libraries/src/stm32f4xx_tim.c ****   tmpccer |= (uint16_t)(TIM_OCPolarity << 12);
 3070              		.loc 1 1766 3 is_stmt 1 view .LVU1023
1766:./Libraries/src/stm32f4xx_tim.c ****   tmpccer |= (uint16_t)(TIM_OCPolarity << 12);
 3071              		.loc 1 1766 11 is_stmt 0 view .LVU1024
 3072 0004 23F40053 		bic	r3, r3, #8192
 3073              	.LVL322:
1767:./Libraries/src/stm32f4xx_tim.c **** 
 3074              		.loc 1 1767 3 is_stmt 1 view .LVU1025
1767:./Libraries/src/stm32f4xx_tim.c **** 
 3075              		.loc 1 1767 14 is_stmt 0 view .LVU1026
 3076 0008 0903     		lsls	r1, r1, #12
 3077              	.LVL323:
1767:./Libraries/src/stm32f4xx_tim.c **** 
 3078              		.loc 1 1767 14 view .LVU1027
 3079 000a 89B2     		uxth	r1, r1
1767:./Libraries/src/stm32f4xx_tim.c **** 
 3080              		.loc 1 1767 11 view .LVU1028
 3081 000c 0B43     		orrs	r3, r3, r1
 3082              	.LVL324:
1770:./Libraries/src/stm32f4xx_tim.c **** }
 3083              		.loc 1 1770 3 is_stmt 1 view .LVU1029
1770:./Libraries/src/stm32f4xx_tim.c **** }
 3084              		.loc 1 1770 14 is_stmt 0 view .LVU1030
 3085 000e 0384     		strh	r3, [r0, #32]	@ movhi
1771:./Libraries/src/stm32f4xx_tim.c **** 
ARM GAS  /tmp/cc0EAqnP.s 			page 128


 3086              		.loc 1 1771 1 view .LVU1031
 3087 0010 7047     		bx	lr
 3088              		.cfi_endproc
 3089              	.LFE170:
 3091              		.section	.text.TIM_CCxCmd,"ax",%progbits
 3092              		.align	1
 3093              		.global	TIM_CCxCmd
 3094              		.syntax unified
 3095              		.thumb
 3096              		.thumb_func
 3098              	TIM_CCxCmd:
 3099              	.LVL325:
 3100              	.LFB171:
1787:./Libraries/src/stm32f4xx_tim.c ****   uint16_t tmp = 0;
 3101              		.loc 1 1787 1 is_stmt 1 view -0
 3102              		.cfi_startproc
 3103              		@ args = 0, pretend = 0, frame = 0
 3104              		@ frame_needed = 0, uses_anonymous_args = 0
 3105              		@ link register save eliminated.
1788:./Libraries/src/stm32f4xx_tim.c **** 
 3106              		.loc 1 1788 3 view .LVU1033
1791:./Libraries/src/stm32f4xx_tim.c ****   assert_param(IS_TIM_CHANNEL(TIM_Channel));
 3107              		.loc 1 1791 3 view .LVU1034
1792:./Libraries/src/stm32f4xx_tim.c ****   assert_param(IS_TIM_CCX(TIM_CCx));
 3108              		.loc 1 1792 3 view .LVU1035
1793:./Libraries/src/stm32f4xx_tim.c **** 
 3109              		.loc 1 1793 3 view .LVU1036
1795:./Libraries/src/stm32f4xx_tim.c **** 
 3110              		.loc 1 1795 3 view .LVU1037
1795:./Libraries/src/stm32f4xx_tim.c **** 
 3111              		.loc 1 1795 22 is_stmt 0 view .LVU1038
 3112 0000 0123     		movs	r3, #1
 3113 0002 8B40     		lsls	r3, r3, r1
1795:./Libraries/src/stm32f4xx_tim.c **** 
 3114              		.loc 1 1795 7 view .LVU1039
 3115 0004 9BB2     		uxth	r3, r3
 3116              	.LVL326:
1798:./Libraries/src/stm32f4xx_tim.c **** 
 3117              		.loc 1 1798 3 is_stmt 1 view .LVU1040
1798:./Libraries/src/stm32f4xx_tim.c **** 
 3118              		.loc 1 1798 7 is_stmt 0 view .LVU1041
 3119 0006 B0F820C0 		ldrh	ip, [r0, #32]
1798:./Libraries/src/stm32f4xx_tim.c **** 
 3120              		.loc 1 1798 17 view .LVU1042
 3121 000a DB43     		mvns	r3, r3
 3122              	.LVL327:
1798:./Libraries/src/stm32f4xx_tim.c **** 
 3123              		.loc 1 1798 17 view .LVU1043
 3124 000c 9BB2     		uxth	r3, r3
 3125              	.LVL328:
1798:./Libraries/src/stm32f4xx_tim.c **** 
 3126              		.loc 1 1798 14 view .LVU1044
 3127 000e 03EA0C03 		and	r3, r3, ip
 3128 0012 0384     		strh	r3, [r0, #32]	@ movhi
1801:./Libraries/src/stm32f4xx_tim.c **** }
 3129              		.loc 1 1801 3 is_stmt 1 view .LVU1045
1801:./Libraries/src/stm32f4xx_tim.c **** }
ARM GAS  /tmp/cc0EAqnP.s 			page 129


 3130              		.loc 1 1801 7 is_stmt 0 view .LVU1046
 3131 0014 038C     		ldrh	r3, [r0, #32]
 3132 0016 9BB2     		uxth	r3, r3
1801:./Libraries/src/stm32f4xx_tim.c **** }
 3133              		.loc 1 1801 37 view .LVU1047
 3134 0018 8A40     		lsls	r2, r2, r1
 3135              	.LVL329:
1801:./Libraries/src/stm32f4xx_tim.c **** }
 3136              		.loc 1 1801 18 view .LVU1048
 3137 001a 92B2     		uxth	r2, r2
1801:./Libraries/src/stm32f4xx_tim.c **** }
 3138              		.loc 1 1801 14 view .LVU1049
 3139 001c 1343     		orrs	r3, r3, r2
 3140 001e 0384     		strh	r3, [r0, #32]	@ movhi
1802:./Libraries/src/stm32f4xx_tim.c **** 
 3141              		.loc 1 1802 1 view .LVU1050
 3142 0020 7047     		bx	lr
 3143              		.cfi_endproc
 3144              	.LFE171:
 3146              		.section	.text.TIM_CCxNCmd,"ax",%progbits
 3147              		.align	1
 3148              		.global	TIM_CCxNCmd
 3149              		.syntax unified
 3150              		.thumb
 3151              		.thumb_func
 3153              	TIM_CCxNCmd:
 3154              	.LVL330:
 3155              	.LFB172:
1817:./Libraries/src/stm32f4xx_tim.c ****   uint16_t tmp = 0;
 3156              		.loc 1 1817 1 is_stmt 1 view -0
 3157              		.cfi_startproc
 3158              		@ args = 0, pretend = 0, frame = 0
 3159              		@ frame_needed = 0, uses_anonymous_args = 0
 3160              		@ link register save eliminated.
1818:./Libraries/src/stm32f4xx_tim.c **** 
 3161              		.loc 1 1818 3 view .LVU1052
1821:./Libraries/src/stm32f4xx_tim.c ****   assert_param(IS_TIM_COMPLEMENTARY_CHANNEL(TIM_Channel));
 3162              		.loc 1 1821 3 view .LVU1053
1822:./Libraries/src/stm32f4xx_tim.c ****   assert_param(IS_TIM_CCXN(TIM_CCxN));
 3163              		.loc 1 1822 3 view .LVU1054
1823:./Libraries/src/stm32f4xx_tim.c **** 
 3164              		.loc 1 1823 3 view .LVU1055
1825:./Libraries/src/stm32f4xx_tim.c **** 
 3165              		.loc 1 1825 3 view .LVU1056
1825:./Libraries/src/stm32f4xx_tim.c **** 
 3166              		.loc 1 1825 23 is_stmt 0 view .LVU1057
 3167 0000 0423     		movs	r3, #4
 3168 0002 8B40     		lsls	r3, r3, r1
1825:./Libraries/src/stm32f4xx_tim.c **** 
 3169              		.loc 1 1825 7 view .LVU1058
 3170 0004 9BB2     		uxth	r3, r3
 3171              	.LVL331:
1828:./Libraries/src/stm32f4xx_tim.c **** 
 3172              		.loc 1 1828 3 is_stmt 1 view .LVU1059
1828:./Libraries/src/stm32f4xx_tim.c **** 
 3173              		.loc 1 1828 7 is_stmt 0 view .LVU1060
 3174 0006 B0F820C0 		ldrh	ip, [r0, #32]
ARM GAS  /tmp/cc0EAqnP.s 			page 130


1828:./Libraries/src/stm32f4xx_tim.c **** 
 3175              		.loc 1 1828 17 view .LVU1061
 3176 000a DB43     		mvns	r3, r3
 3177              	.LVL332:
1828:./Libraries/src/stm32f4xx_tim.c **** 
 3178              		.loc 1 1828 17 view .LVU1062
 3179 000c 9BB2     		uxth	r3, r3
 3180              	.LVL333:
1828:./Libraries/src/stm32f4xx_tim.c **** 
 3181              		.loc 1 1828 14 view .LVU1063
 3182 000e 03EA0C03 		and	r3, r3, ip
 3183 0012 0384     		strh	r3, [r0, #32]	@ movhi
1831:./Libraries/src/stm32f4xx_tim.c **** }
 3184              		.loc 1 1831 3 is_stmt 1 view .LVU1064
1831:./Libraries/src/stm32f4xx_tim.c **** }
 3185              		.loc 1 1831 7 is_stmt 0 view .LVU1065
 3186 0014 038C     		ldrh	r3, [r0, #32]
 3187 0016 9BB2     		uxth	r3, r3
1831:./Libraries/src/stm32f4xx_tim.c **** }
 3188              		.loc 1 1831 38 view .LVU1066
 3189 0018 8A40     		lsls	r2, r2, r1
 3190              	.LVL334:
1831:./Libraries/src/stm32f4xx_tim.c **** }
 3191              		.loc 1 1831 18 view .LVU1067
 3192 001a 92B2     		uxth	r2, r2
1831:./Libraries/src/stm32f4xx_tim.c **** }
 3193              		.loc 1 1831 14 view .LVU1068
 3194 001c 1343     		orrs	r3, r3, r2
 3195 001e 0384     		strh	r3, [r0, #32]	@ movhi
1832:./Libraries/src/stm32f4xx_tim.c **** /**
 3196              		.loc 1 1832 1 view .LVU1069
 3197 0020 7047     		bx	lr
 3198              		.cfi_endproc
 3199              	.LFE172:
 3201              		.section	.text.TIM_ICStructInit,"ax",%progbits
 3202              		.align	1
 3203              		.global	TIM_ICStructInit
 3204              		.syntax unified
 3205              		.thumb
 3206              		.thumb_func
 3208              	TIM_ICStructInit:
 3209              	.LVL335:
 3210              	.LFB174:
1957:./Libraries/src/stm32f4xx_tim.c ****   /* Set the default configuration */
 3211              		.loc 1 1957 1 is_stmt 1 view -0
 3212              		.cfi_startproc
 3213              		@ args = 0, pretend = 0, frame = 0
 3214              		@ frame_needed = 0, uses_anonymous_args = 0
 3215              		@ link register save eliminated.
1959:./Libraries/src/stm32f4xx_tim.c ****   TIM_ICInitStruct->TIM_ICPolarity = TIM_ICPolarity_Rising;
 3216              		.loc 1 1959 3 view .LVU1071
1959:./Libraries/src/stm32f4xx_tim.c ****   TIM_ICInitStruct->TIM_ICPolarity = TIM_ICPolarity_Rising;
 3217              		.loc 1 1959 33 is_stmt 0 view .LVU1072
 3218 0000 0023     		movs	r3, #0
 3219 0002 0380     		strh	r3, [r0]	@ movhi
1960:./Libraries/src/stm32f4xx_tim.c ****   TIM_ICInitStruct->TIM_ICSelection = TIM_ICSelection_DirectTI;
 3220              		.loc 1 1960 3 is_stmt 1 view .LVU1073
ARM GAS  /tmp/cc0EAqnP.s 			page 131


1960:./Libraries/src/stm32f4xx_tim.c ****   TIM_ICInitStruct->TIM_ICSelection = TIM_ICSelection_DirectTI;
 3221              		.loc 1 1960 36 is_stmt 0 view .LVU1074
 3222 0004 4380     		strh	r3, [r0, #2]	@ movhi
1961:./Libraries/src/stm32f4xx_tim.c ****   TIM_ICInitStruct->TIM_ICPrescaler = TIM_ICPSC_DIV1;
 3223              		.loc 1 1961 3 is_stmt 1 view .LVU1075
1961:./Libraries/src/stm32f4xx_tim.c ****   TIM_ICInitStruct->TIM_ICPrescaler = TIM_ICPSC_DIV1;
 3224              		.loc 1 1961 37 is_stmt 0 view .LVU1076
 3225 0006 0122     		movs	r2, #1
 3226 0008 8280     		strh	r2, [r0, #4]	@ movhi
1962:./Libraries/src/stm32f4xx_tim.c ****   TIM_ICInitStruct->TIM_ICFilter = 0x00;
 3227              		.loc 1 1962 3 is_stmt 1 view .LVU1077
1962:./Libraries/src/stm32f4xx_tim.c ****   TIM_ICInitStruct->TIM_ICFilter = 0x00;
 3228              		.loc 1 1962 37 is_stmt 0 view .LVU1078
 3229 000a C380     		strh	r3, [r0, #6]	@ movhi
1963:./Libraries/src/stm32f4xx_tim.c **** }
 3230              		.loc 1 1963 3 is_stmt 1 view .LVU1079
1963:./Libraries/src/stm32f4xx_tim.c **** }
 3231              		.loc 1 1963 34 is_stmt 0 view .LVU1080
 3232 000c 0381     		strh	r3, [r0, #8]	@ movhi
1964:./Libraries/src/stm32f4xx_tim.c **** 
 3233              		.loc 1 1964 1 view .LVU1081
 3234 000e 7047     		bx	lr
 3235              		.cfi_endproc
 3236              	.LFE174:
 3238              		.section	.text.TIM_GetCapture1,"ax",%progbits
 3239              		.align	1
 3240              		.global	TIM_GetCapture1
 3241              		.syntax unified
 3242              		.thumb
 3243              		.thumb_func
 3245              	TIM_GetCapture1:
 3246              	.LVL336:
 3247              	.LFB176:
2033:./Libraries/src/stm32f4xx_tim.c ****   /* Check the parameters */
 3248              		.loc 1 2033 1 is_stmt 1 view -0
 3249              		.cfi_startproc
 3250              		@ args = 0, pretend = 0, frame = 0
 3251              		@ frame_needed = 0, uses_anonymous_args = 0
 3252              		@ link register save eliminated.
2035:./Libraries/src/stm32f4xx_tim.c **** 
 3253              		.loc 1 2035 3 view .LVU1083
2038:./Libraries/src/stm32f4xx_tim.c **** }
 3254              		.loc 1 2038 3 view .LVU1084
2038:./Libraries/src/stm32f4xx_tim.c **** }
 3255              		.loc 1 2038 14 is_stmt 0 view .LVU1085
 3256 0000 406B     		ldr	r0, [r0, #52]
 3257              	.LVL337:
2039:./Libraries/src/stm32f4xx_tim.c **** 
 3258              		.loc 1 2039 1 view .LVU1086
 3259 0002 7047     		bx	lr
 3260              		.cfi_endproc
 3261              	.LFE176:
 3263              		.section	.text.TIM_GetCapture2,"ax",%progbits
 3264              		.align	1
 3265              		.global	TIM_GetCapture2
 3266              		.syntax unified
 3267              		.thumb
ARM GAS  /tmp/cc0EAqnP.s 			page 132


 3268              		.thumb_func
 3270              	TIM_GetCapture2:
 3271              	.LVL338:
 3272              	.LFB177:
2048:./Libraries/src/stm32f4xx_tim.c ****   /* Check the parameters */
 3273              		.loc 1 2048 1 is_stmt 1 view -0
 3274              		.cfi_startproc
 3275              		@ args = 0, pretend = 0, frame = 0
 3276              		@ frame_needed = 0, uses_anonymous_args = 0
 3277              		@ link register save eliminated.
2050:./Libraries/src/stm32f4xx_tim.c **** 
 3278              		.loc 1 2050 3 view .LVU1088
2053:./Libraries/src/stm32f4xx_tim.c **** }
 3279              		.loc 1 2053 3 view .LVU1089
2053:./Libraries/src/stm32f4xx_tim.c **** }
 3280              		.loc 1 2053 14 is_stmt 0 view .LVU1090
 3281 0000 806B     		ldr	r0, [r0, #56]
 3282              	.LVL339:
2054:./Libraries/src/stm32f4xx_tim.c **** 
 3283              		.loc 1 2054 1 view .LVU1091
 3284 0002 7047     		bx	lr
 3285              		.cfi_endproc
 3286              	.LFE177:
 3288              		.section	.text.TIM_GetCapture3,"ax",%progbits
 3289              		.align	1
 3290              		.global	TIM_GetCapture3
 3291              		.syntax unified
 3292              		.thumb
 3293              		.thumb_func
 3295              	TIM_GetCapture3:
 3296              	.LVL340:
 3297              	.LFB178:
2062:./Libraries/src/stm32f4xx_tim.c ****   /* Check the parameters */
 3298              		.loc 1 2062 1 is_stmt 1 view -0
 3299              		.cfi_startproc
 3300              		@ args = 0, pretend = 0, frame = 0
 3301              		@ frame_needed = 0, uses_anonymous_args = 0
 3302              		@ link register save eliminated.
2064:./Libraries/src/stm32f4xx_tim.c **** 
 3303              		.loc 1 2064 3 view .LVU1093
2067:./Libraries/src/stm32f4xx_tim.c **** }
 3304              		.loc 1 2067 3 view .LVU1094
2067:./Libraries/src/stm32f4xx_tim.c **** }
 3305              		.loc 1 2067 14 is_stmt 0 view .LVU1095
 3306 0000 C06B     		ldr	r0, [r0, #60]
 3307              	.LVL341:
2068:./Libraries/src/stm32f4xx_tim.c **** 
 3308              		.loc 1 2068 1 view .LVU1096
 3309 0002 7047     		bx	lr
 3310              		.cfi_endproc
 3311              	.LFE178:
 3313              		.section	.text.TIM_GetCapture4,"ax",%progbits
 3314              		.align	1
 3315              		.global	TIM_GetCapture4
 3316              		.syntax unified
 3317              		.thumb
 3318              		.thumb_func
ARM GAS  /tmp/cc0EAqnP.s 			page 133


 3320              	TIM_GetCapture4:
 3321              	.LVL342:
 3322              	.LFB179:
2076:./Libraries/src/stm32f4xx_tim.c ****   /* Check the parameters */
 3323              		.loc 1 2076 1 is_stmt 1 view -0
 3324              		.cfi_startproc
 3325              		@ args = 0, pretend = 0, frame = 0
 3326              		@ frame_needed = 0, uses_anonymous_args = 0
 3327              		@ link register save eliminated.
2078:./Libraries/src/stm32f4xx_tim.c **** 
 3328              		.loc 1 2078 3 view .LVU1098
2081:./Libraries/src/stm32f4xx_tim.c **** }
 3329              		.loc 1 2081 3 view .LVU1099
2081:./Libraries/src/stm32f4xx_tim.c **** }
 3330              		.loc 1 2081 14 is_stmt 0 view .LVU1100
 3331 0000 006C     		ldr	r0, [r0, #64]
 3332              	.LVL343:
2082:./Libraries/src/stm32f4xx_tim.c **** 
 3333              		.loc 1 2082 1 view .LVU1101
 3334 0002 7047     		bx	lr
 3335              		.cfi_endproc
 3336              	.LFE179:
 3338              		.section	.text.TIM_SetIC1Prescaler,"ax",%progbits
 3339              		.align	1
 3340              		.global	TIM_SetIC1Prescaler
 3341              		.syntax unified
 3342              		.thumb
 3343              		.thumb_func
 3345              	TIM_SetIC1Prescaler:
 3346              	.LVL344:
 3347              	.LFB180:
2096:./Libraries/src/stm32f4xx_tim.c ****   /* Check the parameters */
 3348              		.loc 1 2096 1 is_stmt 1 view -0
 3349              		.cfi_startproc
 3350              		@ args = 0, pretend = 0, frame = 0
 3351              		@ frame_needed = 0, uses_anonymous_args = 0
 3352              		@ link register save eliminated.
2098:./Libraries/src/stm32f4xx_tim.c ****   assert_param(IS_TIM_IC_PRESCALER(TIM_ICPSC));
 3353              		.loc 1 2098 3 view .LVU1103
2099:./Libraries/src/stm32f4xx_tim.c **** 
 3354              		.loc 1 2099 3 view .LVU1104
2102:./Libraries/src/stm32f4xx_tim.c **** 
 3355              		.loc 1 2102 3 view .LVU1105
2102:./Libraries/src/stm32f4xx_tim.c **** 
 3356              		.loc 1 2102 7 is_stmt 0 view .LVU1106
 3357 0000 038B     		ldrh	r3, [r0, #24]
 3358 0002 9BB2     		uxth	r3, r3
2102:./Libraries/src/stm32f4xx_tim.c **** 
 3359              		.loc 1 2102 15 view .LVU1107
 3360 0004 23F00C03 		bic	r3, r3, #12
 3361 0008 9BB2     		uxth	r3, r3
 3362 000a 0383     		strh	r3, [r0, #24]	@ movhi
2105:./Libraries/src/stm32f4xx_tim.c **** }
 3363              		.loc 1 2105 3 is_stmt 1 view .LVU1108
2105:./Libraries/src/stm32f4xx_tim.c **** }
 3364              		.loc 1 2105 7 is_stmt 0 view .LVU1109
 3365 000c 038B     		ldrh	r3, [r0, #24]
ARM GAS  /tmp/cc0EAqnP.s 			page 134


 3366 000e 9BB2     		uxth	r3, r3
2105:./Libraries/src/stm32f4xx_tim.c **** }
 3367              		.loc 1 2105 15 view .LVU1110
 3368 0010 0B43     		orrs	r3, r3, r1
 3369 0012 0383     		strh	r3, [r0, #24]	@ movhi
2106:./Libraries/src/stm32f4xx_tim.c **** 
 3370              		.loc 1 2106 1 view .LVU1111
 3371 0014 7047     		bx	lr
 3372              		.cfi_endproc
 3373              	.LFE180:
 3375              		.section	.text.TIM_SetIC2Prescaler,"ax",%progbits
 3376              		.align	1
 3377              		.global	TIM_SetIC2Prescaler
 3378              		.syntax unified
 3379              		.thumb
 3380              		.thumb_func
 3382              	TIM_SetIC2Prescaler:
 3383              	.LVL345:
 3384              	.LFB181:
2121:./Libraries/src/stm32f4xx_tim.c ****   /* Check the parameters */
 3385              		.loc 1 2121 1 is_stmt 1 view -0
 3386              		.cfi_startproc
 3387              		@ args = 0, pretend = 0, frame = 0
 3388              		@ frame_needed = 0, uses_anonymous_args = 0
 3389              		@ link register save eliminated.
2123:./Libraries/src/stm32f4xx_tim.c ****   assert_param(IS_TIM_IC_PRESCALER(TIM_ICPSC));
 3390              		.loc 1 2123 3 view .LVU1113
2124:./Libraries/src/stm32f4xx_tim.c **** 
 3391              		.loc 1 2124 3 view .LVU1114
2127:./Libraries/src/stm32f4xx_tim.c **** 
 3392              		.loc 1 2127 3 view .LVU1115
2127:./Libraries/src/stm32f4xx_tim.c **** 
 3393              		.loc 1 2127 7 is_stmt 0 view .LVU1116
 3394 0000 038B     		ldrh	r3, [r0, #24]
 3395 0002 9BB2     		uxth	r3, r3
2127:./Libraries/src/stm32f4xx_tim.c **** 
 3396              		.loc 1 2127 15 view .LVU1117
 3397 0004 23F44063 		bic	r3, r3, #3072
 3398 0008 9BB2     		uxth	r3, r3
 3399 000a 0383     		strh	r3, [r0, #24]	@ movhi
2130:./Libraries/src/stm32f4xx_tim.c **** }
 3400              		.loc 1 2130 3 is_stmt 1 view .LVU1118
2130:./Libraries/src/stm32f4xx_tim.c **** }
 3401              		.loc 1 2130 7 is_stmt 0 view .LVU1119
 3402 000c 038B     		ldrh	r3, [r0, #24]
 3403 000e 9BB2     		uxth	r3, r3
2130:./Libraries/src/stm32f4xx_tim.c **** }
 3404              		.loc 1 2130 18 view .LVU1120
 3405 0010 0902     		lsls	r1, r1, #8
 3406              	.LVL346:
2130:./Libraries/src/stm32f4xx_tim.c **** }
 3407              		.loc 1 2130 18 view .LVU1121
 3408 0012 89B2     		uxth	r1, r1
2130:./Libraries/src/stm32f4xx_tim.c **** }
 3409              		.loc 1 2130 15 view .LVU1122
 3410 0014 0B43     		orrs	r3, r3, r1
 3411 0016 0383     		strh	r3, [r0, #24]	@ movhi
ARM GAS  /tmp/cc0EAqnP.s 			page 135


2131:./Libraries/src/stm32f4xx_tim.c **** 
 3412              		.loc 1 2131 1 view .LVU1123
 3413 0018 7047     		bx	lr
 3414              		.cfi_endproc
 3415              	.LFE181:
 3417              		.section	.text.TIM_PWMIConfig,"ax",%progbits
 3418              		.align	1
 3419              		.global	TIM_PWMIConfig
 3420              		.syntax unified
 3421              		.thumb
 3422              		.thumb_func
 3424              	TIM_PWMIConfig:
 3425              	.LVL347:
 3426              	.LFB175:
1976:./Libraries/src/stm32f4xx_tim.c ****   uint16_t icoppositepolarity = TIM_ICPolarity_Rising;
 3427              		.loc 1 1976 1 is_stmt 1 view -0
 3428              		.cfi_startproc
 3429              		@ args = 0, pretend = 0, frame = 0
 3430              		@ frame_needed = 0, uses_anonymous_args = 0
1976:./Libraries/src/stm32f4xx_tim.c ****   uint16_t icoppositepolarity = TIM_ICPolarity_Rising;
 3431              		.loc 1 1976 1 is_stmt 0 view .LVU1125
 3432 0000 F8B5     		push	{r3, r4, r5, r6, r7, lr}
 3433              	.LCFI10:
 3434              		.cfi_def_cfa_offset 24
 3435              		.cfi_offset 3, -24
 3436              		.cfi_offset 4, -20
 3437              		.cfi_offset 5, -16
 3438              		.cfi_offset 6, -12
 3439              		.cfi_offset 7, -8
 3440              		.cfi_offset 14, -4
 3441 0002 0546     		mov	r5, r0
 3442 0004 0C46     		mov	r4, r1
1977:./Libraries/src/stm32f4xx_tim.c ****   uint16_t icoppositeselection = TIM_ICSelection_DirectTI;
 3443              		.loc 1 1977 3 is_stmt 1 view .LVU1126
 3444              	.LVL348:
1978:./Libraries/src/stm32f4xx_tim.c **** 
 3445              		.loc 1 1978 3 view .LVU1127
1981:./Libraries/src/stm32f4xx_tim.c **** 
 3446              		.loc 1 1981 3 view .LVU1128
1984:./Libraries/src/stm32f4xx_tim.c ****   {
 3447              		.loc 1 1984 3 view .LVU1129
1984:./Libraries/src/stm32f4xx_tim.c ****   {
 3448              		.loc 1 1984 23 is_stmt 0 view .LVU1130
 3449 0006 4988     		ldrh	r1, [r1, #2]
 3450              	.LVL349:
1984:./Libraries/src/stm32f4xx_tim.c ****   {
 3451              		.loc 1 1984 6 view .LVU1131
 3452 0008 C9B9     		cbnz	r1, .L140
1986:./Libraries/src/stm32f4xx_tim.c ****   }
 3453              		.loc 1 1986 24 view .LVU1132
 3454 000a 0226     		movs	r6, #2
 3455              	.L136:
 3456              	.LVL350:
1993:./Libraries/src/stm32f4xx_tim.c ****   {
 3457              		.loc 1 1993 3 is_stmt 1 view .LVU1133
1993:./Libraries/src/stm32f4xx_tim.c ****   {
 3458              		.loc 1 1993 23 is_stmt 0 view .LVU1134
ARM GAS  /tmp/cc0EAqnP.s 			page 136


 3459 000c A288     		ldrh	r2, [r4, #4]
1993:./Libraries/src/stm32f4xx_tim.c ****   {
 3460              		.loc 1 1993 6 view .LVU1135
 3461 000e 012A     		cmp	r2, #1
 3462 0010 17D0     		beq	.L143
1999:./Libraries/src/stm32f4xx_tim.c ****   }
 3463              		.loc 1 1999 25 view .LVU1136
 3464 0012 0127     		movs	r7, #1
 3465              	.L137:
 3466              	.LVL351:
2001:./Libraries/src/stm32f4xx_tim.c ****   {
 3467              		.loc 1 2001 3 is_stmt 1 view .LVU1137
2001:./Libraries/src/stm32f4xx_tim.c ****   {
 3468              		.loc 1 2001 23 is_stmt 0 view .LVU1138
 3469 0014 2388     		ldrh	r3, [r4]
2001:./Libraries/src/stm32f4xx_tim.c ****   {
 3470              		.loc 1 2001 6 view .LVU1139
 3471 0016 B3B9     		cbnz	r3, .L138
2004:./Libraries/src/stm32f4xx_tim.c ****                TIM_ICInitStruct->TIM_ICFilter);
 3472              		.loc 1 2004 5 is_stmt 1 view .LVU1140
 3473 0018 2389     		ldrh	r3, [r4, #8]
 3474 001a 2846     		mov	r0, r5
 3475              	.LVL352:
2004:./Libraries/src/stm32f4xx_tim.c ****                TIM_ICInitStruct->TIM_ICFilter);
 3476              		.loc 1 2004 5 is_stmt 0 view .LVU1141
 3477 001c FFF7FEFF 		bl	TI1_Config
 3478              	.LVL353:
2007:./Libraries/src/stm32f4xx_tim.c ****     /* TI2 Configuration */
 3479              		.loc 1 2007 5 is_stmt 1 view .LVU1142
 3480 0020 E188     		ldrh	r1, [r4, #6]
 3481 0022 2846     		mov	r0, r5
 3482 0024 FFF7FEFF 		bl	TIM_SetIC1Prescaler
 3483              	.LVL354:
2009:./Libraries/src/stm32f4xx_tim.c ****     /* Set the Input Capture Prescaler value */
 3484              		.loc 1 2009 5 view .LVU1143
 3485 0028 2389     		ldrh	r3, [r4, #8]
 3486 002a 3A46     		mov	r2, r7
 3487 002c 3146     		mov	r1, r6
 3488 002e 2846     		mov	r0, r5
 3489 0030 FFF7FEFF 		bl	TI2_Config
 3490              	.LVL355:
2011:./Libraries/src/stm32f4xx_tim.c ****   }
 3491              		.loc 1 2011 5 view .LVU1144
 3492 0034 E188     		ldrh	r1, [r4, #6]
 3493 0036 2846     		mov	r0, r5
 3494 0038 FFF7FEFF 		bl	TIM_SetIC2Prescaler
 3495              	.LVL356:
 3496              	.L135:
2025:./Libraries/src/stm32f4xx_tim.c **** 
 3497              		.loc 1 2025 1 is_stmt 0 view .LVU1145
 3498 003c F8BD     		pop	{r3, r4, r5, r6, r7, pc}
 3499              	.LVL357:
 3500              	.L140:
1990:./Libraries/src/stm32f4xx_tim.c ****   }
 3501              		.loc 1 1990 24 view .LVU1146
 3502 003e 0026     		movs	r6, #0
 3503 0040 E4E7     		b	.L136
ARM GAS  /tmp/cc0EAqnP.s 			page 137


 3504              	.LVL358:
 3505              	.L143:
1995:./Libraries/src/stm32f4xx_tim.c ****   }
 3506              		.loc 1 1995 25 view .LVU1147
 3507 0042 0227     		movs	r7, #2
 3508 0044 E6E7     		b	.L137
 3509              	.LVL359:
 3510              	.L138:
2016:./Libraries/src/stm32f4xx_tim.c ****                TIM_ICInitStruct->TIM_ICFilter);
 3511              		.loc 1 2016 5 is_stmt 1 view .LVU1148
 3512 0046 2389     		ldrh	r3, [r4, #8]
 3513 0048 2846     		mov	r0, r5
 3514              	.LVL360:
2016:./Libraries/src/stm32f4xx_tim.c ****                TIM_ICInitStruct->TIM_ICFilter);
 3515              		.loc 1 2016 5 is_stmt 0 view .LVU1149
 3516 004a FFF7FEFF 		bl	TI2_Config
 3517              	.LVL361:
2019:./Libraries/src/stm32f4xx_tim.c ****     /* TI1 Configuration */
 3518              		.loc 1 2019 5 is_stmt 1 view .LVU1150
 3519 004e E188     		ldrh	r1, [r4, #6]
 3520 0050 2846     		mov	r0, r5
 3521 0052 FFF7FEFF 		bl	TIM_SetIC2Prescaler
 3522              	.LVL362:
2021:./Libraries/src/stm32f4xx_tim.c ****     /* Set the Input Capture Prescaler value */
 3523              		.loc 1 2021 5 view .LVU1151
 3524 0056 2389     		ldrh	r3, [r4, #8]
 3525 0058 3A46     		mov	r2, r7
 3526 005a 3146     		mov	r1, r6
 3527 005c 2846     		mov	r0, r5
 3528 005e FFF7FEFF 		bl	TI1_Config
 3529              	.LVL363:
2023:./Libraries/src/stm32f4xx_tim.c ****   }
 3530              		.loc 1 2023 5 view .LVU1152
 3531 0062 E188     		ldrh	r1, [r4, #6]
 3532 0064 2846     		mov	r0, r5
 3533 0066 FFF7FEFF 		bl	TIM_SetIC1Prescaler
 3534              	.LVL364:
2025:./Libraries/src/stm32f4xx_tim.c **** 
 3535              		.loc 1 2025 1 is_stmt 0 view .LVU1153
 3536 006a E7E7     		b	.L135
 3537              		.cfi_endproc
 3538              	.LFE175:
 3540              		.section	.text.TIM_SetIC3Prescaler,"ax",%progbits
 3541              		.align	1
 3542              		.global	TIM_SetIC3Prescaler
 3543              		.syntax unified
 3544              		.thumb
 3545              		.thumb_func
 3547              	TIM_SetIC3Prescaler:
 3548              	.LVL365:
 3549              	.LFB182:
2145:./Libraries/src/stm32f4xx_tim.c ****   /* Check the parameters */
 3550              		.loc 1 2145 1 is_stmt 1 view -0
 3551              		.cfi_startproc
 3552              		@ args = 0, pretend = 0, frame = 0
 3553              		@ frame_needed = 0, uses_anonymous_args = 0
 3554              		@ link register save eliminated.
ARM GAS  /tmp/cc0EAqnP.s 			page 138


2147:./Libraries/src/stm32f4xx_tim.c ****   assert_param(IS_TIM_IC_PRESCALER(TIM_ICPSC));
 3555              		.loc 1 2147 3 view .LVU1155
2148:./Libraries/src/stm32f4xx_tim.c **** 
 3556              		.loc 1 2148 3 view .LVU1156
2151:./Libraries/src/stm32f4xx_tim.c **** 
 3557              		.loc 1 2151 3 view .LVU1157
2151:./Libraries/src/stm32f4xx_tim.c **** 
 3558              		.loc 1 2151 7 is_stmt 0 view .LVU1158
 3559 0000 838B     		ldrh	r3, [r0, #28]
 3560 0002 9BB2     		uxth	r3, r3
2151:./Libraries/src/stm32f4xx_tim.c **** 
 3561              		.loc 1 2151 15 view .LVU1159
 3562 0004 23F00C03 		bic	r3, r3, #12
 3563 0008 9BB2     		uxth	r3, r3
 3564 000a 8383     		strh	r3, [r0, #28]	@ movhi
2154:./Libraries/src/stm32f4xx_tim.c **** }
 3565              		.loc 1 2154 3 is_stmt 1 view .LVU1160
2154:./Libraries/src/stm32f4xx_tim.c **** }
 3566              		.loc 1 2154 7 is_stmt 0 view .LVU1161
 3567 000c 838B     		ldrh	r3, [r0, #28]
 3568 000e 9BB2     		uxth	r3, r3
2154:./Libraries/src/stm32f4xx_tim.c **** }
 3569              		.loc 1 2154 15 view .LVU1162
 3570 0010 0B43     		orrs	r3, r3, r1
 3571 0012 8383     		strh	r3, [r0, #28]	@ movhi
2155:./Libraries/src/stm32f4xx_tim.c **** 
 3572              		.loc 1 2155 1 view .LVU1163
 3573 0014 7047     		bx	lr
 3574              		.cfi_endproc
 3575              	.LFE182:
 3577              		.section	.text.TIM_SetIC4Prescaler,"ax",%progbits
 3578              		.align	1
 3579              		.global	TIM_SetIC4Prescaler
 3580              		.syntax unified
 3581              		.thumb
 3582              		.thumb_func
 3584              	TIM_SetIC4Prescaler:
 3585              	.LVL366:
 3586              	.LFB183:
2169:./Libraries/src/stm32f4xx_tim.c ****   /* Check the parameters */
 3587              		.loc 1 2169 1 is_stmt 1 view -0
 3588              		.cfi_startproc
 3589              		@ args = 0, pretend = 0, frame = 0
 3590              		@ frame_needed = 0, uses_anonymous_args = 0
 3591              		@ link register save eliminated.
2171:./Libraries/src/stm32f4xx_tim.c ****   assert_param(IS_TIM_IC_PRESCALER(TIM_ICPSC));
 3592              		.loc 1 2171 3 view .LVU1165
2172:./Libraries/src/stm32f4xx_tim.c **** 
 3593              		.loc 1 2172 3 view .LVU1166
2175:./Libraries/src/stm32f4xx_tim.c **** 
 3594              		.loc 1 2175 3 view .LVU1167
2175:./Libraries/src/stm32f4xx_tim.c **** 
 3595              		.loc 1 2175 7 is_stmt 0 view .LVU1168
 3596 0000 838B     		ldrh	r3, [r0, #28]
 3597 0002 9BB2     		uxth	r3, r3
2175:./Libraries/src/stm32f4xx_tim.c **** 
 3598              		.loc 1 2175 15 view .LVU1169
ARM GAS  /tmp/cc0EAqnP.s 			page 139


 3599 0004 23F44063 		bic	r3, r3, #3072
 3600 0008 9BB2     		uxth	r3, r3
 3601 000a 8383     		strh	r3, [r0, #28]	@ movhi
2178:./Libraries/src/stm32f4xx_tim.c **** }
 3602              		.loc 1 2178 3 is_stmt 1 view .LVU1170
2178:./Libraries/src/stm32f4xx_tim.c **** }
 3603              		.loc 1 2178 7 is_stmt 0 view .LVU1171
 3604 000c 838B     		ldrh	r3, [r0, #28]
 3605 000e 9BB2     		uxth	r3, r3
2178:./Libraries/src/stm32f4xx_tim.c **** }
 3606              		.loc 1 2178 18 view .LVU1172
 3607 0010 0902     		lsls	r1, r1, #8
 3608              	.LVL367:
2178:./Libraries/src/stm32f4xx_tim.c **** }
 3609              		.loc 1 2178 18 view .LVU1173
 3610 0012 89B2     		uxth	r1, r1
2178:./Libraries/src/stm32f4xx_tim.c **** }
 3611              		.loc 1 2178 15 view .LVU1174
 3612 0014 0B43     		orrs	r3, r3, r1
 3613 0016 8383     		strh	r3, [r0, #28]	@ movhi
2179:./Libraries/src/stm32f4xx_tim.c **** /**
 3614              		.loc 1 2179 1 view .LVU1175
 3615 0018 7047     		bx	lr
 3616              		.cfi_endproc
 3617              	.LFE183:
 3619              		.section	.text.TIM_ICInit,"ax",%progbits
 3620              		.align	1
 3621              		.global	TIM_ICInit
 3622              		.syntax unified
 3623              		.thumb
 3624              		.thumb_func
 3626              	TIM_ICInit:
 3627              	.LVL368:
 3628              	.LFB173:
1901:./Libraries/src/stm32f4xx_tim.c ****   /* Check the parameters */
 3629              		.loc 1 1901 1 is_stmt 1 view -0
 3630              		.cfi_startproc
 3631              		@ args = 0, pretend = 0, frame = 0
 3632              		@ frame_needed = 0, uses_anonymous_args = 0
1901:./Libraries/src/stm32f4xx_tim.c ****   /* Check the parameters */
 3633              		.loc 1 1901 1 is_stmt 0 view .LVU1177
 3634 0000 38B5     		push	{r3, r4, r5, lr}
 3635              	.LCFI11:
 3636              		.cfi_def_cfa_offset 16
 3637              		.cfi_offset 3, -16
 3638              		.cfi_offset 4, -12
 3639              		.cfi_offset 5, -8
 3640              		.cfi_offset 14, -4
 3641 0002 0546     		mov	r5, r0
 3642 0004 0C46     		mov	r4, r1
1903:./Libraries/src/stm32f4xx_tim.c ****   assert_param(IS_TIM_IC_POLARITY(TIM_ICInitStruct->TIM_ICPolarity));
 3643              		.loc 1 1903 3 is_stmt 1 view .LVU1178
1904:./Libraries/src/stm32f4xx_tim.c ****   assert_param(IS_TIM_IC_SELECTION(TIM_ICInitStruct->TIM_ICSelection));
 3644              		.loc 1 1904 3 view .LVU1179
1905:./Libraries/src/stm32f4xx_tim.c ****   assert_param(IS_TIM_IC_PRESCALER(TIM_ICInitStruct->TIM_ICPrescaler));
 3645              		.loc 1 1905 3 view .LVU1180
1906:./Libraries/src/stm32f4xx_tim.c ****   assert_param(IS_TIM_IC_FILTER(TIM_ICInitStruct->TIM_ICFilter));
ARM GAS  /tmp/cc0EAqnP.s 			page 140


 3646              		.loc 1 1906 3 view .LVU1181
1907:./Libraries/src/stm32f4xx_tim.c ****   
 3647              		.loc 1 1907 3 view .LVU1182
1909:./Libraries/src/stm32f4xx_tim.c ****   {
 3648              		.loc 1 1909 3 view .LVU1183
1909:./Libraries/src/stm32f4xx_tim.c ****   {
 3649              		.loc 1 1909 23 is_stmt 0 view .LVU1184
 3650 0006 0B88     		ldrh	r3, [r1]
1909:./Libraries/src/stm32f4xx_tim.c ****   {
 3651              		.loc 1 1909 6 view .LVU1185
 3652 0008 6BB1     		cbz	r3, .L152
1918:./Libraries/src/stm32f4xx_tim.c ****   {
 3653              		.loc 1 1918 8 is_stmt 1 view .LVU1186
1918:./Libraries/src/stm32f4xx_tim.c ****   {
 3654              		.loc 1 1918 11 is_stmt 0 view .LVU1187
 3655 000a 042B     		cmp	r3, #4
 3656 000c 15D0     		beq	.L153
1928:./Libraries/src/stm32f4xx_tim.c ****   {
 3657              		.loc 1 1928 8 is_stmt 1 view .LVU1188
1928:./Libraries/src/stm32f4xx_tim.c ****   {
 3658              		.loc 1 1928 11 is_stmt 0 view .LVU1189
 3659 000e 082B     		cmp	r3, #8
 3660 0010 1DD0     		beq	.L154
1941:./Libraries/src/stm32f4xx_tim.c ****     TI4_Config(TIMx, TIM_ICInitStruct->TIM_ICPolarity,
 3661              		.loc 1 1941 5 is_stmt 1 view .LVU1190
1942:./Libraries/src/stm32f4xx_tim.c ****                TIM_ICInitStruct->TIM_ICSelection,
 3662              		.loc 1 1942 5 view .LVU1191
 3663 0012 0B89     		ldrh	r3, [r1, #8]
 3664 0014 8A88     		ldrh	r2, [r1, #4]
 3665 0016 4988     		ldrh	r1, [r1, #2]
 3666              	.LVL369:
1942:./Libraries/src/stm32f4xx_tim.c ****                TIM_ICInitStruct->TIM_ICSelection,
 3667              		.loc 1 1942 5 is_stmt 0 view .LVU1192
 3668 0018 FFF7FEFF 		bl	TI4_Config
 3669              	.LVL370:
1946:./Libraries/src/stm32f4xx_tim.c ****   }
 3670              		.loc 1 1946 5 is_stmt 1 view .LVU1193
 3671 001c E188     		ldrh	r1, [r4, #6]
 3672 001e 2846     		mov	r0, r5
 3673 0020 FFF7FEFF 		bl	TIM_SetIC4Prescaler
 3674              	.LVL371:
 3675              	.L146:
1948:./Libraries/src/stm32f4xx_tim.c **** 
 3676              		.loc 1 1948 1 is_stmt 0 view .LVU1194
 3677 0024 38BD     		pop	{r3, r4, r5, pc}
 3678              	.LVL372:
 3679              	.L152:
1912:./Libraries/src/stm32f4xx_tim.c ****                TIM_ICInitStruct->TIM_ICSelection,
 3680              		.loc 1 1912 5 is_stmt 1 view .LVU1195
 3681 0026 0B89     		ldrh	r3, [r1, #8]
 3682 0028 8A88     		ldrh	r2, [r1, #4]
 3683 002a 4988     		ldrh	r1, [r1, #2]
 3684              	.LVL373:
1912:./Libraries/src/stm32f4xx_tim.c ****                TIM_ICInitStruct->TIM_ICSelection,
 3685              		.loc 1 1912 5 is_stmt 0 view .LVU1196
 3686 002c FFF7FEFF 		bl	TI1_Config
 3687              	.LVL374:
ARM GAS  /tmp/cc0EAqnP.s 			page 141


1916:./Libraries/src/stm32f4xx_tim.c ****   }
 3688              		.loc 1 1916 5 is_stmt 1 view .LVU1197
 3689 0030 E188     		ldrh	r1, [r4, #6]
 3690 0032 2846     		mov	r0, r5
 3691 0034 FFF7FEFF 		bl	TIM_SetIC1Prescaler
 3692              	.LVL375:
 3693 0038 F4E7     		b	.L146
 3694              	.LVL376:
 3695              	.L153:
1921:./Libraries/src/stm32f4xx_tim.c ****     TI2_Config(TIMx, TIM_ICInitStruct->TIM_ICPolarity,
 3696              		.loc 1 1921 5 view .LVU1198
1922:./Libraries/src/stm32f4xx_tim.c ****                TIM_ICInitStruct->TIM_ICSelection,
 3697              		.loc 1 1922 5 view .LVU1199
 3698 003a 0B89     		ldrh	r3, [r1, #8]
 3699 003c 8A88     		ldrh	r2, [r1, #4]
 3700 003e 4988     		ldrh	r1, [r1, #2]
 3701              	.LVL377:
1922:./Libraries/src/stm32f4xx_tim.c ****                TIM_ICInitStruct->TIM_ICSelection,
 3702              		.loc 1 1922 5 is_stmt 0 view .LVU1200
 3703 0040 FFF7FEFF 		bl	TI2_Config
 3704              	.LVL378:
1926:./Libraries/src/stm32f4xx_tim.c ****   }
 3705              		.loc 1 1926 5 is_stmt 1 view .LVU1201
 3706 0044 E188     		ldrh	r1, [r4, #6]
 3707 0046 2846     		mov	r0, r5
 3708 0048 FFF7FEFF 		bl	TIM_SetIC2Prescaler
 3709              	.LVL379:
 3710 004c EAE7     		b	.L146
 3711              	.LVL380:
 3712              	.L154:
1931:./Libraries/src/stm32f4xx_tim.c ****     TI3_Config(TIMx,  TIM_ICInitStruct->TIM_ICPolarity,
 3713              		.loc 1 1931 5 view .LVU1202
1932:./Libraries/src/stm32f4xx_tim.c ****                TIM_ICInitStruct->TIM_ICSelection,
 3714              		.loc 1 1932 5 view .LVU1203
 3715 004e 0B89     		ldrh	r3, [r1, #8]
 3716 0050 8A88     		ldrh	r2, [r1, #4]
 3717 0052 4988     		ldrh	r1, [r1, #2]
 3718              	.LVL381:
1932:./Libraries/src/stm32f4xx_tim.c ****                TIM_ICInitStruct->TIM_ICSelection,
 3719              		.loc 1 1932 5 is_stmt 0 view .LVU1204
 3720 0054 FFF7FEFF 		bl	TI3_Config
 3721              	.LVL382:
1936:./Libraries/src/stm32f4xx_tim.c ****   }
 3722              		.loc 1 1936 5 is_stmt 1 view .LVU1205
 3723 0058 E188     		ldrh	r1, [r4, #6]
 3724 005a 2846     		mov	r0, r5
 3725 005c FFF7FEFF 		bl	TIM_SetIC3Prescaler
 3726              	.LVL383:
 3727 0060 E0E7     		b	.L146
 3728              		.cfi_endproc
 3729              	.LFE173:
 3731              		.section	.text.TIM_BDTRConfig,"ax",%progbits
 3732              		.align	1
 3733              		.global	TIM_BDTRConfig
 3734              		.syntax unified
 3735              		.thumb
 3736              		.thumb_func
ARM GAS  /tmp/cc0EAqnP.s 			page 142


 3738              	TIM_BDTRConfig:
 3739              	.LVL384:
 3740              	.LFB184:
2222:./Libraries/src/stm32f4xx_tim.c ****   /* Check the parameters */
 3741              		.loc 1 2222 1 view -0
 3742              		.cfi_startproc
 3743              		@ args = 0, pretend = 0, frame = 0
 3744              		@ frame_needed = 0, uses_anonymous_args = 0
2222:./Libraries/src/stm32f4xx_tim.c ****   /* Check the parameters */
 3745              		.loc 1 2222 1 is_stmt 0 view .LVU1207
 3746 0000 70B5     		push	{r4, r5, r6, lr}
 3747              	.LCFI12:
 3748              		.cfi_def_cfa_offset 16
 3749              		.cfi_offset 4, -16
 3750              		.cfi_offset 5, -12
 3751              		.cfi_offset 6, -8
 3752              		.cfi_offset 14, -4
2224:./Libraries/src/stm32f4xx_tim.c ****   assert_param(IS_TIM_OSSR_STATE(TIM_BDTRInitStruct->TIM_OSSRState));
 3753              		.loc 1 2224 3 is_stmt 1 view .LVU1208
2225:./Libraries/src/stm32f4xx_tim.c ****   assert_param(IS_TIM_OSSI_STATE(TIM_BDTRInitStruct->TIM_OSSIState));
 3754              		.loc 1 2225 3 view .LVU1209
2226:./Libraries/src/stm32f4xx_tim.c ****   assert_param(IS_TIM_LOCK_LEVEL(TIM_BDTRInitStruct->TIM_LOCKLevel));
 3755              		.loc 1 2226 3 view .LVU1210
2227:./Libraries/src/stm32f4xx_tim.c ****   assert_param(IS_TIM_BREAK_STATE(TIM_BDTRInitStruct->TIM_Break));
 3756              		.loc 1 2227 3 view .LVU1211
2228:./Libraries/src/stm32f4xx_tim.c ****   assert_param(IS_TIM_BREAK_POLARITY(TIM_BDTRInitStruct->TIM_BreakPolarity));
 3757              		.loc 1 2228 3 view .LVU1212
2229:./Libraries/src/stm32f4xx_tim.c ****   assert_param(IS_TIM_AUTOMATIC_OUTPUT_STATE(TIM_BDTRInitStruct->TIM_AutomaticOutput));
 3758              		.loc 1 2229 3 view .LVU1213
2230:./Libraries/src/stm32f4xx_tim.c **** 
 3759              		.loc 1 2230 3 view .LVU1214
2234:./Libraries/src/stm32f4xx_tim.c ****              TIM_BDTRInitStruct->TIM_LOCKLevel | TIM_BDTRInitStruct->TIM_DeadTime |
 3760              		.loc 1 2234 3 view .LVU1215
2234:./Libraries/src/stm32f4xx_tim.c ****              TIM_BDTRInitStruct->TIM_LOCKLevel | TIM_BDTRInitStruct->TIM_DeadTime |
 3761              		.loc 1 2234 44 is_stmt 0 view .LVU1216
 3762 0002 0D88     		ldrh	r5, [r1]
2234:./Libraries/src/stm32f4xx_tim.c ****              TIM_BDTRInitStruct->TIM_LOCKLevel | TIM_BDTRInitStruct->TIM_DeadTime |
 3763              		.loc 1 2234 80 view .LVU1217
 3764 0004 4E88     		ldrh	r6, [r1, #2]
2235:./Libraries/src/stm32f4xx_tim.c ****              TIM_BDTRInitStruct->TIM_Break | TIM_BDTRInitStruct->TIM_BreakPolarity |
 3765              		.loc 1 2235 32 view .LVU1218
 3766 0006 8C88     		ldrh	r4, [r1, #4]
2235:./Libraries/src/stm32f4xx_tim.c ****              TIM_BDTRInitStruct->TIM_Break | TIM_BDTRInitStruct->TIM_BreakPolarity |
 3767              		.loc 1 2235 68 view .LVU1219
 3768 0008 B1F806E0 		ldrh	lr, [r1, #6]
2236:./Libraries/src/stm32f4xx_tim.c ****              TIM_BDTRInitStruct->TIM_AutomaticOutput;
 3769              		.loc 1 2236 32 view .LVU1220
 3770 000c B1F808C0 		ldrh	ip, [r1, #8]
2236:./Libraries/src/stm32f4xx_tim.c ****              TIM_BDTRInitStruct->TIM_AutomaticOutput;
 3771              		.loc 1 2236 64 view .LVU1221
 3772 0010 4A89     		ldrh	r2, [r1, #10]
2237:./Libraries/src/stm32f4xx_tim.c **** }
 3773              		.loc 1 2237 32 view .LVU1222
 3774 0012 8B89     		ldrh	r3, [r1, #12]
2234:./Libraries/src/stm32f4xx_tim.c ****              TIM_BDTRInitStruct->TIM_LOCKLevel | TIM_BDTRInitStruct->TIM_DeadTime |
 3775              		.loc 1 2234 14 view .LVU1223
 3776 0014 45EA0601 		orr	r1, r5, r6
ARM GAS  /tmp/cc0EAqnP.s 			page 143


 3777              	.LVL385:
2234:./Libraries/src/stm32f4xx_tim.c ****              TIM_BDTRInitStruct->TIM_LOCKLevel | TIM_BDTRInitStruct->TIM_DeadTime |
 3778              		.loc 1 2234 14 view .LVU1224
 3779 0018 2143     		orrs	r1, r1, r4
 3780 001a 4EEA0101 		orr	r1, lr, r1
 3781 001e 4CEA0101 		orr	r1, ip, r1
 3782 0022 0A43     		orrs	r2, r2, r1
 3783 0024 1343     		orrs	r3, r3, r2
 3784 0026 A0F84430 		strh	r3, [r0, #68]	@ movhi
2238:./Libraries/src/stm32f4xx_tim.c **** 
 3785              		.loc 1 2238 1 view .LVU1225
 3786 002a 70BD     		pop	{r4, r5, r6, pc}
 3787              		.cfi_endproc
 3788              	.LFE184:
 3790              		.section	.text.TIM_BDTRStructInit,"ax",%progbits
 3791              		.align	1
 3792              		.global	TIM_BDTRStructInit
 3793              		.syntax unified
 3794              		.thumb
 3795              		.thumb_func
 3797              	TIM_BDTRStructInit:
 3798              	.LVL386:
 3799              	.LFB185:
2247:./Libraries/src/stm32f4xx_tim.c ****   /* Set the default configuration */
 3800              		.loc 1 2247 1 is_stmt 1 view -0
 3801              		.cfi_startproc
 3802              		@ args = 0, pretend = 0, frame = 0
 3803              		@ frame_needed = 0, uses_anonymous_args = 0
 3804              		@ link register save eliminated.
2249:./Libraries/src/stm32f4xx_tim.c ****   TIM_BDTRInitStruct->TIM_OSSIState = TIM_OSSIState_Disable;
 3805              		.loc 1 2249 3 view .LVU1227
2249:./Libraries/src/stm32f4xx_tim.c ****   TIM_BDTRInitStruct->TIM_OSSIState = TIM_OSSIState_Disable;
 3806              		.loc 1 2249 37 is_stmt 0 view .LVU1228
 3807 0000 0023     		movs	r3, #0
 3808 0002 0380     		strh	r3, [r0]	@ movhi
2250:./Libraries/src/stm32f4xx_tim.c ****   TIM_BDTRInitStruct->TIM_LOCKLevel = TIM_LOCKLevel_OFF;
 3809              		.loc 1 2250 3 is_stmt 1 view .LVU1229
2250:./Libraries/src/stm32f4xx_tim.c ****   TIM_BDTRInitStruct->TIM_LOCKLevel = TIM_LOCKLevel_OFF;
 3810              		.loc 1 2250 37 is_stmt 0 view .LVU1230
 3811 0004 4380     		strh	r3, [r0, #2]	@ movhi
2251:./Libraries/src/stm32f4xx_tim.c ****   TIM_BDTRInitStruct->TIM_DeadTime = 0x00;
 3812              		.loc 1 2251 3 is_stmt 1 view .LVU1231
2251:./Libraries/src/stm32f4xx_tim.c ****   TIM_BDTRInitStruct->TIM_DeadTime = 0x00;
 3813              		.loc 1 2251 37 is_stmt 0 view .LVU1232
 3814 0006 8380     		strh	r3, [r0, #4]	@ movhi
2252:./Libraries/src/stm32f4xx_tim.c ****   TIM_BDTRInitStruct->TIM_Break = TIM_Break_Disable;
 3815              		.loc 1 2252 3 is_stmt 1 view .LVU1233
2252:./Libraries/src/stm32f4xx_tim.c ****   TIM_BDTRInitStruct->TIM_Break = TIM_Break_Disable;
 3816              		.loc 1 2252 36 is_stmt 0 view .LVU1234
 3817 0008 C380     		strh	r3, [r0, #6]	@ movhi
2253:./Libraries/src/stm32f4xx_tim.c ****   TIM_BDTRInitStruct->TIM_BreakPolarity = TIM_BreakPolarity_Low;
 3818              		.loc 1 2253 3 is_stmt 1 view .LVU1235
2253:./Libraries/src/stm32f4xx_tim.c ****   TIM_BDTRInitStruct->TIM_BreakPolarity = TIM_BreakPolarity_Low;
 3819              		.loc 1 2253 33 is_stmt 0 view .LVU1236
 3820 000a 0381     		strh	r3, [r0, #8]	@ movhi
2254:./Libraries/src/stm32f4xx_tim.c ****   TIM_BDTRInitStruct->TIM_AutomaticOutput = TIM_AutomaticOutput_Disable;
 3821              		.loc 1 2254 3 is_stmt 1 view .LVU1237
ARM GAS  /tmp/cc0EAqnP.s 			page 144


2254:./Libraries/src/stm32f4xx_tim.c ****   TIM_BDTRInitStruct->TIM_AutomaticOutput = TIM_AutomaticOutput_Disable;
 3822              		.loc 1 2254 41 is_stmt 0 view .LVU1238
 3823 000c 4381     		strh	r3, [r0, #10]	@ movhi
2255:./Libraries/src/stm32f4xx_tim.c **** }
 3824              		.loc 1 2255 3 is_stmt 1 view .LVU1239
2255:./Libraries/src/stm32f4xx_tim.c **** }
 3825              		.loc 1 2255 43 is_stmt 0 view .LVU1240
 3826 000e 8381     		strh	r3, [r0, #12]	@ movhi
2256:./Libraries/src/stm32f4xx_tim.c **** 
 3827              		.loc 1 2256 1 view .LVU1241
 3828 0010 7047     		bx	lr
 3829              		.cfi_endproc
 3830              	.LFE185:
 3832              		.section	.text.TIM_CtrlPWMOutputs,"ax",%progbits
 3833              		.align	1
 3834              		.global	TIM_CtrlPWMOutputs
 3835              		.syntax unified
 3836              		.thumb
 3837              		.thumb_func
 3839              	TIM_CtrlPWMOutputs:
 3840              	.LVL387:
 3841              	.LFB186:
2266:./Libraries/src/stm32f4xx_tim.c ****   /* Check the parameters */
 3842              		.loc 1 2266 1 is_stmt 1 view -0
 3843              		.cfi_startproc
 3844              		@ args = 0, pretend = 0, frame = 0
 3845              		@ frame_needed = 0, uses_anonymous_args = 0
 3846              		@ link register save eliminated.
2268:./Libraries/src/stm32f4xx_tim.c ****   assert_param(IS_FUNCTIONAL_STATE(NewState));
 3847              		.loc 1 2268 3 view .LVU1243
2269:./Libraries/src/stm32f4xx_tim.c **** 
 3848              		.loc 1 2269 3 view .LVU1244
2271:./Libraries/src/stm32f4xx_tim.c ****   {
 3849              		.loc 1 2271 3 view .LVU1245
2271:./Libraries/src/stm32f4xx_tim.c ****   {
 3850              		.loc 1 2271 6 is_stmt 0 view .LVU1246
 3851 0000 49B1     		cbz	r1, .L159
2274:./Libraries/src/stm32f4xx_tim.c ****   }
 3852              		.loc 1 2274 5 is_stmt 1 view .LVU1247
2274:./Libraries/src/stm32f4xx_tim.c ****   }
 3853              		.loc 1 2274 9 is_stmt 0 view .LVU1248
 3854 0002 B0F84430 		ldrh	r3, [r0, #68]
2274:./Libraries/src/stm32f4xx_tim.c ****   }
 3855              		.loc 1 2274 16 view .LVU1249
 3856 0006 6FEA4343 		mvn	r3, r3, lsl #17
 3857 000a 6FEA5343 		mvn	r3, r3, lsr #17
 3858 000e 9BB2     		uxth	r3, r3
 3859 0010 A0F84430 		strh	r3, [r0, #68]	@ movhi
 3860 0014 7047     		bx	lr
 3861              	.L159:
2279:./Libraries/src/stm32f4xx_tim.c ****   }  
 3862              		.loc 1 2279 5 is_stmt 1 view .LVU1250
2279:./Libraries/src/stm32f4xx_tim.c ****   }  
 3863              		.loc 1 2279 9 is_stmt 0 view .LVU1251
 3864 0016 B0F84430 		ldrh	r3, [r0, #68]
2279:./Libraries/src/stm32f4xx_tim.c ****   }  
 3865              		.loc 1 2279 16 view .LVU1252
ARM GAS  /tmp/cc0EAqnP.s 			page 145


 3866 001a C3F30E03 		ubfx	r3, r3, #0, #15
 3867 001e A0F84430 		strh	r3, [r0, #68]	@ movhi
2281:./Libraries/src/stm32f4xx_tim.c **** 
 3868              		.loc 1 2281 1 view .LVU1253
 3869 0022 7047     		bx	lr
 3870              		.cfi_endproc
 3871              	.LFE186:
 3873              		.section	.text.TIM_SelectCOM,"ax",%progbits
 3874              		.align	1
 3875              		.global	TIM_SelectCOM
 3876              		.syntax unified
 3877              		.thumb
 3878              		.thumb_func
 3880              	TIM_SelectCOM:
 3881              	.LVL388:
 3882              	.LFB187:
2291:./Libraries/src/stm32f4xx_tim.c ****   /* Check the parameters */
 3883              		.loc 1 2291 1 is_stmt 1 view -0
 3884              		.cfi_startproc
 3885              		@ args = 0, pretend = 0, frame = 0
 3886              		@ frame_needed = 0, uses_anonymous_args = 0
 3887              		@ link register save eliminated.
2293:./Libraries/src/stm32f4xx_tim.c ****   assert_param(IS_FUNCTIONAL_STATE(NewState));
 3888              		.loc 1 2293 3 view .LVU1255
2294:./Libraries/src/stm32f4xx_tim.c **** 
 3889              		.loc 1 2294 3 view .LVU1256
2296:./Libraries/src/stm32f4xx_tim.c ****   {
 3890              		.loc 1 2296 3 view .LVU1257
2296:./Libraries/src/stm32f4xx_tim.c ****   {
 3891              		.loc 1 2296 6 is_stmt 0 view .LVU1258
 3892 0000 29B1     		cbz	r1, .L162
2299:./Libraries/src/stm32f4xx_tim.c ****   }
 3893              		.loc 1 2299 5 is_stmt 1 view .LVU1259
2299:./Libraries/src/stm32f4xx_tim.c ****   }
 3894              		.loc 1 2299 9 is_stmt 0 view .LVU1260
 3895 0002 8388     		ldrh	r3, [r0, #4]
 3896 0004 9BB2     		uxth	r3, r3
2299:./Libraries/src/stm32f4xx_tim.c ****   }
 3897              		.loc 1 2299 15 view .LVU1261
 3898 0006 43F00403 		orr	r3, r3, #4
 3899 000a 8380     		strh	r3, [r0, #4]	@ movhi
 3900 000c 7047     		bx	lr
 3901              	.L162:
2304:./Libraries/src/stm32f4xx_tim.c ****   }
 3902              		.loc 1 2304 5 is_stmt 1 view .LVU1262
2304:./Libraries/src/stm32f4xx_tim.c ****   }
 3903              		.loc 1 2304 9 is_stmt 0 view .LVU1263
 3904 000e 8388     		ldrh	r3, [r0, #4]
 3905 0010 9BB2     		uxth	r3, r3
2304:./Libraries/src/stm32f4xx_tim.c ****   }
 3906              		.loc 1 2304 15 view .LVU1264
 3907 0012 23F00403 		bic	r3, r3, #4
 3908 0016 9BB2     		uxth	r3, r3
 3909 0018 8380     		strh	r3, [r0, #4]	@ movhi
2306:./Libraries/src/stm32f4xx_tim.c **** 
 3910              		.loc 1 2306 1 view .LVU1265
 3911 001a 7047     		bx	lr
ARM GAS  /tmp/cc0EAqnP.s 			page 146


 3912              		.cfi_endproc
 3913              	.LFE187:
 3915              		.section	.text.TIM_CCPreloadControl,"ax",%progbits
 3916              		.align	1
 3917              		.global	TIM_CCPreloadControl
 3918              		.syntax unified
 3919              		.thumb
 3920              		.thumb_func
 3922              	TIM_CCPreloadControl:
 3923              	.LVL389:
 3924              	.LFB188:
2316:./Libraries/src/stm32f4xx_tim.c ****   /* Check the parameters */
 3925              		.loc 1 2316 1 is_stmt 1 view -0
 3926              		.cfi_startproc
 3927              		@ args = 0, pretend = 0, frame = 0
 3928              		@ frame_needed = 0, uses_anonymous_args = 0
 3929              		@ link register save eliminated.
2318:./Libraries/src/stm32f4xx_tim.c ****   assert_param(IS_FUNCTIONAL_STATE(NewState));
 3930              		.loc 1 2318 3 view .LVU1267
2319:./Libraries/src/stm32f4xx_tim.c ****   if (NewState != DISABLE)
 3931              		.loc 1 2319 3 view .LVU1268
2320:./Libraries/src/stm32f4xx_tim.c ****   {
 3932              		.loc 1 2320 3 view .LVU1269
2320:./Libraries/src/stm32f4xx_tim.c ****   {
 3933              		.loc 1 2320 6 is_stmt 0 view .LVU1270
 3934 0000 29B1     		cbz	r1, .L165
2323:./Libraries/src/stm32f4xx_tim.c ****   }
 3935              		.loc 1 2323 5 is_stmt 1 view .LVU1271
2323:./Libraries/src/stm32f4xx_tim.c ****   }
 3936              		.loc 1 2323 9 is_stmt 0 view .LVU1272
 3937 0002 8388     		ldrh	r3, [r0, #4]
 3938 0004 9BB2     		uxth	r3, r3
2323:./Libraries/src/stm32f4xx_tim.c ****   }
 3939              		.loc 1 2323 15 view .LVU1273
 3940 0006 43F00103 		orr	r3, r3, #1
 3941 000a 8380     		strh	r3, [r0, #4]	@ movhi
 3942 000c 7047     		bx	lr
 3943              	.L165:
2328:./Libraries/src/stm32f4xx_tim.c ****   }
 3944              		.loc 1 2328 5 is_stmt 1 view .LVU1274
2328:./Libraries/src/stm32f4xx_tim.c ****   }
 3945              		.loc 1 2328 9 is_stmt 0 view .LVU1275
 3946 000e 8388     		ldrh	r3, [r0, #4]
 3947 0010 9BB2     		uxth	r3, r3
2328:./Libraries/src/stm32f4xx_tim.c ****   }
 3948              		.loc 1 2328 15 view .LVU1276
 3949 0012 23F00103 		bic	r3, r3, #1
 3950 0016 9BB2     		uxth	r3, r3
 3951 0018 8380     		strh	r3, [r0, #4]	@ movhi
2330:./Libraries/src/stm32f4xx_tim.c **** /**
 3952              		.loc 1 2330 1 view .LVU1277
 3953 001a 7047     		bx	lr
 3954              		.cfi_endproc
 3955              	.LFE188:
 3957              		.section	.text.TIM_ITConfig,"ax",%progbits
 3958              		.align	1
 3959              		.global	TIM_ITConfig
ARM GAS  /tmp/cc0EAqnP.s 			page 147


 3960              		.syntax unified
 3961              		.thumb
 3962              		.thumb_func
 3964              	TIM_ITConfig:
 3965              	.LVL390:
 3966              	.LFB189:
2373:./Libraries/src/stm32f4xx_tim.c ****   /* Check the parameters */
 3967              		.loc 1 2373 1 is_stmt 1 view -0
 3968              		.cfi_startproc
 3969              		@ args = 0, pretend = 0, frame = 0
 3970              		@ frame_needed = 0, uses_anonymous_args = 0
 3971              		@ link register save eliminated.
2375:./Libraries/src/stm32f4xx_tim.c ****   assert_param(IS_TIM_IT(TIM_IT));
 3972              		.loc 1 2375 3 view .LVU1279
2376:./Libraries/src/stm32f4xx_tim.c ****   assert_param(IS_FUNCTIONAL_STATE(NewState));
 3973              		.loc 1 2376 3 view .LVU1280
2377:./Libraries/src/stm32f4xx_tim.c ****   
 3974              		.loc 1 2377 3 view .LVU1281
2379:./Libraries/src/stm32f4xx_tim.c ****   {
 3975              		.loc 1 2379 3 view .LVU1282
2379:./Libraries/src/stm32f4xx_tim.c ****   {
 3976              		.loc 1 2379 6 is_stmt 0 view .LVU1283
 3977 0000 22B1     		cbz	r2, .L168
2382:./Libraries/src/stm32f4xx_tim.c ****   }
 3978              		.loc 1 2382 5 is_stmt 1 view .LVU1284
2382:./Libraries/src/stm32f4xx_tim.c ****   }
 3979              		.loc 1 2382 9 is_stmt 0 view .LVU1285
 3980 0002 8389     		ldrh	r3, [r0, #12]
 3981 0004 9BB2     		uxth	r3, r3
2382:./Libraries/src/stm32f4xx_tim.c ****   }
 3982              		.loc 1 2382 16 view .LVU1286
 3983 0006 0B43     		orrs	r3, r3, r1
 3984 0008 8381     		strh	r3, [r0, #12]	@ movhi
 3985 000a 7047     		bx	lr
 3986              	.L168:
2387:./Libraries/src/stm32f4xx_tim.c ****   }
 3987              		.loc 1 2387 5 is_stmt 1 view .LVU1287
2387:./Libraries/src/stm32f4xx_tim.c ****   }
 3988              		.loc 1 2387 9 is_stmt 0 view .LVU1288
 3989 000c 8389     		ldrh	r3, [r0, #12]
2387:./Libraries/src/stm32f4xx_tim.c ****   }
 3990              		.loc 1 2387 19 view .LVU1289
 3991 000e C943     		mvns	r1, r1
 3992              	.LVL391:
2387:./Libraries/src/stm32f4xx_tim.c ****   }
 3993              		.loc 1 2387 19 view .LVU1290
 3994 0010 89B2     		uxth	r1, r1
2387:./Libraries/src/stm32f4xx_tim.c ****   }
 3995              		.loc 1 2387 16 view .LVU1291
 3996 0012 1940     		ands	r1, r1, r3
 3997 0014 8181     		strh	r1, [r0, #12]	@ movhi
2389:./Libraries/src/stm32f4xx_tim.c **** 
 3998              		.loc 1 2389 1 view .LVU1292
 3999 0016 7047     		bx	lr
 4000              		.cfi_endproc
 4001              	.LFE189:
 4003              		.section	.text.TIM_GenerateEvent,"ax",%progbits
ARM GAS  /tmp/cc0EAqnP.s 			page 148


 4004              		.align	1
 4005              		.global	TIM_GenerateEvent
 4006              		.syntax unified
 4007              		.thumb
 4008              		.thumb_func
 4010              	TIM_GenerateEvent:
 4011              	.LVL392:
 4012              	.LFB190:
2411:./Libraries/src/stm32f4xx_tim.c ****   /* Check the parameters */
 4013              		.loc 1 2411 1 is_stmt 1 view -0
 4014              		.cfi_startproc
 4015              		@ args = 0, pretend = 0, frame = 0
 4016              		@ frame_needed = 0, uses_anonymous_args = 0
 4017              		@ link register save eliminated.
2413:./Libraries/src/stm32f4xx_tim.c ****   assert_param(IS_TIM_EVENT_SOURCE(TIM_EventSource));
 4018              		.loc 1 2413 3 view .LVU1294
2414:./Libraries/src/stm32f4xx_tim.c ****  
 4019              		.loc 1 2414 3 view .LVU1295
2417:./Libraries/src/stm32f4xx_tim.c **** }
 4020              		.loc 1 2417 3 view .LVU1296
2417:./Libraries/src/stm32f4xx_tim.c **** }
 4021              		.loc 1 2417 13 is_stmt 0 view .LVU1297
 4022 0000 8182     		strh	r1, [r0, #20]	@ movhi
2418:./Libraries/src/stm32f4xx_tim.c **** 
 4023              		.loc 1 2418 1 view .LVU1298
 4024 0002 7047     		bx	lr
 4025              		.cfi_endproc
 4026              	.LFE190:
 4028              		.section	.text.TIM_GetFlagStatus,"ax",%progbits
 4029              		.align	1
 4030              		.global	TIM_GetFlagStatus
 4031              		.syntax unified
 4032              		.thumb
 4033              		.thumb_func
 4035              	TIM_GetFlagStatus:
 4036              	.LVL393:
 4037              	.LFB191:
2444:./Libraries/src/stm32f4xx_tim.c ****   ITStatus bitstatus = RESET;  
 4038              		.loc 1 2444 1 is_stmt 1 view -0
 4039              		.cfi_startproc
 4040              		@ args = 0, pretend = 0, frame = 0
 4041              		@ frame_needed = 0, uses_anonymous_args = 0
 4042              		@ link register save eliminated.
2445:./Libraries/src/stm32f4xx_tim.c ****   /* Check the parameters */
 4043              		.loc 1 2445 3 view .LVU1300
2447:./Libraries/src/stm32f4xx_tim.c ****   assert_param(IS_TIM_GET_FLAG(TIM_FLAG));
 4044              		.loc 1 2447 3 view .LVU1301
2448:./Libraries/src/stm32f4xx_tim.c **** 
 4045              		.loc 1 2448 3 view .LVU1302
2451:./Libraries/src/stm32f4xx_tim.c ****   {
 4046              		.loc 1 2451 3 view .LVU1303
2451:./Libraries/src/stm32f4xx_tim.c ****   {
 4047              		.loc 1 2451 12 is_stmt 0 view .LVU1304
 4048 0000 038A     		ldrh	r3, [r0, #16]
2451:./Libraries/src/stm32f4xx_tim.c ****   {
 4049              		.loc 1 2451 6 view .LVU1305
 4050 0002 1942     		tst	r1, r3
ARM GAS  /tmp/cc0EAqnP.s 			page 149


 4051 0004 01D0     		beq	.L173
2453:./Libraries/src/stm32f4xx_tim.c ****   }
 4052              		.loc 1 2453 15 view .LVU1306
 4053 0006 0120     		movs	r0, #1
 4054              	.LVL394:
2453:./Libraries/src/stm32f4xx_tim.c ****   }
 4055              		.loc 1 2453 15 view .LVU1307
 4056 0008 7047     		bx	lr
 4057              	.LVL395:
 4058              	.L173:
2457:./Libraries/src/stm32f4xx_tim.c ****   }
 4059              		.loc 1 2457 15 view .LVU1308
 4060 000a 0020     		movs	r0, #0
 4061              	.LVL396:
2459:./Libraries/src/stm32f4xx_tim.c **** }
 4062              		.loc 1 2459 3 is_stmt 1 view .LVU1309
2460:./Libraries/src/stm32f4xx_tim.c **** 
 4063              		.loc 1 2460 1 is_stmt 0 view .LVU1310
 4064 000c 7047     		bx	lr
 4065              		.cfi_endproc
 4066              	.LFE191:
 4068              		.section	.text.TIM_ClearFlag,"ax",%progbits
 4069              		.align	1
 4070              		.global	TIM_ClearFlag
 4071              		.syntax unified
 4072              		.thumb
 4073              		.thumb_func
 4075              	TIM_ClearFlag:
 4076              	.LVL397:
 4077              	.LFB192:
2486:./Libraries/src/stm32f4xx_tim.c ****   /* Check the parameters */
 4078              		.loc 1 2486 1 is_stmt 1 view -0
 4079              		.cfi_startproc
 4080              		@ args = 0, pretend = 0, frame = 0
 4081              		@ frame_needed = 0, uses_anonymous_args = 0
 4082              		@ link register save eliminated.
2488:./Libraries/src/stm32f4xx_tim.c ****    
 4083              		.loc 1 2488 3 view .LVU1312
2491:./Libraries/src/stm32f4xx_tim.c **** }
 4084              		.loc 1 2491 3 view .LVU1313
2491:./Libraries/src/stm32f4xx_tim.c **** }
 4085              		.loc 1 2491 14 is_stmt 0 view .LVU1314
 4086 0000 C943     		mvns	r1, r1
 4087              	.LVL398:
2491:./Libraries/src/stm32f4xx_tim.c **** }
 4088              		.loc 1 2491 14 view .LVU1315
 4089 0002 89B2     		uxth	r1, r1
 4090              	.LVL399:
2491:./Libraries/src/stm32f4xx_tim.c **** }
 4091              		.loc 1 2491 12 view .LVU1316
 4092 0004 0182     		strh	r1, [r0, #16]	@ movhi
2492:./Libraries/src/stm32f4xx_tim.c **** 
 4093              		.loc 1 2492 1 view .LVU1317
 4094 0006 7047     		bx	lr
 4095              		.cfi_endproc
 4096              	.LFE192:
 4098              		.section	.text.TIM_GetITStatus,"ax",%progbits
ARM GAS  /tmp/cc0EAqnP.s 			page 150


 4099              		.align	1
 4100              		.global	TIM_GetITStatus
 4101              		.syntax unified
 4102              		.thumb
 4103              		.thumb_func
 4105              	TIM_GetITStatus:
 4106              	.LVL400:
 4107              	.LFB193:
2514:./Libraries/src/stm32f4xx_tim.c ****   ITStatus bitstatus = RESET;  
 4108              		.loc 1 2514 1 is_stmt 1 view -0
 4109              		.cfi_startproc
 4110              		@ args = 0, pretend = 0, frame = 0
 4111              		@ frame_needed = 0, uses_anonymous_args = 0
 4112              		@ link register save eliminated.
2515:./Libraries/src/stm32f4xx_tim.c ****   uint16_t itstatus = 0x0, itenable = 0x0;
 4113              		.loc 1 2515 3 view .LVU1319
2516:./Libraries/src/stm32f4xx_tim.c ****   /* Check the parameters */
 4114              		.loc 1 2516 3 view .LVU1320
2518:./Libraries/src/stm32f4xx_tim.c ****   assert_param(IS_TIM_GET_IT(TIM_IT));
 4115              		.loc 1 2518 3 view .LVU1321
2519:./Libraries/src/stm32f4xx_tim.c ****    
 4116              		.loc 1 2519 3 view .LVU1322
2521:./Libraries/src/stm32f4xx_tim.c ****   
 4117              		.loc 1 2521 3 view .LVU1323
2521:./Libraries/src/stm32f4xx_tim.c ****   
 4118              		.loc 1 2521 18 is_stmt 0 view .LVU1324
 4119 0000 028A     		ldrh	r2, [r0, #16]
 4120              	.LVL401:
2523:./Libraries/src/stm32f4xx_tim.c ****   if ((itstatus != (uint16_t)RESET) && (itenable != (uint16_t)RESET))
 4121              		.loc 1 2523 3 is_stmt 1 view .LVU1325
2523:./Libraries/src/stm32f4xx_tim.c ****   if ((itstatus != (uint16_t)RESET) && (itenable != (uint16_t)RESET))
 4122              		.loc 1 2523 18 is_stmt 0 view .LVU1326
 4123 0002 8389     		ldrh	r3, [r0, #12]
2523:./Libraries/src/stm32f4xx_tim.c ****   if ((itstatus != (uint16_t)RESET) && (itenable != (uint16_t)RESET))
 4124              		.loc 1 2523 12 view .LVU1327
 4125 0004 0B40     		ands	r3, r3, r1
 4126              	.LVL402:
2524:./Libraries/src/stm32f4xx_tim.c ****   {
 4127              		.loc 1 2524 3 is_stmt 1 view .LVU1328
2524:./Libraries/src/stm32f4xx_tim.c ****   {
 4128              		.loc 1 2524 6 is_stmt 0 view .LVU1329
 4129 0006 1142     		tst	r1, r2
 4130 0008 02D0     		beq	.L177
2524:./Libraries/src/stm32f4xx_tim.c ****   {
 4131              		.loc 1 2524 37 discriminator 1 view .LVU1330
 4132 000a 1BB9     		cbnz	r3, .L178
2530:./Libraries/src/stm32f4xx_tim.c ****   }
 4133              		.loc 1 2530 15 view .LVU1331
 4134 000c 0020     		movs	r0, #0
 4135              	.LVL403:
2530:./Libraries/src/stm32f4xx_tim.c ****   }
 4136              		.loc 1 2530 15 view .LVU1332
 4137 000e 7047     		bx	lr
 4138              	.LVL404:
 4139              	.L177:
2530:./Libraries/src/stm32f4xx_tim.c ****   }
 4140              		.loc 1 2530 15 view .LVU1333
ARM GAS  /tmp/cc0EAqnP.s 			page 151


 4141 0010 0020     		movs	r0, #0
 4142              	.LVL405:
2530:./Libraries/src/stm32f4xx_tim.c ****   }
 4143              		.loc 1 2530 15 view .LVU1334
 4144 0012 7047     		bx	lr
 4145              	.LVL406:
 4146              	.L178:
2526:./Libraries/src/stm32f4xx_tim.c ****   }
 4147              		.loc 1 2526 15 view .LVU1335
 4148 0014 0120     		movs	r0, #1
 4149              	.LVL407:
2532:./Libraries/src/stm32f4xx_tim.c **** }
 4150              		.loc 1 2532 3 is_stmt 1 view .LVU1336
2533:./Libraries/src/stm32f4xx_tim.c **** 
 4151              		.loc 1 2533 1 is_stmt 0 view .LVU1337
 4152 0016 7047     		bx	lr
 4153              		.cfi_endproc
 4154              	.LFE193:
 4156              		.section	.text.TIM_ClearITPendingBit,"ax",%progbits
 4157              		.align	1
 4158              		.global	TIM_ClearITPendingBit
 4159              		.syntax unified
 4160              		.thumb
 4161              		.thumb_func
 4163              	TIM_ClearITPendingBit:
 4164              	.LVL408:
 4165              	.LFB194:
2555:./Libraries/src/stm32f4xx_tim.c ****   /* Check the parameters */
 4166              		.loc 1 2555 1 is_stmt 1 view -0
 4167              		.cfi_startproc
 4168              		@ args = 0, pretend = 0, frame = 0
 4169              		@ frame_needed = 0, uses_anonymous_args = 0
 4170              		@ link register save eliminated.
2557:./Libraries/src/stm32f4xx_tim.c **** 
 4171              		.loc 1 2557 3 view .LVU1339
2560:./Libraries/src/stm32f4xx_tim.c **** }
 4172              		.loc 1 2560 3 view .LVU1340
2560:./Libraries/src/stm32f4xx_tim.c **** }
 4173              		.loc 1 2560 14 is_stmt 0 view .LVU1341
 4174 0000 C943     		mvns	r1, r1
 4175              	.LVL409:
2560:./Libraries/src/stm32f4xx_tim.c **** }
 4176              		.loc 1 2560 14 view .LVU1342
 4177 0002 89B2     		uxth	r1, r1
 4178              	.LVL410:
2560:./Libraries/src/stm32f4xx_tim.c **** }
 4179              		.loc 1 2560 12 view .LVU1343
 4180 0004 0182     		strh	r1, [r0, #16]	@ movhi
2561:./Libraries/src/stm32f4xx_tim.c **** 
 4181              		.loc 1 2561 1 view .LVU1344
 4182 0006 7047     		bx	lr
 4183              		.cfi_endproc
 4184              	.LFE194:
 4186              		.section	.text.TIM_DMAConfig,"ax",%progbits
 4187              		.align	1
 4188              		.global	TIM_DMAConfig
 4189              		.syntax unified
ARM GAS  /tmp/cc0EAqnP.s 			page 152


 4190              		.thumb
 4191              		.thumb_func
 4193              	TIM_DMAConfig:
 4194              	.LVL411:
 4195              	.LFB195:
2592:./Libraries/src/stm32f4xx_tim.c ****   /* Check the parameters */
 4196              		.loc 1 2592 1 is_stmt 1 view -0
 4197              		.cfi_startproc
 4198              		@ args = 0, pretend = 0, frame = 0
 4199              		@ frame_needed = 0, uses_anonymous_args = 0
 4200              		@ link register save eliminated.
2594:./Libraries/src/stm32f4xx_tim.c ****   assert_param(IS_TIM_DMA_BASE(TIM_DMABase)); 
 4201              		.loc 1 2594 3 view .LVU1346
2595:./Libraries/src/stm32f4xx_tim.c ****   assert_param(IS_TIM_DMA_LENGTH(TIM_DMABurstLength));
 4202              		.loc 1 2595 3 view .LVU1347
2596:./Libraries/src/stm32f4xx_tim.c **** 
 4203              		.loc 1 2596 3 view .LVU1348
2599:./Libraries/src/stm32f4xx_tim.c **** }
 4204              		.loc 1 2599 3 view .LVU1349
2599:./Libraries/src/stm32f4xx_tim.c **** }
 4205              		.loc 1 2599 13 is_stmt 0 view .LVU1350
 4206 0000 1143     		orrs	r1, r1, r2
 4207              	.LVL412:
2599:./Libraries/src/stm32f4xx_tim.c **** }
 4208              		.loc 1 2599 13 view .LVU1351
 4209 0002 A0F84810 		strh	r1, [r0, #72]	@ movhi
2600:./Libraries/src/stm32f4xx_tim.c **** 
 4210              		.loc 1 2600 1 view .LVU1352
 4211 0006 7047     		bx	lr
 4212              		.cfi_endproc
 4213              	.LFE195:
 4215              		.section	.text.TIM_DMACmd,"ax",%progbits
 4216              		.align	1
 4217              		.global	TIM_DMACmd
 4218              		.syntax unified
 4219              		.thumb
 4220              		.thumb_func
 4222              	TIM_DMACmd:
 4223              	.LVL413:
 4224              	.LFB196:
2619:./Libraries/src/stm32f4xx_tim.c ****   /* Check the parameters */
 4225              		.loc 1 2619 1 is_stmt 1 view -0
 4226              		.cfi_startproc
 4227              		@ args = 0, pretend = 0, frame = 0
 4228              		@ frame_needed = 0, uses_anonymous_args = 0
 4229              		@ link register save eliminated.
2621:./Libraries/src/stm32f4xx_tim.c ****   assert_param(IS_TIM_DMA_SOURCE(TIM_DMASource));
 4230              		.loc 1 2621 3 view .LVU1354
2622:./Libraries/src/stm32f4xx_tim.c ****   assert_param(IS_FUNCTIONAL_STATE(NewState));
 4231              		.loc 1 2622 3 view .LVU1355
2623:./Libraries/src/stm32f4xx_tim.c ****   
 4232              		.loc 1 2623 3 view .LVU1356
2625:./Libraries/src/stm32f4xx_tim.c ****   {
 4233              		.loc 1 2625 3 view .LVU1357
2625:./Libraries/src/stm32f4xx_tim.c ****   {
 4234              		.loc 1 2625 6 is_stmt 0 view .LVU1358
 4235 0000 22B1     		cbz	r2, .L182
ARM GAS  /tmp/cc0EAqnP.s 			page 153


2628:./Libraries/src/stm32f4xx_tim.c ****   }
 4236              		.loc 1 2628 5 is_stmt 1 view .LVU1359
2628:./Libraries/src/stm32f4xx_tim.c ****   }
 4237              		.loc 1 2628 9 is_stmt 0 view .LVU1360
 4238 0002 8389     		ldrh	r3, [r0, #12]
 4239 0004 9BB2     		uxth	r3, r3
2628:./Libraries/src/stm32f4xx_tim.c ****   }
 4240              		.loc 1 2628 16 view .LVU1361
 4241 0006 0B43     		orrs	r3, r3, r1
 4242 0008 8381     		strh	r3, [r0, #12]	@ movhi
 4243 000a 7047     		bx	lr
 4244              	.L182:
2633:./Libraries/src/stm32f4xx_tim.c ****   }
 4245              		.loc 1 2633 5 is_stmt 1 view .LVU1362
2633:./Libraries/src/stm32f4xx_tim.c ****   }
 4246              		.loc 1 2633 9 is_stmt 0 view .LVU1363
 4247 000c 8389     		ldrh	r3, [r0, #12]
2633:./Libraries/src/stm32f4xx_tim.c ****   }
 4248              		.loc 1 2633 19 view .LVU1364
 4249 000e C943     		mvns	r1, r1
 4250              	.LVL414:
2633:./Libraries/src/stm32f4xx_tim.c ****   }
 4251              		.loc 1 2633 19 view .LVU1365
 4252 0010 89B2     		uxth	r1, r1
2633:./Libraries/src/stm32f4xx_tim.c ****   }
 4253              		.loc 1 2633 16 view .LVU1366
 4254 0012 1940     		ands	r1, r1, r3
 4255 0014 8181     		strh	r1, [r0, #12]	@ movhi
2635:./Libraries/src/stm32f4xx_tim.c **** 
 4256              		.loc 1 2635 1 view .LVU1367
 4257 0016 7047     		bx	lr
 4258              		.cfi_endproc
 4259              	.LFE196:
 4261              		.section	.text.TIM_SelectCCDMA,"ax",%progbits
 4262              		.align	1
 4263              		.global	TIM_SelectCCDMA
 4264              		.syntax unified
 4265              		.thumb
 4266              		.thumb_func
 4268              	TIM_SelectCCDMA:
 4269              	.LVL415:
 4270              	.LFB197:
2645:./Libraries/src/stm32f4xx_tim.c ****   /* Check the parameters */
 4271              		.loc 1 2645 1 is_stmt 1 view -0
 4272              		.cfi_startproc
 4273              		@ args = 0, pretend = 0, frame = 0
 4274              		@ frame_needed = 0, uses_anonymous_args = 0
 4275              		@ link register save eliminated.
2647:./Libraries/src/stm32f4xx_tim.c ****   assert_param(IS_FUNCTIONAL_STATE(NewState));
 4276              		.loc 1 2647 3 view .LVU1369
2648:./Libraries/src/stm32f4xx_tim.c **** 
 4277              		.loc 1 2648 3 view .LVU1370
2650:./Libraries/src/stm32f4xx_tim.c ****   {
 4278              		.loc 1 2650 3 view .LVU1371
2650:./Libraries/src/stm32f4xx_tim.c ****   {
 4279              		.loc 1 2650 6 is_stmt 0 view .LVU1372
 4280 0000 29B1     		cbz	r1, .L185
ARM GAS  /tmp/cc0EAqnP.s 			page 154


2653:./Libraries/src/stm32f4xx_tim.c ****   }
 4281              		.loc 1 2653 5 is_stmt 1 view .LVU1373
2653:./Libraries/src/stm32f4xx_tim.c ****   }
 4282              		.loc 1 2653 9 is_stmt 0 view .LVU1374
 4283 0002 8388     		ldrh	r3, [r0, #4]
 4284 0004 9BB2     		uxth	r3, r3
2653:./Libraries/src/stm32f4xx_tim.c ****   }
 4285              		.loc 1 2653 15 view .LVU1375
 4286 0006 43F00803 		orr	r3, r3, #8
 4287 000a 8380     		strh	r3, [r0, #4]	@ movhi
 4288 000c 7047     		bx	lr
 4289              	.L185:
2658:./Libraries/src/stm32f4xx_tim.c ****   }
 4290              		.loc 1 2658 5 is_stmt 1 view .LVU1376
2658:./Libraries/src/stm32f4xx_tim.c ****   }
 4291              		.loc 1 2658 9 is_stmt 0 view .LVU1377
 4292 000e 8388     		ldrh	r3, [r0, #4]
 4293 0010 9BB2     		uxth	r3, r3
2658:./Libraries/src/stm32f4xx_tim.c ****   }
 4294              		.loc 1 2658 15 view .LVU1378
 4295 0012 23F00803 		bic	r3, r3, #8
 4296 0016 9BB2     		uxth	r3, r3
 4297 0018 8380     		strh	r3, [r0, #4]	@ movhi
2660:./Libraries/src/stm32f4xx_tim.c **** /**
 4298              		.loc 1 2660 1 view .LVU1379
 4299 001a 7047     		bx	lr
 4300              		.cfi_endproc
 4301              	.LFE197:
 4303              		.section	.text.TIM_InternalClockConfig,"ax",%progbits
 4304              		.align	1
 4305              		.global	TIM_InternalClockConfig
 4306              		.syntax unified
 4307              		.thumb
 4308              		.thumb_func
 4310              	TIM_InternalClockConfig:
 4311              	.LVL416:
 4312              	.LFB198:
2684:./Libraries/src/stm32f4xx_tim.c ****   /* Check the parameters */
 4313              		.loc 1 2684 1 is_stmt 1 view -0
 4314              		.cfi_startproc
 4315              		@ args = 0, pretend = 0, frame = 0
 4316              		@ frame_needed = 0, uses_anonymous_args = 0
 4317              		@ link register save eliminated.
2686:./Libraries/src/stm32f4xx_tim.c **** 
 4318              		.loc 1 2686 3 view .LVU1381
2689:./Libraries/src/stm32f4xx_tim.c **** }
 4319              		.loc 1 2689 3 view .LVU1382
2689:./Libraries/src/stm32f4xx_tim.c **** }
 4320              		.loc 1 2689 7 is_stmt 0 view .LVU1383
 4321 0000 0389     		ldrh	r3, [r0, #8]
 4322 0002 9BB2     		uxth	r3, r3
2689:./Libraries/src/stm32f4xx_tim.c **** }
 4323              		.loc 1 2689 14 view .LVU1384
 4324 0004 23F00703 		bic	r3, r3, #7
 4325 0008 9BB2     		uxth	r3, r3
 4326 000a 0381     		strh	r3, [r0, #8]	@ movhi
2690:./Libraries/src/stm32f4xx_tim.c **** 
ARM GAS  /tmp/cc0EAqnP.s 			page 155


 4327              		.loc 1 2690 1 view .LVU1385
 4328 000c 7047     		bx	lr
 4329              		.cfi_endproc
 4330              	.LFE198:
 4332              		.section	.text.TIM_SelectInputTrigger,"ax",%progbits
 4333              		.align	1
 4334              		.global	TIM_SelectInputTrigger
 4335              		.syntax unified
 4336              		.thumb
 4337              		.thumb_func
 4339              	TIM_SelectInputTrigger:
 4340              	.LVL417:
 4341              	.LFB203:
2893:./Libraries/src/stm32f4xx_tim.c ****   uint16_t tmpsmcr = 0;
 4342              		.loc 1 2893 1 is_stmt 1 view -0
 4343              		.cfi_startproc
 4344              		@ args = 0, pretend = 0, frame = 0
 4345              		@ frame_needed = 0, uses_anonymous_args = 0
 4346              		@ link register save eliminated.
2894:./Libraries/src/stm32f4xx_tim.c **** 
 4347              		.loc 1 2894 3 view .LVU1387
2897:./Libraries/src/stm32f4xx_tim.c ****   assert_param(IS_TIM_TRIGGER_SELECTION(TIM_InputTriggerSource));
 4348              		.loc 1 2897 3 view .LVU1388
2898:./Libraries/src/stm32f4xx_tim.c **** 
 4349              		.loc 1 2898 3 view .LVU1389
2901:./Libraries/src/stm32f4xx_tim.c **** 
 4350              		.loc 1 2901 3 view .LVU1390
2901:./Libraries/src/stm32f4xx_tim.c **** 
 4351              		.loc 1 2901 11 is_stmt 0 view .LVU1391
 4352 0000 0389     		ldrh	r3, [r0, #8]
 4353 0002 9BB2     		uxth	r3, r3
 4354              	.LVL418:
2904:./Libraries/src/stm32f4xx_tim.c **** 
 4355              		.loc 1 2904 3 is_stmt 1 view .LVU1392
2904:./Libraries/src/stm32f4xx_tim.c **** 
 4356              		.loc 1 2904 11 is_stmt 0 view .LVU1393
 4357 0004 23F07003 		bic	r3, r3, #112
 4358              	.LVL419:
2907:./Libraries/src/stm32f4xx_tim.c **** 
 4359              		.loc 1 2907 3 is_stmt 1 view .LVU1394
2907:./Libraries/src/stm32f4xx_tim.c **** 
 4360              		.loc 1 2907 11 is_stmt 0 view .LVU1395
 4361 0008 0B43     		orrs	r3, r3, r1
 4362              	.LVL420:
2910:./Libraries/src/stm32f4xx_tim.c **** }
 4363              		.loc 1 2910 3 is_stmt 1 view .LVU1396
2910:./Libraries/src/stm32f4xx_tim.c **** }
 4364              		.loc 1 2910 14 is_stmt 0 view .LVU1397
 4365 000a 0381     		strh	r3, [r0, #8]	@ movhi
2911:./Libraries/src/stm32f4xx_tim.c **** 
 4366              		.loc 1 2911 1 view .LVU1398
 4367 000c 7047     		bx	lr
 4368              		.cfi_endproc
 4369              	.LFE203:
 4371              		.section	.text.TIM_ITRxExternalClockConfig,"ax",%progbits
 4372              		.align	1
 4373              		.global	TIM_ITRxExternalClockConfig
ARM GAS  /tmp/cc0EAqnP.s 			page 156


 4374              		.syntax unified
 4375              		.thumb
 4376              		.thumb_func
 4378              	TIM_ITRxExternalClockConfig:
 4379              	.LVL421:
 4380              	.LFB199:
2705:./Libraries/src/stm32f4xx_tim.c ****   /* Check the parameters */
 4381              		.loc 1 2705 1 is_stmt 1 view -0
 4382              		.cfi_startproc
 4383              		@ args = 0, pretend = 0, frame = 0
 4384              		@ frame_needed = 0, uses_anonymous_args = 0
2705:./Libraries/src/stm32f4xx_tim.c ****   /* Check the parameters */
 4385              		.loc 1 2705 1 is_stmt 0 view .LVU1400
 4386 0000 10B5     		push	{r4, lr}
 4387              	.LCFI13:
 4388              		.cfi_def_cfa_offset 8
 4389              		.cfi_offset 4, -8
 4390              		.cfi_offset 14, -4
 4391 0002 0446     		mov	r4, r0
2707:./Libraries/src/stm32f4xx_tim.c ****   assert_param(IS_TIM_INTERNAL_TRIGGER_SELECTION(TIM_InputTriggerSource));
 4392              		.loc 1 2707 3 is_stmt 1 view .LVU1401
2708:./Libraries/src/stm32f4xx_tim.c **** 
 4393              		.loc 1 2708 3 view .LVU1402
2711:./Libraries/src/stm32f4xx_tim.c **** 
 4394              		.loc 1 2711 3 view .LVU1403
 4395 0004 FFF7FEFF 		bl	TIM_SelectInputTrigger
 4396              	.LVL422:
2714:./Libraries/src/stm32f4xx_tim.c **** }
 4397              		.loc 1 2714 3 view .LVU1404
2714:./Libraries/src/stm32f4xx_tim.c **** }
 4398              		.loc 1 2714 7 is_stmt 0 view .LVU1405
 4399 0008 2389     		ldrh	r3, [r4, #8]
 4400 000a 9BB2     		uxth	r3, r3
2714:./Libraries/src/stm32f4xx_tim.c **** }
 4401              		.loc 1 2714 14 view .LVU1406
 4402 000c 43F00703 		orr	r3, r3, #7
 4403 0010 2381     		strh	r3, [r4, #8]	@ movhi
2715:./Libraries/src/stm32f4xx_tim.c **** 
 4404              		.loc 1 2715 1 view .LVU1407
 4405 0012 10BD     		pop	{r4, pc}
2715:./Libraries/src/stm32f4xx_tim.c **** 
 4406              		.loc 1 2715 1 view .LVU1408
 4407              		.cfi_endproc
 4408              	.LFE199:
 4410              		.section	.text.TIM_TIxExternalClockConfig,"ax",%progbits
 4411              		.align	1
 4412              		.global	TIM_TIxExternalClockConfig
 4413              		.syntax unified
 4414              		.thumb
 4415              		.thumb_func
 4417              	TIM_TIxExternalClockConfig:
 4418              	.LVL423:
 4419              	.LFB200:
2736:./Libraries/src/stm32f4xx_tim.c ****   /* Check the parameters */
 4420              		.loc 1 2736 1 is_stmt 1 view -0
 4421              		.cfi_startproc
 4422              		@ args = 0, pretend = 0, frame = 0
ARM GAS  /tmp/cc0EAqnP.s 			page 157


 4423              		@ frame_needed = 0, uses_anonymous_args = 0
2736:./Libraries/src/stm32f4xx_tim.c ****   /* Check the parameters */
 4424              		.loc 1 2736 1 is_stmt 0 view .LVU1410
 4425 0000 38B5     		push	{r3, r4, r5, lr}
 4426              	.LCFI14:
 4427              		.cfi_def_cfa_offset 16
 4428              		.cfi_offset 3, -16
 4429              		.cfi_offset 4, -12
 4430              		.cfi_offset 5, -8
 4431              		.cfi_offset 14, -4
 4432 0002 0446     		mov	r4, r0
 4433 0004 0D46     		mov	r5, r1
 4434 0006 1146     		mov	r1, r2
 4435              	.LVL424:
2738:./Libraries/src/stm32f4xx_tim.c ****   assert_param(IS_TIM_IC_POLARITY(TIM_ICPolarity));
 4436              		.loc 1 2738 3 is_stmt 1 view .LVU1411
2739:./Libraries/src/stm32f4xx_tim.c ****   assert_param(IS_TIM_IC_FILTER(ICFilter));
 4437              		.loc 1 2739 3 view .LVU1412
2740:./Libraries/src/stm32f4xx_tim.c **** 
 4438              		.loc 1 2740 3 view .LVU1413
2743:./Libraries/src/stm32f4xx_tim.c ****   {
 4439              		.loc 1 2743 3 view .LVU1414
2743:./Libraries/src/stm32f4xx_tim.c ****   {
 4440              		.loc 1 2743 6 is_stmt 0 view .LVU1415
 4441 0008 602D     		cmp	r5, #96
 4442 000a 0CD0     		beq	.L195
2749:./Libraries/src/stm32f4xx_tim.c ****   }
 4443              		.loc 1 2749 5 is_stmt 1 view .LVU1416
 4444 000c 0122     		movs	r2, #1
 4445              	.LVL425:
2749:./Libraries/src/stm32f4xx_tim.c ****   }
 4446              		.loc 1 2749 5 is_stmt 0 view .LVU1417
 4447 000e FFF7FEFF 		bl	TI1_Config
 4448              	.LVL426:
 4449              	.L193:
2752:./Libraries/src/stm32f4xx_tim.c ****   /* Select the External clock mode1 */
 4450              		.loc 1 2752 3 is_stmt 1 view .LVU1418
 4451 0012 2946     		mov	r1, r5
 4452 0014 2046     		mov	r0, r4
 4453 0016 FFF7FEFF 		bl	TIM_SelectInputTrigger
 4454              	.LVL427:
2754:./Libraries/src/stm32f4xx_tim.c **** }
 4455              		.loc 1 2754 3 view .LVU1419
2754:./Libraries/src/stm32f4xx_tim.c **** }
 4456              		.loc 1 2754 7 is_stmt 0 view .LVU1420
 4457 001a 2389     		ldrh	r3, [r4, #8]
 4458 001c 9BB2     		uxth	r3, r3
2754:./Libraries/src/stm32f4xx_tim.c **** }
 4459              		.loc 1 2754 14 view .LVU1421
 4460 001e 43F00703 		orr	r3, r3, #7
 4461 0022 2381     		strh	r3, [r4, #8]	@ movhi
2755:./Libraries/src/stm32f4xx_tim.c **** 
 4462              		.loc 1 2755 1 view .LVU1422
 4463 0024 38BD     		pop	{r3, r4, r5, pc}
 4464              	.LVL428:
 4465              	.L195:
2745:./Libraries/src/stm32f4xx_tim.c ****   }
ARM GAS  /tmp/cc0EAqnP.s 			page 158


 4466              		.loc 1 2745 5 is_stmt 1 view .LVU1423
 4467 0026 0122     		movs	r2, #1
 4468              	.LVL429:
2745:./Libraries/src/stm32f4xx_tim.c ****   }
 4469              		.loc 1 2745 5 is_stmt 0 view .LVU1424
 4470 0028 FFF7FEFF 		bl	TI2_Config
 4471              	.LVL430:
2745:./Libraries/src/stm32f4xx_tim.c ****   }
 4472              		.loc 1 2745 5 view .LVU1425
 4473 002c F1E7     		b	.L193
 4474              		.cfi_endproc
 4475              	.LFE200:
 4477              		.section	.text.TIM_SelectOutputTrigger,"ax",%progbits
 4478              		.align	1
 4479              		.global	TIM_SelectOutputTrigger
 4480              		.syntax unified
 4481              		.thumb
 4482              		.thumb_func
 4484              	TIM_SelectOutputTrigger:
 4485              	.LVL431:
 4486              	.LFB204:
2936:./Libraries/src/stm32f4xx_tim.c ****   /* Check the parameters */
 4487              		.loc 1 2936 1 is_stmt 1 view -0
 4488              		.cfi_startproc
 4489              		@ args = 0, pretend = 0, frame = 0
 4490              		@ frame_needed = 0, uses_anonymous_args = 0
 4491              		@ link register save eliminated.
2938:./Libraries/src/stm32f4xx_tim.c ****   assert_param(IS_TIM_TRGO_SOURCE(TIM_TRGOSource));
 4492              		.loc 1 2938 3 view .LVU1427
2939:./Libraries/src/stm32f4xx_tim.c **** 
 4493              		.loc 1 2939 3 view .LVU1428
2942:./Libraries/src/stm32f4xx_tim.c ****   /* Select the TRGO source */
 4494              		.loc 1 2942 3 view .LVU1429
2942:./Libraries/src/stm32f4xx_tim.c ****   /* Select the TRGO source */
 4495              		.loc 1 2942 7 is_stmt 0 view .LVU1430
 4496 0000 8388     		ldrh	r3, [r0, #4]
 4497 0002 9BB2     		uxth	r3, r3
2942:./Libraries/src/stm32f4xx_tim.c ****   /* Select the TRGO source */
 4498              		.loc 1 2942 13 view .LVU1431
 4499 0004 23F07003 		bic	r3, r3, #112
 4500 0008 9BB2     		uxth	r3, r3
 4501 000a 8380     		strh	r3, [r0, #4]	@ movhi
2944:./Libraries/src/stm32f4xx_tim.c **** }
 4502              		.loc 1 2944 3 is_stmt 1 view .LVU1432
2944:./Libraries/src/stm32f4xx_tim.c **** }
 4503              		.loc 1 2944 7 is_stmt 0 view .LVU1433
 4504 000c 8388     		ldrh	r3, [r0, #4]
 4505 000e 9BB2     		uxth	r3, r3
2944:./Libraries/src/stm32f4xx_tim.c **** }
 4506              		.loc 1 2944 13 view .LVU1434
 4507 0010 0B43     		orrs	r3, r3, r1
 4508 0012 8380     		strh	r3, [r0, #4]	@ movhi
2945:./Libraries/src/stm32f4xx_tim.c **** 
 4509              		.loc 1 2945 1 view .LVU1435
 4510 0014 7047     		bx	lr
 4511              		.cfi_endproc
 4512              	.LFE204:
ARM GAS  /tmp/cc0EAqnP.s 			page 159


 4514              		.section	.text.TIM_SelectSlaveMode,"ax",%progbits
 4515              		.align	1
 4516              		.global	TIM_SelectSlaveMode
 4517              		.syntax unified
 4518              		.thumb
 4519              		.thumb_func
 4521              	TIM_SelectSlaveMode:
 4522              	.LVL432:
 4523              	.LFB205:
2960:./Libraries/src/stm32f4xx_tim.c ****   /* Check the parameters */
 4524              		.loc 1 2960 1 is_stmt 1 view -0
 4525              		.cfi_startproc
 4526              		@ args = 0, pretend = 0, frame = 0
 4527              		@ frame_needed = 0, uses_anonymous_args = 0
 4528              		@ link register save eliminated.
2962:./Libraries/src/stm32f4xx_tim.c ****   assert_param(IS_TIM_SLAVE_MODE(TIM_SlaveMode));
 4529              		.loc 1 2962 3 view .LVU1437
2963:./Libraries/src/stm32f4xx_tim.c **** 
 4530              		.loc 1 2963 3 view .LVU1438
2966:./Libraries/src/stm32f4xx_tim.c **** 
 4531              		.loc 1 2966 3 view .LVU1439
2966:./Libraries/src/stm32f4xx_tim.c **** 
 4532              		.loc 1 2966 7 is_stmt 0 view .LVU1440
 4533 0000 0389     		ldrh	r3, [r0, #8]
 4534 0002 9BB2     		uxth	r3, r3
2966:./Libraries/src/stm32f4xx_tim.c **** 
 4535              		.loc 1 2966 14 view .LVU1441
 4536 0004 23F00703 		bic	r3, r3, #7
 4537 0008 9BB2     		uxth	r3, r3
 4538 000a 0381     		strh	r3, [r0, #8]	@ movhi
2969:./Libraries/src/stm32f4xx_tim.c **** }
 4539              		.loc 1 2969 3 is_stmt 1 view .LVU1442
2969:./Libraries/src/stm32f4xx_tim.c **** }
 4540              		.loc 1 2969 7 is_stmt 0 view .LVU1443
 4541 000c 0389     		ldrh	r3, [r0, #8]
 4542 000e 9BB2     		uxth	r3, r3
2969:./Libraries/src/stm32f4xx_tim.c **** }
 4543              		.loc 1 2969 14 view .LVU1444
 4544 0010 0B43     		orrs	r3, r3, r1
 4545 0012 0381     		strh	r3, [r0, #8]	@ movhi
2970:./Libraries/src/stm32f4xx_tim.c **** 
 4546              		.loc 1 2970 1 view .LVU1445
 4547 0014 7047     		bx	lr
 4548              		.cfi_endproc
 4549              	.LFE205:
 4551              		.section	.text.TIM_SelectMasterSlaveMode,"ax",%progbits
 4552              		.align	1
 4553              		.global	TIM_SelectMasterSlaveMode
 4554              		.syntax unified
 4555              		.thumb
 4556              		.thumb_func
 4558              	TIM_SelectMasterSlaveMode:
 4559              	.LVL433:
 4560              	.LFB206:
2983:./Libraries/src/stm32f4xx_tim.c ****   /* Check the parameters */
 4561              		.loc 1 2983 1 is_stmt 1 view -0
 4562              		.cfi_startproc
ARM GAS  /tmp/cc0EAqnP.s 			page 160


 4563              		@ args = 0, pretend = 0, frame = 0
 4564              		@ frame_needed = 0, uses_anonymous_args = 0
 4565              		@ link register save eliminated.
2985:./Libraries/src/stm32f4xx_tim.c ****   assert_param(IS_TIM_MSM_STATE(TIM_MasterSlaveMode));
 4566              		.loc 1 2985 3 view .LVU1447
2986:./Libraries/src/stm32f4xx_tim.c **** 
 4567              		.loc 1 2986 3 view .LVU1448
2989:./Libraries/src/stm32f4xx_tim.c ****   
 4568              		.loc 1 2989 3 view .LVU1449
2989:./Libraries/src/stm32f4xx_tim.c ****   
 4569              		.loc 1 2989 7 is_stmt 0 view .LVU1450
 4570 0000 0389     		ldrh	r3, [r0, #8]
 4571 0002 9BB2     		uxth	r3, r3
2989:./Libraries/src/stm32f4xx_tim.c ****   
 4572              		.loc 1 2989 14 view .LVU1451
 4573 0004 23F08003 		bic	r3, r3, #128
 4574 0008 9BB2     		uxth	r3, r3
 4575 000a 0381     		strh	r3, [r0, #8]	@ movhi
2992:./Libraries/src/stm32f4xx_tim.c **** }
 4576              		.loc 1 2992 3 is_stmt 1 view .LVU1452
2992:./Libraries/src/stm32f4xx_tim.c **** }
 4577              		.loc 1 2992 7 is_stmt 0 view .LVU1453
 4578 000c 0389     		ldrh	r3, [r0, #8]
 4579 000e 9BB2     		uxth	r3, r3
2992:./Libraries/src/stm32f4xx_tim.c **** }
 4580              		.loc 1 2992 14 view .LVU1454
 4581 0010 0B43     		orrs	r3, r3, r1
 4582 0012 0381     		strh	r3, [r0, #8]	@ movhi
2993:./Libraries/src/stm32f4xx_tim.c **** 
 4583              		.loc 1 2993 1 view .LVU1455
 4584 0014 7047     		bx	lr
 4585              		.cfi_endproc
 4586              	.LFE206:
 4588              		.section	.text.TIM_ETRConfig,"ax",%progbits
 4589              		.align	1
 4590              		.global	TIM_ETRConfig
 4591              		.syntax unified
 4592              		.thumb
 4593              		.thumb_func
 4595              	TIM_ETRConfig:
 4596              	.LVL434:
 4597              	.LFB207:
3014:./Libraries/src/stm32f4xx_tim.c ****   uint16_t tmpsmcr = 0;
 4598              		.loc 1 3014 1 is_stmt 1 view -0
 4599              		.cfi_startproc
 4600              		@ args = 0, pretend = 0, frame = 0
 4601              		@ frame_needed = 0, uses_anonymous_args = 0
 4602              		@ link register save eliminated.
3015:./Libraries/src/stm32f4xx_tim.c **** 
 4603              		.loc 1 3015 3 view .LVU1457
3018:./Libraries/src/stm32f4xx_tim.c ****   assert_param(IS_TIM_EXT_PRESCALER(TIM_ExtTRGPrescaler));
 4604              		.loc 1 3018 3 view .LVU1458
3019:./Libraries/src/stm32f4xx_tim.c ****   assert_param(IS_TIM_EXT_POLARITY(TIM_ExtTRGPolarity));
 4605              		.loc 1 3019 3 view .LVU1459
3020:./Libraries/src/stm32f4xx_tim.c ****   assert_param(IS_TIM_EXT_FILTER(ExtTRGFilter));
 4606              		.loc 1 3020 3 view .LVU1460
3021:./Libraries/src/stm32f4xx_tim.c **** 
ARM GAS  /tmp/cc0EAqnP.s 			page 161


 4607              		.loc 1 3021 3 view .LVU1461
3023:./Libraries/src/stm32f4xx_tim.c **** 
 4608              		.loc 1 3023 3 view .LVU1462
3023:./Libraries/src/stm32f4xx_tim.c **** 
 4609              		.loc 1 3023 11 is_stmt 0 view .LVU1463
 4610 0000 B0F808C0 		ldrh	ip, [r0, #8]
 4611              	.LVL435:
3026:./Libraries/src/stm32f4xx_tim.c **** 
 4612              		.loc 1 3026 3 is_stmt 1 view .LVU1464
3026:./Libraries/src/stm32f4xx_tim.c **** 
 4613              		.loc 1 3026 11 is_stmt 0 view .LVU1465
 4614 0004 5FFA8CFC 		uxtb	ip, ip
 4615              	.LVL436:
3029:./Libraries/src/stm32f4xx_tim.c **** 
 4616              		.loc 1 3029 3 is_stmt 1 view .LVU1466
3029:./Libraries/src/stm32f4xx_tim.c **** 
 4617              		.loc 1 3029 79 is_stmt 0 view .LVU1467
 4618 0008 1B02     		lsls	r3, r3, #8
 4619              	.LVL437:
3029:./Libraries/src/stm32f4xx_tim.c **** 
 4620              		.loc 1 3029 79 view .LVU1468
 4621 000a 9BB2     		uxth	r3, r3
3029:./Libraries/src/stm32f4xx_tim.c **** 
 4622              		.loc 1 3029 47 view .LVU1469
 4623 000c 1343     		orrs	r3, r3, r2
3029:./Libraries/src/stm32f4xx_tim.c **** 
 4624              		.loc 1 3029 14 view .LVU1470
 4625 000e 0B43     		orrs	r3, r3, r1
3029:./Libraries/src/stm32f4xx_tim.c **** 
 4626              		.loc 1 3029 11 view .LVU1471
 4627 0010 43EA0C03 		orr	r3, r3, ip
 4628              	.LVL438:
3032:./Libraries/src/stm32f4xx_tim.c **** }
 4629              		.loc 1 3032 3 is_stmt 1 view .LVU1472
3032:./Libraries/src/stm32f4xx_tim.c **** }
 4630              		.loc 1 3032 14 is_stmt 0 view .LVU1473
 4631 0014 0381     		strh	r3, [r0, #8]	@ movhi
3033:./Libraries/src/stm32f4xx_tim.c **** /**
 4632              		.loc 1 3033 1 view .LVU1474
 4633 0016 7047     		bx	lr
 4634              		.cfi_endproc
 4635              	.LFE207:
 4637              		.section	.text.TIM_ETRClockMode1Config,"ax",%progbits
 4638              		.align	1
 4639              		.global	TIM_ETRClockMode1Config
 4640              		.syntax unified
 4641              		.thumb
 4642              		.thumb_func
 4644              	TIM_ETRClockMode1Config:
 4645              	.LVL439:
 4646              	.LFB201:
2776:./Libraries/src/stm32f4xx_tim.c ****   uint16_t tmpsmcr = 0;
 4647              		.loc 1 2776 1 is_stmt 1 view -0
 4648              		.cfi_startproc
 4649              		@ args = 0, pretend = 0, frame = 0
 4650              		@ frame_needed = 0, uses_anonymous_args = 0
2776:./Libraries/src/stm32f4xx_tim.c ****   uint16_t tmpsmcr = 0;
ARM GAS  /tmp/cc0EAqnP.s 			page 162


 4651              		.loc 1 2776 1 is_stmt 0 view .LVU1476
 4652 0000 10B5     		push	{r4, lr}
 4653              	.LCFI15:
 4654              		.cfi_def_cfa_offset 8
 4655              		.cfi_offset 4, -8
 4656              		.cfi_offset 14, -4
 4657 0002 0446     		mov	r4, r0
2777:./Libraries/src/stm32f4xx_tim.c **** 
 4658              		.loc 1 2777 3 is_stmt 1 view .LVU1477
 4659              	.LVL440:
2780:./Libraries/src/stm32f4xx_tim.c ****   assert_param(IS_TIM_EXT_PRESCALER(TIM_ExtTRGPrescaler));
 4660              		.loc 1 2780 3 view .LVU1478
2781:./Libraries/src/stm32f4xx_tim.c ****   assert_param(IS_TIM_EXT_POLARITY(TIM_ExtTRGPolarity));
 4661              		.loc 1 2781 3 view .LVU1479
2782:./Libraries/src/stm32f4xx_tim.c ****   assert_param(IS_TIM_EXT_FILTER(ExtTRGFilter));
 4662              		.loc 1 2782 3 view .LVU1480
2783:./Libraries/src/stm32f4xx_tim.c ****   /* Configure the ETR Clock source */
 4663              		.loc 1 2783 3 view .LVU1481
2785:./Libraries/src/stm32f4xx_tim.c ****   
 4664              		.loc 1 2785 3 view .LVU1482
 4665 0004 FFF7FEFF 		bl	TIM_ETRConfig
 4666              	.LVL441:
2788:./Libraries/src/stm32f4xx_tim.c **** 
 4667              		.loc 1 2788 3 view .LVU1483
2788:./Libraries/src/stm32f4xx_tim.c **** 
 4668              		.loc 1 2788 11 is_stmt 0 view .LVU1484
 4669 0008 2389     		ldrh	r3, [r4, #8]
 4670 000a 9BB2     		uxth	r3, r3
 4671              	.LVL442:
2791:./Libraries/src/stm32f4xx_tim.c **** 
 4672              		.loc 1 2791 3 is_stmt 1 view .LVU1485
2794:./Libraries/src/stm32f4xx_tim.c **** 
 4673              		.loc 1 2794 3 view .LVU1486
2797:./Libraries/src/stm32f4xx_tim.c ****   tmpsmcr |= TIM_TS_ETRF;
 4674              		.loc 1 2797 3 view .LVU1487
2798:./Libraries/src/stm32f4xx_tim.c **** 
 4675              		.loc 1 2798 3 view .LVU1488
2798:./Libraries/src/stm32f4xx_tim.c **** 
 4676              		.loc 1 2798 11 is_stmt 0 view .LVU1489
 4677 000c 43F07703 		orr	r3, r3, #119
 4678              	.LVL443:
2801:./Libraries/src/stm32f4xx_tim.c **** }
 4679              		.loc 1 2801 3 is_stmt 1 view .LVU1490
2801:./Libraries/src/stm32f4xx_tim.c **** }
 4680              		.loc 1 2801 14 is_stmt 0 view .LVU1491
 4681 0010 2381     		strh	r3, [r4, #8]	@ movhi
2802:./Libraries/src/stm32f4xx_tim.c **** 
 4682              		.loc 1 2802 1 view .LVU1492
 4683 0012 10BD     		pop	{r4, pc}
2802:./Libraries/src/stm32f4xx_tim.c **** 
 4684              		.loc 1 2802 1 view .LVU1493
 4685              		.cfi_endproc
 4686              	.LFE201:
 4688              		.section	.text.TIM_ETRClockMode2Config,"ax",%progbits
 4689              		.align	1
 4690              		.global	TIM_ETRClockMode2Config
 4691              		.syntax unified
ARM GAS  /tmp/cc0EAqnP.s 			page 163


 4692              		.thumb
 4693              		.thumb_func
 4695              	TIM_ETRClockMode2Config:
 4696              	.LVL444:
 4697              	.LFB202:
2823:./Libraries/src/stm32f4xx_tim.c ****   /* Check the parameters */
 4698              		.loc 1 2823 1 is_stmt 1 view -0
 4699              		.cfi_startproc
 4700              		@ args = 0, pretend = 0, frame = 0
 4701              		@ frame_needed = 0, uses_anonymous_args = 0
2823:./Libraries/src/stm32f4xx_tim.c ****   /* Check the parameters */
 4702              		.loc 1 2823 1 is_stmt 0 view .LVU1495
 4703 0000 10B5     		push	{r4, lr}
 4704              	.LCFI16:
 4705              		.cfi_def_cfa_offset 8
 4706              		.cfi_offset 4, -8
 4707              		.cfi_offset 14, -4
 4708 0002 0446     		mov	r4, r0
2825:./Libraries/src/stm32f4xx_tim.c ****   assert_param(IS_TIM_EXT_PRESCALER(TIM_ExtTRGPrescaler));
 4709              		.loc 1 2825 3 is_stmt 1 view .LVU1496
2826:./Libraries/src/stm32f4xx_tim.c ****   assert_param(IS_TIM_EXT_POLARITY(TIM_ExtTRGPolarity));
 4710              		.loc 1 2826 3 view .LVU1497
2827:./Libraries/src/stm32f4xx_tim.c ****   assert_param(IS_TIM_EXT_FILTER(ExtTRGFilter));
 4711              		.loc 1 2827 3 view .LVU1498
2828:./Libraries/src/stm32f4xx_tim.c **** 
 4712              		.loc 1 2828 3 view .LVU1499
2831:./Libraries/src/stm32f4xx_tim.c **** 
 4713              		.loc 1 2831 3 view .LVU1500
 4714 0004 FFF7FEFF 		bl	TIM_ETRConfig
 4715              	.LVL445:
2834:./Libraries/src/stm32f4xx_tim.c **** }
 4716              		.loc 1 2834 3 view .LVU1501
2834:./Libraries/src/stm32f4xx_tim.c **** }
 4717              		.loc 1 2834 7 is_stmt 0 view .LVU1502
 4718 0008 2389     		ldrh	r3, [r4, #8]
 4719 000a 9BB2     		uxth	r3, r3
2834:./Libraries/src/stm32f4xx_tim.c **** }
 4720              		.loc 1 2834 14 view .LVU1503
 4721 000c 43F48043 		orr	r3, r3, #16384
 4722 0010 2381     		strh	r3, [r4, #8]	@ movhi
2835:./Libraries/src/stm32f4xx_tim.c **** /**
 4723              		.loc 1 2835 1 view .LVU1504
 4724 0012 10BD     		pop	{r4, pc}
2835:./Libraries/src/stm32f4xx_tim.c **** /**
 4725              		.loc 1 2835 1 view .LVU1505
 4726              		.cfi_endproc
 4727              	.LFE202:
 4729              		.section	.text.TIM_EncoderInterfaceConfig,"ax",%progbits
 4730              		.align	1
 4731              		.global	TIM_EncoderInterfaceConfig
 4732              		.syntax unified
 4733              		.thumb
 4734              		.thumb_func
 4736              	TIM_EncoderInterfaceConfig:
 4737              	.LVL446:
 4738              	.LFB208:
3072:./Libraries/src/stm32f4xx_tim.c ****   uint16_t tmpsmcr = 0;
ARM GAS  /tmp/cc0EAqnP.s 			page 164


 4739              		.loc 1 3072 1 is_stmt 1 view -0
 4740              		.cfi_startproc
 4741              		@ args = 0, pretend = 0, frame = 0
 4742              		@ frame_needed = 0, uses_anonymous_args = 0
3072:./Libraries/src/stm32f4xx_tim.c ****   uint16_t tmpsmcr = 0;
 4743              		.loc 1 3072 1 is_stmt 0 view .LVU1507
 4744 0000 10B5     		push	{r4, lr}
 4745              	.LCFI17:
 4746              		.cfi_def_cfa_offset 8
 4747              		.cfi_offset 4, -8
 4748              		.cfi_offset 14, -4
3073:./Libraries/src/stm32f4xx_tim.c ****   uint16_t tmpccmr1 = 0;
 4749              		.loc 1 3073 3 is_stmt 1 view .LVU1508
 4750              	.LVL447:
3074:./Libraries/src/stm32f4xx_tim.c ****   uint16_t tmpccer = 0;
 4751              		.loc 1 3074 3 view .LVU1509
3075:./Libraries/src/stm32f4xx_tim.c ****     
 4752              		.loc 1 3075 3 view .LVU1510
3078:./Libraries/src/stm32f4xx_tim.c ****   assert_param(IS_TIM_ENCODER_MODE(TIM_EncoderMode));
 4753              		.loc 1 3078 3 view .LVU1511
3079:./Libraries/src/stm32f4xx_tim.c ****   assert_param(IS_TIM_IC_POLARITY(TIM_IC1Polarity));
 4754              		.loc 1 3079 3 view .LVU1512
3080:./Libraries/src/stm32f4xx_tim.c ****   assert_param(IS_TIM_IC_POLARITY(TIM_IC2Polarity));
 4755              		.loc 1 3080 3 view .LVU1513
3081:./Libraries/src/stm32f4xx_tim.c **** 
 4756              		.loc 1 3081 3 view .LVU1514
3084:./Libraries/src/stm32f4xx_tim.c **** 
 4757              		.loc 1 3084 3 view .LVU1515
3084:./Libraries/src/stm32f4xx_tim.c **** 
 4758              		.loc 1 3084 11 is_stmt 0 view .LVU1516
 4759 0002 0489     		ldrh	r4, [r0, #8]
 4760 0004 A4B2     		uxth	r4, r4
 4761              	.LVL448:
3087:./Libraries/src/stm32f4xx_tim.c **** 
 4762              		.loc 1 3087 3 is_stmt 1 view .LVU1517
3087:./Libraries/src/stm32f4xx_tim.c **** 
 4763              		.loc 1 3087 12 is_stmt 0 view .LVU1518
 4764 0006 B0F818C0 		ldrh	ip, [r0, #24]
 4765 000a 1FFA8CFC 		uxth	ip, ip
 4766              	.LVL449:
3090:./Libraries/src/stm32f4xx_tim.c **** 
 4767              		.loc 1 3090 3 is_stmt 1 view .LVU1519
3090:./Libraries/src/stm32f4xx_tim.c **** 
 4768              		.loc 1 3090 11 is_stmt 0 view .LVU1520
 4769 000e B0F820E0 		ldrh	lr, [r0, #32]
 4770 0012 1FFA8EFE 		uxth	lr, lr
 4771              	.LVL450:
3093:./Libraries/src/stm32f4xx_tim.c ****   tmpsmcr |= TIM_EncoderMode;
 4772              		.loc 1 3093 3 is_stmt 1 view .LVU1521
3093:./Libraries/src/stm32f4xx_tim.c ****   tmpsmcr |= TIM_EncoderMode;
 4773              		.loc 1 3093 11 is_stmt 0 view .LVU1522
 4774 0016 24F00704 		bic	r4, r4, #7
 4775              	.LVL451:
3094:./Libraries/src/stm32f4xx_tim.c **** 
 4776              		.loc 1 3094 3 is_stmt 1 view .LVU1523
3094:./Libraries/src/stm32f4xx_tim.c **** 
 4777              		.loc 1 3094 11 is_stmt 0 view .LVU1524
ARM GAS  /tmp/cc0EAqnP.s 			page 165


 4778 001a 0C43     		orrs	r4, r4, r1
 4779              	.LVL452:
3097:./Libraries/src/stm32f4xx_tim.c ****   tmpccmr1 |= TIM_CCMR1_CC1S_0 | TIM_CCMR1_CC2S_0;
 4780              		.loc 1 3097 3 is_stmt 1 view .LVU1525
3097:./Libraries/src/stm32f4xx_tim.c ****   tmpccmr1 |= TIM_CCMR1_CC1S_0 | TIM_CCMR1_CC2S_0;
 4781              		.loc 1 3097 12 is_stmt 0 view .LVU1526
 4782 001c 2CF4407C 		bic	ip, ip, #768
 4783              	.LVL453:
3097:./Libraries/src/stm32f4xx_tim.c ****   tmpccmr1 |= TIM_CCMR1_CC1S_0 | TIM_CCMR1_CC2S_0;
 4784              		.loc 1 3097 12 view .LVU1527
 4785 0020 2CF0030C 		bic	ip, ip, #3
 4786              	.LVL454:
3098:./Libraries/src/stm32f4xx_tim.c **** 
 4787              		.loc 1 3098 3 is_stmt 1 view .LVU1528
3098:./Libraries/src/stm32f4xx_tim.c **** 
 4788              		.loc 1 3098 12 is_stmt 0 view .LVU1529
 4789 0024 4CF4807C 		orr	ip, ip, #256
 4790              	.LVL455:
3098:./Libraries/src/stm32f4xx_tim.c **** 
 4791              		.loc 1 3098 12 view .LVU1530
 4792 0028 4CF0010C 		orr	ip, ip, #1
 4793              	.LVL456:
3101:./Libraries/src/stm32f4xx_tim.c ****   tmpccer |= (uint16_t)(TIM_IC1Polarity | (uint16_t)(TIM_IC2Polarity << (uint16_t)4));
 4794              		.loc 1 3101 3 is_stmt 1 view .LVU1531
3101:./Libraries/src/stm32f4xx_tim.c ****   tmpccer |= (uint16_t)(TIM_IC1Polarity | (uint16_t)(TIM_IC2Polarity << (uint16_t)4));
 4795              		.loc 1 3101 11 is_stmt 0 view .LVU1532
 4796 002c 2EF0220E 		bic	lr, lr, #34
 4797              	.LVL457:
3102:./Libraries/src/stm32f4xx_tim.c **** 
 4798              		.loc 1 3102 3 is_stmt 1 view .LVU1533
3102:./Libraries/src/stm32f4xx_tim.c **** 
 4799              		.loc 1 3102 43 is_stmt 0 view .LVU1534
 4800 0030 1B01     		lsls	r3, r3, #4
 4801              	.LVL458:
3102:./Libraries/src/stm32f4xx_tim.c **** 
 4802              		.loc 1 3102 43 view .LVU1535
 4803 0032 9BB2     		uxth	r3, r3
3102:./Libraries/src/stm32f4xx_tim.c **** 
 4804              		.loc 1 3102 14 view .LVU1536
 4805 0034 1343     		orrs	r3, r3, r2
3102:./Libraries/src/stm32f4xx_tim.c **** 
 4806              		.loc 1 3102 11 view .LVU1537
 4807 0036 4EEA030E 		orr	lr, lr, r3
 4808              	.LVL459:
3105:./Libraries/src/stm32f4xx_tim.c **** 
 4809              		.loc 1 3105 3 is_stmt 1 view .LVU1538
3105:./Libraries/src/stm32f4xx_tim.c **** 
 4810              		.loc 1 3105 14 is_stmt 0 view .LVU1539
 4811 003a 0481     		strh	r4, [r0, #8]	@ movhi
3108:./Libraries/src/stm32f4xx_tim.c **** 
 4812              		.loc 1 3108 3 is_stmt 1 view .LVU1540
3108:./Libraries/src/stm32f4xx_tim.c **** 
 4813              		.loc 1 3108 15 is_stmt 0 view .LVU1541
 4814 003c A0F818C0 		strh	ip, [r0, #24]	@ movhi
3111:./Libraries/src/stm32f4xx_tim.c **** }
 4815              		.loc 1 3111 3 is_stmt 1 view .LVU1542
3111:./Libraries/src/stm32f4xx_tim.c **** }
ARM GAS  /tmp/cc0EAqnP.s 			page 166


 4816              		.loc 1 3111 14 is_stmt 0 view .LVU1543
 4817 0040 A0F820E0 		strh	lr, [r0, #32]	@ movhi
3112:./Libraries/src/stm32f4xx_tim.c **** 
 4818              		.loc 1 3112 1 view .LVU1544
 4819 0044 10BD     		pop	{r4, pc}
3112:./Libraries/src/stm32f4xx_tim.c **** 
 4820              		.loc 1 3112 1 view .LVU1545
 4821              		.cfi_endproc
 4822              	.LFE208:
 4824              		.section	.text.TIM_SelectHallSensor,"ax",%progbits
 4825              		.align	1
 4826              		.global	TIM_SelectHallSensor
 4827              		.syntax unified
 4828              		.thumb
 4829              		.thumb_func
 4831              	TIM_SelectHallSensor:
 4832              	.LVL460:
 4833              	.LFB209:
3123:./Libraries/src/stm32f4xx_tim.c ****   /* Check the parameters */
 4834              		.loc 1 3123 1 is_stmt 1 view -0
 4835              		.cfi_startproc
 4836              		@ args = 0, pretend = 0, frame = 0
 4837              		@ frame_needed = 0, uses_anonymous_args = 0
 4838              		@ link register save eliminated.
3125:./Libraries/src/stm32f4xx_tim.c ****   assert_param(IS_FUNCTIONAL_STATE(NewState));
 4839              		.loc 1 3125 3 view .LVU1547
3126:./Libraries/src/stm32f4xx_tim.c **** 
 4840              		.loc 1 3126 3 view .LVU1548
3128:./Libraries/src/stm32f4xx_tim.c ****   {
 4841              		.loc 1 3128 3 view .LVU1549
3128:./Libraries/src/stm32f4xx_tim.c ****   {
 4842              		.loc 1 3128 6 is_stmt 0 view .LVU1550
 4843 0000 29B1     		cbz	r1, .L207
3131:./Libraries/src/stm32f4xx_tim.c ****   }
 4844              		.loc 1 3131 5 is_stmt 1 view .LVU1551
3131:./Libraries/src/stm32f4xx_tim.c ****   }
 4845              		.loc 1 3131 9 is_stmt 0 view .LVU1552
 4846 0002 8388     		ldrh	r3, [r0, #4]
 4847 0004 9BB2     		uxth	r3, r3
3131:./Libraries/src/stm32f4xx_tim.c ****   }
 4848              		.loc 1 3131 15 view .LVU1553
 4849 0006 43F08003 		orr	r3, r3, #128
 4850 000a 8380     		strh	r3, [r0, #4]	@ movhi
 4851 000c 7047     		bx	lr
 4852              	.L207:
3136:./Libraries/src/stm32f4xx_tim.c ****   }
 4853              		.loc 1 3136 5 is_stmt 1 view .LVU1554
3136:./Libraries/src/stm32f4xx_tim.c ****   }
 4854              		.loc 1 3136 9 is_stmt 0 view .LVU1555
 4855 000e 8388     		ldrh	r3, [r0, #4]
 4856 0010 9BB2     		uxth	r3, r3
3136:./Libraries/src/stm32f4xx_tim.c ****   }
 4857              		.loc 1 3136 15 view .LVU1556
 4858 0012 23F08003 		bic	r3, r3, #128
 4859 0016 9BB2     		uxth	r3, r3
 4860 0018 8380     		strh	r3, [r0, #4]	@ movhi
3138:./Libraries/src/stm32f4xx_tim.c **** /**
ARM GAS  /tmp/cc0EAqnP.s 			page 167


 4861              		.loc 1 3138 1 view .LVU1557
 4862 001a 7047     		bx	lr
 4863              		.cfi_endproc
 4864              	.LFE209:
 4866              		.section	.text.TIM_RemapConfig,"ax",%progbits
 4867              		.align	1
 4868              		.global	TIM_RemapConfig
 4869              		.syntax unified
 4870              		.thumb
 4871              		.thumb_func
 4873              	TIM_RemapConfig:
 4874              	.LVL461:
 4875              	.LFB210:
3174:./Libraries/src/stm32f4xx_tim.c ****  /* Check the parameters */
 4876              		.loc 1 3174 1 is_stmt 1 view -0
 4877              		.cfi_startproc
 4878              		@ args = 0, pretend = 0, frame = 0
 4879              		@ frame_needed = 0, uses_anonymous_args = 0
 4880              		@ link register save eliminated.
3176:./Libraries/src/stm32f4xx_tim.c ****   assert_param(IS_TIM_REMAP(TIM_Remap));
 4881              		.loc 1 3176 3 view .LVU1559
3177:./Libraries/src/stm32f4xx_tim.c **** 
 4882              		.loc 1 3177 3 view .LVU1560
3180:./Libraries/src/stm32f4xx_tim.c **** }
 4883              		.loc 1 3180 3 view .LVU1561
3180:./Libraries/src/stm32f4xx_tim.c **** }
 4884              		.loc 1 3180 12 is_stmt 0 view .LVU1562
 4885 0000 A0F85010 		strh	r1, [r0, #80]	@ movhi
3181:./Libraries/src/stm32f4xx_tim.c **** /**
 4886              		.loc 1 3181 1 view .LVU1563
 4887 0004 7047     		bx	lr
 4888              		.cfi_endproc
 4889              	.LFE210:
 4891              		.text
 4892              	.Letext0:
 4893              		.file 2 "/opt/gcc-arm-none-eabi/arm-none-eabi/include/machine/_default_types.h"
 4894              		.file 3 "/opt/gcc-arm-none-eabi/arm-none-eabi/include/sys/_stdint.h"
 4895              		.file 4 "./system/stm32f4xx.h"
 4896              		.file 5 "./Libraries/inc/stm32f4xx_tim.h"
 4897              		.file 6 "./Libraries/inc/stm32f4xx_rcc.h"
ARM GAS  /tmp/cc0EAqnP.s 			page 168


DEFINED SYMBOLS
                            *ABS*:00000000 stm32f4xx_tim.c
     /tmp/cc0EAqnP.s:21     .text.TI1_Config:00000000 $t
     /tmp/cc0EAqnP.s:26     .text.TI1_Config:00000000 TI1_Config
     /tmp/cc0EAqnP.s:96     .text.TI2_Config:00000000 $t
     /tmp/cc0EAqnP.s:101    .text.TI2_Config:00000000 TI2_Config
     /tmp/cc0EAqnP.s:188    .text.TI3_Config:00000000 $t
     /tmp/cc0EAqnP.s:193    .text.TI3_Config:00000000 TI3_Config
     /tmp/cc0EAqnP.s:270    .text.TI4_Config:00000000 $t
     /tmp/cc0EAqnP.s:275    .text.TI4_Config:00000000 TI4_Config
     /tmp/cc0EAqnP.s:365    .text.TIM_DeInit:00000000 $t
     /tmp/cc0EAqnP.s:371    .text.TIM_DeInit:00000000 TIM_DeInit
     /tmp/cc0EAqnP.s:668    .text.TIM_DeInit:00000164 $d
     /tmp/cc0EAqnP.s:685    .text.TIM_TimeBaseInit:00000000 $t
     /tmp/cc0EAqnP.s:691    .text.TIM_TimeBaseInit:00000000 TIM_TimeBaseInit
     /tmp/cc0EAqnP.s:807    .text.TIM_TimeBaseInit:00000074 $d
     /tmp/cc0EAqnP.s:813    .text.TIM_TimeBaseStructInit:00000000 $t
     /tmp/cc0EAqnP.s:819    .text.TIM_TimeBaseStructInit:00000000 TIM_TimeBaseStructInit
     /tmp/cc0EAqnP.s:850    .text.TIM_PrescalerConfig:00000000 $t
     /tmp/cc0EAqnP.s:856    .text.TIM_PrescalerConfig:00000000 TIM_PrescalerConfig
     /tmp/cc0EAqnP.s:878    .text.TIM_CounterModeConfig:00000000 $t
     /tmp/cc0EAqnP.s:884    .text.TIM_CounterModeConfig:00000000 TIM_CounterModeConfig
     /tmp/cc0EAqnP.s:917    .text.TIM_SetCounter:00000000 $t
     /tmp/cc0EAqnP.s:923    .text.TIM_SetCounter:00000000 TIM_SetCounter
     /tmp/cc0EAqnP.s:941    .text.TIM_SetAutoreload:00000000 $t
     /tmp/cc0EAqnP.s:947    .text.TIM_SetAutoreload:00000000 TIM_SetAutoreload
     /tmp/cc0EAqnP.s:965    .text.TIM_GetCounter:00000000 $t
     /tmp/cc0EAqnP.s:971    .text.TIM_GetCounter:00000000 TIM_GetCounter
     /tmp/cc0EAqnP.s:990    .text.TIM_GetPrescaler:00000000 $t
     /tmp/cc0EAqnP.s:996    .text.TIM_GetPrescaler:00000000 TIM_GetPrescaler
     /tmp/cc0EAqnP.s:1016   .text.TIM_UpdateDisableConfig:00000000 $t
     /tmp/cc0EAqnP.s:1022   .text.TIM_UpdateDisableConfig:00000000 TIM_UpdateDisableConfig
     /tmp/cc0EAqnP.s:1058   .text.TIM_UpdateRequestConfig:00000000 $t
     /tmp/cc0EAqnP.s:1064   .text.TIM_UpdateRequestConfig:00000000 TIM_UpdateRequestConfig
     /tmp/cc0EAqnP.s:1100   .text.TIM_ARRPreloadConfig:00000000 $t
     /tmp/cc0EAqnP.s:1106   .text.TIM_ARRPreloadConfig:00000000 TIM_ARRPreloadConfig
     /tmp/cc0EAqnP.s:1142   .text.TIM_SelectOnePulseMode:00000000 $t
     /tmp/cc0EAqnP.s:1148   .text.TIM_SelectOnePulseMode:00000000 TIM_SelectOnePulseMode
     /tmp/cc0EAqnP.s:1179   .text.TIM_SetClockDivision:00000000 $t
     /tmp/cc0EAqnP.s:1185   .text.TIM_SetClockDivision:00000000 TIM_SetClockDivision
     /tmp/cc0EAqnP.s:1216   .text.TIM_Cmd:00000000 $t
     /tmp/cc0EAqnP.s:1222   .text.TIM_Cmd:00000000 TIM_Cmd
     /tmp/cc0EAqnP.s:1258   .text.TIM_OC1Init:00000000 $t
     /tmp/cc0EAqnP.s:1264   .text.TIM_OC1Init:00000000 TIM_OC1Init
     /tmp/cc0EAqnP.s:1406   .text.TIM_OC1Init:00000078 $d
     /tmp/cc0EAqnP.s:1411   .text.TIM_OC2Init:00000000 $t
     /tmp/cc0EAqnP.s:1417   .text.TIM_OC2Init:00000000 TIM_OC2Init
     /tmp/cc0EAqnP.s:1577   .text.TIM_OC2Init:00000094 $d
     /tmp/cc0EAqnP.s:1582   .text.TIM_OC3Init:00000000 $t
     /tmp/cc0EAqnP.s:1588   .text.TIM_OC3Init:00000000 TIM_OC3Init
     /tmp/cc0EAqnP.s:1745   .text.TIM_OC3Init:00000090 $d
     /tmp/cc0EAqnP.s:1750   .text.TIM_OC4Init:00000000 $t
     /tmp/cc0EAqnP.s:1756   .text.TIM_OC4Init:00000000 TIM_OC4Init
     /tmp/cc0EAqnP.s:1880   .text.TIM_OC4Init:00000078 $d
     /tmp/cc0EAqnP.s:1885   .text.TIM_OCStructInit:00000000 $t
     /tmp/cc0EAqnP.s:1891   .text.TIM_OCStructInit:00000000 TIM_OCStructInit
     /tmp/cc0EAqnP.s:1930   .text.TIM_SelectOCxM:00000000 $t
ARM GAS  /tmp/cc0EAqnP.s 			page 169


     /tmp/cc0EAqnP.s:1936   .text.TIM_SelectOCxM:00000000 TIM_SelectOCxM
     /tmp/cc0EAqnP.s:2036   .text.TIM_SetCompare1:00000000 $t
     /tmp/cc0EAqnP.s:2042   .text.TIM_SetCompare1:00000000 TIM_SetCompare1
     /tmp/cc0EAqnP.s:2060   .text.TIM_SetCompare2:00000000 $t
     /tmp/cc0EAqnP.s:2066   .text.TIM_SetCompare2:00000000 TIM_SetCompare2
     /tmp/cc0EAqnP.s:2084   .text.TIM_SetCompare3:00000000 $t
     /tmp/cc0EAqnP.s:2090   .text.TIM_SetCompare3:00000000 TIM_SetCompare3
     /tmp/cc0EAqnP.s:2108   .text.TIM_SetCompare4:00000000 $t
     /tmp/cc0EAqnP.s:2114   .text.TIM_SetCompare4:00000000 TIM_SetCompare4
     /tmp/cc0EAqnP.s:2132   .text.TIM_ForcedOC1Config:00000000 $t
     /tmp/cc0EAqnP.s:2138   .text.TIM_ForcedOC1Config:00000000 TIM_ForcedOC1Config
     /tmp/cc0EAqnP.s:2171   .text.TIM_ForcedOC2Config:00000000 $t
     /tmp/cc0EAqnP.s:2177   .text.TIM_ForcedOC2Config:00000000 TIM_ForcedOC2Config
     /tmp/cc0EAqnP.s:2215   .text.TIM_ForcedOC3Config:00000000 $t
     /tmp/cc0EAqnP.s:2221   .text.TIM_ForcedOC3Config:00000000 TIM_ForcedOC3Config
     /tmp/cc0EAqnP.s:2254   .text.TIM_ForcedOC4Config:00000000 $t
     /tmp/cc0EAqnP.s:2260   .text.TIM_ForcedOC4Config:00000000 TIM_ForcedOC4Config
     /tmp/cc0EAqnP.s:2298   .text.TIM_OC1PreloadConfig:00000000 $t
     /tmp/cc0EAqnP.s:2304   .text.TIM_OC1PreloadConfig:00000000 TIM_OC1PreloadConfig
     /tmp/cc0EAqnP.s:2337   .text.TIM_OC2PreloadConfig:00000000 $t
     /tmp/cc0EAqnP.s:2343   .text.TIM_OC2PreloadConfig:00000000 TIM_OC2PreloadConfig
     /tmp/cc0EAqnP.s:2381   .text.TIM_OC3PreloadConfig:00000000 $t
     /tmp/cc0EAqnP.s:2387   .text.TIM_OC3PreloadConfig:00000000 TIM_OC3PreloadConfig
     /tmp/cc0EAqnP.s:2420   .text.TIM_OC4PreloadConfig:00000000 $t
     /tmp/cc0EAqnP.s:2426   .text.TIM_OC4PreloadConfig:00000000 TIM_OC4PreloadConfig
     /tmp/cc0EAqnP.s:2464   .text.TIM_OC1FastConfig:00000000 $t
     /tmp/cc0EAqnP.s:2470   .text.TIM_OC1FastConfig:00000000 TIM_OC1FastConfig
     /tmp/cc0EAqnP.s:2503   .text.TIM_OC2FastConfig:00000000 $t
     /tmp/cc0EAqnP.s:2509   .text.TIM_OC2FastConfig:00000000 TIM_OC2FastConfig
     /tmp/cc0EAqnP.s:2547   .text.TIM_OC3FastConfig:00000000 $t
     /tmp/cc0EAqnP.s:2553   .text.TIM_OC3FastConfig:00000000 TIM_OC3FastConfig
     /tmp/cc0EAqnP.s:2586   .text.TIM_OC4FastConfig:00000000 $t
     /tmp/cc0EAqnP.s:2592   .text.TIM_OC4FastConfig:00000000 TIM_OC4FastConfig
     /tmp/cc0EAqnP.s:2630   .text.TIM_ClearOC1Ref:00000000 $t
     /tmp/cc0EAqnP.s:2636   .text.TIM_ClearOC1Ref:00000000 TIM_ClearOC1Ref
     /tmp/cc0EAqnP.s:2669   .text.TIM_ClearOC2Ref:00000000 $t
     /tmp/cc0EAqnP.s:2675   .text.TIM_ClearOC2Ref:00000000 TIM_ClearOC2Ref
     /tmp/cc0EAqnP.s:2712   .text.TIM_ClearOC3Ref:00000000 $t
     /tmp/cc0EAqnP.s:2718   .text.TIM_ClearOC3Ref:00000000 TIM_ClearOC3Ref
     /tmp/cc0EAqnP.s:2751   .text.TIM_ClearOC4Ref:00000000 $t
     /tmp/cc0EAqnP.s:2757   .text.TIM_ClearOC4Ref:00000000 TIM_ClearOC4Ref
     /tmp/cc0EAqnP.s:2794   .text.TIM_OC1PolarityConfig:00000000 $t
     /tmp/cc0EAqnP.s:2800   .text.TIM_OC1PolarityConfig:00000000 TIM_OC1PolarityConfig
     /tmp/cc0EAqnP.s:2833   .text.TIM_OC1NPolarityConfig:00000000 $t
     /tmp/cc0EAqnP.s:2839   .text.TIM_OC1NPolarityConfig:00000000 TIM_OC1NPolarityConfig
     /tmp/cc0EAqnP.s:2872   .text.TIM_OC2PolarityConfig:00000000 $t
     /tmp/cc0EAqnP.s:2878   .text.TIM_OC2PolarityConfig:00000000 TIM_OC2PolarityConfig
     /tmp/cc0EAqnP.s:2916   .text.TIM_OC2NPolarityConfig:00000000 $t
     /tmp/cc0EAqnP.s:2922   .text.TIM_OC2NPolarityConfig:00000000 TIM_OC2NPolarityConfig
     /tmp/cc0EAqnP.s:2960   .text.TIM_OC3PolarityConfig:00000000 $t
     /tmp/cc0EAqnP.s:2966   .text.TIM_OC3PolarityConfig:00000000 TIM_OC3PolarityConfig
     /tmp/cc0EAqnP.s:3004   .text.TIM_OC3NPolarityConfig:00000000 $t
     /tmp/cc0EAqnP.s:3010   .text.TIM_OC3NPolarityConfig:00000000 TIM_OC3NPolarityConfig
     /tmp/cc0EAqnP.s:3048   .text.TIM_OC4PolarityConfig:00000000 $t
     /tmp/cc0EAqnP.s:3054   .text.TIM_OC4PolarityConfig:00000000 TIM_OC4PolarityConfig
     /tmp/cc0EAqnP.s:3092   .text.TIM_CCxCmd:00000000 $t
     /tmp/cc0EAqnP.s:3098   .text.TIM_CCxCmd:00000000 TIM_CCxCmd
ARM GAS  /tmp/cc0EAqnP.s 			page 170


     /tmp/cc0EAqnP.s:3147   .text.TIM_CCxNCmd:00000000 $t
     /tmp/cc0EAqnP.s:3153   .text.TIM_CCxNCmd:00000000 TIM_CCxNCmd
     /tmp/cc0EAqnP.s:3202   .text.TIM_ICStructInit:00000000 $t
     /tmp/cc0EAqnP.s:3208   .text.TIM_ICStructInit:00000000 TIM_ICStructInit
     /tmp/cc0EAqnP.s:3239   .text.TIM_GetCapture1:00000000 $t
     /tmp/cc0EAqnP.s:3245   .text.TIM_GetCapture1:00000000 TIM_GetCapture1
     /tmp/cc0EAqnP.s:3264   .text.TIM_GetCapture2:00000000 $t
     /tmp/cc0EAqnP.s:3270   .text.TIM_GetCapture2:00000000 TIM_GetCapture2
     /tmp/cc0EAqnP.s:3289   .text.TIM_GetCapture3:00000000 $t
     /tmp/cc0EAqnP.s:3295   .text.TIM_GetCapture3:00000000 TIM_GetCapture3
     /tmp/cc0EAqnP.s:3314   .text.TIM_GetCapture4:00000000 $t
     /tmp/cc0EAqnP.s:3320   .text.TIM_GetCapture4:00000000 TIM_GetCapture4
     /tmp/cc0EAqnP.s:3339   .text.TIM_SetIC1Prescaler:00000000 $t
     /tmp/cc0EAqnP.s:3345   .text.TIM_SetIC1Prescaler:00000000 TIM_SetIC1Prescaler
     /tmp/cc0EAqnP.s:3376   .text.TIM_SetIC2Prescaler:00000000 $t
     /tmp/cc0EAqnP.s:3382   .text.TIM_SetIC2Prescaler:00000000 TIM_SetIC2Prescaler
     /tmp/cc0EAqnP.s:3418   .text.TIM_PWMIConfig:00000000 $t
     /tmp/cc0EAqnP.s:3424   .text.TIM_PWMIConfig:00000000 TIM_PWMIConfig
     /tmp/cc0EAqnP.s:3541   .text.TIM_SetIC3Prescaler:00000000 $t
     /tmp/cc0EAqnP.s:3547   .text.TIM_SetIC3Prescaler:00000000 TIM_SetIC3Prescaler
     /tmp/cc0EAqnP.s:3578   .text.TIM_SetIC4Prescaler:00000000 $t
     /tmp/cc0EAqnP.s:3584   .text.TIM_SetIC4Prescaler:00000000 TIM_SetIC4Prescaler
     /tmp/cc0EAqnP.s:3620   .text.TIM_ICInit:00000000 $t
     /tmp/cc0EAqnP.s:3626   .text.TIM_ICInit:00000000 TIM_ICInit
     /tmp/cc0EAqnP.s:3732   .text.TIM_BDTRConfig:00000000 $t
     /tmp/cc0EAqnP.s:3738   .text.TIM_BDTRConfig:00000000 TIM_BDTRConfig
     /tmp/cc0EAqnP.s:3791   .text.TIM_BDTRStructInit:00000000 $t
     /tmp/cc0EAqnP.s:3797   .text.TIM_BDTRStructInit:00000000 TIM_BDTRStructInit
     /tmp/cc0EAqnP.s:3833   .text.TIM_CtrlPWMOutputs:00000000 $t
     /tmp/cc0EAqnP.s:3839   .text.TIM_CtrlPWMOutputs:00000000 TIM_CtrlPWMOutputs
     /tmp/cc0EAqnP.s:3874   .text.TIM_SelectCOM:00000000 $t
     /tmp/cc0EAqnP.s:3880   .text.TIM_SelectCOM:00000000 TIM_SelectCOM
     /tmp/cc0EAqnP.s:3916   .text.TIM_CCPreloadControl:00000000 $t
     /tmp/cc0EAqnP.s:3922   .text.TIM_CCPreloadControl:00000000 TIM_CCPreloadControl
     /tmp/cc0EAqnP.s:3958   .text.TIM_ITConfig:00000000 $t
     /tmp/cc0EAqnP.s:3964   .text.TIM_ITConfig:00000000 TIM_ITConfig
     /tmp/cc0EAqnP.s:4004   .text.TIM_GenerateEvent:00000000 $t
     /tmp/cc0EAqnP.s:4010   .text.TIM_GenerateEvent:00000000 TIM_GenerateEvent
     /tmp/cc0EAqnP.s:4029   .text.TIM_GetFlagStatus:00000000 $t
     /tmp/cc0EAqnP.s:4035   .text.TIM_GetFlagStatus:00000000 TIM_GetFlagStatus
     /tmp/cc0EAqnP.s:4069   .text.TIM_ClearFlag:00000000 $t
     /tmp/cc0EAqnP.s:4075   .text.TIM_ClearFlag:00000000 TIM_ClearFlag
     /tmp/cc0EAqnP.s:4099   .text.TIM_GetITStatus:00000000 $t
     /tmp/cc0EAqnP.s:4105   .text.TIM_GetITStatus:00000000 TIM_GetITStatus
     /tmp/cc0EAqnP.s:4157   .text.TIM_ClearITPendingBit:00000000 $t
     /tmp/cc0EAqnP.s:4163   .text.TIM_ClearITPendingBit:00000000 TIM_ClearITPendingBit
     /tmp/cc0EAqnP.s:4187   .text.TIM_DMAConfig:00000000 $t
     /tmp/cc0EAqnP.s:4193   .text.TIM_DMAConfig:00000000 TIM_DMAConfig
     /tmp/cc0EAqnP.s:4216   .text.TIM_DMACmd:00000000 $t
     /tmp/cc0EAqnP.s:4222   .text.TIM_DMACmd:00000000 TIM_DMACmd
     /tmp/cc0EAqnP.s:4262   .text.TIM_SelectCCDMA:00000000 $t
     /tmp/cc0EAqnP.s:4268   .text.TIM_SelectCCDMA:00000000 TIM_SelectCCDMA
     /tmp/cc0EAqnP.s:4304   .text.TIM_InternalClockConfig:00000000 $t
     /tmp/cc0EAqnP.s:4310   .text.TIM_InternalClockConfig:00000000 TIM_InternalClockConfig
     /tmp/cc0EAqnP.s:4333   .text.TIM_SelectInputTrigger:00000000 $t
     /tmp/cc0EAqnP.s:4339   .text.TIM_SelectInputTrigger:00000000 TIM_SelectInputTrigger
     /tmp/cc0EAqnP.s:4372   .text.TIM_ITRxExternalClockConfig:00000000 $t
ARM GAS  /tmp/cc0EAqnP.s 			page 171


     /tmp/cc0EAqnP.s:4378   .text.TIM_ITRxExternalClockConfig:00000000 TIM_ITRxExternalClockConfig
     /tmp/cc0EAqnP.s:4411   .text.TIM_TIxExternalClockConfig:00000000 $t
     /tmp/cc0EAqnP.s:4417   .text.TIM_TIxExternalClockConfig:00000000 TIM_TIxExternalClockConfig
     /tmp/cc0EAqnP.s:4478   .text.TIM_SelectOutputTrigger:00000000 $t
     /tmp/cc0EAqnP.s:4484   .text.TIM_SelectOutputTrigger:00000000 TIM_SelectOutputTrigger
     /tmp/cc0EAqnP.s:4515   .text.TIM_SelectSlaveMode:00000000 $t
     /tmp/cc0EAqnP.s:4521   .text.TIM_SelectSlaveMode:00000000 TIM_SelectSlaveMode
     /tmp/cc0EAqnP.s:4552   .text.TIM_SelectMasterSlaveMode:00000000 $t
     /tmp/cc0EAqnP.s:4558   .text.TIM_SelectMasterSlaveMode:00000000 TIM_SelectMasterSlaveMode
     /tmp/cc0EAqnP.s:4589   .text.TIM_ETRConfig:00000000 $t
     /tmp/cc0EAqnP.s:4595   .text.TIM_ETRConfig:00000000 TIM_ETRConfig
     /tmp/cc0EAqnP.s:4638   .text.TIM_ETRClockMode1Config:00000000 $t
     /tmp/cc0EAqnP.s:4644   .text.TIM_ETRClockMode1Config:00000000 TIM_ETRClockMode1Config
     /tmp/cc0EAqnP.s:4689   .text.TIM_ETRClockMode2Config:00000000 $t
     /tmp/cc0EAqnP.s:4695   .text.TIM_ETRClockMode2Config:00000000 TIM_ETRClockMode2Config
     /tmp/cc0EAqnP.s:4730   .text.TIM_EncoderInterfaceConfig:00000000 $t
     /tmp/cc0EAqnP.s:4736   .text.TIM_EncoderInterfaceConfig:00000000 TIM_EncoderInterfaceConfig
     /tmp/cc0EAqnP.s:4825   .text.TIM_SelectHallSensor:00000000 $t
     /tmp/cc0EAqnP.s:4831   .text.TIM_SelectHallSensor:00000000 TIM_SelectHallSensor
     /tmp/cc0EAqnP.s:4867   .text.TIM_RemapConfig:00000000 $t
     /tmp/cc0EAqnP.s:4873   .text.TIM_RemapConfig:00000000 TIM_RemapConfig

UNDEFINED SYMBOLS
RCC_APB1PeriphResetCmd
RCC_APB2PeriphResetCmd
