ARM GAS  /tmp/ccqiEoki.s 			page 1


   1              		.cpu cortex-m4
   2              		.arch armv7e-m
   3              		.fpu fpv4-sp-d16
   4              		.eabi_attribute 27, 1
   5              		.eabi_attribute 28, 1
   6              		.eabi_attribute 20, 1
   7              		.eabi_attribute 21, 1
   8              		.eabi_attribute 23, 3
   9              		.eabi_attribute 24, 1
  10              		.eabi_attribute 25, 1
  11              		.eabi_attribute 26, 1
  12              		.eabi_attribute 30, 1
  13              		.eabi_attribute 34, 1
  14              		.eabi_attribute 18, 4
  15              		.file	"stm32f4xx_pwr.c"
  16              		.text
  17              	.Ltext0:
  18              		.cfi_sections	.debug_frame
  19              		.file 1 "./Libraries/src/stm32f4xx_pwr.c"
  20              		.section	.text.PWR_DeInit,"ax",%progbits
  21              		.align	1
  22              		.global	PWR_DeInit
  23              		.syntax unified
  24              		.thumb
  25              		.thumb_func
  27              	PWR_DeInit:
  28              	.LFB123:
   1:./Libraries/src/stm32f4xx_pwr.c **** /**
   2:./Libraries/src/stm32f4xx_pwr.c ****   ******************************************************************************
   3:./Libraries/src/stm32f4xx_pwr.c ****   * @file    stm32f4xx_pwr.c
   4:./Libraries/src/stm32f4xx_pwr.c ****   * @author  MCD Application Team
   5:./Libraries/src/stm32f4xx_pwr.c ****   * @version V1.8.0
   6:./Libraries/src/stm32f4xx_pwr.c ****   * @date    04-November-2016
   7:./Libraries/src/stm32f4xx_pwr.c ****   * @brief   This file provides firmware functions to manage the following 
   8:./Libraries/src/stm32f4xx_pwr.c ****   *          functionalities of the Power Controller (PWR) peripheral:           
   9:./Libraries/src/stm32f4xx_pwr.c ****   *           + Backup Domain Access
  10:./Libraries/src/stm32f4xx_pwr.c ****   *           + PVD configuration
  11:./Libraries/src/stm32f4xx_pwr.c ****   *           + WakeUp pin configuration
  12:./Libraries/src/stm32f4xx_pwr.c ****   *           + Main and Backup Regulators configuration
  13:./Libraries/src/stm32f4xx_pwr.c ****   *           + FLASH Power Down configuration
  14:./Libraries/src/stm32f4xx_pwr.c ****   *           + Low Power modes configuration
  15:./Libraries/src/stm32f4xx_pwr.c ****   *           + Flags management
  16:./Libraries/src/stm32f4xx_pwr.c ****   *               
  17:./Libraries/src/stm32f4xx_pwr.c ****   ******************************************************************************
  18:./Libraries/src/stm32f4xx_pwr.c ****   * @attention
  19:./Libraries/src/stm32f4xx_pwr.c ****   *
  20:./Libraries/src/stm32f4xx_pwr.c ****   * <h2><center>&copy; COPYRIGHT 2016 STMicroelectronics</center></h2>
  21:./Libraries/src/stm32f4xx_pwr.c ****   *
  22:./Libraries/src/stm32f4xx_pwr.c ****   * Licensed under MCD-ST Liberty SW License Agreement V2, (the "License");
  23:./Libraries/src/stm32f4xx_pwr.c ****   * You may not use this file except in compliance with the License.
  24:./Libraries/src/stm32f4xx_pwr.c ****   * You may obtain a copy of the License at:
  25:./Libraries/src/stm32f4xx_pwr.c ****   *
  26:./Libraries/src/stm32f4xx_pwr.c ****   *        http://www.st.com/software_license_agreement_liberty_v2
  27:./Libraries/src/stm32f4xx_pwr.c ****   *
  28:./Libraries/src/stm32f4xx_pwr.c ****   * Unless required by applicable law or agreed to in writing, software 
  29:./Libraries/src/stm32f4xx_pwr.c ****   * distributed under the License is distributed on an "AS IS" BASIS, 
  30:./Libraries/src/stm32f4xx_pwr.c ****   * WITHOUT WARRANTIES OR CONDITIONS OF ANY KIND, either express or implied.
ARM GAS  /tmp/ccqiEoki.s 			page 2


  31:./Libraries/src/stm32f4xx_pwr.c ****   * See the License for the specific language governing permissions and
  32:./Libraries/src/stm32f4xx_pwr.c ****   * limitations under the License.
  33:./Libraries/src/stm32f4xx_pwr.c ****   *
  34:./Libraries/src/stm32f4xx_pwr.c ****   ******************************************************************************
  35:./Libraries/src/stm32f4xx_pwr.c ****   */ 
  36:./Libraries/src/stm32f4xx_pwr.c **** 
  37:./Libraries/src/stm32f4xx_pwr.c **** /* Includes ------------------------------------------------------------------*/
  38:./Libraries/src/stm32f4xx_pwr.c **** #include "stm32f4xx_pwr.h"
  39:./Libraries/src/stm32f4xx_pwr.c **** #include "stm32f4xx_rcc.h"
  40:./Libraries/src/stm32f4xx_pwr.c **** 
  41:./Libraries/src/stm32f4xx_pwr.c **** /** @addtogroup STM32F4xx_StdPeriph_Driver
  42:./Libraries/src/stm32f4xx_pwr.c ****   * @{
  43:./Libraries/src/stm32f4xx_pwr.c ****   */
  44:./Libraries/src/stm32f4xx_pwr.c **** 
  45:./Libraries/src/stm32f4xx_pwr.c **** /** @defgroup PWR 
  46:./Libraries/src/stm32f4xx_pwr.c ****   * @brief PWR driver modules
  47:./Libraries/src/stm32f4xx_pwr.c ****   * @{
  48:./Libraries/src/stm32f4xx_pwr.c ****   */ 
  49:./Libraries/src/stm32f4xx_pwr.c **** 
  50:./Libraries/src/stm32f4xx_pwr.c **** /* Private typedef -----------------------------------------------------------*/
  51:./Libraries/src/stm32f4xx_pwr.c **** /* Private define ------------------------------------------------------------*/
  52:./Libraries/src/stm32f4xx_pwr.c **** /* --------- PWR registers bit address in the alias region ---------- */
  53:./Libraries/src/stm32f4xx_pwr.c **** #define PWR_OFFSET               (PWR_BASE - PERIPH_BASE)
  54:./Libraries/src/stm32f4xx_pwr.c **** 
  55:./Libraries/src/stm32f4xx_pwr.c **** /* --- CR Register ---*/
  56:./Libraries/src/stm32f4xx_pwr.c **** 
  57:./Libraries/src/stm32f4xx_pwr.c **** /* Alias word address of DBP bit */
  58:./Libraries/src/stm32f4xx_pwr.c **** #define CR_OFFSET                (PWR_OFFSET + 0x00)
  59:./Libraries/src/stm32f4xx_pwr.c **** #define DBP_BitNumber            0x08
  60:./Libraries/src/stm32f4xx_pwr.c **** #define CR_DBP_BB                (PERIPH_BB_BASE + (CR_OFFSET * 32) + (DBP_BitNumber * 4))
  61:./Libraries/src/stm32f4xx_pwr.c **** 
  62:./Libraries/src/stm32f4xx_pwr.c **** /* Alias word address of PVDE bit */
  63:./Libraries/src/stm32f4xx_pwr.c **** #define PVDE_BitNumber           0x04
  64:./Libraries/src/stm32f4xx_pwr.c **** #define CR_PVDE_BB               (PERIPH_BB_BASE + (CR_OFFSET * 32) + (PVDE_BitNumber * 4))
  65:./Libraries/src/stm32f4xx_pwr.c **** 
  66:./Libraries/src/stm32f4xx_pwr.c **** /* Alias word address of FPDS bit */
  67:./Libraries/src/stm32f4xx_pwr.c **** #define FPDS_BitNumber           0x09
  68:./Libraries/src/stm32f4xx_pwr.c **** #define CR_FPDS_BB               (PERIPH_BB_BASE + (CR_OFFSET * 32) + (FPDS_BitNumber * 4))
  69:./Libraries/src/stm32f4xx_pwr.c **** 
  70:./Libraries/src/stm32f4xx_pwr.c **** /* Alias word address of PMODE bit */
  71:./Libraries/src/stm32f4xx_pwr.c **** #define PMODE_BitNumber           0x0E
  72:./Libraries/src/stm32f4xx_pwr.c **** #define CR_PMODE_BB               (PERIPH_BB_BASE + (CR_OFFSET * 32) + (PMODE_BitNumber * 4))
  73:./Libraries/src/stm32f4xx_pwr.c **** 
  74:./Libraries/src/stm32f4xx_pwr.c **** /* Alias word address of ODEN bit */
  75:./Libraries/src/stm32f4xx_pwr.c **** #define ODEN_BitNumber           0x10
  76:./Libraries/src/stm32f4xx_pwr.c **** #define CR_ODEN_BB               (PERIPH_BB_BASE + (CR_OFFSET * 32) + (ODEN_BitNumber * 4))
  77:./Libraries/src/stm32f4xx_pwr.c **** 
  78:./Libraries/src/stm32f4xx_pwr.c **** /* Alias word address of ODSWEN bit */
  79:./Libraries/src/stm32f4xx_pwr.c **** #define ODSWEN_BitNumber         0x11
  80:./Libraries/src/stm32f4xx_pwr.c **** #define CR_ODSWEN_BB             (PERIPH_BB_BASE + (CR_OFFSET * 32) + (ODSWEN_BitNumber * 4))
  81:./Libraries/src/stm32f4xx_pwr.c **** 
  82:./Libraries/src/stm32f4xx_pwr.c **** #if defined(STM32F427_437xx) || defined(STM32F429_439xx) || defined(STM32F446xx)
  83:./Libraries/src/stm32f4xx_pwr.c **** /* Alias word address of MRUDS bit */
  84:./Libraries/src/stm32f4xx_pwr.c **** #define MRUDS_BitNumber         0x0B
  85:./Libraries/src/stm32f4xx_pwr.c **** #define CR_MRUDS_BB             (PERIPH_BB_BASE + (CR_OFFSET * 32) + (MRUDS_BitNumber * 4))
  86:./Libraries/src/stm32f4xx_pwr.c **** 
  87:./Libraries/src/stm32f4xx_pwr.c **** /* Alias word address of LPUDS bit */
ARM GAS  /tmp/ccqiEoki.s 			page 3


  88:./Libraries/src/stm32f4xx_pwr.c **** #define LPUDS_BitNumber         0x0A
  89:./Libraries/src/stm32f4xx_pwr.c **** #define CR_LPUDS_BB             (PERIPH_BB_BASE + (CR_OFFSET * 32) + (LPUDS_BitNumber * 4))
  90:./Libraries/src/stm32f4xx_pwr.c **** #endif /* STM32F427_437xx || STM32F429_439xx || STM32F446xx */
  91:./Libraries/src/stm32f4xx_pwr.c **** 
  92:./Libraries/src/stm32f4xx_pwr.c **** #if defined(STM32F401xx) || defined(STM32F410xx) || defined(STM32F411xE) || defined(STM32F412xG) ||
  93:./Libraries/src/stm32f4xx_pwr.c **** /* Alias word address of MRLVDS bit */
  94:./Libraries/src/stm32f4xx_pwr.c **** #define MRLVDS_BitNumber         0x0B
  95:./Libraries/src/stm32f4xx_pwr.c **** #define CR_MRLVDS_BB             (PERIPH_BB_BASE + (CR_OFFSET * 32) + (MRLVDS_BitNumber * 4))
  96:./Libraries/src/stm32f4xx_pwr.c **** 
  97:./Libraries/src/stm32f4xx_pwr.c **** /* Alias word address of LPLVDS bit */
  98:./Libraries/src/stm32f4xx_pwr.c **** #define LPLVDS_BitNumber         0x0A
  99:./Libraries/src/stm32f4xx_pwr.c **** #define CR_LPLVDS_BB             (PERIPH_BB_BASE + (CR_OFFSET * 32) + (LPLVDS_BitNumber * 4))
 100:./Libraries/src/stm32f4xx_pwr.c **** #endif /* STM32F401xx || STM32F410xx || STM32F411xE || STM32F412xG || STM32F413_423xx */
 101:./Libraries/src/stm32f4xx_pwr.c **** 
 102:./Libraries/src/stm32f4xx_pwr.c **** /* --- CSR Register ---*/
 103:./Libraries/src/stm32f4xx_pwr.c **** #if defined(STM32F40_41xxx) || defined(STM32F427_437xx) || defined(STM32F429_439xx) || defined(STM3
 104:./Libraries/src/stm32f4xx_pwr.c **** /* Alias word address of EWUP bit */
 105:./Libraries/src/stm32f4xx_pwr.c **** #define CSR_OFFSET               (PWR_OFFSET + 0x04)
 106:./Libraries/src/stm32f4xx_pwr.c **** #define EWUP_BitNumber           0x08
 107:./Libraries/src/stm32f4xx_pwr.c **** #define CSR_EWUP_BB              (PERIPH_BB_BASE + (CSR_OFFSET * 32) + (EWUP_BitNumber * 4))
 108:./Libraries/src/stm32f4xx_pwr.c **** #endif /* STM32F40_41xxx || STM32F427_437xx || STM32F429_439xx || STM32F401xx || STM32F410xx || STM
 109:./Libraries/src/stm32f4xx_pwr.c **** 
 110:./Libraries/src/stm32f4xx_pwr.c **** #if defined(STM32F410xx) || defined(STM32F412xG) || defined(STM32F413_423xx) || defined(STM32F446xx
 111:./Libraries/src/stm32f4xx_pwr.c **** /* Alias word address of EWUP2 bit */
 112:./Libraries/src/stm32f4xx_pwr.c **** #define CSR_OFFSET               (PWR_OFFSET + 0x04)
 113:./Libraries/src/stm32f4xx_pwr.c **** #define EWUP1_BitNumber           0x08
 114:./Libraries/src/stm32f4xx_pwr.c **** #define CSR_EWUP1_BB              (PERIPH_BB_BASE + (CSR_OFFSET * 32) + (EWUP1_BitNumber * 4))
 115:./Libraries/src/stm32f4xx_pwr.c **** #define EWUP2_BitNumber           0x07
 116:./Libraries/src/stm32f4xx_pwr.c **** #define CSR_EWUP2_BB              (PERIPH_BB_BASE + (CSR_OFFSET * 32) + (EWUP2_BitNumber * 4))
 117:./Libraries/src/stm32f4xx_pwr.c **** #if defined(STM32F410xx) || defined(STM32F412xG) || defined(STM32F413_423xx)
 118:./Libraries/src/stm32f4xx_pwr.c **** #define EWUP3_BitNumber           0x06
 119:./Libraries/src/stm32f4xx_pwr.c **** #define CSR_EWUP3_BB              (PERIPH_BB_BASE + (CSR_OFFSET * 32) + (EWUP2_BitNumber * 4))
 120:./Libraries/src/stm32f4xx_pwr.c **** #endif /* STM32F410xx || STM32F412xG || STM32F413_423xx */
 121:./Libraries/src/stm32f4xx_pwr.c **** #endif /* STM32F410xx || STM32F412xG || STM32F413_423xx || STM32F446xx */
 122:./Libraries/src/stm32f4xx_pwr.c **** 
 123:./Libraries/src/stm32f4xx_pwr.c **** /* Alias word address of BRE bit */
 124:./Libraries/src/stm32f4xx_pwr.c **** #define BRE_BitNumber            0x09
 125:./Libraries/src/stm32f4xx_pwr.c **** #define CSR_BRE_BB              (PERIPH_BB_BASE + (CSR_OFFSET * 32) + (BRE_BitNumber * 4))
 126:./Libraries/src/stm32f4xx_pwr.c **** 
 127:./Libraries/src/stm32f4xx_pwr.c **** /* ------------------ PWR registers bit mask ------------------------ */
 128:./Libraries/src/stm32f4xx_pwr.c **** 
 129:./Libraries/src/stm32f4xx_pwr.c **** /* CR register bit mask */
 130:./Libraries/src/stm32f4xx_pwr.c **** #define CR_DS_MASK               ((uint32_t)0xFFFFF3FC)
 131:./Libraries/src/stm32f4xx_pwr.c **** #define CR_PLS_MASK              ((uint32_t)0xFFFFFF1F)
 132:./Libraries/src/stm32f4xx_pwr.c **** #define CR_VOS_MASK              ((uint32_t)0xFFFF3FFF)
 133:./Libraries/src/stm32f4xx_pwr.c **** 
 134:./Libraries/src/stm32f4xx_pwr.c **** /* Private macro -------------------------------------------------------------*/
 135:./Libraries/src/stm32f4xx_pwr.c **** /* Private variables ---------------------------------------------------------*/
 136:./Libraries/src/stm32f4xx_pwr.c **** /* Private function prototypes -----------------------------------------------*/
 137:./Libraries/src/stm32f4xx_pwr.c **** /* Private functions ---------------------------------------------------------*/
 138:./Libraries/src/stm32f4xx_pwr.c **** 
 139:./Libraries/src/stm32f4xx_pwr.c **** /** @defgroup PWR_Private_Functions
 140:./Libraries/src/stm32f4xx_pwr.c ****   * @{
 141:./Libraries/src/stm32f4xx_pwr.c ****   */
 142:./Libraries/src/stm32f4xx_pwr.c **** 
 143:./Libraries/src/stm32f4xx_pwr.c **** /** @defgroup PWR_Group1 Backup Domain Access function 
 144:./Libraries/src/stm32f4xx_pwr.c ****   *  @brief   Backup Domain Access function  
ARM GAS  /tmp/ccqiEoki.s 			page 4


 145:./Libraries/src/stm32f4xx_pwr.c ****   *
 146:./Libraries/src/stm32f4xx_pwr.c **** @verbatim   
 147:./Libraries/src/stm32f4xx_pwr.c ****  ===============================================================================
 148:./Libraries/src/stm32f4xx_pwr.c ****                   ##### Backup Domain Access function #####
 149:./Libraries/src/stm32f4xx_pwr.c ****  ===============================================================================  
 150:./Libraries/src/stm32f4xx_pwr.c ****     [..]
 151:./Libraries/src/stm32f4xx_pwr.c ****       After reset, the backup domain (RTC registers, RTC backup data 
 152:./Libraries/src/stm32f4xx_pwr.c ****       registers and backup SRAM) is protected against possible unwanted 
 153:./Libraries/src/stm32f4xx_pwr.c ****       write accesses. 
 154:./Libraries/src/stm32f4xx_pwr.c ****       To enable access to the RTC Domain and RTC registers, proceed as follows:
 155:./Libraries/src/stm32f4xx_pwr.c ****         (+) Enable the Power Controller (PWR) APB1 interface clock using the
 156:./Libraries/src/stm32f4xx_pwr.c ****             RCC_APB1PeriphClockCmd() function.
 157:./Libraries/src/stm32f4xx_pwr.c ****         (+) Enable access to RTC domain using the PWR_BackupAccessCmd() function.
 158:./Libraries/src/stm32f4xx_pwr.c **** 
 159:./Libraries/src/stm32f4xx_pwr.c **** @endverbatim
 160:./Libraries/src/stm32f4xx_pwr.c ****   * @{
 161:./Libraries/src/stm32f4xx_pwr.c ****   */
 162:./Libraries/src/stm32f4xx_pwr.c **** 
 163:./Libraries/src/stm32f4xx_pwr.c **** /**
 164:./Libraries/src/stm32f4xx_pwr.c ****   * @brief  Deinitializes the PWR peripheral registers to their default reset values.     
 165:./Libraries/src/stm32f4xx_pwr.c ****   * @param  None
 166:./Libraries/src/stm32f4xx_pwr.c ****   * @retval None
 167:./Libraries/src/stm32f4xx_pwr.c ****   */
 168:./Libraries/src/stm32f4xx_pwr.c **** void PWR_DeInit(void)
 169:./Libraries/src/stm32f4xx_pwr.c **** {
  29              		.loc 1 169 1 view -0
  30              		.cfi_startproc
  31              		@ args = 0, pretend = 0, frame = 0
  32              		@ frame_needed = 0, uses_anonymous_args = 0
  33 0000 08B5     		push	{r3, lr}
  34              	.LCFI0:
  35              		.cfi_def_cfa_offset 8
  36              		.cfi_offset 3, -8
  37              		.cfi_offset 14, -4
 170:./Libraries/src/stm32f4xx_pwr.c ****   RCC_APB1PeriphResetCmd(RCC_APB1Periph_PWR, ENABLE);
  38              		.loc 1 170 3 view .LVU1
  39 0002 0121     		movs	r1, #1
  40 0004 4FF08050 		mov	r0, #268435456
  41 0008 FFF7FEFF 		bl	RCC_APB1PeriphResetCmd
  42              	.LVL0:
 171:./Libraries/src/stm32f4xx_pwr.c ****   RCC_APB1PeriphResetCmd(RCC_APB1Periph_PWR, DISABLE);
  43              		.loc 1 171 3 view .LVU2
  44 000c 0021     		movs	r1, #0
  45 000e 4FF08050 		mov	r0, #268435456
  46 0012 FFF7FEFF 		bl	RCC_APB1PeriphResetCmd
  47              	.LVL1:
 172:./Libraries/src/stm32f4xx_pwr.c **** }
  48              		.loc 1 172 1 is_stmt 0 view .LVU3
  49 0016 08BD     		pop	{r3, pc}
  50              		.cfi_endproc
  51              	.LFE123:
  53              		.section	.text.PWR_BackupAccessCmd,"ax",%progbits
  54              		.align	1
  55              		.global	PWR_BackupAccessCmd
  56              		.syntax unified
  57              		.thumb
  58              		.thumb_func
ARM GAS  /tmp/ccqiEoki.s 			page 5


  60              	PWR_BackupAccessCmd:
  61              	.LVL2:
  62              	.LFB124:
 173:./Libraries/src/stm32f4xx_pwr.c **** 
 174:./Libraries/src/stm32f4xx_pwr.c **** /**
 175:./Libraries/src/stm32f4xx_pwr.c ****   * @brief  Enables or disables access to the backup domain (RTC registers, RTC 
 176:./Libraries/src/stm32f4xx_pwr.c ****   *         backup data registers and backup SRAM).
 177:./Libraries/src/stm32f4xx_pwr.c ****   * @note   If the HSE divided by 2, 3, ..31 is used as the RTC clock, the 
 178:./Libraries/src/stm32f4xx_pwr.c ****   *         Backup Domain Access should be kept enabled.
 179:./Libraries/src/stm32f4xx_pwr.c ****   * @param  NewState: new state of the access to the backup domain.
 180:./Libraries/src/stm32f4xx_pwr.c ****   *          This parameter can be: ENABLE or DISABLE.
 181:./Libraries/src/stm32f4xx_pwr.c ****   * @retval None
 182:./Libraries/src/stm32f4xx_pwr.c ****   */
 183:./Libraries/src/stm32f4xx_pwr.c **** void PWR_BackupAccessCmd(FunctionalState NewState)
 184:./Libraries/src/stm32f4xx_pwr.c **** {
  63              		.loc 1 184 1 is_stmt 1 view -0
  64              		.cfi_startproc
  65              		@ args = 0, pretend = 0, frame = 0
  66              		@ frame_needed = 0, uses_anonymous_args = 0
  67              		@ link register save eliminated.
 185:./Libraries/src/stm32f4xx_pwr.c ****   /* Check the parameters */
 186:./Libraries/src/stm32f4xx_pwr.c ****   assert_param(IS_FUNCTIONAL_STATE(NewState));
  68              		.loc 1 186 3 view .LVU5
 187:./Libraries/src/stm32f4xx_pwr.c ****   
 188:./Libraries/src/stm32f4xx_pwr.c ****   *(__IO uint32_t *) CR_DBP_BB = (uint32_t)NewState;
  69              		.loc 1 188 3 view .LVU6
  70              		.loc 1 188 32 is_stmt 0 view .LVU7
  71 0000 014B     		ldr	r3, .L4
  72 0002 1862     		str	r0, [r3, #32]
 189:./Libraries/src/stm32f4xx_pwr.c **** }
  73              		.loc 1 189 1 view .LVU8
  74 0004 7047     		bx	lr
  75              	.L5:
  76 0006 00BF     		.align	2
  77              	.L4:
  78 0008 00000E42 		.word	1108213760
  79              		.cfi_endproc
  80              	.LFE124:
  82              		.section	.text.PWR_PVDLevelConfig,"ax",%progbits
  83              		.align	1
  84              		.global	PWR_PVDLevelConfig
  85              		.syntax unified
  86              		.thumb
  87              		.thumb_func
  89              	PWR_PVDLevelConfig:
  90              	.LVL3:
  91              	.LFB125:
 190:./Libraries/src/stm32f4xx_pwr.c **** 
 191:./Libraries/src/stm32f4xx_pwr.c **** /**
 192:./Libraries/src/stm32f4xx_pwr.c ****   * @}
 193:./Libraries/src/stm32f4xx_pwr.c ****   */
 194:./Libraries/src/stm32f4xx_pwr.c **** 
 195:./Libraries/src/stm32f4xx_pwr.c **** /** @defgroup PWR_Group2 PVD configuration functions
 196:./Libraries/src/stm32f4xx_pwr.c ****   *  @brief   PVD configuration functions 
 197:./Libraries/src/stm32f4xx_pwr.c ****   *
 198:./Libraries/src/stm32f4xx_pwr.c **** @verbatim   
 199:./Libraries/src/stm32f4xx_pwr.c ****  ===============================================================================
ARM GAS  /tmp/ccqiEoki.s 			page 6


 200:./Libraries/src/stm32f4xx_pwr.c ****                     ##### PVD configuration functions #####
 201:./Libraries/src/stm32f4xx_pwr.c ****  ===============================================================================  
 202:./Libraries/src/stm32f4xx_pwr.c ****     [..]
 203:./Libraries/src/stm32f4xx_pwr.c ****       (+) The PVD is used to monitor the VDD power supply by comparing it to a 
 204:./Libraries/src/stm32f4xx_pwr.c ****           threshold selected by the PVD Level (PLS[2:0] bits in the PWR_CR).
 205:./Libraries/src/stm32f4xx_pwr.c ****       (+) A PVDO flag is available to indicate if VDD/VDDA is higher or lower 
 206:./Libraries/src/stm32f4xx_pwr.c ****           than the PVD threshold. This event is internally connected to the EXTI 
 207:./Libraries/src/stm32f4xx_pwr.c ****           line16 and can generate an interrupt if enabled through the EXTI registers.
 208:./Libraries/src/stm32f4xx_pwr.c ****       (+) The PVD is stopped in Standby mode.
 209:./Libraries/src/stm32f4xx_pwr.c **** 
 210:./Libraries/src/stm32f4xx_pwr.c **** @endverbatim
 211:./Libraries/src/stm32f4xx_pwr.c ****   * @{
 212:./Libraries/src/stm32f4xx_pwr.c ****   */
 213:./Libraries/src/stm32f4xx_pwr.c **** 
 214:./Libraries/src/stm32f4xx_pwr.c **** /**
 215:./Libraries/src/stm32f4xx_pwr.c ****   * @brief  Configures the voltage threshold detected by the Power Voltage Detector(PVD).
 216:./Libraries/src/stm32f4xx_pwr.c ****   * @param  PWR_PVDLevel: specifies the PVD detection level
 217:./Libraries/src/stm32f4xx_pwr.c ****   *          This parameter can be one of the following values:
 218:./Libraries/src/stm32f4xx_pwr.c ****   *            @arg PWR_PVDLevel_0
 219:./Libraries/src/stm32f4xx_pwr.c ****   *            @arg PWR_PVDLevel_1
 220:./Libraries/src/stm32f4xx_pwr.c ****   *            @arg PWR_PVDLevel_2
 221:./Libraries/src/stm32f4xx_pwr.c ****   *            @arg PWR_PVDLevel_3
 222:./Libraries/src/stm32f4xx_pwr.c ****   *            @arg PWR_PVDLevel_4
 223:./Libraries/src/stm32f4xx_pwr.c ****   *            @arg PWR_PVDLevel_5
 224:./Libraries/src/stm32f4xx_pwr.c ****   *            @arg PWR_PVDLevel_6
 225:./Libraries/src/stm32f4xx_pwr.c ****   *            @arg PWR_PVDLevel_7
 226:./Libraries/src/stm32f4xx_pwr.c ****   * @note   Refer to the electrical characteristics of your device datasheet for
 227:./Libraries/src/stm32f4xx_pwr.c ****   *         more details about the voltage threshold corresponding to each 
 228:./Libraries/src/stm32f4xx_pwr.c ****   *         detection level.
 229:./Libraries/src/stm32f4xx_pwr.c ****   * @retval None
 230:./Libraries/src/stm32f4xx_pwr.c ****   */
 231:./Libraries/src/stm32f4xx_pwr.c **** void PWR_PVDLevelConfig(uint32_t PWR_PVDLevel)
 232:./Libraries/src/stm32f4xx_pwr.c **** {
  92              		.loc 1 232 1 is_stmt 1 view -0
  93              		.cfi_startproc
  94              		@ args = 0, pretend = 0, frame = 0
  95              		@ frame_needed = 0, uses_anonymous_args = 0
  96              		@ link register save eliminated.
 233:./Libraries/src/stm32f4xx_pwr.c ****   uint32_t tmpreg = 0;
  97              		.loc 1 233 3 view .LVU10
 234:./Libraries/src/stm32f4xx_pwr.c ****   
 235:./Libraries/src/stm32f4xx_pwr.c ****   /* Check the parameters */
 236:./Libraries/src/stm32f4xx_pwr.c ****   assert_param(IS_PWR_PVD_LEVEL(PWR_PVDLevel));
  98              		.loc 1 236 3 view .LVU11
 237:./Libraries/src/stm32f4xx_pwr.c ****   
 238:./Libraries/src/stm32f4xx_pwr.c ****   tmpreg = PWR->CR;
  99              		.loc 1 238 3 view .LVU12
 100              		.loc 1 238 10 is_stmt 0 view .LVU13
 101 0000 034A     		ldr	r2, .L7
 102 0002 1368     		ldr	r3, [r2]
 103              	.LVL4:
 239:./Libraries/src/stm32f4xx_pwr.c ****   
 240:./Libraries/src/stm32f4xx_pwr.c ****   /* Clear PLS[7:5] bits */
 241:./Libraries/src/stm32f4xx_pwr.c ****   tmpreg &= CR_PLS_MASK;
 104              		.loc 1 241 3 is_stmt 1 view .LVU14
 105              		.loc 1 241 10 is_stmt 0 view .LVU15
 106 0004 23F0E003 		bic	r3, r3, #224
ARM GAS  /tmp/ccqiEoki.s 			page 7


 107              	.LVL5:
 242:./Libraries/src/stm32f4xx_pwr.c ****   
 243:./Libraries/src/stm32f4xx_pwr.c ****   /* Set PLS[7:5] bits according to PWR_PVDLevel value */
 244:./Libraries/src/stm32f4xx_pwr.c ****   tmpreg |= PWR_PVDLevel;
 108              		.loc 1 244 3 is_stmt 1 view .LVU16
 109              		.loc 1 244 10 is_stmt 0 view .LVU17
 110 0008 0343     		orrs	r3, r3, r0
 111              	.LVL6:
 245:./Libraries/src/stm32f4xx_pwr.c ****   
 246:./Libraries/src/stm32f4xx_pwr.c ****   /* Store the new value */
 247:./Libraries/src/stm32f4xx_pwr.c ****   PWR->CR = tmpreg;
 112              		.loc 1 247 3 is_stmt 1 view .LVU18
 113              		.loc 1 247 11 is_stmt 0 view .LVU19
 114 000a 1360     		str	r3, [r2]
 248:./Libraries/src/stm32f4xx_pwr.c **** }
 115              		.loc 1 248 1 view .LVU20
 116 000c 7047     		bx	lr
 117              	.L8:
 118 000e 00BF     		.align	2
 119              	.L7:
 120 0010 00700040 		.word	1073770496
 121              		.cfi_endproc
 122              	.LFE125:
 124              		.section	.text.PWR_PVDCmd,"ax",%progbits
 125              		.align	1
 126              		.global	PWR_PVDCmd
 127              		.syntax unified
 128              		.thumb
 129              		.thumb_func
 131              	PWR_PVDCmd:
 132              	.LVL7:
 133              	.LFB126:
 249:./Libraries/src/stm32f4xx_pwr.c **** 
 250:./Libraries/src/stm32f4xx_pwr.c **** /**
 251:./Libraries/src/stm32f4xx_pwr.c ****   * @brief  Enables or disables the Power Voltage Detector(PVD).
 252:./Libraries/src/stm32f4xx_pwr.c ****   * @param  NewState: new state of the PVD.
 253:./Libraries/src/stm32f4xx_pwr.c ****   *         This parameter can be: ENABLE or DISABLE.
 254:./Libraries/src/stm32f4xx_pwr.c ****   * @retval None
 255:./Libraries/src/stm32f4xx_pwr.c ****   */
 256:./Libraries/src/stm32f4xx_pwr.c **** void PWR_PVDCmd(FunctionalState NewState)
 257:./Libraries/src/stm32f4xx_pwr.c **** {
 134              		.loc 1 257 1 is_stmt 1 view -0
 135              		.cfi_startproc
 136              		@ args = 0, pretend = 0, frame = 0
 137              		@ frame_needed = 0, uses_anonymous_args = 0
 138              		@ link register save eliminated.
 258:./Libraries/src/stm32f4xx_pwr.c ****   /* Check the parameters */
 259:./Libraries/src/stm32f4xx_pwr.c ****   assert_param(IS_FUNCTIONAL_STATE(NewState));
 139              		.loc 1 259 3 view .LVU22
 260:./Libraries/src/stm32f4xx_pwr.c ****   
 261:./Libraries/src/stm32f4xx_pwr.c ****   *(__IO uint32_t *) CR_PVDE_BB = (uint32_t)NewState;
 140              		.loc 1 261 3 view .LVU23
 141              		.loc 1 261 33 is_stmt 0 view .LVU24
 142 0000 014B     		ldr	r3, .L10
 143 0002 1861     		str	r0, [r3, #16]
 262:./Libraries/src/stm32f4xx_pwr.c **** }
 144              		.loc 1 262 1 view .LVU25
ARM GAS  /tmp/ccqiEoki.s 			page 8


 145 0004 7047     		bx	lr
 146              	.L11:
 147 0006 00BF     		.align	2
 148              	.L10:
 149 0008 00000E42 		.word	1108213760
 150              		.cfi_endproc
 151              	.LFE126:
 153              		.section	.text.PWR_WakeUpPinCmd,"ax",%progbits
 154              		.align	1
 155              		.global	PWR_WakeUpPinCmd
 156              		.syntax unified
 157              		.thumb
 158              		.thumb_func
 160              	PWR_WakeUpPinCmd:
 161              	.LVL8:
 162              	.LFB127:
 263:./Libraries/src/stm32f4xx_pwr.c **** 
 264:./Libraries/src/stm32f4xx_pwr.c **** /**
 265:./Libraries/src/stm32f4xx_pwr.c ****   * @}
 266:./Libraries/src/stm32f4xx_pwr.c ****   */
 267:./Libraries/src/stm32f4xx_pwr.c **** 
 268:./Libraries/src/stm32f4xx_pwr.c **** /** @defgroup PWR_Group3 WakeUp pin configuration functions
 269:./Libraries/src/stm32f4xx_pwr.c ****   *  @brief   WakeUp pin configuration functions 
 270:./Libraries/src/stm32f4xx_pwr.c ****   *
 271:./Libraries/src/stm32f4xx_pwr.c **** @verbatim   
 272:./Libraries/src/stm32f4xx_pwr.c ****  ===============================================================================
 273:./Libraries/src/stm32f4xx_pwr.c ****                  ##### WakeUp pin configuration functions #####
 274:./Libraries/src/stm32f4xx_pwr.c ****  ===============================================================================  
 275:./Libraries/src/stm32f4xx_pwr.c ****     [..]
 276:./Libraries/src/stm32f4xx_pwr.c ****       (+) WakeUp pin is used to wakeup the system from Standby mode. This pin is 
 277:./Libraries/src/stm32f4xx_pwr.c ****           forced in input pull down configuration and is active on rising edges.
 278:./Libraries/src/stm32f4xx_pwr.c ****       (+) There is one Wake-up pin: Wake-up Pin 1 on PA.00.
 279:./Libraries/src/stm32f4xx_pwr.c **** 	   (++) For STM32F446xx there are two Wake-Up pins: Pin1 on PA.00 and Pin2 on PC.13
 280:./Libraries/src/stm32f4xx_pwr.c ****            (++) For STM32F410xx/STM32F412xG/STM32F413_423xx there are three Wake-Up pins: Pin1 on P
 281:./Libraries/src/stm32f4xx_pwr.c **** @endverbatim
 282:./Libraries/src/stm32f4xx_pwr.c ****   * @{
 283:./Libraries/src/stm32f4xx_pwr.c ****   */
 284:./Libraries/src/stm32f4xx_pwr.c **** #if defined(STM32F40_41xxx) || defined(STM32F427_437xx) || defined(STM32F429_439xx) || defined(STM3
 285:./Libraries/src/stm32f4xx_pwr.c **** /**
 286:./Libraries/src/stm32f4xx_pwr.c ****   * @brief  Enables or disables the WakeUp Pin functionality.
 287:./Libraries/src/stm32f4xx_pwr.c ****   * @param  NewState: new state of the WakeUp Pin functionality.
 288:./Libraries/src/stm32f4xx_pwr.c ****   *         This parameter can be: ENABLE or DISABLE.
 289:./Libraries/src/stm32f4xx_pwr.c ****   * @retval None
 290:./Libraries/src/stm32f4xx_pwr.c ****   */
 291:./Libraries/src/stm32f4xx_pwr.c **** void PWR_WakeUpPinCmd(FunctionalState NewState)
 292:./Libraries/src/stm32f4xx_pwr.c **** {
 163              		.loc 1 292 1 is_stmt 1 view -0
 164              		.cfi_startproc
 165              		@ args = 0, pretend = 0, frame = 0
 166              		@ frame_needed = 0, uses_anonymous_args = 0
 167              		@ link register save eliminated.
 293:./Libraries/src/stm32f4xx_pwr.c ****   /* Check the parameters */  
 294:./Libraries/src/stm32f4xx_pwr.c ****   assert_param(IS_FUNCTIONAL_STATE(NewState));
 168              		.loc 1 294 3 view .LVU27
 295:./Libraries/src/stm32f4xx_pwr.c **** 
 296:./Libraries/src/stm32f4xx_pwr.c ****   *(__IO uint32_t *) CSR_EWUP_BB = (uint32_t)NewState;
 169              		.loc 1 296 3 view .LVU28
ARM GAS  /tmp/ccqiEoki.s 			page 9


 170              		.loc 1 296 34 is_stmt 0 view .LVU29
 171 0000 014B     		ldr	r3, .L13
 172 0002 C3F8A000 		str	r0, [r3, #160]
 297:./Libraries/src/stm32f4xx_pwr.c **** }
 173              		.loc 1 297 1 view .LVU30
 174 0006 7047     		bx	lr
 175              	.L14:
 176              		.align	2
 177              	.L13:
 178 0008 00000E42 		.word	1108213760
 179              		.cfi_endproc
 180              	.LFE127:
 182              		.section	.text.PWR_BackupRegulatorCmd,"ax",%progbits
 183              		.align	1
 184              		.global	PWR_BackupRegulatorCmd
 185              		.syntax unified
 186              		.thumb
 187              		.thumb_func
 189              	PWR_BackupRegulatorCmd:
 190              	.LVL9:
 191              	.LFB128:
 298:./Libraries/src/stm32f4xx_pwr.c **** #endif /* STM32F40_41xxx || STM32F427_437xx || STM32F429_439xx || STM32F401xx || STM32F411xE */
 299:./Libraries/src/stm32f4xx_pwr.c **** 
 300:./Libraries/src/stm32f4xx_pwr.c **** #if defined(STM32F410xx) || defined(STM32F412xG) || defined(STM32F413_423xx) || defined(STM32F446xx
 301:./Libraries/src/stm32f4xx_pwr.c **** /**
 302:./Libraries/src/stm32f4xx_pwr.c ****   * @brief  Enables or disables the WakeUp Pin functionality.
 303:./Libraries/src/stm32f4xx_pwr.c ****   * @param  PWR_WakeUpPinx: specifies the WakeUp Pin.
 304:./Libraries/src/stm32f4xx_pwr.c ****   *          This parameter can be one of the following values:
 305:./Libraries/src/stm32f4xx_pwr.c ****   *            @arg PWR_WakeUp_Pin1: WKUP1 pin is used for wakeup from Standby mode.
 306:./Libraries/src/stm32f4xx_pwr.c ****   *            @arg PWR_WakeUp_Pin2: WKUP2 pin is used for wakeup from Standby mode.
 307:./Libraries/src/stm32f4xx_pwr.c ****   *            @arg PWR_WakeUp_Pin3: WKUP3 pin is used for wakeup from Standby mode.(only for STM32
 308:./Libraries/src/stm32f4xx_pwr.c ****   * @param  NewState: new state of the WakeUp Pin functionality.
 309:./Libraries/src/stm32f4xx_pwr.c ****   *         This parameter can be: ENABLE or DISABLE.
 310:./Libraries/src/stm32f4xx_pwr.c ****   * @retval None
 311:./Libraries/src/stm32f4xx_pwr.c ****   */
 312:./Libraries/src/stm32f4xx_pwr.c **** void PWR_WakeUpPinCmd(uint32_t PWR_WakeUpPinx, FunctionalState NewState)
 313:./Libraries/src/stm32f4xx_pwr.c **** {
 314:./Libraries/src/stm32f4xx_pwr.c ****   /* Check the parameters */  
 315:./Libraries/src/stm32f4xx_pwr.c ****   assert_param(IS_FUNCTIONAL_STATE(NewState));
 316:./Libraries/src/stm32f4xx_pwr.c ****   assert_param(IS_PWR_WAKEUP_PIN(NewState));
 317:./Libraries/src/stm32f4xx_pwr.c ****   if(PWR_WakeUpPinx == PWR_WakeUp_Pin1) /* PWR_WakeUp_Pin1 */
 318:./Libraries/src/stm32f4xx_pwr.c ****   {
 319:./Libraries/src/stm32f4xx_pwr.c ****     *(__IO uint32_t *) CSR_EWUP1_BB = (uint32_t)NewState;
 320:./Libraries/src/stm32f4xx_pwr.c ****   }
 321:./Libraries/src/stm32f4xx_pwr.c **** #if defined(STM32F410xx)|| defined(STM32F412xG) || defined(STM32F413_423xx)  
 322:./Libraries/src/stm32f4xx_pwr.c ****   else if(PWR_WakeUpPinx == PWR_WakeUp_Pin3) /* PWR_WakeUp_Pin3 */
 323:./Libraries/src/stm32f4xx_pwr.c ****   {
 324:./Libraries/src/stm32f4xx_pwr.c ****     *(__IO uint32_t *) CSR_EWUP3_BB = (uint32_t)NewState;
 325:./Libraries/src/stm32f4xx_pwr.c ****   }
 326:./Libraries/src/stm32f4xx_pwr.c **** #endif /* STM32F410xx */  
 327:./Libraries/src/stm32f4xx_pwr.c ****   else /* PWR_WakeUp_Pin2 */
 328:./Libraries/src/stm32f4xx_pwr.c ****   {
 329:./Libraries/src/stm32f4xx_pwr.c ****     *(__IO uint32_t *) CSR_EWUP2_BB = (uint32_t)NewState;
 330:./Libraries/src/stm32f4xx_pwr.c ****   }
 331:./Libraries/src/stm32f4xx_pwr.c **** }
 332:./Libraries/src/stm32f4xx_pwr.c **** #endif /* STM32F410xx || STM32F412xG || STM32F413_423xx || STM32F446xx */
 333:./Libraries/src/stm32f4xx_pwr.c **** 
ARM GAS  /tmp/ccqiEoki.s 			page 10


 334:./Libraries/src/stm32f4xx_pwr.c **** /**
 335:./Libraries/src/stm32f4xx_pwr.c ****   * @}
 336:./Libraries/src/stm32f4xx_pwr.c ****   */
 337:./Libraries/src/stm32f4xx_pwr.c **** 
 338:./Libraries/src/stm32f4xx_pwr.c **** /** @defgroup PWR_Group4 Main and Backup Regulators configuration functions
 339:./Libraries/src/stm32f4xx_pwr.c ****   *  @brief   Main and Backup Regulators configuration functions 
 340:./Libraries/src/stm32f4xx_pwr.c ****   *
 341:./Libraries/src/stm32f4xx_pwr.c **** @verbatim   
 342:./Libraries/src/stm32f4xx_pwr.c ****  ===============================================================================
 343:./Libraries/src/stm32f4xx_pwr.c ****           ##### Main and Backup Regulators configuration functions #####
 344:./Libraries/src/stm32f4xx_pwr.c ****  ===============================================================================  
 345:./Libraries/src/stm32f4xx_pwr.c ****     [..]
 346:./Libraries/src/stm32f4xx_pwr.c ****       (+) The backup domain includes 4 Kbytes of backup SRAM accessible only from 
 347:./Libraries/src/stm32f4xx_pwr.c ****           the CPU, and address in 32-bit, 16-bit or 8-bit mode. Its content is 
 348:./Libraries/src/stm32f4xx_pwr.c ****           retained even in Standby or VBAT mode when the low power backup regulator
 349:./Libraries/src/stm32f4xx_pwr.c ****           is enabled. It can be considered as an internal EEPROM when VBAT is 
 350:./Libraries/src/stm32f4xx_pwr.c ****           always present. You can use the PWR_BackupRegulatorCmd() function to 
 351:./Libraries/src/stm32f4xx_pwr.c ****           enable the low power backup regulator and use the PWR_GetFlagStatus
 352:./Libraries/src/stm32f4xx_pwr.c ****           (PWR_FLAG_BRR) to check if it is ready or not. 
 353:./Libraries/src/stm32f4xx_pwr.c **** 
 354:./Libraries/src/stm32f4xx_pwr.c ****       (+) When the backup domain is supplied by VDD (analog switch connected to VDD) 
 355:./Libraries/src/stm32f4xx_pwr.c ****           the backup SRAM is powered from VDD which replaces the VBAT power supply to 
 356:./Libraries/src/stm32f4xx_pwr.c ****           save battery life.
 357:./Libraries/src/stm32f4xx_pwr.c **** 
 358:./Libraries/src/stm32f4xx_pwr.c ****       (+) The backup SRAM is not mass erased by an tamper event. It is read 
 359:./Libraries/src/stm32f4xx_pwr.c ****           protected to prevent confidential data, such as cryptographic private 
 360:./Libraries/src/stm32f4xx_pwr.c ****           key, from being accessed. The backup SRAM can be erased only through 
 361:./Libraries/src/stm32f4xx_pwr.c ****           the Flash interface when a protection level change from level 1 to 
 362:./Libraries/src/stm32f4xx_pwr.c ****           level 0 is requested. 
 363:./Libraries/src/stm32f4xx_pwr.c ****       -@- Refer to the description of Read protection (RDP) in the reference manual.
 364:./Libraries/src/stm32f4xx_pwr.c **** 
 365:./Libraries/src/stm32f4xx_pwr.c ****       (+) The main internal regulator can be configured to have a tradeoff between 
 366:./Libraries/src/stm32f4xx_pwr.c ****           performance and power consumption when the device does not operate at 
 367:./Libraries/src/stm32f4xx_pwr.c ****           the maximum frequency. 
 368:./Libraries/src/stm32f4xx_pwr.c ****       (+) For STM32F405xx/407xx and STM32F415xx/417xx  Devices, the regulator can be     
 369:./Libraries/src/stm32f4xx_pwr.c ****           configured on the fly through PWR_MainRegulatorModeConfig() function which  
 370:./Libraries/src/stm32f4xx_pwr.c ****           configure VOS bit in PWR_CR register:
 371:./Libraries/src/stm32f4xx_pwr.c ****         (++) When this bit is set (Regulator voltage output Scale 1 mode selected) 
 372:./Libraries/src/stm32f4xx_pwr.c ****              the System frequency can go up to 168 MHz. 
 373:./Libraries/src/stm32f4xx_pwr.c ****         (++) When this bit is reset (Regulator voltage output Scale 2 mode selected) 
 374:./Libraries/src/stm32f4xx_pwr.c ****              the System frequency can go up to 144 MHz.
 375:./Libraries/src/stm32f4xx_pwr.c ****              
 376:./Libraries/src/stm32f4xx_pwr.c ****        (+) For STM32F42xxx/43xxx Devices, the regulator can be configured through    
 377:./Libraries/src/stm32f4xx_pwr.c ****            PWR_MainRegulatorModeConfig() function which configure VOS[1:0] bits in
 378:./Libraries/src/stm32f4xx_pwr.c ****            PWR_CR register:  
 379:./Libraries/src/stm32f4xx_pwr.c ****            which configure VOS[1:0] bits in PWR_CR register: 
 380:./Libraries/src/stm32f4xx_pwr.c ****         (++) When VOS[1:0] = 11 (Regulator voltage output Scale 1 mode selected) 
 381:./Libraries/src/stm32f4xx_pwr.c ****              the System frequency can go up to 168 MHz. 
 382:./Libraries/src/stm32f4xx_pwr.c ****         (++) When VOS[1:0] = 10 (Regulator voltage output Scale 2 mode selected) 
 383:./Libraries/src/stm32f4xx_pwr.c ****              the System frequency can go up to 144 MHz.  
 384:./Libraries/src/stm32f4xx_pwr.c ****         (++) When VOS[1:0] = 01 (Regulator voltage output Scale 3 mode selected) 
 385:./Libraries/src/stm32f4xx_pwr.c ****              the System frequency can go up to 120 MHz. 
 386:./Libraries/src/stm32f4xx_pwr.c ****                           
 387:./Libraries/src/stm32f4xx_pwr.c ****        (+) For STM32F42xxx/43xxx Devices, the scale can be modified only when the PLL 
 388:./Libraries/src/stm32f4xx_pwr.c ****            is OFF and the HSI or HSE clock source is selected as system clock. 
 389:./Libraries/src/stm32f4xx_pwr.c ****            The new value programmed is active only when the PLL is ON.
 390:./Libraries/src/stm32f4xx_pwr.c ****            When the PLL is OFF, the voltage scale 3 is automatically selected. 
ARM GAS  /tmp/ccqiEoki.s 			page 11


 391:./Libraries/src/stm32f4xx_pwr.c ****         Refer to the datasheets for more details.
 392:./Libraries/src/stm32f4xx_pwr.c ****         
 393:./Libraries/src/stm32f4xx_pwr.c ****        (+) For STM32F42xxx/43xxx Devices, in Run mode: the main regulator has
 394:./Libraries/src/stm32f4xx_pwr.c ****            2 operating modes available:
 395:./Libraries/src/stm32f4xx_pwr.c ****         (++) Normal mode: The CPU and core logic operate at maximum frequency at a given 
 396:./Libraries/src/stm32f4xx_pwr.c ****              voltage scaling (scale 1, scale 2 or scale 3)
 397:./Libraries/src/stm32f4xx_pwr.c ****         (++) Over-drive mode: This mode allows the CPU and the core logic to operate at a 
 398:./Libraries/src/stm32f4xx_pwr.c ****             higher frequency than the normal mode for a given voltage scaling (scale 1,  
 399:./Libraries/src/stm32f4xx_pwr.c ****             scale 2 or scale 3). This mode is enabled through PWR_OverDriveCmd() function and
 400:./Libraries/src/stm32f4xx_pwr.c ****             PWR_OverDriveSWCmd() function, to enter or exit from Over-drive mode please follow 
 401:./Libraries/src/stm32f4xx_pwr.c ****             the sequence described in Reference manual.
 402:./Libraries/src/stm32f4xx_pwr.c ****              
 403:./Libraries/src/stm32f4xx_pwr.c ****        (+) For STM32F42xxx/43xxx Devices, in Stop mode: the main regulator or low power regulator 
 404:./Libraries/src/stm32f4xx_pwr.c ****            supplies a low power voltage to the 1.2V domain, thus preserving the content of register
 405:./Libraries/src/stm32f4xx_pwr.c ****            and internal SRAM. 2 operating modes are available:
 406:./Libraries/src/stm32f4xx_pwr.c ****          (++) Normal mode: the 1.2V domain is preserved in nominal leakage mode. This mode is only 
 407:./Libraries/src/stm32f4xx_pwr.c ****               available when the main regulator or the low power regulator is used in Scale 3 or 
 408:./Libraries/src/stm32f4xx_pwr.c ****               low voltage mode.
 409:./Libraries/src/stm32f4xx_pwr.c ****          (++) Under-drive mode: the 1.2V domain is preserved in reduced leakage mode. This mode is 
 410:./Libraries/src/stm32f4xx_pwr.c ****               available when the main regulator or the low power regulator is in low voltage mode.
 411:./Libraries/src/stm32f4xx_pwr.c ****               This mode is enabled through PWR_UnderDriveCmd() function.
 412:./Libraries/src/stm32f4xx_pwr.c ****             
 413:./Libraries/src/stm32f4xx_pwr.c **** @endverbatim
 414:./Libraries/src/stm32f4xx_pwr.c ****   * @{
 415:./Libraries/src/stm32f4xx_pwr.c ****   */
 416:./Libraries/src/stm32f4xx_pwr.c **** 
 417:./Libraries/src/stm32f4xx_pwr.c **** /**
 418:./Libraries/src/stm32f4xx_pwr.c ****   * @brief  Enables or disables the Backup Regulator.
 419:./Libraries/src/stm32f4xx_pwr.c ****   * @param  NewState: new state of the Backup Regulator.
 420:./Libraries/src/stm32f4xx_pwr.c ****   *          This parameter can be: ENABLE or DISABLE.
 421:./Libraries/src/stm32f4xx_pwr.c ****   * @retval None
 422:./Libraries/src/stm32f4xx_pwr.c ****   */
 423:./Libraries/src/stm32f4xx_pwr.c **** void PWR_BackupRegulatorCmd(FunctionalState NewState)
 424:./Libraries/src/stm32f4xx_pwr.c **** {
 192              		.loc 1 424 1 is_stmt 1 view -0
 193              		.cfi_startproc
 194              		@ args = 0, pretend = 0, frame = 0
 195              		@ frame_needed = 0, uses_anonymous_args = 0
 196              		@ link register save eliminated.
 425:./Libraries/src/stm32f4xx_pwr.c ****   /* Check the parameters */
 426:./Libraries/src/stm32f4xx_pwr.c ****   assert_param(IS_FUNCTIONAL_STATE(NewState));
 197              		.loc 1 426 3 view .LVU32
 427:./Libraries/src/stm32f4xx_pwr.c **** 
 428:./Libraries/src/stm32f4xx_pwr.c ****   *(__IO uint32_t *) CSR_BRE_BB = (uint32_t)NewState;
 198              		.loc 1 428 3 view .LVU33
 199              		.loc 1 428 33 is_stmt 0 view .LVU34
 200 0000 014B     		ldr	r3, .L16
 201 0002 C3F8A400 		str	r0, [r3, #164]
 429:./Libraries/src/stm32f4xx_pwr.c **** }
 202              		.loc 1 429 1 view .LVU35
 203 0006 7047     		bx	lr
 204              	.L17:
 205              		.align	2
 206              	.L16:
 207 0008 00000E42 		.word	1108213760
 208              		.cfi_endproc
 209              	.LFE128:
ARM GAS  /tmp/ccqiEoki.s 			page 12


 211              		.section	.text.PWR_MainRegulatorModeConfig,"ax",%progbits
 212              		.align	1
 213              		.global	PWR_MainRegulatorModeConfig
 214              		.syntax unified
 215              		.thumb
 216              		.thumb_func
 218              	PWR_MainRegulatorModeConfig:
 219              	.LVL10:
 220              	.LFB129:
 430:./Libraries/src/stm32f4xx_pwr.c **** 
 431:./Libraries/src/stm32f4xx_pwr.c **** /**
 432:./Libraries/src/stm32f4xx_pwr.c ****   * @brief  Configures the main internal regulator output voltage.
 433:./Libraries/src/stm32f4xx_pwr.c ****   * @param  PWR_Regulator_Voltage: specifies the regulator output voltage to achieve
 434:./Libraries/src/stm32f4xx_pwr.c ****   *         a tradeoff between performance and power consumption when the device does
 435:./Libraries/src/stm32f4xx_pwr.c ****   *         not operate at the maximum frequency (refer to the datasheets for more details).
 436:./Libraries/src/stm32f4xx_pwr.c ****   *          This parameter can be one of the following values:
 437:./Libraries/src/stm32f4xx_pwr.c ****   *            @arg PWR_Regulator_Voltage_Scale1: Regulator voltage output Scale 1 mode, 
 438:./Libraries/src/stm32f4xx_pwr.c ****   *                                                System frequency up to 168 MHz. 
 439:./Libraries/src/stm32f4xx_pwr.c ****   *            @arg PWR_Regulator_Voltage_Scale2: Regulator voltage output Scale 2 mode, 
 440:./Libraries/src/stm32f4xx_pwr.c ****   *                                                System frequency up to 144 MHz.    
 441:./Libraries/src/stm32f4xx_pwr.c ****   *            @arg PWR_Regulator_Voltage_Scale3: Regulator voltage output Scale 3 mode, 
 442:./Libraries/src/stm32f4xx_pwr.c ****   *                                                System frequency up to 120 MHz (only for STM32F4
 443:./Libraries/src/stm32f4xx_pwr.c ****   * @retval None
 444:./Libraries/src/stm32f4xx_pwr.c ****   */
 445:./Libraries/src/stm32f4xx_pwr.c **** void PWR_MainRegulatorModeConfig(uint32_t PWR_Regulator_Voltage)
 446:./Libraries/src/stm32f4xx_pwr.c **** {
 221              		.loc 1 446 1 is_stmt 1 view -0
 222              		.cfi_startproc
 223              		@ args = 0, pretend = 0, frame = 0
 224              		@ frame_needed = 0, uses_anonymous_args = 0
 225              		@ link register save eliminated.
 447:./Libraries/src/stm32f4xx_pwr.c ****   uint32_t tmpreg = 0;
 226              		.loc 1 447 3 view .LVU37
 448:./Libraries/src/stm32f4xx_pwr.c **** 	
 449:./Libraries/src/stm32f4xx_pwr.c ****   /* Check the parameters */
 450:./Libraries/src/stm32f4xx_pwr.c ****   assert_param(IS_PWR_REGULATOR_VOLTAGE(PWR_Regulator_Voltage));
 227              		.loc 1 450 3 view .LVU38
 451:./Libraries/src/stm32f4xx_pwr.c **** 
 452:./Libraries/src/stm32f4xx_pwr.c ****   tmpreg = PWR->CR;
 228              		.loc 1 452 3 view .LVU39
 229              		.loc 1 452 10 is_stmt 0 view .LVU40
 230 0000 034A     		ldr	r2, .L19
 231 0002 1368     		ldr	r3, [r2]
 232              	.LVL11:
 453:./Libraries/src/stm32f4xx_pwr.c ****   
 454:./Libraries/src/stm32f4xx_pwr.c ****   /* Clear VOS[15:14] bits */
 455:./Libraries/src/stm32f4xx_pwr.c ****   tmpreg &= CR_VOS_MASK;
 233              		.loc 1 455 3 is_stmt 1 view .LVU41
 234              		.loc 1 455 10 is_stmt 0 view .LVU42
 235 0004 23F44043 		bic	r3, r3, #49152
 236              	.LVL12:
 456:./Libraries/src/stm32f4xx_pwr.c ****   
 457:./Libraries/src/stm32f4xx_pwr.c ****   /* Set VOS[15:14] bits according to PWR_Regulator_Voltage value */
 458:./Libraries/src/stm32f4xx_pwr.c ****   tmpreg |= PWR_Regulator_Voltage;
 237              		.loc 1 458 3 is_stmt 1 view .LVU43
 238              		.loc 1 458 10 is_stmt 0 view .LVU44
 239 0008 0343     		orrs	r3, r3, r0
ARM GAS  /tmp/ccqiEoki.s 			page 13


 240              	.LVL13:
 459:./Libraries/src/stm32f4xx_pwr.c ****   
 460:./Libraries/src/stm32f4xx_pwr.c ****   /* Store the new value */
 461:./Libraries/src/stm32f4xx_pwr.c ****   PWR->CR = tmpreg;
 241              		.loc 1 461 3 is_stmt 1 view .LVU45
 242              		.loc 1 461 11 is_stmt 0 view .LVU46
 243 000a 1360     		str	r3, [r2]
 462:./Libraries/src/stm32f4xx_pwr.c **** }
 244              		.loc 1 462 1 view .LVU47
 245 000c 7047     		bx	lr
 246              	.L20:
 247 000e 00BF     		.align	2
 248              	.L19:
 249 0010 00700040 		.word	1073770496
 250              		.cfi_endproc
 251              	.LFE129:
 253              		.section	.text.PWR_OverDriveCmd,"ax",%progbits
 254              		.align	1
 255              		.global	PWR_OverDriveCmd
 256              		.syntax unified
 257              		.thumb
 258              		.thumb_func
 260              	PWR_OverDriveCmd:
 261              	.LVL14:
 262              	.LFB130:
 463:./Libraries/src/stm32f4xx_pwr.c **** 
 464:./Libraries/src/stm32f4xx_pwr.c **** /**
 465:./Libraries/src/stm32f4xx_pwr.c ****   * @brief  Enables or disables the Over-Drive.
 466:./Libraries/src/stm32f4xx_pwr.c ****   * 
 467:./Libraries/src/stm32f4xx_pwr.c ****   * @note   This function can be used only for STM32F42xxx/STM3243xxx devices.
 468:./Libraries/src/stm32f4xx_pwr.c ****   *         This mode allows the CPU and the core logic to operate at a higher frequency
 469:./Libraries/src/stm32f4xx_pwr.c ****   *         than the normal mode for a given voltage scaling (scale 1, scale 2 or scale 3).   
 470:./Libraries/src/stm32f4xx_pwr.c ****   * 
 471:./Libraries/src/stm32f4xx_pwr.c ****   * @note   It is recommended to enter or exit Over-drive mode when the application is not running 
 472:./Libraries/src/stm32f4xx_pwr.c ****   *          critical tasks and when the system clock source is either HSI or HSE. 
 473:./Libraries/src/stm32f4xx_pwr.c ****   *          During the Over-drive switch activation, no peripheral clocks should be enabled.   
 474:./Libraries/src/stm32f4xx_pwr.c ****   *          The peripheral clocks must be enabled once the Over-drive mode is activated.
 475:./Libraries/src/stm32f4xx_pwr.c ****   *            
 476:./Libraries/src/stm32f4xx_pwr.c ****   * @param  NewState: new state of the Over Drive mode.
 477:./Libraries/src/stm32f4xx_pwr.c ****   *          This parameter can be: ENABLE or DISABLE.
 478:./Libraries/src/stm32f4xx_pwr.c ****   * @retval None
 479:./Libraries/src/stm32f4xx_pwr.c ****   */
 480:./Libraries/src/stm32f4xx_pwr.c **** void PWR_OverDriveCmd(FunctionalState NewState)
 481:./Libraries/src/stm32f4xx_pwr.c **** {
 263              		.loc 1 481 1 is_stmt 1 view -0
 264              		.cfi_startproc
 265              		@ args = 0, pretend = 0, frame = 0
 266              		@ frame_needed = 0, uses_anonymous_args = 0
 267              		@ link register save eliminated.
 482:./Libraries/src/stm32f4xx_pwr.c ****   /* Check the parameters */
 483:./Libraries/src/stm32f4xx_pwr.c ****   assert_param(IS_FUNCTIONAL_STATE(NewState));
 268              		.loc 1 483 3 view .LVU49
 484:./Libraries/src/stm32f4xx_pwr.c ****   
 485:./Libraries/src/stm32f4xx_pwr.c ****   /* Set/Reset the ODEN bit to enable/disable the Over Drive mode */
 486:./Libraries/src/stm32f4xx_pwr.c ****   *(__IO uint32_t *) CR_ODEN_BB = (uint32_t)NewState;
 269              		.loc 1 486 3 view .LVU50
 270              		.loc 1 486 33 is_stmt 0 view .LVU51
ARM GAS  /tmp/ccqiEoki.s 			page 14


 271 0000 014B     		ldr	r3, .L22
 272 0002 1864     		str	r0, [r3, #64]
 487:./Libraries/src/stm32f4xx_pwr.c **** }
 273              		.loc 1 487 1 view .LVU52
 274 0004 7047     		bx	lr
 275              	.L23:
 276 0006 00BF     		.align	2
 277              	.L22:
 278 0008 00000E42 		.word	1108213760
 279              		.cfi_endproc
 280              	.LFE130:
 282              		.section	.text.PWR_OverDriveSWCmd,"ax",%progbits
 283              		.align	1
 284              		.global	PWR_OverDriveSWCmd
 285              		.syntax unified
 286              		.thumb
 287              		.thumb_func
 289              	PWR_OverDriveSWCmd:
 290              	.LVL15:
 291              	.LFB131:
 488:./Libraries/src/stm32f4xx_pwr.c **** 
 489:./Libraries/src/stm32f4xx_pwr.c **** /**
 490:./Libraries/src/stm32f4xx_pwr.c ****   * @brief  Enables or disables the Over-Drive switching.
 491:./Libraries/src/stm32f4xx_pwr.c ****   * 
 492:./Libraries/src/stm32f4xx_pwr.c ****   * @note   This function can be used only for STM32F42xxx/STM3243xxx devices. 
 493:./Libraries/src/stm32f4xx_pwr.c ****   *       
 494:./Libraries/src/stm32f4xx_pwr.c ****   * @param  NewState: new state of the Over Drive switching mode.
 495:./Libraries/src/stm32f4xx_pwr.c ****   *          This parameter can be: ENABLE or DISABLE.
 496:./Libraries/src/stm32f4xx_pwr.c ****   * @retval None
 497:./Libraries/src/stm32f4xx_pwr.c ****   */
 498:./Libraries/src/stm32f4xx_pwr.c **** void PWR_OverDriveSWCmd(FunctionalState NewState)
 499:./Libraries/src/stm32f4xx_pwr.c **** {
 292              		.loc 1 499 1 is_stmt 1 view -0
 293              		.cfi_startproc
 294              		@ args = 0, pretend = 0, frame = 0
 295              		@ frame_needed = 0, uses_anonymous_args = 0
 296              		@ link register save eliminated.
 500:./Libraries/src/stm32f4xx_pwr.c ****   /* Check the parameters */
 501:./Libraries/src/stm32f4xx_pwr.c ****   assert_param(IS_FUNCTIONAL_STATE(NewState));
 297              		.loc 1 501 3 view .LVU54
 502:./Libraries/src/stm32f4xx_pwr.c **** 
 503:./Libraries/src/stm32f4xx_pwr.c ****   /* Set/Reset the ODSWEN bit to enable/disable the Over Drive switching mode */
 504:./Libraries/src/stm32f4xx_pwr.c ****   *(__IO uint32_t *) CR_ODSWEN_BB = (uint32_t)NewState;
 298              		.loc 1 504 3 view .LVU55
 299              		.loc 1 504 35 is_stmt 0 view .LVU56
 300 0000 014B     		ldr	r3, .L25
 301 0002 5864     		str	r0, [r3, #68]
 505:./Libraries/src/stm32f4xx_pwr.c **** }
 302              		.loc 1 505 1 view .LVU57
 303 0004 7047     		bx	lr
 304              	.L26:
 305 0006 00BF     		.align	2
 306              	.L25:
 307 0008 00000E42 		.word	1108213760
 308              		.cfi_endproc
 309              	.LFE131:
 311              		.section	.text.PWR_UnderDriveCmd,"ax",%progbits
ARM GAS  /tmp/ccqiEoki.s 			page 15


 312              		.align	1
 313              		.global	PWR_UnderDriveCmd
 314              		.syntax unified
 315              		.thumb
 316              		.thumb_func
 318              	PWR_UnderDriveCmd:
 319              	.LVL16:
 320              	.LFB132:
 506:./Libraries/src/stm32f4xx_pwr.c **** 
 507:./Libraries/src/stm32f4xx_pwr.c **** /**
 508:./Libraries/src/stm32f4xx_pwr.c ****   * @brief   Enables or disables the Under-Drive mode.
 509:./Libraries/src/stm32f4xx_pwr.c ****   * 
 510:./Libraries/src/stm32f4xx_pwr.c ****   * @note   This function can be used only for STM32F42xxx/STM3243xxx devices.
 511:./Libraries/src/stm32f4xx_pwr.c ****   * @note    This mode is enabled only with STOP low power mode.
 512:./Libraries/src/stm32f4xx_pwr.c ****   *          In this mode, the 1.2V domain is preserved in reduced leakage mode. This 
 513:./Libraries/src/stm32f4xx_pwr.c ****   *          mode is only available when the main regulator or the low power regulator 
 514:./Libraries/src/stm32f4xx_pwr.c ****   *          is in low voltage mode
 515:./Libraries/src/stm32f4xx_pwr.c ****   *        
 516:./Libraries/src/stm32f4xx_pwr.c ****   * @note   If the Under-drive mode was enabled, it is automatically disabled after 
 517:./Libraries/src/stm32f4xx_pwr.c ****   *         exiting Stop mode. 
 518:./Libraries/src/stm32f4xx_pwr.c ****   *         When the voltage regulator operates in Under-drive mode, an additional  
 519:./Libraries/src/stm32f4xx_pwr.c ****   *         startup delay is induced when waking up from Stop mode.
 520:./Libraries/src/stm32f4xx_pwr.c ****   *                    
 521:./Libraries/src/stm32f4xx_pwr.c ****   * @param  NewState: new state of the Under Drive mode.
 522:./Libraries/src/stm32f4xx_pwr.c ****   *          This parameter can be: ENABLE or DISABLE.
 523:./Libraries/src/stm32f4xx_pwr.c ****   * @retval None
 524:./Libraries/src/stm32f4xx_pwr.c ****   */
 525:./Libraries/src/stm32f4xx_pwr.c **** void PWR_UnderDriveCmd(FunctionalState NewState)
 526:./Libraries/src/stm32f4xx_pwr.c **** {
 321              		.loc 1 526 1 is_stmt 1 view -0
 322              		.cfi_startproc
 323              		@ args = 0, pretend = 0, frame = 0
 324              		@ frame_needed = 0, uses_anonymous_args = 0
 325              		@ link register save eliminated.
 527:./Libraries/src/stm32f4xx_pwr.c ****   /* Check the parameters */
 528:./Libraries/src/stm32f4xx_pwr.c ****   assert_param(IS_FUNCTIONAL_STATE(NewState));
 326              		.loc 1 528 3 view .LVU59
 529:./Libraries/src/stm32f4xx_pwr.c **** 
 530:./Libraries/src/stm32f4xx_pwr.c ****   if (NewState != DISABLE)
 327              		.loc 1 530 3 view .LVU60
 328              		.loc 1 530 6 is_stmt 0 view .LVU61
 329 0000 28B1     		cbz	r0, .L28
 531:./Libraries/src/stm32f4xx_pwr.c ****   {
 532:./Libraries/src/stm32f4xx_pwr.c ****     /* Set the UDEN[1:0] bits to enable the Under Drive mode */
 533:./Libraries/src/stm32f4xx_pwr.c ****     PWR->CR |= (uint32_t)PWR_CR_UDEN;
 330              		.loc 1 533 5 is_stmt 1 view .LVU62
 331              		.loc 1 533 8 is_stmt 0 view .LVU63
 332 0002 064A     		ldr	r2, .L30
 333 0004 1368     		ldr	r3, [r2]
 334              		.loc 1 533 13 view .LVU64
 335 0006 43F44023 		orr	r3, r3, #786432
 336 000a 1360     		str	r3, [r2]
 337 000c 7047     		bx	lr
 338              	.L28:
 534:./Libraries/src/stm32f4xx_pwr.c ****   }
 535:./Libraries/src/stm32f4xx_pwr.c ****   else
 536:./Libraries/src/stm32f4xx_pwr.c ****   {
ARM GAS  /tmp/ccqiEoki.s 			page 16


 537:./Libraries/src/stm32f4xx_pwr.c ****     /* Reset the UDEN[1:0] bits to disable the Under Drive mode */
 538:./Libraries/src/stm32f4xx_pwr.c ****     PWR->CR &= (uint32_t)(~PWR_CR_UDEN);
 339              		.loc 1 538 5 is_stmt 1 view .LVU65
 340              		.loc 1 538 8 is_stmt 0 view .LVU66
 341 000e 034A     		ldr	r2, .L30
 342 0010 1368     		ldr	r3, [r2]
 343              		.loc 1 538 13 view .LVU67
 344 0012 23F44023 		bic	r3, r3, #786432
 345 0016 1360     		str	r3, [r2]
 539:./Libraries/src/stm32f4xx_pwr.c ****   }
 540:./Libraries/src/stm32f4xx_pwr.c **** }
 346              		.loc 1 540 1 view .LVU68
 347 0018 7047     		bx	lr
 348              	.L31:
 349 001a 00BF     		.align	2
 350              	.L30:
 351 001c 00700040 		.word	1073770496
 352              		.cfi_endproc
 353              	.LFE132:
 355              		.section	.text.PWR_MainRegulatorLowVoltageCmd,"ax",%progbits
 356              		.align	1
 357              		.global	PWR_MainRegulatorLowVoltageCmd
 358              		.syntax unified
 359              		.thumb
 360              		.thumb_func
 362              	PWR_MainRegulatorLowVoltageCmd:
 363              	.LVL17:
 364              	.LFB133:
 541:./Libraries/src/stm32f4xx_pwr.c **** 
 542:./Libraries/src/stm32f4xx_pwr.c **** #if defined(STM32F427_437xx) || defined(STM32F429_439xx) || defined(STM32F446xx)
 543:./Libraries/src/stm32f4xx_pwr.c **** /**
 544:./Libraries/src/stm32f4xx_pwr.c ****   * @brief Enables or disables the Main Regulator under drive mode.
 545:./Libraries/src/stm32f4xx_pwr.c ****   *
 546:./Libraries/src/stm32f4xx_pwr.c ****   * @note  This mode is only available for STM32F427_437xx/STM32F429_439xx/STM32F446xx devices.
 547:./Libraries/src/stm32f4xx_pwr.c ****   *
 548:./Libraries/src/stm32f4xx_pwr.c ****   * @param  NewState: new state of the Main Regulator Under Drive mode.
 549:./Libraries/src/stm32f4xx_pwr.c ****   *         This parameter can be: ENABLE or DISABLE.
 550:./Libraries/src/stm32f4xx_pwr.c ****   * @retval None
 551:./Libraries/src/stm32f4xx_pwr.c ****   */
 552:./Libraries/src/stm32f4xx_pwr.c **** void PWR_MainRegulatorUnderDriveCmd(FunctionalState NewState)
 553:./Libraries/src/stm32f4xx_pwr.c **** { 
 554:./Libraries/src/stm32f4xx_pwr.c ****   /* Check the parameters */
 555:./Libraries/src/stm32f4xx_pwr.c ****   assert_param(IS_FUNCTIONAL_STATE(NewState));
 556:./Libraries/src/stm32f4xx_pwr.c ****   
 557:./Libraries/src/stm32f4xx_pwr.c ****   if (NewState != DISABLE)
 558:./Libraries/src/stm32f4xx_pwr.c ****   {
 559:./Libraries/src/stm32f4xx_pwr.c ****     *(__IO uint32_t *) CR_MRUDS_BB = (uint32_t)ENABLE;
 560:./Libraries/src/stm32f4xx_pwr.c ****   }
 561:./Libraries/src/stm32f4xx_pwr.c ****   else
 562:./Libraries/src/stm32f4xx_pwr.c ****   {
 563:./Libraries/src/stm32f4xx_pwr.c ****     *(__IO uint32_t *) CR_MRUDS_BB = (uint32_t)DISABLE;
 564:./Libraries/src/stm32f4xx_pwr.c ****   }
 565:./Libraries/src/stm32f4xx_pwr.c **** }
 566:./Libraries/src/stm32f4xx_pwr.c **** 
 567:./Libraries/src/stm32f4xx_pwr.c **** /**
 568:./Libraries/src/stm32f4xx_pwr.c ****   * @brief Enables or disables the Low Power Regulator under drive mode.
 569:./Libraries/src/stm32f4xx_pwr.c ****   *
ARM GAS  /tmp/ccqiEoki.s 			page 17


 570:./Libraries/src/stm32f4xx_pwr.c ****   * @note  This mode is only available for STM32F427_437xx/STM32F429_439xx/STM32F446xx devices.
 571:./Libraries/src/stm32f4xx_pwr.c ****   *
 572:./Libraries/src/stm32f4xx_pwr.c ****   * @param  NewState: new state of the Low Power Regulator Under Drive mode.
 573:./Libraries/src/stm32f4xx_pwr.c ****   *          This parameter can be: ENABLE or DISABLE.
 574:./Libraries/src/stm32f4xx_pwr.c ****   * @retval None
 575:./Libraries/src/stm32f4xx_pwr.c ****   */
 576:./Libraries/src/stm32f4xx_pwr.c **** void PWR_LowRegulatorUnderDriveCmd(FunctionalState NewState)
 577:./Libraries/src/stm32f4xx_pwr.c **** {
 578:./Libraries/src/stm32f4xx_pwr.c ****   /* Check the parameters */
 579:./Libraries/src/stm32f4xx_pwr.c ****   assert_param(IS_FUNCTIONAL_STATE(NewState));
 580:./Libraries/src/stm32f4xx_pwr.c ****   
 581:./Libraries/src/stm32f4xx_pwr.c ****   if (NewState != DISABLE)
 582:./Libraries/src/stm32f4xx_pwr.c ****   {
 583:./Libraries/src/stm32f4xx_pwr.c ****     *(__IO uint32_t *) CR_LPUDS_BB = (uint32_t)ENABLE;
 584:./Libraries/src/stm32f4xx_pwr.c ****   }
 585:./Libraries/src/stm32f4xx_pwr.c ****   else
 586:./Libraries/src/stm32f4xx_pwr.c ****   {
 587:./Libraries/src/stm32f4xx_pwr.c ****     *(__IO uint32_t *) CR_LPUDS_BB = (uint32_t)DISABLE;
 588:./Libraries/src/stm32f4xx_pwr.c ****   }
 589:./Libraries/src/stm32f4xx_pwr.c **** }
 590:./Libraries/src/stm32f4xx_pwr.c **** #endif /* STM32F427_437xx || STM32F429_439xx || STM32F446xx */
 591:./Libraries/src/stm32f4xx_pwr.c **** 
 592:./Libraries/src/stm32f4xx_pwr.c **** #if defined(STM32F401xx) || defined(STM32F410xx) || defined(STM32F411xE) || defined(STM32F412xG) ||
 593:./Libraries/src/stm32f4xx_pwr.c **** /**
 594:./Libraries/src/stm32f4xx_pwr.c ****   * @brief Enables or disables the Main Regulator low voltage mode.
 595:./Libraries/src/stm32f4xx_pwr.c ****   *
 596:./Libraries/src/stm32f4xx_pwr.c ****   * @note  This mode is only available for STM32F401xx/STM32F410xx/STM32F411xx/STM32F412xG/STM32F41
 597:./Libraries/src/stm32f4xx_pwr.c ****   *
 598:./Libraries/src/stm32f4xx_pwr.c ****   * @param  NewState: new state of the Main Regulator Low Voltage mode.
 599:./Libraries/src/stm32f4xx_pwr.c ****   *          This parameter can be: ENABLE or DISABLE.
 600:./Libraries/src/stm32f4xx_pwr.c ****   * @retval None
 601:./Libraries/src/stm32f4xx_pwr.c ****   */
 602:./Libraries/src/stm32f4xx_pwr.c **** void PWR_MainRegulatorLowVoltageCmd(FunctionalState NewState)
 603:./Libraries/src/stm32f4xx_pwr.c **** { 
 365              		.loc 1 603 1 is_stmt 1 view -0
 366              		.cfi_startproc
 367              		@ args = 0, pretend = 0, frame = 0
 368              		@ frame_needed = 0, uses_anonymous_args = 0
 369              		@ link register save eliminated.
 604:./Libraries/src/stm32f4xx_pwr.c ****   /* Check the parameters */
 605:./Libraries/src/stm32f4xx_pwr.c ****   assert_param(IS_FUNCTIONAL_STATE(NewState));
 370              		.loc 1 605 3 view .LVU70
 606:./Libraries/src/stm32f4xx_pwr.c ****   
 607:./Libraries/src/stm32f4xx_pwr.c ****   if (NewState != DISABLE)
 371              		.loc 1 607 3 view .LVU71
 372              		.loc 1 607 6 is_stmt 0 view .LVU72
 373 0000 18B1     		cbz	r0, .L33
 608:./Libraries/src/stm32f4xx_pwr.c ****   {
 609:./Libraries/src/stm32f4xx_pwr.c ****     *(__IO uint32_t *) CR_MRLVDS_BB = (uint32_t)ENABLE;
 374              		.loc 1 609 5 is_stmt 1 view .LVU73
 375              		.loc 1 609 37 is_stmt 0 view .LVU74
 376 0002 044B     		ldr	r3, .L35
 377 0004 0122     		movs	r2, #1
 378 0006 DA62     		str	r2, [r3, #44]
 379 0008 7047     		bx	lr
 380              	.L33:
 610:./Libraries/src/stm32f4xx_pwr.c ****   }
ARM GAS  /tmp/ccqiEoki.s 			page 18


 611:./Libraries/src/stm32f4xx_pwr.c ****   else
 612:./Libraries/src/stm32f4xx_pwr.c ****   {
 613:./Libraries/src/stm32f4xx_pwr.c ****     *(__IO uint32_t *) CR_MRLVDS_BB = (uint32_t)DISABLE;
 381              		.loc 1 613 5 is_stmt 1 view .LVU75
 382              		.loc 1 613 37 is_stmt 0 view .LVU76
 383 000a 024B     		ldr	r3, .L35
 384 000c 0022     		movs	r2, #0
 385 000e DA62     		str	r2, [r3, #44]
 614:./Libraries/src/stm32f4xx_pwr.c ****   }
 615:./Libraries/src/stm32f4xx_pwr.c **** }
 386              		.loc 1 615 1 view .LVU77
 387 0010 7047     		bx	lr
 388              	.L36:
 389 0012 00BF     		.align	2
 390              	.L35:
 391 0014 00000E42 		.word	1108213760
 392              		.cfi_endproc
 393              	.LFE133:
 395              		.section	.text.PWR_LowRegulatorLowVoltageCmd,"ax",%progbits
 396              		.align	1
 397              		.global	PWR_LowRegulatorLowVoltageCmd
 398              		.syntax unified
 399              		.thumb
 400              		.thumb_func
 402              	PWR_LowRegulatorLowVoltageCmd:
 403              	.LVL18:
 404              	.LFB134:
 616:./Libraries/src/stm32f4xx_pwr.c **** 
 617:./Libraries/src/stm32f4xx_pwr.c **** /**
 618:./Libraries/src/stm32f4xx_pwr.c ****   * @brief Enables or disables the Low Power Regulator low voltage mode.
 619:./Libraries/src/stm32f4xx_pwr.c ****   *
 620:./Libraries/src/stm32f4xx_pwr.c ****   * @note  This mode is only available for STM32F401xx/STM32F410xx/STM32F411xx/STM32F412xG/STM32F41
 621:./Libraries/src/stm32f4xx_pwr.c ****   *
 622:./Libraries/src/stm32f4xx_pwr.c ****   * @param  NewState: new state of the Low Power Regulator Low Voltage mode.
 623:./Libraries/src/stm32f4xx_pwr.c ****   *          This parameter can be: ENABLE or DISABLE.
 624:./Libraries/src/stm32f4xx_pwr.c ****   * @retval None
 625:./Libraries/src/stm32f4xx_pwr.c ****   */
 626:./Libraries/src/stm32f4xx_pwr.c **** void PWR_LowRegulatorLowVoltageCmd(FunctionalState NewState)
 627:./Libraries/src/stm32f4xx_pwr.c **** {
 405              		.loc 1 627 1 is_stmt 1 view -0
 406              		.cfi_startproc
 407              		@ args = 0, pretend = 0, frame = 0
 408              		@ frame_needed = 0, uses_anonymous_args = 0
 409              		@ link register save eliminated.
 628:./Libraries/src/stm32f4xx_pwr.c ****   /* Check the parameters */
 629:./Libraries/src/stm32f4xx_pwr.c ****   assert_param(IS_FUNCTIONAL_STATE(NewState));
 410              		.loc 1 629 3 view .LVU79
 630:./Libraries/src/stm32f4xx_pwr.c ****   
 631:./Libraries/src/stm32f4xx_pwr.c ****   if (NewState != DISABLE)
 411              		.loc 1 631 3 view .LVU80
 412              		.loc 1 631 6 is_stmt 0 view .LVU81
 413 0000 18B1     		cbz	r0, .L38
 632:./Libraries/src/stm32f4xx_pwr.c ****   {
 633:./Libraries/src/stm32f4xx_pwr.c ****     *(__IO uint32_t *) CR_LPLVDS_BB = (uint32_t)ENABLE;
 414              		.loc 1 633 5 is_stmt 1 view .LVU82
 415              		.loc 1 633 37 is_stmt 0 view .LVU83
 416 0002 044B     		ldr	r3, .L40
ARM GAS  /tmp/ccqiEoki.s 			page 19


 417 0004 0122     		movs	r2, #1
 418 0006 9A62     		str	r2, [r3, #40]
 419 0008 7047     		bx	lr
 420              	.L38:
 634:./Libraries/src/stm32f4xx_pwr.c ****   }
 635:./Libraries/src/stm32f4xx_pwr.c ****   else
 636:./Libraries/src/stm32f4xx_pwr.c ****   {
 637:./Libraries/src/stm32f4xx_pwr.c ****     *(__IO uint32_t *) CR_LPLVDS_BB = (uint32_t)DISABLE;
 421              		.loc 1 637 5 is_stmt 1 view .LVU84
 422              		.loc 1 637 37 is_stmt 0 view .LVU85
 423 000a 024B     		ldr	r3, .L40
 424 000c 0022     		movs	r2, #0
 425 000e 9A62     		str	r2, [r3, #40]
 638:./Libraries/src/stm32f4xx_pwr.c ****   }
 639:./Libraries/src/stm32f4xx_pwr.c **** }
 426              		.loc 1 639 1 view .LVU86
 427 0010 7047     		bx	lr
 428              	.L41:
 429 0012 00BF     		.align	2
 430              	.L40:
 431 0014 00000E42 		.word	1108213760
 432              		.cfi_endproc
 433              	.LFE134:
 435              		.section	.text.PWR_FlashPowerDownCmd,"ax",%progbits
 436              		.align	1
 437              		.global	PWR_FlashPowerDownCmd
 438              		.syntax unified
 439              		.thumb
 440              		.thumb_func
 442              	PWR_FlashPowerDownCmd:
 443              	.LVL19:
 444              	.LFB135:
 640:./Libraries/src/stm32f4xx_pwr.c **** #endif /* STM32F401xx || STM32F410xx || STM32F411xE || STM32F412xG || STM32F413_423xx */
 641:./Libraries/src/stm32f4xx_pwr.c **** 
 642:./Libraries/src/stm32f4xx_pwr.c **** /**
 643:./Libraries/src/stm32f4xx_pwr.c ****   * @}
 644:./Libraries/src/stm32f4xx_pwr.c ****   */
 645:./Libraries/src/stm32f4xx_pwr.c **** 
 646:./Libraries/src/stm32f4xx_pwr.c **** /** @defgroup PWR_Group5 FLASH Power Down configuration functions
 647:./Libraries/src/stm32f4xx_pwr.c ****   *  @brief   FLASH Power Down configuration functions 
 648:./Libraries/src/stm32f4xx_pwr.c ****   *
 649:./Libraries/src/stm32f4xx_pwr.c **** @verbatim   
 650:./Libraries/src/stm32f4xx_pwr.c ****  ===============================================================================
 651:./Libraries/src/stm32f4xx_pwr.c ****              ##### FLASH Power Down configuration functions #####
 652:./Libraries/src/stm32f4xx_pwr.c ****  ===============================================================================  
 653:./Libraries/src/stm32f4xx_pwr.c ****     [..]
 654:./Libraries/src/stm32f4xx_pwr.c ****       (+) By setting the FPDS bit in the PWR_CR register by using the 
 655:./Libraries/src/stm32f4xx_pwr.c ****           PWR_FlashPowerDownCmd() function, the Flash memory also enters power 
 656:./Libraries/src/stm32f4xx_pwr.c ****           down mode when the device enters Stop mode. When the Flash memory 
 657:./Libraries/src/stm32f4xx_pwr.c ****           is in power down mode, an additional startup delay is incurred when 
 658:./Libraries/src/stm32f4xx_pwr.c ****           waking up from Stop mode.
 659:./Libraries/src/stm32f4xx_pwr.c **** @endverbatim
 660:./Libraries/src/stm32f4xx_pwr.c ****   * @{
 661:./Libraries/src/stm32f4xx_pwr.c ****   */
 662:./Libraries/src/stm32f4xx_pwr.c **** 
 663:./Libraries/src/stm32f4xx_pwr.c **** /**
 664:./Libraries/src/stm32f4xx_pwr.c ****   * @brief  Enables or disables the Flash Power Down in STOP mode.
ARM GAS  /tmp/ccqiEoki.s 			page 20


 665:./Libraries/src/stm32f4xx_pwr.c ****   * @param  NewState: new state of the Flash power mode.
 666:./Libraries/src/stm32f4xx_pwr.c ****   *          This parameter can be: ENABLE or DISABLE.
 667:./Libraries/src/stm32f4xx_pwr.c ****   * @retval None
 668:./Libraries/src/stm32f4xx_pwr.c ****   */
 669:./Libraries/src/stm32f4xx_pwr.c **** void PWR_FlashPowerDownCmd(FunctionalState NewState)
 670:./Libraries/src/stm32f4xx_pwr.c **** {
 445              		.loc 1 670 1 is_stmt 1 view -0
 446              		.cfi_startproc
 447              		@ args = 0, pretend = 0, frame = 0
 448              		@ frame_needed = 0, uses_anonymous_args = 0
 449              		@ link register save eliminated.
 671:./Libraries/src/stm32f4xx_pwr.c ****   /* Check the parameters */
 672:./Libraries/src/stm32f4xx_pwr.c ****   assert_param(IS_FUNCTIONAL_STATE(NewState));
 450              		.loc 1 672 3 view .LVU88
 673:./Libraries/src/stm32f4xx_pwr.c **** 
 674:./Libraries/src/stm32f4xx_pwr.c ****   *(__IO uint32_t *) CR_FPDS_BB = (uint32_t)NewState;
 451              		.loc 1 674 3 view .LVU89
 452              		.loc 1 674 33 is_stmt 0 view .LVU90
 453 0000 014B     		ldr	r3, .L43
 454 0002 5862     		str	r0, [r3, #36]
 675:./Libraries/src/stm32f4xx_pwr.c **** }
 455              		.loc 1 675 1 view .LVU91
 456 0004 7047     		bx	lr
 457              	.L44:
 458 0006 00BF     		.align	2
 459              	.L43:
 460 0008 00000E42 		.word	1108213760
 461              		.cfi_endproc
 462              	.LFE135:
 464              		.section	.text.PWR_EnterSTOPMode,"ax",%progbits
 465              		.align	1
 466              		.global	PWR_EnterSTOPMode
 467              		.syntax unified
 468              		.thumb
 469              		.thumb_func
 471              	PWR_EnterSTOPMode:
 472              	.LVL20:
 473              	.LFB136:
 676:./Libraries/src/stm32f4xx_pwr.c **** 
 677:./Libraries/src/stm32f4xx_pwr.c **** /**
 678:./Libraries/src/stm32f4xx_pwr.c ****   * @}
 679:./Libraries/src/stm32f4xx_pwr.c ****   */
 680:./Libraries/src/stm32f4xx_pwr.c **** 
 681:./Libraries/src/stm32f4xx_pwr.c **** /** @defgroup PWR_Group6 Low Power modes configuration functions
 682:./Libraries/src/stm32f4xx_pwr.c ****   *  @brief   Low Power modes configuration functions 
 683:./Libraries/src/stm32f4xx_pwr.c ****   *
 684:./Libraries/src/stm32f4xx_pwr.c **** @verbatim   
 685:./Libraries/src/stm32f4xx_pwr.c ****  ===============================================================================
 686:./Libraries/src/stm32f4xx_pwr.c ****               ##### Low Power modes configuration functions #####
 687:./Libraries/src/stm32f4xx_pwr.c ****  ===============================================================================  
 688:./Libraries/src/stm32f4xx_pwr.c ****     [..]
 689:./Libraries/src/stm32f4xx_pwr.c ****       The devices feature 3 low-power modes:
 690:./Libraries/src/stm32f4xx_pwr.c ****       (+) Sleep mode: Cortex-M4 core stopped, peripherals kept running.
 691:./Libraries/src/stm32f4xx_pwr.c ****       (+) Stop mode: all clocks are stopped, regulator running, regulator 
 692:./Libraries/src/stm32f4xx_pwr.c ****           in low power mode
 693:./Libraries/src/stm32f4xx_pwr.c ****       (+) Standby mode: 1.2V domain powered off.
 694:./Libraries/src/stm32f4xx_pwr.c ****    
ARM GAS  /tmp/ccqiEoki.s 			page 21


 695:./Libraries/src/stm32f4xx_pwr.c ****    *** Sleep mode ***
 696:./Libraries/src/stm32f4xx_pwr.c ****    ==================
 697:./Libraries/src/stm32f4xx_pwr.c ****     [..]
 698:./Libraries/src/stm32f4xx_pwr.c ****       (+) Entry:
 699:./Libraries/src/stm32f4xx_pwr.c ****         (++) The Sleep mode is entered by using the __WFI() or __WFE() functions.
 700:./Libraries/src/stm32f4xx_pwr.c ****       (+) Exit:
 701:./Libraries/src/stm32f4xx_pwr.c ****         (++) Any peripheral interrupt acknowledged by the nested vectored interrupt 
 702:./Libraries/src/stm32f4xx_pwr.c ****              controller (NVIC) can wake up the device from Sleep mode.
 703:./Libraries/src/stm32f4xx_pwr.c **** 
 704:./Libraries/src/stm32f4xx_pwr.c ****    *** Stop mode ***
 705:./Libraries/src/stm32f4xx_pwr.c ****    =================
 706:./Libraries/src/stm32f4xx_pwr.c ****     [..]
 707:./Libraries/src/stm32f4xx_pwr.c ****       In Stop mode, all clocks in the 1.2V domain are stopped, the PLL, the HSI,
 708:./Libraries/src/stm32f4xx_pwr.c ****       and the HSE RC oscillators are disabled. Internal SRAM and register contents 
 709:./Libraries/src/stm32f4xx_pwr.c ****       are preserved.
 710:./Libraries/src/stm32f4xx_pwr.c ****       The voltage regulator can be configured either in normal or low-power mode.
 711:./Libraries/src/stm32f4xx_pwr.c ****       To minimize the consumption In Stop mode, FLASH can be powered off before 
 712:./Libraries/src/stm32f4xx_pwr.c ****       entering the Stop mode. It can be switched on again by software after exiting 
 713:./Libraries/src/stm32f4xx_pwr.c ****       the Stop mode using the PWR_FlashPowerDownCmd() function. 
 714:./Libraries/src/stm32f4xx_pwr.c ****    
 715:./Libraries/src/stm32f4xx_pwr.c ****       (+) Entry:
 716:./Libraries/src/stm32f4xx_pwr.c ****         (++) The Stop mode is entered using the PWR_EnterSTOPMode(PWR_MainRegulator_ON) 
 717:./Libraries/src/stm32f4xx_pwr.c ****              function with:
 718:./Libraries/src/stm32f4xx_pwr.c ****           (+++) Main regulator ON.
 719:./Libraries/src/stm32f4xx_pwr.c ****           (+++) Low Power regulator ON.
 720:./Libraries/src/stm32f4xx_pwr.c ****       (+) Exit:
 721:./Libraries/src/stm32f4xx_pwr.c ****         (++) Any EXTI Line (Internal or External) configured in Interrupt/Event mode.
 722:./Libraries/src/stm32f4xx_pwr.c ****       
 723:./Libraries/src/stm32f4xx_pwr.c ****    *** Standby mode ***
 724:./Libraries/src/stm32f4xx_pwr.c ****    ====================
 725:./Libraries/src/stm32f4xx_pwr.c ****     [..]
 726:./Libraries/src/stm32f4xx_pwr.c ****       The Standby mode allows to achieve the lowest power consumption. It is based 
 727:./Libraries/src/stm32f4xx_pwr.c ****       on the Cortex-M4 deepsleep mode, with the voltage regulator disabled. 
 728:./Libraries/src/stm32f4xx_pwr.c ****       The 1.2V domain is consequently powered off. The PLL, the HSI oscillator and 
 729:./Libraries/src/stm32f4xx_pwr.c ****       the HSE oscillator are also switched off. SRAM and register contents are lost 
 730:./Libraries/src/stm32f4xx_pwr.c ****       except for the RTC registers, RTC backup registers, backup SRAM and Standby 
 731:./Libraries/src/stm32f4xx_pwr.c ****       circuitry.
 732:./Libraries/src/stm32f4xx_pwr.c ****    
 733:./Libraries/src/stm32f4xx_pwr.c ****       The voltage regulator is OFF.
 734:./Libraries/src/stm32f4xx_pwr.c ****       
 735:./Libraries/src/stm32f4xx_pwr.c ****       (+) Entry:
 736:./Libraries/src/stm32f4xx_pwr.c ****         (++) The Standby mode is entered using the PWR_EnterSTANDBYMode() function.
 737:./Libraries/src/stm32f4xx_pwr.c ****       (+) Exit:
 738:./Libraries/src/stm32f4xx_pwr.c ****         (++) WKUP pin rising edge, RTC alarm (Alarm A and Alarm B), RTC wakeup,
 739:./Libraries/src/stm32f4xx_pwr.c ****              tamper event, time-stamp event, external reset in NRST pin, IWDG reset.              
 740:./Libraries/src/stm32f4xx_pwr.c **** 
 741:./Libraries/src/stm32f4xx_pwr.c ****    *** Auto-wakeup (AWU) from low-power mode ***
 742:./Libraries/src/stm32f4xx_pwr.c ****    =============================================
 743:./Libraries/src/stm32f4xx_pwr.c ****     [..]
 744:./Libraries/src/stm32f4xx_pwr.c ****       The MCU can be woken up from low-power mode by an RTC Alarm event, an RTC 
 745:./Libraries/src/stm32f4xx_pwr.c ****       Wakeup event, a tamper event, a time-stamp event, or a comparator event, 
 746:./Libraries/src/stm32f4xx_pwr.c ****       without depending on an external interrupt (Auto-wakeup mode).
 747:./Libraries/src/stm32f4xx_pwr.c **** 
 748:./Libraries/src/stm32f4xx_pwr.c ****       (#) RTC auto-wakeup (AWU) from the Stop mode
 749:./Libraries/src/stm32f4xx_pwr.c ****        
 750:./Libraries/src/stm32f4xx_pwr.c ****         (++) To wake up from the Stop mode with an RTC alarm event, it is necessary to:
 751:./Libraries/src/stm32f4xx_pwr.c ****           (+++) Configure the EXTI Line 17 to be sensitive to rising edges (Interrupt 
ARM GAS  /tmp/ccqiEoki.s 			page 22


 752:./Libraries/src/stm32f4xx_pwr.c ****                 or Event modes) using the EXTI_Init() function.
 753:./Libraries/src/stm32f4xx_pwr.c ****           (+++) Enable the RTC Alarm Interrupt using the RTC_ITConfig() function
 754:./Libraries/src/stm32f4xx_pwr.c ****           (+++) Configure the RTC to generate the RTC alarm using the RTC_SetAlarm() 
 755:./Libraries/src/stm32f4xx_pwr.c ****                 and RTC_AlarmCmd() functions.
 756:./Libraries/src/stm32f4xx_pwr.c ****         (++) To wake up from the Stop mode with an RTC Tamper or time stamp event, it 
 757:./Libraries/src/stm32f4xx_pwr.c ****              is necessary to:
 758:./Libraries/src/stm32f4xx_pwr.c ****           (+++) Configure the EXTI Line 21 to be sensitive to rising edges (Interrupt 
 759:./Libraries/src/stm32f4xx_pwr.c ****                 or Event modes) using the EXTI_Init() function.
 760:./Libraries/src/stm32f4xx_pwr.c ****           (+++) Enable the RTC Tamper or time stamp Interrupt using the RTC_ITConfig() 
 761:./Libraries/src/stm32f4xx_pwr.c ****                 function
 762:./Libraries/src/stm32f4xx_pwr.c ****           (+++) Configure the RTC to detect the tamper or time stamp event using the
 763:./Libraries/src/stm32f4xx_pwr.c ****                 RTC_TimeStampConfig(), RTC_TamperTriggerConfig() and RTC_TamperCmd()
 764:./Libraries/src/stm32f4xx_pwr.c ****                 functions.
 765:./Libraries/src/stm32f4xx_pwr.c ****         (++) To wake up from the Stop mode with an RTC WakeUp event, it is necessary to:
 766:./Libraries/src/stm32f4xx_pwr.c ****            (+++) Configure the EXTI Line 22 to be sensitive to rising edges (Interrupt 
 767:./Libraries/src/stm32f4xx_pwr.c ****                  or Event modes) using the EXTI_Init() function.
 768:./Libraries/src/stm32f4xx_pwr.c ****            (+++) Enable the RTC WakeUp Interrupt using the RTC_ITConfig() function
 769:./Libraries/src/stm32f4xx_pwr.c ****            (+++) Configure the RTC to generate the RTC WakeUp event using the RTC_WakeUpClockConfig
 770:./Libraries/src/stm32f4xx_pwr.c ****                  RTC_SetWakeUpCounter() and RTC_WakeUpCmd() functions.
 771:./Libraries/src/stm32f4xx_pwr.c **** 
 772:./Libraries/src/stm32f4xx_pwr.c ****       (#) RTC auto-wakeup (AWU) from the Standby mode
 773:./Libraries/src/stm32f4xx_pwr.c ****    
 774:./Libraries/src/stm32f4xx_pwr.c ****         (++) To wake up from the Standby mode with an RTC alarm event, it is necessary to:
 775:./Libraries/src/stm32f4xx_pwr.c ****           (+++) Enable the RTC Alarm Interrupt using the RTC_ITConfig() function
 776:./Libraries/src/stm32f4xx_pwr.c ****           (+++) Configure the RTC to generate the RTC alarm using the RTC_SetAlarm() 
 777:./Libraries/src/stm32f4xx_pwr.c ****                 and RTC_AlarmCmd() functions.
 778:./Libraries/src/stm32f4xx_pwr.c ****         (++) To wake up from the Standby mode with an RTC Tamper or time stamp event, it 
 779:./Libraries/src/stm32f4xx_pwr.c ****              is necessary to:
 780:./Libraries/src/stm32f4xx_pwr.c ****           (+++) Enable the RTC Tamper or time stamp Interrupt using the RTC_ITConfig() 
 781:./Libraries/src/stm32f4xx_pwr.c ****                 function
 782:./Libraries/src/stm32f4xx_pwr.c ****           (+++) Configure the RTC to detect the tamper or time stamp event using the
 783:./Libraries/src/stm32f4xx_pwr.c ****                 RTC_TimeStampConfig(), RTC_TamperTriggerConfig() and RTC_TamperCmd()
 784:./Libraries/src/stm32f4xx_pwr.c ****                 functions.
 785:./Libraries/src/stm32f4xx_pwr.c ****         (++) To wake up from the Standby mode with an RTC WakeUp event, it is necessary to:
 786:./Libraries/src/stm32f4xx_pwr.c ****           (+++) Enable the RTC WakeUp Interrupt using the RTC_ITConfig() function
 787:./Libraries/src/stm32f4xx_pwr.c ****           (+++) Configure the RTC to generate the RTC WakeUp event using the RTC_WakeUpClockConfig(
 788:./Libraries/src/stm32f4xx_pwr.c ****                 RTC_SetWakeUpCounter() and RTC_WakeUpCmd() functions.
 789:./Libraries/src/stm32f4xx_pwr.c **** 
 790:./Libraries/src/stm32f4xx_pwr.c **** @endverbatim
 791:./Libraries/src/stm32f4xx_pwr.c ****   * @{
 792:./Libraries/src/stm32f4xx_pwr.c ****   */
 793:./Libraries/src/stm32f4xx_pwr.c **** 
 794:./Libraries/src/stm32f4xx_pwr.c **** /**
 795:./Libraries/src/stm32f4xx_pwr.c ****   * @brief  Enters STOP mode.
 796:./Libraries/src/stm32f4xx_pwr.c ****   *   
 797:./Libraries/src/stm32f4xx_pwr.c ****   * @note   In Stop mode, all I/O pins keep the same state as in Run mode.
 798:./Libraries/src/stm32f4xx_pwr.c ****   * @note   When exiting Stop mode by issuing an interrupt or a wakeup event, 
 799:./Libraries/src/stm32f4xx_pwr.c ****   *         the HSI RC oscillator is selected as system clock.
 800:./Libraries/src/stm32f4xx_pwr.c ****   * @note   When the voltage regulator operates in low power mode, an additional 
 801:./Libraries/src/stm32f4xx_pwr.c ****   *         startup delay is incurred when waking up from Stop mode. 
 802:./Libraries/src/stm32f4xx_pwr.c ****   *         By keeping the internal regulator ON during Stop mode, the consumption 
 803:./Libraries/src/stm32f4xx_pwr.c ****   *         is higher although the startup time is reduced.
 804:./Libraries/src/stm32f4xx_pwr.c ****   *     
 805:./Libraries/src/stm32f4xx_pwr.c ****   * @param  PWR_Regulator: specifies the regulator state in STOP mode.
 806:./Libraries/src/stm32f4xx_pwr.c ****   *          This parameter can be one of the following values:
 807:./Libraries/src/stm32f4xx_pwr.c ****   *            @arg PWR_MainRegulator_ON: STOP mode with regulator ON
 808:./Libraries/src/stm32f4xx_pwr.c ****   *            @arg PWR_LowPowerRegulator_ON: STOP mode with low power regulator ON
ARM GAS  /tmp/ccqiEoki.s 			page 23


 809:./Libraries/src/stm32f4xx_pwr.c ****   * @param  PWR_STOPEntry: specifies if STOP mode in entered with WFI or WFE instruction.
 810:./Libraries/src/stm32f4xx_pwr.c ****   *          This parameter can be one of the following values:
 811:./Libraries/src/stm32f4xx_pwr.c ****   *            @arg PWR_STOPEntry_WFI: enter STOP mode with WFI instruction
 812:./Libraries/src/stm32f4xx_pwr.c ****   *            @arg PWR_STOPEntry_WFE: enter STOP mode with WFE instruction
 813:./Libraries/src/stm32f4xx_pwr.c ****   * @retval None
 814:./Libraries/src/stm32f4xx_pwr.c ****   */
 815:./Libraries/src/stm32f4xx_pwr.c **** void PWR_EnterSTOPMode(uint32_t PWR_Regulator, uint8_t PWR_STOPEntry)
 816:./Libraries/src/stm32f4xx_pwr.c **** {
 474              		.loc 1 816 1 is_stmt 1 view -0
 475              		.cfi_startproc
 476              		@ args = 0, pretend = 0, frame = 0
 477              		@ frame_needed = 0, uses_anonymous_args = 0
 478              		@ link register save eliminated.
 817:./Libraries/src/stm32f4xx_pwr.c ****   uint32_t tmpreg = 0;
 479              		.loc 1 817 3 view .LVU93
 818:./Libraries/src/stm32f4xx_pwr.c ****   
 819:./Libraries/src/stm32f4xx_pwr.c ****   /* Check the parameters */
 820:./Libraries/src/stm32f4xx_pwr.c ****   assert_param(IS_PWR_REGULATOR(PWR_Regulator));
 480              		.loc 1 820 3 view .LVU94
 821:./Libraries/src/stm32f4xx_pwr.c ****   assert_param(IS_PWR_STOP_ENTRY(PWR_STOPEntry));
 481              		.loc 1 821 3 view .LVU95
 822:./Libraries/src/stm32f4xx_pwr.c ****   
 823:./Libraries/src/stm32f4xx_pwr.c ****   /* Select the regulator state in STOP mode ---------------------------------*/
 824:./Libraries/src/stm32f4xx_pwr.c ****   tmpreg = PWR->CR;
 482              		.loc 1 824 3 view .LVU96
 483              		.loc 1 824 10 is_stmt 0 view .LVU97
 484 0000 0B4A     		ldr	r2, .L49
 485 0002 1368     		ldr	r3, [r2]
 486              	.LVL21:
 825:./Libraries/src/stm32f4xx_pwr.c ****   /* Clear PDDS and LPDS bits */
 826:./Libraries/src/stm32f4xx_pwr.c ****   tmpreg &= CR_DS_MASK;
 487              		.loc 1 826 3 is_stmt 1 view .LVU98
 488              		.loc 1 826 10 is_stmt 0 view .LVU99
 489 0004 23F44063 		bic	r3, r3, #3072
 490              	.LVL22:
 491              		.loc 1 826 10 view .LVU100
 492 0008 23F00303 		bic	r3, r3, #3
 493              	.LVL23:
 827:./Libraries/src/stm32f4xx_pwr.c ****   
 828:./Libraries/src/stm32f4xx_pwr.c ****   /* Set LPDS, MRLVDS and LPLVDS bits according to PWR_Regulator value */
 829:./Libraries/src/stm32f4xx_pwr.c ****   tmpreg |= PWR_Regulator;
 494              		.loc 1 829 3 is_stmt 1 view .LVU101
 495              		.loc 1 829 10 is_stmt 0 view .LVU102
 496 000c 0343     		orrs	r3, r3, r0
 497              	.LVL24:
 830:./Libraries/src/stm32f4xx_pwr.c ****   
 831:./Libraries/src/stm32f4xx_pwr.c ****   /* Store the new value */
 832:./Libraries/src/stm32f4xx_pwr.c ****   PWR->CR = tmpreg;
 498              		.loc 1 832 3 is_stmt 1 view .LVU103
 499              		.loc 1 832 11 is_stmt 0 view .LVU104
 500 000e 1360     		str	r3, [r2]
 833:./Libraries/src/stm32f4xx_pwr.c ****   
 834:./Libraries/src/stm32f4xx_pwr.c ****   /* Set SLEEPDEEP bit of Cortex System Control Register */
 835:./Libraries/src/stm32f4xx_pwr.c ****   SCB->SCR |= SCB_SCR_SLEEPDEEP_Msk;
 501              		.loc 1 835 3 is_stmt 1 view .LVU105
 502              		.loc 1 835 6 is_stmt 0 view .LVU106
 503 0010 084A     		ldr	r2, .L49+4
ARM GAS  /tmp/ccqiEoki.s 			page 24


 504 0012 1369     		ldr	r3, [r2, #16]
 505              	.LVL25:
 506              		.loc 1 835 12 view .LVU107
 507 0014 43F00403 		orr	r3, r3, #4
 508 0018 1361     		str	r3, [r2, #16]
 509              	.LVL26:
 836:./Libraries/src/stm32f4xx_pwr.c ****   
 837:./Libraries/src/stm32f4xx_pwr.c ****   /* Select STOP mode entry --------------------------------------------------*/
 838:./Libraries/src/stm32f4xx_pwr.c ****   if(PWR_STOPEntry == PWR_STOPEntry_WFI)
 510              		.loc 1 838 3 is_stmt 1 view .LVU108
 511              		.loc 1 838 5 is_stmt 0 view .LVU109
 512 001a 0129     		cmp	r1, #1
 513 001c 06D0     		beq	.L48
 839:./Libraries/src/stm32f4xx_pwr.c ****   {   
 840:./Libraries/src/stm32f4xx_pwr.c ****     /* Request Wait For Interrupt */
 841:./Libraries/src/stm32f4xx_pwr.c ****     __WFI();
 842:./Libraries/src/stm32f4xx_pwr.c ****   }
 843:./Libraries/src/stm32f4xx_pwr.c ****   else
 844:./Libraries/src/stm32f4xx_pwr.c ****   {
 845:./Libraries/src/stm32f4xx_pwr.c ****     /* Request Wait For Event */
 846:./Libraries/src/stm32f4xx_pwr.c ****     __WFE();
 514              		.loc 1 846 5 is_stmt 1 view .LVU110
 515              	.LBB12:
 516              	.LBI12:
 517              		.file 2 "./system/core_cmInstr.h"
   1:./system/core_cmInstr.h **** /**************************************************************************//**
   2:./system/core_cmInstr.h ****  * @file     core_cmInstr.h
   3:./system/core_cmInstr.h ****  * @brief    CMSIS Cortex-M Core Instruction Access Header File
   4:./system/core_cmInstr.h ****  * @version  V4.10
   5:./system/core_cmInstr.h ****  * @date     18. March 2015
   6:./system/core_cmInstr.h ****  *
   7:./system/core_cmInstr.h ****  * @note
   8:./system/core_cmInstr.h ****  *
   9:./system/core_cmInstr.h ****  ******************************************************************************/
  10:./system/core_cmInstr.h **** /* Copyright (c) 2009 - 2014 ARM LIMITED
  11:./system/core_cmInstr.h **** 
  12:./system/core_cmInstr.h ****    All rights reserved.
  13:./system/core_cmInstr.h ****    Redistribution and use in source and binary forms, with or without
  14:./system/core_cmInstr.h ****    modification, are permitted provided that the following conditions are met:
  15:./system/core_cmInstr.h ****    - Redistributions of source code must retain the above copyright
  16:./system/core_cmInstr.h ****      notice, this list of conditions and the following disclaimer.
  17:./system/core_cmInstr.h ****    - Redistributions in binary form must reproduce the above copyright
  18:./system/core_cmInstr.h ****      notice, this list of conditions and the following disclaimer in the
  19:./system/core_cmInstr.h ****      documentation and/or other materials provided with the distribution.
  20:./system/core_cmInstr.h ****    - Neither the name of ARM nor the names of its contributors may be used
  21:./system/core_cmInstr.h ****      to endorse or promote products derived from this software without
  22:./system/core_cmInstr.h ****      specific prior written permission.
  23:./system/core_cmInstr.h ****    *
  24:./system/core_cmInstr.h ****    THIS SOFTWARE IS PROVIDED BY THE COPYRIGHT HOLDERS AND CONTRIBUTORS "AS IS"
  25:./system/core_cmInstr.h ****    AND ANY EXPRESS OR IMPLIED WARRANTIES, INCLUDING, BUT NOT LIMITED TO, THE
  26:./system/core_cmInstr.h ****    IMPLIED WARRANTIES OF MERCHANTABILITY AND FITNESS FOR A PARTICULAR PURPOSE
  27:./system/core_cmInstr.h ****    ARE DISCLAIMED. IN NO EVENT SHALL COPYRIGHT HOLDERS AND CONTRIBUTORS BE
  28:./system/core_cmInstr.h ****    LIABLE FOR ANY DIRECT, INDIRECT, INCIDENTAL, SPECIAL, EXEMPLARY, OR
  29:./system/core_cmInstr.h ****    CONSEQUENTIAL DAMAGES (INCLUDING, BUT NOT LIMITED TO, PROCUREMENT OF
  30:./system/core_cmInstr.h ****    SUBSTITUTE GOODS OR SERVICES; LOSS OF USE, DATA, OR PROFITS; OR BUSINESS
  31:./system/core_cmInstr.h ****    INTERRUPTION) HOWEVER CAUSED AND ON ANY THEORY OF LIABILITY, WHETHER IN
  32:./system/core_cmInstr.h ****    CONTRACT, STRICT LIABILITY, OR TORT (INCLUDING NEGLIGENCE OR OTHERWISE)
ARM GAS  /tmp/ccqiEoki.s 			page 25


  33:./system/core_cmInstr.h ****    ARISING IN ANY WAY OUT OF THE USE OF THIS SOFTWARE, EVEN IF ADVISED OF THE
  34:./system/core_cmInstr.h ****    POSSIBILITY OF SUCH DAMAGE.
  35:./system/core_cmInstr.h ****    ---------------------------------------------------------------------------*/
  36:./system/core_cmInstr.h **** 
  37:./system/core_cmInstr.h **** 
  38:./system/core_cmInstr.h **** #ifndef __CORE_CMINSTR_H
  39:./system/core_cmInstr.h **** #define __CORE_CMINSTR_H
  40:./system/core_cmInstr.h **** 
  41:./system/core_cmInstr.h **** 
  42:./system/core_cmInstr.h **** /* ##########################  Core Instruction Access  ######################### */
  43:./system/core_cmInstr.h **** /** \defgroup CMSIS_Core_InstructionInterface CMSIS Core Instruction Interface
  44:./system/core_cmInstr.h ****   Access to dedicated instructions
  45:./system/core_cmInstr.h ****   @{
  46:./system/core_cmInstr.h **** */
  47:./system/core_cmInstr.h **** 
  48:./system/core_cmInstr.h **** #if   defined ( __CC_ARM ) /*------------------RealView Compiler -----------------*/
  49:./system/core_cmInstr.h **** /* ARM armcc specific functions */
  50:./system/core_cmInstr.h **** 
  51:./system/core_cmInstr.h **** #if (__ARMCC_VERSION < 400677)
  52:./system/core_cmInstr.h ****   #error "Please use ARM Compiler Toolchain V4.0.677 or later!"
  53:./system/core_cmInstr.h **** #endif
  54:./system/core_cmInstr.h **** 
  55:./system/core_cmInstr.h **** 
  56:./system/core_cmInstr.h **** /** \brief  No Operation
  57:./system/core_cmInstr.h **** 
  58:./system/core_cmInstr.h ****     No Operation does nothing. This instruction can be used for code alignment purposes.
  59:./system/core_cmInstr.h ****  */
  60:./system/core_cmInstr.h **** #define __NOP                             __nop
  61:./system/core_cmInstr.h **** 
  62:./system/core_cmInstr.h **** 
  63:./system/core_cmInstr.h **** /** \brief  Wait For Interrupt
  64:./system/core_cmInstr.h **** 
  65:./system/core_cmInstr.h ****     Wait For Interrupt is a hint instruction that suspends execution
  66:./system/core_cmInstr.h ****     until one of a number of events occurs.
  67:./system/core_cmInstr.h ****  */
  68:./system/core_cmInstr.h **** #define __WFI                             __wfi
  69:./system/core_cmInstr.h **** 
  70:./system/core_cmInstr.h **** 
  71:./system/core_cmInstr.h **** /** \brief  Wait For Event
  72:./system/core_cmInstr.h **** 
  73:./system/core_cmInstr.h ****     Wait For Event is a hint instruction that permits the processor to enter
  74:./system/core_cmInstr.h ****     a low-power state until one of a number of events occurs.
  75:./system/core_cmInstr.h ****  */
  76:./system/core_cmInstr.h **** #define __WFE                             __wfe
  77:./system/core_cmInstr.h **** 
  78:./system/core_cmInstr.h **** 
  79:./system/core_cmInstr.h **** /** \brief  Send Event
  80:./system/core_cmInstr.h **** 
  81:./system/core_cmInstr.h ****     Send Event is a hint instruction. It causes an event to be signaled to the CPU.
  82:./system/core_cmInstr.h ****  */
  83:./system/core_cmInstr.h **** #define __SEV                             __sev
  84:./system/core_cmInstr.h **** 
  85:./system/core_cmInstr.h **** 
  86:./system/core_cmInstr.h **** /** \brief  Instruction Synchronization Barrier
  87:./system/core_cmInstr.h **** 
  88:./system/core_cmInstr.h ****     Instruction Synchronization Barrier flushes the pipeline in the processor,
  89:./system/core_cmInstr.h ****     so that all instructions following the ISB are fetched from cache or
ARM GAS  /tmp/ccqiEoki.s 			page 26


  90:./system/core_cmInstr.h ****     memory, after the instruction has been completed.
  91:./system/core_cmInstr.h ****  */
  92:./system/core_cmInstr.h **** #define __ISB() do {\
  93:./system/core_cmInstr.h ****                    __schedule_barrier();\
  94:./system/core_cmInstr.h ****                    __isb(0xF);\
  95:./system/core_cmInstr.h ****                    __schedule_barrier();\
  96:./system/core_cmInstr.h ****                 } while (0)
  97:./system/core_cmInstr.h **** 
  98:./system/core_cmInstr.h **** /** \brief  Data Synchronization Barrier
  99:./system/core_cmInstr.h **** 
 100:./system/core_cmInstr.h ****     This function acts as a special kind of Data Memory Barrier.
 101:./system/core_cmInstr.h ****     It completes when all explicit memory accesses before this instruction complete.
 102:./system/core_cmInstr.h ****  */
 103:./system/core_cmInstr.h **** #define __DSB() do {\
 104:./system/core_cmInstr.h ****                    __schedule_barrier();\
 105:./system/core_cmInstr.h ****                    __dsb(0xF);\
 106:./system/core_cmInstr.h ****                    __schedule_barrier();\
 107:./system/core_cmInstr.h ****                 } while (0)
 108:./system/core_cmInstr.h **** 
 109:./system/core_cmInstr.h **** /** \brief  Data Memory Barrier
 110:./system/core_cmInstr.h **** 
 111:./system/core_cmInstr.h ****     This function ensures the apparent order of the explicit memory operations before
 112:./system/core_cmInstr.h ****     and after the instruction, without ensuring their completion.
 113:./system/core_cmInstr.h ****  */
 114:./system/core_cmInstr.h **** #define __DMB() do {\
 115:./system/core_cmInstr.h ****                    __schedule_barrier();\
 116:./system/core_cmInstr.h ****                    __dmb(0xF);\
 117:./system/core_cmInstr.h ****                    __schedule_barrier();\
 118:./system/core_cmInstr.h ****                 } while (0)
 119:./system/core_cmInstr.h **** 
 120:./system/core_cmInstr.h **** /** \brief  Reverse byte order (32 bit)
 121:./system/core_cmInstr.h **** 
 122:./system/core_cmInstr.h ****     This function reverses the byte order in integer value.
 123:./system/core_cmInstr.h **** 
 124:./system/core_cmInstr.h ****     \param [in]    value  Value to reverse
 125:./system/core_cmInstr.h ****     \return               Reversed value
 126:./system/core_cmInstr.h ****  */
 127:./system/core_cmInstr.h **** #define __REV                             __rev
 128:./system/core_cmInstr.h **** 
 129:./system/core_cmInstr.h **** 
 130:./system/core_cmInstr.h **** /** \brief  Reverse byte order (16 bit)
 131:./system/core_cmInstr.h **** 
 132:./system/core_cmInstr.h ****     This function reverses the byte order in two unsigned short values.
 133:./system/core_cmInstr.h **** 
 134:./system/core_cmInstr.h ****     \param [in]    value  Value to reverse
 135:./system/core_cmInstr.h ****     \return               Reversed value
 136:./system/core_cmInstr.h ****  */
 137:./system/core_cmInstr.h **** #ifndef __NO_EMBEDDED_ASM
 138:./system/core_cmInstr.h **** __attribute__((section(".rev16_text"))) __STATIC_INLINE __ASM uint32_t __REV16(uint32_t value)
 139:./system/core_cmInstr.h **** {
 140:./system/core_cmInstr.h ****   rev16 r0, r0
 141:./system/core_cmInstr.h ****   bx lr
 142:./system/core_cmInstr.h **** }
 143:./system/core_cmInstr.h **** #endif
 144:./system/core_cmInstr.h **** 
 145:./system/core_cmInstr.h **** /** \brief  Reverse byte order in signed short value
 146:./system/core_cmInstr.h **** 
ARM GAS  /tmp/ccqiEoki.s 			page 27


 147:./system/core_cmInstr.h ****     This function reverses the byte order in a signed short value with sign extension to integer.
 148:./system/core_cmInstr.h **** 
 149:./system/core_cmInstr.h ****     \param [in]    value  Value to reverse
 150:./system/core_cmInstr.h ****     \return               Reversed value
 151:./system/core_cmInstr.h ****  */
 152:./system/core_cmInstr.h **** #ifndef __NO_EMBEDDED_ASM
 153:./system/core_cmInstr.h **** __attribute__((section(".revsh_text"))) __STATIC_INLINE __ASM int32_t __REVSH(int32_t value)
 154:./system/core_cmInstr.h **** {
 155:./system/core_cmInstr.h ****   revsh r0, r0
 156:./system/core_cmInstr.h ****   bx lr
 157:./system/core_cmInstr.h **** }
 158:./system/core_cmInstr.h **** #endif
 159:./system/core_cmInstr.h **** 
 160:./system/core_cmInstr.h **** 
 161:./system/core_cmInstr.h **** /** \brief  Rotate Right in unsigned value (32 bit)
 162:./system/core_cmInstr.h **** 
 163:./system/core_cmInstr.h ****     This function Rotate Right (immediate) provides the value of the contents of a register rotated
 164:./system/core_cmInstr.h **** 
 165:./system/core_cmInstr.h ****     \param [in]    value  Value to rotate
 166:./system/core_cmInstr.h ****     \param [in]    value  Number of Bits to rotate
 167:./system/core_cmInstr.h ****     \return               Rotated value
 168:./system/core_cmInstr.h ****  */
 169:./system/core_cmInstr.h **** #define __ROR                             __ror
 170:./system/core_cmInstr.h **** 
 171:./system/core_cmInstr.h **** 
 172:./system/core_cmInstr.h **** /** \brief  Breakpoint
 173:./system/core_cmInstr.h **** 
 174:./system/core_cmInstr.h ****     This function causes the processor to enter Debug state.
 175:./system/core_cmInstr.h ****     Debug tools can use this to investigate system state when the instruction at a particular addre
 176:./system/core_cmInstr.h **** 
 177:./system/core_cmInstr.h ****     \param [in]    value  is ignored by the processor.
 178:./system/core_cmInstr.h ****                    If required, a debugger can use it to store additional information about the bre
 179:./system/core_cmInstr.h ****  */
 180:./system/core_cmInstr.h **** #define __BKPT(value)                       __breakpoint(value)
 181:./system/core_cmInstr.h **** 
 182:./system/core_cmInstr.h **** 
 183:./system/core_cmInstr.h **** /** \brief  Reverse bit order of value
 184:./system/core_cmInstr.h **** 
 185:./system/core_cmInstr.h ****     This function reverses the bit order of the given value.
 186:./system/core_cmInstr.h **** 
 187:./system/core_cmInstr.h ****     \param [in]    value  Value to reverse
 188:./system/core_cmInstr.h ****     \return               Reversed value
 189:./system/core_cmInstr.h ****  */
 190:./system/core_cmInstr.h **** #if       (__CORTEX_M >= 0x03) || (__CORTEX_SC >= 300)
 191:./system/core_cmInstr.h ****   #define __RBIT                          __rbit
 192:./system/core_cmInstr.h **** #else
 193:./system/core_cmInstr.h **** __attribute__((always_inline)) __STATIC_INLINE uint32_t __RBIT(uint32_t value)
 194:./system/core_cmInstr.h **** {
 195:./system/core_cmInstr.h ****   uint32_t result;
 196:./system/core_cmInstr.h ****   int32_t s = 4 /*sizeof(v)*/ * 8 - 1; // extra shift needed at end
 197:./system/core_cmInstr.h **** 
 198:./system/core_cmInstr.h ****   result = value;                      // r will be reversed bits of v; first get LSB of v
 199:./system/core_cmInstr.h ****   for (value >>= 1; value; value >>= 1)
 200:./system/core_cmInstr.h ****   {
 201:./system/core_cmInstr.h ****     result <<= 1;
 202:./system/core_cmInstr.h ****     result |= value & 1;
 203:./system/core_cmInstr.h ****     s--;
ARM GAS  /tmp/ccqiEoki.s 			page 28


 204:./system/core_cmInstr.h ****   }
 205:./system/core_cmInstr.h ****   result <<= s;                       // shift when v's highest bits are zero
 206:./system/core_cmInstr.h ****   return(result);
 207:./system/core_cmInstr.h **** }
 208:./system/core_cmInstr.h **** #endif
 209:./system/core_cmInstr.h **** 
 210:./system/core_cmInstr.h **** 
 211:./system/core_cmInstr.h **** /** \brief  Count leading zeros
 212:./system/core_cmInstr.h **** 
 213:./system/core_cmInstr.h ****     This function counts the number of leading zeros of a data value.
 214:./system/core_cmInstr.h **** 
 215:./system/core_cmInstr.h ****     \param [in]  value  Value to count the leading zeros
 216:./system/core_cmInstr.h ****     \return             number of leading zeros in value
 217:./system/core_cmInstr.h ****  */
 218:./system/core_cmInstr.h **** #define __CLZ                             __clz
 219:./system/core_cmInstr.h **** 
 220:./system/core_cmInstr.h **** 
 221:./system/core_cmInstr.h **** #if       (__CORTEX_M >= 0x03) || (__CORTEX_SC >= 300)
 222:./system/core_cmInstr.h **** 
 223:./system/core_cmInstr.h **** /** \brief  LDR Exclusive (8 bit)
 224:./system/core_cmInstr.h **** 
 225:./system/core_cmInstr.h ****     This function executes a exclusive LDR instruction for 8 bit value.
 226:./system/core_cmInstr.h **** 
 227:./system/core_cmInstr.h ****     \param [in]    ptr  Pointer to data
 228:./system/core_cmInstr.h ****     \return             value of type uint8_t at (*ptr)
 229:./system/core_cmInstr.h ****  */
 230:./system/core_cmInstr.h **** #define __LDREXB(ptr)                     ((uint8_t ) __ldrex(ptr))
 231:./system/core_cmInstr.h **** 
 232:./system/core_cmInstr.h **** 
 233:./system/core_cmInstr.h **** /** \brief  LDR Exclusive (16 bit)
 234:./system/core_cmInstr.h **** 
 235:./system/core_cmInstr.h ****     This function executes a exclusive LDR instruction for 16 bit values.
 236:./system/core_cmInstr.h **** 
 237:./system/core_cmInstr.h ****     \param [in]    ptr  Pointer to data
 238:./system/core_cmInstr.h ****     \return        value of type uint16_t at (*ptr)
 239:./system/core_cmInstr.h ****  */
 240:./system/core_cmInstr.h **** #define __LDREXH(ptr)                     ((uint16_t) __ldrex(ptr))
 241:./system/core_cmInstr.h **** 
 242:./system/core_cmInstr.h **** 
 243:./system/core_cmInstr.h **** /** \brief  LDR Exclusive (32 bit)
 244:./system/core_cmInstr.h **** 
 245:./system/core_cmInstr.h ****     This function executes a exclusive LDR instruction for 32 bit values.
 246:./system/core_cmInstr.h **** 
 247:./system/core_cmInstr.h ****     \param [in]    ptr  Pointer to data
 248:./system/core_cmInstr.h ****     \return        value of type uint32_t at (*ptr)
 249:./system/core_cmInstr.h ****  */
 250:./system/core_cmInstr.h **** #define __LDREXW(ptr)                     ((uint32_t ) __ldrex(ptr))
 251:./system/core_cmInstr.h **** 
 252:./system/core_cmInstr.h **** 
 253:./system/core_cmInstr.h **** /** \brief  STR Exclusive (8 bit)
 254:./system/core_cmInstr.h **** 
 255:./system/core_cmInstr.h ****     This function executes a exclusive STR instruction for 8 bit values.
 256:./system/core_cmInstr.h **** 
 257:./system/core_cmInstr.h ****     \param [in]  value  Value to store
 258:./system/core_cmInstr.h ****     \param [in]    ptr  Pointer to location
 259:./system/core_cmInstr.h ****     \return          0  Function succeeded
 260:./system/core_cmInstr.h ****     \return          1  Function failed
ARM GAS  /tmp/ccqiEoki.s 			page 29


 261:./system/core_cmInstr.h ****  */
 262:./system/core_cmInstr.h **** #define __STREXB(value, ptr)              __strex(value, ptr)
 263:./system/core_cmInstr.h **** 
 264:./system/core_cmInstr.h **** 
 265:./system/core_cmInstr.h **** /** \brief  STR Exclusive (16 bit)
 266:./system/core_cmInstr.h **** 
 267:./system/core_cmInstr.h ****     This function executes a exclusive STR instruction for 16 bit values.
 268:./system/core_cmInstr.h **** 
 269:./system/core_cmInstr.h ****     \param [in]  value  Value to store
 270:./system/core_cmInstr.h ****     \param [in]    ptr  Pointer to location
 271:./system/core_cmInstr.h ****     \return          0  Function succeeded
 272:./system/core_cmInstr.h ****     \return          1  Function failed
 273:./system/core_cmInstr.h ****  */
 274:./system/core_cmInstr.h **** #define __STREXH(value, ptr)              __strex(value, ptr)
 275:./system/core_cmInstr.h **** 
 276:./system/core_cmInstr.h **** 
 277:./system/core_cmInstr.h **** /** \brief  STR Exclusive (32 bit)
 278:./system/core_cmInstr.h **** 
 279:./system/core_cmInstr.h ****     This function executes a exclusive STR instruction for 32 bit values.
 280:./system/core_cmInstr.h **** 
 281:./system/core_cmInstr.h ****     \param [in]  value  Value to store
 282:./system/core_cmInstr.h ****     \param [in]    ptr  Pointer to location
 283:./system/core_cmInstr.h ****     \return          0  Function succeeded
 284:./system/core_cmInstr.h ****     \return          1  Function failed
 285:./system/core_cmInstr.h ****  */
 286:./system/core_cmInstr.h **** #define __STREXW(value, ptr)              __strex(value, ptr)
 287:./system/core_cmInstr.h **** 
 288:./system/core_cmInstr.h **** 
 289:./system/core_cmInstr.h **** /** \brief  Remove the exclusive lock
 290:./system/core_cmInstr.h **** 
 291:./system/core_cmInstr.h ****     This function removes the exclusive lock which is created by LDREX.
 292:./system/core_cmInstr.h **** 
 293:./system/core_cmInstr.h ****  */
 294:./system/core_cmInstr.h **** #define __CLREX                           __clrex
 295:./system/core_cmInstr.h **** 
 296:./system/core_cmInstr.h **** 
 297:./system/core_cmInstr.h **** /** \brief  Signed Saturate
 298:./system/core_cmInstr.h **** 
 299:./system/core_cmInstr.h ****     This function saturates a signed value.
 300:./system/core_cmInstr.h **** 
 301:./system/core_cmInstr.h ****     \param [in]  value  Value to be saturated
 302:./system/core_cmInstr.h ****     \param [in]    sat  Bit position to saturate to (1..32)
 303:./system/core_cmInstr.h ****     \return             Saturated value
 304:./system/core_cmInstr.h ****  */
 305:./system/core_cmInstr.h **** #define __SSAT                            __ssat
 306:./system/core_cmInstr.h **** 
 307:./system/core_cmInstr.h **** 
 308:./system/core_cmInstr.h **** /** \brief  Unsigned Saturate
 309:./system/core_cmInstr.h **** 
 310:./system/core_cmInstr.h ****     This function saturates an unsigned value.
 311:./system/core_cmInstr.h **** 
 312:./system/core_cmInstr.h ****     \param [in]  value  Value to be saturated
 313:./system/core_cmInstr.h ****     \param [in]    sat  Bit position to saturate to (0..31)
 314:./system/core_cmInstr.h ****     \return             Saturated value
 315:./system/core_cmInstr.h ****  */
 316:./system/core_cmInstr.h **** #define __USAT                            __usat
 317:./system/core_cmInstr.h **** 
ARM GAS  /tmp/ccqiEoki.s 			page 30


 318:./system/core_cmInstr.h **** 
 319:./system/core_cmInstr.h **** /** \brief  Rotate Right with Extend (32 bit)
 320:./system/core_cmInstr.h **** 
 321:./system/core_cmInstr.h ****     This function moves each bit of a bitstring right by one bit.
 322:./system/core_cmInstr.h ****     The carry input is shifted in at the left end of the bitstring.
 323:./system/core_cmInstr.h **** 
 324:./system/core_cmInstr.h ****     \param [in]    value  Value to rotate
 325:./system/core_cmInstr.h ****     \return               Rotated value
 326:./system/core_cmInstr.h ****  */
 327:./system/core_cmInstr.h **** #ifndef __NO_EMBEDDED_ASM
 328:./system/core_cmInstr.h **** __attribute__((section(".rrx_text"))) __STATIC_INLINE __ASM uint32_t __RRX(uint32_t value)
 329:./system/core_cmInstr.h **** {
 330:./system/core_cmInstr.h ****   rrx r0, r0
 331:./system/core_cmInstr.h ****   bx lr
 332:./system/core_cmInstr.h **** }
 333:./system/core_cmInstr.h **** #endif
 334:./system/core_cmInstr.h **** 
 335:./system/core_cmInstr.h **** 
 336:./system/core_cmInstr.h **** /** \brief  LDRT Unprivileged (8 bit)
 337:./system/core_cmInstr.h **** 
 338:./system/core_cmInstr.h ****     This function executes a Unprivileged LDRT instruction for 8 bit value.
 339:./system/core_cmInstr.h **** 
 340:./system/core_cmInstr.h ****     \param [in]    ptr  Pointer to data
 341:./system/core_cmInstr.h ****     \return             value of type uint8_t at (*ptr)
 342:./system/core_cmInstr.h ****  */
 343:./system/core_cmInstr.h **** #define __LDRBT(ptr)                      ((uint8_t )  __ldrt(ptr))
 344:./system/core_cmInstr.h **** 
 345:./system/core_cmInstr.h **** 
 346:./system/core_cmInstr.h **** /** \brief  LDRT Unprivileged (16 bit)
 347:./system/core_cmInstr.h **** 
 348:./system/core_cmInstr.h ****     This function executes a Unprivileged LDRT instruction for 16 bit values.
 349:./system/core_cmInstr.h **** 
 350:./system/core_cmInstr.h ****     \param [in]    ptr  Pointer to data
 351:./system/core_cmInstr.h ****     \return        value of type uint16_t at (*ptr)
 352:./system/core_cmInstr.h ****  */
 353:./system/core_cmInstr.h **** #define __LDRHT(ptr)                      ((uint16_t)  __ldrt(ptr))
 354:./system/core_cmInstr.h **** 
 355:./system/core_cmInstr.h **** 
 356:./system/core_cmInstr.h **** /** \brief  LDRT Unprivileged (32 bit)
 357:./system/core_cmInstr.h **** 
 358:./system/core_cmInstr.h ****     This function executes a Unprivileged LDRT instruction for 32 bit values.
 359:./system/core_cmInstr.h **** 
 360:./system/core_cmInstr.h ****     \param [in]    ptr  Pointer to data
 361:./system/core_cmInstr.h ****     \return        value of type uint32_t at (*ptr)
 362:./system/core_cmInstr.h ****  */
 363:./system/core_cmInstr.h **** #define __LDRT(ptr)                       ((uint32_t ) __ldrt(ptr))
 364:./system/core_cmInstr.h **** 
 365:./system/core_cmInstr.h **** 
 366:./system/core_cmInstr.h **** /** \brief  STRT Unprivileged (8 bit)
 367:./system/core_cmInstr.h **** 
 368:./system/core_cmInstr.h ****     This function executes a Unprivileged STRT instruction for 8 bit values.
 369:./system/core_cmInstr.h **** 
 370:./system/core_cmInstr.h ****     \param [in]  value  Value to store
 371:./system/core_cmInstr.h ****     \param [in]    ptr  Pointer to location
 372:./system/core_cmInstr.h ****  */
 373:./system/core_cmInstr.h **** #define __STRBT(value, ptr)               __strt(value, ptr)
 374:./system/core_cmInstr.h **** 
ARM GAS  /tmp/ccqiEoki.s 			page 31


 375:./system/core_cmInstr.h **** 
 376:./system/core_cmInstr.h **** /** \brief  STRT Unprivileged (16 bit)
 377:./system/core_cmInstr.h **** 
 378:./system/core_cmInstr.h ****     This function executes a Unprivileged STRT instruction for 16 bit values.
 379:./system/core_cmInstr.h **** 
 380:./system/core_cmInstr.h ****     \param [in]  value  Value to store
 381:./system/core_cmInstr.h ****     \param [in]    ptr  Pointer to location
 382:./system/core_cmInstr.h ****  */
 383:./system/core_cmInstr.h **** #define __STRHT(value, ptr)               __strt(value, ptr)
 384:./system/core_cmInstr.h **** 
 385:./system/core_cmInstr.h **** 
 386:./system/core_cmInstr.h **** /** \brief  STRT Unprivileged (32 bit)
 387:./system/core_cmInstr.h **** 
 388:./system/core_cmInstr.h ****     This function executes a Unprivileged STRT instruction for 32 bit values.
 389:./system/core_cmInstr.h **** 
 390:./system/core_cmInstr.h ****     \param [in]  value  Value to store
 391:./system/core_cmInstr.h ****     \param [in]    ptr  Pointer to location
 392:./system/core_cmInstr.h ****  */
 393:./system/core_cmInstr.h **** #define __STRT(value, ptr)                __strt(value, ptr)
 394:./system/core_cmInstr.h **** 
 395:./system/core_cmInstr.h **** #endif /* (__CORTEX_M >= 0x03) || (__CORTEX_SC >= 300) */
 396:./system/core_cmInstr.h **** 
 397:./system/core_cmInstr.h **** 
 398:./system/core_cmInstr.h **** #elif defined ( __GNUC__ ) /*------------------ GNU Compiler ---------------------*/
 399:./system/core_cmInstr.h **** /* GNU gcc specific functions */
 400:./system/core_cmInstr.h **** 
 401:./system/core_cmInstr.h **** /* Define macros for porting to both thumb1 and thumb2.
 402:./system/core_cmInstr.h ****  * For thumb1, use low register (r0-r7), specified by constrant "l"
 403:./system/core_cmInstr.h ****  * Otherwise, use general registers, specified by constrant "r" */
 404:./system/core_cmInstr.h **** #if defined (__thumb__) && !defined (__thumb2__)
 405:./system/core_cmInstr.h **** #define __CMSIS_GCC_OUT_REG(r) "=l" (r)
 406:./system/core_cmInstr.h **** #define __CMSIS_GCC_USE_REG(r) "l" (r)
 407:./system/core_cmInstr.h **** #else
 408:./system/core_cmInstr.h **** #define __CMSIS_GCC_OUT_REG(r) "=r" (r)
 409:./system/core_cmInstr.h **** #define __CMSIS_GCC_USE_REG(r) "r" (r)
 410:./system/core_cmInstr.h **** #endif
 411:./system/core_cmInstr.h **** 
 412:./system/core_cmInstr.h **** /** \brief  No Operation
 413:./system/core_cmInstr.h **** 
 414:./system/core_cmInstr.h ****     No Operation does nothing. This instruction can be used for code alignment purposes.
 415:./system/core_cmInstr.h ****  */
 416:./system/core_cmInstr.h **** __attribute__((always_inline)) __STATIC_INLINE void __NOP(void)
 417:./system/core_cmInstr.h **** {
 418:./system/core_cmInstr.h ****   __ASM volatile ("nop");
 419:./system/core_cmInstr.h **** }
 420:./system/core_cmInstr.h **** 
 421:./system/core_cmInstr.h **** 
 422:./system/core_cmInstr.h **** /** \brief  Wait For Interrupt
 423:./system/core_cmInstr.h **** 
 424:./system/core_cmInstr.h ****     Wait For Interrupt is a hint instruction that suspends execution
 425:./system/core_cmInstr.h ****     until one of a number of events occurs.
 426:./system/core_cmInstr.h ****  */
 427:./system/core_cmInstr.h **** __attribute__((always_inline)) __STATIC_INLINE void __WFI(void)
 428:./system/core_cmInstr.h **** {
 429:./system/core_cmInstr.h ****   __ASM volatile ("wfi");
 430:./system/core_cmInstr.h **** }
 431:./system/core_cmInstr.h **** 
ARM GAS  /tmp/ccqiEoki.s 			page 32


 432:./system/core_cmInstr.h **** 
 433:./system/core_cmInstr.h **** /** \brief  Wait For Event
 434:./system/core_cmInstr.h **** 
 435:./system/core_cmInstr.h ****     Wait For Event is a hint instruction that permits the processor to enter
 436:./system/core_cmInstr.h ****     a low-power state until one of a number of events occurs.
 437:./system/core_cmInstr.h ****  */
 438:./system/core_cmInstr.h **** __attribute__((always_inline)) __STATIC_INLINE void __WFE(void)
 518              		.loc 2 438 53 view .LVU111
 519              	.LBB13:
 439:./system/core_cmInstr.h **** {
 440:./system/core_cmInstr.h ****   __ASM volatile ("wfe");
 520              		.loc 2 440 3 view .LVU112
 521              		.syntax unified
 522              	@ 440 "./system/core_cmInstr.h" 1
 523 001e 20BF     		wfe
 524              	@ 0 "" 2
 525              		.thumb
 526              		.syntax unified
 527              	.L47:
 528              	.LBE13:
 529              	.LBE12:
 847:./Libraries/src/stm32f4xx_pwr.c ****   }
 848:./Libraries/src/stm32f4xx_pwr.c ****   /* Reset SLEEPDEEP bit of Cortex System Control Register */
 849:./Libraries/src/stm32f4xx_pwr.c ****   SCB->SCR &= (uint32_t)~((uint32_t)SCB_SCR_SLEEPDEEP_Msk);  
 530              		.loc 1 849 3 view .LVU113
 531              		.loc 1 849 6 is_stmt 0 view .LVU114
 532 0020 044A     		ldr	r2, .L49+4
 533 0022 1369     		ldr	r3, [r2, #16]
 534              		.loc 1 849 12 view .LVU115
 535 0024 23F00403 		bic	r3, r3, #4
 536 0028 1361     		str	r3, [r2, #16]
 850:./Libraries/src/stm32f4xx_pwr.c **** }
 537              		.loc 1 850 1 view .LVU116
 538 002a 7047     		bx	lr
 539              	.L48:
 841:./Libraries/src/stm32f4xx_pwr.c ****   }
 540              		.loc 1 841 5 is_stmt 1 view .LVU117
 541              	.LBB14:
 542              	.LBI14:
 427:./system/core_cmInstr.h **** {
 543              		.loc 2 427 53 view .LVU118
 544              	.LBB15:
 429:./system/core_cmInstr.h **** }
 545              		.loc 2 429 3 view .LVU119
 546              		.syntax unified
 547              	@ 429 "./system/core_cmInstr.h" 1
 548 002c 30BF     		wfi
 549              	@ 0 "" 2
 430:./system/core_cmInstr.h **** 
 550              		.loc 2 430 1 is_stmt 0 view .LVU120
 551              		.thumb
 552              		.syntax unified
 553 002e F7E7     		b	.L47
 554              	.L50:
 555              		.align	2
 556              	.L49:
 557 0030 00700040 		.word	1073770496
ARM GAS  /tmp/ccqiEoki.s 			page 33


 558 0034 00ED00E0 		.word	-536810240
 559              	.LBE15:
 560              	.LBE14:
 561              		.cfi_endproc
 562              	.LFE136:
 564              		.section	.text.PWR_EnterUnderDriveSTOPMode,"ax",%progbits
 565              		.align	1
 566              		.global	PWR_EnterUnderDriveSTOPMode
 567              		.syntax unified
 568              		.thumb
 569              		.thumb_func
 571              	PWR_EnterUnderDriveSTOPMode:
 572              	.LVL27:
 573              	.LFB137:
 851:./Libraries/src/stm32f4xx_pwr.c **** 
 852:./Libraries/src/stm32f4xx_pwr.c **** /**
 853:./Libraries/src/stm32f4xx_pwr.c ****   * @brief  Enters in Under-Drive STOP mode.
 854:./Libraries/src/stm32f4xx_pwr.c ****   *  
 855:./Libraries/src/stm32f4xx_pwr.c ****   * @note   This mode is only available for STM32F42xxx/STM3243xxx devices. 
 856:./Libraries/src/stm32f4xx_pwr.c ****   * 
 857:./Libraries/src/stm32f4xx_pwr.c ****   * @note    This mode can be selected only when the Under-Drive is already active 
 858:./Libraries/src/stm32f4xx_pwr.c ****   *         
 859:./Libraries/src/stm32f4xx_pwr.c ****   * @note   In Stop mode, all I/O pins keep the same state as in Run mode.
 860:./Libraries/src/stm32f4xx_pwr.c ****   * @note   When exiting Stop mode by issuing an interrupt or a wakeup event, 
 861:./Libraries/src/stm32f4xx_pwr.c ****   *         the HSI RC oscillator is selected as system clock.
 862:./Libraries/src/stm32f4xx_pwr.c ****   * @note   When the voltage regulator operates in low power mode, an additional 
 863:./Libraries/src/stm32f4xx_pwr.c ****   *         startup delay is incurred when waking up from Stop mode. 
 864:./Libraries/src/stm32f4xx_pwr.c ****   *         By keeping the internal regulator ON during Stop mode, the consumption 
 865:./Libraries/src/stm32f4xx_pwr.c ****   *         is higher although the startup time is reduced.
 866:./Libraries/src/stm32f4xx_pwr.c ****   *     
 867:./Libraries/src/stm32f4xx_pwr.c ****   * @param  PWR_Regulator: specifies the regulator state in STOP mode.
 868:./Libraries/src/stm32f4xx_pwr.c ****   *          This parameter can be one of the following values:
 869:./Libraries/src/stm32f4xx_pwr.c ****   *            @arg PWR_MainRegulator_UnderDrive_ON:  Main Regulator in under-drive mode 
 870:./Libraries/src/stm32f4xx_pwr.c ****   *                 and Flash memory in power-down when the device is in Stop under-drive mode
 871:./Libraries/src/stm32f4xx_pwr.c ****   *            @arg PWR_LowPowerRegulator_UnderDrive_ON:  Low Power Regulator in under-drive mode 
 872:./Libraries/src/stm32f4xx_pwr.c ****   *                and Flash memory in power-down when the device is in Stop under-drive mode
 873:./Libraries/src/stm32f4xx_pwr.c ****   * @param  PWR_STOPEntry: specifies if STOP mode in entered with WFI or WFE instruction.
 874:./Libraries/src/stm32f4xx_pwr.c ****   *          This parameter can be one of the following values:
 875:./Libraries/src/stm32f4xx_pwr.c ****   *            @arg PWR_STOPEntry_WFI: enter STOP mode with WFI instruction
 876:./Libraries/src/stm32f4xx_pwr.c ****   *            @arg PWR_STOPEntry_WFE: enter STOP mode with WFE instruction
 877:./Libraries/src/stm32f4xx_pwr.c ****   * @retval None
 878:./Libraries/src/stm32f4xx_pwr.c ****   */
 879:./Libraries/src/stm32f4xx_pwr.c **** void PWR_EnterUnderDriveSTOPMode(uint32_t PWR_Regulator, uint8_t PWR_STOPEntry)
 880:./Libraries/src/stm32f4xx_pwr.c **** {
 574              		.loc 1 880 1 is_stmt 1 view -0
 575              		.cfi_startproc
 576              		@ args = 0, pretend = 0, frame = 0
 577              		@ frame_needed = 0, uses_anonymous_args = 0
 578              		@ link register save eliminated.
 881:./Libraries/src/stm32f4xx_pwr.c ****   uint32_t tmpreg = 0;
 579              		.loc 1 881 3 view .LVU122
 882:./Libraries/src/stm32f4xx_pwr.c ****   
 883:./Libraries/src/stm32f4xx_pwr.c ****   /* Check the parameters */
 884:./Libraries/src/stm32f4xx_pwr.c ****   assert_param(IS_PWR_REGULATOR_UNDERDRIVE(PWR_Regulator));
 580              		.loc 1 884 3 view .LVU123
 885:./Libraries/src/stm32f4xx_pwr.c ****   assert_param(IS_PWR_STOP_ENTRY(PWR_STOPEntry));
 581              		.loc 1 885 3 view .LVU124
ARM GAS  /tmp/ccqiEoki.s 			page 34


 886:./Libraries/src/stm32f4xx_pwr.c ****   
 887:./Libraries/src/stm32f4xx_pwr.c ****   /* Select the regulator state in STOP mode ---------------------------------*/
 888:./Libraries/src/stm32f4xx_pwr.c ****   tmpreg = PWR->CR;
 582              		.loc 1 888 3 view .LVU125
 583              		.loc 1 888 10 is_stmt 0 view .LVU126
 584 0000 0B4A     		ldr	r2, .L55
 585 0002 1368     		ldr	r3, [r2]
 586              	.LVL28:
 889:./Libraries/src/stm32f4xx_pwr.c ****   /* Clear PDDS and LPDS bits */
 890:./Libraries/src/stm32f4xx_pwr.c ****   tmpreg &= CR_DS_MASK;
 587              		.loc 1 890 3 is_stmt 1 view .LVU127
 588              		.loc 1 890 10 is_stmt 0 view .LVU128
 589 0004 23F44063 		bic	r3, r3, #3072
 590              	.LVL29:
 591              		.loc 1 890 10 view .LVU129
 592 0008 23F00303 		bic	r3, r3, #3
 593              	.LVL30:
 891:./Libraries/src/stm32f4xx_pwr.c ****   
 892:./Libraries/src/stm32f4xx_pwr.c ****   /* Set LPDS, MRLUDS and LPLUDS bits according to PWR_Regulator value */
 893:./Libraries/src/stm32f4xx_pwr.c ****   tmpreg |= PWR_Regulator;
 594              		.loc 1 893 3 is_stmt 1 view .LVU130
 595              		.loc 1 893 10 is_stmt 0 view .LVU131
 596 000c 0343     		orrs	r3, r3, r0
 597              	.LVL31:
 894:./Libraries/src/stm32f4xx_pwr.c ****   
 895:./Libraries/src/stm32f4xx_pwr.c ****   /* Store the new value */
 896:./Libraries/src/stm32f4xx_pwr.c ****   PWR->CR = tmpreg;
 598              		.loc 1 896 3 is_stmt 1 view .LVU132
 599              		.loc 1 896 11 is_stmt 0 view .LVU133
 600 000e 1360     		str	r3, [r2]
 897:./Libraries/src/stm32f4xx_pwr.c ****   
 898:./Libraries/src/stm32f4xx_pwr.c ****   /* Set SLEEPDEEP bit of Cortex System Control Register */
 899:./Libraries/src/stm32f4xx_pwr.c ****   SCB->SCR |= SCB_SCR_SLEEPDEEP_Msk;
 601              		.loc 1 899 3 is_stmt 1 view .LVU134
 602              		.loc 1 899 6 is_stmt 0 view .LVU135
 603 0010 084A     		ldr	r2, .L55+4
 604 0012 1369     		ldr	r3, [r2, #16]
 605              	.LVL32:
 606              		.loc 1 899 12 view .LVU136
 607 0014 43F00403 		orr	r3, r3, #4
 608 0018 1361     		str	r3, [r2, #16]
 609              	.LVL33:
 900:./Libraries/src/stm32f4xx_pwr.c ****   
 901:./Libraries/src/stm32f4xx_pwr.c ****   /* Select STOP mode entry --------------------------------------------------*/
 902:./Libraries/src/stm32f4xx_pwr.c ****   if(PWR_STOPEntry == PWR_STOPEntry_WFI)
 610              		.loc 1 902 3 is_stmt 1 view .LVU137
 611              		.loc 1 902 5 is_stmt 0 view .LVU138
 612 001a 0129     		cmp	r1, #1
 613 001c 06D0     		beq	.L54
 903:./Libraries/src/stm32f4xx_pwr.c ****   {   
 904:./Libraries/src/stm32f4xx_pwr.c ****     /* Request Wait For Interrupt */
 905:./Libraries/src/stm32f4xx_pwr.c ****     __WFI();
 906:./Libraries/src/stm32f4xx_pwr.c ****   }
 907:./Libraries/src/stm32f4xx_pwr.c ****   else
 908:./Libraries/src/stm32f4xx_pwr.c ****   {
 909:./Libraries/src/stm32f4xx_pwr.c ****     /* Request Wait For Event */
 910:./Libraries/src/stm32f4xx_pwr.c ****     __WFE();
ARM GAS  /tmp/ccqiEoki.s 			page 35


 614              		.loc 1 910 5 is_stmt 1 view .LVU139
 615              	.LBB16:
 616              	.LBI16:
 438:./system/core_cmInstr.h **** {
 617              		.loc 2 438 53 view .LVU140
 618              	.LBB17:
 619              		.loc 2 440 3 view .LVU141
 620              		.syntax unified
 621              	@ 440 "./system/core_cmInstr.h" 1
 622 001e 20BF     		wfe
 623              	@ 0 "" 2
 624              		.thumb
 625              		.syntax unified
 626              	.L53:
 627              	.LBE17:
 628              	.LBE16:
 911:./Libraries/src/stm32f4xx_pwr.c ****   }
 912:./Libraries/src/stm32f4xx_pwr.c ****   /* Reset SLEEPDEEP bit of Cortex System Control Register */
 913:./Libraries/src/stm32f4xx_pwr.c ****   SCB->SCR &= (uint32_t)~((uint32_t)SCB_SCR_SLEEPDEEP_Msk);  
 629              		.loc 1 913 3 view .LVU142
 630              		.loc 1 913 6 is_stmt 0 view .LVU143
 631 0020 044A     		ldr	r2, .L55+4
 632 0022 1369     		ldr	r3, [r2, #16]
 633              		.loc 1 913 12 view .LVU144
 634 0024 23F00403 		bic	r3, r3, #4
 635 0028 1361     		str	r3, [r2, #16]
 914:./Libraries/src/stm32f4xx_pwr.c **** }
 636              		.loc 1 914 1 view .LVU145
 637 002a 7047     		bx	lr
 638              	.L54:
 905:./Libraries/src/stm32f4xx_pwr.c ****   }
 639              		.loc 1 905 5 is_stmt 1 view .LVU146
 640              	.LBB18:
 641              	.LBI18:
 427:./system/core_cmInstr.h **** {
 642              		.loc 2 427 53 view .LVU147
 643              	.LBB19:
 429:./system/core_cmInstr.h **** }
 644              		.loc 2 429 3 view .LVU148
 645              		.syntax unified
 646              	@ 429 "./system/core_cmInstr.h" 1
 647 002c 30BF     		wfi
 648              	@ 0 "" 2
 430:./system/core_cmInstr.h **** 
 649              		.loc 2 430 1 is_stmt 0 view .LVU149
 650              		.thumb
 651              		.syntax unified
 652 002e F7E7     		b	.L53
 653              	.L56:
 654              		.align	2
 655              	.L55:
 656 0030 00700040 		.word	1073770496
 657 0034 00ED00E0 		.word	-536810240
 658              	.LBE19:
 659              	.LBE18:
 660              		.cfi_endproc
 661              	.LFE137:
ARM GAS  /tmp/ccqiEoki.s 			page 36


 663              		.section	.text.PWR_EnterSTANDBYMode,"ax",%progbits
 664              		.align	1
 665              		.global	PWR_EnterSTANDBYMode
 666              		.syntax unified
 667              		.thumb
 668              		.thumb_func
 670              	PWR_EnterSTANDBYMode:
 671              	.LFB138:
 915:./Libraries/src/stm32f4xx_pwr.c **** 
 916:./Libraries/src/stm32f4xx_pwr.c **** /**
 917:./Libraries/src/stm32f4xx_pwr.c ****   * @brief  Enters STANDBY mode.
 918:./Libraries/src/stm32f4xx_pwr.c ****   * @note   In Standby mode, all I/O pins are high impedance except for:
 919:./Libraries/src/stm32f4xx_pwr.c ****   *          - Reset pad (still available) 
 920:./Libraries/src/stm32f4xx_pwr.c ****   *          - RTC_AF1 pin (PC13) if configured for tamper, time-stamp, RTC 
 921:./Libraries/src/stm32f4xx_pwr.c ****   *            Alarm out, or RTC clock calibration out.
 922:./Libraries/src/stm32f4xx_pwr.c ****   *          - RTC_AF2 pin (PI8) if configured for tamper or time-stamp.  
 923:./Libraries/src/stm32f4xx_pwr.c ****   *          - WKUP pin 1 (PA0) if enabled.
 924:./Libraries/src/stm32f4xx_pwr.c ****   * @note   The Wakeup flag (WUF) need to be cleared at application level before to call this funct
 925:./Libraries/src/stm32f4xx_pwr.c ****   * @param  None
 926:./Libraries/src/stm32f4xx_pwr.c ****   * @retval None
 927:./Libraries/src/stm32f4xx_pwr.c ****   */
 928:./Libraries/src/stm32f4xx_pwr.c **** void PWR_EnterSTANDBYMode(void)
 929:./Libraries/src/stm32f4xx_pwr.c **** {
 672              		.loc 1 929 1 is_stmt 1 view -0
 673              		.cfi_startproc
 674              		@ args = 0, pretend = 0, frame = 0
 675              		@ frame_needed = 0, uses_anonymous_args = 0
 676              		@ link register save eliminated.
 930:./Libraries/src/stm32f4xx_pwr.c ****   /* Select STANDBY mode */
 931:./Libraries/src/stm32f4xx_pwr.c ****   PWR->CR |= PWR_CR_PDDS;
 677              		.loc 1 931 3 view .LVU151
 678              		.loc 1 931 6 is_stmt 0 view .LVU152
 679 0000 054A     		ldr	r2, .L58
 680 0002 1368     		ldr	r3, [r2]
 681              		.loc 1 931 11 view .LVU153
 682 0004 43F00203 		orr	r3, r3, #2
 683 0008 1360     		str	r3, [r2]
 932:./Libraries/src/stm32f4xx_pwr.c ****   
 933:./Libraries/src/stm32f4xx_pwr.c ****   /* Set SLEEPDEEP bit of Cortex System Control Register */
 934:./Libraries/src/stm32f4xx_pwr.c ****   SCB->SCR |= SCB_SCR_SLEEPDEEP_Msk;
 684              		.loc 1 934 3 is_stmt 1 view .LVU154
 685              		.loc 1 934 6 is_stmt 0 view .LVU155
 686 000a 044A     		ldr	r2, .L58+4
 687 000c 1369     		ldr	r3, [r2, #16]
 688              		.loc 1 934 12 view .LVU156
 689 000e 43F00403 		orr	r3, r3, #4
 690 0012 1361     		str	r3, [r2, #16]
 935:./Libraries/src/stm32f4xx_pwr.c ****   
 936:./Libraries/src/stm32f4xx_pwr.c ****   /* This option is used to ensure that store operations are completed */
 937:./Libraries/src/stm32f4xx_pwr.c **** #if defined ( __CC_ARM   )
 938:./Libraries/src/stm32f4xx_pwr.c ****   __force_stores();
 939:./Libraries/src/stm32f4xx_pwr.c **** #endif
 940:./Libraries/src/stm32f4xx_pwr.c ****   /* Request Wait For Interrupt */
 941:./Libraries/src/stm32f4xx_pwr.c ****   __WFI();
 691              		.loc 1 941 3 is_stmt 1 view .LVU157
 692              	.LBB20:
 693              	.LBI20:
ARM GAS  /tmp/ccqiEoki.s 			page 37


 427:./system/core_cmInstr.h **** {
 694              		.loc 2 427 53 view .LVU158
 695              	.LBB21:
 429:./system/core_cmInstr.h **** }
 696              		.loc 2 429 3 view .LVU159
 697              		.syntax unified
 698              	@ 429 "./system/core_cmInstr.h" 1
 699 0014 30BF     		wfi
 700              	@ 0 "" 2
 701              		.thumb
 702              		.syntax unified
 703              	.LBE21:
 704              	.LBE20:
 942:./Libraries/src/stm32f4xx_pwr.c **** }
 705              		.loc 1 942 1 is_stmt 0 view .LVU160
 706 0016 7047     		bx	lr
 707              	.L59:
 708              		.align	2
 709              	.L58:
 710 0018 00700040 		.word	1073770496
 711 001c 00ED00E0 		.word	-536810240
 712              		.cfi_endproc
 713              	.LFE138:
 715              		.section	.text.PWR_GetFlagStatus,"ax",%progbits
 716              		.align	1
 717              		.global	PWR_GetFlagStatus
 718              		.syntax unified
 719              		.thumb
 720              		.thumb_func
 722              	PWR_GetFlagStatus:
 723              	.LVL34:
 724              	.LFB139:
 943:./Libraries/src/stm32f4xx_pwr.c **** 
 944:./Libraries/src/stm32f4xx_pwr.c **** /**
 945:./Libraries/src/stm32f4xx_pwr.c ****   * @}
 946:./Libraries/src/stm32f4xx_pwr.c ****   */
 947:./Libraries/src/stm32f4xx_pwr.c **** 
 948:./Libraries/src/stm32f4xx_pwr.c **** /** @defgroup PWR_Group7 Flags management functions
 949:./Libraries/src/stm32f4xx_pwr.c ****   *  @brief   Flags management functions 
 950:./Libraries/src/stm32f4xx_pwr.c ****   *
 951:./Libraries/src/stm32f4xx_pwr.c **** @verbatim   
 952:./Libraries/src/stm32f4xx_pwr.c ****  ===============================================================================
 953:./Libraries/src/stm32f4xx_pwr.c ****                     ##### Flags management functions #####
 954:./Libraries/src/stm32f4xx_pwr.c ****  ===============================================================================  
 955:./Libraries/src/stm32f4xx_pwr.c **** 
 956:./Libraries/src/stm32f4xx_pwr.c **** @endverbatim
 957:./Libraries/src/stm32f4xx_pwr.c ****   * @{
 958:./Libraries/src/stm32f4xx_pwr.c ****   */
 959:./Libraries/src/stm32f4xx_pwr.c **** 
 960:./Libraries/src/stm32f4xx_pwr.c **** /**
 961:./Libraries/src/stm32f4xx_pwr.c ****   * @brief  Checks whether the specified PWR flag is set or not.
 962:./Libraries/src/stm32f4xx_pwr.c ****   * @param  PWR_FLAG: specifies the flag to check.
 963:./Libraries/src/stm32f4xx_pwr.c ****   *          This parameter can be one of the following values:
 964:./Libraries/src/stm32f4xx_pwr.c ****   *            @arg PWR_FLAG_WU: Wake Up flag. This flag indicates that a wakeup event 
 965:./Libraries/src/stm32f4xx_pwr.c ****   *                  was received from the WKUP pin or from the RTC alarm (Alarm A 
 966:./Libraries/src/stm32f4xx_pwr.c ****   *                  or Alarm B), RTC Tamper event, RTC TimeStamp event or RTC Wakeup.
 967:./Libraries/src/stm32f4xx_pwr.c ****   *                  An additional wakeup event is detected if the WKUP pin is enabled 
ARM GAS  /tmp/ccqiEoki.s 			page 38


 968:./Libraries/src/stm32f4xx_pwr.c ****   *                  (by setting the EWUP bit) when the WKUP pin level is already high.  
 969:./Libraries/src/stm32f4xx_pwr.c ****   *            @arg PWR_FLAG_SB: StandBy flag. This flag indicates that the system was
 970:./Libraries/src/stm32f4xx_pwr.c ****   *                  resumed from StandBy mode.    
 971:./Libraries/src/stm32f4xx_pwr.c ****   *            @arg PWR_FLAG_PVDO: PVD Output. This flag is valid only if PVD is enabled 
 972:./Libraries/src/stm32f4xx_pwr.c ****   *                  by the PWR_PVDCmd() function. The PVD is stopped by Standby mode 
 973:./Libraries/src/stm32f4xx_pwr.c ****   *                  For this reason, this bit is equal to 0 after Standby or reset
 974:./Libraries/src/stm32f4xx_pwr.c ****   *                  until the PVDE bit is set.
 975:./Libraries/src/stm32f4xx_pwr.c ****   *            @arg PWR_FLAG_BRR: Backup regulator ready flag. This bit is not reset 
 976:./Libraries/src/stm32f4xx_pwr.c ****   *                  when the device wakes up from Standby mode or by a system reset 
 977:./Libraries/src/stm32f4xx_pwr.c ****   *                  or power reset.  
 978:./Libraries/src/stm32f4xx_pwr.c ****   *            @arg PWR_FLAG_VOSRDY: This flag indicates that the Regulator voltage 
 979:./Libraries/src/stm32f4xx_pwr.c ****   *                 scaling output selection is ready.
 980:./Libraries/src/stm32f4xx_pwr.c ****   *            @arg PWR_FLAG_ODRDY: This flag indicates that the Over-drive mode
 981:./Libraries/src/stm32f4xx_pwr.c ****   *                 is ready (STM32F42xxx/43xxx devices) 
 982:./Libraries/src/stm32f4xx_pwr.c ****   *            @arg PWR_FLAG_ODSWRDY: This flag indicates that the Over-drive mode
 983:./Libraries/src/stm32f4xx_pwr.c ****   *                 switching is ready (STM32F42xxx/43xxx devices) 
 984:./Libraries/src/stm32f4xx_pwr.c ****   *            @arg PWR_FLAG_UDRDY: This flag indicates that the Under-drive mode
 985:./Libraries/src/stm32f4xx_pwr.c ****   *                 is enabled in Stop mode (STM32F42xxx/43xxx devices)
 986:./Libraries/src/stm32f4xx_pwr.c ****   * @retval The new state of PWR_FLAG (SET or RESET).
 987:./Libraries/src/stm32f4xx_pwr.c ****   */
 988:./Libraries/src/stm32f4xx_pwr.c **** FlagStatus PWR_GetFlagStatus(uint32_t PWR_FLAG)
 989:./Libraries/src/stm32f4xx_pwr.c **** {
 725              		.loc 1 989 1 is_stmt 1 view -0
 726              		.cfi_startproc
 727              		@ args = 0, pretend = 0, frame = 0
 728              		@ frame_needed = 0, uses_anonymous_args = 0
 729              		@ link register save eliminated.
 990:./Libraries/src/stm32f4xx_pwr.c ****   FlagStatus bitstatus = RESET;
 730              		.loc 1 990 3 view .LVU162
 991:./Libraries/src/stm32f4xx_pwr.c ****   
 992:./Libraries/src/stm32f4xx_pwr.c ****   /* Check the parameters */
 993:./Libraries/src/stm32f4xx_pwr.c ****   assert_param(IS_PWR_GET_FLAG(PWR_FLAG));
 731              		.loc 1 993 3 view .LVU163
 994:./Libraries/src/stm32f4xx_pwr.c ****   
 995:./Libraries/src/stm32f4xx_pwr.c ****   if ((PWR->CSR & PWR_FLAG) != (uint32_t)RESET)
 732              		.loc 1 995 3 view .LVU164
 733              		.loc 1 995 11 is_stmt 0 view .LVU165
 734 0000 034B     		ldr	r3, .L63
 735 0002 5B68     		ldr	r3, [r3, #4]
 736              		.loc 1 995 6 view .LVU166
 737 0004 0342     		tst	r3, r0
 738 0006 01D0     		beq	.L62
 996:./Libraries/src/stm32f4xx_pwr.c ****   {
 997:./Libraries/src/stm32f4xx_pwr.c ****     bitstatus = SET;
 739              		.loc 1 997 15 view .LVU167
 740 0008 0120     		movs	r0, #1
 741              	.LVL35:
 742              		.loc 1 997 15 view .LVU168
 743 000a 7047     		bx	lr
 744              	.LVL36:
 745              	.L62:
 998:./Libraries/src/stm32f4xx_pwr.c ****   }
 999:./Libraries/src/stm32f4xx_pwr.c ****   else
1000:./Libraries/src/stm32f4xx_pwr.c ****   {
1001:./Libraries/src/stm32f4xx_pwr.c ****     bitstatus = RESET;
 746              		.loc 1 1001 15 view .LVU169
 747 000c 0020     		movs	r0, #0
ARM GAS  /tmp/ccqiEoki.s 			page 39


 748              	.LVL37:
1002:./Libraries/src/stm32f4xx_pwr.c ****   }
1003:./Libraries/src/stm32f4xx_pwr.c ****   /* Return the flag status */
1004:./Libraries/src/stm32f4xx_pwr.c ****   return bitstatus;
 749              		.loc 1 1004 3 is_stmt 1 view .LVU170
1005:./Libraries/src/stm32f4xx_pwr.c **** }
 750              		.loc 1 1005 1 is_stmt 0 view .LVU171
 751 000e 7047     		bx	lr
 752              	.L64:
 753              		.align	2
 754              	.L63:
 755 0010 00700040 		.word	1073770496
 756              		.cfi_endproc
 757              	.LFE139:
 759              		.section	.text.PWR_ClearFlag,"ax",%progbits
 760              		.align	1
 761              		.global	PWR_ClearFlag
 762              		.syntax unified
 763              		.thumb
 764              		.thumb_func
 766              	PWR_ClearFlag:
 767              	.LVL38:
 768              	.LFB140:
1006:./Libraries/src/stm32f4xx_pwr.c **** 
1007:./Libraries/src/stm32f4xx_pwr.c **** /**
1008:./Libraries/src/stm32f4xx_pwr.c ****   * @brief  Clears the PWR's pending flags.
1009:./Libraries/src/stm32f4xx_pwr.c ****   * @param  PWR_FLAG: specifies the flag to clear.
1010:./Libraries/src/stm32f4xx_pwr.c ****   *          This parameter can be one of the following values:
1011:./Libraries/src/stm32f4xx_pwr.c ****   *            @arg PWR_FLAG_WU: Wake Up flag
1012:./Libraries/src/stm32f4xx_pwr.c ****   *            @arg PWR_FLAG_SB: StandBy flag
1013:./Libraries/src/stm32f4xx_pwr.c ****   *            @arg PWR_FLAG_UDRDY: Under-drive ready flag (STM32F42xxx/43xxx devices)
1014:./Libraries/src/stm32f4xx_pwr.c ****   * @retval None
1015:./Libraries/src/stm32f4xx_pwr.c ****   */
1016:./Libraries/src/stm32f4xx_pwr.c **** void PWR_ClearFlag(uint32_t PWR_FLAG)
1017:./Libraries/src/stm32f4xx_pwr.c **** {
 769              		.loc 1 1017 1 is_stmt 1 view -0
 770              		.cfi_startproc
 771              		@ args = 0, pretend = 0, frame = 0
 772              		@ frame_needed = 0, uses_anonymous_args = 0
 773              		@ link register save eliminated.
1018:./Libraries/src/stm32f4xx_pwr.c ****   /* Check the parameters */
1019:./Libraries/src/stm32f4xx_pwr.c ****   assert_param(IS_PWR_CLEAR_FLAG(PWR_FLAG));
 774              		.loc 1 1019 3 view .LVU173
1020:./Libraries/src/stm32f4xx_pwr.c ****   
1021:./Libraries/src/stm32f4xx_pwr.c **** #if defined (STM32F427_437xx) || defined (STM32F429_439xx)
1022:./Libraries/src/stm32f4xx_pwr.c ****   if (PWR_FLAG != PWR_FLAG_UDRDY)
1023:./Libraries/src/stm32f4xx_pwr.c ****   {
1024:./Libraries/src/stm32f4xx_pwr.c ****     PWR->CR |=  PWR_FLAG << 2;
1025:./Libraries/src/stm32f4xx_pwr.c ****   }
1026:./Libraries/src/stm32f4xx_pwr.c ****   else
1027:./Libraries/src/stm32f4xx_pwr.c ****   {
1028:./Libraries/src/stm32f4xx_pwr.c ****     PWR->CSR |= PWR_FLAG_UDRDY;
1029:./Libraries/src/stm32f4xx_pwr.c ****   }
1030:./Libraries/src/stm32f4xx_pwr.c **** #endif /* STM32F427_437xx ||  STM32F429_439xx */
1031:./Libraries/src/stm32f4xx_pwr.c **** 
1032:./Libraries/src/stm32f4xx_pwr.c **** #if defined (STM32F40_41xxx) || defined (STM32F401xx) || defined (STM32F410xx) || defined (STM32F41
1033:./Libraries/src/stm32f4xx_pwr.c ****   PWR->CR |=  PWR_FLAG << 2;
ARM GAS  /tmp/ccqiEoki.s 			page 40


 775              		.loc 1 1033 3 view .LVU174
 776              		.loc 1 1033 6 is_stmt 0 view .LVU175
 777 0000 024A     		ldr	r2, .L66
 778 0002 1368     		ldr	r3, [r2]
 779              		.loc 1 1033 11 view .LVU176
 780 0004 43EA8003 		orr	r3, r3, r0, lsl #2
 781 0008 1360     		str	r3, [r2]
1034:./Libraries/src/stm32f4xx_pwr.c **** #endif /* STM32F40_41xxx  || STM32F401xx || STM32F410xx || STM32F411xE || STM32F412xG || STM32F413_
1035:./Libraries/src/stm32f4xx_pwr.c **** }
 782              		.loc 1 1035 1 view .LVU177
 783 000a 7047     		bx	lr
 784              	.L67:
 785              		.align	2
 786              	.L66:
 787 000c 00700040 		.word	1073770496
 788              		.cfi_endproc
 789              	.LFE140:
 791              		.text
 792              	.Letext0:
 793              		.file 3 "/opt/gcc-arm-none-eabi/arm-none-eabi/include/machine/_default_types.h"
 794              		.file 4 "/opt/gcc-arm-none-eabi/arm-none-eabi/include/sys/_stdint.h"
 795              		.file 5 "./system/core_cm4.h"
 796              		.file 6 "./system/stm32f4xx.h"
 797              		.file 7 "./Libraries/inc/stm32f4xx_rcc.h"
ARM GAS  /tmp/ccqiEoki.s 			page 41


DEFINED SYMBOLS
                            *ABS*:00000000 stm32f4xx_pwr.c
     /tmp/ccqiEoki.s:21     .text.PWR_DeInit:00000000 $t
     /tmp/ccqiEoki.s:27     .text.PWR_DeInit:00000000 PWR_DeInit
     /tmp/ccqiEoki.s:54     .text.PWR_BackupAccessCmd:00000000 $t
     /tmp/ccqiEoki.s:60     .text.PWR_BackupAccessCmd:00000000 PWR_BackupAccessCmd
     /tmp/ccqiEoki.s:78     .text.PWR_BackupAccessCmd:00000008 $d
     /tmp/ccqiEoki.s:83     .text.PWR_PVDLevelConfig:00000000 $t
     /tmp/ccqiEoki.s:89     .text.PWR_PVDLevelConfig:00000000 PWR_PVDLevelConfig
     /tmp/ccqiEoki.s:120    .text.PWR_PVDLevelConfig:00000010 $d
     /tmp/ccqiEoki.s:125    .text.PWR_PVDCmd:00000000 $t
     /tmp/ccqiEoki.s:131    .text.PWR_PVDCmd:00000000 PWR_PVDCmd
     /tmp/ccqiEoki.s:149    .text.PWR_PVDCmd:00000008 $d
     /tmp/ccqiEoki.s:154    .text.PWR_WakeUpPinCmd:00000000 $t
     /tmp/ccqiEoki.s:160    .text.PWR_WakeUpPinCmd:00000000 PWR_WakeUpPinCmd
     /tmp/ccqiEoki.s:178    .text.PWR_WakeUpPinCmd:00000008 $d
     /tmp/ccqiEoki.s:183    .text.PWR_BackupRegulatorCmd:00000000 $t
     /tmp/ccqiEoki.s:189    .text.PWR_BackupRegulatorCmd:00000000 PWR_BackupRegulatorCmd
     /tmp/ccqiEoki.s:207    .text.PWR_BackupRegulatorCmd:00000008 $d
     /tmp/ccqiEoki.s:212    .text.PWR_MainRegulatorModeConfig:00000000 $t
     /tmp/ccqiEoki.s:218    .text.PWR_MainRegulatorModeConfig:00000000 PWR_MainRegulatorModeConfig
     /tmp/ccqiEoki.s:249    .text.PWR_MainRegulatorModeConfig:00000010 $d
     /tmp/ccqiEoki.s:254    .text.PWR_OverDriveCmd:00000000 $t
     /tmp/ccqiEoki.s:260    .text.PWR_OverDriveCmd:00000000 PWR_OverDriveCmd
     /tmp/ccqiEoki.s:278    .text.PWR_OverDriveCmd:00000008 $d
     /tmp/ccqiEoki.s:283    .text.PWR_OverDriveSWCmd:00000000 $t
     /tmp/ccqiEoki.s:289    .text.PWR_OverDriveSWCmd:00000000 PWR_OverDriveSWCmd
     /tmp/ccqiEoki.s:307    .text.PWR_OverDriveSWCmd:00000008 $d
     /tmp/ccqiEoki.s:312    .text.PWR_UnderDriveCmd:00000000 $t
     /tmp/ccqiEoki.s:318    .text.PWR_UnderDriveCmd:00000000 PWR_UnderDriveCmd
     /tmp/ccqiEoki.s:351    .text.PWR_UnderDriveCmd:0000001c $d
     /tmp/ccqiEoki.s:356    .text.PWR_MainRegulatorLowVoltageCmd:00000000 $t
     /tmp/ccqiEoki.s:362    .text.PWR_MainRegulatorLowVoltageCmd:00000000 PWR_MainRegulatorLowVoltageCmd
     /tmp/ccqiEoki.s:391    .text.PWR_MainRegulatorLowVoltageCmd:00000014 $d
     /tmp/ccqiEoki.s:396    .text.PWR_LowRegulatorLowVoltageCmd:00000000 $t
     /tmp/ccqiEoki.s:402    .text.PWR_LowRegulatorLowVoltageCmd:00000000 PWR_LowRegulatorLowVoltageCmd
     /tmp/ccqiEoki.s:431    .text.PWR_LowRegulatorLowVoltageCmd:00000014 $d
     /tmp/ccqiEoki.s:436    .text.PWR_FlashPowerDownCmd:00000000 $t
     /tmp/ccqiEoki.s:442    .text.PWR_FlashPowerDownCmd:00000000 PWR_FlashPowerDownCmd
     /tmp/ccqiEoki.s:460    .text.PWR_FlashPowerDownCmd:00000008 $d
     /tmp/ccqiEoki.s:465    .text.PWR_EnterSTOPMode:00000000 $t
     /tmp/ccqiEoki.s:471    .text.PWR_EnterSTOPMode:00000000 PWR_EnterSTOPMode
     /tmp/ccqiEoki.s:557    .text.PWR_EnterSTOPMode:00000030 $d
     /tmp/ccqiEoki.s:565    .text.PWR_EnterUnderDriveSTOPMode:00000000 $t
     /tmp/ccqiEoki.s:571    .text.PWR_EnterUnderDriveSTOPMode:00000000 PWR_EnterUnderDriveSTOPMode
     /tmp/ccqiEoki.s:656    .text.PWR_EnterUnderDriveSTOPMode:00000030 $d
     /tmp/ccqiEoki.s:664    .text.PWR_EnterSTANDBYMode:00000000 $t
     /tmp/ccqiEoki.s:670    .text.PWR_EnterSTANDBYMode:00000000 PWR_EnterSTANDBYMode
     /tmp/ccqiEoki.s:710    .text.PWR_EnterSTANDBYMode:00000018 $d
     /tmp/ccqiEoki.s:716    .text.PWR_GetFlagStatus:00000000 $t
     /tmp/ccqiEoki.s:722    .text.PWR_GetFlagStatus:00000000 PWR_GetFlagStatus
     /tmp/ccqiEoki.s:755    .text.PWR_GetFlagStatus:00000010 $d
     /tmp/ccqiEoki.s:760    .text.PWR_ClearFlag:00000000 $t
     /tmp/ccqiEoki.s:766    .text.PWR_ClearFlag:00000000 PWR_ClearFlag
     /tmp/ccqiEoki.s:787    .text.PWR_ClearFlag:0000000c $d

UNDEFINED SYMBOLS
ARM GAS  /tmp/ccqiEoki.s 			page 42


RCC_APB1PeriphResetCmd
